2.725993849151399218e+01,2.738357961697891341e+01,2.750536169483401139e+01,2.762433319588199154e+01,2.773952547897266996e+01,2.784996561332317100e+01,2.795468987439318553e+01,2.805275766373332758e+01,2.814326558355034535e+01,2.822536138407211936e+01,2.829825749687126191e+01,2.836124387060716856e+01,2.841369983739676996e+01,2.845510475816705664e+01,2.848504722352999963e+01,2.850323262231807675e+01,2.850948893201502798e+01,2.850377063274869371e+01,2.848616069789319383e+01,2.845687066808412524e+01,2.841623886986535652e+01,2.836472689344344644e+01,2.830291449425567052e+01,2.823149312838225455e+01,2.815125837041194146e+01,2.806310149244070828e+01,2.796800050280896244e+01,2.786701095149160778e+01,2.776125680449444033e+01,2.765192167119761990e+01,2.754024063567936054e+01,2.742749289542661728e+01,2.731499534878122759e+01,2.720409719688621664e+01,2.709617553842380033e+01,2.699263183855750725e+01,2.689488905062813018e+01,2.680438906473817795e+01,2.672259005683705269e+01,2.665096322168146159e+01,2.659098830025758531e+01,2.654414726456085205e+01,2.651191550773933869e+01,2.649574991272552182e+01,2.649707324365272143e+01,2.651725442571956393e+01,2.655758445220824981e+01,2.661924788019731380e+01,2.670329014332789797e+01,2.681058121072687328e+01,2.694177644154679641e+01,2.709727580636985422e+01,2.727718294870452809e+01,2.748126581892961440e+01,2.770892080606521901e+01,2.795914239812105606e+01,2.823050040164057606e+01,2.852112663322479591e+01,2.882871275540284017e+01,2.915052056984743345e+01,2.948340561529136750e+01,2.982385436706689674e+01,3.016803472917509410e+01,3.051185888327705698e+01,3.085105695040643781e+01,3.118125936932901610e+01,3.149808543634238589e+01,3.179723511516316492e+01,3.207458103429627272e+01,3.232625755464901829e+01,3.254874391276136691e+01,3.273893871447420878e+01,3.289422344981912971e+01,3.301251319409659857e+01,3.309229321888759756e+01,3.313264082415777523e+01,3.313323228341099025e+01,3.309433533627198898e+01,3.301678814090346492e+01,3.290196599351682494e+01,3.275173742308383851e+01,3.256841147315552121e+01,3.235467809333020739e+01,3.211354358976956291e+01,3.184826304036499067e+01,3.156227148071531730e+01,3.125911552714788399e+01,3.094238693647799820e+01,3.061565942064986956e+01,3.028242984662301751e+01,2.994606476376801396e+01,2.960975301597587261e+01,2.927646501507388521e+01,2.894891907619024352e+01,2.862955504419491604e+01,2.832051527327186591e+01,2.802363285976498730e+01,2.774042687337382773e+01,2.747210418622569605e+01,2.721956736678481903e+01
2.752697265425675255e+01,2.766522351188293172e+01,2.780139574879258646e+01,2.793442542104254045e+01,2.806322945277284830e+01,2.818671997336020141e+01,2.830381940747972180e+01,2.841347603891888340e+01,2.851467974696821273e+01,2.860647760003364937e+01,2.868798898558364385e+01,2.875841995920683658e+01,2.881707650866433923e+01,2.886337645131244400e+01,2.889685971475780590e+01,2.891719679038158475e+01,2.892419519641395098e+01,2.891780384025827644e+01,2.889811522720732029e+01,2.886536552280696100e+01,2.881993253699104329e+01,2.876233175770636308e+01,2.869321061798370920e+01,2.861334123119269535e+01,2.852361187248848395e+01,2.842501751825014722e+01,2.831864977778872117e+01,2.820568656112185479e+01,2.808738182176038123e+01,2.796505569312319395e+01,2.784008530065734277e+01,2.771389647872330642e+01,2.758795655211334008e+01,2.746376825769738161e+01,2.734286478394891873e+01,2.722680579775383336e+01,2.711717421276807372e+01,2.701557333662044869e+01,2.692362392155429163e+01,2.684296054183760205e+01,2.677522663949285331e+01,2.672206752620267523e+01,2.668512061230392973e+01,2.666600216170531823e+01,2.666628995116167289e+01,2.668750134828022880e+01,2.673106651658910238e+01,2.679829670584250323e+01,2.689034788492052286e+01,2.700818031185986001e+01,2.715251499458479145e+01,2.732378835629437930e+01,2.752210675726755795e+01,2.774720281410752420e+01,2.799839567199999024e+01,2.827455750118584987e+01,2.857408848554313963e+01,2.889490243534466174e+01,2.923442488261082417e+01,2.958960511035094854e+01,2.995694304094562810e+01,3.033253128846414626e+01,3.071211199803007474e+01,3.109114739220918722e+01,3.146490226325492401e+01,3.182853603467942349e+01,3.217720150654133704e+01,3.250614702991440197e+01,3.281081865153774402e+01,3.308695874235014855e+01,3.333069777354558028e+01,3.353863621852553223e+01,3.370791401501935525e+01,3.383626558610223611e+01,3.392205905334647298e+01,3.396431893888630071e+01,3.396273230574046664e+01,3.391763889145704525e+01,3.383000631985487416e+01,3.370139190857430123e+01,3.353389291470443112e+01,3.333008727426447138e+01,3.309296699903966754e+01,3.282586640771367570e+01,3.253238730310013693e+01,3.221632308130523370e+01,3.188158358962626693e+01,3.153212235407022845e+01,3.117186758794427348e+01,3.080465818002532430e+01,3.043418565091250017e+01,3.006394286278887051e+01,2.969718007210653354e+01,2.933686872632881659e+01,2.898567322392517198e+01,2.864593068066064419e+01,2.831963857501564874e+01,2.800844998262176944e+01,2.771367595640666082e+01,2.743629446920805393e+01
2.781586670134571548e+01,2.796992338416619717e+01,2.812166393422359079e+01,2.826990279800466865e+01,2.841343310596468541e+01,2.855104264861175523e+01,2.868153069132454291e+01,2.880372531673857850e+01,2.891650095897818318e+01,2.901879577818386480e+01,2.910962851759269654e+01,2.918811448947908360e+01,2.925348035083731091e+01,2.930507735471569930e+01,2.934239279816518220e+01,2.936505943205538927e+01,2.937286265040899380e+01,2.936574533596670022e+01,2.934381030269989665e+01,2.930732034298434385e+01,2.925669595500622577e+01,2.919251089243734398e+01,2.911548574116838140e+01,2.902647978459572897e+01,2.892648146732949499e+01,2.881659780503474622e+01,2.869804311339060021e+01,2.857212744000988636e+01,2.844024507802714297e+01,2.830386351768629893e+01,2.816451315180951909e+01,2.802377799218677268e+01,2.788328757700829996e+01,2.774471015555373654e+01,2.760974712745303350e+01,2.748012859300702360e+01,2.735760974254963784e+01,2.724396768217412657e+01,2.714099816714730551e+01,2.705051160102199148e+01,2.697432756684232658e+01,2.691426709656145277e+01,2.687214186558201234e+01,2.684973953030130289e+01,2.684880451534545642e+01,2.687101370905862652e+01,2.691794674265150178e+01,2.699105080781989940e+01,2.709160030225153193e+01,2.722065196948627630e+01,2.737899660092710974e+01,2.756710877036031349e+01,2.778509644822607072e+01,2.803265266491203889e+01,2.830901163015540689e+01,2.861291184208562299e+01,2.894256871215820581e+01,2.929565907611872788e+01,2.966931965047361075e+01,3.006016103388576610e+01,3.046429826014389164e+01,3.087739821173432730e+01,3.129474343820004378e+01,3.171131113636002752e+01,3.212186528911167471e+01,3.252105927521035511e+01,3.290354569957127495e+01,3.326408979007750588e+01,3.359768248951438352e+01,3.389964935378048239e+01,3.416575154931446434e+01,3.439227560895673719e+01,3.457610912881904852e+01,3.471480023173010920e+01,3.480659934145989354e+01,3.485048255956085228e+01,3.484615666798634948e+01,3.479404645525579554e+01,3.469526564923275913e+01,3.455157321267057569e+01,3.436531710618216806e+01,3.413936784508344857e+01,3.387704427854056632e+01,3.358203401559998724e+01,3.325831083167688007e+01,3.291005123180432435e+01,3.254155214417642128e+01,3.215715148800218515e+01,3.176115311882198355e+01,3.135775741358170166e+01,3.095099852414923802e+01,3.054468910518365021e+01,3.014237311109161510e+01,2.974728705621920710e+01,2.936232994070670443e+01,2.899004186009231177e+01,2.863259113924457466e+01,2.829176966133477933e+01,2.796899590257013202e+01,2.766532503677523636e+01
2.812702445237215088e+01,2.829810519105370048e+01,2.846661402784187800e+01,2.863123443788652267e+01,2.879062622950485206e+01,2.894344328564206847e+01,2.908835223647939117e+01,2.922405171753550945e+01,2.934929184030943716e+01,2.946289348490860149e+01,2.956376701719739231e+01,2.965093003746437006e+01,2.972352378375456539e+01,2.978082784077066236e+01,2.982227284413763968e+01,2.984745091897790559e+01,2.985612364990603851e+01,2.984822744512501203e+01,2.982387622838159302e+01,2.978336146695615128e+01,2.972714961925956700e+01,2.965587715949046199e+01,2.957034340659538429e+01,2.947150144788747284e+01,2.936044750157485339e+01,2.923840910469297683e+01,2.910673254125134335e+01,2.896686993774172691e+01,2.882036644774681378e+01,2.866884792283412153e+01,2.851400942227465052e+01,2.835760484901418010e+01,2.820143791407071276e+01,2.804735452731692646e+01,2.789723659162875791e+01,2.775299704302665305e+01,2.761657583641810731e+01,2.748993643101245254e+01,2.737506218901453536e+01,2.727395197476458932e+01,2.718861413914945047e+01,2.712105800664626543e+01,2.707328196066314163e+01,2.704725725711891826e+01,2.704490679503243555e+01,2.706807824215482938e+01,2.711851115548301294e+01,2.719779804816048951e+01,2.730733972753701977e+01,2.744829564970438440e+01,2.762153048328173099e+01,2.782755852372931926e+01,2.806648801885013711e+01,2.833796782370120937e+01,2.864113906599815706e+01,2.897459464090631442e+01,2.933634934193568000e+01,2.972382325576218420e+01,3.013384069702725299e+01,3.056264644061502622e+01,3.100594034262856269e+01,3.145893065888891016e+01,3.191640551379626700e+01,3.237282109352436521e+01,3.282240429093558731e+01,3.325926677060493830e+01,3.367752680179501112e+01,3.407143476724096587e+01,3.443549802588118780e+01,3.476460080291283816e+01,3.505411499925230601e+01,3.529999823717955820e+01,3.549887605797556489e+01,3.564810591784537763e+01,3.574582144023857921e+01,3.579095622292687295e+01,3.578324731569656336e+01,3.572321923387295328e+01,3.561215001776501055e+01,3.545202136332891740e+01,3.524545522177889723e+01,3.499563949411270158e+01,3.470624553941328827e+01,3.438134019018797005e+01,3.402529484600726306e+01,3.364269402277724197e+01,3.323824549329344080e+01,3.281669388696052891e+01,3.238273934038773660e+01,3.194096251884028348e+01,3.149575706922713891e+01,3.105127032207702698e+01,3.061135283308547272e+01,3.017951714245129224e+01,2.975890592962085535e+01,2.935226954971752633e+01,2.896195275442265071e+01,2.858989022454549911e+01,2.823761037584117162e+01,2.790624674719661158e+01
2.846065341957272210e+01,2.864998785407115989e+01,2.883647620748208951e+01,2.901866153838460605e+01,2.919506072013462017e+01,2.936418407539897046e+01,2.952455604090094354e+01,2.967473647972551021e+01,2.981334222829413250e+01,2.993906844560441272e+01,3.005070932464869315e+01,3.014717773082704610e+01,3.022752335000161850e+01,3.029094895951833166e+01,3.033682447852488195e+01,3.036469850827715788e+01,3.037430713746978483e+01,3.036557986018206279e+01,3.033864253269472755e+01,3.029381737781609019e+01,3.023162012885219241e+01,3.015275448720473861e+01,3.005810414493990734e+01,2.994872269368177697e+01,2.982582180103645797e+01,2.969075808274958916e+01,2.954501913041930905e+01,2.939020916854778420e+01,2.922803480904896389e+01,2.906029134446858109e+01,2.888884997204465321e+01,2.871564626889968252e+01,2.854267014443952988e+01,2.837195738071645934e+01,2.820558273750541289e+01,2.804565444987199285e+01,2.789430978729305366e+01,2.775371118173735496e+01,2.762604227596169792e+01,2.751350310258895249e+01,2.741830349053161342e+01,2.734265372003517314e+01,2.728875142319542135e+01,2.725876376465906503e+01,2.725480404693393410e+01,2.727890207289668467e+01,2.733296786705037817e+01,2.741874870385555241e+01,2.753777980678798087e+01,2.769132954964057447e+01,2.788034048919121588e+01,2.810536805676565564e+01,2.836651920168629459e+01,2.866339367556551920e+01,2.899503093615226135e+01,2.935986579912496097e+01,2.975569594811285512e+01,3.017966420882900991e+01,3.062825809591609172e+01,3.109732855810293017e+01,3.158212910025312681e+01,3.207737558561216673e+01,3.257732606598459313e+01,3.307587900873254938e+01,3.356668734930411091e+01,3.404328495839478563e+01,3.449922143060055646e+01,3.492820062331486497e+01,3.532421813333952798e+01,3.568169290993932208e+01,3.599558846429286518e+01,3.626151962594953915e+01,3.647584148052932562e+01,3.663571795054564006e+01,3.673916839595097628e+01,3.678509155295201083e+01,3.677326704115738210e+01,3.670433549934233497e+01,3.657975911861402096e+01,3.640176490094201966e+01,3.617327336705756125e+01,3.589781567012892083e+01,3.557944215152772927e+01,3.522262532257031609e+01,3.483216009735140517e+01,3.441306386522933991e+01,3.397047870519156021e+01,3.350957773320894262e+01,3.303547725798332380e+01,3.255315611472369142e+01,3.206738325952850488e+01,3.158265444225896346e+01,3.110313853314024257e+01,3.063263385484474810e+01,3.017453466352720426e+01,2.973180772545163109e+01,2.930697874796407376e+01,2.890212824395454660e+01,2.851889623898702197e+01,2.815849507317622269e+01
2.881674015156571045e+01,2.902555725632733896e+01,2.923123572399898151e+01,2.943216876192249387e+01,2.962672070718402395e+01,2.981324868194057842e+01,2.999012538466644884e+01,3.015576259516058499e+01,3.030863493777354734e+01,3.044730342575450521e+01,3.057043830110757554e+01,3.067684068971052014e+01,3.076546261107189650e+01,3.083542491589605916e+01,3.088603277201312025e+01,3.091678837915510769e+01,3.092740066399997900e+01,3.091779178691850660e+01,3.088810037862837632e+01,3.083868151585759065e+01,3.077010353727536440e+01,3.068314189132571101e+01,3.057877029306617089e+01,3.045814954452127665e+01,3.032261443930951117e+01,3.017365922441613790e+01,3.001292212717426722e+01,2.984216947125475627e+01,2.966327989956431921e+01,2.947822919265511388e+01,2.928907611735050409e+01,2.909794966126861837e+01,2.890703790510866966e+01,2.871857865733152693e+01,2.853485182784682195e+01,2.835817335261160466e+01,2.819089030539925034e+01,2.803537665394570411e+01,2.789402894457060000e+01,2.776926104326123479e+01,2.766349693457090098e+01,2.757916049590117424e+01,2.751866113734890718e+01,2.748437423901276233e+01,2.747861543916405225e+01,2.750360803533592247e+01,2.756144305880806300e+01,2.765403196781966955e+01,2.778305236580786541e+01,2.794988767015707509e+01,2.815556220891076222e+01,2.840067377534667514e+01,2.868532618559557434e+01,2.900906482183931701e+01,2.937081846214439551e+01,2.976885086001948366e+01,3.020072551156959406e+01,3.066328681527249955e+01,3.115266038188782360e+01,3.166427459820683055e+01,3.219290471291400024e+01,3.273273973610309184e+01,3.327747137990763804e+01,3.382040318026070480e+01,3.435457689831964245e+01,3.487291237373963071e+01,3.536835625397863225e+01,3.583403450599879392e+01,3.626340336497064243e+01,3.665039340561081360e+01,3.698954173171896542e+01,3.727610784430754620e+01,3.750616952659604664e+01,3.767669601933652501e+01,3.778559678794469079e+01,3.783174523620463958e+01,3.781497773510646709e+01,3.773606925280474655e+01,3.759668764790833961e+01,3.739932929315756382e+01,3.714723911554157354e+01,3.684431837271220900e+01,3.649502354797587600e+01,3.610425966114175367e+01,3.567727109051980960e+01,3.521953271555082665e+01,3.473664385226786067e+01,3.423422709372918860e+01,3.371783380775886485e+01,3.319285770114331768e+01,3.266445754247753541e+01,3.213748984874094816e+01,3.161645208233822046e+01,3.110543667165547888e+01,3.060809595372561276e+01,3.012761793714214775e+01,2.966671259309205766e+01,2.922760820061388642e+01,2.881205709965686523e+01,2.842135004517157526e+01
2.919502689170048626e+01,2.942454162673829643e+01,2.965060703148560606e+01,2.987145714201565738e+01,3.008529427548365476e+01,3.029031283262744978e+01,3.048472434846507895e+01,3.066678332703668275e+01,3.083481335931120881e+01,3.098723299964255773e+01,3.112258086676096980e+01,3.123953944113478798e+01,3.133695705205737170e+01,3.141386758491179165e+01,3.146950749110781231e+01,3.150332974901601446e+01,3.151501450217417144e+01,3.150447618898158808e+01,3.147186707348685530e+01,3.141757718683195577e+01,3.134223079029250059e+01,3.124667957031790166e+01,3.113199287008939820e+01,3.099944534741958790e+01,3.085050252190734099e+01,3.068680473186244484e+01,3.051015006054752376e+01,3.032247680896147202e+01,3.012584608627785343e+01,2.992242505719966061e+01,2.971447132653519674e+01,2.950431885462789694e+01,2.929436568320986467e+01,2.908706361127113382e+01,2.888490979750697463e+01,2.869044008431067283e+01,2.850622364444167900e+01,2.833485835372473360e+01,2.817896610175664662e+01,2.804118707985286818e+01,2.792417194518505852e+01,2.783057066709269378e+01,2.776301683093610251e+01,2.772410622072563768e+01,2.771636863600441458e+01,2.774223212925770099e+01,2.780397918040336336e+01,2.790369475096943219e+01,2.804320667089381658e+01,2.822401938557346668e+01,2.844724270151403189e+01,2.871351777973361408e+01,2.902294319505186238e+01,2.937500436121956682e+01,2.976850997105019303e+01,3.020153927552429707e+01,3.067140399221245062e+01,3.117462836889452404e+01,3.170695042546875442e+01,3.226334666590169320e+01,3.283808161998619113e+01,3.342478248745102576e+01,3.401653797500258491e+01,3.460601921179468832e+01,3.518561947804091261e+01,3.574760846205888498e+01,3.628429594318857454e+01,3.678819923904722344e+01,3.725220849473804208e+01,3.766974394663300529e+01,3.803489965878767975e+01,3.834256887795037017e+01,3.858854703564838928e+01,3.876960947970461291e+01,3.888356216988782421e+01,3.892926474724224306e+01,3.890662651136226913e+01,3.881657685107537503e+01,3.866101252204870065e+01,3.844272481685568721e+01,3.816531011397364637e+01,3.783306752410313578e+01,3.745088739201602834e+01,3.702413428812805307e+01,3.655852787162904605e+01,3.606002466464187961e+01,3.553470338174257392e+01,3.498865604410138985e+01,3.442788669867902485e+01,3.385821917871558639e+01,3.328521499269388073e+01,3.271410211853735461e+01,3.214971520603015875e+01,3.159644744775603797e+01,3.105821416007753655e+01,3.053842791384542465e+01,3.003998486425691539e+01,2.956526174766817761e+01,2.911612284013121865e+01,2.869393601054568421e+01
2.959499019584908552e+01,2.984638899133495826e+01,3.009401009074332833e+01,3.033591926679045514e+01,3.057014756626312035e+01,3.079471738326403596e+01,3.100766989934520979e+01,3.120709338195035443e+01,3.139115179231714592e+01,3.155811312794526202e+01,3.170637691439203465e+01,3.183450026751196660e+01,3.194122197077705394e+01,3.202548405289878986e+01,3.208645040793381042e+01,3.212352207212817490e+01,3.213634885711944378e+01,3.212483713544472153e+01,3.208915367881874658e+01,3.202972555920056408e+01,3.194723623381874233e+01,3.184261804442898125e+01,3.171704146437562244e+01,3.157190152073205169e+01,3.140880189917351117e+01,3.122953730269320971e+01,3.103607467843072598e+01,3.083053394666010405e+01,3.061516885970138802e+01,3.039234858399392536e+01,3.016454053427357351e+01,2.993429489401295029e+01,2.970423113132580539e+01,2.947702666597731636e+01,2.925540766408632010e+01,2.904214173745036831e+01,2.884003211110254838e+01,2.865191260485428870e+01,2.848064256357780977e+01,2.832910068035111806e+01,2.820017650161611655e+01,2.809675830062723279e+01,2.802171597135725278e+01,2.797787764534873389e+01,2.796799888195207018e+01,2.799472353705289507e+01,2.806053578002528681e+01,2.816770319912957632e+01,2.831821149914419422e+01,2.851369192956235210e+01,2.875534325573034522e+01,2.904385075893144830e+01,2.937930537810833087e+01,2.976112663537728054e+01,3.018799336932075761e+01,3.065778648800818473e+01,3.116754791021807947e+01,3.171345956384525522e+01,3.229084574707505340e+01,3.289420134189833789e+01,3.351724733245331578e+01,3.415301387346550399e+01,3.479394984440834548e+01,3.543205649286893788e+01,3.605904150222613680e+01,3.666648869976537384e+01,3.724603772956523784e+01,3.778956741305823641e+01,3.828937625195701600e+01,3.873835361191801496e+01,3.913013555365758123e+01,3.945924001882646337e+01,3.972117707624266103e+01,3.991253111848103430e+01,4.003101318722326596e+01,4.007548291290272147e+01,4.004594079886207680e+01,3.994349269195564034e+01,3.977028920550274904e+01,3.952944356098982581e+01,3.922493177637122130e+01,3.886147935502096828e+01,3.844443864080596995e+01,3.797966083457475861e+01,3.747336635672380112e+01,3.693201683359852439e+01,3.636219152497620399e+01,3.577047053322296932e+01,3.516332667159041137e+01,3.454702744011625981e+01,3.392754817417600322e+01,3.331049709620153720e+01,3.270105271235632216e+01,3.210391374575493018e+01,3.152326157694617237e+01,3.096273496182008245e+01,3.042541660962304206e+01,2.991383102500657643e+01,2.942995284692070612e+01,2.897522475577178724e+01
3.001582217255965190e+01,3.029024739086962725e+01,3.056054958097898577e+01,3.082461750957814672e+01,3.108030205980736937e+01,3.132544469443206836e+01,3.155790741077398565e+01,3.177560363204386817e+01,3.197652943571436168e+01,3.215879449108997079e+01,3.232065206688317716e+01,3.246052747648469250e+01,3.257704435423325862e+01,3.266904820023760436e+01,3.273562669343565545e+01,3.277612635121695916e+01,3.279016520710321458e+01,3.277764128314476011e+01,3.273873674782459631e+01,3.267391776993599706e+01,3.258393020036587018e+01,3.246979133300241926e+01,3.233277810899348736e+01,3.217441223117823768e+01,3.199644274362372087e+01,3.180082670088637542e+01,3.158970859918174412e+01,3.136539926370062048e+01,3.113035487989285954e+01,3.088715681923563494e+01,3.063849284009111429e+01,3.038714014090974302e+01,3.013595060653361557e+01,2.988783842037502936e+01,2.964577001913731991e+01,2.941275614784154513e+01,2.919184553880029398e+01,2.898611949885717820e+01,2.879868645720499742e+01,2.863267531629068330e+01,2.849122627757573767e+01,2.837747770039834805e+01,2.829454751429834047e+01,2.824550776025208165e+01,2.823335099893217048e+01,2.826094760441263887e+01,2.833099336330473861e+01,2.844594731756909312e+01,2.860796041007445467e+01,2.881879619085965771e+01,2.907974558414397137e+01,2.939153845719836511e+01,2.975425542072362362e+01,3.016724387072074620e+01,3.062904269825639147e+01,3.113732029496287268e+01,3.168883042720078436e+01,3.227939021367688355e+01,3.290388381163592868e+01,3.355629450857665574e+01,3.422976676527591167e+01,3.491669841877676816e+01,3.560886180644472887e+01,3.629755110324003198e+01,3.697375176983037193e+01,3.762832678401213116e+01,3.825221335810122270e+01,3.883662319996251711e+01,3.937323910183933862e+01,3.985440075870036480e+01,4.027327321709483243e+01,4.062399219909516290e+01,4.090178167184467384e+01,4.110304036071951828e+01,4.122539534093043301e+01,4.126772229306487816e+01,4.123013338210353140e+01,4.111393493858334125e+01,4.092155812452478614e+01,4.065646651674838097e+01,4.032304502032963711e+01,3.992647474101024585e+01,3.947259842193210488e+01,3.896778082581613489e+01,3.841876806616629381e+01,3.783254941093347412e+01,3.721622454805824987e+01,3.657687875700577251e+01,3.592146790734554429e+01,3.525671472762757475e+01,3.458901736772332924e+01,3.392437091845585684e+01,3.326830224936044544e+01,3.262581826952153108e+01,3.200136749608244457e+01,3.139881461881709157e+01,3.082142756770583958e+01,3.027187641767753590e+01,2.975224329829422132e+01,2.926404231760548669e+01
3.045641500937939128e+01,3.075494856486472628e+01,3.104899775566744324e+01,3.133626607749886617e+01,3.161441584466090760e+01,3.188109915629564384e+01,3.213399048511185896e+01,3.237082028422389612e+01,3.258940895981208996e+01,3.278770052626969544e+01,3.296379524809361072e+01,3.311598058019442448e+01,3.324275974610558393e+01,3.334287734164735184e+01,3.341534141914397793e+01,3.345944159280931984e+01,3.347476280726115760e+01,3.346119452554734863e+01,3.341893521728864869e+01,3.334849215783960830e+01,3.325067668167120161e+01,3.312659516317265229e+01,3.297763612130081867e+01,3.280545395647819618e+01,3.261194992441708251e+01,3.239925102783627864e+01,3.216968755929117663e+01,3.192577005284553593e+01,3.167016639581518689e+01,3.140567981163214739e+01,3.113522834908793868e+01,3.086182640085230844e+01,3.058856862548105227e+01,3.031861646388754750e+01,3.005518722706674239e+01,2.980154549250941187e+01,2.956099629049079169e+01,2.933687929921725157e+01,2.913256301339265875e+01,2.895143762047235114e+01,2.879690513125976636e+01,2.867236518656476107e+01,2.858119491969207360e+01,2.852672131469262240e+01,2.851218467872382689e+01,2.854069215464222253e+01,2.861516064109988022e+01,2.873824905690176124e+01,2.891228056859296558e+01,2.913915616810650988e+01,2.942026180229155941e+01,2.975637206939461166e+01,3.014755425217926188e+01,3.059307709189517865e+01,3.109132916027083127e+01,3.163975190187161246e+01,3.223479235109602570e+01,3.287188014745729703e+01,3.354543277090555620e+01,3.424889191076832162e+01,3.497479260727943284e+01,3.571486532729884544e+01,3.646016953977969166e+01,3.720125574068011076e+01,3.792835134757425664e+01,3.863156454617196545e+01,3.930109911910464149e+01,3.992747259788374947e+01,4.050172980256819955e+01,4.101564399081254209e+01,4.146189841681716359e+01,4.183424205829574305e+01,4.212761453574665893e+01,4.233823673216355132e+01,4.246366521951289741e+01,4.250281020427283352e+01,4.245591821741371064e+01,4.232452210780044766e+01,4.211136198588405932e+01,4.182028156484403780e+01,4.145610484283788821e+01,4.102449827093226276e+01,4.053182348579426986e+01,3.998498539924923989e+01,3.939127998296233102e+01,3.875824552370737308e+01,3.809352050840870163e+01,3.740471067662575422e+01,3.669926718917217556e+01,3.598437733077691547e+01,3.526686870560885012e+01,3.455312749973952435e+01,3.384903106831574604e+01,3.315989484577740143e+01,3.249043336064859488e+01,3.184473494809714111e+01,3.122624958172897180e+01,3.063778908284339764e+01,3.008153880692590931e+01,2.955907975414302413e+01
3.091534943107697586e+01,3.123899578316692072e+01,3.155778165844666816e+01,3.186921762790571222e+01,3.217076965617533091e+01,3.245989267624415220e+01,3.273406592280921501e+01,3.299082936880387251e+01,3.322782055762307607e+01,3.344281108984266382e+01,3.363374200970544337e+01,3.379875734461631964e+01,3.393623508096048624e+01,3.404481491161572393e+01,3.412342216370296910e+01,3.417128740779963891e+01,3.418796135970726624e+01,3.417332480994750910e+01,3.412759345091286889e+01,3.405131761299232096e+01,3.394537706462573112e+01,3.381097117244384265e+01,3.364960485159770798e+01,3.346307085819930904e+01,3.325342908066470216e+01,3.302298357000684348e+01,3.277425810635416070e+01,3.250997112611582907e+01,3.223301082769465609e+01,3.194641123050618958e+01,3.165332988014527515e+01,3.135702777073510106e+01,3.106085189400164737e+01,3.076822062529263135e+01,3.048261192347141701e+01,3.020755406061990556e+01,2.994661831775815131e+01,2.970341279628627618e+01,2.948157621658407379e+01,2.928477032308098060e+01,2.911666930949462184e+01,2.898094454080007409e+01,2.888124280217406081e+01,2.882115637071568059e+01,2.880418340095442886e+01,2.883367745227135970e+01,2.891278546980647235e+01,2.904437415466865957e+01,2.923094540709910305e+01,2.947454236782307291e+01,2.977664847569195672e+01,3.013808285000867926e+01,3.055889613094546320e+01,3.103827160352664549e+01,3.157443692211987596e+01,3.216459198146548459e+01,3.280485839718861740e+01,3.349025563156997976e+01,3.421470802001966405e+01,3.497108583733709963e+01,3.575128213506656749e+01,3.654632545296240664e+01,3.734652675210487871e+01,3.814165714408668606e+01,3.892115131736689904e+01,3.967433010417740746e+01,4.039063449351845492e+01,4.105986266119862904e+01,4.167240131144953352e+01,4.221944282757600320e+01,4.269318039678422139e+01,4.308697435761497729e+01,4.339548443809975709e+01,4.361476420688518374e+01,4.374231583268633017e+01,4.377710502087929001e+01,4.371953765816876825e+01,4.357140115145435288e+01,4.333577462271010461e+01,4.301691297274200565e+01,4.262011033677237037e+01,4.215154863493850712e+01,4.161813680535988880e+01,4.102734594831297699e+01,4.038704506973805053e+01,3.970534145675003401e+01,3.899042900991799598e+01,3.825044715130663064e+01,3.749335226606041260e+01,3.672680304718362976e+01,3.595806061272496379e+01,3.519390385396445708e+01,3.444056014476483796e+01,3.370365128178133318e+01,3.298815431539841825e+01,3.229837675478784575e+01,3.163794547262790502e+01,3.100980848533432521e+01,3.041624863775619758e+01,2.985890807686524795e+01
3.139088769719092298e+01,3.174055646565383171e+01,3.208497537240984343e+01,3.242145515801050237e+01,3.274725842065826953e+01,3.305963589528277424e+01,3.335586463234221810e+01,3.363328736789566875e+01,3.388935232021584198e+01,3.412165261169705133e+01,3.432796450011975509e+01,3.450628361185966497e+01,3.465485840204012646e+01,3.477222012279913343e+01,3.485720865984559680e+01,3.490899369758278681e+01,3.492709079178291631e+01,3.491137206290555639e+01,3.486207136884377888e+01,3.477978396881471923e+01,3.466546084553917950e+01,3.452039800573898276e+01,3.434622122411212075e+01,3.414486682805684126e+01,3.391855923429076114e+01,3.366978603909150536e+01,3.340127152637282393e+01,3.311594948778054714e+01,3.281693624252260122e+01,3.250750469847514523e+01,3.219106020783230093e+01,3.187111883890468533e+01,3.155128851076372243e+01,3.123525322120800851e+01,3.092676034512765426e+01,3.062961069650466683e+01,3.034765074275022201e+01,3.008476604784202735e+01,2.984487471716163043e+01,2.963191934162193775e+01,2.944985571390936840e+01,2.930263643952549302e+01,2.919418751431156167e+01,2.912837601140332566e+01,2.910896723362944272e+01,2.913957005571533188e+01,2.922356970916580110e+01,2.936404794529824613e+01,2.956369132967736846e+01,2.982468934134812955e+01,3.014862492608214950e+01,3.053636112512544187e+01,3.098792830074220817e+01,3.150241723284011996e+01,3.207788389288531761e+01,3.271127194444244424e+01,3.339835891958169611e+01,3.413373154243589624e+01,3.491079480594694218e+01,3.572181817482412214e+01,3.655802073675211261e+01,3.740969533365266386e+01,3.826636977868221834e+01,3.911700132366990346e+01,3.995019871539809486e+01,4.075446459494198592e+01,4.151844976659475606e+01,4.223121008276677912e+01,4.288245641795982266e+01,4.346278846035651355e+01,4.396390381593284502e+01,4.437877514130927636e+01,4.470178960870884310e+01,4.492884684533794371e+01,4.505741345161969491e+01,4.508653415623415128e+01,4.501680148730765296e+01,4.485028742304731963e+01,4.459044175233052698e+01,4.424196277770458607e+01,4.381064651365473139e+01,4.330322068609981301e+01,4.272716966510373737e+01,4.209055602135913432e+01,4.140184375932004457e+01,4.066972752074630648e+01,3.990297124292627018e+01,3.911025895730541890e+01,3.830005967416683177e+01,3.748050764901913112e+01,3.665929878218615556e+01,3.584360346629564020e+01,3.503999585725015464e+01,3.425439928563204006e+01,3.349204732652275140e+01,3.275745988555208754e+01,3.205443351964385812e+01,3.138604507925315446e+01,3.075466762757854156e+01,3.016199745980235036e+01
3.188097168714691776e+01,3.225746016829782548e+01,3.262829791049853156e+01,3.299058980420033294e+01,3.334138896950449293e+01,3.367773582425203927e+01,3.399669919726022016e+01,3.429541872357173560e+01,3.457114769790506159e+01,3.482129552308734333e+01,3.504346887433543145e+01,3.523551070933642393e+01,3.539553628888657499e+01,3.552196543325109701e+01,3.561355032441478841e+01,3.566939827214696379e+01,3.568898898963144006e+01,3.567218606887346510e+01,3.561924250309462536e+01,3.553080026819915815e+01,3.540788414304096676e+01,3.525189011322271426e+01,3.506456885991162409e+01,3.484800497798268282e+01,3.460459269107651892e+01,3.433700892941016747e+01,3.404818470420738663e+01,3.374127574560461085e+01,3.341963336455216904e+01,3.308677644997806766e+01,3.274636541764176911e+01,3.240217878520073214e+01,3.205809285910594042e+01,3.171806478503829396e+01,3.138611893909303419e+01,3.106633632906358855e+01,3.076284634449173438e+01,3.047981985474814692e+01,3.022146232409700417e+01,2.999200531283149473e+01,2.979569448848408797e+01,2.963677210715075816e+01,2.951945186895447648e+01,2.944788412894832774e+01,2.942610967674676559e+01,2.945800069966795931e+01,2.954718812054228039e+01,2.969697524594360516e+01,2.991023855270426068e+01,3.018931744419385055e+01,3.053589587175713405e+01,3.095087977596692852e+01,3.143427528138219884e+01,3.198507339582276288e+01,3.260114753947209465e+01,3.327917048633681674e+01,3.401455718137624018e+01,3.480143936344319400e+01,3.563267696732573597e+01,3.649990991977780652e+01,3.739365223991099185e+01,3.830342839086756612e+01,3.921794972146313540e+01,4.012532671688245500e+01,4.101331078903518801e+01,4.186955761972605217e+01,4.268190274855172106e+01,4.343863927157684657e+01,4.412878725026602922e+01,4.474234474529961858e+01,4.527051126537287473e+01,4.570587579334910799e+01,4.604256332130248097e+01,4.627633586485445960e+01,4.640464609286904363e+01,4.642664385510571634e+01,4.634313788148723035e+01,4.615651664654278363e+01,4.587063375486769701e+01,4.549066415607131120e+01,4.502293802463001526e+01,4.447475925924783269e+01,4.385421531451209631e+01,4.316998454297601029e+01,4.243114647913401427e+01,4.164699962261387611e+01,4.082689035629972807e+01,3.998005573484064001e+01,3.911548205312222137e+01,3.824178038776571498e+01,3.736707971449597210e+01,3.649893774106870836e+01,3.564426924738195623e+01,3.480929147083922004e+01,3.399948589121980547e+01,3.321957563037632610e+01,3.247351756634286346e+01,3.176450815270864680e+01,3.109500182283436942e+01,3.046674074182107717e+01
3.238322654115343369e+01,3.278720242935156648e+01,3.318511726591381716e+01,3.357386509450831369e+01,3.395028449050840180e+01,3.431120048979222759e+01,3.465346871175243848e+01,3.497402085726914578e+01,3.526991069719144889e+01,3.553835962448232522e+01,3.577680082599352573e+01,3.598292113947703541e+01,3.615469969868732392e+01,3.629044253415732868e+01,3.638881238838360588e+01,3.644885311975554743e+01,3.647000820674746535e+01,3.645213301899155312e+01,3.639550069047611203e+01,3.630080160727997196e+01,3.616913670249653023e+01,3.600200492851653422e+01,3.580128544561306825e+01,3.556921521971031552e+01,3.530836285526545026e+01,3.502159959545235779e+01,3.471206849568177688e+01,3.438315281270126178e+01,3.403844464541276693e+01,3.368171481118428545e+01,3.331688483984529370e+01,3.294800181505306114e+01,3.257921658926117914e+01,3.221476564617758953e+01,3.185895658802719055e+01,3.151615689190249725e+01,3.119078522133834497e+01,3.088730421125217518e+01,3.061021328588319079e+01,3.036403974356071345e+01,3.015332607555337319e+01,2.998261130762391957e+01,2.985640409154191133e+01,2.977914535738586821e+01,2.975515858943402137e+01,2.978858622500017006e+01,2.988331130261440194e+01,3.004286429622642274e+01,3.027031604295721223e+01,3.056815876397113385e+01,3.093817833524312988e+01,3.138132211628962409e+01,3.189756770765329819e+01,3.248579889298975587e+01,3.314369564017349035e+01,3.386764530712960664e+01,3.465268205753486086e+01,3.549246089857153663e+01,3.637927169757568180e+01,3.730409704169248641e+01,3.825671593606471532e+01,3.922585318791887943e+01,4.019937202193592185e+01,4.116450516317006247e+01,4.210811746389330779e+01,4.301699129328696358e+01,4.387812449055913078e+01,4.467902981059415879e+01,4.540802453532751315e+01,4.605449930657107416e+01,4.660915623153178444e+01,4.706420784899743381e+01,4.741353051043097366e+01,4.765276798459984775e+01,4.777938347852182233e+01,4.779266062026383821e+01,4.769365612039209879e+01,4.748510869186773675e+01,4.717131026886486467e+01,4.675794656772400515e+01,4.625191456245897115e+01,4.566112452501262453e+01,4.499429396081305299e+01,4.426074013068911484e+01,4.347017698224586013e+01,4.263252131254016319e+01,4.175771193912056845e+01,4.085554464515897877e+01,3.993552474553744958e+01,3.900673833294580106e+01,3.807774262444493729e+01,3.715647533944358116e+01,3.625018268502583396e+01,3.536536527968837618e+01,3.450774118263232282e+01,3.368222508343095001e+01,3.289292262034901171e+01,3.214313871517830279e+01,3.143539872607067309e+01,3.077148112306848304e+01
3.289497022497628365e+01,3.332695486380472261e+01,3.375246103041063606e+01,3.416816808132669081e+01,3.457069616201063411e+01,3.495665105344430401e+01,3.532267136487092785e+01,3.566547719616004031e+01,3.598191932344360566e+01,3.626902791621158428e+01,3.652405977554852257e+01,3.674454309337363611e+01,3.692831877226260673e+01,3.707357741454950428e+01,3.717889118681590332e+01,3.724323988946825637e+01,3.726603070783987448e+01,3.724711128722071862e+01,3.718677595474140674e+01,3.708576510079779354e+01,3.694525792587047164e+01,3.676685894897001816e+01,3.655257885509480786e+01,3.630481042449808626e+01,3.602630042972996449e+01,3.572011850100682295e+01,3.538962404039939713e+01,3.503843230496340766e+01,3.467038077317692313e+01,3.428949685357098787e+01,3.389996788595897215e+01,3.350611422224709912e+01,3.311236595529294391e+01,3.272324359277595818e+01,3.234334265347678183e+01,3.197732180402879720e+01,3.162989376730036639e+01,3.130581783557289199e+01,3.100989243352643854e+01,3.074694582292704581e+01,3.052182275164667757e+01,3.033936465550504735e+01,3.020438095432705339e+01,3.012160907376553354e+01,3.009566109742796769e+01,3.013095542736852295e+01,3.023163251152787723e+01,3.040145457633264670e+01,3.064369035668538643e+01,3.096098700101842383e+01,3.135523258477974196e+01,3.182741391410358034e+01,3.237747545228771884e+01,3.300418615788338172e+01,3.370502168789622743e+01,3.447606970487303357e+01,3.531196586241767932e+01,3.620586738623350698e+01,3.714947000692865231e+01,3.813307236466486927e+01,3.914568996237183285e+01,4.017521839974796194e+01,4.120864311279936487e+01,4.223229033408416200e+01,4.323211164831430864e+01,4.419399251387108052e+01,4.510407360198959026e+01,4.594907288867352690e+01,4.671659619346738168e+01,4.739542431722445315e+01,4.797576605799200422e+01,4.844946809930577558e+01,4.881017494411536006e+01,4.905343455346468318e+01,4.917674796696807249e+01,4.917956375451068851e+01,4.906322051065771461e+01,4.883084261640169643e+01,4.848719605505094421e+01,4.803851212094299683e+01,4.749228738634629110e+01,4.685706832019792500e+01,4.614222854421912245e+01,4.535774595534992670e+01,4.451398594124848529e+01,4.362149577456352745e+01,4.269081409221033852e+01,4.173229823375404379e+01,4.075597119373477994e+01,3.977138907880671326e+01,3.878752927132124029e+01,3.781269898529219375e+01,3.685446354101318178e+01,3.591959345237057022e+01,3.501402928203509646e+01,3.414286313984342769e+01,3.331033564835725969e+01,3.251984715330890197e+01,3.177398190041083836e+01,3.107454382758014688e+01
3.341322926806625304e+01,3.387358176910688456e+01,3.432703385674695085e+01,3.477004764355095290e+01,3.519902227150708995e+01,3.561034171735855836e+01,3.600042509800650237e+01,3.636577854137220100e+01,3.670304761353557410e+01,3.700906924438133672e+01,3.728092207411000203e+01,3.751597415367695731e+01,3.771192697441239972e+01,3.786685487562675689e+01,3.797923898274213172e+01,3.804799496018458171e+01,3.807249401969859548e+01,3.805257680175483159e+01,3.798855994035120887e+01,3.788123532410275374e+01,3.773186227287969530e+01,3.754215305278662385e+01,3.731425234612777331e+01,3.705071147020820632e+01,3.675445829243298590e+01,3.642876391238530687e+01,3.607720726786495646e+01,3.570363886513951002e+01,3.531214482837482649e+01,3.490701240464451871e+01,3.449269794542361467e+01,3.407379821085258698e+01,3.365502560901323648e+01,3.324118769112448746e+01,3.283717088011897545e+01,3.244792802333885362e+01,3.207846894316558206e+01,3.173385273001980522e+01,3.141918010293858288e+01,3.113958378112646130e+01,3.090021449673638898e+01,3.070622006861084330e+01,3.056271488350857979e+01,3.047473722832103959e+01,3.044719221180405455e+01,3.048477852671339150e+01,3.059189804000910939e+01,3.077254815142659439e+01,3.103019800230907066e+01,3.136765090038539228e+01,3.178689668555376358e+01,3.228895911224416437e+01,3.287374456738722017e+01,3.353989947368212654e+01,3.428468444048127139e+01,3.510387352372533343e+01,3.599168676606800688e+01,3.694076346160898083e+01,3.794218231614861736e+01,3.898553288509602055e+01,4.005904044224502059e+01,4.114974388009234474e+01,4.224372351763908284e+01,4.332637297064342619e+01,4.438270670901041370e+01,4.539769276877670734e+01,4.635659846375151005e+01,4.724533598063422346e+01,4.805079452013689689e+01,4.876114618861679162e+01,4.936611411500163626e+01,4.985719317578727328e+01,5.022781611841066507e+01,5.047346060703447534e+01,5.059169558194861338e+01,5.058216812933752493e+01,5.044653462159581636e+01,5.018834205857275066e+01,4.981286720661249490e+01,4.932692223192414360e+01,4.873863604369620361e+01,4.805722053251334813e+01,4.729273038183609401e+01,4.645582424371752950e+01,4.555753391998889867e+01,4.460904689615848895e+01,4.362150624914316666e+01,4.260583068701189546e+01,4.157255635164848684e+01,4.053170107020898172e+01,3.949265099917342070e+01,3.846406906326762964e+01,3.745382422977473880e+01,3.646894044350504771e+01,3.551556393945283929e+01,3.459894760901482869e+01,3.372345108601456332e+01,3.289255521285842576e+01,3.210888952670816821e+01,3.137427136227773161e+01
3.393476078970568466e+01,3.442366336292918305e+01,3.490524189201881455e+01,3.537574009063720126e+01,3.583133495668349866e+01,3.626818755971869734e+01,3.668249648346602498e+01,3.707055293017461395e+01,3.742879641427752802e+01,3.775386992100278150e+01,3.804267338431460388e+01,3.829241434976140113e+01,3.850065473246042558e+01,3.866535265843936031e+01,3.878489848764876058e+01,3.885814425680919015e+01,3.888442594645801620e+01,3.886357816472700932e+01,3.879594104526130138e+01,3.868235937229888322e+01,3.852417416569897313e+01,3.832320717563752055e+01,3.808173894350104405e+01,3.780248127479373466e+01,3.748854513422048029e+01,3.714340510524721850e+01,3.677086164936726220e+01,3.637500244743171152e+01,3.596016410074351199e+01,3.553089540800924340e+01,3.509192331166325118e+01,3.464812242102949824e+01,3.420448876979791919e+01,3.376611815350662482e+01,3.333818902456120270e+01,3.292594950717049329e+01,3.253470764641301116e+01,3.216982354353070406e+01,3.183670157782908916e+01,3.154078050369223618e+01,3.128751887300267853e+01,3.108237300546501913e+01,3.093076464960336835e+01,3.083803558121437405e+01,3.080938670408092506e+01,3.084979977078067392e+01,3.096394063718266665e+01,3.115604399346033659e+01,3.142978074797888866e+01,3.178811062744986415e+01,3.223312402494261164e+01,3.276587858497112649e+01,3.338623735530143932e+01,3.409271644357632880e+01,3.488235087916812205e+01,3.575058769342687981e+01,3.669121501268504204e+01,3.769633515754716768e+01,3.875638834867530136e+01,3.986023166864583089e+01,4.099527550417886346e+01,4.214767692078418548e+01,4.330258646814879597e+01,4.444444197140160213e+01,4.555730013434549619e+01,4.662519446409197599e+01,4.763250629764361577e+01,4.856433470614636150e+01,4.940685085585921854e+01,5.014762303965711965e+01,5.077590001861485547e+01,5.128284242874204324e+01,5.166169466025498025e+01,5.190789261484937356e+01,5.201910587846585088e+01,5.199521589928238541e+01,5.183823453596508557e+01,5.155216967517255711e+01,5.114284639061470017e+01,5.061769326167261340e+01,4.998550397491868580e+01,4.925618423471655660e+01,4.844049338981893982e+01,4.754978915290820396e+01,4.659578247832477160e+01,4.559030820269884288e+01,4.454511556813362461e+01,4.347168134357320213e+01,4.238104701698380694e+01,4.128368049994498534e+01,4.018936198923399417e+01,3.910709306317804135e+01,3.804502772954399603e+01,3.701042394812624536e+01,3.600961407951810855e+01,3.504799271579049957e+01,3.413002038773777969e+01,3.325924168440801054e+01,3.243831634197509572e+01,3.166906184998313023e+01
3.445608077994316432e+01,3.497352561770426860e+01,3.548322414455252272e+01,3.598120202913506205e+01,3.646341452728509580e+01,3.692580025608822325e+01,3.736433777809501322e+01,3.777510394373704372e+01,3.815433285582005851e+01,3.849847426497002090e+01,3.880425018217754030e+01,3.906870850624058278e+01,3.928927251098780005e+01,3.946378511956834956e+01,3.959054700952989236e+01,3.966834774041483769e+01,3.969648927160222485e+01,3.967480143749245514e+01,3.960364916433857729e+01,3.948393144175810221e+01,3.931707229527753356e+01,3.910500423676707982e+01,3.885014488960921142e+01,3.855536768704901363e+01,3.822396771751895983e+01,3.785962393205986132e+01,3.746635902877453361e+01,3.704849838046959576e+01,3.661062936778337473e+01,3.615756241554250039e+01,3.569429490039454578e+01,3.522597890010612787e+01,3.475789348862259942e+01,3.429542194818870371e+01,3.384403387618064585e+01,3.340927171973223153e+01,3.299674079065660237e+01,3.261210131699186832e+01,3.226106060190603841e+01,3.194936291741039014e+01,3.168277439583452804e+01,3.146705993605766949e+01,3.130794905479480406e+01,3.121108772444570434e+01,3.118197358095090976e+01,3.122587248055212683e+01,3.134771524174666624e+01,3.155197451807875808e+01,3.184252307714100638e+01,3.222247625625168155e+01,3.269402294734215531e+01,3.325825103323993659e+01,3.391497463924142153e+01,3.466257175334485652e+01,3.549784158221525132e+01,3.641589133611081763e+01,3.741006188620545458e+01,3.847190085795793379e+01,3.959119020389652377e+01,4.075603317751848209e+01,4.195300299765207086e+01,4.316735248908449307e+01,4.438328079098081957e+01,4.558425004856403007e+01,4.675334206693703720e+01,4.787364242379332779e+01,4.892863769974943011e+01,4.990261043786907891e+01,5.078101627715439292e+01,5.155082844143078091e+01,5.220083635864644123e+01,5.272188752355511809e+01,5.310706463020269297e+01,5.335179327965363427e+01,5.345387898088249301e+01,5.341347547514875771e+01,5.323298941165018050e+01,5.291692890642282521e+01,5.247170539876287876e+01,5.190539940903675387e+01,5.122750128734791275e+01,5.044863786843585984e+01,4.958029520522532607e+01,4.863454636623306016e+01,4.762379179418321939e+01,4.656051808217340948e+01,4.545707936717755615e+01,4.432550398515103041e+01,4.317732766546389200e+01,4.202345342044726095e+01,4.087403743189911154e+01,3.973839964504171718e+01,3.862495742327523374e+01,3.754118045008424076e+01,3.649356503564123955e+01,3.548762604232247497e+01,3.452790473809378113e+01,3.361799098172248534e+01,3.276055821320002082e+01,3.195740975335839096e+01
3.497349844487919768e+01,3.551927649083206973e+01,3.605689057264080333e+01,3.658215026951987170e+01,3.709079113537984540e+01,3.757853144422666247e+01,3.804113189978934173e+01,3.847445719895406313e+01,3.887453824956116932e+01,3.923763378487262798e+01,3.956029009279941278e+01,3.983939759003827419e+01,4.007224302072052069e+01,4.025655614592925247e+01,4.039054991315863674e+01,4.047295325089906726e+01,4.050303581928378804e+01,4.048062425828295829e+01,4.040610970446831374e+01,4.028044658926027921e+01,4.010514297851106846e+01,3.988224295747355086e+01,3.961430179852327882e+01,3.930435486312327953e+01,3.895588137609367863e+01,3.857276436101981432e+01,3.815924813259404402e+01,3.771989479723592353e+01,3.725954121048002321e+01,3.678325777224066684e+01,3.629631030427211869e+01,3.580412604475245786e+01,3.531226451202751093e+01,3.482639363524587850e+01,3.435227112977020880e+01,3.389573062034002504e+01,3.346267150084450037e+01,3.305905098806101705e+01,3.269087630589328342e+01,3.236419446060071436e+01,3.208507667553593024e+01,3.185959428886376799e+01,3.169378282358793797e+01,3.159359105772970011e+01,3.156481228918853432e+01,3.161299562936065044e+01,3.174333608116300098e+01,3.196054334998248336e+01,3.226869076614710963e+01,3.267104730535090340e+01,3.316989739433338968e+01,3.376635487557594217e+01,3.446017905197523135e+01,3.524960200610670569e+01,3.613117725542066694e+01,3.709966014399968515e+01,3.814793008825593290e+01,3.926696383041220884e+01,4.044586719930349972e+01,4.167197057627916479e+01,4.293099041400792970e+01,4.420725590979740360e+01,4.548399648887036051e+01,4.674368233374221404e+01,4.796840704321645887e+01,4.914029885114205598e+01,5.024194488559999172e+01,5.125681186119248878e+01,5.216964646569599040e+01,5.296683955016239054e+01,5.363674000555706556e+01,5.416990678437848317e+01,5.455929071664517949e+01,5.480034134612014185e+01,5.489103772106146550e+01,5.483184565958173096e+01,5.462560723940056562e+01,5.427737094228571380e+01,5.379417287659912716e+01,5.318478073230521375e+01,5.245941258207989222e+01,5.162944238111030160e+01,5.070710313890866416e+01,4.970519737783097725e+01,4.863682281428296506e+01,4.751511936294611615e+01,4.635304172360479669e+01,4.516316009261360875e+01,4.395749004315992181e+01,4.274735140078615814e+01,4.154325502791919433e+01,4.035481581619448122e+01,3.919068983542555173e+01,3.805853345297002477e+01,3.696498225790380587e+01,3.591564774088007539e+01,3.491512983865844433e+01,3.396704360849616933e+01,3.307405842169217181e+01,3.223794814141198373e+01
3.548315626372318832e+01,3.605684817837837386e+01,3.662196650355092231e+01,3.717410836267437446e+01,3.770879336473389287e+01,3.822152328503219820e+01,3.870784486217539211e+01,3.916341454302946801e+01,3.958406391355482157e+01,3.996586449191392632e+01,4.030519053450480982e+01,4.059877851797585890e+01,4.084378201201867142e+01,4.103782074873819852e+01,4.117902282328654451e+01,4.126605912454300551e+01,4.129816929001952985e+01,4.127517870080530571e+01,4.119750627416051714e+01,4.106616306637833702e+01,4.088274195910156550e+01,4.064939896021935084e+01,4.036882689721974771e+01,4.004422250766683078e+01,3.967924812947178026e+01,3.927798935407670200e+01,3.884491012003500288e+01,3.838480678460962991e+01,3.790276270938432646e+01,3.740410482584781704e+01,3.689436350309665613e+01,3.637923681862056924e+01,3.586456003341602639e+01,3.535628069643800586e+01,3.486043935671663974e+01,3.438315535535870993e+01,3.393061662093928987e+01,3.350907182373552473e+01,3.312482268688358999e+01,3.278421374242220310e+01,3.249361639953221470e+01,3.225940390721122242e+01,3.208791369150079476e+01,3.198539367325047067e+01,3.195792956458628353e+01,3.201135082744450244e+01,3.215111396569668045e+01,3.238216310203507220e+01,3.270876932519542635e+01,3.313435201819299181e+01,3.366128720268061159e+01,3.429070974244702086e+01,3.502231790583499560e+01,3.585419014773935942e+01,3.678262489317987161e+01,3.780201445657476000e+01,3.890476391170491866e+01,4.008126467537871918e+01,4.131993077257057223e+01,4.260730326013030123e+01,4.392822520827955657e+01,4.526608613923146152e+01,4.660313111322669499e+01,4.792082597972240166e+01,4.920026693467521284e+01,5.042261969483243433e+01,5.156957153697044305e+01,5.262377832296359514e+01,5.356928854122276107e+01,5.439192736343986923e+01,5.507962568256649405e+01,5.562268192564184233e+01,5.601394791973741150e+01,5.624893397955231222e+01,5.632583240473870489e+01,5.624546244715095611e+01,5.601114327982334373e+01,5.562850436207462224e+01,5.510524470049975321e+01,5.445085377498236312e+01,5.367630732488331091e+01,5.279375083220972442e+01,5.181618251011143172e+01,5.075714606058399880e+01,4.963044158083765467e+01,4.844986095323103825e+01,4.722895201596206505e+01,4.598081392164097281e+01,4.471792445389449711e+01,4.345199875398452605e+01,4.219387793623685923e+01,4.095344543364858936e+01,3.973956857589908509e+01,3.856006280429947708e+01,3.742167600522181203e+01,3.633009062744038431e+01,3.528994147811358317e+01,3.430484731706427937e+01,3.337745455459335631e+01,3.250949148494368046e+01
3.598107524279510727e+01,3.658204484892520725e+01,3.717404281126296439e+01,3.775245916678193225e+01,3.831260311306298405e+01,3.884976556726101649e+01,3.935928499006056569e+01,3.983661524960756850e+01,4.027739420178004082e+01,4.067751159838898900e+01,4.103317490759653197e+01,4.134097164351044285e+01,4.159792685583107641e+01,4.180155452553897533e+01,4.194990174750260792e+01,4.204158475279317031e+01,4.207581602835171708e+01,4.205242202420388509e+01,4.197185119232287320e+01,4.183517236925522553e+01,4.164406378874861048e+01,4.140079328228588906e+01,4.110819048565976175e+01,4.076961210929489710e+01,4.038890153962167773e+01,3.997034420915463926e+01,3.951862029495502782e+01,3.903875637015508460e+01,3.853607763308566803e+01,3.801616226607208660e+01,3.748479932525630431e+01,3.694795132983740160e+01,3.641172240242543978e+01,3.588233241369080417e+01,3.536609711041148074e+01,3.486941366793064390e+01,3.439875052373405140e+01,3.396063974308233213e+01,3.356166957243662807e+01,3.320847429092344072e+01,3.290771801955136056e+01,3.266606884183086379e+01,3.249015947877447985e+01,3.238653089443335631e+01,3.236155562644474770e+01,3.242133836832456240e+01,3.257159238724817385e+01,3.281749173054438984e+01,3.316350081665198246e+01,3.361318485296323644e+01,3.416900647553823944e+01,3.483211593947829954e+01,3.560214395898712070e+01,3.647700774718981620e+01,3.745274178323464298e+01,3.852336519889614408e+01,3.968079731952940392e+01,4.091483174925858890e+01,4.221317744745697809e+01,4.356157255546033014e+01,4.494397341677506574e+01,4.634281746985995198e+01,4.773935471011666465e+01,4.911403848235718073e+01,5.044696275636316329e+01,5.171833002645016819e+01,5.290893179776691113e+01,5.400062245794096327e+01,5.497676728922537848e+01,5.582264647468757346e+01,5.652579912444207366e+01,5.707629444266918028e+01,5.746692095044201665e+01,5.769328889938046956e+01,5.775384535658606211e+01,5.764980561221199906e+01,5.738500828376344742e+01,5.696570454119564886e+01,5.640029409549797634e+01,5.569902189798197867e+01,5.487364988301577284e+01,5.393711762072041438e+01,5.290320455545066380e+01,5.178620476107744253e+01,5.060062303906421732e+01,4.936089891761324111e+01,4.808116286280991858e+01,4.677502693970400571e+01,4.545541037759497272e+01,4.413439907058661760e+01,4.282313700931175049e+01,4.153174698116684738e+01,4.026927755183907465e+01,3.904367328635534307e+01,3.786176530832201337e+01,3.672927955517800314e+01,3.565086039578781651e+01,3.463010757805245987e+01,3.366962472824459951e+01,3.277107780765413025e+01
3.646320469443312362e+01,3.709059514837822746e+01,3.770863110701619547e+01,3.831250266266827964e+01,3.889731595009664744e+01,3.945815850505188394e+01,3.999016803220948191e+01,4.048860330219766723e+01,4.094891579408235316e+01,4.136682063166023227e+01,4.173836533301027885e+01,4.205999490560392928e+01,4.232861187523039348e+01,4.254162993603119958e+01,4.269702004961826702e+01,4.279334800072525979e+01,4.282980263091327089e+01,4.280621421506819502e+01,4.272306271121510690e+01,4.258147589500157437e+01,4.238321767774047544e+01,4.213066719221473022e+01,4.182678950414528174e+01,4.147509905964268029e+01,4.107961720029681629e+01,4.064482525801670221e+01,4.017561487168040202e+01,3.967723723780763123e+01,3.915525300911713202e+01,3.861548448017691015e+01,3.806397154194803534e+01,3.750693264235201951e+01,3.695073165624117451e+01,3.640185114709892389e+01,3.586687200084040228e+01,3.535245884130884519e+01,3.486535001624552876e+01,3.441235029791138089e+01,3.400032380827815359e+01,3.363618409656700692e+01,3.332687781529739368e+01,3.307935811296468387e+01,3.290054374160253303e+01,3.279726001784501221e+01,3.277615822106997001e+01,3.284361079278524187e+01,3.300558082933120829e+01,3.326746582213965553e+01,3.363391735397480176e+01,3.410864043189879169e+01,3.469417822270478524e+01,3.539169002048504353e+01,3.620073216344695766e+01,3.711905316109154995e+01,3.814241532789726108e+01,3.926445559664987428e+01,4.047659778672870345e+01,4.176802736039225294e+01,4.312573760334963424e+01,4.453465327225023884e+01,4.597783418883923190e+01,4.743675722197389177e+01,4.889167083289802918e+01,5.032201215200495881e+01,5.170687270763962573e+01,5.302549572953840595e+01,5.425778565474151804e+01,5.538480926484125177e+01,5.638926789273921969e+01,5.725592137479405608e+01,5.797194681441539643e+01,5.852721859931369153e+01,5.891450023397378288e+01,5.912954311404168806e+01,5.917109205481911971e+01,5.904080186761465399e+01,5.874307326022289999e+01,5.828481957994285523e+01,5.767517825000949472e+01,5.692518208639093302e+01,5.604740601945773903e+01,5.505560416022856884e+01,5.396435078488825354e+01,5.278869685167835257e+01,5.154385132385765900e+01,5.024489406747863285e+01,4.890652462325343919e+01,4.754284888569427636e+01,4.616720378496654575e+01,4.479201853431449365e+01,4.342870990747747584e+01,4.208760833235280074e+01,4.077791128115579511e+01,3.950766043180727394e+01,3.828373928638418988e+01,3.711188827486174091e+01,3.599673476823085139e+01,3.494183581066274513e+01,3.394973170994700240e+01,3.302200887234729265e+01
3.692547572185067395e+01,3.757820861154632297e+01,3.822122303379177310e+01,3.884951806488712123e+01,3.945800595608795902e+01,4.004158019170913008e+01,4.059518709550291504e+01,4.111389965162214821e+01,4.159299209852417789e+01,4.202801378294496004e+01,4.241486073053562933e+01,4.274984340268052563e+01,4.302974916684090800e+01,4.325189811050863398e+01,4.341419097505122693e+01,4.351514817246888356e+01,4.355393907104492257e+01,4.353040098943039027e+01,4.344504761606891208e+01,4.329906686423804274e+01,4.309430847372239270e+01,4.283326196894691407e+01,4.251902587050466309e+01,4.215526932230325485e+01,4.174618752974113534e+01,4.129645259508837540e+01,4.081116147438514474e+01,4.029578285579393793e+01,3.975610476311095454e+01,3.919818461162847711e+01,3.862830327968946165e+01,3.805292450305608298e+01,3.747866054841737338e+01,3.691224467859242253e+01,3.636051039176106769e+01,3.583037681297119548e+01,3.532883895799473351e+01,3.486296090513163648e+01,3.443986923605148576e+01,3.406674348672334673e+01,3.375079983558642027e+01,3.349926390506043106e+01,3.331932842273981521e+01,3.321809163591890979e+01,3.320247284507142638e+01,3.327910225188000481e+01,3.345418351805560775e+01,3.373332898862787488e+01,3.412136940249860118e+01,3.462214201477951292e+01,3.523826327690911597e+01,3.597089441854714664e+01,3.681951028340705534e+01,3.778168341079956605e+01,3.885289644865330416e+01,4.002639637286973340e+01,4.129310354751240197e+01,4.264158731673734337e+01,4.405811756275605262e+01,4.552679855735063086e+01,4.702978761557749010e+01,4.854759673797599362e+01,5.005947086917990418e+01,5.154383191354409632e+01,5.297877355512341069e+01,5.434258854105760861e+01,5.561430767505063955e+01,5.677422853619415122e+01,5.780441200633553933e+01,5.868912607535000348e+01,5.941521901343763545e+01,5.997240767095722447e+01,6.035347112554448046e+01,6.055434482118000261e+01,6.057411538286636699e+01,6.041492109391462861e+01,6.008176727312324061e+01,5.958226922764941946e+01,5.892633790381718484e+01,5.812582472181600224e+01,5.719414236219961367e+01,5.614587755799534818e+01,5.499641039193613778e+01,5.376155240969501392e+01,5.245721326972406473e+01,5.109910289435946140e+01,4.970247338311375529e+01,4.828190248004855789e+01,4.685111828823106350e+01,4.542286327825775061e+01,4.400879447504570408e+01,4.261941601104440736e+01,4.126403995068415043e+01,3.995077134039304667e+01,3.868651372760224660e+01,3.747699182582551458e+01,3.632678849429628087e+01,3.523939367832046798e+01,3.421726336868924534e+01,3.326188695451748600e+01
3.736385745955267623e+01,3.804063497766189528e+01,3.870735261009860295e+01,3.935882912312474957e+01,3.998979388593249951e+01,4.059495750724115481e+01,4.116908615241063529e+01,4.170707815629035053e+01,4.220404143456927670e+01,4.265537012199456512e+01,4.305681883361698681e+01,4.340457295810126226e+01,4.369531345163858305e+01,4.392627470717255989e+01,4.409529422503901230e+01,4.420085300475412282e+01,4.424210580914180468e+01,4.421890071549508150e+01,4.413178765702647866e+01,4.398201596343344022e+01,4.377152122306001303e+01,4.350290210124467905e+01,4.317938804984351719e+01,4.280479912106705598e+01,4.238349934390137008e+01,4.192034532264537461e+01,4.142063186370441485e+01,4.089003651821519725e+01,4.033456493434483292e+01,3.976049883510602712e+01,3.917434826756517907e+01,3.858280950178447455e+01,3.799272959009242356e+01,3.741107813070453858e+01,3.684492622092248837e+01,3.630143194721489408e+01,3.578783106317740703e+01,3.531143078104690147e+01,3.487960388654325072e+01,3.449977972765272227e+01,3.417942808057770776e+01,3.392603152095384189e+01,3.374704178800625698e+01,3.364981578320699640e+01,3.364152734417906743e+01,3.372905181481179682e+01,3.391882170750366754e+01,3.421665340845768810e+01,3.462754686393116543e+01,3.515546241992079501e+01,3.580308134941003573e+01,3.657155893705183303e+01,3.746028112330303372e+01,3.846663744773817228e+01,3.958582418556107996e+01,4.081069197237572155e+01,4.213165172753902254e+01,4.353665123783213176e+01,4.501123234128840522e+01,4.653867532417549313e+01,4.810023306118711162e+01,4.967545281420640180e+01,5.124257874550929159e+01,5.277902342632286548e+01,5.426189227689981465e+01,5.566854129211712632e+01,5.697714587597531022e+01,5.816725734700462880e+01,5.922032380895785764e+01,6.012015362459692369e+01,6.085330259106789441e+01,6.140936989510542787e+01,6.178119273937868172e+01,6.196493482975909473e+01,6.196006931826428143e+01,6.176926193180676705e+01,6.139816454211512564e+01,6.085513307066057820e+01,6.015088618252334385e+01,5.929812261028766329e+01,5.831111516770251768e+01,5.720529865882768661e+01,5.599686713307472985e+01,5.470239350500392561e+01,5.333848170353996920e+01,5.192145849506954391e+01,5.046710917522254647e+01,4.899045864278814122e+01,4.750559710252001366e+01,4.602554788039300604e+01,4.456217360693997875e+01,4.312611631226336328e+01,4.172676671987356656e+01,4.037225813711511080e+01,3.906948071433481573e+01,3.782411237789742131e+01,3.664066333724417746e+01,3.552253164375157723e+01,3.447206778102584934e+01,3.349064665741828861e+01
3.777441500788367534e+01,3.847372528988823603e+01,3.916266044531215584e+01,3.983587137952034141e+01,4.048791736940092534e+01,4.111333913704034160e+01,4.170673572841979393e+01,4.226284376395396691e+01,4.277661751088262321e+01,4.324330815000980266e+01,4.365854057535941024e+01,4.401838607801437320e+01,4.431942932635065802e+01,4.455882816417641834e+01,4.473436490448786884e+01,4.484448799665184993e+01,4.488834318431295856e+01,4.486579354430037370e+01,4.477742809610841590e+01,4.462455898888188699e+01,4.440920759905867499e+01,4.413408019696356632e+01,4.380253415417890039e+01,4.341853595448186098e+01,4.298661252828969026e+01,4.251179764250353799e+01,4.199957523301155504e+01,4.145582165473305736e+01,4.088674883327382048e+01,4.029885022320944898e+01,3.969885130233197401e+01,3.909366605265991979e+01,3.849036049449814101e+01,3.789612385046320497e+01,3.731824732881971585e+01,3.676410984326010833e+01,3.624116925114105925e+01,3.575695692510372936e+01,3.531907271462748099e+01,3.493517665458283261e+01,3.461297319576294029e+01,3.436018333207093889e+01,3.418449984707228140e+01,3.409352106260605808e+01,3.409465899855135262e+01,3.419501878392698302e+01,3.440124751004629644e+01,3.471935247098563337e+01,3.515449084404370694e+01,3.571073523335600441e+01,3.639082200497627895e+01,3.719589181855113935e+01,3.812523401983160909e+01,3.917604839638386949e+01,4.034323901473147345e+01,4.161925527010346570e+01,4.299399474925026965e+01,4.445478094996983742e+01,4.598642630897596462e+01,4.757138743662294189e+01,4.919001510279156264e+01,5.082089660348859184e+01,5.244128296962027491e+01,5.402758841010881952e+01,5.555594478016868720e+01,5.700279008658802127e+01,5.834546739266647819e+01,5.956280919679681318e+01,6.063568256109327592e+01,6.154747197553868432e+01,6.228448005538861310e+01,6.283623046990063443e+01,6.319566268028457756e+01,6.335921374943634987e+01,6.332678826835250163e+01,6.310162292074991086e+01,6.269005701390692309e+01,6.210122414503223354e+01,6.134668284542525640e+01,6.044000545087224907e+01,5.939634459436460645e+01,5.823199571289038090e+01,5.696397199141567569e+01,5.560960547936907972e+01,5.418618498340099165e+01,5.271063804312304057e+01,5.119926108993311686e+01,4.966749898656254913e+01,4.812977270431119337e+01,4.659935201123340676e+01,4.508826875092621833e+01,4.360726556561724010e+01,4.216577469200101547e+01,4.077192163601948494e+01,3.943254899973394600e+01,3.815325637357204869e+01,3.693845291403135178e+01,3.579141991203610473e+01,3.471438125564360178e+01,3.370858016298805637e+01
3.815336791407323602e+01,3.887349356794481992e+01,3.958295855326493040e+01,4.027626004742297283e+01,4.094780175353712792e+01,4.159196925044670934e+01,4.220320926345043233e+01,4.277611137728042934e+01,4.330549059179815430e+01,4.378646904032503784e+01,4.421455515483246757e+01,4.458571857457803844e+01,4.489645915690638844e+01,4.514386856100516354e+01,4.532568303598901593e+01,4.544032625075423937e+01,4.548694125003731870e+01,4.546541090301840882e+01,4.537636652032263385e+01,4.522118464393341242e+01,4.500197235290801245e+01,4.472154176564318107e+01,4.438337474590224474e+01,4.399157912352042388e+01,4.355083800993632792e+01,4.306635401152828990e+01,4.254379030817578666e+01,4.198921065868194091e+01,4.140902040727388567e+01,4.080991048578830060e+01,4.019880622522595814e+01,3.958282250122343271e+01,3.896922633698457616e+01,3.836540757514576683e+01,3.777885761358928107e+01,3.721715549336485651e+01,3.668795985234272905e+01,3.619900444853542609e+01,3.575809415512931366e+01,3.537309758829147199e+01,3.505193191081164628e+01,3.480253492801004711e+01,3.463281942787214263e+01,3.455060488281246478e+01,3.456352218389580599e+01,3.467888806064048168e+01,3.490354726662828000e+01,3.524368246679948413e+01,3.570459399234341902e+01,3.629045413812436749e+01,3.700404332915043426e+01,3.784647810342492136e+01,3.881694324730683832e+01,3.991244236014847502e+01,4.112758240365609197e+01,4.245440821633014394e+01,4.388230239536395771e+01,4.539796428059135991e+01,4.698547900880780759e+01,4.862648382203872188e+01,5.030043418161952218e+01,5.198496701850338297e+01,5.365635296704734714e+01,5.529002406021430716e+01,5.686115850190245169e+01,5.834530015400853387e+01,5.971898760814915619e+01,6.096036639871429230e+01,6.204975819174735818e+01,6.297016266666431505e+01,6.370767118147476538e+01,6.425177594422953575e+01,6.459556397169680508e+01,6.473579119847366314e+01,6.467283826953701009e+01,6.441055537514691309e+01,6.395600858006629608e+01,6.331914414528199586e+01,6.251239012494621505e+01,6.155021594185839717e+01,6.044867071384005897e+01,5.922491993866252358e+01,5.789679795147845454e+01,5.648239061203408085e+01,5.499965925744085382e+01,5.346611337057100855e+01,5.189853594038868323e+01,5.031276235885535186e+01,4.872351107883012133e+01,4.714426225028686446e+01,4.558717919265197338e+01,4.406306682342200531e+01,4.258136097349063931e+01,4.115014277047178837e+01,3.977617283791217062e+01,3.846494081330259718e+01,3.722072651409154531e+01,3.604666988100606773e+01,3.494484752982245368e+01,3.391635430169077381e+01
3.849714799452925007e+01,3.923617778224318187e+01,3.996429442698237011e+01,4.067585711031681939e+01,4.136513012361005082e+01,4.202636031553680596e+01,4.265385856631553452e+01,4.324208376822966926e+01,4.378572766699539898e+01,4.427979883497124547e+01,4.471970400970236881e+01,4.510132504314660196e+01,4.542108976996086511e+01,4.567603521767914998e+01,4.586386174609496891e+01,4.598297691465242565e+01,4.603252813055027559e+01,4.601242342049386025e+01,4.592333998816430096e+01,4.576672055889427781e+01,4.554475786310478469e+01,4.526036796026693310e+01,4.491715344431158030e+01,4.451935788775929126e+01,4.407181316320795617e+01,4.357988151472521565e+01,4.304939442554091045e+01,4.248659042968912303e+01,4.189805403174777609e+01,4.129065781921925549e+01,4.067150966647974286e+01,4.004790662997505279e+01,3.942729671720829998e+01,3.881724917749622961e+01,3.822543331710457437e+01,3.765960509961725222e+01,3.712759997792230138e+01,3.663732955114369361e+01,3.619677879344885696e+01,3.581399981804675292e+01,3.549709748454149860e+01,3.525420170364679961e+01,3.509342111523209695e+01,3.502277298576936460e+01,3.505008475128069989e+01,3.518286366546178101e+01,3.542813251692266618e+01,3.579223133744380192e+01,3.628058737751426577e+01,3.689745827516264143e+01,3.764565614454124898e+01,3.852626307811690509e+01,3.953835107714220243e+01,4.067872147015738449e+01,4.194168022193963452e+01,4.331886597240625036e+01,4.479914701879891936e+01,4.636860167355183648e+01,4.801059348636357527e+01,4.970594879821315715e+01,5.143323918071688183e+01,5.316916578061120902e+01,5.488903678560533450e+01,5.656732355391568490e+01,5.817827582333826797e+01,5.969657223684254888e+01,6.109797953594584641e+01,6.235999243802346825e+01,6.346242657195627856e+01,6.438793890959959754e+01,6.512245377438176774e+01,6.565547748202436651e+01,6.598029061536243489e+01,6.609401342483315034e+01,6.599754641209270289e+01,6.569539433612231960e+01,6.519538726498198855e+01,6.450831654881946520e+01,6.364750648408229239e+01,6.262834386915458396e+01,6.146778763465460571e+01,6.018387939702981981e+01,5.879527335428488044e+01,5.732080070541608308e+01,5.577908005205169673e+01,5.418818135566464633e+01,5.256534727355744252e+01,5.092677232869830561e+01,4.928743756384039898e+01,4.766099619748315774e+01,4.605970437390716654e+01,4.449439035255021224e+01,4.297445533209354096e+01,4.150789943442040908e+01,4.010136704672810737e+01,3.876020659736398954e+01,3.748854079420449636e+01,3.628934427659273609e+01,3.516452644343807776e+01,3.411501787127759400e+01
3.880245526702648107e+01,3.955829883044672357e+01,4.030301300864021385e+01,4.103083620954323862e+01,4.173591100768739182e+01,4.241236349402655037e+01,4.305438674780053532e+01,4.365632687182369409e+01,4.421276990375692151e+01,4.471862782944069181e+01,4.516922188499336244e+01,4.556036134553370687e+01,4.588841606200309542e+01,4.615038112396281633e+01,4.634393219409506059e+01,4.646747027644411787e+01,4.652015494059229184e+01,4.650192532185158711e+01,4.641350854565705220e+01,4.625641557392851411e+01,4.603292483240299759e+01,4.574605434010076976e+01,4.539952341367248323e+01,4.499770534825888291e+01,4.454557277004112592e+01,4.404863760086009705e+01,4.351288775889818794e+01,4.294472282819567255e+01,4.235089095076835974e+01,4.173842911612187834e+01,4.111460883327726634e+01,4.048688886162895528e+01,3.986287624415655273e+01,3.925029632973565441e+01,3.865697179709998466e+01,3.809080991618463941e+01,3.755979642774133254e+01,3.707199352500162348e+01,3.663553852932982835e+01,3.625863902443305165e+01,3.594955952016641731e+01,3.571659423402246603e+01,3.556802038562331347e+01,3.551202657331652546e+01,3.555661140795457698e+01,3.570944866354031433e+01,3.597771678608728507e+01,3.636789266304476342e+01,3.688551203558355951e+01,3.753490172816314896e+01,3.831889182110147374e+01,3.923851880791862357e+01,4.029273343409099795e+01,4.147812906505433261e+01,4.278870783908699593e+01,4.421570231034799292e+01,4.574746961242697552e+01,4.736947327717402345e+01,4.906436471958448919e+01,5.081217213937961930e+01,5.259059938902428399e+01,5.437543150797480251e+01,5.614103749501656893e+01,5.786095490858902224e+01,5.950853549195265657e+01,6.105762663949452929e+01,6.248326051752530219e+01,6.376232129867378973e+01,6.487416141225693877e+01,6.580113996293479772e+01,6.652906039158523299e+01,6.704748977607442839e+01,6.734994851393655324e+01,6.743396603410289458e+01,6.730100515381093373e+01,6.695626423994312404e+01,6.640837201158123548e+01,6.566899427965321934e+01,6.475237492143993734e+01,6.367483482281774343e+01,6.245425241099052727e+01,6.110954788703419638e+01,5.966019059156266735e+01,5.812574540834052073e+01,5.652547007557441816e+01,5.487797108048011552e+01,5.320092177798962041e+01,5.151084276362509229e+01,4.982294153738754261e+01,4.815100623505182398e+01,4.650734671256156361e+01,4.490277551543319845e+01,4.334662115926265358e+01,4.184676656176777243e+01,4.040970625295949503e+01,3.904061699659224871e+01,3.774343754327721712e+01,3.652095428661571219e+01,3.537489052107051180e+01,3.430599774884857567e+01
3.906631076877394548e+01,3.983671622518352962e+01,4.059581519713414366e+01,4.133774389828258222e+01,4.205654227927699651e+01,4.274623507012773871e+01,4.340091702849488797e+01,4.401484080110650154e+01,4.458250567308587620e+01,4.509874539064408339e+01,4.555881320128146683e+01,4.595846226589121386e+01,4.629401966101246302e+01,4.656245230736297458e+01,4.676142333142998098e+01,4.688933758736980906e+01,4.694537533217834380e+01,4.692951335191403928e+01,4.684253317312887077e+01,4.668601635275389583e+01,4.646232721153651823e+01,4.617458374979861446e+01,4.582661784800883709e+01,4.542292619595491487e+01,4.496861370008446102e+01,4.446933137530091074e+01,4.393121092127245220e+01,4.336079830014584502e+01,4.276498865868126131e+01,4.215096486018214961e+01,4.152614169855240078e+01,4.089811754913353781e+01,4.027463476305755563e+01,3.966354953325608079e+01,3.907281125742489536e+01,3.851045061128054670e+01,3.798457464989738241e+01,3.750336631311699875e+01,3.707508477287793625e+01,3.670806218808601074e+01,3.641069169949287243e+01,3.619140098399611816e+01,3.605860547898043222e+01,3.602063556363403762e+01,3.608563261518490606e+01,3.626140999305255264e+01,3.655527666279878929e+01,3.697382333607919236e+01,3.752267360903736204e+01,3.820620551721223279e+01,3.902725202861598319e+01,3.998679206296343125e+01,4.108364641557451336e+01,4.231419522325553828e+01,4.367213508347703055e+01,4.514829440092780999e+01,4.673052481176897288e+01,4.840368452483643580e+01,5.014972611339773323e+01,5.194789678942065336e+01,5.377505370226480608e+01,5.560609063465659574e+01,5.741446601386011395e+01,5.917281586383873559e+01,6.085362966327825518e+01,6.242996249194118974e+01,6.387615372885300502e+01,6.516852119508271812e+01,6.628600016626158720e+01,6.721069912210828079e+01,6.792834830594551931e+01,6.842862284781223536e+01,6.870532895328528866e+01,6.875644898707616903e+01,6.858404865774616610e+01,6.819405641785385797e+01,6.759593116679259595e+01,6.680223900881208010e+01,6.582816292541006931e+01,6.469097065634508681e+01,6.340946587353229802e+01,6.200344603165974178e+01,6.049318734807388154e+01,5.889897353540522573e+01,5.724068055420821111e+01,5.553742514152870768e+01,5.380728054512568548e+01,5.206705903434581728e+01,5.033215757371172572e+01,4.861646065605465594e+01,4.693229273675338220e+01,4.529041195264431963e+01,4.370003675158022816e+01,4.216889756282236590e+01,4.070330654376635948e+01,3.930823958082363845e+01,3.798742594999943378e+01,3.674344222861999043e+01,3.557780809833448643e+01,3.449108253014120606e+01
3.928610507795438167e+01,4.006867924563306360e+01,4.083981158202450246e+01,4.159355588800042369e+01,4.232386982357465399e+01,4.302469742061257563e+01,4.369005587321250061e+01,4.431412498304737824e+01,4.489133750113293786e+01,4.541646851540003382e+01,4.588472199012259267e+01,4.629181257237029001e+01,4.663404084437829056e+01,4.690836031958760799e+01,4.711243465294261767e+01,4.724468375996886493e+01,4.730431780966837607e+01,4.729135836725403408e+01,4.720664630663793560e+01,4.705183648050308420e+01,4.682937951765893558e+01,4.654249150210462460e+01,4.619511266378080450e+01,4.579185656456651543e+01,4.533795158115633228e+01,4.483917675493698596e+01,4.430179428333404701e+01,4.373248105256298857e+01,4.313826164366473392e+01,4.252644516815477971e+01,4.190456809399420024e+01,4.128034489676501551e+01,4.066162790854050968e+01,4.005637713700912172e+01,3.947264009619513558e+01,3.891854084303924566e+01,3.840227647758902663e+01,3.793211837752934912e+01,3.751641445250942297e+01,3.716358778558098663e+01,3.688212625503005171e+01,3.668055718535437393e+01,3.656740084991506023e+01,3.655109682529516135e+01,3.663989785225830786e+01,3.684172704276671340e+01,3.716399600802058245e+01,3.761338374988306299e+01,3.819557889075284862e+01,3.891499089661889599e+01,3.977443920477205097e+01,4.077483238534878751e+01,4.191485239332068602e+01,4.319066133511682182e+01,4.459564971535070299e+01,4.612024560576943344e+01,4.775180340633286846e+01,4.947458874170744991e+01,5.126987254865951371e+01,5.311614266577821297e+01,5.498943545660345933e+01,5.686378350783215296e+01,5.871176866119344595e+01,6.050516303455238187e+01,6.221563475883800010e+01,6.381549037378179889e+01,6.527842259202212460e+01,6.658023075645260747e+01,6.769948194066928693e+01,6.861808328096786624e+01,6.932174062296769534e+01,6.980028460845515781e+01,7.004785248556081001e+01,7.006292167839191620e+01,6.984819894104762739e+01,6.941037619564663430e+01,6.875977042263491512e+01,6.790986984155085793e+01,6.687681182868863061e+01,6.567881944825714413e+01,6.433562315752635641e+01,6.286789235176988200e+01,6.129669822040217753e+01,5.964302524809865957e+01,5.792734400984136300e+01,5.616925307354094343e+01,5.438719320077417763e+01,5.259823292559674002e+01,5.081792121242653337e+01,4.906020037547180834e+01,4.733737082350842940e+01,4.566009843430539661e+01,4.403745535762141117e+01,4.247698564474071503e+01,4.098478813259243481e+01,3.956561029449086675e+01,3.822294814360938631e+01,3.695914860169394700e+01,3.577551192048036910e+01,3.467239270018671959e+01
3.945964143187823225e+01,4.025187238552282309e+01,4.103257017668082085e+01,4.179572700182897904e+01,4.253523962526188740e+01,4.324499312980296395e+01,4.391894900425572246e+01,4.455123591940063932e+01,4.513624140535853257e+01,4.566870254835951215e+01,4.614379377953302708e+01,4.655720983607613306e+01,4.690524203835622785e+01,4.718484614581171854e+01,4.739370022888272871e+01,4.753025122087036891e+01,4.759374908814749006e+01,4.758426787348539477e+01,4.750271321788933676e+01,4.735081634235173453e+01,4.713111486220686430e+01,4.684692120206396737e+01,4.650227976637420113e+01,4.610191438641944472e+01,4.565116789495948524e+01,4.515593596029717105e+01,4.462259752691104353e+01,4.405794434451920694e+01,4.346911210595392561e+01,4.286351564159483729e+01,4.224879042076381808e+01,4.163274227733589328e+01,4.102330680068271818e+01,4.042851921237316759e+01,3.985649478983408756e+01,3.931541901609480760e+01,3.881354565709468574e+01,3.835919993532674965e+01,3.796078293542899473e+01,3.762677241224800895e+01,3.736571435573055311e+01,3.718619908956043218e+01,3.709681543528193970e+01,3.710607665080740958e+01,3.722231252945694280e+01,3.745352327846104856e+01,3.780719260691527950e+01,3.829005982289965715e+01,3.890785359820719691e+01,3.966499328276816527e+01,4.056426706101228064e+01,4.160649961204595115e+01,4.279022500064812107e+01,4.411138300339366225e+01,4.556305868377688739e+01,4.713528552172667929e+01,4.881493158313507763e+01,5.058568597360576291e+01,5.242815915126845994e+01,5.432010568749905843e+01,5.623677199409090122e+01,5.815136472603550999e+01,6.003562845832605888e+01,6.186051432194891930e+01,6.359691508825944339e+01,6.521643720757700180e+01,6.669217696187786260e+01,6.799946649525369935e+01,6.911655620619444562e+01,7.002520282392350737e+01,7.071113727774880431e+01,7.116439287587500928e+01,7.137948187933758959e+01,7.135541673780673477e+01,7.109558045547234428e+01,7.060745819668784407e+01,6.990224880418487885e+01,6.899437997477897966e+01,6.790095414361634596e+01,6.664115354845534966e+01,6.523563251758645265e+01,6.370592292980254712e+01,6.207387533082818010e+01,6.036115373812813090e+01,5.858879714667882865e+01,5.677685558404271404e+01,5.494410363912209760e+01,5.310783002390751051e+01,5.128369815331673465e+01,4.948567008060517480e+01,4.772598444531566031e+01,4.601517833249386058e+01,4.436214299251356863e+01,4.277420406927788576e+01,4.125721814442007940e+01,3.981567883601037749e+01,3.845282721585391528e+01,3.717076278117444588e+01,3.597055252204157227e+01,3.485233669274092705e+01
3.958517244286588266e+01,4.038445404410894213e+01,4.117215704351686867e+01,4.194223367537554026e+01,4.268854206766910409e+01,4.340493099078526029e+01,4.408532898891066054e+01,4.472383622502734823e+01,4.531481722850054439e+01,4.585299263684215987e+01,4.633352797561866510e+01,4.675211752657992292e+01,4.710506139634255618e+01,4.738933401715823379e+01,4.760264248652362085e+01,4.774347338101658522e+01,4.781112695745534324e+01,4.780573797533740787e+01,4.772828273106480168e+01,4.758057227783662313e+01,4.736523220513183929e+01,4.708566975707939406e+01,4.674602946729716280e+01,4.635113886555369334e+01,4.590644615451680011e+01,4.541795204771251804e+01,4.489213818674399192e+01,4.433589470045056657e+01,4.375644951457573484e+01,4.316130195169220229e+01,4.255816296299005330e+01,4.195490399396422276e+01,4.135951599696750236e+01,4.078007946281027785e+01,4.022474555682345709e+01,3.970172752793404669e+01,3.921930054045337499e+01,3.878580699950340005e+01,3.840966335926438546e+01,3.809936339020421769e+01,3.786347202188162697e+01,3.771060326609065783e+01,3.764937545934049723e+01,3.768833723874165287e+01,3.783585836326625440e+01,3.809998077167426800e+01,3.848822715348124746e+01,3.900736678007583436e+01,3.966314132682047955e+01,4.045995678386118755e+01,4.140055111656864284e+01,4.248565085808371578e+01,4.371363301958693626e+01,4.508021129160894702e+01,4.657816718850045135e+01,4.819714729578834778e+01,4.992354691425232005e+01,5.174049803996240371e+01,5.362797577035813390e+01,5.556303200037177703e+01,5.752015891434535888e+01,5.947177765218745549e+01,6.138884009195940905e+01,6.324152446983882214e+01,6.499999909771156581e+01,6.663522325784339273e+01,6.811975089790055904e+01,6.942850134407294149e+01,7.053946206793645501e+01,7.143429158225781350e+01,7.209879562125014729e+01,7.252325653421415552e+01,7.270260380277881040e+01,7.263642220080220113e+01,7.232880272899919305e+01,7.178804946267170806e+01,7.102626230579707567e+01,7.005882091552868474e+01,6.890379846098242922e+01,6.758133528622971653e+01,6.611300200273319660e+01,6.452117923566019897e+01,6.282847750993784075e+01,6.105721598996384358e+01,5.922897342906393447e+01,5.736421918839886303e+01,5.548202695795722406e+01,5.359986919152433416e+01,5.173348649792617948e+01,4.989682345509193340e+01,4.810202057307319023e+01,4.635945137800155180e+01,4.467779369911073672e+01,4.306412504279144571e+01,4.152403323163911608e+01,4.006173506866880984e+01,3.868019746828730376e+01,3.738125711667645135e+01,3.616573616399796265e+01,3.503355263062580605e+01
3.966142955069121001e+01,4.046508755215147346e+01,4.125716885730528816e+01,4.203160800610968550e+01,4.278224740119615888e+01,4.350292280946011658e+01,4.418755327887778606e+01,4.483023378525125224e+01,4.542532877895038013e+01,4.596756470175435538e+01,4.645211949398282059e+01,4.687470711630615483e+01,4.723165517150664527e+01,4.751997382996758290e+01,4.773741443805148066e+01,4.788251641832484751e+01,4.795464135064078448e+01,4.795399344760720339e+01,4.788162599960865862e+01,4.773943375452292059e+01,4.753013160543842730e+01,4.725722037464073821e+01,4.692494089131724166e+01,4.653821795013634954e+01,4.610259609333941455e+01,4.562416946450960609e+01,4.510950822117322190e+01,4.456558414864912265e+01,4.399969817167658448e+01,4.341941239629422000e+01,4.283248911649562274e+01,4.224683887517224434e+01,4.167047916774773597e+01,4.111150471678317331e+01,4.057806943208064610e+01,4.007837921946460114e+01,3.962069374138563660e+01,3.921333410735309144e+01,3.886469234125816996e+01,3.858323741074288193e+01,3.837751169955187436e+01,3.825611115606372437e+01,3.822764206307384427e+01,3.830064754497314539e+01,3.848349764497968550e+01,3.878423812888654254e+01,3.921039512888714285e+01,3.976873531089593428e+01,4.046498435582538633e+01,4.130351005402773268e+01,4.228698002730726557e+01,4.341600776575303655e+01,4.468880400765570471e+01,4.610085318922335063e+01,4.764463643974997353e+01,4.930942312304165398e+01,5.108115201588299215e+01,5.294242074906614448e+01,5.487259811051865199e+01,5.684806834728275504e+01,5.884260996055195392e+01,6.082790404659603922e+01,6.277415947853935307e+01,6.465083469853045983e+01,6.642742916798954411e+01,6.807431214856937629e+01,6.956355292272161250e+01,7.086971514996048427e+01,7.197057897156558681e+01,7.284775771789176702e+01,7.348718144593830459e+01,7.387942667295938293e+01,7.401988006318327962e+01,7.390873285850281604e+01,7.355081186510001601e+01,7.295526117513534814e+01,7.213509594490838595e+01,7.110665501581047465e+01,6.988898265327108561e+01,6.850317106602855688e+01,6.697169470231661137e+01,6.531776480928891715e+01,6.356472872553587905e+01,6.173553328243007599e+01,5.985226599173130779e+01,5.793578186710621480e+01,5.600541819658736387e+01,5.407879470687622359e+01,5.217169259649017476e+01,5.029800301259883355e+01,4.846973374844473881e+01,4.669706219102211264e+01,4.498842272159262734e+01,4.335061768036810292e+01,4.178894243842185574e+01,4.030731685702310330e+01,3.890841725527540973e+01,3.759380478052106866e+01,3.636404765270855677e+01,3.521883604899352349e+01
3.968764451413047567e+01,4.049296379776464505e+01,4.128675663451838318e+01,4.206296254340095686e+01,4.281543153858552841e+01,4.353801013629318106e+01,4.422463179587516890e+01,4.486941009831348737e+01,4.546673281823702695e+01,4.601135494308091012e+01,4.649848864069082310e+01,4.692388817868047113e+01,4.728392785790656205e+01,4.757567113964528005e+01,4.779692932087684909e+01,4.794630834224211924e+01,4.802324259476645807e+01,4.802801491874625128e+01,4.796176235408172772e+01,4.782646759714618412e+01,4.762493653492479950e+01,4.736076265121744200e+01,4.703827951947755537e+01,4.666250299841212978e+01,4.623906511465553137e+01,4.577414193537770615e+01,4.527437798531096291e+01,4.474680992932130863e+01,4.419879230489184607e+01,4.363792803059631353e+01,4.307200621994310552e+01,4.250894948055337608e+01,4.195677236646581321e+01,4.142355197273462153e+01,4.091741082139338914e+01,4.044651120243245401e+01,4.001905903233253525e+01,3.964331412099310370e+01,3.932760255720330633e+01,3.908032581112200887e+01,3.890996020212908491e+01,3.882503969519252962e+01,3.883411467656141269e+01,3.894567952454918469e+01,3.916806252398876609e+01,3.950927303878302865e+01,3.997680288358459677e+01,4.057738150215240580e+01,4.131668778795888386e+01,4.219902503113295467e+01,4.322696934129105273e+01,4.440100571869018609e+01,4.571916942435886000e+01,4.717671310910697713e+01,4.876582198122421374e+01,5.047539983705435418e+01,5.229094782704800082e+01,5.419455525739515167e+01,5.616501752875373654e+01,5.817809061900049272e+01,6.020688459549016613e+01,6.222239089255118216e+01,6.419413001617215286e+01,6.609089851367201618e+01,6.788158706804289011e+01,6.953603601143618107e+01,7.102589088398269723e+01,7.232541924583941295e+01,7.341225096619437807e+01,7.426800765527283943e+01,7.487879256972290420e+01,7.523551982103003866e+01,7.533407051330073045e+01,7.517527289011343328e+01,7.476471299343201338e+01,7.411239105950831174e+01,7.323224630036521887e+01,7.214157837282837704e+01,7.086039740995150282e+01,6.941073585357945319e+01,6.781595453655967276e+01,6.610007274086024154e+01,6.428714766190560681e+01,6.240072329245698768e+01,6.046336270068852059e+01,5.849627151476818909e+01,5.651901459347857326e+01,5.454932273282192057e+01,5.260298210261642282e+01,5.069379608109322533e+01,4.883360730275164485e+01,4.703236699729937698e+01,4.529823893606325669e+01,4.363772632079134439e+01,4.205581152202923079e+01,4.055610046896024556e+01,3.914096549501842759e+01,3.781168237189530856e+01,3.656855898019273354e+01,3.541105447690159735e+01
3.966356242915123431e+01,4.046781491234793293e+01,4.126064006221838554e+01,4.203600522695885644e+01,4.278779156021930419e+01,4.350988028583724088e+01,4.419624340216262226e+01,4.484103712243687312e+01,4.543869619828944906e+01,4.598402716848941907e+01,4.647229852022642405e+01,4.689932574971029311e+01,4.726154936565016129e+01,4.755610399450021930e+01,4.778087691989315999e+01,4.793455461838207299e+01,4.801665613575274705e+01,4.802755247737194111e+01,4.796847155533145468e+01,4.784148863602494828e+01,4.764950265427555109e+01,4.739619919281513205e+01,4.708600135600495662e+01,4.672401018001539796e+01,4.631593660273253477e+01,4.586802734861174713e+01,4.538698734855240957e+01,4.487990149367767145e+01,4.435415859521550885e+01,4.381738037120601348e+01,4.327735808641982374e+01,4.274199911915967220e+01,4.221928520642316585e+01,4.171724342269591546e+01,4.124393008194485333e+01,4.080742673337799431e+01,4.041584627958116016e+01,4.007734602726691975e+01,3.980014324998077768e+01,3.959252767982928845e+01,3.946286434809896804e+01,3.941957947035753307e+01,3.947112173313550443e+01,3.962589149583395454e+01,3.989213116803748704e+01,4.027777142746030847e+01,4.079023003688249105e+01,4.143616277854394525e+01,4.222116937046851604e+01,4.314946101465979211e+01,4.422350024039878491e+01,4.544362767688392069e+01,4.680769400369054267e+01,4.831071824726572572e+01,4.994459548329952270e+01,5.169787757032685249e+01,5.355564954990271076e+01,5.549952167331159103e+01,5.750775264908222795e+01,5.955551378564861409e+01,6.161529651034581434e+01,6.365745769534596121e+01,6.565088883901921690e+01,6.756378703542935682e+01,6.936449843657948122e+01,7.102239916163146916e+01,7.250877483789645339e+01,7.379765853612330773e+01,7.486658797717686298e+01,7.569724652792959319e+01,7.627595845503752514e+01,7.659401675972480916e+01,7.664783111157956341e+01,7.643889326423200714e+01,7.597356715288250939e+01,7.526271994207343141e+01,7.432121798945641444e+01,7.316731752641362618e+01,7.182198350777478879e+01,7.030817141948182325e+01,6.865010591576958632e+01,6.687258722210771111e+01,6.500035166497814032e+01,6.305750695111784410e+01,6.106705644213064232e+01,5.905052017843554069e+01,5.702765427497863016e+01,5.501626493162966369e+01,5.303210895675239556e+01,5.108886955598609347e+01,4.919819423385742141e+01,4.736978093103557086e+01,4.561149882677258915e+01,4.392953136659288305e+01,4.232853079000875596e+01,4.081177548697591817e+01,3.938132367737897965e+01,3.803815899208615292e+01,3.678232538963443687e+01,3.561305037216658320e+01
3.958944596203838273e+01,4.038991868876988178e+01,4.117911208309294580e+01,4.195104411544230061e+01,4.269965055733561599e+01,4.341887125923210533e+01,4.410274085992452342e+01,4.474548222184050417e+01,4.534160073515545264e+01,4.588597752627604365e+01,4.637395954871843173e+01,4.680144453112562530e+01,4.716495881118719069e+01,4.746172619704715601e+01,4.768972616930018660e+01,4.784773996509994731e+01,4.793538336778706821e+01,4.795312535567828149e+01,4.790229213552187559e+01,4.778505649132002731e+01,4.760441280791152252e+01,4.736413856954912660e+01,4.706874357383797758e+01,4.672340852645358211e+01,4.633391507614786775e+01,4.590656969531475795e+01,4.544812409009412590e+01,4.496569501578761674e+01,4.446668645771618600e+01,4.395871709408649508e+01,4.344955576660288443e+01,4.294706732971110341e+01,4.245917071825080313e+01,4.199381036049545912e+01,4.155894117307715163e+01,4.116252632231238806e+01,4.081254575396045681e+01,4.051701222840660677e+01,4.028399031681850317e+01,4.012161260020293696e+01,4.003808626784663716e+01,4.004168254670113924e+01,4.014070102659756145e+01,4.034340109186952361e+01,4.065789342736134415e+01,4.109198600785028077e+01,4.165298113607724417e+01,4.234742294463399048e+01,4.318079823725446431e+01,4.415719746394813683e+01,4.527894678234342507e+01,4.654622627415994884e+01,4.795669313423049118e+01,4.950513167906188272e+01,5.118315398590549847e+01,5.297897556207512082e+01,5.487728941950943806e+01,5.685925915660017438e+01,5.890264712328760766e+01,6.098208760819964880e+01,6.306950753071902227e+01,6.513468877892444198e+01,6.714595765331068833e+01,6.907097847762898368e+01,7.087762096774173415e+01,7.253486501973661404e+01,7.401370271172109483e+01,7.528799588873629034e+01,7.633524891214219110e+01,7.713725998998562261e+01,7.768062073583064375e+01,7.795704180476167267e+01,7.796349203843870157e+01,7.770214881670659679e+01,7.718016751320934077e+01,7.640928735690955875e+01,7.540529896307093338e+01,7.418740480628108003e+01,7.277750763209226648e+01,7.119946310941051593e+01,6.947833197981057651e+01,6.763966381196138400e+01,6.570883961712084442e+01,6.371049452533820556e+01,6.166803501182342018e+01,5.960325834660324062e+01,5.753607551566471301e+01,5.548433323760757219e+01,5.346372617172738018e+01,5.148778715076718271e+01,4.956794131901085620e+01,4.771360934699970358e+01,4.593234527115141219e+01,4.422999575056236665e+01,4.261086939142690255e+01,4.107790700328366995e+01,3.963284598036332795e+01,3.827637424164521462e+01,3.700827115866934491e+01,3.582753454729175502e+01
3.946607069618934815e+01,4.026009362613780240e+01,4.104303362701567437e+01,4.180898179223198952e+01,4.255195169747860007e+01,4.326596545217827838e+01,4.394514416122301270e+01,4.458380109385771561e+01,4.517653570321019174e+01,4.571832653023589899e+01,4.620462096549894682e+01,4.663141983582720229e+01,4.699535483367743893e+01,4.729375691675573989e+01,4.752471397420612931e+01,4.768711628201909036e+01,4.778068855107966328e+01,4.780600770167917801e+01,4.776450587192726971e+01,4.765845857627915905e+01,4.749095836468852383e+01,4.726587478145182786e+01,4.698780187273528242e+01,4.666199492852005193e+01,4.629429855202591426e+01,4.589106850967232987e+01,4.545909010783688586e+01,4.500549604828626116e+01,4.453768681055243661e+01,4.406325657498884141e+01,4.358992751410709587e+01,4.312549492401133477e+01,4.267778512888506270e+01,4.225462736316486456e+01,4.186383992168299528e+01,4.151322978380237316e+01,4.121060369499308962e+01,4.096378737771952672e+01,4.078064821127448880e+01,4.066911545459065280e+01,4.063719099128370260e+01,4.069294276904132346e+01,4.084447270854701628e+01,4.109985098937554682e+01,4.146700938546727855e+01,4.195358779627912327e+01,4.256673033495013669e+01,4.331283027057298796e+01,4.419722669189104636e+01,4.522385980777794146e+01,4.639489609849998430e+01,4.771033879056750493e+01,4.916764300842105939e+01,5.076135809454191872e+01,5.248282162642389892e+01,5.431993027316723044e+01,5.625701157922464546e+01,5.827481789845776916e+01,6.035065902335571053e+01,6.245868370936263148e+01,6.457031258640469673e+01,6.665481632778394783e+01,6.868002397795714842e+01,7.061313766989704277e+01,7.242162225895322081e+01,7.407413229806996924e+01,7.554143481910165292e+01,7.679728495826708468e+01,7.781921277073890053e+01,7.858918360341941423e+01,7.909410089758097229e+01,7.932612883017682748e+01,7.928282216150230965e+01,7.896706130977416649e+01,7.838680124249052028e+01,7.755465250222141549e+01,7.648732089935226952e+01,7.520493857834125606e+01,7.373032295440401640e+01,7.208820128858943121e+01,7.030443749394423492e+01,6.840529440674015405e+01,6.641675963158513696e+01,6.436395670085781262e+01,6.227065625219124456e+01,6.015889479443815446e+01,5.804870192168127119e+01,5.595793097295114649e+01,5.390218342966465315e+01,5.189481396893842202e+01,4.994700109410835154e+01,4.806786757252908870e+01,4.626463535964634843e+01,4.454280104655440198e+01,4.290631986986704760e+01,4.135778869586096107e+01,3.989862088260121453e+01,3.852920831922585876e+01,3.724906807595007763e+01,3.605697286215986708e+01
3.929471170494679200e+01,4.007968472101016033e+01,4.085381861680771465e+01,4.161129958424111663e+01,4.234624165669874429e+01,4.305277230206780814e+01,4.372512239200043638e+01,4.435771885118938229e+01,4.494527813535276550e+01,4.548289857452553520e+01,4.596614955495103061e+01,4.639115550306777891e+01,4.675467268219986750e+01,4.705415691855428406e+01,4.728782053843486466e+01,4.745467702204201998e+01,4.755457215804220539e+01,4.758820081282604519e+01,4.755710880293784015e+01,4.746367977080758749e+01,4.731110740322896646e+01,4.710335378787267757e+01,4.684509516261315554e+01,4.654165676086613246e+01,4.619893887690277268e+01,4.582333664977420540e+01,4.542165637282475643e+01,4.500103135605188243e+01,4.456884047801579385e+01,4.413263253962048083e+01,4.370005935185965029e+01,4.327882013414249229e+01,4.287661925441302913e+01,4.250113859956583440e+01,4.216002492743680818e+01,4.186089143591754436e+01,4.161133152263815305e+01,4.141894135079957096e+01,4.129134645361124711e+01,4.123622629168063014e+01,4.126132953259455149e+01,4.137447197105708341e+01,4.158350857867330319e+01,4.189627128857212313e+01,4.232046488968819631e+01,4.286351490754918103e+01,4.353236361830489187e+01,4.433321335936346941e+01,4.527121997511502371e+01,4.635014340838957736e+01,4.757196688297011633e+01,4.893650051954132607e+01,5.044098923690360436e+01,5.207974803593251067e+01,5.384384987382380672e+01,5.572089197850286268e+01,5.769486537210305954e+01,5.974614942373182203e+01,6.185164843042795013e+01,6.398508068379717173e+01,6.611742253253930812e+01,6.821750106243584355e+01,7.025271977229084541e+01,7.218989269347073900e+01,7.399615447397647472e+01,7.563990768128184072e+01,7.709176452923411205e+01,7.832543880661717139e+01,7.931854518375504881e+01,8.005326727941559284e+01,8.051686263402834243e+01,8.070198159492244372e+01,8.060678743859004669e+01,8.023487607893599716e+01,7.959500463305380435e+01,7.870064815232699118e+01,7.756941228196630789e+01,7.622233594122103284e+01,7.468312196658335722e+01,7.297733489375897875e+01,7.113160374995560176e+01,6.917286416209168465e+01,6.712766869456079633e+01,6.502158765780549743e+01,6.287871527497127744e+01,6.072128865337724335e+01,5.856942002019919613e+01,5.644093659079786818e+01,5.435131756232949840e+01,5.231371424611910470e+01,5.033903731542956450e+01,4.843609447476833907e+01,4.661176237888556528e+01,4.487117810201311130e+01,4.321793760199845735e+01,4.165429115486234934e+01,4.018132838778662119e+01,3.879914808706784157e+01,3.750701022890778091e+01,3.630346955960243349e+01
3.907712167308032036e+01,3.985054034682482893e+01,4.061340960934893474e+01,4.136003197447136159e+01,4.208464381894108897e+01,4.278150029462000248e+01,4.344496457060316175e+01,4.406959972016697691e+01,4.465026141084373990e+01,4.518218944146092042e+01,4.566109610357359117e+01,4.608324933119916267e+01,4.644554864573789388e+01,4.674559200465422748e+01,4.698173182364763534e+01,4.715311866184870127e+01,4.725973133562845874e+01,4.730239255486300465e+01,4.728276955024157502e+01,4.720335957404041949e+01,4.706746060055251490e+01,4.687912801509808247e+01,4.664311854937888313e+01,4.636482318102726907e+01,4.605019114962766480e+01,4.570564763125985053e+01,4.533800793774753402e+01,4.495439134257857461e+01,4.456213775895876950e+01,4.416873048236887911e+01,4.378172803689216863e+01,4.340870781066796269e+01,4.305722361513981866e+01,4.273477854686392163e+01,4.244881357162778102e+01,4.220671110434810913e+01,4.201581155727285477e+01,4.188343942527046693e+01,4.181693404302163941e+01,4.182367877794050770e+01,4.191112122634350357e+01,4.208677608432306272e+01,4.235820190107197902e+01,4.273294301957994179e+01,4.321842878020316192e+01,4.382182358895271079e+01,4.454982377202404109e+01,4.540840023020585647e+01,4.640248968109816019e+01,4.753564156761302684e+01,4.880963227648552305e+01,5.022406284111373509e+01,5.177596043795321634e+01,5.345940733673619150e+01,5.526522314821198023e+01,5.718072688602873654e+01,5.918960425787384594e+01,6.127190257590343236e+01,6.340417072264339282e+01,6.555975488328374468e+01,6.770925258287786619e+01,6.982111842670907720e+01,7.186240543960438742e+01,7.379961672300267139e+01,7.559963401071487965e+01,7.723068328165443575e+01,7.866329345490245828e+01,7.987120276424255394e+01,8.083216889578412179e+01,8.152864335142452035e+01,8.194827751322640097e+01,8.208423705028394579e+01,8.193531197146046452e+01,8.150582100353037163e+01,8.080532023156388277e+01,7.984813626609860648e+01,7.865275288298741430e+01,7.724108655507782828e+01,7.563769019773991431e+01,7.386892564339066780e+01,7.196214392836887441e+01,6.994490870740301602e+01,6.784429246024046734e+01,6.568626818892656161e+01,6.349521164456091071e+01,6.129352138655281834e+01,5.910135672509041882e+01,5.693648728785412061e+01,5.481424291473250321e+01,5.274754900651299749e+01,5.074703038120915721e+01,4.882116604447095654e+01,4.697647787630714333e+01,4.521773782207340275e+01,4.354818046028145773e+01,4.196971050565579020e+01,4.048309761593439760e+01,3.908815356929915197e+01,3.778388928458792861e+01,3.656865114734843303e+01
3.881550108990340675e+01,3.957498077478656739e+01,4.032424465562858984e+01,4.105773182223707352e+01,4.176982188677560970e+01,4.245491900424223530e+01,4.310754016490963636e+01,4.372240608876549572e+01,4.429453289401432414e+01,4.481932259488990411e+01,4.529265041436332240e+01,4.571094687979281446e+01,4.607127270795761120e+01,4.637138458274088748e+01,4.660979008506010501e+01,4.678579025005993230e+01,4.689950849909518382e+01,4.695190502002861166e+01,4.694477604356305278e+01,4.688073787869352316e+01,4.676319601805367654e+01,4.659630009317390886e+01,4.638488593765340795e+01,4.613440648800494159e+01,4.585085370022541440e+01,4.554067406544390195e+01,4.521068064855269597e+01,4.486796482582920476e+01,4.451981103608878954e+01,4.417361785922137329e+01,4.383682857120467702e+01,4.351687397361482113e+01,4.322112974097026949e+01,4.295688976140154125e+01,4.273135596650593016e+01,4.255164397044318036e+01,4.242480249938126491e+01,4.235784314334765810e+01,4.235777547795686360e+01,4.243164117941685021e+01,4.258653950798004928e+01,4.282963559242257645e+01,4.316814244794090882e+01,4.360926773527503997e+01,4.416011703673898126e+01,4.482754697100777719e+01,4.561796383269597044e+01,4.653706660443843646e+01,4.758953705629397746e+01,4.877868404972726069e+01,5.010605385305296977e+01,5.157102293388588521e+01,5.317039395031667226e+01,5.489801911658618394e+01,5.674447737574489992e+01,5.869683251792969259e+01,6.073849826648413597e+01,6.284923326135060506e+01,6.500528379438384263e+01,6.717968525623427922e+01,6.934272487285579700e+01,7.146255893474641141e+01,7.350596797694458928e+01,7.543922396024861143e+01,7.722903516819762615e+01,7.884352796533575258e+01,8.025322035059065229e+01,8.143194081107273519e+01,8.235764755080812449e+01,8.301310771127320720e+01,8.338640344697033413e+01,8.347124117448363734e+01,8.326705129729225519e+01,8.277887741549859868e+01,8.201706560067556495e+01,8.099677491608315449e+01,7.973733925389635147e+01,7.826151716656764279e+01,7.659467031784970459e+01,7.476391232946588161e+01,7.279726824244644945e+01,7.072288084849878942e+01,6.856829424745831147e+01,6.635983773959921450e+01,6.412212521012649802e+01,6.187767714626684068e+01,5.964666492358752947e+01,5.744677048175483236e+01,5.529314932107910607e+01,5.319848108220861604e+01,5.117308986841439378e+01,4.922511584833995357e+01,4.736072034680198328e+01,4.558430832862166682e+01,4.389875460254839368e+01,4.230562290931868574e+01,4.080537002124766843e+01,3.939752982467100395e+01,3.808087489171260387e+01,3.685355514744350103e+01
3.851246122141011341e+01,3.925575908402539937e+01,3.998921616793863620e+01,4.070742721944061771e+01,4.140493477166184277e+01,4.207631207560891795e+01,4.271625023424414280e+01,4.331964788855483306e+01,4.388170164533717355e+01,4.439799531725428494e+01,4.486458597266633319e+01,4.527808477088759531e+01,4.563573059192209769e+01,4.593545456114988212e+01,4.617593372031382870e+01,4.635663230648464150e+01,4.647782936891810124e+01,4.654063177672513518e+01,4.654697204322218340e+01,4.649959080910792864e+01,4.640200427771526392e+01,4.625845737097290566e+01,4.607386386165030956e+01,4.585373522087783726e+01,4.560410038229100849e+01,4.533141904537224320e+01,4.504249149813163910e+01,4.474436820847319041e+01,4.444426258810727859e+01,4.414947034567500594e+01,4.386729869052923902e+01,4.360500830165645425e+01,4.336977041885116790e+01,4.316864063477794389e+01,4.300854996756196158e+01,4.289631258937851044e+01,4.283864821055061611e+01,4.284221562504826863e+01,4.291365238850679020e+01,4.305961412273073563e+01,4.328680563994888075e+01,4.360199508978876537e+01,4.401200179329971718e+01,4.452364847918437363e+01,4.514366939878820517e+01,4.587856735765183203e+01,4.673441510447156588e+01,4.771659974311481278e+01,4.882951278627780312e+01,5.007619297650251866e+01,5.145793380730962241e+01,5.297387245773182940e+01,5.462058122613157707e+01,5.639168610336361098e+01,5.827753945498899668e+01,6.026497452426667678e+01,6.233716834231034198e+01,6.447363648067920394e+01,6.665037789860866724e+01,6.884018108780242073e+01,7.101309414446444634e+01,7.313705180722277532e+01,7.517864253043060785e+01,7.710398904130224196e+01,7.887970730975580125e+01,8.047390215493726373e+01,8.185715342751967682e+01,8.300344527807118311e+01,8.389099266793066079e+01,8.450292397319870474e+01,8.482778599646766793e+01,8.485984742447459439e+01,8.459918805279269804e+01,8.405157311234572148e+01,8.322812389400598931e+01,8.214480671883551111e+01,8.082177138546879291e+01,7.928257695099910052e+01,7.755334668816377075e+01,7.566189516746555910e+01,7.363686873411654688e+01,7.150693649864666668e+01,6.930006282401561180e+01,6.704288477826392523e+01,6.476020979458181159e+01,6.247464049897494220e+01,6.020632592583545772e+01,5.797283163213212731e+01,5.578911589152722428e+01,5.366759539768776222e+01,5.161828177763769077e+01,4.964896962228939259e+01,4.776545748456109663e+01,4.597178510207450586e+01,4.427047265695804867e+01,4.266275086835216968e+01,4.114877382439300391e+01,3.972780944446638784e+01,3.839840512253138627e+01,3.715852830620115554e+01
3.817098073172024186e+01,3.889601538067570630e+01,3.961162276305771712e+01,4.031257100053912978e+01,4.099358382954624602e+01,4.164942225957845778e+01,4.227497035550592841e+01,4.286532351518477668e+01,4.341587745339061399e+01,4.392241598155110438e+01,4.438119559616318099e+01,4.478902486236593461e+01,4.514333660714655139e+01,4.544225102217140488e+01,4.568462792106861059e+01,4.587010660056992606e+01,4.599913201819318687e+01,4.607296631847339796e+01,4.609368511079556185e+01,4.606415831848828191e+01,4.598801587287141501e+01,4.586959900712911065e+01,4.571389840057652520e+01,4.552648091895041205e+01,4.531340717293924314e+01,4.508114255467570786e+01,4.483646478704391569e+01,4.458637130768686063e+01,4.433798998098671973e+01,4.409849665862648749e+01,4.387504296481969845e+01,4.367469734070412812e+01,4.350440182366013175e+01,4.337094624955889799e+01,4.328096054893663336e+01,4.324092457683536850e+01,4.325719350423089793e+01,4.333603526174366749e+01,4.348367494200728345e+01,4.370633953706830255e+01,4.401029503370707374e+01,4.440186685055155635e+01,4.488743402193402687e+01,4.547338755688979006e+01,4.616604415275966744e+01,4.697150801426557365e+01,4.789547596483678404e+01,4.894298431798185334e+01,5.011810000768969076e+01,5.142356308078346672e+01,5.286039257089153409e+01,5.442747266915915816e+01,5.612114059033136471e+01,5.793480118372192322e+01,5.985859574049182186e+01,6.187915322915642946e+01,6.397945106321249398e+01,6.613880930533680669e+01,6.833303693485640906e+01,7.053474161832414779e+01,7.271380567714838605e+01,7.483802115935063171e+01,7.687386674941095066e+01,7.878739943427729031e+01,8.054522515601139787e+01,8.211550585210726183e+01,8.346895593240530786e+01,8.457977981230447995e+01,8.542650383853029439e+01,8.599266077700301025e+01,8.626729269586284943e+01,8.624524804617144014e+01,8.592726029960132905e+01,8.531980779659890857e+01,8.443476658492201636e+01,8.328887910803993577e+01,8.190307086046786367e+01,8.030165395766481140e+01,7.851146058485046808e+01,7.656095034875639271e+01,7.447933376016308671e+01,7.229574974623780292e+01,7.003852873279679159e+01,6.773456507297863993e+01,6.540881411416614810e+01,6.308392066683485666e+01,6.077997768025748826e+01,5.851440704226899214e+01,5.630194896248843861e+01,5.415474257209374542e+01,5.208247822465996535e+01,5.009260141874092653e+01,4.819054907879976213e+01,4.638000084358802155e+01,4.466313069502252375e+01,4.304084738365143892e+01,4.151301535922225128e+01,4.007865103246437855e+01,3.873609197305115259e+01,3.748313895169152232e+01
3.779435696080928864e+01,3.849922538964406726e+01,3.919511520169467644e+01,3.987698408237776704e+01,4.053975367298968990e+01,4.117838978851484910e+01,4.178798667106099174e+01,4.236385367584582440e+01,4.290160262532017299e+01,4.339723394313732285e+01,4.384721959942739034e+01,4.424858086760409037e+01,4.459895891518969790e+01,4.489667633029286264e+01,4.514078782362105358e+01,4.533111854414249819e+01,4.546828870418639212e+01,4.555372352477849063e+01,4.558964788054151995e+01,4.557906543987337500e+01,4.552572255262046497e+01,4.543405762408985282e+01,4.530913721849597664e+01,4.515658064159539720e+01,4.498247524320103707e+01,4.479328513435757486e+01,4.459575640712755273e+01,4.439682225044968078e+01,4.420351154460837506e+01,4.402286455968899759e+01,4.386185925068092928e+01,4.372735130689939353e+01,4.362603055462690804e+01,4.356439551624215767e+01,4.354874689551125044e+01,4.358519950179477576e+01,4.367971067958298192e+01,4.383812173010701230e+01,4.406620717880991833e+01,4.436972516010115442e+01,4.475446078449484588e+01,4.522625326471217022e+01,4.579099695645836476e+01,4.645460646294560547e+01,4.722293668910447195e+01,4.810165030790263074e+01,4.909602756368951049e+01,5.021071666737933015e+01,5.144942713958446490e+01,5.281457315000792363e+01,5.430687891941909129e+01,5.592496325325311091e+01,5.766492486409346441e+01,5.951995388392325737e+01,6.147999744016113510e+01,6.353150799096635382e+01,6.565730199100593723e+01,6.783655322163249934e+01,7.004493976140150835e+01,7.225495626623646217e+01,7.443639433037814968e+01,7.655698373824192515e+01,7.858317706189451712e+01,8.048105006813651130e+01,8.221728156037414692e+01,8.376016933865194858e+01,8.508063454821397897e+01,8.615316525704211870e+01,8.695665188260034029e+01,8.747507204655371993e+01,8.769799027947755121e+01,8.762084818854623336e+01,8.724503250447405378e+01,8.657772097022333924e+01,8.563151839783253649e+01,8.442390650290886356e+01,8.297654053735060131e+01,8.131443266265894465e+01,7.946506604528072160e+01,7.745748466772869278e+01,7.532140194094210983e+01,7.308636670770869159e+01,7.078101866070745984e+01,6.843245720388952691e+01,6.606573906396056373e+01,6.370351120434485637e+01,6.136577743527433881e+01,5.906979006421777711e+01,5.683005235779148734e+01,5.465841369512126846e+01,5.256423712938050130e+01,5.055461854209730177e+01,4.863463746196599402e+01,4.680762163422561883e+01,4.507541023303517136e+01,4.343860386511160243e+01,4.189679289889534175e+01,4.044875889715987682e+01,3.909264682175288641e+01,3.782610807526468477e+01
3.738615297220922429e+01,3.806914459525864913e+01,3.874363766247408591e+01,3.940479393348700654e+01,4.004774791961671099e+01,4.066768550955316641e+01,4.125992653394035869e+01,4.182000969425446613e+01,4.234377811914263390e+01,4.282746368516100688e+01,4.326776815483769667e+01,4.366193914872326332e+01,4.400783898428122143e+01,4.430400448684335402e+01,4.454969600902460058e+01,4.474493408633122726e+01,4.489052240819120954e+01,4.498805609373852832e+01,4.503991462713774752e+01,4.504923922287720472e+01,4.501989484999135271e+01,4.495641763590349171e+01,4.486394888316327467e+01,4.474815745052099203e+01,4.461515275513667689e+01,4.447139112361874425e+01,4.432357863118294716e+01,4.417857389276927194e+01,4.404329447744265025e+01,4.392463067662289689e+01,4.382937023682660538e+01,4.376413734039996939e+01,4.373534856024124906e+01,4.374918771243888926e+01,4.381160048209738989e+01,4.392830841659579022e+01,4.410484040119135329e+01,4.434657811119269866e+01,4.465881025448851460e+01,4.504678878429571398e+01,4.551577880305894297e+01,4.607109273990425891e+01,4.671809871978346962e+01,4.746219300314722034e+01,4.830872709383384489e+01,4.926288168922467747e+01,5.032948212929457554e+01,5.151275337224069517e+01,5.281601668712360720e+01,5.424133502523876871e+01,5.578911914209237466e+01,5.745771164343734227e+01,5.924297081487908656e+01,6.113787992637560365e+01,6.313221024586696473e+01,6.521226686101945802e+01,6.736074529404484679e+01,6.955672363041054496e+01,7.177580945910369792e+01,7.399045351453537478e+01,7.617043288127273115e+01,7.828349651069002846e+01,8.029615528393733825e+01,8.217458871137696974e+01,8.388563138654188833e+01,8.539779527143561211e+01,8.668227942281791343e+01,8.771391733814721192e+01,8.847201393509971012e+01,8.894102924748251837e+01,8.911107392213594380e+01,8.897819198776892335e+01,8.854441838715131041e+01,8.781761153200875469e+01,8.681107371188278421e+01,8.554298364876791538e+01,8.403567503242138059e+01,8.231480186912686747e+01,8.040843553003573163e+01,7.834613934936015767e+01,7.615806460845436732e+01,7.387410709164696243e+01,7.152315664317248434e+01,6.913246394890211377e+01,6.672713982934044452e+01,6.432979337171154555e+01,6.196030689067261221e+01,5.963573851373477197e+01,5.737033751316754859e+01,5.517565356001726684e+01,5.306071890360789212e+01,5.103228198104812208e+01,4.909507191766539336e+01,4.725207549060670686e+01,4.550481104971101587e+01,4.385358727019880121e+01,4.229773812262479993e+01,4.083582880674556748e+01,3.946583039085837186e+01,3.818526338070669368e+01
3.695014155842319070e+01,3.760974918490126129e+01,3.826136567038106762e+01,3.890036955763316229e+01,3.952212132520823218e+01,4.012204028594738503e+01,4.069568532023320273e+01,4.123883790041981001e+01,4.174758569986875045e+01,4.221840495145205097e+01,4.264823963252367633e+01,4.303457551188414953e+01,4.337550710411084509e+01,4.366979564186249974e+01,4.391691630042990369e+01,4.411709309276523072e+01,4.427132009801920276e+01,4.438136799128081833e+01,4.444977520406820304e+01,4.447982345953307970e+01,4.447549788646887237e+01,4.444143241269635070e+01,4.438284165905933776e+01,4.430544108480223287e+01,4.421535765486326852e+01,4.411903378745248006e+01,4.402312777058786253e+01,4.393441418028557166e+01,4.385968805960428085e+01,4.380567669412691600e+01,4.377896271340277679e+01,4.378592192959200702e+01,4.383267876967192933e+01,4.392508135052516849e+01,4.406869718412811920e+01,4.426882919663234617e+01,4.453055023454900407e+01,4.485875257120197546e+01,4.525820720018418086e+01,4.573362601818102746e+01,4.628971848855562854e+01,4.693123318835382918e+01,4.766297393253971393e+01,4.848978009493738028e+01,4.941646144242774596e+01,5.044767936998649560e+01,5.158776892010824611e+01,5.284049937433262301e+01,5.420877541967245605e+01,5.569428573335503074e+01,5.729711102179063431e+01,5.901530874103045932e+01,6.084449650230348539e+01,6.277746008107644116e+01,6.480381455886977449e+01,6.690974803715918995e+01,6.907787626545730575e+01,7.128723324581763165e+01,7.351341740340211572e+01,7.572890542385241019e+01,7.790353672117248607e+01,8.000516126087933344e+01,8.200043281345983814e+01,8.385571943787655869e+01,8.553809390839273874e+01,8.701635967101381652e+01,8.826206340159328079e+01,8.925044380524235521e+01,8.996126817917851781e+01,9.037951342462106652e+01,9.049585633120537409e+01,9.030694851143894653e+01,8.981546356942078546e+01,8.902991704553616614e+01,8.796427242787936507e+01,8.663735813144415943e+01,8.507212999887300953e+01,8.329482093479182936e+01,8.133402334514403265e+01,7.921975096849877218e+01,7.698252457307836494e+01,7.465252120199620833e+01,7.225881972098804340e+01,6.982876702848298578e+01,6.738748015899852817e+01,6.495749037147984950e+01,6.255852681817619754e+01,6.020743007093599886e+01,5.791818002108865926e+01,5.570201867828726705e+01,5.356764621812624938e+01,5.152146816414169450e+01,4.956787261297365887e+01,4.770951861421373508e+01,4.594761984603189120e+01,4.428221122359704509e+01,4.271238970348714759e+01,4.123652401665592038e+01,3.985243115299311967e+01,3.855751998213337117e+01
3.649024743169293572e+01,3.712517509152410611e+01,3.775264204316864891e+01,3.836825442162478339e+01,3.896760979640406219e+01,3.954637222447221490e+01,4.010035102729506207e+01,4.062558178173627255e+01,4.111840785086336325e+01,4.157556064983999988e+01,4.199423675031890468e+01,4.237216987991557460e+01,4.270769587662468325e+01,4.299980871584077846e+01,4.324820584343575547e+01,4.345332122450803070e+01,4.361634475505992725e+01,4.373922698261019093e+01,4.382466843952281010e+01,4.387609330555633846e+01,4.389760757743657393e+01,4.389394242412102187e+01,4.387038393486196242e+01,4.383269100787661898e+01,4.378700366149999468e+01,4.373974455448662724e+01,4.369751695129416191e+01,4.366700273198308935e+01,4.365486429236004540e+01,4.366765427418977907e+01,4.371173697389896518e+01,4.379322496989985325e+01,4.391793395766239883e+01,4.409135797116019262e+01,4.431866609546806046e+01,4.460472045132969754e+01,4.495411369263636203e+01,4.537122256030710332e+01,4.586027226543827595e+01,4.642540474124617589e+01,4.707074224125709350e+01,4.780043652241077723e+01,4.861869309744406564e+01,4.952975992940569228e+01,5.053787061284754145e+01,5.164713364674209117e+01,5.286136190670504220e+01,5.418383985307513484e+01,5.561703026929224336e+01,5.716222722466271478e+01,5.881916722002713982e+01,6.058561574618333623e+01,6.245695134328184395e+01,6.442577324153612039e+01,6.648156133986142891e+01,6.861041823624127289e+01,7.079492194960127449e+01,7.301411468874920274e+01,7.524364751799350870e+01,7.745609321910391998e+01,7.962143042756891020e+01,8.170769178053018322e+01,8.368175805433777725e+01,8.551026988684083108e+01,8.716061949848977974e+01,8.860197762797349696e+01,8.980630634427100745e+01,9.074930696279095343e+01,9.141125421444179722e+01,9.177767305802871078e+01,9.183982277682727613e+01,9.159496369298831553e+01,9.104639419393147648e+01,9.020325887836713719e+01,8.908014152342788350e+01,8.769646830562729178e+01,8.607575644752137123e+01,8.424475056430232200e+01,8.223249304169716822e+01,8.006937564341021130e+01,7.778621734181831471e+01,7.541340844778699193e+01,7.298015403541505464e+01,7.051384109771611008e+01,6.803954457385104604e+01,6.557967809333220544e+01,6.315378665184555018e+01,6.077847100909897904e+01,5.846742776744854808e+01,5.623158506528099565e+01,5.407931164602000251e+01,5.201667663515057427e+01,5.004773844462330601e+01,4.817484351192150172e+01,4.639891870975512944e+01,4.471974486376024061e+01,4.313620254656450470e+01,4.164648488392933245e+01,4.024827528543359279e+01,3.893889064493357921e+01
3.601048883318202343e+01,3.661965643632500189e+01,3.722191222443487391e+01,3.781309876227205535e+01,3.838905978239262140e+01,3.894571329056912390e+01,3.947912827916509571e+01,3.998560357347619032e+01,4.046174717179138014e+01,4.090455430677883442e+01,4.131148236010545816e+01,4.168052070991035407e+01,4.201025358729663139e+01,4.229991406813314114e+01,4.254942743407717387e+01,4.275944230474254937e+01,4.293134817303054973e+01,4.306727826805344961e+01,4.317009702333599819e+01,4.324337183857190325e+01,4.329132928525523738e+01,4.331879641135687109e+01,4.333112833608136327e+01,4.333412387731449655e+01,4.333393150253179726e+01,4.333694841557271360e+01,4.334971605971989561e+01,4.337881570125355069e+01,4.343076802344755549e+01,4.351194077350141498e+01,4.362846842889148036e+01,4.378618755230056081e+01,4.399059095842060430e+01,4.424680300348212825e+01,4.455957722456449233e+01,4.493331621326956338e+01,4.537211204135637388e+01,4.587980382331888762e+01,4.646004718822203472e+01,4.711638865265591392e+01,4.785233627483339802e+01,4.867141668156762080e+01,4.957720775959506909e+01,5.057333615216577982e+01,5.166342934472109505e+01,5.285101366833152525e+01,5.413935205178954391e+01,5.553121879851367027e+01,5.702861295523636187e+01,5.863241678736478235e+01,6.034201120124855322e+01,6.215486529449536590e+01,6.406612214697173613e+01,6.606820702813146795e+01,6.815048693513436717e+01,7.029901138184585818e+01,7.249636331422965441e+01,7.472164575041684031e+01,7.695062422079115549e+01,7.915603749319217286e+01,8.130807978607197128e+01,8.337504725628362223e+01,8.532413070521582199e+01,8.712232598101221015e+01,8.873742429959895617e+01,9.013903745248464361e+01,9.129960828370349191e+01,9.219535538198402946e+01,9.280710288526564966e+01,9.312095159727311966e+01,9.312875595459838962e+01,9.282838218431729160e+01,9.222373547290172269e+01,9.132455720190858983e+01,9.014600631112459439e+01,8.870805067230213581e+01,8.703470415823068151e+01,8.515315222175109966e+01,8.309281284588988115e+01,8.088438054467751215e+01,7.855889880670672198e+01,7.614690134445372394e+01,7.367765530141407737e+01,7.117853086856564460e+01,6.867451232605847622e+01,6.618785610103802242e+01,6.373789269096847931e+01,6.134096179255438841e+01,5.901046408974274016e+01,5.675700910645042541e+01,5.458863636471865277e+01,5.251108669708703758e+01,5.052810170928825784e+01,4.864173175558617146e+01,4.685263600754956315e+01,4.516036189320351468e+01,4.356359500804386187e+01,4.206037425383266992e+01,4.064827021423644737e+01,3.932452747186037811e+01
3.551491976545564455e+01,3.609746464271848509e+01,3.667366033987905638e+01,3.723959267301334819e+01,3.779135850824958709e+01,3.832513683370386559e+01,3.883726331864700398e+01,3.932430692184709642e+01,3.978314694631726667e+01,4.021104880234376822e+01,4.060573664104950353e+01,4.096546096295365658e+01,4.128905929568487210e+01,4.157600807728815084e+01,4.182646398078657057e+01,4.204129307524133452e+01,4.222208644076910389e+01,4.237116114068054173e+01,4.249154580223844846e+01,4.258695046557031105e+01,4.266172082262180965e+01,4.272077747643731982e+01,4.276954139392789500e+01,4.281384728734679612e+01,4.285984722161228433e+01,4.291390728283367650e+01,4.298250063014311451e+01,4.307210065656899189e+01,4.318907827043516789e+01,4.333960743997951681e+01,4.352958308387110975e+01,4.376455510484214528e+01,4.404968182413052347e+01,4.438970526159793906e+01,4.478894961451607770e+01,4.525134292921849521e+01,4.578046036814176745e+01,4.637958570955014892e+01,4.705178586503690497e+01,4.779999137459796543e+01,4.862707417923967768e+01,4.953591263427088620e+01,5.052943288006682820e+01,5.161061549600367471e+01,5.278245697420669558e+01,5.404787707396312157e+01,5.540956561270118641e+01,5.686976570232918959e+01,5.842999475331562564e+01,6.009070955389183410e+01,6.185092710649139747e+01,6.370781830298898285e+01,6.565629651538566236e+01,6.768862730544915962e+01,6.979408825468669875e+01,7.195870897099955243e+01,7.416512031915461023e+01,7.639253866321763553e+01,7.861690538559210495e+01,8.081119433782177452e+01,8.294589056007725958e+01,8.498963314115400181e+01,8.691000419119615117e+01,8.867443537532906817e+01,9.025119414864462897e+01,9.161040453731682476e+01,9.272505270148931800e+01,9.357192607705091802e+01,9.413243686540739930e+01,9.439328598657520786e+01,9.434693201306144772e+01,9.399184048160839211e+01,9.333250154641385166e+01,9.237921725774499748e+01,9.114767283213616622e+01,8.965831816359703055e+01,8.793559566485313894e+01,8.600705766813400999e+01,8.390242064270783828e+01,8.165260425676272860e+01,7.928880094961598957e+01,7.684161655614802555e+01,7.434031520531581805e+01,7.181219289891920710e+01,6.928209462825245168e+01,6.677208035841275091e+01,6.430123638248980456e+01,6.188562097463957201e+01,5.953832734583344433e+01,5.726964284622581403e+01,5.508728120695805330e+01,5.299666425941572356e+01,5.100123077371292624e+01,4.910275249525153640e+01,4.730164075649502564e+01,4.559723082055143095e+01,4.398803501936771454e+01,4.247195947935471594e+01,4.104648254638202332e+01,3.970879577144911110e+01
3.500757399332835007e+01,3.556284942919676695e+01,3.611234724587291822e+01,3.665240129941300040e+01,3.717936643722528345e+01,3.768968746585117913e+01,3.817997148160335286e+01,3.864706216432287533e+01,3.908811446947272827e+01,3.950066801631307101e+01,3.988271736640719212e+01,4.023277732340731916e+01,4.054994136787048831e+01,4.083393137519138349e+01,4.108513685540573590e+01,4.130464210455888008e+01,4.149423987140666981e+01,4.165643042189435619e+01,4.179440522690538273e+01,4.191201490383890871e+01,4.201372150478297840e+01,4.210453575551959204e+01,4.218994039898250037e+01,4.227580136883867823e+01,4.236826909406818231e+01,4.247367278979379535e+01,4.259841109473057941e+01,4.274884283894965620e+01,4.293118203130803323e+01,4.315140130597116297e+01,4.341514802389521321e+01,4.372767695232166574e+01,4.409380291332016100e+01,4.451787598075455321e+01,4.500378070707162692e+01,4.555495948854006372e+01,4.617445856387121950e+01,4.686499334616942747e+01,4.762902789931678171e+01,4.846886150244919378e+01,4.938671354057013474e+01,5.038479657544577606e+01,5.146536655878490762e+01,5.263073891693963446e+01,5.388325981248878094e+01,5.522522338683884868e+01,5.665872826905276582e+01,5.818547008791929898e+01,5.980647105026124422e+01,6.152175265903535717e+01,6.332996305689912475e+01,6.522797592732544558e+01,6.721048293386208172e+01,6.926960586119977847e+01,7.139455747454474022e+01,7.357138121848488765e+01,7.578279890822648213e+01,7.800819233632012129e+01,8.022373921030029464e+01,8.240271622906649895e+01,8.451597277646995110e+01,8.653256822357577960e+01,8.842055490217654778e+01,9.014787825566845925e+01,9.168335633470574919e+01,9.299769348443444983e+01,9.406447844596429775e+01,9.486111565401033374e+01,9.536964049666143239e+01,9.557737467550848010e+01,9.547738624467163504e+01,9.506872983370945462e+01,9.435645517673462734e+01,9.335138543971297054e+01,9.206967996243544405e+01,9.053220794476426647e+01,8.876376945954464759e+01,8.679220730868277656e+01,8.464745723942249356e+01,8.236058476102542159e+01,7.996285437562835341e+01,7.748487183465257999e+01,7.495583262554768567e+01,7.240290098917171235e+01,6.985073413465082126e+01,6.732115671543222390e+01,6.483298174198677088e+01,6.240196649092734305e+01,6.004088602308406308e+01,5.775970286232084305e+01,5.556580925508781377e+01,5.346431811327639139e+01,5.145837999883994485e+01,4.954950600862476051e+01,4.773787978544888233e+01,4.602264573222983302e+01,4.440216448139385363e+01,4.287423046541095317e+01,4.143624980856705520e+01,4.008537955415753373e+01
3.449241186969393169e+01,3.501998279488331889e+01,3.554235174027223820e+01,3.605610336802598681e+01,3.655785323898714978e+01,3.704431462005026532e+01,3.751236852724834137e+01,3.795913564425791265e+01,3.838204859079293385e+01,3.877892287588618814e+01,3.914802476377305140e+01,3.948813421134360624e+01,3.979860101204955924e+01,4.007939230751367177e+01,4.033112971011857439e+01,4.055511442201230921e+01,4.075333894169347104e+01,4.092848422072304970e+01,4.108390147052713814e+01,4.122357822094505764e+01,4.135208869376593555e+01,4.147452906849953536e+01,4.159643877293699177e+01,4.172370951248037585e+01,4.186248434008417973e+01,4.201904963858960684e+01,4.219972341019181528e+01,4.241074371038007484e+01,4.265816138901673327e+01,4.294774147015947108e+01,4.328487747543003650e+01,4.367452273624124359e+01,4.412114221678235282e+01,4.462868756074113463e+01,4.520059697271235422e+01,4.583982016100667067e+01,4.654886693576214896e+01,4.732987623470246774e+01,4.818470042667929931e+01,4.911499783666739916e+01,5.012232468718716660e+01,5.120821622204838519e+01,5.237424584116828896e+01,5.362205080005611535e+01,5.495331356634766706e+01,5.636968939456815519e+01,5.787267314073471880e+01,5.946340178039750413e+01,6.114239342159450530e+01,6.290922862849782149e+01,6.476218530864619538e+01,6.669784389793538537e+01,6.871068466875631486e+01,7.079270321768410668e+01,7.293307309221476942e+01,7.511788567028514763e+01,7.732999648394063286e+01,7.954900398861715871e+01,8.175138130373505874e+01,8.391077386563547691e+01,8.599846661829005257e+01,8.798401388552898084e+01,8.983601413800035118e+01,9.152300130514649368e+01,9.301441493496874102e+01,9.428160417511374192e+01,9.529881591851277278e+01,9.604411601413879396e+01,9.650019443071755632e+01,9.665501064199794712e+01,9.650224395533996358e+01,9.604152444725862381e+01,9.527843280247185476e+01,9.422427073548568899e+01,9.289561680540290922e+01,9.131369434651126937e+01,8.950358807827704766e+01,8.749335306905337006e+01,8.531306369303513293e+01,8.299385089691416795e+01,8.056697361107964639e+01,7.806296487664960182e+01,7.551088578947982910e+01,7.293771139584461594e+01,7.036786298459098532e+01,6.782289157017734738e+01,6.532130843765662576e+01,6.287855098419138500e+01,6.050706613910679721e+01,5.821648959387147926e+01,5.601389696627779813e+01,5.390410274301495974e+01,5.188998414818711069e+01,4.997280963984061941e+01,4.815255516248338097e+01,4.642819519320039490e+01,4.479795965075818742e+01,4.325955158193156080e+01,4.181032395756200515e+01,4.044741674023651967e+01
3.397327092968419038e+01,3.447290699160902250e+01,3.496791597865054513e+01,3.545513413955213622e+01,3.593143840037363645e+01,3.639381096859632692e+01,3.683940704385882725e+01,3.726562431536229525e+01,3.767017276071361920e+01,3.805114311965096618e+01,3.840707230516026982e+01,3.873700394040562855e+01,3.904054217901835955e+01,3.931789698471663286e+01,3.956991911961094388e+01,3.979812322385845391e+01,4.000469756656745801e+01,4.019249931171667356e+01,4.036503447433023695e+01,4.052642214005285126e+01,4.068134298173335850e+01,4.083497262256203442e+01,4.099290095586071914e+01,4.116103912167341150e+01,4.134551644004570647e+01,4.155257018559551341e+01,4.178843162804152200e+01,4.205921222460392528e+01,4.237079419473683828e+01,4.272872989525910015e+01,4.313815440404678725e+01,4.360371547483642019e+01,4.412952451191801373e+01,4.471913140888447913e+01,4.537552499165256847e+01,4.610115941294030506e+01,4.689800519660494160e+01,4.776762178561466499e+01,4.871124649551700259e+01,4.972989283335573418e+01,5.082444935338044445e+01,5.199576874904624901e+01,5.324473589992217626e+01,5.457230327430896466e+01,5.597948258769561392e+01,5.746728305176091567e+01,5.903658898193992854e+01,6.068797295509688894e+01,6.242144502804016071e+01,6.423614355366426310e+01,6.612997858089630654e+01,6.809924432825121698e+01,7.013822234346616824e+01,7.223880123179655754e+01,7.439014178360150709e+01,7.657841753483938874e+01,7.878665992214294533e+01,8.099473405423253780e+01,8.317946569330237594e+01,8.531493249902837306e+01,8.737292331073422247e+01,8.932355879403485233e+01,9.113605587381653095e+01,9.277960783213785589e+01,9.422434261567750013e+01,9.544231457606771585e+01,9.640848023912708697e+01,9.710160725492762879e+01,9.750506766260150471e+01,9.760747197568814215e+01,9.740310903464926184e+01,9.689216749920194616e+01,9.608072746642297091e+01,9.498052405942139842e+01,9.360849793510135441e+01,9.198615953908904430e+01,9.013880374040130050e+01,8.809461854875586084e+01,8.588373553932774485e+01,8.353727024159577752e+01,8.108639822200737513e+01,7.856150728286976914e+01,7.599145868945407756e+01,7.340298133594568242e+01,7.082021304324186417e+01,6.826439351210623840e+01,6.575370452245320507e+01,6.330324533397006093e+01,6.092512530193583586e+01,5.862865169250883923e+01,5.642058860442102741e+01,5.430546266097733366e+01,5.228589248207308060e+01,5.036292154625757433e+01,4.853633752578593175e+01,4.680496513329150332e+01,4.516692359368491339e+01,4.361984373833379891e+01,4.216104316952473141e+01,4.078766079835560987e+01
3.345382106294069757e+01,3.392548733497292801e+01,3.439309598991319916e+01,3.485373372009907200e+01,3.530453745021965517e+01,3.574275670754285272e+01,3.616581896853524825e+01,3.657139670291910249e+01,3.695747467108201789e+01,3.732241588776167873e+01,3.766502455052063425e+01,3.798460415227462761e+01,3.828100895960955086e+01,3.855468704922851231e+01,3.880671315967012447e+01,3.903880973989269876e+01,3.925335476498345599e+01,3.945337514541371604e+01,3.964252488150265208e+01,3.982504750845447461e+01,4.000572283613214353e+01,4.018979850493408890e+01,4.038290744415288458e+01,4.059097291698574139e+01,4.082010344703135729e+01,4.107648051962173241e+01,4.136624250756014476e+01,4.169536874988666852e+01,4.206956807539234688e+01,4.249417626848409668e+01,4.297406698196817842e+01,4.351358037000935042e+01,4.411647321135964717e+01,4.478589349421623922e+01,4.552438133039142087e+01,4.633389666747614655e+01,4.721587260630917626e+01,4.817129126716886134e+01,4.920077717054086008e+01,5.030470112497360446e+01,5.148328578966960833e+01,5.273670256776119203e+01,5.406514846336679625e+01,5.546889117526143309e+01,5.694827115815731844e+01,5.850365077905514255e+01,6.013530309610085567e+01,6.184323618392269850e+01,6.362695322938015607e+01,6.548515363733545769e+01,6.741538583476423696e+01,6.941366797461614624e+01,7.147409788322673307e+01,7.358847789489811930e+01,7.574598320433889853e+01,7.793290361797579635e+01,8.013248776745315638e+01,8.232491576823480273e+01,8.448742094090542309e+01,8.659457373574666406e+01,8.861873178687810082e+01,9.053064963240544216e+01,9.230023078617443844e+01,9.389739434919617622e+01,9.529301905082853352e+01,9.645992031321446802e+01,9.737381131749370411e+01,9.801419760564849071e+01,9.836515672031107727e+01,9.841595973089106053e+01,9.816149989809183296e+01,9.760250460814317819e+01,9.674551926696973680e+01,9.560266514359078371e+01,9.419118619310468432e+01,9.253281170606652495e+01,9.065297137441640984e+01,8.857990637738119233e+01,8.634372396154134321e+01,8.397544357734847154e+01,8.150608007213944006e+01,7.896580410610829404e+01,7.638321243028758545e+01,7.378473165641145215e+01,7.119416943180148394e+01,6.863241727188983532e+01,6.611730038643719354e+01,6.366356222235300777e+01,6.128296553227531973e+01,5.898448778015043104e+01,5.677458665234080115e+01,5.465751123619894258e+01,5.263563581102412314e+01,5.070979583343962815e+01,4.887960920755675431e+01,4.714376991904322267e+01,4.550030521701999930e+01,4.394679143700476232e+01,4.248052703031211053e+01,4.109866423665495461e+01
3.293752492492808415e+01,3.338137054938253812e+01,3.382171801914824272e+01,3.425590148963846815e+01,3.468131458647739862e+01,3.509547052229809339e+01,3.549606505925737565e+01,3.588104107980098689e+01,3.624865336342261912e+01,3.659753202271474493e+01,3.692674293436078869e+01,3.723584341652768614e+01,3.752493136015482378e+01,3.779468602460356408e+01,3.804639876448093361e+01,3.828199207011176952e+01,3.850402548419420157e+01,3.871568720548940945e+01,3.892077050912684655e+01,3.912363450218371241e+01,3.932914918974802276e+01,3.954262534440366750e+01,3.976973024065517848e+01,4.001639092031878420e+01,4.028868727537334848e+01,4.059273784590632772e+01,4.093458180201218966e+01,4.132006107428679798e+01,4.175470697833436873e+01,4.224363590226057852e+01,4.279145864976052138e+01,4.340220781469702871e+01,4.407928707140013103e+01,4.482544547361631260e+01,4.564277875389736039e+01,4.653275821320927008e+01,4.749628612018360485e+01,4.853377466038708121e+01,4.964524347718092656e+01,5.083042884541869455e+01,5.208889566223835033e+01,5.342014189106996014e+01,5.482368403242628574e+01,5.629911179303852009e+01,5.784610054064360440e+01,5.946437148657837213e+01,6.115359189905596793e+01,6.291321101125139847e+01,6.474223155857944789e+01,6.663892187271112277e+01,6.860047889477533545e+01,7.062265797959076963e+01,7.269939051276389819e+01,7.482241468211107360e+01,7.698094776444906984e+01,7.916142958436306287e+01,8.134736604126285897e+01,8.351929858895017844e+01,8.565492026388059799e+01,8.772935146487321845e+01,8.971557955932740924e+01,9.158505608693518241e+01,9.330843456183632156e+01,9.485642144821234467e+01,9.620070364464976365e+01,9.731490855751353308e+01,9.817554825049242595e+01,9.876289771340211132e+01,9.906175924053984261e+01,9.906207021259714907e+01,9.875931991855883041e+01,9.815475185625794552e+01,9.725534042060351680e+01,9.607354409234055481e+01,9.462685018446003937e+01,9.293713792650183336e+01,9.102989632506226769e+01,8.893334017867735497e+01,8.667747143732098891e+01,8.429313364256508123e+01,8.181110459689941194e+01,7.926126706826271118e+01,7.667188981457275077e+01,7.406904222285839978e+01,7.147615617010819733e+01,6.891373908910924229e+01,6.639923334737238747e+01,6.394700947764573584e+01,6.156847492836504898e+01,5.927227604644701842e+01,5.706456900126761411e+01,5.494933518765981972e+01,5.292871806038768057e+01,5.100336101729270410e+01,4.917272948032844226e+01,4.743540433240175958e+01,4.578933798916916942e+01,4.423206830729809269e+01,4.276088901272590448e+01,4.137297821044298729e+01
3.242760408934537253e+01,3.284394917409294123e+01,3.325734124849050488e+01,3.366535722059606428e+01,3.406564229871789706e+01,3.445596784506831511e+01,3.483429194467710488e+01,3.519882149390370074e+01,3.554807444865710409e+01,3.588094072678971713e+01,3.619674013851497563e+01,3.649527562985819884e+01,3.677688007402847603e+01,3.704245484118170850e+01,3.729349842514304214e+01,3.753212351264860303e+01,3.776106105214262243e+01,3.798365011952657966e+01,3.820381269021253701e+01,3.842601281084800746e+01,3.865520011775826958e+01,3.889673816659067285e+01,3.915631860879103243e+01,3.943986286060449942e+01,3.975341353927053945e+01,4.010301856348453242e+01,4.049461140005055171e+01,4.093389144988849182e+01,4.142620896390421592e+01,4.197645911967362053e+01,4.258898992981532672e+01,4.326752845097969669e+01,4.401512928302189920e+01,4.483414856559519990e+01,4.572624558311370890e+01,4.669241268710647574e+01,4.773303256944335260e+01,4.884796003010534804e+01,5.003662336789343357e+01,5.129813850001927733e+01,5.263142703198988670e+01,5.403532791853145767e+01,5.550869125682032745e+01,5.705044231073996031e+01,5.865960423742863128e+01,6.033526929753605827e+01,6.207651064651486195e+01,6.388223012220180408e+01,6.575094167420678559e+01,6.768049503918683740e+01,6.966774967399393859e+01,7.170821445102872360e+01,7.379567376528163436e+01,7.592182503162376861e+01,7.807595559593264056e+01,8.024468842170055893e+01,8.241182521326808796e+01,8.455831270106114061e+01,8.666235261709488213e+01,8.869966859797482073e+01,9.064393423451546994e+01,9.246735629451721650e+01,9.414139648260224646e+01,9.563760477205396171e+01,9.692852818433065920e+01,9.798865169505559436e+01,9.879532338381235945e+01,9.932961450307919904e+01,9.957706706035368427e+01,9.952828675316195017e+01,9.917934735442894123e+01,9.853198334157654870e+01,9.759355991134165720e+01,9.637682259639727533e+01,9.489944151407625839e+01,9.318337687784497803e+01,9.125410195148266723e+01,8.913972647650236070e+01,8.687006734944137065e+01,8.447571383073774598e+01,8.198713196397997649e+01,7.943384755017800103e+01,7.684373952933714236e+01,7.424246667677148537e+01,7.165304089113701025e+01,6.909555079115426679e+01,6.658703052881064366e+01,6.414146122138282635e+01,6.176988659357306233e+01,5.948062051695728059e+01,5.727952217370940247e+01,5.517031443501440435e+01,5.315492248514529905e+01,5.123381240524595626e+01,4.940631297480940987e+01,4.767090796440680833e+01,4.602549031752639053e+01,4.446757354212891755e+01,4.299445911309045698e+01,4.160336156196108703e+01
3.192701128014822842e+01,3.231633238443808409e+01,3.270322726469589014e+01,3.308550926825546412e+01,3.346106837877519524e+01,3.382792680566608112e+01,3.418429715913167399e+01,3.452864205713866852e+01,3.485973384721211943e+01,3.517671297939750730e+01,3.547914344347151427e+01,3.576706359033165228e+01,3.604103060155668459e+01,3.630215685963875671e+01,3.655213651150046417e+01,3.679326061640995960e+01,3.702841943236775535e+01,3.726109062736239963e+01,3.749531250682020556e+01,3.773564172707319386e+01,3.798709541480791074e+01,3.825507812871417457e+01,3.854529467215787264e+01,3.886365038001441974e+01,3.921614113883106967e+01,3.960873603159407708e+01,4.004725609528679797e+01,4.053725320461654746e+01,4.108389350790300654e+01,4.169185009745338988e+01,4.236520965242105774e+01,4.310739760499338757e+01,4.392112591442526082e+01,4.480836676158472187e+01,4.577035438759624242e+01,4.680761590151963958e+01,4.792003020526868085e+01,4.910691228804491004e+01,5.036711811589816534e+01,5.169916330268344495e+01,5.310134684163079299e+01,5.457186956792081389e+01,5.610893588952151845e+01,5.771082684214484004e+01,5.937593285322811454e+01,6.110273586267622647e+01,6.288973271403829557e+01,6.473529499669696463e+01,6.663746469987660248e+01,6.859368995128708946e+01,7.060051048099121829e+01,7.265320791291378555e+01,7.474544111404227920e+01,7.686889115917894344e+01,7.901294353197577891e+01,8.116443656013817076e+01,8.330750444360043616e+01,8.542354038216905110e+01,8.749130021564781146e+01,8.948715981866030234e+01,9.138553060589339339e+01,9.315942744721127156e+01,9.478117276267298053e+01,9.622321036030773200e+01,9.745899352227445434e+01,9.846390472293191465e+01,9.921615984225235252e+01,9.969764829993989963e+01,9.989466241921846290e+01,9.979847450190372626e+01,9.940572824719230027e+01,9.871862170796406133e+01,9.774487117334821562e+01,9.649745827734409431e+01,9.499417528537922806e+01,9.325699495982189546e+01,9.131130082335475606e+01,8.918502038514070307e+01,8.690770756788616325e+01,8.450962103991969343e+01,8.202084254785339112e+01,7.947047403633888507e+01,7.688594490014023108e+01,7.429245183988322765e+01,7.171254424642717140e+01,6.916585856896227824e+01,6.666899640259225635e+01,6.423553360973156146e+01,6.187614205259215794e+01,5.959880167115777994e+01,5.740907872794979028e+01,5.531044593741614079e+01,5.330462165845028721e+01,5.139190802062766039e+01,4.957151139892876301e+01,4.784183266118851918e+01,4.620071872672318136e+01,4.464567088524502481e+01,4.317400879321162677e+01,4.178299192810227680e+01
3.143840885869209245e+01,3.180132341028717136e+01,3.216231646086331608e+01,3.251943002440777519e+01,3.287079051321762790e+01,3.321466206950283606e+01,3.354950235428906069e+01,3.387401968197173119e+01,3.418723022652362431e+01,3.448851387821996184e+01,3.477766720420684976e+01,3.505495186916925832e+01,3.532113681099530567e+01,3.557753244814607996e+01,3.582601522788426252e+01,3.606904091475914242e+01,3.630964517329427110e+01,3.655143022306122447e+01,3.679853664197348451e+01,3.705559976614927109e+01,3.732769058057714062e+01,3.762024150892971619e+01,3.793895808372399614e+01,3.828971809515920910e+01,3.867846045843183589e+01,3.911106667940993020e+01,3.959323840574816700e+01,4.013037508797412301e+01,4.072745620145472856e+01,4.138893275119828274e+01,4.211863285215886776e+01,4.291968600525689226e+01,4.379447023667038508e+01,4.474458550806059520e+01,4.577085572589706430e+01,4.687336028597047743e+01,4.805149441539556676e+01,4.930405567722472426e+01,5.062935197011292132e+01,5.202532430482229131e+01,5.348967571519318653e+01,5.501999602903340048e+01,5.661387106131202529e+01,5.826896427397378631e+01,5.998305923242123328e+01,6.175405240206055879e+01,6.357988803955694834e+01,6.545843014201498988e+01,6.738727053776793241e+01,6.936347705621851389e+01,7.138329102877528953e+01,7.344178879079328226e+01,7.553252695171988762e+01,7.764719551616499871e+01,7.977530601127628529e+01,8.190394318801983786e+01,8.401760828714046170e+01,8.609817909793889612e+01,8.812500705982172633e+01,9.007516462274863045e+01,9.192384734873390073e+01,9.364492534032847004e+01,9.521162821064696402e+01,9.659733774808550777e+01,9.777645349476159709e+01,9.872528942661733709e+01,9.942295545419788994e+01,9.985217603114909934e+01,1.000000000000000000e+02,9.985836089048731878e+01,9.942445490841149081e+01,9.870091425304788402e+01,9.769576541194743413e+01,9.642217479813731984e+01,9.489799655400493350e+01,9.314514861687139557e+01,9.118885240605995079e+01,8.905677811816005374e+01,8.677814121088259469e+01,8.438279608453319725e+01,8.190037036546166860e+01,7.935947792811505508e+01,7.678704142353730333e+01,7.420774630400947558e+01,7.164363889716915423e+01,6.911387172859471661e+01,6.663459068520612050e+01,6.421895129342055952e+01,6.187724573710028864e+01,5.961711846746754873e+01,5.744384639462261077e+01,5.536065957830190598e+01,5.336907981040329219e+01,5.146925717364904074e+01,4.966028819364352387e+01,4.794050319224797363e+01,4.630771454143769006e+01,4.475942140321852492e+01,4.329296998593090251e+01,4.190567118982841777e+01
3.096415358393510431e+01,3.130140356743926944e+01,3.163721138476216055e+01,3.196983864218592331e+01,3.229763845952753343e+01,3.261910655673094084e+01,3.293293467124431118e+01,3.323806523652092437e+01,3.353374609099881809e+01,3.381958383954540892e+01,3.409559436194429338e+01,3.436224886245295096e+01,3.462051378812962099e+01,3.487188291917112792e+01,3.511839995965321037e+01,3.536267003933151898e+01,3.560785868344481742e+01,3.585767702358118925e+01,3.611635231280051528e+01,3.638858317424986666e+01,3.667947945338690374e+01,3.699448705486163647e+01,3.733929871690459379e+01,3.771975229446749722e+01,3.814171876751121459e+01,3.861098283699584499e+01,3.913311958667172519e+01,3.971337123659525048e+01,4.035652845274690748e+01,4.106682096153922146e+01,4.184782230289270188e+01,4.270237339758010364e+01,4.363252916610112209e+01,4.463953168985236886e+01,4.572381233782871846e+01,4.688502389993790587e+01,4.812210210143999234e+01,4.943335397963379307e+01,5.081656857083137879e+01,5.226914329957428151e+01,5.378821752653387023e+01,5.537080306121433182e+01,5.701390025674093920e+01,5.871458775190612300e+01,6.047007416872153840e+01,6.227770123590933338e+01,6.413488996108181084e+01,6.603902461772074162e+01,6.798727336445151082e+01,6.997634909822608051e+01,7.200221939166459606e+01,7.405977972535661991e+01,7.614250928001212060e+01,7.824213284535154855e+01,8.034831547662085427e+01,8.244841797228457381e+01,8.452734073193178688e+01,8.656748088571004018e+01,8.854882273426991901e+01,9.044917465685071534e+01,9.224455708332391168e+01,9.390973641229933833e+01,9.541888956777469843e+01,9.674637399412914363e+01,9.786756909860227438e+01,9.875974822612725745e+01,9.940293584334469301e+01,9.978070318525493576e+01,9.988085741414411700e+01,9.969598432624331963e+01,9.922381251645559530e+01,9.846737712497264283e+01,9.743497308748646901e+01,9.613990030191720848e+01,9.460001536196131156e+01,9.283711557429717232e+01,9.087619006747841865e+01,8.874457929453186011e+01,8.647108773935750037e+01,8.408509503000415464e+01,8.161570807027170815e+01,7.909099159026527559e+01,7.653730724075715841e+01,7.397878269740812129e+01,7.143692293942439164e+01,6.893036665248345685e+01,6.647478223356756644e+01,6.408289067794547123e+01,6.176459708111087821e+01,5.952720879381971031e+01,5.737571645937268983e+01,5.531311411996448157e+01,5.334073606210367302e+01,5.145859075360861112e+01,4.966567573501248489e+01,4.796026128770859742e+01,4.634013475696414019e+01,4.480280125834693195e+01,4.334563990721972004e+01,4.196601752421575782e+01
3.050628751591196419e+01,3.081872276185212911e+01,3.113016688243669350e+01,3.143909086844780987e+01,3.174406362875186005e+01,3.204380085014340551e+01,3.233721606366021462e+01,3.262347288956513580e+01,3.290203727388632160e+01,3.317272838219115272e+01,3.343576668743194347e+01,3.369181768515728947e+01,3.394202959857582869e+01,3.418806340571010338e+01,3.443211353915314277e+01,3.467691768354914217e+01,3.492575423411516056e+01,3.518242618751200013e+01,3.545123051874874420e+01,3.573691245687608387e+01,3.604460450730521615e+01,3.637975057525693501e+01,3.674801611420049596e+01,3.715518584114529688e+01,3.760705120759156728e+01,3.810929046514239360e+01,3.866734478656614726e+01,3.928629445925309938e+01,3.997073961668697706e+01,4.072469026981873697e+01,4.155147049829763262e+01,4.245364151767000749e+01,4.343294791490416173e+01,4.449029061287713205e+01,4.562572907127957222e+01,4.683851386255274463e+01,4.812714910646976563e+01,4.948948236256285327e+01,5.092281755191802972e+01,5.242404442445403845e+01,5.398977614699407468e+01,5.561648492450592585e+01,5.730062435682362576e+01,5.903872665007340714e+01,6.082746300356085811e+01,6.266365660270249549e+01,6.454423973820794913e+01,6.646614964349274146e+01,6.842616161573189970e+01,7.042066268946859964e+01,7.244537430189114957e+01,7.449503767899300044e+01,7.656308066992636441e+01,7.864128901399351435e+01,8.071950809128850324e+01,8.278540267595536761e+01,8.482430175810692674e+01,8.681915293190358796e+01,8.875060613018587219e+01,9.059723977136233941e+01,9.233593401282148250e+01,9.394238629500837590e+01,9.539175437476480113e+01,9.665940234442865631e+01,9.772171650542297527e+01,9.855695116288286783e+01,9.914606007028348245e+01,9.947346784105351958e+01,9.952773738945738558e+01,9.930209433721324785e+01,9.879477703105366970e+01,9.800919081989142967e+01,9.695385679833529480e+01,9.564215746136588336e+01,9.409189370323427681e+01,9.232467843181103717e+01,9.036520096796867563e+01,8.824040274777890147e+01,8.597860826209287666e+01,8.360865552713440252e+01,8.115906780991829805e+01,7.865730319318782904e+01,7.612911140125338250e+01,7.359801879101507893e+01,7.108495326931057434e+01,6.860801184534034292e+01,6.618236520961286828e+01,6.382028667133114652e+01,6.153128735258380289e+01,5.932233592872604078e+01,5.719813945146383816e+01,5.516146177650995241e+01,5.321345760328277663e+01,5.135400279838611226e+01,4.958200515147404275e+01,4.789568362852040906e+01,4.629280819588129248e+01,4.477089609171457596e+01,4.332736378890950135e+01,4.195963666955533000e+01
3.006653479860176503e+01,3.035509618529768261e+01,3.064308673738634425e+01,3.092917566484472758e+01,3.121213573558332044e+01,3.149088993141333503e+01,3.176456018871656894e+01,3.203251723767517944e+01,3.229443039662099579e+01,3.255031603141072338e+01,3.280058325994124857e+01,3.304607537589670585e+01,3.328810539107089994e+01,3.352848406008290993e+01,3.376953876316235892e+01,3.401412168998713526e+01,3.426560589786853939e+01,3.452786801745001810e+01,3.480525665347086317e+01,3.510254587973086871e+01,3.542487365585617454e+01,3.577766549472595159e+01,3.616654427487440415e+01,3.659722770804191327e+01,3.707541561879398984e+01,3.760666984519589562e+01,3.819629019532370506e+01,3.884919045669188620e+01,3.956977891258319602e+01,4.036184812574720837e+01,4.122847886004836937e+01,4.217196288048531727e+01,4.319374896330913316e+01,4.429441573234822727e+01,4.547367390116156827e+01,4.673039914851389653e+01,4.806269521562937541e+01,4.946798494352550790e+01,5.094312495238322924e+01,5.248453761648674742e+01,5.408835204844157829e+01,5.575054413665576192e+01,5.746706445365821736e+01,5.923394224219499193e+01,6.104735384758748040e+01,6.290364502157964210e+01,6.479929854658310262e+01,6.673084162355792159e+01,6.869469135389834946e+01,7.068694125809690831e+01,7.270309685367718089e+01,7.473777352172498922e+01,7.678437482083489840e+01,7.883477361821003626e+01,8.087902145779494845e+01,8.290511307293641607e+01,8.489883255828956976e+01,8.684370524959362569e+01,8.872107478621737187e+01,9.051031829612578861e+01,9.218920447857279044e+01,9.373439007280013868e+01,9.512204044042657358e+01,9.632855049821394289e+01,9.733133379143870911e+01,9.810964083261009705e+01,9.864536357249518517e+01,9.892378147286534329e+01,9.893420634100355926e+01,9.867048783798382772e+01,9.813134909864493238e+01,9.732053167302019858e+01,9.624674029243516316e+01,9.492338992232843964e+01,9.336816927770786378e+01,9.160244556454526332e+01,8.965054389810102009e+01,8.753894103967883211e+01,8.529541641361684867e+01,8.294820369321249132e+01,8.052518370455027252e+01,7.805315434372499794e+01,7.555720617033216513e+01,7.306022398565593789e+01,7.058252574109977218e+01,6.814164125359710056e+01,6.575222506134005584e+01,6.342609084714960943e+01,6.117234954853630313e+01,5.899762975699896828e+01,5.690635731450186796e+01,5.490107102597356459e+01,5.298275288890268087e+01,5.115115387854615392e+01,4.940509976020568672e+01,4.774276526198477200e+01,4.616190889098043471e+01,4.466006442113480546e+01,4.323468839570621469e+01,4.188326571821093580e+01
2.964630394094666599e+01,2.991200679749259095e+01,3.017752637607511446e+01,3.044171816340384851e+01,3.070354603607479405e+01,3.096212673943291804e+01,3.121677633221008463e+01,3.146705765220258755e+01,3.171282770330755341e+01,3.195428371857389394e+01,3.219200652367550219e+01,3.242699971726037234e+01,3.266072310650656618e+01,3.289511879596339128e+01,3.313262833368840177e+01,3.337619937907913226e+01,3.362928047945516141e+01,3.389580273421928780e+01,3.418014739159141158e+01,3.448709876648500483e+01,3.482178228910017737e+01,3.518958798847938851e+01,3.559608027531530894e+01,3.604689550019718070e+01,3.654762940795215798e+01,3.710371726042021834e+01,3.772031002745954709e+01,3.840215061212386161e+01,3.915345453897967332e+01,3.997779984946676990e+01,4.087803106913155915e+01,4.185618199453641353e+01,4.291342165430559419e+01,4.405002710050072778e+01,4.526538566903247585e+01,4.655802801576903249e+01,4.792569161633801400e+01,4.936541256702301439e+01,5.087364152515554849e+01,5.244637759237002683e+01,5.407931201168696589e+01,5.576797187890800700e+01,5.750785283118931801e+01,5.929452904125936641e+01,6.112372896924226495e+01,6.299136632744519204e+01,6.489351766847707381e+01,6.682634091865097048e+01,6.878593297168757204e+01,7.076812896912628048e+01,7.276825087156296945e+01,7.478081803602782429e+01,7.679923736337303808e+01,7.881549473299904207e+01,8.081987246684781212e+01,8.280071906583181374e+01,8.474429712711378215e+01,8.663473298930355782e+01,8.845408722921990829e+01,9.018255878937829095e+01,9.179882757321087183e+01,9.328053129894944107e+01,9.460486288670894339e+01,9.574926539250193969e+01,9.669219325500954199e+01,9.741390210597501209e+01,9.789722522614376032e+01,9.812829334881176635e+01,9.809715614593640964e+01,9.779826835218862868e+01,9.723081081038986895e+01,9.639882624240570408e+01,9.531116055576993062e+01,9.398121215208729495e+01,9.242650311962081844e+01,9.066809650855272196e+01,8.872989234812418147e+01,8.663784108681912244e+01,8.441911635592069274e+01,8.210128925321919269e+01,7.971154384178106511e+01,7.727596860381875388e+01,7.481895170470615142e+01,7.236269974979977349e+01,6.992689095437437174e+01,6.752846498133402520e+01,6.518154374937148532e+01,6.289747077604936010e+01,6.068495144765526561e+01,5.855027318969371919e+01,5.649758287726633199e+01,5.452919885877673778e+01,5.264593643962010105e+01,5.084742827489484540e+01,4.913242449924583610e+01,4.749906121869082654e+01,4.594508986925628591e+01,4.446806362460696960e+01,4.306548028800268924e+01,4.173488378274815602e+01
2.924669511643565301e+01,2.949061308639316437e+01,2.973470110234121222e+01,2.997798838971209534e+01,3.021961655622202159e+01,3.045888192373330483e+01,3.069527971005256717e+01,3.092854915703571095e+01,3.115871854913071104e+01,3.138614892225801611e+01,3.161157513274046238e+01,3.183614284667835648e+01,3.206143992925662900e+01,3.228952066906718699e+01,3.252292127304979630e+01,3.276466512153130139e+01,3.301825638809165042e+01,3.328766081269547072e+01,3.357727267424846218e+01,3.389186734378128563e+01,3.423653921215164786e+01,3.461662527303727899e+01,3.503761519507776256e+01,3.550504932309307549e+01,3.602440668836713655e+01,3.660098575695447209e+01,3.723978127167292485e+01,3.794536111105697529e+01,3.872174755549576730e+01,3.957230767232566393e+01,4.049965766205720996e+01,4.150558590338590648e+01,4.259099905685108212e+01,4.375589490726918029e+01,4.499936462881099430e+01,4.631962584794723625e+01,4.771408628555242615e+01,4.917943593371150968e+01,5.071176374712715074e+01,5.230669281383096347e+01,5.395952605144528746e+01,5.566539281016845564e+01,5.741938552018136477e+01,5.921667486705098327e+01,6.105259206645585834e+01,6.292266775978174564e+01,6.482261893625869220e+01,6.674827811143237000e+01,6.869546268362557839e+01,7.065978679114465422e+01,7.263642285778290386e+01,7.461982501788243383e+01,7.660343136791576057e+01,7.857936607652356997e+01,8.053816537484576088e+01,8.246855295752102677e+01,8.435729004524026209e+01,8.618912310450197367e+01,8.794684795277549938e+01,8.961150283338996303e+01,9.116269533792016944e+01,9.257905926481373626e+01,9.383882824834277869e+01,9.492050397885746804e+01,9.580358880194710025e+01,9.646934613261782943e+01,9.690154804914584474e+01,9.708716807248373470e+01,9.701697870992040862e+01,9.668601782249353960e+01,9.609389499257726186e+01,9.524491831998064129e+01,9.414803277352056909e+01,9.281657255627047221e+01,9.126784104067877479e+01,8.952254185600411063e+01,8.760409292954413729e+01,8.553786112679327402e+01,8.335035824957364525e+01,8.106843941889866301e+01,7.871854241252889040e+01,7.632600168285142672e+01,7.391446405887671744e+01,7.150542516357913314e+01,6.911789703450068600e+01,6.676820899089071304e+01,6.446993604596406158e+01,6.223394260540482037e+01,6.006852416554450969e+01,5.797962641046023435e+01,5.597111953392668227e+01,5.404510566727464038e+01,5.220223875297556049e+01,5.044203876327631519e+01,4.876318547905881218e+01,4.716378076556139831e+01,4.564157208199701188e+01,4.419413356225039990e+01,4.281900418732561775e+01,4.151378519047560189e+01
2.886851192384485287e+01,2.909176151672908262e+01,2.931549923808406177e+01,2.953891509829214002e+01,2.976131462320268639e+01,2.998215907199555375e+01,3.020110739243606446e+01,3.041805905065541893e+01,3.063319672341417288e+01,3.084702769845748804e+01,3.106042269897032782e+01,3.127465073804290441e+01,3.149140852596885409e+01,3.171284290523249183e+01,3.194156478368281427e+01,3.218065308417896375e+01,3.243364733709365311e+01,3.270452771775637046e+01,3.299768157997834095e+01,3.331785586279062983e+01,3.367009515104037121e+01,3.405966564837099497e+01,3.449196586567788358e+01,3.497242542648606900e+01,3.550639402418549651e+01,3.609902320995244196e+01,3.675514431368002022e+01,3.747914636688626899e+01,3.827485836519369400e+01,3.914544053421869307e+01,4.009328940120999363e+01,4.111996138202918871e+01,4.222611923096290809e+01,4.341150504074008865e+01,4.467494250724084282e+01,4.601436989136342959e+01,4.742690354558212107e+01,4.890893007703843409e+01,5.045622327266190865e+01,5.206407992287408604e+01,5.372746678244121199e+01,5.544116925360382453e+01,5.719993113275094032e+01,5.899857409232205185e+01,6.083208562423047283e+01,6.269566506873461975e+01,6.458471916421244430e+01,6.649480128583897454e+01,6.842149212535804281e+01,7.036022384638127392e+01,7.230605449132337981e+01,7.425340430109773138e+01,7.619577026014178500e+01,7.812543918512787400e+01,8.003322262185716340e+01,8.190823832411317085e+01,8.373776286072865105e+01,8.550717774845712427e+01,8.720002740123075569e+01,8.879820125141387166e+01,9.028224493942796869e+01,9.163179695041119999e+01,9.282613809935682525e+01,9.384483251662287273e+01,9.466843098144569524e+01,9.527920127502773084e+01,9.566184625897481908e+01,9.580416905066016398e+01,9.569764617819156172e+01,9.533787393200871918e+01,9.472486002438132857e+01,9.386314163590567716e+01,9.276172130120929182e+01,9.143382307374355378e+01,8.989648217066276459e+01,8.816999101875248357e+01,8.627723258667259643e+01,8.424293754553234237e+01,8.209290480492337849e+01,7.985322521219828218e+01,7.754954579766612710e+01,7.520640722544189316e+01,7.284668056506984612e+01,7.049112174232331540e+01,6.815805371999830697e+01,6.586317825188992003e+01,6.361951152996314818e+01,6.143743167951384265e+01,5.932482118249996006e+01,5.728728410336977106e+01,5.532841648061230444e+01,5.345010832089806030e+01,5.165285707178099983e+01,4.993607495823418674e+01,4.829837581221880782e+01,4.673783066135369779e+01,4.525218505435083216e+01,4.383903461528500145e+01,4.249595842520953681e+01,4.122061238539804151e+01
2.851227699511343872e+01,2.871600301769355212e+01,2.892049948612529420e+01,2.912510400124214272e+01,2.932927194585438713e+01,2.953261462420616468e+01,2.973493902974499292e+01,2.993628841871773716e+01,3.013698272135167144e+01,3.033765768236385441e+01,3.053930149405884009e+01,3.074328757498191322e+01,3.095140206243913639e+01,3.116586453626695530e+01,3.138934048253657494e+01,3.162494404800971282e+01,3.187622973738927001e+01,3.214717187314740698e+01,3.244213087790877381e+01,3.276580575579076537e+01,3.312317254259360055e+01,3.351940896240948575e+01,3.395980606271053404e+01,3.444966818873244563e+01,3.499420328272576342e+01,3.559840613009735932e+01,3.626693779227969117e+01,3.700400502940152592e+01,3.781324398385892493e+01,3.869761272488848647e+01,3.965929739939392107e+01,4.069963665254351781e+01,4.181906863528358542e+01,4.301710427641374679e+01,4.429232954938497357e+01,4.564243821168263082e+01,4.706429496285868197e+01,4.855402720670651462e+01,5.010714169183937372e+01,5.171866034853883320e+01,5.338326776866952628e+01,5.509546113985615534e+01,5.684969220639894871e+01,5.864049014876041355e+01,6.046255429778736357e+01,6.231080644583182959e+01,6.418039425465775594e+01,6.606663989748327026e+01,6.796493154326370245e+01,6.987055944690612819e+01,7.177850301823113455e+01,7.368317999834883381e+01,7.557817340852861321e+01,7.745595585298093511e+01,7.930763365048090918e+01,8.112273477311389058e+01,8.288906439110094482e+01,8.459264978020866010e+01,8.621779240493128782e+01,8.774723927139146440e+01,8.916247844194751337e+01,9.044415536947923329e+01,9.157259802337964061e+01,9.252843030737523122e+01,9.329324570726140564e+01,9.385030711690453131e+01,9.418523493834251781e+01,9.428664424572745872e+01,9.414669325122513044e+01,9.376150949330546780e+01,9.313146682963699163e+01,9.226129498733850198e+01,9.116001345540993839e+01,8.984069213174049651e+01,8.832005154522425983e+01,8.661792487286930964e+01,8.475661167002650132e+01,8.276015869428624683e+01,8.065360609693900074e+01,7.846223747114910907e+01,7.621086989855936622e+01,7.392321554423264729e+01,7.162133999498362869e+01,6.932523500954219742e+01,6.705251529190516635e+01,6.481824094277342851e+01,6.263485995480534285e+01,6.051225895447762326e+01,5.845790567884327515e+01,5.647706358171888752e+01,5.457305751547100670e+01,5.274756952430294632e+01,5.100094519945783134e+01,4.933249349905045733e+01,4.774076609924481573e+01,4.622380588725522443e+01,4.477935782105599571e+01,4.340503880160759564e+01,4.209846622614649192e+01,4.085734737704660091e+01
2.817825080086077705e+01,2.836361282390803140e+01,2.854999179323857561e+01,2.873685963248819064e+01,2.892380745178072132e+01,2.911058164676907367e+01,2.929712152051445884e+01,2.948359764567553043e+01,2.967045004249527551e+01,2.985842511083741257e+01,3.004861012768357043e+01,3.024246401159717834e+01,3.044184297004593986e+01,3.064901959218202876e+01,3.086669393718615240e+01,3.109799520519449700e+01,3.134647267245975399e+01,3.161607473224919573e+01,3.191111511412263013e+01,3.223622566059906092e+01,3.259629542286248949e+01,3.299639629345101355e+01,3.344169591676227071e+01,3.393735919551410518e+01,3.448844032518921665e+01,3.509976791516542960e+01,3.577582636492632417e+01,3.652063722114904465e+01,3.733764470662618606e+01,3.822960994179288718e+01,3.919851852996399799e+01,4.024550610584694965e+01,4.137080611622965876e+01,4.257372348375731974e+01,4.385263688452612740e+01,4.520503115058447463e+01,4.662755981371866199e+01,4.811613608631559202e+01,4.966604870458412790e+01,5.127209714167777577e+01,5.292873886039466669e+01,5.463023966346669624e+01,5.637081697136655833e+01,5.814476517033842384e+01,5.994655217046534545e+01,6.177087710924428876e+01,6.361268079932126795e+01,6.546710305852997180e+01,6.732938441266449558e+01,6.919471368336110118e+01,7.105802744146132000e+01,7.291377192326939394e+01,7.475564241844384128e+01,7.657631895544791689e+01,7.836721994279093906e+01,8.011829691503413642e+01,8.181789339727038168e+01,8.345268896440830986e+01,8.500774579409493015e+01,8.646666951392654710e+01,8.781188920713233870e+01,8.902505350107762183e+01,9.008753128015548839e+01,9.098099738266475356e+01,9.168807633301418036e+01,9.219301136694328136e+01,9.248232227518909099e+01,9.254541431655245276e+01,9.237510183654701734e+01,9.196801425372174776e+01,9.132485849702167968e+01,9.045052033976388373e+01,8.935399675373668060e+01,8.804816166041132419e+01,8.654937749771909239e+01,8.487697408743170513e+01,8.305262371076725003e+01,8.109964656171123920e+01,7.904228352675485780e+01,7.690497343121415952e+01,7.471166960791197198e+01,7.248522619190163141e+01,7.024687839081639140e+01,6.801583369636657039e+01,6.580898320877275864e+01,6.364073455288529857e+01,6.152296082034784774e+01,5.946505402006823005e+01,5.747406697077463633e+01,5.555492459079588485e+01,5.371068415475131985e+01,5.194282419022670183e+01,5.025154307283553123e+01,4.863605076712617858e+01,4.709484023762191640e+01,4.562592849726492261e+01,4.422706077022648685e+01,4.289587456658394871e+01,4.163002339947949082e+01,4.042726228683716272e+01
2.786645298894368139e+01,2.803461296849701867e+01,2.820400097610323797e+01,2.837421007507222370e+01,2.854495307419292871e+01,2.871609662665060370e+01,2.888769675002669857e+01,2.906003502434528940e+01,2.923365458725841748e+01,2.940939491143803863e+01,2.958842422455768428e+01,2.977226832329992590e+01,2.996283444685233732e+01,3.016242882028823047e+01,3.037376646247741263e+01,3.059997188530342882e+01,3.084456939928520924e+01,3.111146189274577267e+01,3.140489717358242316e+01,3.172942125853416684e+01,3.208981836584134584e+01,3.249103781096906829e+01,3.293810851487577196e+01,3.343604239836755454e+01,3.398972853703341457e+01,3.460382056587901900e+01,3.528262042196674031e+01,3.602996206256736400e+01,3.684909925640024397e+01,3.774260187424138735e+01,3.871226525923218276e+01,3.975903719502565536e+01,4.088296667485734304e+01,4.208317807894145801e+01,4.335787347645599255e+01,4.470436458415075265e+01,4.611913445970370162e+01,4.759792733196316306e+01,4.913586314576096470e+01,5.072757152573832684e+01,5.236733806501045763e+01,5.404925426267764976e+01,5.576736122213774394e+01,5.751577653283204228e+01,5.928879373113628048e+01,6.108094448300204249e+01,6.288701521931276517e+01,6.470201239415278849e+01,6.652107376572804753e+01,6.833932698185077470e+01,7.015170107110385800e+01,7.195270091029115633e+01,7.373615901578429543e+01,7.549498271535486538e+01,7.722091752001772136e+01,7.890434898695093580e+01,8.053416526892524985e+01,8.209770071156111726e+01,8.358077724909037443e+01,8.496785507607052068e+01,8.624229740800667798e+01,8.738674650675557132e+01,8.838360007690982911e+01,8.921556925774640945e+01,8.986629239080401987e+01,9.032097315412941896e+01,9.056700804853031173e+01,9.059456698170741618e+01,9.039709201835569274e+01,8.997168323059008799e+01,8.931934675748453856e+01,8.844508822749412502e+01,8.735784401064481131e+01,8.607025263528021242e+01,8.459827836769875375e+01,8.296070767683480085e+01,8.117854644521398200e+01,7.927435084370517870e+01,7.727152745089146890e+01,7.519363836712334148e+01,7.306374485672364472e+01,7.090381874684213415e+01,6.873424486756036345e+01,6.657343078695066652e+01,6.443753257532624446e+01,6.234029791365224327e+01,6.029302107049606718e+01,5.830459853775045787e+01,5.638166973768493051e+01,5.452882435265588157e+01,5.274885650609992638e+01,5.104304613809364355e+01,4.941144927064600267e+01,4.785318117808694183e+01,4.636667946108876492e+01,4.494993735826408709e+01,4.360070102762384892e+01,4.231662774427527296e+01,4.109540479906151234e+01,3.993483121573781602e+01
2.757668559532892161e+01,2.772879673185590121e+01,2.788231237875977087e+01,2.803693378604740971e+01,2.819248169037298979e+01,2.834892845640771242e+01,2.850643154134546720e+01,2.866536757849057793e+01,2.882636624243540879e+01,2.899034292793735190e+01,2.915852915256805034e+01,2.933249948577045174e+01,2.951419372120637519e+01,2.970593295301201664e+01,2.991042819809502973e+01,3.013078023438745490e+01,3.037046940726524014e+01,3.063333430067366692e+01,3.092353838203128191e+01,3.124552401486837638e+01,3.160395359176732200e+01,3.200363797035598878e+01,3.244945289043166525e+01,3.294624459939218042e+01,3.349872649919169021e+01,3.411136922843255093e+01,3.478828717960567474e+01,3.553312499020165660e+01,3.634894799924840925e+01,3.723814098655017801e+01,3.820231966823193659e+01,3.924225936847418694e+01,4.035784498773533358e+01,4.154804581504490102e+01,4.281091787144472960e+01,4.414363532535551826e+01,4.554255111099676157e+01,4.700328525389166145e+01,4.852083763410206529e+01,5.008972009458835828e+01,5.170410104845760912e+01,5.335795419253625482e+01,5.504520174389098486e+01,5.675984192891519342e+01,5.849605040692166114e+01,6.024824601013396830e+01,6.201111269564538730e+01,6.377957194220827120e+01,6.554870292798838705e+01,6.731361156258105893e+01,6.906925361029411192e+01,7.081022145587222383e+01,7.253050819818655270e+01,7.422326634987858540e+01,7.588058110685362578e+01,7.749327959745275507e+01,7.905079746051956135e+01,8.054112236831701921e+01,8.195083066649628734e+01,8.326522825755097301e+01,8.446860046646858677e+01,8.554456829964004783e+01,8.647654075949756702e+01,8.724824530463587280e+01,8.784431177270681701e+01,8.825087970626526612e+01,8.845619554814319940e+01,8.845116497172088543e+01,8.822982687126494739e+01,8.778971924199402110e+01,8.713211310243592322e+01,8.626209833257310322e+01,8.518851424127311134e+01,8.392372714982883508e+01,8.248326655521752571e+01,8.088533980989254246e+01,7.915025210437539727e+01,7.729976338580422635e+01,7.535641639179627305e+01,7.334287012753549106e+01,7.128127096929055995e+01,6.919268942600302807e+01,6.709664486476819434e+01,6.501073373710181613e+01,6.295036960667488302e+01,6.092863614216315682e+01,5.895624770937708803e+01,5.704160668630861153e+01,5.519094242156061370e+01,5.340851401441238977e+01,5.169685783435262749e+01,5.005706082151088054e+01,4.848904192399629665e+01,4.699182627449035010e+01,4.556379959228117116e+01,4.420293351884791377e+01,4.290697587636149990e+01,4.167360294091749040e+01,4.050053356143350669e+01,3.938560720602101384e+01
2.730855748752671985e+01,2.744575437245013916e+01,2.758449885487070219e+01,2.772458778046859251e+01,2.786593644301555983e+01,2.800860881309423789e+01,2.815284899588728251e+01,2.829911325240361109e+01,2.844810178980307214e+01,2.860078940009694648e+01,2.875845390757943676e+01,2.892270127994045836e+01,2.909548617303290285e+01,2.927912662235318564e+01,2.947631157358648579e+01,2.969009996841770516e+01,2.992391017836591161e+01,3.018149871611531410e+01,3.046692735684516862e+01,3.078451807559578413e+01,3.113879555224361440e+01,3.153441741125037723e+01,3.197609284288192910e+01,3.246849078512559572e+01,3.301613941480207615e+01,3.362331928048084961e+01,3.429395298126020464e+01,3.503149482152993954e+01,3.583882431538543756e+01,3.671814773530242348e+01,3.767091205688654298e+01,3.869773560539913149e+01,3.979835942542344895e+01,4.097162284585061087e+01,4.221546588388476096e+01,4.352696002567520850e+01,4.490236755893290876e+01,4.633722805862456084e+01,4.782646890912539561e+01,4.936453497805307222e+01,5.094553085370053225e+01,5.256336755245688153e+01,5.421190443799205383e+01,5.588507641357134048e+01,5.757699638372469053e+01,5.928202363652458473e+01,6.099479023724652649e+01,6.271017975844192449e+01,6.442325564569620155e+01,6.612914010616312055e+01,6.782284840947988869e+01,6.949908764277414264e+01,7.115203294581073123e+01,7.277509772080023254e+01,7.436071691320415766e+01,7.590016387408152809e+01,7.738342128422266342e+01,7.879912498499624007e+01,8.013459628307182925e+01,8.137597347906526579e+01,8.250844726235726512e+01,8.351659760094128160e+01,8.438482233368222296e+01,8.509784041521841402e+01,8.564124626998373913e+01,8.600208655262169088e+01,8.616942727530999946e+01,8.613487810258611432e+01,8.589304181265758587e+01,8.544186046578525406e+01,8.478283548858519225e+01,8.392110627518559340e+01,8.286538046707104854e+01,8.162771814562441364e+01,8.022318105491976326e+01,7.866936598916799994e+01,7.698584803462834714e+01,7.519356399064062657e+01,7.331416872292086850e+01,7.136939733162830635e+01,6.938046394736485922e+01,6.736752397524705316e+01,6.534922110580376398e+01,6.334233391150380044e+01,6.136152990185669864e+01,5.941922806183352179e+01,5.752556463561034406e+01,5.568845163498372131e+01,5.391371352579247400e+01,5.220528492341134097e+01,5.056545092951155596e+01,4.899511187258764267e+01,4.749405548856346115e+01,4.606122174592153584e+01,4.469494829944437697e+01,4.339318766007799866e+01,4.215369032777985581e+01,4.097415112066574494e+01,3.985231857001639355e+01,3.878606941672959607e+01
2.706150943661538832e+01,2.718489950431614943e+01,2.730994840912670441e+01,2.743653647989031796e+01,2.756466072273593682e+01,2.769446318443524646e+01,2.782626045469931952e+01,2.796057367958574957e+01,2.809815833448489286e+01,2.824003288314154858e+01,2.838750533379284491e+01,2.854219660061997033e+01,2.870605949503107013e+01,2.888139211425107433e+01,2.907084437224737883e+01,2.927741643834490048e+01,2.950444791998372907e+01,2.975559675528889159e+01,3.003480697455224657e+01,3.034626475156970571e+01,3.069434249762038647e+01,3.108353115096566910e+01,3.151836127728102355e+01,3.200331411092422229e+01,3.254272421772166268e+01,3.314067602588756500e+01,3.380089702618844427e+01,3.452665095385407312e+01,3.532063469708739234e+01,3.618488299149765908e+01,3.712068511652134362e+01,3.812851777052937052e+01,3.920799803197129307e+01,4.035785978868273105e+01,4.157595622223118426e+01,4.285928987029518566e+01,4.420407047801788281e+01,4.560579933138222941e+01,4.705937710778081851e+01,4.855923057051930414e+01,5.009945178590693615e+01,5.167394208176020243e+01,5.327655183236871039e+01,5.490120648524590763e+01,5.654200916563250701e+01,5.819331080699564751e+01,5.984974012201031712e+01,6.150618785918945264e+01,6.315774263353937101e+01,6.479957905467797730e+01,6.642680271250085866e+01,6.803426056485494655e+01,6.961632909967850935e+01,7.116669598197012192e+01,7.267815340728910201e+01,7.414242276022784495e+01,7.555003017160925083e+01,7.689025102745168283e+01,7.815113836923944746e+01,7.931964553652478855e+01,8.038184757660377500e+01,8.132325924989257260e+01,8.212924036939486427e+01,8.278547227587830548e+01,8.327848304032323767e+01,8.359619404859407155e+01,8.372845742728478058e+01,8.366755265379848083e+01,8.340861183205102236e+01,8.294994649373990114e+01,8.229325419711253176e+01,8.144369025554912866e+01,8.040979810630611269e+01,7.920330049657161453e+01,7.783876215008518784e+01,7.633314223437477608e+01,7.470526120727211605e+01,7.297521104265931058e+01,7.116374014612598842e+01,6.929164438285066296e+01,6.737919364888992391e+01,6.544561958661225276e+01,6.350868477290611480e+01,6.158434748309787210e+01,5.968652948324540120e+01,5.782698774892450899e+01,5.601528501660988724e+01,5.425884902187875980e+01,5.256310643144279027e+01,5.093167497399670651e+01,4.936659613657330681e+01,4.786859092798958670e+01,4.643732244098016082e+01,4.507165103085035440e+01,4.376987059988151429e+01,4.252991745752838426e+01,4.134954625997026767e+01,4.022647039952419590e+01,3.915846674487783474e+01,3.814344671203055270e+01
2.683483926193718361e+01,2.694549553712965917e+01,2.705789188660233080e+01,2.717198058865870891e+01,2.728782815147750185e+01,2.740564186086913523e+01,2.752579738081739791e+01,2.764886681610219910e+01,2.777564652783836863e+01,2.790718387544630019e+01,2.804480194713407215e+01,2.819012124105872630e+01,2.834507717743269950e+01,2.851193226515948353e+01,2.869328172285266731e+01,2.889205137127991563e+01,2.911148668019462349e+01,2.935513197436292643e+01,2.962679898736259787e+01,2.993052420159523308e+01,3.027051473056626207e+01,3.065108288327430586e+01,3.107656999501800499e+01,3.155126060405079258e+01,3.207928858425395191e+01,3.266453739003078738e+01,3.331053710534321510e+01,3.402036148369013802e+01,3.479652858521927072e+01,3.564090892359838847e+01,3.655464519028889470e+01,3.753808759040857268e+01,3.859074856970195810e+01,3.971128021118406792e+01,4.089747681899419973e+01,4.214630418703873715e+01,4.345395579057415603e+01,4.481593468045119977e+01,4.622715826538228612e+01,4.768208152300168479e+01,4.917483259200571410e+01,5.069935328797419771e+01,5.224953598679276467e+01,5.381934766438270401e+01,5.540293179103943544e+01,5.699467935047016454e+01,5.858926154778629325e+01,6.018161879780370782e+01,6.176690329592406670e+01,6.334037575367288753e+01,6.489726054813021960e+01,6.643256734656245044e+01,6.794089093397388979e+01,6.941620417301500368e+01,7.085166144091553520e+01,7.223943122208322620e+01,7.357057655131882257e+01,7.483500055284036989e+01,7.602147136858548038e+01,7.711773640815439990e+01,7.811073030808631756e+01,7.898687461060730186e+01,7.973246041527346506e+01,8.033409864351358465e+01,8.077921663307564870e+01,8.105657506872999818e+01,8.115677620338152565e+01,8.107273325432507249e+01,8.080007193926502396e+01,8.033743833291407554e+01,7.968669238049062642e+01,7.885297313207260572e+01,7.784462955529140515e+01,7.667301904330446405e+01,7.535218382164313766e+01,7.389842275255881532e+01,7.232978199613179981e+01,7.066549219474640608e+01,6.892538204099932386e+01,6.712929818442444230e+01,6.529655952177057543e+01,6.344547025064535006e+01,6.159291102692115061e+01,5.975402161843685889e+01,5.794198209632108387e+01,5.616789334742267670e+01,5.444075197247596520e+01,5.276750981513963268e+01,5.115320469929351077e+01,4.960114656993353321e+01,4.811314215409284145e+01,4.668974139572273430e+01,4.533049010207426477e+01,4.403417524043540254e+01,4.279905188400088889e+01,4.162304366061108851e+01,4.050391146275258336e+01,3.943938792197090493e+01,3.842727757328530203e+01,3.746552462536945427e+01
2.662772655016278378e+01,2.672668165589910672e+01,2.682743016371920675e+01,2.692998542988964417e+01,2.703447197901305898e+01,2.714115028849193578e+01,2.725044254362681784e+01,2.736295880902283528e+01,2.747952294896240488e+01,2.760119751705525815e+01,2.772930672832961818e+01,2.786545653039126336e+01,2.801155071059255874e+01,2.816980192027773811e+01,2.834273647258246953e+01,2.853319178468286310e+01,2.874430539640508897e+01,2.897949461172089158e+01,2.924242598373558977e+01,2.953697410143490742e+01,2.986716943939130076e+01,3.023713539842381337e+01,3.065101509067512708e+01,3.111288889716313832e+01,3.162668433520378386e+01,3.219608029771131896e+01,3.282440824169987792e+01,3.351455338003052020e+01,3.426885933529668193e+01,3.508904001171320886e+01,3.597610259300284952e+01,3.693028554592437729e+01,3.795101526874940845e+01,3.903688454749880776e+01,4.018565525672085670e+01,4.139428676696543619e+01,4.265899031633752259e+01,4.397530820717666700e+01,4.533821516121166439e+01,4.674223758935131912e+01,4.818158500722343263e+01,4.965028647195579481e+01,5.114232385593559371e+01,5.265175313611204899e+01,5.417280477897128321e+01,5.569995483494405164e+01,5.722795957956700619e+01,5.875184846273498351e+01,6.026687270546767650e+01,6.176841000657564251e+01,6.325182931669858277e+01,6.471232327351151525e+01,6.614471939256770838e+01,6.754328416916548861e+01,6.890153656091862899e+01,7.021208860714577327e+01,7.146653097405156529e+01,7.265537985197980220e+01,7.376809883793578138e+01,7.479320530063084504e+01,7.571846546094025143e+01,7.653117636131770496e+01,7.721852647500918465e+01,7.776802041706076807e+01,7.816794758491346329e+01,7.840787007375058693e+01,7.847910230553355859e+01,7.837515378979372827e+01,7.809210745752153571e+01,7.762890906480620856e+01,7.698754806296594211e+01,7.617311672748991214e+01,7.519374174749501094e+01,7.406039032966381797e+01,7.278656055792286850e+01,7.138787268353040361e+01,6.988158368326551795e+01,6.828605141745488538e+01,6.662017679678129412e+01,6.490285244719149205e+01,6.315244453374920397e+01,6.138633090680079363e+01,5.962051392910933600e+01,5.786932067455242645e+01,5.614519713859033345e+01,5.445859714098791216e+01,5.281796115650418244e+01,5.122977572253276435e+01,4.969870058416439917e+01,4.822774847425122147e+01,4.681850140515962266e+01,4.547134748719498987e+01,4.418572342371820127e+01,4.296034974699735187e+01,4.179344830484564710e+01,4.068293423484278293e+01,3.962657743655351794e+01,3.862213117284176889e+01,3.766742774429016549e+01,3.676044308104033576e+01
2.643925651487348460e+01,2.652749788563239619e+01,2.661756036664902325e+01,2.670950824912604205e+01,2.680351338479897549e+01,2.689987826200844978e+01,2.699905997427402227e+01,2.710169456260366516e+01,2.720862110536452150e+01,2.732090482240250040e+01,2.743985835754101288e+01,2.756706031078127950e+01,2.770437001444921776e+01,2.785393749286809140e+01,2.801820752007768789e+01,2.819991670211343404e+01,2.840208256673473031e+01,2.862798375103164972e+01,2.888113054174312211e+01,2.916522524841573372e+01,2.948411217743132440e+01,2.984171732416970002e+01,3.024197830626861716e+01,3.068876551402963315e+01,3.118579594079553630e+01,3.173654165800570581e+01,3.234413539314983410e+01,3.301127612597014149e+01,3.374013800717522571e+01,3.453228619017187384e+01,3.538860331450522523e+01,3.630923035569374235e+01,3.729352532975610757e+01,3.834004288874846367e+01,3.944653715316276532e+01,4.060998919882572267e+01,4.182665946744985774e+01,4.309216403787821292e+01,4.440157223662663455e+01,4.574952155951456945e+01,4.713034441780129669e+01,4.853819992406838679e+01,4.996720291561386773e+01,5.141154179717270978e+01,5.286557668115152353e+01,5.432390980138422520e+01,5.578142133108147505e+01,5.723326555755426881e+01,5.867482481169711406e+01,6.010162151563483235e+01,6.150919203341079822e+01,6.289292946783162108e+01,6.424790587849288670e+01,6.556868731254024851e+01,6.684915724909234314e+01,6.808236529295791684e+01,6.926041799847004654e+01,7.037442742459219858e+01,7.141453038431188816e+01,7.236998743734926620e+01,7.322936568856027861e+01,7.398080371135739597e+01,7.461235082559390719e+01,7.511236699459419697e+01,7.546996426080403353e+01,7.567546638571366202e+01,7.572086060074124703e+01,7.560021440513618529e+01,7.531003131560305519e+01,7.484952236894285704e+01,7.422077482593905984e+01,7.342880559051752698e+01,7.248149388568577933e+01,7.138939517498138798e+01,7.016544560813650833e+01,6.882457284337593251e+01,6.738323446596201904e+01,6.585890900499275347e+01,6.426956651290822720e+01,6.263314573892202475e+01,6.096706318244591216e+01,5.928777598347608091e+01,5.761041603760705243e+01,5.594850733551239585e+01,5.431377277730601350e+01,5.271603105042888160e+01,5.116317898854636326e+01,4.966125047418590555e+01,4.821453963750622762e+01,4.682577395853365942e+01,4.549632191581353169e+01,4.422641996185674884e+01,4.301540469050557647e+01,4.186193788634884072e+01,4.076421447675303966e+01,3.972014600408161300e+01,3.872751487690975836e+01,3.778409715453921081e+01,3.688775382164445205e+01,3.603649231973145817e+01
2.626844263143270553e+01,2.634690885889400747e+01,2.642720071950873972e+01,2.650942407412585666e+01,2.659378826181528765e+01,2.668062752504808444e+01,2.677042325326582883e+01,2.686382656074027508e+01,2.696168061294562435e+01,2.706504201392508691e+01,2.717520046941681144e+01,2.729369585172781854e+01,2.742233171821402848e+01,2.756318428212498262e+01,2.771860580939629060e+01,2.789122142485931377e+01,2.808391836333412783e+01,2.829982680170601483e+01,2.854229156286483615e+01,2.881483419522683675e+01,2.912110520416820592e+01,2.946482654295007109e+01,2.984972485602410330e+01,3.027945639839753156e+01,3.075752501800307215e+01,3.128719506609197509e+01,3.187140157121068640e+01,3.251266044865223392e+01,3.321298188906540361e+01,3.397379034432095324e+01,3.479585467203435911e+01,3.567923197977856375e+01,3.662322849716371564e+01,3.762638037644040878e+01,3.868645666771484315e+01,3.980048583383634053e+01,4.096480607901726501e+01,4.217513849899438583e+01,4.342668067338756543e+01,4.471421688683811624e+01,4.603223977643500575e+01,4.737507696499793042e+01,4.873701526744731893e+01,5.011241446556076795e+01,5.149580254021716286e+01,5.288194471456087342e+01,5.426587974920351343e+01,5.564291865178289243e+01,5.700860327673596828e+01,5.835862509917618013e+01,5.968870759409399085e+01,6.099445893102011240e+01,6.227120485552553220e+01,6.351381439852597310e+01,6.471653315570046061e+01,6.587284005873806336e+01,6.697534361373520539e+01,6.801573238130400512e+01,6.898479198558754888e+01,6.987249724328677303e+01,7.066818329108227204e+01,7.136079415971286721e+01,7.193920148312963647e+01,7.239258038838013931e+01,7.271082455435269765e+01,7.288497840205448597e+01,7.290766176781571062e+01,7.277346149170706724e+01,7.247926526954347537e+01,7.202451585750273466e+01,7.141136811550086350e+01,7.064473711523321242e+01,6.973223218833149417e+01,6.868397883628631462e+01,6.751233732032063983e+01,6.623153296698274062e+01,6.485721829972337105e+01,6.340599068003512429e+01,6.189489099136932992e+01,6.034090895348177241e+01,5.876051899365986486e+01,5.716926744057846577e+01,5.558142747209113566e+01,5.400973313966622413e+01,5.246519834233993862e+01,5.095702125760757184e+01,4.949256983733016568e+01,4.807743985209127402e+01,4.671557383342754832e+01,4.540942723436961614e+01,4.416016721921204891e+01,4.296788962852365046e+01,4.183184069857093590e+01,4.075063184921724257e+01,3.972243806831718871e+01,3.874517288716958063e+01,3.781663544989939396e+01,3.693462754956726002e+01,3.609704059571759416e+01,3.530191419738250147e+01
2.611424775220637784e+01,2.618382597837013748e+01,2.625521370277686373e+01,2.632854980112442789e+01,2.640407214464482877e+01,2.648213743444201640e+01,2.656324178411734849e+01,2.664804160028058533e+01,2.673737421467494357e+01,2.683227762544195016e+01,2.693400861237374144e+01,2.704405840650402837e+01,2.716416502349136763e+01,2.729632131902500802e+01,2.744277779950301976e+01,2.760603922930770437e+01,2.778885412387155185e+01,2.799419631164008138e+01,2.822523789328521815e+01,2.848531312688631090e+01,2.877787302496453847e+01,2.910643076222312686e+01,2.947449835732298595e+01,2.988551549992321910e+01,3.034277183324392624e+01,3.084932445582977323e+01,3.140791285283598455e+01,3.202087388171679549e+01,3.269005979089486402e+01,3.341676251165884537e+01,3.420164760114059277e+01,3.504470119684147278e+01,3.594519314341775384e+01,3.690165904919288664e+01,3.791190341131596142e+01,3.897302511508632961e+01,4.008146558023342010e+01,4.123307862767350684e+01,4.242321982584211071e+01,4.364685171611112935e+01,4.489865999902325200e+01,4.617317458756936333e+01,4.746488850886483846e+01,4.876836707006123106e+01,5.007833959793491374e+01,5.138976649470605196e+01,5.269787537542606515e+01,5.399816167456732785e+01,5.528635129254921310e+01,5.655832550456318586e+01,5.781001132769100792e+01,5.903724364175792516e+01,6.023560834910947648e+01,6.140027847964528007e+01,6.252585713853214600e+01,6.360624231519847172e+01,6.463452863067058729e+01,6.560295997432857007e+01,6.650294464001497374e+01,6.732514108842228495e+01,6.805961801902435582e+01,6.869608731293934056e+01,6.922420297403732548e+01,6.963391387123590448e+01,6.991585331238033518e+01,7.006174468137641043e+01,7.006479990622869991e+01,6.992008665891520991e+01,6.962484105368358200e+01,6.917870519837293841e+01,6.858387310496841849e+01,6.784513388440487347e+01,6.696980742780058904e+01,6.596757442719943754e+01,6.485020909755250784e+01,6.363122882822443671e+01,6.232547977846625997e+01,6.094868079895982760e+01,5.951694980072353758e+01,5.804633673601766475e+01,5.655238577878262163e+01,5.504974629897574800e+01,5.355184812389391880e+01,5.207065174784871431e+01,5.061647899852654575e+01,4.919792459622981795e+01,4.782184441165109945e+01,4.649341233044808774e+01,4.521623467264323892e+01,4.399250919978608465e+01,4.282321488643101759e+01,4.170831876395236293e+01,4.064698712542715953e+01,3.963779002459293821e+01,3.867889009917374210e+01,3.776820908499161789e+01,3.690356776286715501e+01,3.608279732498116488e+01,3.530382212902911476e+01,3.456471543763878174e+01
2.597560347687297266e+01,2.603712773999729890e+01,2.610042727947885766e+01,2.616566625860643924e+01,2.623310302816666351e+01,2.630310843243134400e+01,2.637618479731876420e+01,2.645298518297732926e+01,2.653433239301556057e+01,2.662123714202908076e+01,2.671491469558082699e+01,2.681679921676749245e+01,2.692855498607351450e+01,2.705208361212761403e+01,2.718952632646403345e+01,2.734326046192332527e+01,2.751588925831073595e+01,2.771022422632159987e+01,2.792925943659221133e+01,2.817613728867282674e+01,2.845410555639843508e+01,2.876646580065704484e+01,2.911651358392351341e+01,2.950747130554295694e+01,2.994241489103013620e+01,3.042419599681663911e+01,3.095536181393794806e+01,3.153807494620429352e+01,3.217403617324891485e+01,3.286441315703084598e+01,3.360977828159265357e+01,3.441005880088734870e+01,3.526450228236616624e+01,3.617165995476524643e+01,3.712938998590449557e+01,3.813488193066862664e+01,3.918470261524635134e+01,4.027486259203513441e+01,4.140090105880072002e+01,4.255798585169720383e+01,4.374102387664124336e+01,4.494477623205391126e+01,4.616397140037874891e+01,4.739340934864728183e+01,4.862804927387671228e+01,4.986307413316443160e+01,5.109392605843949298e+01,5.231630828137413403e+01,5.352615124863171303e+01,5.471954310460436233e+01,5.589262752010834845e+01,5.704147476636411085e+01,5.816193475209460217e+01,5.924948321377912208e+01,6.029907412858986504e+01,6.130501248023942651e+01,6.226086156809137862e+01,6.315939799460657866e+01,6.399262526641403781e+01,6.475185366890521266e+01,6.542784989381593164e+01,6.601105507972432918e+01,6.649186481145920879e+01,6.686095961343433203e+01,6.710966998032543529e+01,6.723035641375747673e+01,6.721678261569151402e+01,6.706445917529256917e+01,6.677093590342046525e+01,6.633602340801715513e+01,6.576192841492452601e+01,6.505329244279204204e+01,6.421712935251946419e+01,6.326266355454587398e+01,6.220107678516789207e+01,6.104517688507589668e+01,5.980900651660706302e+01,5.850741292243411351e+01,5.715560145987200968e+01,5.576869567843425557e+01,5.436132521494998571e+01,5.294725995326207624e+01,5.153910502463936183e+01,5.014806666660004453e+01,4.878379409752457008e+01,4.745429778135534349e+01,4.616594009080048977e+01,4.492349070357020935e+01,4.373023627649519085e+01,4.258813213866058334e+01,4.149798293963445417e+01,4.045963931561067284e+01,3.947219856408471372e+01,3.853419887141760825e+01,3.764379861874257216e+01,3.679893449813427964e+01,3.599745441473938001e+01,3.523722327093223328e+01,3.451620160087772149e+01,3.383249856366272468e+01
2.585142761965465041e+01,2.590567805279922453e+01,2.596165402066883487e+01,2.601953807684159869e+01,2.607960190350403451e+01,2.614222315384862938e+01,2.620790291448406961e+01,2.627728340163551835e+01,2.635116542072604418e+01,2.643052503402927655e+01,2.651652879886488634e+01,2.661054686339717534e+01,2.671416314331121455e+01,2.682918175590338805e+01,2.695762886431240446e+01,2.710174908984796716e+01,2.726399569070878215e+01,2.744701378646344381e+01,2.765361603429437309e+01,2.788675033863853514e+01,2.814945940210349562e+01,2.844483220159503389e+01,2.877594779574405237e+01,2.914581223085453132e+01,2.955728970184658522e+01,3.001302952720973849e+01,3.051539089401993721e+01,3.106636769812076082e+01,3.166751612003333705e+01,3.231988781130095845e+01,3.302397169026464496e+01,3.377964733314995271e+01,3.458615277138628130e+01,3.544206915041594641e+01,3.634532415824832441e+01,3.729321539394636886e+01,3.828245393073463276e+01,3.930922726447430193e+01,4.036927967134205630e+01,4.145800679069029115e+01,4.257056007736147052e+01,4.370195572127134653e+01,4.484718180699860568e+01,4.600129697890541536e+01,4.715951377655614607e+01,4.831726018233467812e+01,4.947021382287486801e+01,5.061430469718171565e+01,5.174568423310166310e+01,5.286066081860435872e+01,5.395560458559673123e+01,5.502682696812301799e+01,5.607044320534589588e+01,5.708222828344865718e+01,5.805747857801011236e+01,5.899089245704087148e+01,5.987648316388089142e+01,6.070753631060932776e+01,6.147662224910547479e+01,6.217567051309994497e+01,6.279610960065832614e+01,6.332907084235886686e+01,6.376565029976118382e+01,6.409721793489316610e+01,6.431575907558510607e+01,6.441422984692158593e+01,6.438690606514050785e+01,6.422970432923285955e+01,6.394045481667038189e+01,6.351910758406241797e+01,6.296785785037734229e+01,6.229118053714856273e+01,6.149576989476766897e+01,6.059038592747745611e+01,5.958561508524146433e+01,5.849355787586500810e+01,5.732746027771276687e+01,5.610130880305004553e+01,5.482941058884041752e+01,5.352597991651869336e+01,5.220475115199032956e+01,5.087863543329751792e+01,4.955943478914434053e+01,4.825762308159619351e+01,4.698219859339285165e+01,4.574060858088449777e+01,4.453874200723404186e+01,4.338098321555263936e+01,4.227031667873917087e+01,4.120847126760776291e+01,4.019609172330134328e+01,3.923292514109372320e+01,3.831801114749445247e+01,3.744986591638046036e+01,3.662665203590556473e+01,3.584632831617624049e+01,3.510677574122158973e+01,3.440589776640129571e+01,3.374169492679295956e+01,3.311231517372519306e+01
2.574063967814405629e+01,2.578834245758358179e+01,2.583770803076589573e+01,2.588893126330972549e+01,2.594229091234447182e+01,2.599816507210979566e+01,2.605704718130992603e+01,2.611956223633610819e+01,2.618648277607426778e+01,2.625874412478173170e+01,2.633745830261504750e+01,2.642392594267731099e+01,2.651964549344091537e+01,2.662631894117754072e+01,2.674585326411324715e+01,2.688035683417235333e+01,2.703213001908640578e+01,2.720364931264392894e+01,2.739754443847459342e+01,2.761656803628138235e+01,2.786355775039850258e+01,2.814139079825408274e+01,2.845293139730568654e+01,2.880097176666374992e+01,2.918816778376970333e+01,2.961697075327640505e+01,3.008955711709208458e+01,3.060775828032580748e+01,3.117299302362619073e+01,3.178620519212742934e+01,3.244780946815127010e+01,3.315764802310877712e+01,3.391496068076516934e+01,3.471837089145732591e+01,3.556588930497866841e+01,3.645493603887628353e+01,3.738238188157595232e+01,3.834460767317802521e+01,3.933758001353510281e+01,4.035694031541235205e+01,4.139810312237626988e+01,4.245635863003266763e+01,4.352697357542481171e+01,4.460528418322932964e+01,4.568677476189116504e+01,4.676713589498686474e+01,4.784229701482018982e+01,4.890842948498045217e+01,4.996191812450003056e+01,5.099930130201835254e+01,5.201718219264071763e+01,5.301211636037052699e+01,5.398048330980424225e+01,5.491835182748325650e+01,5.582135058898184354e+01,5.668455644345264943e+01,5.750241284289847243e+01,5.826868995778684024e+01,5.897649608813267008e+01,5.961834710046989017e+01,6.018629694634665128e+01,6.067212808119762002e+01,6.106759610707980812e+01,6.136471855855369739e+01,6.155609380444150958e+01,6.163523289908061997e+01,6.159688518407498492e+01,6.143733773291221212e+01,6.115466945786075570e+01,6.074894285261263605e+01,6.022231979311549566e+01,5.957909231675100159e+01,5.882562450701279744e+01,5.797020712489177896e+01,5.702283202114414706e+01,5.599489822085261892e+01,5.489886552973457867e+01,5.374787429031690067e+01,5.255535134159869415e+01,5.133462225282256952e+01,5.009854857364486236e+01,4.885920633959702997e+01,4.762761864948009816e+01,4.641355110426921726e+01,4.522537460532902287e+01,4.406999578752995461e+01,4.295285150994040180e+01,4.187796058539285582e+01,4.084802346981578580e+01,3.986455904244952109e+01,3.892806690005654957e+01,3.803820370297250975e+01,3.719396293295994838e+01,3.639384879782014792e+01,3.563603677036984152e+01,3.491851520144516741e+01,3.423920443206421282e+01,3.359605170684950792e+01,3.298710184917317889e+01,3.241054502352611166e+01
2.564217426568638203e+01,2.568400220670797651e+01,2.572741963597318815e+01,2.577262844921095564e+01,2.581990908795457784e+01,2.586963465686717001e+01,2.592228554840407995e+01,2.597846424800322751e+01,2.603890992029974782e+01,2.610451230324630245e+01,2.617632436542701413e+01,2.625557311587147780e+01,2.634366789951391752e+01,2.644220546985109266e+01,2.655297110849268094e+01,2.667793506454967556e+01,2.681924362051564614e+01,2.697920416045191772e+01,2.716026372514875575e+01,2.736498069059594584e+01,2.759598940203004958e+01,2.785595783540546932e+01,2.814753863817425028e+01,2.847331421559783138e+01,2.883573686800096425e+01,2.923706533548374864e+01,2.967929945322162411e+01,3.016411494294719375e+01,3.069280064213130288e+01,3.126620067747960618e+01,3.188466419864371915e+01,3.254800527735897475e+01,3.325547542512575916e+01,3.400575087247752037e+01,3.479693627545077561e+01,3.562658587024863266e+01,3.649174229713347728e+01,3.738899238458094487e+01,3.831453816442320459e+01,3.926428033231496784e+01,4.023391034281779355e+01,4.121900641265888510e+01,4.221512798341201744e+01,4.321790275041603024e+01,4.422310027575049673e+01,4.522668653208208411e+01,4.622485451033149673e+01,4.721402727528592891e+01,4.819083153975230260e+01,4.915204187832889460e+01,5.009449800300058087e+01,5.101499992264307082e+01,5.191018812473043909e+01,5.277641794949575882e+01,5.360963887189282673e+01,5.440529027905992621e+01,5.515822538114076679e+01,5.586267402690393169e+01,5.651225338877469540e+01,5.710003279141269417e+01,5.761865552422965209e+01,5.806051652006854624e+01,5.841799058324905047e+01,5.868370173717039506e+01,5.885082057711860415e+01,5.891337358464680563e+01,5.886654646524027612e+01,5.870696291401242917e+01,5.843292089908102582e+01,5.804457057069095072e+01,5.754402113239073913e+01,5.693536821828441674e+01,5.622463819009279717e+01,5.541965092333524012e+01,5.452980769309567677e+01,5.356581530892624698e+01,5.253936134575870653e+01,5.146275791140303113e+01,5.034857271900796150e+01,4.920926624318867226e+01,4.805685249066690545e+01,4.690259856961356633e+01,4.575677503619562003e+01,4.462846522591722476e+01,4.352543775937270709e+01,4.245408245969353800e+01,4.141940631263875616e+01,4.042508306654232797e+01,3.947354776667488352e+01,3.856612603087165070e+01,3.770318721093654801e+01,3.688431069214488645e+01,3.610845535321493571e+01,3.537412349686056956e+01,3.467951220254225575e+01,3.402264688151083050e+01,3.340149367435373762e+01,3.281404909017348359e+01,3.225840684116066370e+01,3.173280310666857673e+01
2.555499252004419830e+01,2.559156622024245920e+01,2.562964785429839409e+01,2.566944182949177033e+01,2.571122571010499058e+01,2.575536307637582212e+01,2.580231684013259752e+01,2.585266271806296601e+01,2.590710249644995145e+01,2.596647665311988362e+01,2.603177583600755440e+01,2.610415063648117240e+01,2.618491904328974584e+01,2.627557092411299777e+01,2.637776886100960994e+01,2.649334466858503845e+01,2.662429095441602911e+01,2.677274714483299434e+01,2.694097949955129323e+01,2.713135477876150858e+01,2.734630740753144806e+01,2.758830020418410101e+01,2.785977899876057151e+01,2.816312175905662940e+01,2.850058315627352101e+01,2.887423582804737876e+01,2.928590991827584133e+01,2.973713277247805564e+01,3.022907092359185199e+01,3.076247669354640024e+01,3.133764183740418829e+01,3.195436064686774458e+01,3.261190478853919927e+01,3.330901186407400871e+01,3.404388923554058977e+01,3.481423406001430720e+01,3.561726973371256122e+01,3.644979808132843857e+01,3.730826567761198476e+01,3.818884170611657680e+01,3.908750380713358652e+01,4.000012751571502889e+01,4.092257421963104491e+01,4.185077215472225731e+01,4.278078487356998494e+01,4.370886193093215866e+01,4.463146726240017870e+01,4.554528189853124331e+01,4.644717922756270667e+01,4.733417292928555753e+01,4.820333984512589609e+01,4.905172228345435315e+01,4.987621641469283418e+01,5.067345530109376739e+01,5.143969654244583012e+01,5.217072532833336140e+01,5.286178373082417181e+01,5.350753626082216385e+01,5.410208002474852407e+01,5.463900530878814976e+01,5.511150921665401370e+01,5.551256129775503467e+01,5.583511619019243710e+01,5.607236447182020811e+01,5.621800948185045854e+01,5.626655514966634541e+01,5.621358810685050855e+01,5.605603675201528091e+01,5.579239058267950213e+01,5.542286499610253259e+01,5.494949977606309233e+01,5.437618341004532851e+01,5.370859992495718416e+01,5.295409973851252516e+01,5.212150072444018178e+01,5.122082992128544277e+01,5.026301976002781657e+01,4.925957510101137871e+01,4.822222860457060278e+01,4.716260196435408147e+01,4.609188936317240604e+01,4.502057731708167410e+01,4.395821207815125575e+01,4.291322224414319919e+01,4.189280047103412130e+01,4.090284449370550135e+01,3.994795429280815569e+01,3.903147941319432590e+01,3.815560828928175852e+01,3.732149004353725275e+01,3.652937860567455175e+01,3.577878910066155527e+01,3.506865717254427040e+01,3.439749311356641215e+01,3.376352420112594643e+01,3.316482035311474874e+01,3.259939995015045611e+01,3.206531431712205915e+01,3.156071081005401879e+01,3.108387565213170589e+01
2.547809154470361293e+01,2.550998097940176734e+01,2.554329071296979592e+01,2.557822386758553179e+01,2.561505135108651032e+01,2.565412352842838928e+01,2.569588230284341535e+01,2.574087333404303735e+01,2.578975805910980057e+01,2.584332511902995222e+01,2.590250073263579367e+01,2.596835750312538948e+01,2.604212109391569285e+01,2.612517417444703227e+01,2.621905701713770398e+01,2.632546412863014851e+01,2.644623632639564192e+01,2.658334772999589291e+01,2.673888722853649824e+01,2.691503411479522612e+01,2.711402774348004385e+01,2.733813127557686684e+01,2.758958981009086031e+01,2.787058347341521269e+01,2.818317632698593300e+01,2.852926225470816846e+01,2.891050928877142923e+01,2.932830410900347573e+01,2.978369868757664563e+01,3.027736122676280317e+01,3.080953363099802544e+01,3.137999774494075567e+01,3.198805245798870800e+01,3.263250350855302173e+01,3.331166741015894672e+01,3.402339036625965463e+01,3.476508235171685612e+01,3.553376573800889560e+01,3.632613696064501596e+01,3.713863881776521225e+01,3.796754010668609425e+01,3.880901851749057840e+01,3.965924208227426107e+01,4.051444409825107584e+01,4.137098636952919151e+01,4.222540589996653182e+01,4.307444085184135929e+01,4.391503266883801615e+01,4.474430272121274754e+01,4.555950360421110190e+01,4.635794720971154703e+01,4.713691376421864732e+01,4.789354802589122073e+01,4.862475058577150833e+01,4.932707354858100501e+01,4.999663061570423395e+01,5.062903162821483249e+01,5.121935086967540940e+01,5.176213685671133646e+01,5.225146900958846174e+01,5.268106361717892128e+01,5.304442808063836878e+01,5.333505878371116893e+01,5.354667437808088692e+01,5.367347308625143398e+01,5.371040009504683610e+01,5.365340948169067303e+01,5.349970455710047190e+01,5.324794111725414325e+01,5.289837985542740029e+01,5.245297699796178392e+01,5.191540588377387877e+01,5.129100643736836673e+01,5.058666396022564982e+01,4.981062303881500242e+01,4.897224630295058034e+01,4.808173097124223716e+01,4.714979836412189229e+01,4.618737270886732915e+01,4.520526556083991920e+01,4.421388107259821254e+01,4.322295529630106614e+01,4.224133991323311932e+01,4.127683750259944873e+01,4.033609196626735383e+01,3.942453428842952690e+01,3.854638067268358270e+01,3.770467746054202962e+01,3.690138523253864378e+01,3.613749319875245192e+01,3.541315440881598420e+01,3.472783240442504393e+01,3.408045060635587475e+01,3.346953684754014091e+01,3.289335689149588404e+01,3.235003236649124858e+01,3.183764016526017571e+01,3.135429189242508841e+01,3.089819329732527109e+01,3.046768474772461133e+01
2.541051197537276707e+01,2.543823845579874288e+01,2.546729351802024155e+01,2.549787587610772022e+01,2.553024673081036156e+01,2.556474032493919424e+01,2.560177486503511091e+01,2.564186356165167879e+01,2.568562548411340885e+01,2.573379586814628794e+01,2.578723545861683064e+01,2.584693841757795241e+01,2.591403828322426506e+01,2.598981143196509436e+01,2.607567747772745648e+01,2.617319604408524114e+01,2.628405937013937788e+01,2.641008026424121269e+01,2.655317500407917919e+01,2.671534089984639238e+01,2.689862839040148756e+01,2.710510773009233887e+01,2.733683054376864519e+01,2.759578677464123331e+01,2.788385781661170171e+01,2.820276689928460812e+01,2.855402806710014474e+01,2.893889534830872279e+01,2.935831392708508147e+01,2.981287529365960154e+01,3.030277843306010155e+01,3.082779910368984844e+01,3.138726913544078201e+01,3.198006743014460795e+01,3.260462396740293656e+01,3.325893760631305440e+01,3.394060783773863221e+01,3.464687990270089557e+01,3.537470188185062625e+01,3.612079152205125609e+01,3.688170975264826978e+01,3.765393711820525624e+01,3.843394878347800159e+01,3.921828341755369252e+01,4.000360119926931901e+01,4.078672645509286099e+01,4.156467107473187639e+01,4.233463585492607706e+01,4.309398827415823519e+01,4.384021684310383193e+01,4.457086401657346642e+01,4.528344157070719689e+01,4.597533419807061250e+01,4.664369869242197808e+01,4.728536732207854243e+01,4.789676467731992915e+01,4.847384730374950834e+01,4.901207472488195549e+01,4.950641899495199283e+01,4.995141775327077482e+01,5.034127298770246739e+01,5.066999453320066493e+01,5.093158395990671750e+01,5.112025120673311562e+01,5.123065336565402106e+01,5.125814268134219276e+01,5.119900932427668749e+01,5.105070398548249244e+01,5.081202591056221962e+01,5.048326363202846778e+01,5.006627827182595070e+01,4.956452268432714447e+01,4.898299363803093343e+01,4.832811838870079413e+01,4.760758105550473829e+01,4.683009786296716470e+01,4.600515328204330245e+01,4.514271118300708707e+01,4.425291617091847485e+01,4.334580027023061177e+01,4.243100910684881910e+01,4.151755983249962867e+01,4.061364044110808180e+01,3.972645707698750783e+01,3.886213268655124864e+01,3.802565717104832288e+01,3.722088628351322370e+01,3.645058406138129925e+01,3.571650172484648067e+01,3.501948476770221674e+01,3.435959943059521038e+01,3.373626983192350792e+01,3.314841765212995028e+01,3.259459730642387854e+01,3.207312086688935437e+01,3.158216847301931551e+01,3.111988147463981136e+01,3.068443697571417772e+01,3.027410370831744046e+01,2.988728020644774119e+01
2.535134379296038887e+01,2.537538220488511342e+01,2.540065521152390460e+01,2.542735461612977232e+01,2.545572953075987499e+01,2.548609588708267637e+01,2.551884627350439416e+01,2.555445987449384049e+01,2.559351223653078478e+01,2.563668453267310809e+01,2.568477194643046246e+01,2.573869074802479417e+01,2.579948359525010204e+01,2.586832256046018230e+01,2.594650936847100553e+01,2.603547233129366489e+01,2.613675948853152065e+01,2.625202751065287643e+01,2.638302599933732040e+01,2.653157692700420256e+01,2.669954909760528849e+01,2.688882768241724364e+01,2.710127908565719324e+01,2.733871162085516815e+01,2.760283272323369985e+01,2.789520367650622390e+01,2.821719308259943659e+01,2.856993053553133421e+01,2.895426215972440787e+01,2.937070982068508584e+01,2.981943589398040828e+01,3.030021546912714214e+01,3.081241775267987748e+01,3.135499820731566345e+01,3.192650261417487201e+01,3.252508377422778807e+01,3.314853097967635875e+01,3.379431170691024988e+01,3.445962423748607506e+01,3.514145914279931304e+01,3.583666682112382773e+01,3.654202760978581210e+01,3.725432047225631038e+01,3.797038594195106498e+01,3.868717894848916217e+01,3.940180740396566250e+01,4.011155301503411863e+01,4.081387171676882275e+01,4.150637237408176361e+01,4.218677391290322021e+01,4.285284274232948576e+01,4.350231409798267634e+01,4.413280264090798966e+01,4.474170913711433428e+01,4.532613117063874597e+01,4.588278647060216286e+01,4.640795745006724360e+01,4.689746489249107952e+01,4.734667736342683497e+01,4.775056091391307689e+01,4.810377108273758040e+01,4.840078626061187350e+01,4.863607836128255713e+01,4.880431369566948518e+01,4.890057421954941219e+01,4.892058716547206387e+01,4.886094968240200842e+01,4.871933464200911601e+01,4.849466430492280722e+01,4.818724006621729927e+01,4.779881892374886831e+01,4.733263046331678936e+01,4.679333179389804798e+01,4.618690171390261412e+01,4.552047914724810340e+01,4.480215426744426566e+01,4.404072347608310167e+01,4.324542132458361721e+01,4.242564344441464641e+01,4.159067454356345905e+01,4.074943458055058443e+01,3.991025446122236531e+01,3.908069019712126391e+01,3.826738163690738048e+01,3.747595887163371486e+01,3.671099645409096013e+01,3.597601287121204905e+01,3.527351043582623902e+01,3.460504903823009215e+01,3.397134608180466842e+01,3.337239442816066770e+01,3.280759025497839332e+01,3.227586330341850385e+01,3.177580295393870813e+01,3.130577479725554824e+01,3.086402373652623865e+01,3.044876105154754953e+01,3.005823417653649088e+01,2.969077911265076608e+01,2.934485636223883276e+01
2.529973052583150661e+01,2.532051177415838339e+01,2.534243297471903134e+01,2.536567708072936611e+01,2.539047933970181958e+01,2.541713583078497152e+01,2.544601229177629520e+01,2.547755303378215785e+01,2.551228969482402320e+01,2.555084953607260445e+01,2.559396293773952280e+01,2.564246970831593941e+01,2.569732378358876446e+01,2.575959586383019584e+01,2.583047352217469594e+01,2.591125831805867463e+01,2.600335947028284522e+01,2.610828368812358491e+01,2.622762082885163082e+01,2.636302514813774778e+01,2.651619203718706430e+01,2.668883029670875118e+01,2.688263018095606682e+01,2.709922765104393250e+01,2.734016549934919738e+01,2.760685223747472605e+01,2.790051986812924412e+01,2.822218187327018768e+01,2.857259293206055872e+01,2.895221201639462905e+01,2.936117058224689913e+01,2.979924756572395239e+01,3.026585278908023824e+01,3.076002017297273383e+01,3.128041183057426977e+01,3.182533368694128484e+01,3.239276273121351579e+01,3.298038538683527321e+01,3.358564580280538792e+01,3.420580216353779690e+01,3.483798843173958204e+01,3.547927833038053080e+01,3.612674789310959511e+01,3.677753262433988368e+01,3.742887526295343292e+01,3.807816037924413877e+01,3.872293257948359724e+01,3.936089595126815510e+01,3.998989353490931364e+01,4.060786700264647209e+01,4.121279829088521041e+01,4.180263655733755002e+01,4.237521540052357238e+01,4.292816664701781804e+01,4.345883804431628050e+01,4.396422276807660268e+01,4.444090866060427913e+01,4.488505449944516812e+01,4.529239933570094223e+01,4.565830908123229648e+01,4.597786215941538757e+01,4.624597331624351426e+01,4.645755181209748486e+01,4.660768740355895545e+01,4.669185501370257896e+01,4.670612700180056720e+01,4.664738066991723286e+01,4.651348822251901538e+01,4.630347689604309380e+01,4.601764839115155326e+01,4.565764898482649414e+01,4.522648461312569168e+01,4.472847857929112081e+01,4.416917309693279492e+01,4.355517934883050657e+01,4.289398386211513525e+01,4.219372153699250561e+01,4.146292743927965319e+01,4.071028036590668364e+01,3.994435118251301731e+01,3.917336805487515505e+01,3.840500906153300775e+01,3.764623044924525885e+01,3.690313617853441741e+01,3.618089162299443018e+01,3.548368154882435022e+01,3.481471000351494638e+01,3.417623764100369499e+01,3.356965041426833096e+01,3.299555253320953341e+01,3.245387612314213044e+01,3.194400008941666158e+01,3.146487122243277312e+01,3.101512146510401280e+01,3.059317639877400197e+01,3.019735126869109365e+01,2.982593215923971997e+01,2.947724115042131743e+01,2.914968536919783659e+01,2.884179074360809025e+01
2.525487199885035139e+01,2.527278559179636019e+01,2.529174525055282530e+01,2.531192364385134752e+01,2.533354091920648443e+01,2.535687233703534105e+01,2.538225616098261028e+01,2.541010162305998321e+01,2.544089674005880397e+01,2.547521571464796608e+01,2.551372561235103120e+01,2.555719196633486590e+01,2.560648292814805416e+01,2.566257155707488025e+01,2.572653582673475015e+01,2.579955592822105359e+01,2.588290846769472608e+01,2.597795719598321540e+01,2.608613997101319626e+01,2.620895174276302342e+01,2.634792346582393208e+01,2.650459698630896099e+01,2.668049611589984238e+01,2.687709429262743299e+01,2.709577942989058741e+01,2.733781676445943276e+01,2.760431072087910209e+01,2.789616700189166565e+01,2.821405627864187338e+01,2.855838097576057422e+01,2.892924670970267798e+01,2.932643992921488874e+01,2.974941321141811912e+01,3.019727947557116110e+01,3.066881608339411613e+01,3.116247939998224936e+01,3.167642990013930770e+01,3.220856733698394692e+01,3.275657486743615721e+01,3.331797038611649242e+01,3.389016269691848038e+01,3.447050959816701976e+01,3.505637452479808758e+01,3.564517813150610692e+01,3.623444116210986010e+01,3.682181517092737977e+01,3.740509816556001965e+01,3.798223303150606966e+01,3.855128765831624804e+01,3.911041696952587898e+01,3.965780849309035716e+01,4.019161460026819555e+01,4.070987597465143892e+01,4.121044212396790840e+01,4.169089568895191178e+01,4.214848782028582264e+01,4.258009189369862924e+01,4.298218225686406413e+01,4.335084353625309461e+01,4.368181431473030329e+01,4.397056681110245080e+01,4.421242168986015031e+01,4.440269448231830296e+01,4.453686751547046185e+01,4.461077893779686576e+01,4.462081860740509853e+01,4.456411944236104716e+01,4.443873245260108718e+01,4.424377414151220478e+01,4.397953627611387617e+01,4.364755009796576957e+01,4.325059973541696934e+01,4.279268267974720175e+01,4.227891846449308844e+01,4.171540988522048110e+01,4.110906397093969389e+01,4.046738225361475827e+01,3.979823151364755063e+01,3.910960700483350649e+01,3.840940015030523114e+01,3.770518188980789631e+01,3.700401135008060294e+01,3.631227745677891505e+01,3.563557869506207965e+01,3.497864365883118865e+01,3.434529250425919855e+01,3.373843711977815474e+01,3.316011588604352767e+01,3.261155742634347376e+01,3.209326679390449755e+01,3.160512711441209888e+01,3.114650976501270208e+01,3.071638665681686930e+01,3.031343900490248089e+01,2.993615801405300303e+01,2.958293407406964448e+01,2.925213224672997470e+01,2.894215295275543198e+01,2.865147776568828064e+01,2.837870104547457828e+01
2.521602579522412313e+01,2.523142250996815861e+01,2.524777336772774561e+01,2.526523976385444570e+01,2.528402598497055465e+01,2.530438600879881861e+01,2.532663052975780715e+01,2.535113404811233906e+01,2.537834182257661197e+01,2.540877644753275533e+01,2.544304377800408545e+01,2.548183789012934142e+01,2.552594473439019396e+01,2.557624411582720825e+01,2.563370962275674003e+01,2.569940612602535523e+01,2.577448448755801280e+01,2.586017315264095018e+01,2.595776635741273708e+01,2.606860876317728426e+01,2.619407643328047541e+01,2.633555419614555504e+01,2.649440958797608303e+01,2.667196373731365000e+01,2.686945973596675685e+01,2.708802922976939342e+01,2.732865814920935321e+01,2.759215267340049849e+01,2.787910666883844613e+01,2.818987195347611419e+01,2.852453279306479317e+01,2.888288602704390584e+01,2.926442813363014039e+01,2.966835036894724453e+01,3.009354284784670952e+01,3.053860807461749616e+01,3.100188398674498913e+01,3.148147605847079689e+01,3.197529744547306052e+01,3.248111556803524280e+01,3.299660296556415062e+01,3.351938975414437039e+01,3.404711462834662683e+01,3.457747111625593561e+01,3.510824576621983795e+01,3.563734515012694715e+01,3.616280903274332559e+01,3.668280778355220662e+01,3.719562307897872699e+01,3.769961211746525009e+01,3.819315688224225624e+01,3.867460134954820461e+01,3.914218084891662386e+01,3.959394892221053652e+01,4.002770788368219002e+01,4.044094974867189052e+01,4.083081418902253290e+01,4.119406963614901684e+01,4.152712257595443646e+01,4.182605849787438501e+01,4.208671595582306679e+01,4.230479289931082576e+01,4.247598200316618033e+01,4.259612935338392958e+01,4.266140873246477838e+01,4.266850207853464383e+01,4.261477562899280969e+01,4.249844091740897767e+01,4.231869023034360566e+01,4.207579734188870191e+01,4.177117625439340998e+01,4.140739314874423371e+01,4.098812960113770743e+01,4.051809813623982848e+01,4.000291412604077834e+01,3.944893068436665118e+01,3.886304535184184772e+01,3.825248886355493028e+01,3.762460704823349289e+01,3.698664689433875452e+01,3.634555707056647122e+01,3.570781179941405981e+01,3.507926509305001161e+01,3.446504014237179092e+01,3.386945628862203250e+01,3.329599368475967935e+01,3.274729363459074705e+01,3.222519081375300232e+01,3.173077222064384273e+01,3.126445682643946711e+01,3.082608949783384489e+01,3.041504282212640931e+01,3.003032090914619445e+01,2.967065999413949484e+01,2.933462162469022161e+01,2.902067528572136013e+01,2.872726840892625688e+01,2.845288274886740609e+01,2.819607702694448648e+01,2.795551650515512065e+01
2.518250760015563472e+01,2.519570217991138250e+01,2.520976195091327199e+01,2.522483643332095227e+01,2.524111370160238366e+01,2.525882641725449318e+01,2.527825805971925632e+01,2.529974921102772356e+01,2.532370371579607848e+01,2.535059450350463450e+01,2.538096882590852132e+01,2.541545263067980898e+01,2.545475376500503728e+01,2.549966368217766544e+01,2.555105731276801606e+01,2.560989076238216100e+01,2.567719651299324823e+01,2.575407583684045676e+01,2.584168818309248294e+01,2.594123736945375569e+01,2.605395450445117334e+01,2.618107768104502497e+01,2.632382861696501308e+01,2.648338656881291797e+01,2.666086001088918067e+01,2.685725673954341275e+01,2.707345323152048167e+01,2.731016424053471425e+01,2.756791374902382330e+01,2.784700848960184771e+01,2.814751530065300855e+01,2.846924357068209943e+01,2.881173394570115320e+01,2.917425431476212339e+01,2.955580384604358102e+01,2.995512551980001348e+01,3.037072720106604606e+01,3.080091082720586826e+01,3.124380877352633590e+01,3.169742593196032843e+01,3.215968552778564060e+01,3.262847624736767926e+01,3.310169789905493332e+01,3.357730262278927569e+01,3.405332864128303783e+01,3.452792373849759855e+01,3.499935607918597924e+01,3.546601064971016370e+01,3.592637048890676255e+01,3.637898295054283437e+01,3.682241243610396708e+01,3.725518227855043563e+01,3.767570964876199469e+01,3.808223839192672244e+01,3.847277547559983191e+01,3.884503714812701958e+01,3.919641088856791100e+01,3.952393872932461960e+01,3.982432653978104042e+01,4.009398240526543589e+01,4.032908539641765344e+01,4.052568391656689073e+01,4.067982058983411520e+01,4.078767848360374160e+01,4.084574152675866543e+01,4.085096046183871010e+01,4.080091470169038814e+01,4.069396015506134745e+01,4.052935349412661736e+01,4.030734445350196182e+01,4.002922950713673345e+01,3.969736254237900397e+01,3.931512076928804333e+01,3.888682686695648982e+01,3.841763106378119375e+01,3.791335926899991193e+01,3.738033533794460084e+01,3.682518692463014531e+01,3.625464506694737565e+01,3.567534763539499920e+01,3.509365608854900387e+01,3.451549370322503307e+01,3.394621171318588893e+01,3.339048775464746655e+01,3.285225885000517820e+01,3.233468903041570996e+01,3.184016975311129372e+01,3.137034963186913572e+01,3.092618875383614352e+01,3.050803204802337376e+01,3.011569580613228680e+01,2.974856150579332947e+01,2.940567149243578626e+01,2.908582176188042823e+01,2.878764796390520786e+01,2.850970172837296701e+01,2.825051541689905577e+01,2.800865435322031871e+01,2.778275642890376673e+01,2.757155967987188205e+01
2.515369059356689974e+01,2.516496443377834424e+01,2.517701829928295609e+01,2.518998956369243913e+01,2.520405008489272802e+01,2.521941153568965177e+01,2.523633090778457699e+01,2.525511606094677575e+01,2.527613115904375718e+01,2.529980180366313647e+01,2.532661964565568269e+01,2.535714622658905526e+01,2.539201577765059881e+01,2.543193668505056593e+01,2.547769132072656006e+01,2.553013393751844262e+01,2.559018634135310322e+01,2.565883108159067660e+01,2.573710194646917770e+01,2.582607161497130477e+01,2.592683640014642421e+01,2.604049812174751466e+01,2.616814326664957591e+01,2.631081973124044637e+01,2.646951158668131399e+01,2.664511245991945998e+01,2.683839827332181827e+01,2.705000022502562729e+01,2.728037901055684955e+01,2.752980137304808750e+01,2.779832011324448615e+01,2.808575868051735469e+01,2.839170139261653603e+01,2.871549018738943104e+01,2.905622858995585034e+01,2.941279328400063520e+01,2.978385331145658910e+01,3.016789650262253630e+01,3.056326227710864885e+01,3.096817948004786558e+01,3.138080745902825441e+01,3.179927818132931350e+01,3.222173687728657399e+01,3.264637851306253680e+01,3.307147738057466313e+01,3.349540727250681016e+01,3.391665010380504697e+01,3.433379145063108950e+01,3.474550228840362109e+01,3.515050718764629778e+01,3.554754031535967584e+01,3.593529171787218957e+01,3.631234744163825212e+01,3.667712798590484624e+01,3.702783027958901130e+01,3.736237874645212287e+01,3.767839099781833312e+01,3.797316322740451966e+01,3.824367946901979565e+01,3.848664754440164160e+01,3.869856284481048192e+01,3.887579916321020335e+01,3.901472376172299050e+01,3.911183187972834219e+01,3.916389412663348679e+01,3.916810881701385938e+01,3.912225042811880371e+01,3.902480508697966854e+01,3.887508437474121337e+01,3.867330976295920664e+01,3.842066160823824106e+01,3.811928871398669827e+01,3.777227686556409481e+01,3.738357727395246144e+01,3.695789832825922616e+01,3.650056627039067791e+01,3.601736220131764554e+01,3.551434408083819960e+01,3.499766301357998088e+01,3.447338309912093735e+01,3.394731349343938831e+01,3.342486016103447355e+01,3.291090320963528626e+01,3.240970383632466678e+01,3.192484293079677826e+01,3.145919143126694806e+01,3.101491074837687378e+01,3.059348007317077034e+01,3.019574624453226974e+01,2.982199111065316188e+01,2.947201098361211891e+01,2.914520282939022522e+01,2.884065220529354079e+01,2.855721858248611866e+01,2.829361449327992162e+01,2.804847583956455992e+01,2.782042161431285621e+01,2.760810215732038841e+01,2.741023583845676015e+01,2.722563470199023072e+01
2.512900405347011912e+01,2.513860784208685928e+01,2.514891090883858737e+01,2.516003848600663417e+01,2.517214649764576251e+01,2.518542625068684160e+01,2.520010927704004189e+01,2.521647221352854729e+01,2.523484157969950914e+01,2.525559828611721969e+01,2.527918167875062494e+01,2.530609289989437727e+01,2.533689732433473552e+01,2.537222581303847946e+01,2.541277451753048311e+01,2.545930296845907037e+01,2.551263019375489804e+01,2.557362863726907420e+01,2.564321568955539732e+01,2.572234269981798604e+01,2.581198141262497714e+01,2.591310786461186666e+01,2.602668388387081322e+01,2.615363645566748829e+01,2.629483534884663953e+01,2.645106953267992012e+01,2.662302304745876924e+01,2.681125111599646260e+01,2.701615738840133218e+01,2.723797328924535677e+01,2.747674047448760959e+01,2.773229739543966588e+01,2.800427089998297703e+01,2.829207367044443089e+01,2.859490809923193666e+01,2.891177693768526780e+01,2.924150072561762315e+01,2.958274162930802476e+01,2.993403290088833302e+01,3.029381274484382303e+01,3.066046096595337644e+01,3.103233641007331656e+01,3.140781292993183982e+01,3.178531144783972806e+01,3.216332567823388899e+01,3.254043924108553654e+01,3.291533225819918584e+01,3.328677608065635241e+01,3.365361553332677147e+01,3.401473894987933733e+01,3.436903725947210120e+01,3.471535440824180085e+01,3.505243237587386318e+01,3.537885489338971468e+01,3.569299459579738709e+01,3.599296867299219826e+01,3.627660805102507879e+01,3.654144470459124250e+01,3.678472086225681181e+01,3.700342264568708117e+01,3.719433914654590012e+01,3.735414618743066484e+01,3.747951216177389000e+01,3.756722154611027520e+01,3.761431007678308447e+01,3.761820432487121479e+01,3.757685760928617213e+01,3.748887394602684253e+01,3.735361208504243535e+01,3.717126262886259269e+01,3.694289270209205256e+01,3.667045454414095218e+01,3.635675658712484903e+01,3.600539788916332640e+01,3.562066904255230071e+01,3.520742469474090797e+01,3.477093445757952850e+01,3.431672012159297225e+01,3.385038766605606497e+01,3.337746254060339623e+01,3.290323611735491482e+01,3.243263014582441173e+01,3.197008459351752663e+01,3.151947255433266548e+01,3.108404409658700729e+01,3.066639914213661910e+01,3.026848784267749082e+01,2.989163555002582839e+01,2.953658843483756868e+01,2.920357513053649257e+01,2.889237947121863925e+01,2.860241942982516150e+01,2.833282769827322412e+01,2.808252992047496122e+01,2.785031731948237876e+01,2.763491127718003071e+01,2.743501825974886543e+01,2.724937427513905064e+01,2.707677875369136444e+01,2.691611832811601701e+01
2.510793132273553141e+01,2.511608760620516989e+01,2.512486730397486312e+01,2.513438373837399098e+01,2.514477741385001153e+01,2.515622012825161846e+01,2.516891921514764263e+01,2.518312181765114133e+01,2.519911907057904088e+01,2.521725004354335908e+01,2.523790527372046100e+01,2.526152969479520749e+01,2.528862474936699201e+01,2.531974945757658091e+01,2.535552020666311890e+01,2.539660902647798224e+01,2.544374012655510242e+01,2.549768449294468198e+01,2.555925237919290538e+01,2.562928357673289170e+01,2.570863541611695169e+01,2.579816853180955505e+01,2.589873051861385633e+01,2.601113771510661010e+01,2.613615546541402068e+01,2.627447733072864722e+01,2.642670384033524655e+01,2.659332148158303966e+01,2.677468272120153969e+01,2.697098791787986727e+01,2.718227001909988161e+01,2.740838292509052820e+01,2.764899434168252768e+01,2.790358382578483187e+01,2.817144654881776233e+01,2.845170306489143286e+01,2.874331507633979754e+01,2.904510684896090567e+01,2.935579155795329598e+01,2.967400146350763279e+01,2.999832044773459216e+01,3.032731712146417635e+01,3.065957646212993026e+01,3.099372780420247864e+01,3.132846700049344335e+01,3.166257072929460747e+01,3.199490125283441699e+01,3.232440043887345382e+01,3.265007252677580141e+01,3.297095592333969449e+01,3.328608520703771489e+01,3.359444544224736262e+01,3.389492178602525030e+01,3.418624813068758783e+01,3.446695908718878343e+01,3.473534990528150246e+01,3.498944888965608158e+01,3.522700647167815902e+01,3.544550432701050369e+01,3.564218681529687416e+01,3.581411561721030523e+01,3.595824684537454630e+01,3.607152822311010709e+01,3.615101228945189860e+01,3.619398013686428328e+01,3.619806904909665235e+01,3.616139669073071872e+01,3.608267428627708995e+01,3.596130155441991860e+01,3.579743702624153912e+01,3.559203872287034187e+01,3.534687190331661810e+01,3.506448258800578088e+01,3.474813766528204440e+01,3.440173443529532449e+01,3.402968428210647289e+01,3.363677665414024887e+01,3.322803057053596376e+01,3.280854139204316766e+01,3.238333058017283861e+01,3.195720564232288652e+01,3.153463648886051018e+01,3.111965310830322551e+01,3.071576791814441521e+01,3.032592450060631251e+01,2.995247281148580143e+01,2.959716947000234910e+01,2.926120049014803470e+01,2.894522286394986921e+01,2.864942078861804475e+01,2.837357204741871897e+01,2.811712008637431737e+01,2.787924763229618819e+01,2.765894821403243142e+01,2.745509261204326279e+01,2.726648800406598383e+01,2.709192833373686327e+01,2.693023515056940553e+01,2.678028881149216645e+01,2.664105046733013893e+01
2.509000728080448184e+01,2.509691293346116936e+01,2.510437133126167097e+01,2.511248429772304647e+01,2.512137761223333499e+01,2.513120459817657348e+01,2.514214982432165257e+01,2.515443283231509142e+01,2.516831178235067057e+01,2.518408688778782434e+01,2.520210348851989224e+01,2.522275459332396608e+01,2.524648270452744114e+01,2.527378072555149302e+01,2.530519174482675382e+01,2.534130748988969373e+01,2.538276525483021828e+01,2.543024312424509148e+01,2.548445334881616375e+01,2.554613377258527507e+01,2.561603727044965595e+01,2.569491922621396895e+01,2.578352316576892278e+01,2.588256475474699414e+01,2.599271447241231314e+01,2.611457937954028452e+01,2.624868450247313234e+01,2.639545445218187325e+01,2.655519597889978201e+01,2.672808222195427419e+01,2.691413944278964365e+01,2.711323701906153616e+01,2.732508142217628233e+01,2.754921479440393384e+01,2.778501858173467554e+01,2.803172246515375932e+01,2.828841857006109350e+01,2.855408062973934236e+01,2.882758744752829116e+01,2.910774966202927772e+01,2.939333849305590007e+01,2.968311485952742146e+01,2.997585704249903671e+01,3.027038494550829739e+01,3.056557900640123293e+01,3.086039196051675759e+01,3.115385195708142518e+01,3.144505599048267186e+01,3.173315321417460666e+01,3.201731843124438370e+01,3.229671686139304398e+01,3.257046211515923062e+01,3.283757009804406835e+01,3.309691224911339447e+01,3.334717201967198719e+01,3.358680875308261449e+01,3.381403308544697950e+01,3.402679761733505615e+01,3.422280590308751869e+01,3.439954178936298490e+01,3.455431986134939848e+01,3.468435630406800385e+01,3.478685796096803529e+01,3.485912589104760428e+01,3.489866841255119567e+01,3.490331759309085413e+01,3.487134250229273391e+01,3.480155235517286627e+01,3.469338297764232948e+01,3.454696081413271003e+01,3.436313992380161153e+01,3.414350899007777684e+01,3.389036718106348900e+01,3.360666960725775709e+01,3.329594498160938087e+01,3.296218975354712200e+01,3.260974433974131159e+01,3.224315801504159396e+01,3.186704949896967065e+01,3.148597025855309539e+01,3.110427706991151808e+01,3.072601949814949762e+01,3.035484675637647101e+01,2.999393699833904137e+01,2.964595060231397028e+01,2.931300753160292061e+01,2.899668751234897712e+01,2.869805063591682881e+01,2.841767512925641270e+01,2.815570847369583163e+01,2.791192779475977659e+01,2.768580547308680195e+01,2.747657620015294455e+01,2.728330216961102650e+01,2.710493369570218647e+01,2.694036322326385502e+01,2.678847138225517810e+01,2.664816439443687557e+01,2.651840272261879505e+01,2.639822133747211197e+01
2.507481544903573223e+01,2.508064402894084921e+01,2.508696005425370856e+01,2.509385439856541566e+01,2.510143894489668526e+01,2.510984970406591188e+01,2.511925003057137218e+01,2.512983385999125474e+01,2.514182887374586528e+01,2.515549947843216927e+01,2.517114946859013003e+01,2.518912422463322542e+01,2.520981228288920306e+01,2.523364610352477655e+01,2.526110185596667890e+01,2.529269804174827385e+01,2.532899278297677981e+01,2.537057962221605933e+01,2.541808170771071929e+01,2.547214427742763476e+01,2.553342540681161310e+01,2.560258504832079396e+01,2.568027246489630144e+01,2.576711224287478430e+01,2.586368915989152484e+01,2.597053227647927898e+01,2.608809871178054962e+01,2.621675764855343260e+01,2.635677518415580423e+01,2.650830069555935253e+01,2.667135541056163817e+01,2.684582386733013593e+01,2.703144889409255569e+01,2.722783064544979226e+01,2.743443008880459999e+01,2.765057714395683774e+01,2.787548344468384798e+01,2.810825942078989925e+01,2.834793510470817424e+01,2.859348376467860220e+01,2.884384717721304980e+01,2.909796109857489554e+01,2.935477930376580247e+01,2.961329445747544398e+01,2.987255408783912358e+01,3.013167006914066448e+01,3.038982029489095993e+01,3.064624163926597333e+01,3.090021385213322702e+01,3.115103468722702118e+01,3.139798728767868496e+01,3.164030159929809471e+01,3.187711229156118264e+01,3.210741627558738287e+01,3.233003335365673792e+01,3.254357375795494534e+01,3.274641629126044506e+01,3.293670044123834373e+01,3.311233519783458235e+01,3.327102638098605070e+01,3.341032313141219845e+01,3.352768290367044557e+01,3.362055292154049368e+01,3.368646471822720656e+01,3.372313719935750953e+01,3.372858274104268617e+01,3.370121025805581638e+01,3.363991901268564533e+01,3.354417721463689617e+01,3.341408018101177646e+01,3.325038393970659456e+01,3.305451159147872886e+01,3.282853138919716685e+01,3.257510722225932653e+01,3.229742387724601116e+01,3.199909095464259678e+01,3.168403054413516529e+01,3.135635461186274853e+01,3.102023847940225210e+01,3.067979676020100044e+01,3.033896768530864563e+01,3.000141095029896121e+01,2.967042312940903415e+01,2.934887342913120278e+01,2.903916119772082283e+01,2.874319527340165337e+01,2.846239403579696869e+01,2.819770399780842496e+01,2.794963399177571972e+01,2.771830149254268605e+01,2.750348738495516798e+01,2.730469550647755028e+01,2.712121354166776399e+01,2.695217226659125132e+01,2.679660068372403714e+01,2.665347519623361094e+01,2.652176159310319292e+01,2.640044920904214365e+01,2.628857715086971680e+01,2.618525292128290971e+01
2.506198484449936359e+01,2.506688882350233882e+01,2.507222037297481165e+01,2.507806006579866320e+01,2.508450681048617525e+01,2.509168054978991691e+01,2.509972504293170203e+01,2.510881066547768725e+01,2.511913714508166606e+01,2.513093613509490964e+01,2.514447351206039372e+01,2.516005126819367987e+01,2.517800885707912428e+01,2.519872384109249452e+01,2.522261168372184414e+01,2.525012453028327641e+01,2.528174882780470512e+01,2.531800165029370220e+01,2.535942562026396274e+01,2.540658235204897153e+01,2.546004438747624832e+01,2.552038564980444590e+01,2.558817050671044413e+01,2.566394160609898734e+01,2.574820672732329285e+01,2.584142497191052357e+01,2.594399269806041985e+01,2.605622967717502192e+01,2.617836601291677923e+01,2.631053040770889950e+01,2.645274038190333599e+01,2.660489504095304980e+01,2.676677094041565041e+01,2.693802151330980621e+01,2.711818039693441662e+01,2.730666882693644837e+01,2.750280705846573426e+01,2.770582953455015485e+01,2.791490326110329789e+01,2.812914858087143344e+01,2.834766128333774660e+01,2.856953476515348811e+01,2.879388078872024792e+01,2.901984729777861460e+01,2.924663175894248468e+01,2.947348862346667175e+01,2.969972975394158965e+01,2.992471703704485009e+01,3.014784689631720482e+01,3.036852700685664175e+01,3.058614616373565553e+01,3.080003892399583876e+01,3.100944727600997552e+01,3.121348213274723804e+01,3.141108783979128560e+01,3.160101308283889665e+01,3.178179153174162508e+01,3.195173524408101429e+01,3.210894326655051145e+01,3.225132703626725572e+01,3.237665313996676986e+01,3.248260280281735390e+01,3.256684623475354101e+01,3.262712875726793982e+01,3.266136456794195908e+01,3.266773316880291134e+01,3.264477296848164656e+01,3.259146642478068401e+01,3.250731135183007581e+01,3.239237366933292606e+01,3.224731788126909038e+01,3.207341286728459551e+01,3.187251205584676583e+01,3.164700861115526465e+01,3.139976778614306241e+01,3.113403995628593890e+01,3.085335895262041106e+01,3.056143108008996379e+01,3.026202059167078318e+01,2.995883737534078506e+01,2.965543221855560319e+01,2.935510429199379701e+01,2.906082451332230576e+01,2.877517730103417648e+01,2.850032200363008883e+01,2.823797408446553447e+01,2.798940504169480192e+01,2.775545911407404631e+01,2.753658411476346757e+01,2.733287327224012841e+01,2.714411474359296150e+01,2.696984548477867349e+01,2.680940638301818169e+01,2.666199593551256442e+01,2.652672024723714372e+01,2.640263766890552688e+01,2.628879695771465919e+01,2.618426837818163477e+01,2.608816763699476482e+01,2.599967294282885888e+01
2.505118668271113691e+01,2.505529954256607539e+01,2.505978547617007379e+01,2.506471547249440945e+01,2.507017644486487384e+01,2.507627355632264710e+01,2.508313261640073222e+01,2.509090249229672764e+01,2.509975746373145356e+01,2.510989943672499436e+01,2.512155991767264851e+01,2.513500163617793959e+01,2.515051969394901477e+01,2.516844210865816933e+01,2.518912961706767817e+01,2.521297460205867935e+01,2.524039901458681712e+01,2.527185117508864565e+01,2.530780136039191675e+01,2.534873611242203850e+01,2.539515124429145487e+01,2.544754356761480096e+01,2.550640142147245015e+01,2.557219414707433458e+01,2.564536072086385587e+01,2.572629782979434054e+01,2.581534774227802131e+01,2.591278639258744576e+01,2.601881215038973494e+01,2.613353578527496524e+01,2.625697215307367571e+01,2.638903412108053459e+01,2.652952920824120042e+01,2.667815934024647362e+01,2.683452400629214907e+01,2.699812695420034458e+01,2.716838637659986233e+01,2.734464832904453857e+01,2.752620289086421224e+01,2.771230234420514194e+01,2.790218042230634055e+01,2.809507148326406423e+01,2.829022832049816927e+01,2.848693724598933841e+01,2.868452909545212393e+01,2.888238492047269190e+01,2.907993535988161682e+01,2.927665302197352659e+01,2.947203765187406788e+01,2.966559438519803393e+01,2.985680597041469753e+01,3.004510043872452130e+01,3.022981626495198526e+01,3.041016754488810747e+01,3.058521206248870783e+01,3.075382528790314751e+01,3.091468329783726432e+01,3.106625732120402361e+01,3.120682208186534723e+01,3.133447935403900431e+01,3.144719720385799633e+01,3.154286432206369994e+01,3.161935773384518100e+01,3.167462108914047292e+01,3.170674978049077097e+01,3.171407839119205718e+01,3.169526551630389477e+01,3.164937087466676502e+01,3.157591986654189498e+01,3.147495132391964745e+01,3.134704511345410438e+01,3.119332742173387985e+01,3.101545289271075134e+01,3.081556419590465623e+01,3.059623097384644552e+01,3.036037134430836204e+01,3.011116012661976526e+01,2.985192865232911430e+01,2.958606136605930104e+01,2.931689440979205230e+01,2.904762102990849471e+01,2.878120799480760539e+01,2.852032632700192494e+01,2.826729861684023248e+01,2.802406408147879091e+01,2.779216144693839041e+01,2.757272873885419529e+01,2.736651823020991614e+01,2.717392415501586100e+01,2.699502037857178038e+01,2.682960502093565580e+01,2.667724904611663916e+01,2.653734602671597642e+01,2.640916063370441691e+01,2.629187383985996362e+01,2.618462331828889944e+01,2.608653802252562670e+01,2.599676641595146620e+01,2.591449824753591358e+01,2.583898012880864670e+01
2.504213101551112075e+01,2.504556920534422915e+01,2.504933121897975923e+01,2.505347921772305142e+01,2.505808912599849236e+01,2.506325262644622853e+01,2.506907921576505416e+01,2.507569827223978010e+01,2.508326107408686667e+01,2.509194269562905077e+01,2.510194369636583289e+01,2.511349150686186604e+01,2.512684140576587311e+01,2.514227697504038872e+01,2.516010991655114992e+01,2.518067911350642163e+01,2.520434882582654268e+01,2.523150592028232708e+01,2.526255605496383794e+01,2.529791876391999494e+01,2.533802142194485896e+01,2.538329211139570063e+01,2.543415146205498090e+01,2.549100359028060936e+01,2.555422632328844657e+01,2.562416095597136589e+01,2.570110184809414022e+01,2.578528622528305903e+01,2.587688459367051053e+01,2.597599221067867248e+01,2.608262206838761088e+01,2.619669983652745060e+01,2.631806117517893640e+01,2.644645175954753213e+01,2.658153025893280841e+01,2.672287437944550348e+01,2.686998991775133305e+01,2.702232258657460662e+01,2.717927217035011722e+01,2.734020836280552658e+01,2.750448744173013793e+01,2.767146876630276253e+01,2.784052995695313015e+01,2.801107955465029420e+01,2.818256597197498436e+01,2.835448165515900953e+01,2.852636158200315109e+01,2.869777552572402612e+01,2.886831391139184433e+01,2.903756756246558624e+01,2.920510215338741489e+01,2.937042871511079412e+01,2.953297204199562387e+01,2.969203927511427565e+01,2.984679124303238495e+01,2.999621928518921266e+01,3.013913023254999501e+01,3.027414195576001532e+01,3.039969140970918104e+01,3.051405642115268790e+01,3.061539161817552213e+01,3.070177794024928275e+01,3.077128416356671181e+01,3.082203790601219850e+01,3.085230272033381738e+01,3.086055721927636242e+01,3.084557176724878502e+01,3.080647816561142704e+01,3.074282797515356691e+01,3.065463565517073974e+01,3.054240352170619133e+01,3.040712658073663732e+01,3.025027649765040749e+01,3.007376523099349441e+01,2.987989008953773862e+01,2.967126307413200337e+01,2.945072825828653151e+01,2.922127158176047601e+01,2.898592774141783579e+01,2.874768885185184786e+01,2.850941922997545674e+01,2.827378007220398359e+01,2.804316699854247119e+01,2.781966250628922666e+01,2.760500438441970772e+01,2.740057016389316402e+01,2.720737678718312225e+01,2.702609392736369998e+01,2.685706881177153349e+01,2.670036002831479749e+01,2.655577761691008831e+01,2.642292676143770791e+01,2.630125257338917066e+01,2.619008376248663694e+01,2.608867338263151225e+01,2.599623528340145384e+01,2.591197535037990463e+01,2.583511704955830623e+01,2.576492117661532788e+01,2.570070003363228039e+01
2.503456337642636598e+01,2.503742812974649112e+01,2.504057250377433519e+01,2.504405060415645679e+01,2.504792837417929618e+01,2.505228529907610024e+01,2.505721616179442179e+01,2.506283280819837245e+01,2.506926586955013647e+01,2.507666637971074408e+01,2.508520721424958211e+01,2.509508426909021139e+01,2.510651728808174710e+01,2.511975024269717238e+01,2.513505116371956660e+01,2.515271132512471297e+01,2.517304368524643010e+01,2.519638050051487355e+01,2.522307004327646851e+01,2.525347237794889210e+01,2.528795417929516987e+01,2.532688261284521403e+01,2.537061833996753535e+01,2.541950775783104532e+01,2.547387463598528967e+01,2.553401136443210007e+01,2.560017008017437590e+01,2.567255398705694702e+01,2.575130922352391849e+01,2.583651766062183341e+01,2.592819102394654962e+01,2.602626672415373577e+01,2.613060574747462894e+01,2.624099289759529441e+01,2.635713959174300669e+01,2.647868929707414765e+01,2.660522555080656915e+01,2.673628234379506097e+01,2.687135646990569171e+01,2.700992126280137384e+01,2.715144097028132819e+01,2.729538486875608072e+01,2.744124011254623596e+01,2.758852226021022247e+01,2.773678243734065774e+01,2.788561019349614511e+01,2.803463129673107446e+01,2.818349998287911973e+01,2.833188553115412489e+01,2.847945345730949285e+01,2.862584207676422210e+01,2.877063566140911277e+01,2.891333585800051864e+01,2.905333341254736013e+01,2.918988251330984340e+01,2.932208018821679474e+01,2.944885314182361213e+01,2.956895417522072833e+01,2.968096989722057089e+01,2.978334082116103332e+01,2.987439418053756057e+01,2.995238893629060328e+01,3.001557154993144749e+01,3.006224022931604622e+01,3.009081458996364944e+01,3.009990708261656778e+01,3.008839217489283868e+01,3.005546918241602938e+01,3.000071484243392916e+01,2.992412220632621356e+01,2.982612316770321925e+01,2.970759288863686720e+01,2.956983546829566478e+01,2.941455133412178924e+01,2.924378793920882202e+01,2.905987633738675768e+01,2.886535700702128082e+01,2.866289885002560567e+01,2.845521556997685408e+01,2.824498362234857751e+01,2.803476564439455743e+01,2.782694274733566075e+01,2.762365834162806522e+01,2.742677533120784261e+01,2.723784762386652858e+01,2.705810603024228911e+01,2.688845782424281339e+01,2.672949856238344069e+01,2.658153424318178892e+01,2.644461154896864485e+01,2.631855375397488572e+01,2.620299989287200404e+01,2.609744494018538319e+01,2.600127902227974985e+01,2.591382403474594653e+01,2.583436643305056890e+01,2.576218536961753358e+01,2.569657573717076104e+01,2.563686602353576660e+01,2.558243117155958046e+01
2.502826149272680922e+01,2.503064050455867928e+01,2.503325972781628295e+01,2.503616598078041022e+01,2.503941621408696960e+01,2.504307896026598712e+01,2.504723582669676674e+01,2.505198299614247404e+01,2.505743269037611398e+01,2.506371454352318295e+01,2.507097682299192343e+01,2.507938742769922413e+01,2.508913458627403514e+01,2.510042717265497814e+01,2.511349455368031158e+01,2.512858588361857315e+01,2.514596876483229337e+01,2.516592720259014371e+01,2.518875879603699275e+01,2.521477112693790446e+01,2.524427733325390832e+01,2.527759088582174485e+01,2.531501962297692288e+01,2.535685913904255528e+01,2.540338566689464272e+01,2.545484864049157991e+01,2.551146316798852709e+01,2.557340268702181874e+01,2.564079210769726558e+01,2.571370177219592890e+01,2.579214256903911817e+01,2.587606253135221834e+01,2.596534521875452128e+01,2.605981012934109486e+01,2.615921531029536240e+01,2.626326223317028052e+01,2.637160287487186139e+01,2.648384880211712300e+01,2.659958190222874919e+01,2.671836624555841055e+01,2.683976041576852722e+01,2.696332951654051868e+01,2.708865597089501520e+01,2.721534818606202322e+01,2.734304617530333203e+01,2.747142331815006955e+01,2.760018360789259262e+01,2.772905398002337307e+01,2.785777163120650712e+01,2.798606661142610719e+01,2.811364038106492913e+01,2.824014144189846576e+01,2.836513954326120057e+01,2.848810029592309689e+01,2.860836226050901487e+01,2.872511868206200703e+01,2.883740599210300459e+01,2.894410097920975034e+01,2.904392813685756636e+01,2.913547814611989395e+01,2.921723776930513239e+01,2.928763066150814254e+01,2.934506780483447486e+01,2.938800549671966778e+01,2.941500814364290761e+01,2.942481258539514144e+01,2.941639035417982484e+01,2.938900419362038008e+01,2.934225534262866120e+01,2.927611852400452719e+01,2.919096224168247034e+01,2.908755283773454892e+01,2.896704172832816582e+01,2.883093625379329694e+01,2.868105556456899663e+01,2.851947384770440408e+01,2.834845391294842187e+01,2.817037465363563342e+01,2.798765614518856637e+01,2.780268613407537970e+01,2.761775141474392115e+01,2.743497712284771950e+01,2.725627633680742434e+01,2.708331163354768378e+01,2.691746944986306644e+01,2.675984731895109192e+01,2.661125333661453141e+01,2.647221660754143713e+01,2.634300695988167362e+01,2.622366191266363700e+01,2.611401873790027395e+01,2.601374946732560645e+01,2.592239683218383561e+01,2.583940936582779457e+01,2.576417421168847000e+01,2.569604653138376804e+01,2.563437476933379600e+01,2.557852137542143822e+01,2.552787889575490965e+01,2.548188159949075526e+01
2.502303211121379789e+01,2.502500107786611139e+01,2.502717534841151092e+01,2.502959520276395722e+01,2.503230955173840755e+01,2.503537716448768791e+01,2.503886793241833431e+01,2.504286413916480569e+01,2.504746169884807472e+01,2.505277131729059548e+01,2.505891952342000550e+01,2.506604951116002056e+01,2.507432172614585397e+01,2.508391412714664881e+01,2.509502204971552786e+01,2.510785759993752109e+01,2.512264850982755249e+01,2.513963639353197621e+01,2.515907435551558891e+01,2.518122391874963384e+01,2.520635126274619964e+01,2.523472278805510527e+01,2.526660005518927576e+01,2.530223418115060596e+01,2.534185981465955706e+01,2.538568885027821409e+01,2.543390407984116663e+01,2.548665301452757603e+01,2.554404213970789073e+01,2.560613188430113141e+01,2.567293259358885393e+01,2.574440178614596419e+01,2.582044294900764925e+01,2.590090607828406988e+01,2.598559010402736646e+01,2.607424724843661679e+01,2.616658925728731688e+01,2.626229531953185514e+01,2.636102135514737199e+01,2.646241021440683383e+01,2.656610220263040745e+01,2.667174523446241352e+01,2.677900384300133041e+01,2.688756623384517042e+01,2.699714859332560479e+01,2.710749594252925831e+01,2.721837897909611925e+01,2.732958656729457658e+01,2.744091381766815374e+01,2.755214602832661797e+01,2.766303912188961078e+01,2.777329758044619723e+01,2.788255122633985295e+01,2.799033248722908596e+01,2.809605598787080893e+01,2.819900239968696454e+01,2.829830842994317663e+01,2.839296463210321519e+01,2.848182236615736329e+01,2.856361074426809310e+01,2.863696378840649004e+01,2.870045734093125844e+01,2.875265455477229892e+01,2.879215810217493043e+01,2.881766663701184683e+01,2.882803257944503628e+01,2.882231800870599869e+01,2.879984538220905677e+01,2.876023996244417447e+01,2.870346122334575512e+01,2.862982110190223750e+01,2.853998771761128239e+01,2.843497404649892246e+01,2.831611194274983845e+01,2.818501278078839434e+01,2.804351677771038354e+01,2.789363369259908865e+01,2.773747804131611616e+01,2.757720218584018568e+01,2.741493064813965574e+01,2.725269877085935022e+01,2.709239842881221705e+01,2.693573292810206610e+01,2.678418256455204371e+01,2.663898160496648160e+01,2.650110675762485002e+01,2.637127656075405469e+01,2.624996057879690525e+01,2.613739688368111302e+01,2.603361602681226117e+01,2.593846957939473796e+01,2.585166132488590307e+01,2.577277930978572940e+01,2.570132717307356529e+01,2.563675345251061444e+01,2.557847787919835625e+01,2.552591399351117118e+01,2.547848772281685825e+01,2.543565183624365389e+01,2.539689642169634709e+01
2.501870797372791344e+01,2.502033199924034790e+01,2.502213060443325787e+01,2.502413824851929292e+01,2.502639670724563103e+01,2.502895610766776358e+01,2.503187599344726166e+01,2.503522639496840085e+01,2.503908887234787528e+01,2.504355749302196799e+01,2.504873969930387290e+01,2.505475701544391498e+01,2.506174553869417920e+01,2.506985615513111654e+01,2.507925441902500907e+01,2.509012003489040410e+01,2.510264588453695467e+01,2.511703654796543717e+01,2.513350627725314368e+01,2.515227639696849238e+01,2.517357212330954752e+01,2.519761881702664752e+01,2.522463771195436166e+01,2.525484119102092961e+01,2.528842771395096989e+01,2.532557653417835297e+01,2.536644237500262022e+01,2.541115026464673576e+01,2.545979075417862703e+01,2.551241575858420418e+01,2.556903526686490125e+01,2.562961515919437971e+01,2.569407634552229069e+01,2.576229539873573060e+01,2.583410679561056256e+01,2.590930680048717250e+01,2.598765893150426010e+01,2.606890084060406565e+01,2.615275232147790874e+01,2.623892404107540344e+01,2.632712647885053769e+01,2.641707846348308664e+01,2.650851463006504005e+01,2.660119109231849421e+01,2.669488864394575955e+01,2.678941287823142403e+01,2.688459074979320462e+01,2.698026329686632252e+01,2.707627449146997023e+01,2.717245647730522862e+01,2.726861177458906127e+01,2.736449335535159122e+01,2.745978379609195841e+01,2.755407496893896280e+01,2.764684990951179699e+01,2.773746857420759682e+01,2.782515915191922673e+01,2.790901641369640629e+01,2.798800826747894277e+01,2.806099124438318171e+01,2.812673510083156003e+01,2.818395611101987086e+01,2.823135798987118150e+01,2.826767877665631090e+01,2.829174147454797250e+01,2.830250582931867953e+01,2.829911838143690161e+01,2.828095786844442827e+01,2.824767320216299638e+01,2.819921159449419434e+01,2.813583493562084215e+01,2.805812320274707261e+01,2.796696444678338622e+01,2.786353171078467739e+01,2.774924801642711714e+01,2.762574125459444474e+01,2.749479138203476580e+01,2.735827271887851353e+01,2.721809433764494557e+01,2.707614152614894820e+01,2.693422110421095539e+01,2.679401300219185345e+01,2.665703000518055177e+01,2.652458697535626442e+01,2.639778023547403052e+01,2.627747717655432780e+01,2.616431558573852811e+01,2.605871171076833548e+01,2.596087571018058782e+01,2.587083289626161786e+01,2.578844906308681217e+01,2.571345819658475662e+01,2.564549097144785961e+01,2.558410262915181477e+01,2.552879907758026334e+01,2.547906033046013619e+01,2.543436069028935975e+01,2.539418535126922194e+01,2.535804334293010243e+01,2.532547693959043755e+01
2.501514496851761749e+01,2.501647984301506611e+01,2.501796242262905778e+01,2.501962202331990781e+01,2.502149413354776541e+01,2.502362128275154873e+01,2.502605393526350852e+01,2.502885138803853948e+01,2.503208264533999738e+01,2.503582723814492894e+01,2.504017595073708335e+01,2.504523141202865943e+01,2.505110850492780727e+01,2.505793454393386099e+01,2.506584916952001763e+01,2.507500390820100478e+01,2.508556134993076370e+01,2.509769390005739709e+01,2.511158207184831426e+01,2.512741229786096753e+01,2.514537425431250028e+01,2.516565771205208435e+01,2.518844895049655008e+01,2.521392679641972734e+01,2.524225837695520980e+01,2.527359470442135247e+01,2.530806623811432843e+01,2.534577859322864057e+01,2.538680858746685942e+01,2.543120082940200888e+01,2.547896505687912594e+01,2.553007442637473545e+01,2.558446493321990545e+01,2.564203610636709385e+01,2.570265306911560188e+01,2.576614998907880860e+01,2.583233485810158570e+01,2.590099544869364934e+01,2.597190619229023767e+01,2.604483562233486182e+01,2.611955392931144004e+01,2.619584009409865999e+01,2.627348800969544840e+01,2.635231097875545458e+01,2.643214399386409852e+01,2.651284327563174514e+01,2.659428266413715036e+01,2.667634663191122257e+01,2.675891990681638788e+01,2.684187395115179342e+01,2.692505082435315344e+01,2.700824524144409722e+01,2.709118590508469993e+01,2.717351741085027328e+01,2.725478417855376279e+01,2.733441792475695564e+01,2.741173014580394351e+01,2.748591091673416997e+01,2.755603502844980213e+01,2.762107609306353240e+01,2.767992876564756699e+01,2.773143868974646864e+01,2.777443921213610523e+01,2.780779337269974860e+01,2.783043920275482108e+01,2.784143600192609824e+01,2.784000904523822939e+01,2.782559012358091266e+01,2.779785145386256673e+01,2.775673080680086713e+01,2.770244617194223480e+01,2.763549887870986410e+01,2.755666477529364045e+01,2.746697378278791035e+01,2.736767883607344487e+01,2.726021584349181737e+01,2.714615679905386614e+01,2.702715852910479910e+01,2.690490972887851129e+01,2.678107893699441178e+01,2.665726591635527143e+01,2.653495858018822062e+01,2.641549715497159667e+01,2.630004674775259232e+01,2.618957892715109281e+01,2.608486237766055993e+01,2.598646218382655704e+01,2.589474687540175779e+01,2.580990203837649588e+01,2.573194908156467520e+01,2.566076764599048587e+01,2.559612014761819410e+01,2.553767703879761441e+01,2.548504154095881447e+01,2.543777281867217255e+01,2.539540681078601736e+01,2.535747418697654254e+01,2.532351513961614131e+01,2.529309093720207002e+01,2.526579234686945696e+01
2.501221947501013787e+01,2.501331283107758097e+01,2.501453052798438037e+01,2.501589736954720422e+01,2.501744334191979746e+01,2.501920433925123177e+01,2.502122291045202473e+01,2.502354900896629886e+01,2.502624072305999547e+01,2.502936495962931929e+01,2.503299805010014367e+01,2.503722624286706022e+01,2.504214604319333404e+01,2.504786435888596330e+01,2.505449840873114553e+01,2.506217535100249449e+01,2.507103159171775175e+01,2.508121173707861828e+01,2.509286716199467904e+01,2.510615417699766638e+01,2.512123178931300771e+01,2.513825907033486828e+01,2.515739216102060283e+01,2.517878096832606971e+01,2.520256562903165332e+01,2.522887284116973206e+01,2.525781218648040394e+01,2.528947258834273981e+01,2.532391906666401837e+01,2.536118996229460265e+01,2.540129480663075512e+01,2.544421300518482809e+01,2.548989348527911503e+01,2.553825542631209089e+01,2.558919014555151250e+01,2.564256415329264271e+01,2.569822331973111673e+01,2.575599801455033955e+01,2.581570899289839716e+01,2.587717371340209027e+01,2.594021269168017341e+01,2.600465542402063335e+01,2.607034536859116614e+01,2.613714345383401039e+01,2.620492960284941120e+01,2.627360182425853807e+01,2.634307252740772753e+01,2.641326187264811409e+01,2.648408816161460422e+01,2.655545549935765948e+01,2.662723920685042955e+01,2.669926971180359843e+01,2.677131587778284683e+01,2.684306892455591154e+01,2.691412822471956900e+01,2.698399031348534294e+01,2.705204240491999457e+01,2.711756156024628339e+01,2.717972040140345769e+01,2.723759991448292794e+01,2.729020946082071220e+01,2.733651363507526000e+01,2.737546511322866749e+01,2.740604215732461313e+01,2.742728902740493169e+01,2.743835723173189933e+01,2.743854535524478422e+01,2.742733516533665394e+01,2.740442181373779462e+01,2.736973623060828587e+01,2.732345822547748071e+01,2.726601934068958499e+01,2.719809510782205564e+01,2.712058699086214375e+01,2.703459491398058745e+01,2.694138182057790587e+01,2.684233215388917060e+01,2.673890645723726323e+01,2.663259444536468834e+01,2.652486889168735118e+01,2.641714251748680198e+01,2.631072977752628361e+01,2.620681504136038598e+01,2.610642820608990533e+01,2.601042828271683049e+01,2.591949501212283380e+01,2.583412812171678397e+01,2.575465345727104349e+01,2.568123493560655746e+01,2.561389107294399281e+01,2.555251475252983084e+01,2.549689489736600123e+01,2.544673879700364338e+01,2.540169398446748872e+01,2.536136875112481448e+01,2.532535060392311266e+01,2.529322219236483704e+01,2.526457444589886236e+01,2.523901685355270175e+01,2.521618497792334779e+01
2.500982591216170192e+01,2.501071826598379033e+01,2.501171476959636664e+01,2.501283629568063915e+01,2.501410804705275837e+01,2.501556016027331708e+01,2.501722832670071028e+01,2.501915441590301370e+01,2.502138708268429923e+01,2.502398233522479742e+01,2.502700403814092311e+01,2.503052432084005829e+01,2.503462385861537953e+01,2.503939199177071018e+01,2.504492664698586424e+01,2.505133402544662502e+01,2.505872802429080082e+01,2.506722936196501550e+01,2.507696438440881437e+01,2.508806353777839959e+01,2.510065950478931285e+01,2.511488501566380194e+01,2.513087036092019844e+01,2.514874065145121662e+01,2.516861289089904119e+01,2.519059294540340588e+01,2.521477251528558128e+01,2.524122623081238359e+01,2.527000900833095898e+01,2.530115381209717640e+01,2.533466996929145054e+01,2.537054217932524836e+01,2.540873034208000547e+01,2.544917030204043229e+01,2.549177556579126147e+01,2.553643999919599850e+01,2.558304144886263742e+01,2.563144616241192608e+01,2.568151380697875652e+01,2.573310280987930554e+01,2.578607567515216914e+01,2.584030387128689199e+01,2.589567184593237670e+01,2.595207970973909184e+01,2.600944415005189470e+01,2.606769719082505787e+01,2.612678251056976464e+01,2.618664916514151031e+01,2.624724273300658695e+01,2.630849409972683972e+01,2.637030631433937700e+01,2.643254016816092644e+01,2.649499934870078732e+01,2.655741618873942045e+01,2.661943914425091862e+01,2.668062317768794856e+01,2.674042418203197258e+01,2.679819844841164667e+01,2.685320795559269769e+01,2.690463195086043413e+01,2.695158491461258876e+01,2.699314057885097640e+01,2.702836123237844035e+01,2.705633112649749705e+01,2.707619242911311375e+01,2.708718189505778184e+01,2.708866625362254865e+01,2.708017428000627191e+01,2.706142362464571249e+01,2.703234072047077419e+01,2.699307245851690595e+01,2.694398879164595684e+01,2.688567596024198636e+01,2.681892059275179818e+01,2.674468547573809118e+01,2.666407827223329718e+01,2.657831485839855645e+01,2.648867921988999186e+01,2.639648198450440120e+01,2.630301966183158413e+01,2.620953652057389149e+01,2.611719077713236459e+01,2.602702642057975524e+01,2.593995159042149723e+01,2.585672398826569562e+01,2.577794337576153083e+01,2.570405081860689833e+01,2.563533400412838859e+01,2.557193770483938522e+01,2.551387829162015919e+01,2.546106111918188475e+01,2.541329960782877606e+01,2.537033491821454589e+01,2.533185524490056650e+01,2.529751392304933333e+01,2.526694573311767655e+01,2.523978098463400244e+01,2.521565714798850166e+01,2.519422797158902227e+01,2.517517016307857602e+01
