2.500000000000000000e+01,2.500000000000000000e+01,2.500000000000000000e+01,2.500000000000000000e+01,2.500000000000000000e+01,2.500000000000000000e+01,2.500000000000000000e+01,2.500000000000000000e+01,2.500000000000000000e+01,2.500000000000000000e+01,2.500000000000000000e+01,2.500000000000000000e+01,2.500000000000000000e+01,2.500000000000000000e+01,2.500000000000000000e+01,2.500000000000000000e+01,2.500000000000000000e+01,2.500000000000000000e+01,2.500000000000000000e+01,2.500000000000000000e+01,2.500000000000000000e+01,2.500000000000000000e+01,2.500000000000000000e+01,2.500000000000000000e+01,2.500000000000000000e+01,2.500000000000000000e+01,2.500000000000000000e+01,2.500000000000000000e+01,2.500000000000000000e+01,2.500000000000000000e+01,2.500000000000000000e+01,2.500000000000000000e+01,2.500000000000000000e+01,2.500000000000000000e+01,2.500000000000000000e+01,2.500000000000000000e+01,2.500000000000000000e+01,2.500000000000000000e+01,2.500000000000000000e+01,2.500000000000000000e+01,2.500000000000000000e+01,2.500000000000000000e+01,2.500000000000000000e+01,2.500000000000000000e+01,2.500000000000000000e+01,2.500000000000000355e+01,2.500000000000004263e+01,2.500000000000051159e+01,2.500000000000558842e+01,2.500000000005449863e+01,2.500000000047572968e+01,2.500000000371599995e+01,2.500000002597390747e+01,2.500000016245902756e+01,2.500000090927542473e+01,2.500000455399047539e+01,2.500002040956934124e+01,2.500008185036516295e+01,2.500029373280952072e+01,2.500094325551877006e+01,2.500271051183538873e+01,2.500696976794382564e+01,2.501603726800385630e+01,2.503302079406502401e+01,2.506084006874466397e+01,2.510030831545018870e+01,2.514798893185510664e+01,2.519537392060318126e+01,2.523080701550695437e+01,2.524399249977770765e+01,2.523080701550695437e+01,2.519537392060318126e+01,2.514798893185510664e+01,2.510030831545018870e+01,2.506084006874466397e+01,2.503302079406502401e+01,2.501603726800385630e+01,2.500696976794382564e+01,2.500271051183538873e+01,2.500094325551877006e+01,2.500029373280952072e+01,2.500008185036516295e+01,2.500002040956934124e+01,2.500000455399047539e+01,2.500000090927542473e+01,2.500000016245902756e+01,2.500000002597390747e+01,2.500000000371599995e+01,2.500000000047572968e+01,2.500000000005449863e+01,2.500000000000558842e+01,2.500000000000051159e+01,2.500000000000004263e+01,2.500000000000000355e+01,2.500000000000000000e+01,2.500000000000000000e+01,2.500000000000000000e+01,2.500000000000000000e+01,2.500000000000000000e+01,2.500000000000000000e+01
2.500000000000000000e+01,2.500000000000000000e+01,2.500000000000000000e+01,2.500000000000000000e+01,2.500000000000000000e+01,2.500000000000000000e+01,2.500000000000000000e+01,2.500000000000000000e+01,2.500000000000000000e+01,2.500000000000000000e+01,2.500000000000000000e+01,2.500000000000000000e+01,2.500000000000000000e+01,2.500000000000000000e+01,2.500000000000000000e+01,2.500000000000000000e+01,2.500000000000000000e+01,2.500000000000000000e+01,2.500000000000000000e+01,2.500000000000000000e+01,2.500000000000000000e+01,2.500000000000000000e+01,2.500000000000000000e+01,2.500000000000000000e+01,2.500000000000000000e+01,2.500000000000000000e+01,2.500000000000000000e+01,2.500000000000000000e+01,2.500000000000000000e+01,2.500000000000000000e+01,2.500000000000000000e+01,2.500000000000000000e+01,2.500000000000000000e+01,2.500000000000000000e+01,2.500000000000000000e+01,2.500000000000000000e+01,2.500000000000000000e+01,2.500000000000000000e+01,2.500000000000000000e+01,2.500000000000000000e+01,2.500000000000000000e+01,2.500000000000000000e+01,2.500000000000000000e+01,2.500000000000000000e+01,2.500000000000000000e+01,2.500000000000000355e+01,2.500000000000004974e+01,2.500000000000059686e+01,2.500000000000650147e+01,2.500000000006343015e+01,2.500000000055367622e+01,2.500000000432485692e+01,2.500000003022966411e+01,2.500000018907750032e+01,2.500000105825775165e+01,2.500000530014954947e+01,2.500002375362231177e+01,2.500009526132704707e+01,2.500034186013925108e+01,2.500109780539505522e+01,2.500315462189940163e+01,2.500811174564976724e+01,2.501866493117316637e+01,2.503843116223777798e+01,2.507080855014811149e+01,2.511674356277663023e+01,2.517223651976144083e+01,2.522738541129404766e+01,2.526862412336596009e+01,2.528397001372205111e+01,2.526862412336596009e+01,2.522738541129404766e+01,2.517223651976144083e+01,2.511674356277663023e+01,2.507080855014811149e+01,2.503843116223777798e+01,2.501866493117316637e+01,2.500811174564976724e+01,2.500315462189940163e+01,2.500109780539505522e+01,2.500034186013925108e+01,2.500009526132704707e+01,2.500002375362231177e+01,2.500000530014954947e+01,2.500000105825775165e+01,2.500000018907750032e+01,2.500000003022966411e+01,2.500000000432485692e+01,2.500000000055367622e+01,2.500000000006343015e+01,2.500000000000650147e+01,2.500000000000059686e+01,2.500000000000004974e+01,2.500000000000000355e+01,2.500000000000000000e+01,2.500000000000000000e+01,2.500000000000000000e+01,2.500000000000000000e+01,2.500000000000000000e+01,2.500000000000000000e+01
2.500000000000000000e+01,2.500000000000000000e+01,2.500000000000000000e+01,2.500000000000000000e+01,2.500000000000000000e+01,2.500000000000000000e+01,2.500000000000000000e+01,2.500000000000000000e+01,2.500000000000000000e+01,2.500000000000000000e+01,2.500000000000000000e+01,2.500000000000000000e+01,2.500000000000000000e+01,2.500000000000000000e+01,2.500000000000000000e+01,2.500000000000000000e+01,2.500000000000000000e+01,2.500000000000000000e+01,2.500000000000000000e+01,2.500000000000000000e+01,2.500000000000000000e+01,2.500000000000000000e+01,2.500000000000000000e+01,2.500000000000000000e+01,2.500000000000000000e+01,2.500000000000000000e+01,2.500000000000000000e+01,2.500000000000000000e+01,2.500000000000000000e+01,2.500000000000000000e+01,2.500000000000000000e+01,2.500000000000000000e+01,2.500000000000000000e+01,2.500000000000000000e+01,2.500000000000000000e+01,2.500000000000000000e+01,2.500000000000000000e+01,2.500000000000000000e+01,2.500000000000000000e+01,2.500000000000000000e+01,2.500000000000000000e+01,2.500000000000000000e+01,2.500000000000000000e+01,2.500000000000000000e+01,2.500000000000000000e+01,2.500000000000000355e+01,2.500000000000005684e+01,2.500000000000069278e+01,2.500000000000755307e+01,2.500000000007366907e+01,2.500000000064308381e+01,2.500000000502323161e+01,2.500000003511112823e+01,2.500000021960961405e+01,2.500000122914453371e+01,2.500000615601429743e+01,2.500002758934198610e+01,2.500011064406496075e+01,2.500039706349498303e+01,2.500127507830519491e+01,2.500366402821769896e+01,2.500942162512761513e+01,2.502167893227167283e+01,2.504463700163396211e+01,2.508224266935005531e+01,2.513559523831659348e+01,2.520004916235559733e+01,2.526410346147414643e+01,2.531200137428634633e+01,2.532982530916141783e+01,2.531200137428634633e+01,2.526410346147414643e+01,2.520004916235559733e+01,2.513559523831659348e+01,2.508224266935005531e+01,2.504463700163396211e+01,2.502167893227167283e+01,2.500942162512761513e+01,2.500366402821769896e+01,2.500127507830519491e+01,2.500039706349498303e+01,2.500011064406496075e+01,2.500002758934198610e+01,2.500000615601429743e+01,2.500000122914453371e+01,2.500000021960961405e+01,2.500000003511112823e+01,2.500000000502323161e+01,2.500000000064308381e+01,2.500000000007366907e+01,2.500000000000755307e+01,2.500000000000069278e+01,2.500000000000005684e+01,2.500000000000000355e+01,2.500000000000000000e+01,2.500000000000000000e+01,2.500000000000000000e+01,2.500000000000000000e+01,2.500000000000000000e+01,2.500000000000000000e+01
2.500000000000000000e+01,2.500000000000000000e+01,2.500000000000000000e+01,2.500000000000000000e+01,2.500000000000000000e+01,2.500000000000000000e+01,2.500000000000000000e+01,2.500000000000000000e+01,2.500000000000000000e+01,2.500000000000000000e+01,2.500000000000000000e+01,2.500000000000000000e+01,2.500000000000000000e+01,2.500000000000000000e+01,2.500000000000000000e+01,2.500000000000000000e+01,2.500000000000000000e+01,2.500000000000000000e+01,2.500000000000000000e+01,2.500000000000000000e+01,2.500000000000000000e+01,2.500000000000000000e+01,2.500000000000000000e+01,2.500000000000000000e+01,2.500000000000000000e+01,2.500000000000000000e+01,2.500000000000000000e+01,2.500000000000000000e+01,2.500000000000000000e+01,2.500000000000000000e+01,2.500000000000000000e+01,2.500000000000000000e+01,2.500000000000000000e+01,2.500000000000000000e+01,2.500000000000000000e+01,2.500000000000000000e+01,2.500000000000000000e+01,2.500000000000000000e+01,2.500000000000000000e+01,2.500000000000000000e+01,2.500000000000000000e+01,2.500000000000000000e+01,2.500000000000000000e+01,2.500000000000000000e+01,2.500000000000000000e+01,2.500000000000000355e+01,2.500000000000006750e+01,2.500000000000080291e+01,2.500000000000875389e+01,2.500000000008539303e+01,2.500000000074540907e+01,2.500000000582251047e+01,2.500000004069788062e+01,2.500000025455306485e+01,2.500000142472137554e+01,2.500000713553606246e+01,2.500003197925397913e+01,2.500012824933107325e+01,2.500046024274002932e+01,2.500147796395376076e+01,2.500424703456192432e+01,2.501092075856653807e+01,2.502512840217186252e+01,2.505173947290153436e+01,2.509532881256408743e+01,2.515717064098499378e+01,2.523188023020785664e+01,2.530612660770085398e+01,2.536164585566264407e+01,2.538230586779853581e+01,2.536164585566264407e+01,2.530612660770085398e+01,2.523188023020785664e+01,2.515717064098499378e+01,2.509532881256408743e+01,2.505173947290153436e+01,2.502512840217186252e+01,2.501092075856653807e+01,2.500424703456192432e+01,2.500147796395376076e+01,2.500046024274002932e+01,2.500012824933107325e+01,2.500003197925397913e+01,2.500000713553606246e+01,2.500000142472137554e+01,2.500000025455306485e+01,2.500000004069788062e+01,2.500000000582251047e+01,2.500000000074540907e+01,2.500000000008539303e+01,2.500000000000875389e+01,2.500000000000080291e+01,2.500000000000006750e+01,2.500000000000000355e+01,2.500000000000000000e+01,2.500000000000000000e+01,2.500000000000000000e+01,2.500000000000000000e+01,2.500000000000000000e+01,2.500000000000000000e+01
2.500000000000000000e+01,2.500000000000000000e+01,2.500000000000000000e+01,2.500000000000000000e+01,2.500000000000000000e+01,2.500000000000000000e+01,2.500000000000000000e+01,2.500000000000000000e+01,2.500000000000000000e+01,2.500000000000000000e+01,2.500000000000000000e+01,2.500000000000000000e+01,2.500000000000000000e+01,2.500000000000000000e+01,2.500000000000000000e+01,2.500000000000000000e+01,2.500000000000000000e+01,2.500000000000000000e+01,2.500000000000000000e+01,2.500000000000000000e+01,2.500000000000000000e+01,2.500000000000000000e+01,2.500000000000000000e+01,2.500000000000000000e+01,2.500000000000000000e+01,2.500000000000000000e+01,2.500000000000000000e+01,2.500000000000000000e+01,2.500000000000000000e+01,2.500000000000000000e+01,2.500000000000000000e+01,2.500000000000000000e+01,2.500000000000000000e+01,2.500000000000000000e+01,2.500000000000000000e+01,2.500000000000000000e+01,2.500000000000000000e+01,2.500000000000000000e+01,2.500000000000000000e+01,2.500000000000000000e+01,2.500000000000000000e+01,2.500000000000000000e+01,2.500000000000000000e+01,2.500000000000000000e+01,2.500000000000000000e+01,2.500000000000000711e+01,2.500000000000007461e+01,2.500000000000092726e+01,2.500000000001012523e+01,2.500000000009877965e+01,2.500000000086225782e+01,2.500000000673523459e+01,2.500000004707759516e+01,2.500000029445627092e+01,2.500000164805771163e+01,2.500000825408773508e+01,2.500003699225478471e+01,2.500014835342733477e+01,2.500053238942704681e+01,2.500170964648456007e+01,2.500491279079582441e+01,2.501263267378375588e+01,2.502906747781393904e+01,2.505985004420035267e+01,2.511027235736215601e+01,2.518180838115323184e+01,2.526822928895196441e+01,2.535411437292119174e+01,2.541833670179584104e+01,2.544223533411987148e+01,2.541833670179584104e+01,2.535411437292119174e+01,2.526822928895196441e+01,2.518180838115323184e+01,2.511027235736215601e+01,2.505985004420035267e+01,2.502906747781393904e+01,2.501263267378375588e+01,2.500491279079582441e+01,2.500170964648456007e+01,2.500053238942704681e+01,2.500014835342733477e+01,2.500003699225478471e+01,2.500000825408773508e+01,2.500000164805771163e+01,2.500000029445627092e+01,2.500000004707759516e+01,2.500000000673523459e+01,2.500000000086225782e+01,2.500000000009877965e+01,2.500000000001012523e+01,2.500000000000092726e+01,2.500000000000007461e+01,2.500000000000000711e+01,2.500000000000000000e+01,2.500000000000000000e+01,2.500000000000000000e+01,2.500000000000000000e+01,2.500000000000000000e+01,2.500000000000000000e+01
2.500000000000000000e+01,2.500000000000000000e+01,2.500000000000000000e+01,2.500000000000000000e+01,2.500000000000000000e+01,2.500000000000000000e+01,2.500000000000000000e+01,2.500000000000000000e+01,2.500000000000000000e+01,2.500000000000000000e+01,2.500000000000000000e+01,2.500000000000000000e+01,2.500000000000000000e+01,2.500000000000000000e+01,2.500000000000000000e+01,2.500000000000000000e+01,2.500000000000000000e+01,2.500000000000000000e+01,2.500000000000000000e+01,2.500000000000000000e+01,2.500000000000000000e+01,2.500000000000000000e+01,2.500000000000000000e+01,2.500000000000000000e+01,2.500000000000000000e+01,2.500000000000000000e+01,2.500000000000000000e+01,2.500000000000000000e+01,2.500000000000000000e+01,2.500000000000000000e+01,2.500000000000000000e+01,2.500000000000000000e+01,2.500000000000000000e+01,2.500000000000000000e+01,2.500000000000000000e+01,2.500000000000000000e+01,2.500000000000000000e+01,2.500000000000000000e+01,2.500000000000000000e+01,2.500000000000000000e+01,2.500000000000000000e+01,2.500000000000000000e+01,2.500000000000000000e+01,2.500000000000000000e+01,2.500000000000000000e+01,2.500000000000000711e+01,2.500000000000008882e+01,2.500000000000107292e+01,2.500000000001168843e+01,2.500000000011403145e+01,2.500000000099539221e+01,2.500000000777518494e+01,2.500000005434657879e+01,2.500000033992160908e+01,2.500000190252503884e+01,2.500000952855502234e+01,2.500004270402089546e+01,2.500017125984608768e+01,2.500061459268567177e+01,2.500197362338753493e+01,2.500567134720555629e+01,2.501458321392864548e+01,2.503355562366154174e+01,2.506909115308073410e+01,2.512729889217086665e+01,2.520988039125867175e+01,2.530964506561898020e+01,2.540879118260438929e+01,2.548292972025735637e+01,2.551051840605335030e+01,2.548292972025735637e+01,2.540879118260438929e+01,2.530964506561898020e+01,2.520988039125867175e+01,2.512729889217086665e+01,2.506909115308073410e+01,2.503355562366154174e+01,2.501458321392864548e+01,2.500567134720555629e+01,2.500197362338753493e+01,2.500061459268567177e+01,2.500017125984608768e+01,2.500004270402089546e+01,2.500000952855502234e+01,2.500000190252503884e+01,2.500000033992160908e+01,2.500000005434657879e+01,2.500000000777518494e+01,2.500000000099539221e+01,2.500000000011403145e+01,2.500000000001168843e+01,2.500000000000107292e+01,2.500000000000008882e+01,2.500000000000000711e+01,2.500000000000000000e+01,2.500000000000000000e+01,2.500000000000000000e+01,2.500000000000000000e+01,2.500000000000000000e+01,2.500000000000000000e+01
2.500000000000000000e+01,2.500000000000000000e+01,2.500000000000000000e+01,2.500000000000000000e+01,2.500000000000000000e+01,2.500000000000000000e+01,2.500000000000000000e+01,2.500000000000000000e+01,2.500000000000000000e+01,2.500000000000000000e+01,2.500000000000000000e+01,2.500000000000000000e+01,2.500000000000000000e+01,2.500000000000000000e+01,2.500000000000000000e+01,2.500000000000000000e+01,2.500000000000000000e+01,2.500000000000000000e+01,2.500000000000000000e+01,2.500000000000000000e+01,2.500000000000000000e+01,2.500000000000000000e+01,2.500000000000000000e+01,2.500000000000000000e+01,2.500000000000000000e+01,2.500000000000000000e+01,2.500000000000000000e+01,2.500000000000000000e+01,2.500000000000000000e+01,2.500000000000000000e+01,2.500000000000000000e+01,2.500000000000000000e+01,2.500000000000000000e+01,2.500000000000000000e+01,2.500000000000000000e+01,2.500000000000000000e+01,2.500000000000000000e+01,2.500000000000000000e+01,2.500000000000000000e+01,2.500000000000000000e+01,2.500000000000000000e+01,2.500000000000000000e+01,2.500000000000000000e+01,2.500000000000000000e+01,2.500000000000000000e+01,2.500000000000000711e+01,2.500000000000010303e+01,2.500000000000123634e+01,2.500000000001346834e+01,2.500000000013136869e+01,2.500000000114674847e+01,2.500000000895744634e+01,2.500000006261028318e+01,2.500000039160860510e+01,2.500000219181470484e+01,2.500001097742557477e+01,2.500004919740821308e+01,2.500019730087194247e+01,2.500070804497109833e+01,2.500227372395891123e+01,2.500653370754624660e+01,2.501680067388587148e+01,2.503865794556214297e+01,2.507959685272313521e+01,2.514665540695351709e+01,2.524179388890744491e+01,2.535672834488258331e+01,2.547095018834402325e+01,2.555636190894125193e+01,2.558814561006956367e+01,2.555636190894125193e+01,2.547095018834402325e+01,2.535672834488258331e+01,2.524179388890744491e+01,2.514665540695351709e+01,2.507959685272313521e+01,2.503865794556214297e+01,2.501680067388587148e+01,2.500653370754624660e+01,2.500227372395891123e+01,2.500070804497109833e+01,2.500019730087194247e+01,2.500004919740821308e+01,2.500001097742557477e+01,2.500000219181470484e+01,2.500000039160860510e+01,2.500000006261028318e+01,2.500000000895744634e+01,2.500000000114674847e+01,2.500000000013136869e+01,2.500000000001346834e+01,2.500000000000123634e+01,2.500000000000010303e+01,2.500000000000000711e+01,2.500000000000000000e+01,2.500000000000000000e+01,2.500000000000000000e+01,2.500000000000000000e+01,2.500000000000000000e+01,2.500000000000000000e+01
2.500000000000000000e+01,2.500000000000000000e+01,2.500000000000000000e+01,2.500000000000000000e+01,2.500000000000000000e+01,2.500000000000000000e+01,2.500000000000000000e+01,2.500000000000000000e+01,2.500000000000000000e+01,2.500000000000000000e+01,2.500000000000000000e+01,2.500000000000000000e+01,2.500000000000000000e+01,2.500000000000000000e+01,2.500000000000000000e+01,2.500000000000000000e+01,2.500000000000000000e+01,2.500000000000000000e+01,2.500000000000000000e+01,2.500000000000000000e+01,2.500000000000000000e+01,2.500000000000000000e+01,2.500000000000000000e+01,2.500000000000000000e+01,2.500000000000000000e+01,2.500000000000000000e+01,2.500000000000000000e+01,2.500000000000000000e+01,2.500000000000000000e+01,2.500000000000000000e+01,2.500000000000000000e+01,2.500000000000000000e+01,2.500000000000000000e+01,2.500000000000000000e+01,2.500000000000000000e+01,2.500000000000000000e+01,2.500000000000000000e+01,2.500000000000000000e+01,2.500000000000000000e+01,2.500000000000000000e+01,2.500000000000000000e+01,2.500000000000000000e+01,2.500000000000000000e+01,2.500000000000000000e+01,2.500000000000000000e+01,2.500000000000000711e+01,2.500000000000011724e+01,2.500000000000142109e+01,2.500000000001548273e+01,2.500000000015103652e+01,2.500000000131842981e+01,2.500000001029847851e+01,2.500000007198377716e+01,2.500000045023699258e+01,2.500000251995497536e+01,2.500001262087444687e+01,2.500005656283505928e+01,2.500022683911779353e+01,2.500081404757627368e+01,2.500261412700240982e+01,2.500751187990765345e+01,2.501931593107053331e+01,2.504444549170344558e+01,2.509151343160850089e+01,2.516861143493877151e+01,2.527799325926682172e+01,2.541013474622895529e+01,2.554145693425772734e+01,2.563965578740367590e+01,2.567619787996087766e+01,2.563965578740367590e+01,2.554145693425772734e+01,2.541013474622895529e+01,2.527799325926682172e+01,2.516861143493877151e+01,2.509151343160850089e+01,2.504444549170344558e+01,2.501931593107053331e+01,2.500751187990765345e+01,2.500261412700240982e+01,2.500081404757627368e+01,2.500022683911779353e+01,2.500005656283505928e+01,2.500001262087444687e+01,2.500000251995497536e+01,2.500000045023699258e+01,2.500000007198377716e+01,2.500000001029847851e+01,2.500000000131842981e+01,2.500000000015103652e+01,2.500000000001548273e+01,2.500000000000142109e+01,2.500000000000011724e+01,2.500000000000000711e+01,2.500000000000000000e+01,2.500000000000000000e+01,2.500000000000000000e+01,2.500000000000000000e+01,2.500000000000000000e+01,2.500000000000000000e+01
2.500000000000000000e+01,2.500000000000000000e+01,2.500000000000000000e+01,2.500000000000000000e+01,2.500000000000000000e+01,2.500000000000000000e+01,2.500000000000000000e+01,2.500000000000000000e+01,2.500000000000000000e+01,2.500000000000000000e+01,2.500000000000000000e+01,2.500000000000000000e+01,2.500000000000000000e+01,2.500000000000000000e+01,2.500000000000000000e+01,2.500000000000000000e+01,2.500000000000000000e+01,2.500000000000000000e+01,2.500000000000000000e+01,2.500000000000000000e+01,2.500000000000000000e+01,2.500000000000000000e+01,2.500000000000000000e+01,2.500000000000000000e+01,2.500000000000000000e+01,2.500000000000000000e+01,2.500000000000000000e+01,2.500000000000000000e+01,2.500000000000000000e+01,2.500000000000000000e+01,2.500000000000000000e+01,2.500000000000000000e+01,2.500000000000000000e+01,2.500000000000000000e+01,2.500000000000000000e+01,2.500000000000000000e+01,2.500000000000000000e+01,2.500000000000000000e+01,2.500000000000000000e+01,2.500000000000000000e+01,2.500000000000000000e+01,2.500000000000000000e+01,2.500000000000000000e+01,2.500000000000000000e+01,2.500000000000000000e+01,2.500000000000001066e+01,2.500000000000013500e+01,2.500000000000163070e+01,2.500000000001776357e+01,2.500000000017329782e+01,2.500000000151272772e+01,2.500000001181619425e+01,2.500000008259220508e+01,2.500000051658954092e+01,2.500000289132702846e+01,2.500001448084420730e+01,2.500006489864121306e+01,2.500026026896466291e+01,2.500093401579905006e+01,2.500299937742232359e+01,2.500861892439558432e+01,2.502216256803542294e+01,2.505099553472978258e+01,2.510499999439698016e+01,2.519346012287657288e+01,2.531896181961886683e+01,2.547057732727450485e+01,2.562125279386840759e+01,2.573392345705831730e+01,2.577585084898669621e+01,2.573392345705831730e+01,2.562125279386840759e+01,2.547057732727450485e+01,2.531896181961886683e+01,2.519346012287657288e+01,2.510499999439698016e+01,2.505099553472978258e+01,2.502216256803542294e+01,2.500861892439558432e+01,2.500299937742232359e+01,2.500093401579905006e+01,2.500026026896466291e+01,2.500006489864121306e+01,2.500001448084420730e+01,2.500000289132702846e+01,2.500000051658954092e+01,2.500000008259220508e+01,2.500000001181619425e+01,2.500000000151272772e+01,2.500000000017329782e+01,2.500000000001776357e+01,2.500000000000163070e+01,2.500000000000013500e+01,2.500000000000001066e+01,2.500000000000000000e+01,2.500000000000000000e+01,2.500000000000000000e+01,2.500000000000000000e+01,2.500000000000000000e+01,2.500000000000000000e+01
2.500000000000000000e+01,2.500000000000000000e+01,2.500000000000000000e+01,2.500000000000000000e+01,2.500000000000000000e+01,2.500000000000000000e+01,2.500000000000000000e+01,2.500000000000000000e+01,2.500000000000000000e+01,2.500000000000000000e+01,2.500000000000000000e+01,2.500000000000000000e+01,2.500000000000000000e+01,2.500000000000000000e+01,2.500000000000000000e+01,2.500000000000000000e+01,2.500000000000000000e+01,2.500000000000000000e+01,2.500000000000000000e+01,2.500000000000000000e+01,2.500000000000000000e+01,2.500000000000000000e+01,2.500000000000000000e+01,2.500000000000000000e+01,2.500000000000000000e+01,2.500000000000000000e+01,2.500000000000000000e+01,2.500000000000000000e+01,2.500000000000000000e+01,2.500000000000000000e+01,2.500000000000000000e+01,2.500000000000000000e+01,2.500000000000000000e+01,2.500000000000000000e+01,2.500000000000000000e+01,2.500000000000000000e+01,2.500000000000000000e+01,2.500000000000000000e+01,2.500000000000000000e+01,2.500000000000000000e+01,2.500000000000000000e+01,2.500000000000000000e+01,2.500000000000000000e+01,2.500000000000000000e+01,2.500000000000000000e+01,2.500000000000001066e+01,2.500000000000015277e+01,2.500000000000186517e+01,2.500000000002034284e+01,2.500000000019842972e+01,2.500000000173213266e+01,2.500000001352999135e+01,2.500000009457121664e+01,2.500000059151468790e+01,2.500000331067950654e+01,2.500001658111784408e+01,2.500007431141462177e+01,2.500029801787193762e+01,2.500106948364416226e+01,2.500343440132288109e+01,2.500986899652097506e+01,2.502537698404101008e+01,2.505839182846193225e+01,2.512022899051496694e+01,2.522151920494788513e+01,2.536522342506616212e+01,2.553882895272870357e+01,2.571135809759194046e+01,2.584037029586653844e+01,2.588837875563288549e+01,2.584037029586653844e+01,2.571135809759194046e+01,2.553882895272870357e+01,2.536522342506616212e+01,2.522151920494788513e+01,2.512022899051496694e+01,2.505839182846193225e+01,2.502537698404101008e+01,2.500986899652097506e+01,2.500343440132288109e+01,2.500106948364416226e+01,2.500029801787193762e+01,2.500007431141462177e+01,2.500001658111784408e+01,2.500000331067950654e+01,2.500000059151468790e+01,2.500000009457121664e+01,2.500000001352999135e+01,2.500000000173213266e+01,2.500000000019842972e+01,2.500000000002034284e+01,2.500000000000186517e+01,2.500000000000015277e+01,2.500000000000001066e+01,2.500000000000000000e+01,2.500000000000000000e+01,2.500000000000000000e+01,2.500000000000000000e+01,2.500000000000000000e+01,2.500000000000000000e+01
2.500000000000000000e+01,2.500000000000000000e+01,2.500000000000000000e+01,2.500000000000000000e+01,2.500000000000000000e+01,2.500000000000000000e+01,2.500000000000000000e+01,2.500000000000000000e+01,2.500000000000000000e+01,2.500000000000000000e+01,2.500000000000000000e+01,2.500000000000000000e+01,2.500000000000000000e+01,2.500000000000000000e+01,2.500000000000000000e+01,2.500000000000000000e+01,2.500000000000000000e+01,2.500000000000000000e+01,2.500000000000000000e+01,2.500000000000000000e+01,2.500000000000000000e+01,2.500000000000000000e+01,2.500000000000000000e+01,2.500000000000000000e+01,2.500000000000000000e+01,2.500000000000000000e+01,2.500000000000000000e+01,2.500000000000000000e+01,2.500000000000000000e+01,2.500000000000000000e+01,2.500000000000000000e+01,2.500000000000000000e+01,2.500000000000000000e+01,2.500000000000000000e+01,2.500000000000000000e+01,2.500000000000000000e+01,2.500000000000000000e+01,2.500000000000000000e+01,2.500000000000000000e+01,2.500000000000000000e+01,2.500000000000000000e+01,2.500000000000000000e+01,2.500000000000000000e+01,2.500000000000000000e+01,2.500000000000000000e+01,2.500000000000001421e+01,2.500000000000017408e+01,2.500000000000213163e+01,2.500000000002324541e+01,2.500000000022674840e+01,2.500000000197932337e+01,2.500000001546083439e+01,2.500000010806732220e+01,2.500000067592879560e+01,2.500000378314123850e+01,2.500001894738241148e+01,2.500008491627667340e+01,2.500034054752147128e+01,2.500122210792898869e+01,2.500392451919291048e+01,2.501127738508697362e+01,2.502899849247775421e+01,2.506672483206354585e+01,2.513738667571457697e+01,2.525313185317760656e+01,2.541734387062565759e+01,2.561572436296009769e+01,2.581287486364311690e+01,2.596029818452153748e+01,2.601515785410060033e+01,2.596029818452153748e+01,2.581287486364311690e+01,2.561572436296009769e+01,2.541734387062565759e+01,2.525313185317760656e+01,2.513738667571457697e+01,2.506672483206354585e+01,2.502899849247775421e+01,2.501127738508697362e+01,2.500392451919291048e+01,2.500122210792898869e+01,2.500034054752147128e+01,2.500008491627667340e+01,2.500001894738241148e+01,2.500000378314123850e+01,2.500000067592879560e+01,2.500000010806732220e+01,2.500000001546083439e+01,2.500000000197932337e+01,2.500000000022674840e+01,2.500000000002324541e+01,2.500000000000213163e+01,2.500000000000017408e+01,2.500000000000001421e+01,2.500000000000000000e+01,2.500000000000000000e+01,2.500000000000000000e+01,2.500000000000000000e+01,2.500000000000000000e+01,2.500000000000000000e+01
2.500000000000000000e+01,2.500000000000000000e+01,2.500000000000000000e+01,2.500000000000000000e+01,2.500000000000000000e+01,2.500000000000000000e+01,2.500000000000000000e+01,2.500000000000000000e+01,2.500000000000000000e+01,2.500000000000000000e+01,2.500000000000000000e+01,2.500000000000000000e+01,2.500000000000000000e+01,2.500000000000000000e+01,2.500000000000000000e+01,2.500000000000000000e+01,2.500000000000000000e+01,2.500000000000000000e+01,2.500000000000000000e+01,2.500000000000000000e+01,2.500000000000000000e+01,2.500000000000000000e+01,2.500000000000000000e+01,2.500000000000000000e+01,2.500000000000000000e+01,2.500000000000000000e+01,2.500000000000000000e+01,2.500000000000000000e+01,2.500000000000000000e+01,2.500000000000000000e+01,2.500000000000000000e+01,2.500000000000000000e+01,2.500000000000000000e+01,2.500000000000000000e+01,2.500000000000000000e+01,2.500000000000000000e+01,2.500000000000000000e+01,2.500000000000000000e+01,2.500000000000000000e+01,2.500000000000000000e+01,2.500000000000000000e+01,2.500000000000000000e+01,2.500000000000000000e+01,2.500000000000000000e+01,2.500000000000000000e+01,2.500000000000001421e+01,2.500000000000019895e+01,2.500000000000243006e+01,2.500000000002650680e+01,2.500000000025858071e+01,2.500000000225718466e+01,2.500000001763127955e+01,2.500000012323818765e+01,2.500000077081800853e+01,2.500000431423164216e+01,2.500002160728125133e+01,2.500009683711622444e+01,2.500038835475611165e+01,2.500139367165161985e+01,2.500447545672167138e+01,2.501286054326897812e+01,2.503306940078476472e+01,2.507609189393201987e+01,2.515667349070567838e+01,2.528866737505553530e+01,2.547593204141123380e+01,2.570216187090735716e+01,2.592698903828530277e+01,2.609510815299065456e+01,2.615766921203955775e+01,2.609510815299065456e+01,2.592698903828530277e+01,2.570216187090735716e+01,2.547593204141123380e+01,2.528866737505553530e+01,2.515667349070567838e+01,2.507609189393201987e+01,2.503306940078476472e+01,2.501286054326897812e+01,2.500447545672167138e+01,2.500139367165161985e+01,2.500038835475611165e+01,2.500009683711622444e+01,2.500002160728125133e+01,2.500000431423164216e+01,2.500000077081800853e+01,2.500000012323818765e+01,2.500000001763127955e+01,2.500000000225718466e+01,2.500000000025858071e+01,2.500000000002650680e+01,2.500000000000243006e+01,2.500000000000019895e+01,2.500000000000001421e+01,2.500000000000000000e+01,2.500000000000000000e+01,2.500000000000000000e+01,2.500000000000000000e+01,2.500000000000000000e+01,2.500000000000000000e+01
2.500000000000000000e+01,2.500000000000000000e+01,2.500000000000000000e+01,2.500000000000000000e+01,2.500000000000000000e+01,2.500000000000000000e+01,2.500000000000000000e+01,2.500000000000000000e+01,2.500000000000000000e+01,2.500000000000000000e+01,2.500000000000000000e+01,2.500000000000000000e+01,2.500000000000000000e+01,2.500000000000000000e+01,2.500000000000000000e+01,2.500000000000000000e+01,2.500000000000000000e+01,2.500000000000000000e+01,2.500000000000000000e+01,2.500000000000000000e+01,2.500000000000000000e+01,2.500000000000000000e+01,2.500000000000000000e+01,2.500000000000000000e+01,2.500000000000000000e+01,2.500000000000000000e+01,2.500000000000000000e+01,2.500000000000000000e+01,2.500000000000000000e+01,2.500000000000000000e+01,2.500000000000000000e+01,2.500000000000000000e+01,2.500000000000000000e+01,2.500000000000000000e+01,2.500000000000000000e+01,2.500000000000000000e+01,2.500000000000000000e+01,2.500000000000000000e+01,2.500000000000000000e+01,2.500000000000000000e+01,2.500000000000000000e+01,2.500000000000000000e+01,2.500000000000000000e+01,2.500000000000000000e+01,2.500000000000000000e+01,2.500000000000001776e+01,2.500000000000022737e+01,2.500000000000276756e+01,2.500000000003016609e+01,2.500000000029428193e+01,2.500000000256882160e+01,2.500000002006551014e+01,2.500000014025285111e+01,2.500000087723963560e+01,2.500000490986842294e+01,2.500002459045243342e+01,2.500011020676190299e+01,2.500044197227064302e+01,2.500158608647042513e+01,2.500509335276137080e+01,2.501463611149551980e+01,2.503763506928540039e+01,2.508659738707779141e+01,2.517830433990235406e+01,2.532852172712046723e+01,2.554164075939065981e+01,2.579910461133422572e+01,2.605497214508789483e+01,2.624630232888278769e+01,2.631750077022129730e+01,2.624630232888278769e+01,2.605497214508789483e+01,2.579910461133422572e+01,2.554164075939065981e+01,2.532852172712046723e+01,2.517830433990235406e+01,2.508659738707779141e+01,2.503763506928540039e+01,2.501463611149551980e+01,2.500509335276137080e+01,2.500158608647042513e+01,2.500044197227064302e+01,2.500011020676190299e+01,2.500002459045243342e+01,2.500000490986842294e+01,2.500000087723963560e+01,2.500000014025285111e+01,2.500000002006551014e+01,2.500000000256882160e+01,2.500000000029428193e+01,2.500000000003016609e+01,2.500000000000276756e+01,2.500000000000022737e+01,2.500000000000001776e+01,2.500000000000000000e+01,2.500000000000000000e+01,2.500000000000000000e+01,2.500000000000000000e+01,2.500000000000000000e+01,2.500000000000000000e+01
2.500000000000000000e+01,2.500000000000000000e+01,2.500000000000000000e+01,2.500000000000000000e+01,2.500000000000000000e+01,2.500000000000000000e+01,2.500000000000000000e+01,2.500000000000000000e+01,2.500000000000000000e+01,2.500000000000000000e+01,2.500000000000000000e+01,2.500000000000000000e+01,2.500000000000000000e+01,2.500000000000000000e+01,2.500000000000000000e+01,2.500000000000000000e+01,2.500000000000000000e+01,2.500000000000000000e+01,2.500000000000000000e+01,2.500000000000000000e+01,2.500000000000000000e+01,2.500000000000000000e+01,2.500000000000000000e+01,2.500000000000000000e+01,2.500000000000000000e+01,2.500000000000000000e+01,2.500000000000000000e+01,2.500000000000000000e+01,2.500000000000000000e+01,2.500000000000000000e+01,2.500000000000000000e+01,2.500000000000000000e+01,2.500000000000000000e+01,2.500000000000000000e+01,2.500000000000000000e+01,2.500000000000000000e+01,2.500000000000000000e+01,2.500000000000000000e+01,2.500000000000000000e+01,2.500000000000000000e+01,2.500000000000000000e+01,2.500000000000000000e+01,2.500000000000000000e+01,2.500000000000000000e+01,2.500000000000000000e+01,2.500000000000001776e+01,2.500000000000025935e+01,2.500000000000314415e+01,2.500000000003426237e+01,2.500000000033422864e+01,2.500000000291753111e+01,2.500000002278935796e+01,2.500000015929185793e+01,2.500000099632294237e+01,2.500000557637200416e+01,2.500002792855095990e+01,2.500012516708158827e+01,2.500050196901082700e+01,2.500180139413608416e+01,2.500578476392582061e+01,2.501662293066283027e+01,2.504274394516696489e+01,2.509835278731083008e+01,2.520250875240913402e+01,2.537311781157370305e+01,2.561516727241864899e+01,2.590758126231981606e+01,2.619818223743255814e+01,2.641548506270160956e+01,2.649634853207555452e+01,2.641548506270160956e+01,2.619818223743255814e+01,2.590758126231981606e+01,2.561516727241864899e+01,2.537311781157370305e+01,2.520250875240913402e+01,2.509835278731083008e+01,2.504274394516696489e+01,2.501662293066283027e+01,2.500578476392582061e+01,2.500180139413608416e+01,2.500050196901082700e+01,2.500012516708158827e+01,2.500002792855095990e+01,2.500000557637200416e+01,2.500000099632294237e+01,2.500000015929185793e+01,2.500000002278935796e+01,2.500000000291753111e+01,2.500000000033422864e+01,2.500000000003426237e+01,2.500000000000314415e+01,2.500000000000025935e+01,2.500000000000001776e+01,2.500000000000000000e+01,2.500000000000000000e+01,2.500000000000000000e+01,2.500000000000000000e+01,2.500000000000000000e+01,2.500000000000000000e+01
2.500000000000000000e+01,2.500000000000000000e+01,2.500000000000000000e+01,2.500000000000000000e+01,2.500000000000000000e+01,2.500000000000000000e+01,2.500000000000000000e+01,2.500000000000000000e+01,2.500000000000000000e+01,2.500000000000000000e+01,2.500000000000000000e+01,2.500000000000000000e+01,2.500000000000000000e+01,2.500000000000000000e+01,2.500000000000000000e+01,2.500000000000000000e+01,2.500000000000000000e+01,2.500000000000000000e+01,2.500000000000000000e+01,2.500000000000000000e+01,2.500000000000000000e+01,2.500000000000000000e+01,2.500000000000000000e+01,2.500000000000000000e+01,2.500000000000000000e+01,2.500000000000000000e+01,2.500000000000000000e+01,2.500000000000000000e+01,2.500000000000000000e+01,2.500000000000000000e+01,2.500000000000000000e+01,2.500000000000000000e+01,2.500000000000000000e+01,2.500000000000000000e+01,2.500000000000000000e+01,2.500000000000000000e+01,2.500000000000000000e+01,2.500000000000000000e+01,2.500000000000000000e+01,2.500000000000000000e+01,2.500000000000000000e+01,2.500000000000000000e+01,2.500000000000000000e+01,2.500000000000000000e+01,2.500000000000000000e+01,2.500000000000002132e+01,2.500000000000029132e+01,2.500000000000356337e+01,2.500000000003883471e+01,2.500000000037882586e+01,2.500000000330683747e+01,2.500000002583029968e+01,2.500000018054728201e+01,2.500000112926925411e+01,2.500000632046618421e+01,2.500003165525216531e+01,2.500014186899764113e+01,2.500056895023443460e+01,2.500204176671055123e+01,2.500655666529358356e+01,2.501884104415534793e+01,2.504844756767621305e+01,2.511147668519536325e+01,2.522953090663586195e+01,2.542290552163136041e+01,2.569725332901015591e+01,2.602868615557472864e+01,2.635806404415177440e+01,2.660436309989712811e+01,2.669601674557079463e+01,2.660436309989712811e+01,2.635806404415177440e+01,2.602868615557472864e+01,2.569725332901015591e+01,2.542290552163136041e+01,2.522953090663586195e+01,2.511147668519536325e+01,2.504844756767621305e+01,2.501884104415534793e+01,2.500655666529358356e+01,2.500204176671055123e+01,2.500056895023443460e+01,2.500014186899764113e+01,2.500003165525216531e+01,2.500000632046618421e+01,2.500000112926925411e+01,2.500000018054728201e+01,2.500000002583029968e+01,2.500000000330683747e+01,2.500000000037882586e+01,2.500000000003883471e+01,2.500000000000356337e+01,2.500000000000029132e+01,2.500000000000002132e+01,2.500000000000000000e+01,2.500000000000000000e+01,2.500000000000000000e+01,2.500000000000000000e+01,2.500000000000000000e+01,2.500000000000000000e+01
2.500000000000000000e+01,2.500000000000000000e+01,2.500000000000000000e+01,2.500000000000000000e+01,2.500000000000000000e+01,2.500000000000000000e+01,2.500000000000000000e+01,2.500000000000000000e+01,2.500000000000000000e+01,2.500000000000000000e+01,2.500000000000000000e+01,2.500000000000000000e+01,2.500000000000000000e+01,2.500000000000000000e+01,2.500000000000000000e+01,2.500000000000000000e+01,2.500000000000000000e+01,2.500000000000000000e+01,2.500000000000000000e+01,2.500000000000000000e+01,2.500000000000000000e+01,2.500000000000000000e+01,2.500000000000000000e+01,2.500000000000000000e+01,2.500000000000000000e+01,2.500000000000000000e+01,2.500000000000000000e+01,2.500000000000000000e+01,2.500000000000000000e+01,2.500000000000000000e+01,2.500000000000000000e+01,2.500000000000000000e+01,2.500000000000000000e+01,2.500000000000000000e+01,2.500000000000000000e+01,2.500000000000000000e+01,2.500000000000000000e+01,2.500000000000000000e+01,2.500000000000000000e+01,2.500000000000000000e+01,2.500000000000000000e+01,2.500000000000000000e+01,2.500000000000000000e+01,2.500000000000000000e+01,2.500000000000000000e+01,2.500000000000002487e+01,2.500000000000033040e+01,2.500000000000402878e+01,2.500000000004392575e+01,2.500000000042850345e+01,2.500000000374046749e+01,2.500000002921744979e+01,2.500000020422260860e+01,2.500000127735134114e+01,2.500000714927455903e+01,2.500003580623365096e+01,2.500016047240600159e+01,2.500064355718679820e+01,2.500230950540277419e+01,2.500741644666918262e+01,2.502131168710206310e+01,2.505480054049332139e+01,2.512609472248303177e+01,2.525962949941330749e+01,2.547836150037285563e+01,2.578868478074875625e+01,2.616357868985795676e+01,2.653614819512609557e+01,2.681474466601698481e+01,2.691841693610220432e+01,2.681474466601698481e+01,2.653614819512609557e+01,2.616357868985795676e+01,2.578868478074875625e+01,2.547836150037285563e+01,2.525962949941330749e+01,2.512609472248303177e+01,2.505480054049332139e+01,2.502131168710206310e+01,2.500741644666918262e+01,2.500230950540277419e+01,2.500064355718679820e+01,2.500016047240600159e+01,2.500003580623365096e+01,2.500000714927455903e+01,2.500000127735134114e+01,2.500000020422260860e+01,2.500000002921744979e+01,2.500000000374046749e+01,2.500000000042850345e+01,2.500000000004392575e+01,2.500000000000402878e+01,2.500000000000033040e+01,2.500000000000002487e+01,2.500000000000000000e+01,2.500000000000000000e+01,2.500000000000000000e+01,2.500000000000000000e+01,2.500000000000000000e+01,2.500000000000000000e+01
2.500000000000000000e+01,2.500000000000000000e+01,2.500000000000000000e+01,2.500000000000000000e+01,2.500000000000000000e+01,2.500000000000000000e+01,2.500000000000000000e+01,2.500000000000000000e+01,2.500000000000000000e+01,2.500000000000000000e+01,2.500000000000000000e+01,2.500000000000000000e+01,2.500000000000000000e+01,2.500000000000000000e+01,2.500000000000000000e+01,2.500000000000000000e+01,2.500000000000000000e+01,2.500000000000000000e+01,2.500000000000000000e+01,2.500000000000000000e+01,2.500000000000000000e+01,2.500000000000000000e+01,2.500000000000000000e+01,2.500000000000000000e+01,2.500000000000000000e+01,2.500000000000000000e+01,2.500000000000000000e+01,2.500000000000000000e+01,2.500000000000000000e+01,2.500000000000000000e+01,2.500000000000000000e+01,2.500000000000000000e+01,2.500000000000000000e+01,2.500000000000000000e+01,2.500000000000000000e+01,2.500000000000000000e+01,2.500000000000000000e+01,2.500000000000000000e+01,2.500000000000000000e+01,2.500000000000000000e+01,2.500000000000000000e+01,2.500000000000000000e+01,2.500000000000000000e+01,2.500000000000000000e+01,2.500000000000000355e+01,2.500000000000002842e+01,2.500000000000037303e+01,2.500000000000454747e+01,2.500000000004958522e+01,2.500000000048370907e+01,2.500000000422235047e+01,2.500000003298152151e+01,2.500000023053250686e+01,2.500000144191188767e+01,2.500000807031208794e+01,2.500004041913313557e+01,2.500018114598720231e+01,2.500072646634288986e+01,2.500260703784878658e+01,2.500837190384869757e+01,2.502405726127761199e+01,2.506186046719287930e+01,2.514233944361018303e+01,2.529307744022557003e+01,2.553998857737101247e+01,2.589029065344669078e+01,2.631348196062159062e+01,2.673404941215093089e+01,2.704853732946805422e+01,2.716556564715772382e+01,2.704853732946805422e+01,2.673404941215093089e+01,2.631348196062159062e+01,2.589029065344669078e+01,2.553998857737101247e+01,2.529307744022557003e+01,2.514233944361018303e+01,2.506186046719287930e+01,2.502405726127761199e+01,2.500837190384869757e+01,2.500260703784878658e+01,2.500072646634288986e+01,2.500018114598720231e+01,2.500004041913313557e+01,2.500000807031208794e+01,2.500000144191188767e+01,2.500000023053250686e+01,2.500000003298152151e+01,2.500000000422235047e+01,2.500000000048370907e+01,2.500000000004958522e+01,2.500000000000454747e+01,2.500000000000037303e+01,2.500000000000002842e+01,2.500000000000000355e+01,2.500000000000000000e+01,2.500000000000000000e+01,2.500000000000000000e+01,2.500000000000000000e+01,2.500000000000000000e+01
2.500000000000000000e+01,2.500000000000000000e+01,2.500000000000000000e+01,2.500000000000000000e+01,2.500000000000000000e+01,2.500000000000000000e+01,2.500000000000000000e+01,2.500000000000000000e+01,2.500000000000000000e+01,2.500000000000000000e+01,2.500000000000000000e+01,2.500000000000000000e+01,2.500000000000000000e+01,2.500000000000000000e+01,2.500000000000000000e+01,2.500000000000000000e+01,2.500000000000000000e+01,2.500000000000000000e+01,2.500000000000000000e+01,2.500000000000000000e+01,2.500000000000000000e+01,2.500000000000000000e+01,2.500000000000000000e+01,2.500000000000000000e+01,2.500000000000000000e+01,2.500000000000000000e+01,2.500000000000000000e+01,2.500000000000000000e+01,2.500000000000000000e+01,2.500000000000000000e+01,2.500000000000000000e+01,2.500000000000000000e+01,2.500000000000000000e+01,2.500000000000000000e+01,2.500000000000000000e+01,2.500000000000000000e+01,2.500000000000000000e+01,2.500000000000000000e+01,2.500000000000000000e+01,2.500000000000000000e+01,2.500000000000000000e+01,2.500000000000000000e+01,2.500000000000000000e+01,2.500000000000000000e+01,2.500000000000000355e+01,2.500000000000003197e+01,2.500000000000041922e+01,2.500000000000512301e+01,2.500000000005585932e+01,2.500000000054491167e+01,2.500000000475661466e+01,2.500000003715476637e+01,2.500000025970243200e+01,2.500000162436104389e+01,2.500000909147132688e+01,2.500004553347948288e+01,2.500020406689732511e+01,2.500081838816798907e+01,2.500293691366410087e+01,2.500943122433730892e+01,2.502710129406057149e+01,2.506968784570996434e+01,2.516035005286688531e+01,2.533016135122014845e+01,2.560831484747185982e+01,2.600294162830955713e+01,2.647968051921138866e+01,2.695346355064933164e+01,2.730774450671308529e+01,2.743958074586442564e+01,2.730774450671308529e+01,2.695346355064933164e+01,2.647968051921138866e+01,2.600294162830955713e+01,2.560831484747185982e+01,2.533016135122014845e+01,2.516035005286688531e+01,2.506968784570996434e+01,2.502710129406057149e+01,2.500943122433730892e+01,2.500293691366410087e+01,2.500081838816798907e+01,2.500020406689732511e+01,2.500004553347948288e+01,2.500000909147132688e+01,2.500000162436104389e+01,2.500000025970243200e+01,2.500000003715476637e+01,2.500000000475661466e+01,2.500000000054491167e+01,2.500000000005585932e+01,2.500000000000512301e+01,2.500000000000041922e+01,2.500000000000003197e+01,2.500000000000000355e+01,2.500000000000000000e+01,2.500000000000000000e+01,2.500000000000000000e+01,2.500000000000000000e+01,2.500000000000000000e+01
2.500000000000000000e+01,2.500000000000000000e+01,2.500000000000000000e+01,2.500000000000000000e+01,2.500000000000000000e+01,2.500000000000000000e+01,2.500000000000000000e+01,2.500000000000000000e+01,2.500000000000000000e+01,2.500000000000000000e+01,2.500000000000000000e+01,2.500000000000000000e+01,2.500000000000000000e+01,2.500000000000000000e+01,2.500000000000000000e+01,2.500000000000000000e+01,2.500000000000000000e+01,2.500000000000000000e+01,2.500000000000000000e+01,2.500000000000000000e+01,2.500000000000000000e+01,2.500000000000000000e+01,2.500000000000000000e+01,2.500000000000000000e+01,2.500000000000000000e+01,2.500000000000000000e+01,2.500000000000000000e+01,2.500000000000000000e+01,2.500000000000000000e+01,2.500000000000000000e+01,2.500000000000000000e+01,2.500000000000000000e+01,2.500000000000000000e+01,2.500000000000000000e+01,2.500000000000000000e+01,2.500000000000000000e+01,2.500000000000000000e+01,2.500000000000000000e+01,2.500000000000000000e+01,2.500000000000000000e+01,2.500000000000000000e+01,2.500000000000000000e+01,2.500000000000000000e+01,2.500000000000000000e+01,2.500000000000000355e+01,2.500000000000003553e+01,2.500000000000047251e+01,2.500000000000576250e+01,2.500000000006280132e+01,2.500000000061261218e+01,2.500000000534758016e+01,2.500000004177090318e+01,2.500000029196806395e+01,2.500000182617292310e+01,2.500001022100278547e+01,2.500005119059435188e+01,2.500022942032721573e+01,2.500092006534989508e+01,2.500330179809980891e+01,2.501060296697735197e+01,2.503046837989327145e+01,2.507834591781076483e+01,2.518027206803244056e+01,2.537118085404218704e+01,2.568389235680280791e+01,2.612754787553003410e+01,2.666351717667962262e+01,2.719616338008872347e+01,2.759446047742202879e+01,2.774267615336671611e+01,2.759446047742202879e+01,2.719616338008872347e+01,2.666351717667962262e+01,2.612754787553003410e+01,2.568389235680280791e+01,2.537118085404218704e+01,2.518027206803244056e+01,2.507834591781076483e+01,2.503046837989327145e+01,2.501060296697735197e+01,2.500330179809980891e+01,2.500092006534989508e+01,2.500022942032721573e+01,2.500005119059435188e+01,2.500001022100278547e+01,2.500000182617292310e+01,2.500000029196806395e+01,2.500000004177090318e+01,2.500000000534758016e+01,2.500000000061261218e+01,2.500000000006280132e+01,2.500000000000576250e+01,2.500000000000047251e+01,2.500000000000003553e+01,2.500000000000000355e+01,2.500000000000000000e+01,2.500000000000000000e+01,2.500000000000000000e+01,2.500000000000000000e+01,2.500000000000000000e+01
2.500000000000000000e+01,2.500000000000000000e+01,2.500000000000000000e+01,2.500000000000000000e+01,2.500000000000000000e+01,2.500000000000000000e+01,2.500000000000000000e+01,2.500000000000000000e+01,2.500000000000000000e+01,2.500000000000000000e+01,2.500000000000000000e+01,2.500000000000000000e+01,2.500000000000000000e+01,2.500000000000000000e+01,2.500000000000000000e+01,2.500000000000000000e+01,2.500000000000000000e+01,2.500000000000000000e+01,2.500000000000000000e+01,2.500000000000000000e+01,2.500000000000000000e+01,2.500000000000000000e+01,2.500000000000000000e+01,2.500000000000000000e+01,2.500000000000000000e+01,2.500000000000000000e+01,2.500000000000000000e+01,2.500000000000000000e+01,2.500000000000000000e+01,2.500000000000000000e+01,2.500000000000000000e+01,2.500000000000000000e+01,2.500000000000000000e+01,2.500000000000000000e+01,2.500000000000000000e+01,2.500000000000000000e+01,2.500000000000000000e+01,2.500000000000000000e+01,2.500000000000000000e+01,2.500000000000000000e+01,2.500000000000000000e+01,2.500000000000000000e+01,2.500000000000000000e+01,2.500000000000000000e+01,2.500000000000000355e+01,2.500000000000003908e+01,2.500000000000052935e+01,2.500000000000646239e+01,2.500000000007045742e+01,2.500000000068732220e+01,2.500000000599973760e+01,2.500000004686500787e+01,2.500000032757456481e+01,2.500000204888094046e+01,2.500001146748894243e+01,2.500005743346194720e+01,2.500025739891868071e+01,2.500103227045768861e+01,2.500370446364062360e+01,2.501189603496732161e+01,2.503418410274993278e+01,2.508790046972837118e+01,2.520225686164313572e+01,2.541644762530311752e+01,2.576729536249494146e+01,2.626505618505497353e+01,2.686638877068921971e+01,2.746399299547832840e+01,2.791086378243634414e+01,2.807715486563118290e+01,2.791086378243634414e+01,2.746399299547832840e+01,2.686638877068921971e+01,2.626505618505497353e+01,2.576729536249494146e+01,2.541644762530311752e+01,2.520225686164313572e+01,2.508790046972837118e+01,2.503418410274993278e+01,2.501189603496732161e+01,2.500370446364062360e+01,2.500103227045768861e+01,2.500025739891868071e+01,2.500005743346194720e+01,2.500001146748894243e+01,2.500000204888094046e+01,2.500000032757456481e+01,2.500000004686500787e+01,2.500000000599973760e+01,2.500000000068732220e+01,2.500000000007045742e+01,2.500000000000646239e+01,2.500000000000052935e+01,2.500000000000003908e+01,2.500000000000000355e+01,2.500000000000000000e+01,2.500000000000000000e+01,2.500000000000000000e+01,2.500000000000000000e+01,2.500000000000000000e+01
2.500000000000000000e+01,2.500000000000000000e+01,2.500000000000000000e+01,2.500000000000000000e+01,2.500000000000000000e+01,2.500000000000000000e+01,2.500000000000000000e+01,2.500000000000000000e+01,2.500000000000000000e+01,2.500000000000000000e+01,2.500000000000000000e+01,2.500000000000000000e+01,2.500000000000000000e+01,2.500000000000000000e+01,2.500000000000000000e+01,2.500000000000000000e+01,2.500000000000000000e+01,2.500000000000000000e+01,2.500000000000000000e+01,2.500000000000000000e+01,2.500000000000000000e+01,2.500000000000000000e+01,2.500000000000000000e+01,2.500000000000000000e+01,2.500000000000000000e+01,2.500000000000000000e+01,2.500000000000000000e+01,2.500000000000000000e+01,2.500000000000000000e+01,2.500000000000000000e+01,2.500000000000000000e+01,2.500000000000000000e+01,2.500000000000000000e+01,2.500000000000000000e+01,2.500000000000000000e+01,2.500000000000000000e+01,2.500000000000000000e+01,2.500000000000000000e+01,2.500000000000000000e+01,2.500000000000000000e+01,2.500000000000000000e+01,2.500000000000000000e+01,2.500000000000000000e+01,2.500000000000000000e+01,2.500000000000000355e+01,2.500000000000004263e+01,2.500000000000059330e+01,2.500000000000723688e+01,2.500000000007889156e+01,2.500000000076957463e+01,2.500000000671773037e+01,2.500000005247337498e+01,2.500000036677564097e+01,2.500000229407195462e+01,2.500001283981135813e+01,2.500006430656447876e+01,2.500028820202716773e+01,2.500115580298479401e+01,2.500414777939347388e+01,2.501331964178576328e+01,2.503827493821660610e+01,2.509841958037265286e+01,2.522646108162926382e+01,2.546628420367009582e+01,2.585911813477216370e+01,2.641644634284308424e+01,2.708974081925955346e+01,2.775886075928287511e+01,2.825920888562524880e+01,2.844540013896353514e+01,2.825920888562524880e+01,2.775886075928287511e+01,2.708974081925955346e+01,2.641644634284308424e+01,2.585911813477216370e+01,2.546628420367009582e+01,2.522646108162926382e+01,2.509841958037265286e+01,2.503827493821660610e+01,2.501331964178576328e+01,2.500414777939347388e+01,2.500115580298479401e+01,2.500028820202716773e+01,2.500006430656447876e+01,2.500001283981135813e+01,2.500000229407195462e+01,2.500000036677564097e+01,2.500000005247337498e+01,2.500000000671773037e+01,2.500000000076957463e+01,2.500000000007889156e+01,2.500000000000723688e+01,2.500000000000059330e+01,2.500000000000004263e+01,2.500000000000000355e+01,2.500000000000000000e+01,2.500000000000000000e+01,2.500000000000000000e+01,2.500000000000000000e+01,2.500000000000000000e+01
2.500000000000000000e+01,2.500000000000000000e+01,2.500000000000000000e+01,2.500000000000000000e+01,2.500000000000000000e+01,2.500000000000000000e+01,2.500000000000000000e+01,2.500000000000000000e+01,2.500000000000000000e+01,2.500000000000000000e+01,2.500000000000000000e+01,2.500000000000000000e+01,2.500000000000000000e+01,2.500000000000000000e+01,2.500000000000000000e+01,2.500000000000000000e+01,2.500000000000000000e+01,2.500000000000000000e+01,2.500000000000000000e+01,2.500000000000000000e+01,2.500000000000000000e+01,2.500000000000000000e+01,2.500000000000000000e+01,2.500000000000000000e+01,2.500000000000000000e+01,2.500000000000000000e+01,2.500000000000000000e+01,2.500000000000000000e+01,2.500000000000000000e+01,2.500000000000000000e+01,2.500000000000000000e+01,2.500000000000000000e+01,2.500000000000000000e+01,2.500000000000000000e+01,2.500000000000000000e+01,2.500000000000000000e+01,2.500000000000000000e+01,2.500000000000000000e+01,2.500000000000000000e+01,2.500000000000000000e+01,2.500000000000000000e+01,2.500000000000000000e+01,2.500000000000000000e+01,2.500000000000000000e+01,2.500000000000000355e+01,2.500000000000004974e+01,2.500000000000066436e+01,2.500000000000808598e+01,2.500000000008814993e+01,2.500000000085991658e+01,2.500000000750634399e+01,2.500000005863336128e+01,2.500000040983239913e+01,2.500000256337909477e+01,2.500001434711059645e+01,2.500007185568127710e+01,2.500032203482142990e+01,2.500129148573821425e+01,2.500463469812970985e+01,2.501488326958034847e+01,2.504276813391917145e+01,2.510997331386469256e+01,2.525304594384424561e+01,2.552102253318088287e+01,2.595997227304171062e+01,2.658272670584622333e+01,2.733506099235660969e+01,2.808273068266301564e+01,2.864181599202438022e+01,2.884986472648049372e+01,2.864181599202438022e+01,2.808273068266301564e+01,2.733506099235660969e+01,2.658272670584622333e+01,2.595997227304171062e+01,2.552102253318088287e+01,2.525304594384424561e+01,2.510997331386469256e+01,2.504276813391917145e+01,2.501488326958034847e+01,2.500463469812970985e+01,2.500129148573821425e+01,2.500032203482142990e+01,2.500007185568127710e+01,2.500001434711059645e+01,2.500000256337909477e+01,2.500000040983239913e+01,2.500000005863336128e+01,2.500000000750634399e+01,2.500000000085991658e+01,2.500000000008814993e+01,2.500000000000808598e+01,2.500000000000066436e+01,2.500000000000004974e+01,2.500000000000000355e+01,2.500000000000000000e+01,2.500000000000000000e+01,2.500000000000000000e+01,2.500000000000000000e+01,2.500000000000000000e+01
2.500000000000000000e+01,2.500000000000000000e+01,2.500000000000000000e+01,2.500000000000000000e+01,2.500000000000000000e+01,2.500000000000000000e+01,2.500000000000000000e+01,2.500000000000000000e+01,2.500000000000000000e+01,2.500000000000000000e+01,2.500000000000000000e+01,2.500000000000000000e+01,2.500000000000000000e+01,2.500000000000000000e+01,2.500000000000000000e+01,2.500000000000000000e+01,2.500000000000000000e+01,2.500000000000000000e+01,2.500000000000000000e+01,2.500000000000000000e+01,2.500000000000000000e+01,2.500000000000000000e+01,2.500000000000000000e+01,2.500000000000000000e+01,2.500000000000000000e+01,2.500000000000000000e+01,2.500000000000000000e+01,2.500000000000000000e+01,2.500000000000000000e+01,2.500000000000000000e+01,2.500000000000000000e+01,2.500000000000000000e+01,2.500000000000000000e+01,2.500000000000000000e+01,2.500000000000000000e+01,2.500000000000000000e+01,2.500000000000000000e+01,2.500000000000000000e+01,2.500000000000000000e+01,2.500000000000000000e+01,2.500000000000000000e+01,2.500000000000000000e+01,2.500000000000000000e+01,2.500000000000000000e+01,2.500000000000000355e+01,2.500000000000005329e+01,2.500000000000073896e+01,2.500000000000901679e+01,2.500000000009830003e+01,2.500000000095890940e+01,2.500000000837046699e+01,2.500000006538318686e+01,2.500000045701197493e+01,2.500000285847324122e+01,2.500001599873846558e+01,2.500008012764969578e+01,2.500035910721188159e+01,2.500144016054095530e+01,2.500516824086255241e+01,2.501659661964184167e+01,2.504769156720678680e+01,2.512263335358618122e+01,2.528217639002113870e+01,2.558100222947317448e+01,2.607048351146078957e+01,2.676492893527916550e+01,2.760387134167197587e+01,2.843761216728562147e+01,2.906105892921650735e+01,2.929305806718106808e+01,2.906105892921650735e+01,2.843761216728562147e+01,2.760387134167197587e+01,2.676492893527916550e+01,2.607048351146078957e+01,2.558100222947317448e+01,2.528217639002113870e+01,2.512263335358618122e+01,2.504769156720678680e+01,2.501659661964184167e+01,2.500516824086255241e+01,2.500144016054095530e+01,2.500035910721188159e+01,2.500008012764969578e+01,2.500001599873846558e+01,2.500000285847324122e+01,2.500000045701197493e+01,2.500000006538318686e+01,2.500000000837046699e+01,2.500000000095890940e+01,2.500000000009830003e+01,2.500000000000901679e+01,2.500000000000073896e+01,2.500000000000005329e+01,2.500000000000000355e+01,2.500000000000000000e+01,2.500000000000000000e+01,2.500000000000000000e+01,2.500000000000000000e+01,2.500000000000000000e+01
2.500000000000000000e+01,2.500000000000000000e+01,2.500000000000000000e+01,2.500000000000000000e+01,2.500000000000000000e+01,2.500000000000000000e+01,2.500000000000000000e+01,2.500000000000000000e+01,2.500000000000000000e+01,2.500000000000000000e+01,2.500000000000000000e+01,2.500000000000000000e+01,2.500000000000000000e+01,2.500000000000000000e+01,2.500000000000000000e+01,2.500000000000000000e+01,2.500000000000000000e+01,2.500000000000000000e+01,2.500000000000000000e+01,2.500000000000000000e+01,2.500000000000000000e+01,2.500000000000000000e+01,2.500000000000000000e+01,2.500000000000000000e+01,2.500000000000000000e+01,2.500000000000000000e+01,2.500000000000000000e+01,2.500000000000000000e+01,2.500000000000000000e+01,2.500000000000000000e+01,2.500000000000000000e+01,2.500000000000000000e+01,2.500000000000000000e+01,2.500000000000000000e+01,2.500000000000000000e+01,2.500000000000000000e+01,2.500000000000000000e+01,2.500000000000000000e+01,2.500000000000000000e+01,2.500000000000000000e+01,2.500000000000000000e+01,2.500000000000000000e+01,2.500000000000000000e+01,2.500000000000000000e+01,2.500000000000000355e+01,2.500000000000006040e+01,2.500000000000082423e+01,2.500000000001003642e+01,2.500000000010939161e+01,2.500000000106712505e+01,2.500000000931507671e+01,2.500000007276170422e+01,2.500000050858595557e+01,2.500000318105306363e+01,2.500001780420235420e+01,2.500008917008628728e+01,2.500039963260111620e+01,2.500160268322096613e+01,2.500575147886417327e+01,2.501846955465609312e+01,2.505307357920885636e+01,2.513647257547614089e+01,2.531402010593865270e+01,2.564656855818480352e+01,2.619128799418447784e+01,2.696410185554163874e+01,2.789771924044107365e+01,2.882554804413710059e+01,2.951935101685917218e+01,2.977753134823221615e+01,2.951935101685917218e+01,2.882554804413710059e+01,2.789771924044107365e+01,2.696410185554163874e+01,2.619128799418447784e+01,2.564656855818480352e+01,2.531402010593865270e+01,2.513647257547614089e+01,2.505307357920885636e+01,2.501846955465609312e+01,2.500575147886417327e+01,2.500160268322096613e+01,2.500039963260111620e+01,2.500008917008628728e+01,2.500001780420235420e+01,2.500000318105306363e+01,2.500000050858595557e+01,2.500000007276170422e+01,2.500000000931507671e+01,2.500000000106712505e+01,2.500000000010939161e+01,2.500000000001003642e+01,2.500000000000082423e+01,2.500000000000006040e+01,2.500000000000000355e+01,2.500000000000000000e+01,2.500000000000000000e+01,2.500000000000000000e+01,2.500000000000000000e+01,2.500000000000000000e+01
2.500000000000000000e+01,2.500000000000000000e+01,2.500000000000000000e+01,2.500000000000000000e+01,2.500000000000000000e+01,2.500000000000000000e+01,2.500000000000000000e+01,2.500000000000000000e+01,2.500000000000000000e+01,2.500000000000000000e+01,2.500000000000000000e+01,2.500000000000000000e+01,2.500000000000000000e+01,2.500000000000000000e+01,2.500000000000000000e+01,2.500000000000000000e+01,2.500000000000000000e+01,2.500000000000000000e+01,2.500000000000000000e+01,2.500000000000000000e+01,2.500000000000000000e+01,2.500000000000000000e+01,2.500000000000000000e+01,2.500000000000000000e+01,2.500000000000000000e+01,2.500000000000000000e+01,2.500000000000000000e+01,2.500000000000000000e+01,2.500000000000000000e+01,2.500000000000000000e+01,2.500000000000000000e+01,2.500000000000000000e+01,2.500000000000000000e+01,2.500000000000000000e+01,2.500000000000000000e+01,2.500000000000000000e+01,2.500000000000000000e+01,2.500000000000000000e+01,2.500000000000000000e+01,2.500000000000000000e+01,2.500000000000000000e+01,2.500000000000000000e+01,2.500000000000000000e+01,2.500000000000000000e+01,2.500000000000000355e+01,2.500000000000006750e+01,2.500000000000091305e+01,2.500000000001114486e+01,2.500000000012148860e+01,2.500000000118513199e+01,2.500000001034519670e+01,2.500000008080814595e+01,2.500000056482854305e+01,2.500000353283363452e+01,2.500001977310142820e+01,2.500009903106725062e+01,2.500044382645172547e+01,2.500177991786759435e+01,2.500638751305406515e+01,2.502051203251452449e+01,2.505894278463476965e+01,2.515156455895290932e+01,2.534874639606444546e+01,2.571807011784012076e+01,2.632302800613615545e+01,2.718130441544866116e+01,2.821816699886043978e+01,2.924860086387222680e+01,3.001912887064543867e+01,3.030586038368640445e+01,3.001912887064543867e+01,2.924860086387222680e+01,2.821816699886043978e+01,2.718130441544866116e+01,2.632302800613615545e+01,2.571807011784012076e+01,2.534874639606444546e+01,2.515156455895290932e+01,2.505894278463476965e+01,2.502051203251452449e+01,2.500638751305406515e+01,2.500177991786759435e+01,2.500044382645172547e+01,2.500009903106725062e+01,2.500001977310142820e+01,2.500000353283363452e+01,2.500000056482854305e+01,2.500000008080814595e+01,2.500000001034519670e+01,2.500000000118513199e+01,2.500000000012148860e+01,2.500000000001114486e+01,2.500000000000091305e+01,2.500000000000006750e+01,2.500000000000000355e+01,2.500000000000000000e+01,2.500000000000000000e+01,2.500000000000000000e+01,2.500000000000000000e+01,2.500000000000000000e+01
2.500000000000000000e+01,2.500000000000000000e+01,2.500000000000000000e+01,2.500000000000000000e+01,2.500000000000000000e+01,2.500000000000000000e+01,2.500000000000000000e+01,2.500000000000000000e+01,2.500000000000000000e+01,2.500000000000000000e+01,2.500000000000000000e+01,2.500000000000000000e+01,2.500000000000000000e+01,2.500000000000000000e+01,2.500000000000000000e+01,2.500000000000000000e+01,2.500000000000000000e+01,2.500000000000000000e+01,2.500000000000000000e+01,2.500000000000000000e+01,2.500000000000000000e+01,2.500000000000000000e+01,2.500000000000000000e+01,2.500000000000000000e+01,2.500000000000000000e+01,2.500000000000000000e+01,2.500000000000000000e+01,2.500000000000000000e+01,2.500000000000000000e+01,2.500000000000000000e+01,2.500000000000000000e+01,2.500000000000000000e+01,2.500000000000000000e+01,2.500000000000000000e+01,2.500000000000000000e+01,2.500000000000000000e+01,2.500000000000000000e+01,2.500000000000000000e+01,2.500000000000000000e+01,2.500000000000000000e+01,2.500000000000000000e+01,2.500000000000000000e+01,2.500000000000000000e+01,2.500000000000000000e+01,2.500000000000000355e+01,2.500000000000007461e+01,2.500000000000101252e+01,2.500000000001235279e+01,2.500000000013465140e+01,2.500000000131351641e+01,2.500000001146585404e+01,2.500000008956181929e+01,2.500000062601450779e+01,2.500000391553354362e+01,2.500002191505457816e+01,2.500010975876755381e+01,2.500049190466891957e+01,2.500197273034529033e+01,2.500707945072191762e+01,2.502273403156499398e+01,2.506532785697696042e+01,2.516798303458861241e+01,2.538652491266741507e+01,2.579585622308751525e+01,2.646634715168158891e+01,2.741759773920798082e+01,2.856678013657184323e+01,2.970883741423220670e+01,3.056283411179456877e+01,3.088062627907670432e+01,3.056283411179456877e+01,2.970883741423220670e+01,2.856678013657184323e+01,2.741759773920798082e+01,2.646634715168158891e+01,2.579585622308751525e+01,2.538652491266741507e+01,2.516798303458861241e+01,2.506532785697696042e+01,2.502273403156499398e+01,2.500707945072191762e+01,2.500197273034529033e+01,2.500049190466891957e+01,2.500010975876755381e+01,2.500002191505457816e+01,2.500000391553354362e+01,2.500000062601450779e+01,2.500000008956181929e+01,2.500000001146585404e+01,2.500000000131351641e+01,2.500000000013465140e+01,2.500000000001235279e+01,2.500000000000101252e+01,2.500000000000007461e+01,2.500000000000000355e+01,2.500000000000000000e+01,2.500000000000000000e+01,2.500000000000000000e+01,2.500000000000000000e+01,2.500000000000000000e+01
2.500000000000000000e+01,2.500000000000000000e+01,2.500000000000000000e+01,2.500000000000000000e+01,2.500000000000000000e+01,2.500000000000000000e+01,2.500000000000000000e+01,2.500000000000000000e+01,2.500000000000000000e+01,2.500000000000000000e+01,2.500000000000000000e+01,2.500000000000000000e+01,2.500000000000000000e+01,2.500000000000000000e+01,2.500000000000000000e+01,2.500000000000000000e+01,2.500000000000000000e+01,2.500000000000000000e+01,2.500000000000000000e+01,2.500000000000000000e+01,2.500000000000000000e+01,2.500000000000000000e+01,2.500000000000000000e+01,2.500000000000000000e+01,2.500000000000000000e+01,2.500000000000000000e+01,2.500000000000000000e+01,2.500000000000000000e+01,2.500000000000000000e+01,2.500000000000000000e+01,2.500000000000000000e+01,2.500000000000000000e+01,2.500000000000000000e+01,2.500000000000000000e+01,2.500000000000000000e+01,2.500000000000000000e+01,2.500000000000000000e+01,2.500000000000000000e+01,2.500000000000000000e+01,2.500000000000000000e+01,2.500000000000000000e+01,2.500000000000000000e+01,2.500000000000000000e+01,2.500000000000000000e+01,2.500000000000000711e+01,2.500000000000008171e+01,2.500000000000112266e+01,2.500000000001366018e+01,2.500000000014893331e+01,2.500000000145284318e+01,2.500000001268205807e+01,2.500000009906178633e+01,2.500000069241688649e+01,2.500000433086055907e+01,2.500002423962008891e+01,2.500012140105869562e+01,2.500054408179788368e+01,2.500218198106426826e+01,2.500783037958406396e+01,2.502514546730001754e+01,2.507225728910853135e+01,2.518580126851365364e+01,2.542752423934722117e+01,2.588027398818147518e+01,2.662188498101039968e+01,2.767403626682092010e+01,2.894511431173582139e+01,3.020831146390187527e+01,3.115289298132799445e+01,3.150439388110234873e+01,3.115289298132799445e+01,3.020831146390187527e+01,2.894511431173582139e+01,2.767403626682092010e+01,2.662188498101039968e+01,2.588027398818147518e+01,2.542752423934722117e+01,2.518580126851365364e+01,2.507225728910853135e+01,2.502514546730001754e+01,2.500783037958406396e+01,2.500218198106426826e+01,2.500054408179788368e+01,2.500012140105869562e+01,2.500002423962008891e+01,2.500000433086055907e+01,2.500000069241688649e+01,2.500000009906178633e+01,2.500000001268205807e+01,2.500000000145284318e+01,2.500000000014893331e+01,2.500000000001366018e+01,2.500000000000112266e+01,2.500000000000008171e+01,2.500000000000000711e+01,2.500000000000000000e+01,2.500000000000000000e+01,2.500000000000000000e+01,2.500000000000000000e+01,2.500000000000000000e+01
2.500000000000000000e+01,2.500000000000000000e+01,2.500000000000000000e+01,2.500000000000000000e+01,2.500000000000000000e+01,2.500000000000000000e+01,2.500000000000000000e+01,2.500000000000000000e+01,2.500000000000000000e+01,2.500000000000000000e+01,2.500000000000000000e+01,2.500000000000000000e+01,2.500000000000000000e+01,2.500000000000000000e+01,2.500000000000000000e+01,2.500000000000000000e+01,2.500000000000000000e+01,2.500000000000000000e+01,2.500000000000000000e+01,2.500000000000000000e+01,2.500000000000000000e+01,2.500000000000000000e+01,2.500000000000000000e+01,2.500000000000000000e+01,2.500000000000000000e+01,2.500000000000000000e+01,2.500000000000000000e+01,2.500000000000000000e+01,2.500000000000000000e+01,2.500000000000000000e+01,2.500000000000000000e+01,2.500000000000000000e+01,2.500000000000000000e+01,2.500000000000000000e+01,2.500000000000000000e+01,2.500000000000000000e+01,2.500000000000000000e+01,2.500000000000000000e+01,2.500000000000000000e+01,2.500000000000000000e+01,2.500000000000000000e+01,2.500000000000000000e+01,2.500000000000000000e+01,2.500000000000000000e+01,2.500000000000000711e+01,2.500000000000009237e+01,2.500000000000123634e+01,2.500000000001508127e+01,2.500000000016439472e+01,2.500000000160367719e+01,2.500000001399872573e+01,2.500000010934650518e+01,2.500000076430445972e+01,2.500000478049582497e+01,2.500002675620722670e+01,2.500013400506575678e+01,2.500060056903856776e+01,2.500240851701901335e+01,2.500864333921242277e+01,2.502775610060734124e+01,2.507975912963481946e+01,2.520509138447521380e+01,2.547191033110730274e+01,2.597166511508715203e+01,2.679027107229107330e+01,2.795165799720541955e+01,2.935470092631486239e+01,3.074904475870825848e+01,3.179169388973066646e+01,3.217968804475286504e+01,3.179169388973066646e+01,3.074904475870825848e+01,2.935470092631486239e+01,2.795165799720541955e+01,2.679027107229107330e+01,2.597166511508715203e+01,2.547191033110730274e+01,2.520509138447521380e+01,2.507975912963481946e+01,2.502775610060734124e+01,2.500864333921242277e+01,2.500240851701901335e+01,2.500060056903856776e+01,2.500013400506575678e+01,2.500002675620722670e+01,2.500000478049582497e+01,2.500000076430445972e+01,2.500000010934650518e+01,2.500000001399872573e+01,2.500000000160367719e+01,2.500000000016439472e+01,2.500000000001508127e+01,2.500000000000123634e+01,2.500000000000009237e+01,2.500000000000000711e+01,2.500000000000000000e+01,2.500000000000000000e+01,2.500000000000000000e+01,2.500000000000000000e+01,2.500000000000000000e+01
2.500000000000000000e+01,2.500000000000000000e+01,2.500000000000000000e+01,2.500000000000000000e+01,2.500000000000000000e+01,2.500000000000000000e+01,2.500000000000000000e+01,2.500000000000000000e+01,2.500000000000000000e+01,2.500000000000000000e+01,2.500000000000000000e+01,2.500000000000000000e+01,2.500000000000000000e+01,2.500000000000000000e+01,2.500000000000000000e+01,2.500000000000000000e+01,2.500000000000000000e+01,2.500000000000000000e+01,2.500000000000000000e+01,2.500000000000000000e+01,2.500000000000000000e+01,2.500000000000000000e+01,2.500000000000000000e+01,2.500000000000000000e+01,2.500000000000000000e+01,2.500000000000000000e+01,2.500000000000000000e+01,2.500000000000000000e+01,2.500000000000000000e+01,2.500000000000000000e+01,2.500000000000000000e+01,2.500000000000000000e+01,2.500000000000000000e+01,2.500000000000000000e+01,2.500000000000000000e+01,2.500000000000000000e+01,2.500000000000000000e+01,2.500000000000000000e+01,2.500000000000000000e+01,2.500000000000000000e+01,2.500000000000000000e+01,2.500000000000000000e+01,2.500000000000000000e+01,2.500000000000000000e+01,2.500000000000000711e+01,2.500000000000009948e+01,2.500000000000136424e+01,2.500000000001661249e+01,2.500000000018109603e+01,2.500000000176657267e+01,2.500000001542064965e+01,2.500000012045341791e+01,2.500000084193899497e+01,2.500000526607663787e+01,2.500002947397988962e+01,2.500014761668496988e+01,2.500066157208362938e+01,2.500265316311764252e+01,2.500952128991850287e+01,2.503057543784811401e+01,2.508786069576084543e+01,2.522592362550908618e+01,2.551984481547950878e+01,2.607036239548971679e+01,2.697211858670211271e+01,2.825147386223884638e+01,2.979703144916713242e+01,3.133300632508213113e+01,3.248156296687977118e+01,3.290896778645931420e+01,3.248156296687977118e+01,3.133300632508213113e+01,2.979703144916713242e+01,2.825147386223884638e+01,2.697211858670211271e+01,2.607036239548971679e+01,2.551984481547950878e+01,2.522592362550908618e+01,2.508786069576084543e+01,2.503057543784811401e+01,2.500952128991850287e+01,2.500265316311764252e+01,2.500066157208362938e+01,2.500014761668496988e+01,2.500002947397988962e+01,2.500000526607663787e+01,2.500000084193899497e+01,2.500000012045341791e+01,2.500000001542064965e+01,2.500000000176657267e+01,2.500000000018109603e+01,2.500000000001661249e+01,2.500000000000136424e+01,2.500000000000009948e+01,2.500000000000000711e+01,2.500000000000000000e+01,2.500000000000000000e+01,2.500000000000000000e+01,2.500000000000000000e+01,2.500000000000000000e+01
2.500000000000000000e+01,2.500000000000000000e+01,2.500000000000000000e+01,2.500000000000000000e+01,2.500000000000000000e+01,2.500000000000000000e+01,2.500000000000000000e+01,2.500000000000000000e+01,2.500000000000000000e+01,2.500000000000000000e+01,2.500000000000000000e+01,2.500000000000000000e+01,2.500000000000000000e+01,2.500000000000000000e+01,2.500000000000000000e+01,2.500000000000000000e+01,2.500000000000000000e+01,2.500000000000000000e+01,2.500000000000000000e+01,2.500000000000000000e+01,2.500000000000000000e+01,2.500000000000000000e+01,2.500000000000000000e+01,2.500000000000000000e+01,2.500000000000000000e+01,2.500000000000000000e+01,2.500000000000000000e+01,2.500000000000000000e+01,2.500000000000000000e+01,2.500000000000000000e+01,2.500000000000000000e+01,2.500000000000000000e+01,2.500000000000000000e+01,2.500000000000000000e+01,2.500000000000000000e+01,2.500000000000000000e+01,2.500000000000000000e+01,2.500000000000000000e+01,2.500000000000000000e+01,2.500000000000000000e+01,2.500000000000000000e+01,2.500000000000000000e+01,2.500000000000000000e+01,2.500000000000000000e+01,2.500000000000000711e+01,2.500000000000011013e+01,2.500000000000149925e+01,2.500000000001826095e+01,2.500000000019908342e+01,2.500000000194205185e+01,2.500000001695244833e+01,2.500000013241855967e+01,2.500000092557229436e+01,2.500000578917791927e+01,2.500003240175282215e+01,2.500016228006386854e+01,2.500072728878856765e+01,2.500291671283816797e+01,2.501046707922199275e+01,2.503361262317844549e+01,2.509658826386969821e+01,2.524836555829774198e+01,2.557148316177124414e+01,2.617668594126744352e+01,2.716801732316359619e+01,2.857445627594617577e+01,3.027354052219875058e+01,3.196209016692190374e+01,3.322473771400270692e+01,3.369459843084814565e+01,3.322473771400270692e+01,3.196209016692190374e+01,3.027354052219875058e+01,2.857445627594617577e+01,2.716801732316359619e+01,2.617668594126744352e+01,2.557148316177124414e+01,2.524836555829774198e+01,2.509658826386969821e+01,2.503361262317844549e+01,2.501046707922199275e+01,2.500291671283816797e+01,2.500072728878856765e+01,2.500016228006386854e+01,2.500003240175282215e+01,2.500000578917791927e+01,2.500000092557229436e+01,2.500000013241855967e+01,2.500000001695244833e+01,2.500000000194205185e+01,2.500000000019908342e+01,2.500000000001826095e+01,2.500000000000149925e+01,2.500000000000011013e+01,2.500000000000000711e+01,2.500000000000000000e+01,2.500000000000000000e+01,2.500000000000000000e+01,2.500000000000000000e+01,2.500000000000000000e+01
2.500000000000000000e+01,2.500000000000000000e+01,2.500000000000000000e+01,2.500000000000000000e+01,2.500000000000000000e+01,2.500000000000000000e+01,2.500000000000000000e+01,2.500000000000000000e+01,2.500000000000000000e+01,2.500000000000000000e+01,2.500000000000000000e+01,2.500000000000000000e+01,2.500000000000000000e+01,2.500000000000000000e+01,2.500000000000000000e+01,2.500000000000000000e+01,2.500000000000000000e+01,2.500000000000000000e+01,2.500000000000000000e+01,2.500000000000000000e+01,2.500000000000000000e+01,2.500000000000000000e+01,2.500000000000000000e+01,2.500000000000000000e+01,2.500000000000000000e+01,2.500000000000000000e+01,2.500000000000000000e+01,2.500000000000000000e+01,2.500000000000000000e+01,2.500000000000000000e+01,2.500000000000000000e+01,2.500000000000000000e+01,2.500000000000000000e+01,2.500000000000000000e+01,2.500000000000000000e+01,2.500000000000000000e+01,2.500000000000000000e+01,2.500000000000000000e+01,2.500000000000000000e+01,2.500000000000000000e+01,2.500000000000000000e+01,2.500000000000000000e+01,2.500000000000000000e+01,2.500000000000000000e+01,2.500000000000000711e+01,2.500000000000012079e+01,2.500000000000164491e+01,2.500000000002003375e+01,2.500000000021841373e+01,2.500000000213062279e+01,2.500000001859848808e+01,2.500000014527606496e+01,2.500000101544301856e+01,2.500000635129241999e+01,2.500003554788089133e+01,2.500017803704673014e+01,2.500079790668645074e+01,2.500319991826165023e+01,2.501148340608314058e+01,2.503687632368986371e+01,2.510596673946546176e+01,2.527248122446672696e+01,2.562697272821889527e+01,2.629093916357343019e+01,2.737852630988594527e+01,2.892152692002884606e+01,3.078558793985839159e+01,3.263809147505247665e+01,3.402333889847355408e+01,3.453882189995066199e+01,3.402333889847355408e+01,3.263809147505247665e+01,3.078558793985839159e+01,2.892152692002884606e+01,2.737852630988594527e+01,2.629093916357343019e+01,2.562697272821889527e+01,2.527248122446672696e+01,2.510596673946546176e+01,2.503687632368986371e+01,2.501148340608314058e+01,2.500319991826165023e+01,2.500079790668645074e+01,2.500017803704673014e+01,2.500003554788089133e+01,2.500000635129241999e+01,2.500000101544301856e+01,2.500000014527606496e+01,2.500000001859848808e+01,2.500000000213062279e+01,2.500000000021841373e+01,2.500000000002003375e+01,2.500000000000164491e+01,2.500000000000012079e+01,2.500000000000000711e+01,2.500000000000000000e+01,2.500000000000000000e+01,2.500000000000000000e+01,2.500000000000000000e+01,2.500000000000000000e+01
2.500000000000000000e+01,2.500000000000000000e+01,2.500000000000000000e+01,2.500000000000000000e+01,2.500000000000000000e+01,2.500000000000000000e+01,2.500000000000000000e+01,2.500000000000000000e+01,2.500000000000000000e+01,2.500000000000000000e+01,2.500000000000000000e+01,2.500000000000000000e+01,2.500000000000000000e+01,2.500000000000000000e+01,2.500000000000000000e+01,2.500000000000000000e+01,2.500000000000000000e+01,2.500000000000000000e+01,2.500000000000000000e+01,2.500000000000000000e+01,2.500000000000000000e+01,2.500000000000000000e+01,2.500000000000000000e+01,2.500000000000000000e+01,2.500000000000000000e+01,2.500000000000000000e+01,2.500000000000000000e+01,2.500000000000000000e+01,2.500000000000000000e+01,2.500000000000000000e+01,2.500000000000000000e+01,2.500000000000000000e+01,2.500000000000000000e+01,2.500000000000000000e+01,2.500000000000000000e+01,2.500000000000000000e+01,2.500000000000000000e+01,2.500000000000000000e+01,2.500000000000000000e+01,2.500000000000000000e+01,2.500000000000000000e+01,2.500000000000000000e+01,2.500000000000000000e+01,2.500000000000000000e+01,2.500000000000000711e+01,2.500000000000013145e+01,2.500000000000180123e+01,2.500000000002193445e+01,2.500000000023913316e+01,2.500000000233274378e+01,2.500000002036284030e+01,2.500000015905772699e+01,2.500000111177335071e+01,2.500000695380983728e+01,2.500003892014215623e+01,2.500019492658897846e+01,2.500087360036333806e+01,2.500350347954655561e+01,2.501257278312987253e+01,2.504037460811041527e+01,2.511601930861216303e+01,2.529833024430018895e+01,2.568645069965890215e+01,2.641340452649269110e+01,2.760416598057878090e+01,2.929354384461389316e+01,3.133443961834863600e+01,3.336268150291524393e+01,3.487934087294785002e+01,3.544372533673699621e+01,3.487934087294785002e+01,3.336268150291524393e+01,3.133443961834863600e+01,2.929354384461389316e+01,2.760416598057878090e+01,2.641340452649269110e+01,2.568645069965890215e+01,2.529833024430018895e+01,2.511601930861216303e+01,2.504037460811041527e+01,2.501257278312987253e+01,2.500350347954655561e+01,2.500087360036333806e+01,2.500019492658897846e+01,2.500003892014215623e+01,2.500000695380983728e+01,2.500000111177335071e+01,2.500000015905772699e+01,2.500000002036284030e+01,2.500000000233274378e+01,2.500000000023913316e+01,2.500000000002193445e+01,2.500000000000180123e+01,2.500000000000013145e+01,2.500000000000000711e+01,2.500000000000000000e+01,2.500000000000000000e+01,2.500000000000000000e+01,2.500000000000000000e+01,2.500000000000000000e+01
2.500000000000000000e+01,2.500000000000000000e+01,2.500000000000000000e+01,2.500000000000000000e+01,2.500000000000000000e+01,2.500000000000000000e+01,2.500000000000000000e+01,2.500000000000000000e+01,2.500000000000000000e+01,2.500000000000000000e+01,2.500000000000000000e+01,2.500000000000000000e+01,2.500000000000000000e+01,2.500000000000000000e+01,2.500000000000000000e+01,2.500000000000000000e+01,2.500000000000000000e+01,2.500000000000000000e+01,2.500000000000000000e+01,2.500000000000000000e+01,2.500000000000000000e+01,2.500000000000000000e+01,2.500000000000000000e+01,2.500000000000000000e+01,2.500000000000000000e+01,2.500000000000000000e+01,2.500000000000000000e+01,2.500000000000000000e+01,2.500000000000000000e+01,2.500000000000000000e+01,2.500000000000000000e+01,2.500000000000000000e+01,2.500000000000000000e+01,2.500000000000000000e+01,2.500000000000000000e+01,2.500000000000000000e+01,2.500000000000000000e+01,2.500000000000000000e+01,2.500000000000000000e+01,2.500000000000000000e+01,2.500000000000000000e+01,2.500000000000000000e+01,2.500000000000000000e+01,2.500000000000000000e+01,2.500000000000001066e+01,2.500000000000014566e+01,2.500000000000196820e+01,2.500000000002396661e+01,2.500000000026128788e+01,2.500000000254884469e+01,2.500000002224920692e+01,2.500000017379247197e+01,2.500000121476550419e+01,2.500000759799496564e+01,2.500004252561560492e+01,2.500021298414484505e+01,2.500095452871410018e+01,2.500382803392350795e+01,2.501373749716375627e+01,2.504411481997862410e+01,2.512676707349018557e+01,2.532596687961629200e+01,2.575004193122665441e+01,2.654433910721023793e+01,2.784540999416072182e+01,2.969128798123551150e+01,3.192124769767976034e+01,3.413738129744307059e+01,3.579454054205817215e+01,3.641120829894890676e+01,3.579454054205817215e+01,3.413738129744307059e+01,3.192124769767976034e+01,2.969128798123551150e+01,2.784540999416072182e+01,2.654433910721023793e+01,2.575004193122665441e+01,2.532596687961629200e+01,2.512676707349018557e+01,2.504411481997862410e+01,2.501373749716375627e+01,2.500382803392350795e+01,2.500095452871410018e+01,2.500021298414484505e+01,2.500004252561560492e+01,2.500000759799496564e+01,2.500000121476550419e+01,2.500000017379247197e+01,2.500000002224920692e+01,2.500000000254884469e+01,2.500000000026128788e+01,2.500000000002396661e+01,2.500000000000196820e+01,2.500000000000014566e+01,2.500000000000001066e+01,2.500000000000000000e+01,2.500000000000000000e+01,2.500000000000000000e+01,2.500000000000000000e+01,2.500000000000000000e+01
2.500000000000000000e+01,2.500000000000000000e+01,2.500000000000000000e+01,2.500000000000000000e+01,2.500000000000000000e+01,2.500000000000000000e+01,2.500000000000000000e+01,2.500000000000000000e+01,2.500000000000000000e+01,2.500000000000000000e+01,2.500000000000000000e+01,2.500000000000000000e+01,2.500000000000000000e+01,2.500000000000000000e+01,2.500000000000000000e+01,2.500000000000000000e+01,2.500000000000000000e+01,2.500000000000000000e+01,2.500000000000000000e+01,2.500000000000000000e+01,2.500000000000000000e+01,2.500000000000000000e+01,2.500000000000000000e+01,2.500000000000000000e+01,2.500000000000000000e+01,2.500000000000000000e+01,2.500000000000000000e+01,2.500000000000000000e+01,2.500000000000000000e+01,2.500000000000000000e+01,2.500000000000000000e+01,2.500000000000000000e+01,2.500000000000000000e+01,2.500000000000000000e+01,2.500000000000000000e+01,2.500000000000000000e+01,2.500000000000000000e+01,2.500000000000000000e+01,2.500000000000000000e+01,2.500000000000000000e+01,2.500000000000000000e+01,2.500000000000000000e+01,2.500000000000000000e+01,2.500000000000000000e+01,2.500000000000001066e+01,2.500000000000015632e+01,2.500000000000214584e+01,2.500000000002613376e+01,2.500000000028490987e+01,2.500000000277929502e+01,2.500000002426085999e+01,2.500000018950585812e+01,2.500000132459811297e+01,2.500000828496508731e+01,2.500004637055462808e+01,2.500023224103362551e+01,2.500104083210209183e+01,2.500417414430453533e+01,2.501497956828242764e+01,2.504810344637452246e+01,2.513822867518545578e+01,2.535543906381324675e+01,2.581785671651579861e+01,2.668397000064284086e+01,2.810267676789698754e+01,3.011544918333889242e+01,3.254702994665820626e+01,3.496353450967450982e+01,3.677052524195018179e+01,3.744294880366623346e+01,3.677052524195018179e+01,3.496353450967450982e+01,3.254702994665820626e+01,3.011544918333889242e+01,2.810267676789698754e+01,2.668397000064284086e+01,2.581785671651579861e+01,2.535543906381324675e+01,2.513822867518545578e+01,2.504810344637452246e+01,2.501497956828242764e+01,2.500417414430453533e+01,2.500104083210209183e+01,2.500023224103362551e+01,2.500004637055462808e+01,2.500000828496508731e+01,2.500000132459811297e+01,2.500000018950585812e+01,2.500000002426085999e+01,2.500000000277929502e+01,2.500000000028490987e+01,2.500000000002613376e+01,2.500000000000214584e+01,2.500000000000015632e+01,2.500000000000001066e+01,2.500000000000000000e+01,2.500000000000000000e+01,2.500000000000000000e+01,2.500000000000000000e+01,2.500000000000000000e+01
2.500000000000000000e+01,2.500000000000000000e+01,2.500000000000000000e+01,2.500000000000000000e+01,2.500000000000000000e+01,2.500000000000000000e+01,2.500000000000000000e+01,2.500000000000000000e+01,2.500000000000000000e+01,2.500000000000000000e+01,2.500000000000000000e+01,2.500000000000000000e+01,2.500000000000000000e+01,2.500000000000000000e+01,2.500000000000000000e+01,2.500000000000000000e+01,2.500000000000000000e+01,2.500000000000000000e+01,2.500000000000000000e+01,2.500000000000000000e+01,2.500000000000000000e+01,2.500000000000000000e+01,2.500000000000000000e+01,2.500000000000000000e+01,2.500000000000000000e+01,2.500000000000000000e+01,2.500000000000000000e+01,2.500000000000000000e+01,2.500000000000000000e+01,2.500000000000000000e+01,2.500000000000000000e+01,2.500000000000000000e+01,2.500000000000000000e+01,2.500000000000000000e+01,2.500000000000000000e+01,2.500000000000000000e+01,2.500000000000000000e+01,2.500000000000000000e+01,2.500000000000000000e+01,2.500000000000000000e+01,2.500000000000000000e+01,2.500000000000000000e+01,2.500000000000000000e+01,2.500000000000000000e+01,2.500000000000001066e+01,2.500000000000017053e+01,2.500000000000233413e+01,2.500000000002843947e+01,2.500000000031003822e+01,2.500000000302441805e+01,2.500000002640057417e+01,2.500000020621953922e+01,2.500000144142252267e+01,2.500000901566682288e+01,2.500005046025739830e+01,2.500025272379053121e+01,2.500113262944984172e+01,2.500454228761555697e+01,2.501630070800900896e+01,2.505234598346187980e+01,2.515041990731558030e+01,2.538678740835353764e+01,2.588998850152241005e+01,2.683248961244161634e+01,2.837632080486275044e+01,3.056661192768459401e+01,3.321264866758762935e+01,3.584227954489227841e+01,3.780863983955869401e+01,3.854036854703879555e+01,3.780863983955869401e+01,3.584227954489227841e+01,3.321264866758762935e+01,3.056661192768459401e+01,2.837632080486275044e+01,2.683248961244161634e+01,2.588998850152241005e+01,2.538678740835353764e+01,2.515041990731558030e+01,2.505234598346187980e+01,2.501630070800900896e+01,2.500454228761555697e+01,2.500113262944984172e+01,2.500025272379053121e+01,2.500005046025739830e+01,2.500000901566682288e+01,2.500000144142252267e+01,2.500000020621953922e+01,2.500000002640057417e+01,2.500000000302441805e+01,2.500000000031003822e+01,2.500000000002843947e+01,2.500000000000233413e+01,2.500000000000017053e+01,2.500000000000001066e+01,2.500000000000000000e+01,2.500000000000000000e+01,2.500000000000000000e+01,2.500000000000000000e+01,2.500000000000000000e+01
2.500000000000000000e+01,2.500000000000000000e+01,2.500000000000000000e+01,2.500000000000000000e+01,2.500000000000000000e+01,2.500000000000000000e+01,2.500000000000000000e+01,2.500000000000000000e+01,2.500000000000000000e+01,2.500000000000000000e+01,2.500000000000000000e+01,2.500000000000000000e+01,2.500000000000000000e+01,2.500000000000000000e+01,2.500000000000000000e+01,2.500000000000000000e+01,2.500000000000000000e+01,2.500000000000000000e+01,2.500000000000000000e+01,2.500000000000000000e+01,2.500000000000000000e+01,2.500000000000000000e+01,2.500000000000000000e+01,2.500000000000000000e+01,2.500000000000000000e+01,2.500000000000000000e+01,2.500000000000000000e+01,2.500000000000000000e+01,2.500000000000000000e+01,2.500000000000000000e+01,2.500000000000000000e+01,2.500000000000000000e+01,2.500000000000000000e+01,2.500000000000000000e+01,2.500000000000000000e+01,2.500000000000000000e+01,2.500000000000000000e+01,2.500000000000000000e+01,2.500000000000000000e+01,2.500000000000000000e+01,2.500000000000000000e+01,2.500000000000000000e+01,2.500000000000000000e+01,2.500000000000000000e+01,2.500000000000001066e+01,2.500000000000018474e+01,2.500000000000253664e+01,2.500000000003088729e+01,2.500000000033669778e+01,2.500000000328446603e+01,2.500000002867055215e+01,2.500000022395072463e+01,2.500000156535903528e+01,2.500000979085265485e+01,2.500005479893553684e+01,2.500027445350896826e+01,2.500123001529146194e+01,2.500493284297537500e+01,2.501770227687045889e+01,2.505684680026085331e+01,2.516335332457077101e+01,2.542004419617216016e+01,2.596651156850159836e+01,2.699005089004426239e+01,2.866662390726439114e+01,3.104524082756441317e+01,3.391878932332791408e+01,3.677452134622074453e+01,3.890995339886669058e+01,3.970459766626392906e+01,3.890995339886669058e+01,3.677452134622074453e+01,3.391878932332791408e+01,3.104524082756441317e+01,2.866662390726439114e+01,2.699005089004426239e+01,2.596651156850159836e+01,2.542004419617216016e+01,2.516335332457077101e+01,2.505684680026085331e+01,2.501770227687045889e+01,2.500493284297537500e+01,2.500123001529146194e+01,2.500027445350896826e+01,2.500005479893553684e+01,2.500000979085265485e+01,2.500000156535903528e+01,2.500000022395072463e+01,2.500000002867055215e+01,2.500000000328446603e+01,2.500000000033669778e+01,2.500000000003088729e+01,2.500000000000253664e+01,2.500000000000018474e+01,2.500000000000001066e+01,2.500000000000000000e+01,2.500000000000000000e+01,2.500000000000000000e+01,2.500000000000000000e+01,2.500000000000000000e+01
2.500000000000000000e+01,2.500000000000000000e+01,2.500000000000000000e+01,2.500000000000000000e+01,2.500000000000000000e+01,2.500000000000000000e+01,2.500000000000000000e+01,2.500000000000000000e+01,2.500000000000000000e+01,2.500000000000000000e+01,2.500000000000000000e+01,2.500000000000000000e+01,2.500000000000000000e+01,2.500000000000000000e+01,2.500000000000000000e+01,2.500000000000000000e+01,2.500000000000000000e+01,2.500000000000000000e+01,2.500000000000000000e+01,2.500000000000000000e+01,2.500000000000000000e+01,2.500000000000000000e+01,2.500000000000000000e+01,2.500000000000000000e+01,2.500000000000000000e+01,2.500000000000000000e+01,2.500000000000000000e+01,2.500000000000000000e+01,2.500000000000000000e+01,2.500000000000000000e+01,2.500000000000000000e+01,2.500000000000000000e+01,2.500000000000000000e+01,2.500000000000000000e+01,2.500000000000000000e+01,2.500000000000000000e+01,2.500000000000000000e+01,2.500000000000000000e+01,2.500000000000000000e+01,2.500000000000000000e+01,2.500000000000000000e+01,2.500000000000000000e+01,2.500000000000000000e+01,2.500000000000000000e+01,2.500000000000001421e+01,2.500000000000020250e+01,2.500000000000274625e+01,2.500000000003347367e+01,2.500000000036490277e+01,2.500000000355961305e+01,2.500000003107235713e+01,2.500000024271164989e+01,2.500000169649316817e+01,2.500001061105744071e+01,2.500005938958263130e+01,2.500029744518191777e+01,2.500133305682082252e+01,2.500534607985772340e+01,2.501918524191535909e+01,2.506160900222607069e+01,2.517703785069582878e+01,2.545523237364758273e+01,2.604747871651700564e+01,2.715676254691786795e+01,2.897378637721449834e+01,3.155166612533194481e+01,3.466593913383629655e+01,3.776090313793380915e+01,4.007522579956800968e+01,4.093643945124865979e+01,4.007522579956800968e+01,3.776090313793380915e+01,3.466593913383629655e+01,3.155166612533194481e+01,2.897378637721449834e+01,2.715676254691786795e+01,2.604747871651700564e+01,2.545523237364758273e+01,2.517703785069582878e+01,2.506160900222607069e+01,2.501918524191535909e+01,2.500534607985772340e+01,2.500133305682082252e+01,2.500029744518191777e+01,2.500005938958263130e+01,2.500001061105744071e+01,2.500000169649316817e+01,2.500000024271164989e+01,2.500000003107235713e+01,2.500000000355961305e+01,2.500000000036490277e+01,2.500000000003347367e+01,2.500000000000274625e+01,2.500000000000020250e+01,2.500000000000001421e+01,2.500000000000000000e+01,2.500000000000000000e+01,2.500000000000000000e+01,2.500000000000000000e+01,2.500000000000000000e+01
2.500000000000000000e+01,2.500000000000000000e+01,2.500000000000000000e+01,2.500000000000000000e+01,2.500000000000000000e+01,2.500000000000000000e+01,2.500000000000000000e+01,2.500000000000000000e+01,2.500000000000000000e+01,2.500000000000000000e+01,2.500000000000000000e+01,2.500000000000000000e+01,2.500000000000000000e+01,2.500000000000000000e+01,2.500000000000000000e+01,2.500000000000000000e+01,2.500000000000000000e+01,2.500000000000000000e+01,2.500000000000000000e+01,2.500000000000000000e+01,2.500000000000000000e+01,2.500000000000000000e+01,2.500000000000000000e+01,2.500000000000000000e+01,2.500000000000000000e+01,2.500000000000000000e+01,2.500000000000000000e+01,2.500000000000000000e+01,2.500000000000000000e+01,2.500000000000000000e+01,2.500000000000000000e+01,2.500000000000000000e+01,2.500000000000000000e+01,2.500000000000000000e+01,2.500000000000000000e+01,2.500000000000000000e+01,2.500000000000000000e+01,2.500000000000000000e+01,2.500000000000000000e+01,2.500000000000000000e+01,2.500000000000000000e+01,2.500000000000000000e+01,2.500000000000000000e+01,2.500000000000000000e+01,2.500000000000001421e+01,2.500000000000021672e+01,2.500000000000297007e+01,2.500000000003620215e+01,2.500000000039466741e+01,2.500000000384996213e+01,2.500000003360685241e+01,2.500000026250904028e+01,2.500000183487192729e+01,2.500001147657518530e+01,2.500006423384418142e+01,2.500032170705064516e+01,2.500144179097273067e+01,2.500578214638562713e+01,2.502075013470627596e+01,2.506663429634873097e+01,2.519147839085139751e+01,2.549236455383353928e+01,2.613291896790117974e+01,2.733268434015236181e+01,2.929791831580431349e+01,3.208606934699822943e+01,3.545436591180960306e+01,3.880177848442253463e+01,4.130487472863759990e+01,4.223633545048284077e+01,4.130487472863759990e+01,3.880177848442253463e+01,3.545436591180960306e+01,3.208606934699822943e+01,2.929791831580431349e+01,2.733268434015236181e+01,2.613291896790117974e+01,2.549236455383353928e+01,2.519147839085139751e+01,2.506663429634873097e+01,2.502075013470627596e+01,2.500578214638562713e+01,2.500144179097273067e+01,2.500032170705064516e+01,2.500006423384418142e+01,2.500001147657518530e+01,2.500000183487192729e+01,2.500000026250904028e+01,2.500000003360685241e+01,2.500000000384996213e+01,2.500000000039466741e+01,2.500000000003620215e+01,2.500000000000297007e+01,2.500000000000021672e+01,2.500000000000001421e+01,2.500000000000000000e+01,2.500000000000000000e+01,2.500000000000000000e+01,2.500000000000000000e+01,2.500000000000000000e+01
2.500000000000000000e+01,2.500000000000000000e+01,2.500000000000000000e+01,2.500000000000000000e+01,2.500000000000000000e+01,2.500000000000000000e+01,2.500000000000000000e+01,2.500000000000000000e+01,2.500000000000000000e+01,2.500000000000000000e+01,2.500000000000000000e+01,2.500000000000000000e+01,2.500000000000000000e+01,2.500000000000000000e+01,2.500000000000000000e+01,2.500000000000000000e+01,2.500000000000000000e+01,2.500000000000000000e+01,2.500000000000000000e+01,2.500000000000000000e+01,2.500000000000000000e+01,2.500000000000000000e+01,2.500000000000000000e+01,2.500000000000000000e+01,2.500000000000000000e+01,2.500000000000000000e+01,2.500000000000000000e+01,2.500000000000000000e+01,2.500000000000000000e+01,2.500000000000000000e+01,2.500000000000000000e+01,2.500000000000000000e+01,2.500000000000000000e+01,2.500000000000000000e+01,2.500000000000000000e+01,2.500000000000000000e+01,2.500000000000000000e+01,2.500000000000000000e+01,2.500000000000000000e+01,2.500000000000000000e+01,2.500000000000000000e+01,2.500000000000000000e+01,2.500000000000000000e+01,2.500000000000000000e+01,2.500000000000001421e+01,2.500000000000023448e+01,2.500000000000320810e+01,2.500000000003907630e+01,2.500000000042598813e+01,2.500000000415552037e+01,2.500000003627412681e+01,2.500000028334359214e+01,2.500000198050017985e+01,2.500001238743636733e+01,2.500006933189080627e+01,2.500034723996969888e+01,2.500155622157697977e+01,2.500624105791807139e+01,2.502239701036133468e+01,2.507192285962806366e+01,2.520667545365735762e+01,2.553144204458728339e+01,2.622283533200213412e+01,2.751782246600641457e+01,2.963903113950073021e+01,3.264846931513510953e+01,3.628409742695257734e+01,3.989718404705079990e+01,4.259894349635945332e+01,4.360433144846929565e+01,4.259894349635945332e+01,3.989718404705079990e+01,3.628409742695257734e+01,3.264846931513510953e+01,2.963903113950073021e+01,2.751782246600641457e+01,2.622283533200213412e+01,2.553144204458728339e+01,2.520667545365735762e+01,2.507192285962806366e+01,2.502239701036133468e+01,2.500624105791807139e+01,2.500155622157697977e+01,2.500034723996969888e+01,2.500006933189080627e+01,2.500001238743636733e+01,2.500000198050017985e+01,2.500000028334359214e+01,2.500000003627412681e+01,2.500000000415552037e+01,2.500000000042598813e+01,2.500000000003907630e+01,2.500000000000320810e+01,2.500000000000023448e+01,2.500000000000001421e+01,2.500000000000000000e+01,2.500000000000000000e+01,2.500000000000000000e+01,2.500000000000000000e+01,2.500000000000000000e+01
2.500000000000000000e+01,2.500000000000000000e+01,2.500000000000000000e+01,2.500000000000000000e+01,2.500000000000000000e+01,2.500000000000000000e+01,2.500000000000000000e+01,2.500000000000000000e+01,2.500000000000000000e+01,2.500000000000000000e+01,2.500000000000000000e+01,2.500000000000000000e+01,2.500000000000000000e+01,2.500000000000000000e+01,2.500000000000000000e+01,2.500000000000000000e+01,2.500000000000000000e+01,2.500000000000000000e+01,2.500000000000000000e+01,2.500000000000000000e+01,2.500000000000000000e+01,2.500000000000000000e+01,2.500000000000000000e+01,2.500000000000000000e+01,2.500000000000000000e+01,2.500000000000000000e+01,2.500000000000000000e+01,2.500000000000000000e+01,2.500000000000000000e+01,2.500000000000000000e+01,2.500000000000000000e+01,2.500000000000000000e+01,2.500000000000000000e+01,2.500000000000000000e+01,2.500000000000000000e+01,2.500000000000000000e+01,2.500000000000000000e+01,2.500000000000000000e+01,2.500000000000000000e+01,2.500000000000000000e+01,2.500000000000000000e+01,2.500000000000000000e+01,2.500000000000000000e+01,2.500000000000000000e+01,2.500000000000001776e+01,2.500000000000025224e+01,2.500000000000345679e+01,2.500000000004209255e+01,2.500000000045886495e+01,2.500000000447620607e+01,2.500000003907343427e+01,2.500000030520947547e+01,2.500000213333720112e+01,2.500001334338622883e+01,2.500007468229659580e+01,2.500037403679757020e+01,2.500167631662757017e+01,2.500672268609847038e+01,2.502412540825289256e+01,2.507747321286406716e+01,2.522262478852726630e+01,2.557245391601699325e+01,2.631720265940228742e+01,2.771212514173632968e+01,2.999702943976575753e+01,3.323870872765655093e+01,3.715490160510877615e+01,4.104681344319092062e+01,4.395707015442603449e+01,4.504004481960997452e+01,4.395707015442603449e+01,4.104681344319092062e+01,3.715490160510877615e+01,3.323870872765655093e+01,2.999702943976575753e+01,2.771212514173632968e+01,2.631720265940228742e+01,2.557245391601699325e+01,2.522262478852726630e+01,2.507747321286406716e+01,2.502412540825289256e+01,2.500672268609847038e+01,2.500167631662757017e+01,2.500037403679757020e+01,2.500007468229659580e+01,2.500001334338622883e+01,2.500000213333720112e+01,2.500000030520947547e+01,2.500000003907343427e+01,2.500000000447620607e+01,2.500000000045886495e+01,2.500000000004209255e+01,2.500000000000345679e+01,2.500000000000025224e+01,2.500000000000001776e+01,2.500000000000000000e+01,2.500000000000000000e+01,2.500000000000000000e+01,2.500000000000000000e+01,2.500000000000000000e+01
2.500000000000000000e+01,2.500000000000000000e+01,2.500000000000000000e+01,2.500000000000000000e+01,2.500000000000000000e+01,2.500000000000000000e+01,2.500000000000000000e+01,2.500000000000000000e+01,2.500000000000000000e+01,2.500000000000000000e+01,2.500000000000000000e+01,2.500000000000000000e+01,2.500000000000000000e+01,2.500000000000000000e+01,2.500000000000000000e+01,2.500000000000000000e+01,2.500000000000000000e+01,2.500000000000000000e+01,2.500000000000000000e+01,2.500000000000000000e+01,2.500000000000000000e+01,2.500000000000000000e+01,2.500000000000000000e+01,2.500000000000000000e+01,2.500000000000000000e+01,2.500000000000000000e+01,2.500000000000000000e+01,2.500000000000000000e+01,2.500000000000000000e+01,2.500000000000000000e+01,2.500000000000000000e+01,2.500000000000000000e+01,2.500000000000000000e+01,2.500000000000000000e+01,2.500000000000000000e+01,2.500000000000000000e+01,2.500000000000000000e+01,2.500000000000000000e+01,2.500000000000000000e+01,2.500000000000000000e+01,2.500000000000000000e+01,2.500000000000000000e+01,2.500000000000000000e+01,2.500000000000000000e+01,2.500000000000001776e+01,2.500000000000027356e+01,2.500000000000371259e+01,2.500000000004524736e+01,2.500000000049326943e+01,2.500000000481183093e+01,2.500000004200313342e+01,2.500000032809387562e+01,2.500000229329337742e+01,2.500001434386427590e+01,2.500008028192452869e+01,2.500040208182289803e+01,2.500180200571107036e+01,2.500722674854137750e+01,2.502593431499671084e+01,2.508328210180580697e+01,2.523931704413956822e+01,2.561537612227996519e+01,2.641596562119731928e+01,2.791547844492369990e+01,3.037170331711138971e+01,3.385644151881198383e+01,3.806626788142075668e+01,4.224999262880007223e+01,4.537845841388858759e+01,4.654263378476430546e+01,4.537845841388858759e+01,4.224999262880007223e+01,3.806626788142075668e+01,3.385644151881198383e+01,3.037170331711138971e+01,2.791547844492369990e+01,2.641596562119731928e+01,2.561537612227996519e+01,2.523931704413956822e+01,2.508328210180580697e+01,2.502593431499671084e+01,2.500722674854137750e+01,2.500180200571107036e+01,2.500040208182289803e+01,2.500008028192452869e+01,2.500001434386427590e+01,2.500000229329337742e+01,2.500000032809387562e+01,2.500000004200313342e+01,2.500000000481183093e+01,2.500000000049326943e+01,2.500000000004524736e+01,2.500000000000371259e+01,2.500000000000027356e+01,2.500000000000001776e+01,2.500000000000000000e+01,2.500000000000000000e+01,2.500000000000000000e+01,2.500000000000000000e+01,2.500000000000000000e+01
2.500000000000000000e+01,2.500000000000000000e+01,2.500000000000000000e+01,2.500000000000000000e+01,2.500000000000000000e+01,2.500000000000000000e+01,2.500000000000000000e+01,2.500000000000000000e+01,2.500000000000000000e+01,2.500000000000000000e+01,2.500000000000000000e+01,2.500000000000000000e+01,2.500000000000000000e+01,2.500000000000000000e+01,2.500000000000000000e+01,2.500000000000000000e+01,2.500000000000000000e+01,2.500000000000000000e+01,2.500000000000000000e+01,2.500000000000000000e+01,2.500000000000000000e+01,2.500000000000000000e+01,2.500000000000000000e+01,2.500000000000000000e+01,2.500000000000000000e+01,2.500000000000000000e+01,2.500000000000000000e+01,2.500000000000000000e+01,2.500000000000000000e+01,2.500000000000000000e+01,2.500000000000000000e+01,2.500000000000000000e+01,2.500000000000000000e+01,2.500000000000000000e+01,2.500000000000000000e+01,2.500000000000000000e+01,2.500000000000000000e+01,2.500000000000000000e+01,2.500000000000000000e+01,2.500000000000000000e+01,2.500000000000000000e+01,2.500000000000000000e+01,2.500000000000000000e+01,2.500000000000000000e+01,2.500000000000001776e+01,2.500000000000029132e+01,2.500000000000398614e+01,2.500000000004854073e+01,2.500000000052917670e+01,2.500000000516209298e+01,2.500000004506063433e+01,2.500000035197654569e+01,2.500000246022720773e+01,2.500001538798546008e+01,2.500008612582101719e+01,2.500043135023625851e+01,2.500193317763933010e+01,2.500775279933877471e+01,2.502782213038227255e+01,2.508934438774436870e+01,2.525673745404862558e+01,2.566017069316773913e+01,2.651903684885297707e+01,2.812770248343375457e+01,3.076272132433423678e+01,3.450112122454706309e+01,3.901739003527427485e+01,4.350565723723739353e+01,4.686185087413289807e+01,4.811076911085670815e+01,4.686185087413289807e+01,4.350565723723739353e+01,3.901739003527427485e+01,3.450112122454706309e+01,3.076272132433423678e+01,2.812770248343375457e+01,2.651903684885297707e+01,2.566017069316773913e+01,2.525673745404862558e+01,2.508934438774436870e+01,2.502782213038227255e+01,2.500775279933877471e+01,2.500193317763933010e+01,2.500043135023625851e+01,2.500008612582101719e+01,2.500001538798546008e+01,2.500000246022720773e+01,2.500000035197654569e+01,2.500000004506063433e+01,2.500000000516209298e+01,2.500000000052917670e+01,2.500000000004854073e+01,2.500000000000398614e+01,2.500000000000029132e+01,2.500000000000001776e+01,2.500000000000000000e+01,2.500000000000000000e+01,2.500000000000000000e+01,2.500000000000000000e+01,2.500000000000000000e+01
2.500000000000000000e+01,2.500000000000000000e+01,2.500000000000000000e+01,2.500000000000000000e+01,2.500000000000000000e+01,2.500000000000000000e+01,2.500000000000000000e+01,2.500000000000000000e+01,2.500000000000000000e+01,2.500000000000000000e+01,2.500000000000000000e+01,2.500000000000000000e+01,2.500000000000000000e+01,2.500000000000000000e+01,2.500000000000000000e+01,2.500000000000000000e+01,2.500000000000000000e+01,2.500000000000000000e+01,2.500000000000000000e+01,2.500000000000000000e+01,2.500000000000000000e+01,2.500000000000000000e+01,2.500000000000000000e+01,2.500000000000000000e+01,2.500000000000000000e+01,2.500000000000000000e+01,2.500000000000000000e+01,2.500000000000000000e+01,2.500000000000000000e+01,2.500000000000000000e+01,2.500000000000000000e+01,2.500000000000000000e+01,2.500000000000000000e+01,2.500000000000000000e+01,2.500000000000000000e+01,2.500000000000000000e+01,2.500000000000000000e+01,2.500000000000000000e+01,2.500000000000000000e+01,2.500000000000000000e+01,2.500000000000000000e+01,2.500000000000000000e+01,2.500000000000000000e+01,2.500000000000000000e+01,2.500000000000002132e+01,2.500000000000031264e+01,2.500000000000426681e+01,2.500000000005196910e+01,2.500000000056654059e+01,2.500000000552658719e+01,2.500000004824234168e+01,2.500000037682942988e+01,2.500000263394260358e+01,2.500001647452330999e+01,2.500009220712157187e+01,2.500046180765773585e+01,2.500206967833227623e+01,2.500830022056923596e+01,2.502978663690208805e+01,2.509565294966328963e+01,2.527486555550706271e+01,2.570678501109022918e+01,2.662629527056303758e+01,2.834854796997021253e+01,3.116962415521009078e+01,3.517199057692016595e+01,4.000715083851821419e+01,4.481233231195481892e+01,4.840550507988231033e+01,4.974260880007024355e+01,4.840550507988231033e+01,4.481233231195481892e+01,4.000715083851821419e+01,3.517199057692016595e+01,3.116962415521009078e+01,2.834854796997021253e+01,2.662629527056303758e+01,2.570678501109022918e+01,2.527486555550706271e+01,2.509565294966328963e+01,2.502978663690208805e+01,2.500830022056923596e+01,2.500206967833227623e+01,2.500046180765773585e+01,2.500009220712157187e+01,2.500001647452330999e+01,2.500000263394260358e+01,2.500000037682942988e+01,2.500000004824234168e+01,2.500000000552658719e+01,2.500000000056654059e+01,2.500000000005196910e+01,2.500000000000426681e+01,2.500000000000031264e+01,2.500000000000002132e+01,2.500000000000000000e+01,2.500000000000000000e+01,2.500000000000000000e+01,2.500000000000000000e+01,2.500000000000000000e+01
2.500000000000000000e+01,2.500000000000000000e+01,2.500000000000000000e+01,2.500000000000000000e+01,2.500000000000000000e+01,2.500000000000000000e+01,2.500000000000000000e+01,2.500000000000000000e+01,2.500000000000000000e+01,2.500000000000000000e+01,2.500000000000000000e+01,2.500000000000000000e+01,2.500000000000000000e+01,2.500000000000000000e+01,2.500000000000000000e+01,2.500000000000000000e+01,2.500000000000000000e+01,2.500000000000000000e+01,2.500000000000000000e+01,2.500000000000000000e+01,2.500000000000000000e+01,2.500000000000000000e+01,2.500000000000000000e+01,2.500000000000000000e+01,2.500000000000000000e+01,2.500000000000000000e+01,2.500000000000000000e+01,2.500000000000000000e+01,2.500000000000000000e+01,2.500000000000000000e+01,2.500000000000000000e+01,2.500000000000000000e+01,2.500000000000000000e+01,2.500000000000000000e+01,2.500000000000000000e+01,2.500000000000000000e+01,2.500000000000000000e+01,2.500000000000000000e+01,2.500000000000000000e+01,2.500000000000000000e+01,2.500000000000000000e+01,2.500000000000000000e+01,2.500000000000000000e+01,2.500000000000000000e+01,2.500000000000002132e+01,2.500000000000033396e+01,2.500000000000455813e+01,2.500000000005552536e+01,2.500000000060530780e+01,2.500000000590477711e+01,2.500000005154362626e+01,2.500000040261633671e+01,2.500000281418657266e+01,2.500001760189544342e+01,2.500009851696965057e+01,2.500049340973047762e+01,2.500221130899628363e+01,2.500886821499246082e+01,2.503182497353494540e+01,2.510219860004940884e+01,2.529367494754221823e+01,2.575515118899724598e+01,2.673758467986171894e+01,2.857769327484296440e+01,3.159181921428474027e+01,3.586807255120105253e+01,4.103410884688570803e+01,4.616811486862624037e+01,5.000717292078771692e+01,5.143577631258156657e+01,5.000717292078771692e+01,4.616811486862624037e+01,4.103410884688570803e+01,3.586807255120105253e+01,3.159181921428474027e+01,2.857769327484296440e+01,2.673758467986171894e+01,2.575515118899724598e+01,2.529367494754221823e+01,2.510219860004940884e+01,2.503182497353494540e+01,2.500886821499246082e+01,2.500221130899628363e+01,2.500049340973047762e+01,2.500009851696965057e+01,2.500001760189544342e+01,2.500000281418657266e+01,2.500000040261633671e+01,2.500000005154362626e+01,2.500000000590477711e+01,2.500000000060530780e+01,2.500000000005552536e+01,2.500000000000455813e+01,2.500000000000033396e+01,2.500000000000002132e+01,2.500000000000000000e+01,2.500000000000000000e+01,2.500000000000000000e+01,2.500000000000000000e+01,2.500000000000000000e+01
2.500000000000000000e+01,2.500000000000000000e+01,2.500000000000000000e+01,2.500000000000000000e+01,2.500000000000000000e+01,2.500000000000000000e+01,2.500000000000000000e+01,2.500000000000000000e+01,2.500000000000000000e+01,2.500000000000000000e+01,2.500000000000000000e+01,2.500000000000000000e+01,2.500000000000000000e+01,2.500000000000000000e+01,2.500000000000000000e+01,2.500000000000000000e+01,2.500000000000000000e+01,2.500000000000000000e+01,2.500000000000000000e+01,2.500000000000000000e+01,2.500000000000000000e+01,2.500000000000000000e+01,2.500000000000000000e+01,2.500000000000000000e+01,2.500000000000000000e+01,2.500000000000000000e+01,2.500000000000000000e+01,2.500000000000000000e+01,2.500000000000000000e+01,2.500000000000000000e+01,2.500000000000000000e+01,2.500000000000000000e+01,2.500000000000000000e+01,2.500000000000000000e+01,2.500000000000000000e+01,2.500000000000000000e+01,2.500000000000000000e+01,2.500000000000000000e+01,2.500000000000000000e+01,2.500000000000000000e+01,2.500000000000000000e+01,2.500000000000000000e+01,2.500000000000000000e+01,2.500000000000000000e+01,2.500000000000002487e+01,2.500000000000035527e+01,2.500000000000486011e+01,2.500000000005920597e+01,2.500000000064541439e+01,2.500000000629601260e+01,2.500000005495877176e+01,2.500000042929266186e+01,2.500000300064733949e+01,2.500001876815176161e+01,2.500010504445066317e+01,2.500052610179010770e+01,2.500235782464260481e+01,2.500945580010767699e+01,2.503393361442346432e+01,2.510897001642079829e+01,2.531313309419680735e+01,2.580518556443468370e+01,2.685271257145913992e+01,2.881474202894899150e+01,3.202857620042043862e+01,3.658816308436986731e+01,4.209648765729994579e+01,4.757065971272034233e+01,5.166408387686930581e+01,5.318734285485263058e+01,5.166408387686930581e+01,4.757065971272034233e+01,4.209648765729994579e+01,3.658816308436986731e+01,3.202857620042043862e+01,2.881474202894899150e+01,2.685271257145913992e+01,2.580518556443468370e+01,2.531313309419680735e+01,2.510897001642079829e+01,2.503393361442346432e+01,2.500945580010767699e+01,2.500235782464260481e+01,2.500052610179010770e+01,2.500010504445066317e+01,2.500001876815176161e+01,2.500000300064733949e+01,2.500000042929266186e+01,2.500000005495877176e+01,2.500000000629601260e+01,2.500000000064541439e+01,2.500000000005920597e+01,2.500000000000486011e+01,2.500000000000035527e+01,2.500000000000002487e+01,2.500000000000000000e+01,2.500000000000000000e+01,2.500000000000000000e+01,2.500000000000000000e+01,2.500000000000000000e+01
2.500000000000000000e+01,2.500000000000000000e+01,2.500000000000000000e+01,2.500000000000000000e+01,2.500000000000000000e+01,2.500000000000000000e+01,2.500000000000000000e+01,2.500000000000000000e+01,2.500000000000000000e+01,2.500000000000000000e+01,2.500000000000000000e+01,2.500000000000000000e+01,2.500000000000000000e+01,2.500000000000000000e+01,2.500000000000000000e+01,2.500000000000000000e+01,2.500000000000000000e+01,2.500000000000000000e+01,2.500000000000000000e+01,2.500000000000000000e+01,2.500000000000000000e+01,2.500000000000000000e+01,2.500000000000000000e+01,2.500000000000000000e+01,2.500000000000000000e+01,2.500000000000000000e+01,2.500000000000000000e+01,2.500000000000000000e+01,2.500000000000000000e+01,2.500000000000000000e+01,2.500000000000000000e+01,2.500000000000000000e+01,2.500000000000000000e+01,2.500000000000000000e+01,2.500000000000000000e+01,2.500000000000000000e+01,2.500000000000000000e+01,2.500000000000000000e+01,2.500000000000000000e+01,2.500000000000000000e+01,2.500000000000000000e+01,2.500000000000000000e+01,2.500000000000000000e+01,2.500000000000000000e+01,2.500000000000002487e+01,2.500000000000038014e+01,2.500000000000517275e+01,2.500000000006300027e+01,2.500000000068677863e+01,2.500000000669951206e+01,2.500000005848097118e+01,2.500000045680518213e+01,2.500000319295292783e+01,2.500001997096570960e+01,2.500011177654299388e+01,2.500055981861954990e+01,2.500250893298860433e+01,2.501006180374702126e+01,2.503610835306033877e+01,2.511595369054445470e+01,2.533320117860231591e+01,2.585678832431101881e+01,2.697144927783811497e+01,2.905922134602197815e+01,3.247902383133080662e+01,3.733082567478824387e+01,4.319216794054965902e+01,4.901716892109605794e+01,5.337293259249000954e+01,5.499381424373316918e+01,5.337293259249000954e+01,4.901716892109605794e+01,4.319216794054965902e+01,3.733082567478824387e+01,3.247902383133080662e+01,2.905922134602197815e+01,2.697144927783811497e+01,2.585678832431101881e+01,2.533320117860231591e+01,2.511595369054445470e+01,2.503610835306033877e+01,2.501006180374702126e+01,2.500250893298860433e+01,2.500055981861954990e+01,2.500011177654299388e+01,2.500001997096570960e+01,2.500000319295292783e+01,2.500000045680518213e+01,2.500000005848097118e+01,2.500000000669951206e+01,2.500000000068677863e+01,2.500000000006300027e+01,2.500000000000517275e+01,2.500000000000038014e+01,2.500000000000002487e+01,2.500000000000000000e+01,2.500000000000000000e+01,2.500000000000000000e+01,2.500000000000000000e+01,2.500000000000000000e+01
2.500000000000000000e+01,2.500000000000000000e+01,2.500000000000000000e+01,2.500000000000000000e+01,2.500000000000000000e+01,2.500000000000000000e+01,2.500000000000000000e+01,2.500000000000000000e+01,2.500000000000000000e+01,2.500000000000000000e+01,2.500000000000000000e+01,2.500000000000000000e+01,2.500000000000000000e+01,2.500000000000000000e+01,2.500000000000000000e+01,2.500000000000000000e+01,2.500000000000000000e+01,2.500000000000000000e+01,2.500000000000000000e+01,2.500000000000000000e+01,2.500000000000000000e+01,2.500000000000000000e+01,2.500000000000000000e+01,2.500000000000000000e+01,2.500000000000000000e+01,2.500000000000000000e+01,2.500000000000000000e+01,2.500000000000000000e+01,2.500000000000000000e+01,2.500000000000000000e+01,2.500000000000000000e+01,2.500000000000000000e+01,2.500000000000000000e+01,2.500000000000000000e+01,2.500000000000000000e+01,2.500000000000000000e+01,2.500000000000000000e+01,2.500000000000000000e+01,2.500000000000000000e+01,2.500000000000000000e+01,2.500000000000000000e+01,2.500000000000000000e+01,2.500000000000000000e+01,2.500000000000000000e+01,2.500000000000002487e+01,2.500000000000040501e+01,2.500000000000549250e+01,2.500000000006690115e+01,2.500000000072930462e+01,2.500000000711436599e+01,2.500000006210229486e+01,2.500000048509195594e+01,2.500000339067032229e+01,2.500002120762889746e+01,2.500011869808790976e+01,2.500059448429819398e+01,2.500266429378170230e+01,2.501068486136443880e+01,2.503834429255908134e+01,2.512313389719303913e+01,2.535383401319932162e+01,2.590984327403931786e+01,2.709352743805547448e+01,2.931058072889222288e+01,3.294214782838935918e+01,3.809438805971036857e+01,4.431868253948614722e+01,5.050438537067776679e+01,5.512987123138843515e+01,5.685112282475397905e+01,5.512987123138843515e+01,5.050438537067776679e+01,4.431868253948614722e+01,3.809438805971036857e+01,3.294214782838935918e+01,2.931058072889222288e+01,2.709352743805547448e+01,2.590984327403931786e+01,2.535383401319932162e+01,2.512313389719303913e+01,2.503834429255908134e+01,2.501068486136443880e+01,2.500266429378170230e+01,2.500059448429819398e+01,2.500011869808790976e+01,2.500002120762889746e+01,2.500000339067032229e+01,2.500000048509195594e+01,2.500000006210229486e+01,2.500000000711436599e+01,2.500000000072930462e+01,2.500000000006690115e+01,2.500000000000549250e+01,2.500000000000040501e+01,2.500000000000002487e+01,2.500000000000000000e+01,2.500000000000000000e+01,2.500000000000000000e+01,2.500000000000000000e+01,2.500000000000000000e+01
2.500000000000000000e+01,2.500000000000000000e+01,2.500000000000000000e+01,2.500000000000000000e+01,2.500000000000000000e+01,2.500000000000000000e+01,2.500000000000000000e+01,2.500000000000000000e+01,2.500000000000000000e+01,2.500000000000000000e+01,2.500000000000000000e+01,2.500000000000000000e+01,2.500000000000000000e+01,2.500000000000000000e+01,2.500000000000000000e+01,2.500000000000000000e+01,2.500000000000000000e+01,2.500000000000000000e+01,2.500000000000000000e+01,2.500000000000000000e+01,2.500000000000000000e+01,2.500000000000000000e+01,2.500000000000000000e+01,2.500000000000000000e+01,2.500000000000000000e+01,2.500000000000000000e+01,2.500000000000000000e+01,2.500000000000000000e+01,2.500000000000000000e+01,2.500000000000000000e+01,2.500000000000000000e+01,2.500000000000000000e+01,2.500000000000000000e+01,2.500000000000000000e+01,2.500000000000000000e+01,2.500000000000000000e+01,2.500000000000000000e+01,2.500000000000000000e+01,2.500000000000000000e+01,2.500000000000000000e+01,2.500000000000000000e+01,2.500000000000000000e+01,2.500000000000000000e+01,2.500000000000000000e+01,2.500000000000002842e+01,2.500000000000042633e+01,2.500000000000581935e+01,2.500000000007089795e+01,2.500000000077289286e+01,2.500000000753954055e+01,2.500000006581367984e+01,2.500000051408225232e+01,2.500000359330518762e+01,2.500002247504937358e+01,2.500012579177988314e+01,2.500063001215352898e+01,2.500282351858264818e+01,2.501132341516641233e+01,2.504063584253455232e+01,2.513049268412743231e+01,2.537498001095162081e+01,2.596421776351764521e+01,2.721864182742470462e+01,2.956819171880265884e+01,3.341679027050231809e+01,3.887694114999905537e+01,4.547321489736673072e+01,5.202859066356558060e+01,5.693050702548636366e+01,5.875462488090327895e+01,5.693050702548636366e+01,5.202859066356558060e+01,4.547321489736673072e+01,3.887694114999905537e+01,3.341679027050231809e+01,2.956819171880265884e+01,2.721864182742470462e+01,2.596421776351764521e+01,2.537498001095162081e+01,2.513049268412743231e+01,2.504063584253455232e+01,2.501132341516641233e+01,2.500282351858264818e+01,2.500063001215352898e+01,2.500012579177988314e+01,2.500002247504937358e+01,2.500000359330518762e+01,2.500000051408225232e+01,2.500000006581367984e+01,2.500000000753954055e+01,2.500000000077289286e+01,2.500000000007089795e+01,2.500000000000581935e+01,2.500000000000042633e+01,2.500000000000002842e+01,2.500000000000000000e+01,2.500000000000000000e+01,2.500000000000000000e+01,2.500000000000000000e+01,2.500000000000000000e+01
2.500000000000000000e+01,2.500000000000000000e+01,2.500000000000000000e+01,2.500000000000000000e+01,2.500000000000000000e+01,2.500000000000000000e+01,2.500000000000000000e+01,2.500000000000000000e+01,2.500000000000000000e+01,2.500000000000000000e+01,2.500000000000000000e+01,2.500000000000000000e+01,2.500000000000000000e+01,2.500000000000000000e+01,2.500000000000000000e+01,2.500000000000000000e+01,2.500000000000000000e+01,2.500000000000000000e+01,2.500000000000000000e+01,2.500000000000000000e+01,2.500000000000000000e+01,2.500000000000000000e+01,2.500000000000000000e+01,2.500000000000000000e+01,2.500000000000000000e+01,2.500000000000000000e+01,2.500000000000000000e+01,2.500000000000000000e+01,2.500000000000000000e+01,2.500000000000000000e+01,2.500000000000000000e+01,2.500000000000000000e+01,2.500000000000000000e+01,2.500000000000000000e+01,2.500000000000000000e+01,2.500000000000000000e+01,2.500000000000000000e+01,2.500000000000000000e+01,2.500000000000000000e+01,2.500000000000000000e+01,2.500000000000000000e+01,2.500000000000000000e+01,2.500000000000000000e+01,2.500000000000000000e+01,2.500000000000002842e+01,2.500000000000045119e+01,2.500000000000615330e+01,2.500000000007498357e+01,2.500000000081741547e+01,2.500000000797386335e+01,2.500000006960496179e+01,2.500000054369662905e+01,2.500000380030220271e+01,2.500002376975380258e+01,2.500013303817884847e+01,2.500066630482242047e+01,2.500298617104015619e+01,2.501197571521342056e+01,2.504297672305567346e+01,2.513800988478994825e+01,2.539658122182105515e+01,2.601976278091988348e+01,2.734644957332647053e+01,2.983134833976341582e+01,3.390165041282166669e+01,3.967634037995565421e+01,4.665260104931365959e+01,5.358560775614495242e+01,5.876990538081483351e+01,6.069910391598734378e+01,5.876990538081483351e+01,5.358560775614495242e+01,4.665260104931365959e+01,3.967634037995565421e+01,3.390165041282166669e+01,2.983134833976341582e+01,2.734644957332647053e+01,2.601976278091988348e+01,2.539658122182105515e+01,2.513800988478994825e+01,2.504297672305567346e+01,2.501197571521342056e+01,2.500298617104015619e+01,2.500066630482242047e+01,2.500013303817884847e+01,2.500002376975380258e+01,2.500000380030220271e+01,2.500000054369662905e+01,2.500000006960496179e+01,2.500000000797386335e+01,2.500000000081741547e+01,2.500000000007498357e+01,2.500000000000615330e+01,2.500000000000045119e+01,2.500000000000002842e+01,2.500000000000000000e+01,2.500000000000000000e+01,2.500000000000000000e+01,2.500000000000000000e+01,2.500000000000000000e+01
2.500000000000000000e+01,2.500000000000000000e+01,2.500000000000000000e+01,2.500000000000000000e+01,2.500000000000000000e+01,2.500000000000000000e+01,2.500000000000000000e+01,2.500000000000000000e+01,2.500000000000000000e+01,2.500000000000000000e+01,2.500000000000000000e+01,2.500000000000000000e+01,2.500000000000000000e+01,2.500000000000000000e+01,2.500000000000000000e+01,2.500000000000000000e+01,2.500000000000000000e+01,2.500000000000000000e+01,2.500000000000000000e+01,2.500000000000000000e+01,2.500000000000000000e+01,2.500000000000000000e+01,2.500000000000000000e+01,2.500000000000000000e+01,2.500000000000000000e+01,2.500000000000000000e+01,2.500000000000000000e+01,2.500000000000000000e+01,2.500000000000000000e+01,2.500000000000000000e+01,2.500000000000000000e+01,2.500000000000000000e+01,2.500000000000000000e+01,2.500000000000000000e+01,2.500000000000000000e+01,2.500000000000000000e+01,2.500000000000000000e+01,2.500000000000000000e+01,2.500000000000000000e+01,2.500000000000000000e+01,2.500000000000000000e+01,2.500000000000000000e+01,2.500000000000000000e+01,2.500000000000000355e+01,2.500000000000003197e+01,2.500000000000047606e+01,2.500000000000649791e+01,2.500000000007914025e+01,2.500000000086274454e+01,2.500000000841605186e+01,2.500000007346487152e+01,2.500000057384705698e+01,2.500000401104608727e+01,2.500002508789378908e+01,2.500014041574550916e+01,2.500070325442806052e+01,2.500315176768389946e+01,2.501263982260014984e+01,2.504535997605810138e+01,2.514566315495352811e+01,2.541857343808163705e+01,2.607631322349883618e+01,2.747657077831996375e+01,3.009926838154044759e+01,3.439528705062296865e+01,4.049020960469557195e+01,4.785333537227030121e+01,5.517080855013763596e+01,6.064259884528097189e+01,6.267878013470567566e+01,6.064259884528097189e+01,5.517080855013763596e+01,4.785333537227030121e+01,4.049020960469557195e+01,3.439528705062296865e+01,3.009926838154044759e+01,2.747657077831996375e+01,2.607631322349883618e+01,2.541857343808163705e+01,2.514566315495352811e+01,2.504535997605810138e+01,2.501263982260014984e+01,2.500315176768389946e+01,2.500070325442806052e+01,2.500014041574550916e+01,2.500002508789378908e+01,2.500000401104608727e+01,2.500000057384705698e+01,2.500000007346487152e+01,2.500000000841605186e+01,2.500000000086274454e+01,2.500000000007914025e+01,2.500000000000649791e+01,2.500000000000047606e+01,2.500000000000003197e+01,2.500000000000000355e+01,2.500000000000000000e+01,2.500000000000000000e+01,2.500000000000000000e+01,2.500000000000000000e+01
2.500000000000000000e+01,2.500000000000000000e+01,2.500000000000000000e+01,2.500000000000000000e+01,2.500000000000000000e+01,2.500000000000000000e+01,2.500000000000000000e+01,2.500000000000000000e+01,2.500000000000000000e+01,2.500000000000000000e+01,2.500000000000000000e+01,2.500000000000000000e+01,2.500000000000000000e+01,2.500000000000000000e+01,2.500000000000000000e+01,2.500000000000000000e+01,2.500000000000000000e+01,2.500000000000000000e+01,2.500000000000000000e+01,2.500000000000000000e+01,2.500000000000000000e+01,2.500000000000000000e+01,2.500000000000000000e+01,2.500000000000000000e+01,2.500000000000000000e+01,2.500000000000000000e+01,2.500000000000000000e+01,2.500000000000000000e+01,2.500000000000000000e+01,2.500000000000000000e+01,2.500000000000000000e+01,2.500000000000000000e+01,2.500000000000000000e+01,2.500000000000000000e+01,2.500000000000000000e+01,2.500000000000000000e+01,2.500000000000000000e+01,2.500000000000000000e+01,2.500000000000000000e+01,2.500000000000000000e+01,2.500000000000000000e+01,2.500000000000000000e+01,2.500000000000000000e+01,2.500000000000000355e+01,2.500000000000003197e+01,2.500000000000050093e+01,2.500000000000684253e+01,2.500000000008336087e+01,2.500000000090873442e+01,2.500000000886468499e+01,2.500000007738107044e+01,2.500000060443717587e+01,2.500000422486329654e+01,2.500002642525647545e+01,2.500014790090071060e+01,2.500074074287723747e+01,2.500331977925684868e+01,2.501331361479862991e+01,2.504777798451898718e+01,2.515342803429706819e+01,2.544088637126059993e+01,2.613368835256968481e+01,2.760858956704885259e+01,3.037109555523873539e+01,3.489612249091872798e+01,4.131594764823162080e+01,4.907158024565480048e+01,5.677912664652671992e+01,6.254260217565043689e+01,6.468732637037612676e+01,6.254260217565043689e+01,5.677912664652671992e+01,4.907158024565480048e+01,4.131594764823162080e+01,3.489612249091872798e+01,3.037109555523873539e+01,2.760858956704885259e+01,2.613368835256968481e+01,2.544088637126059993e+01,2.515342803429706819e+01,2.504777798451898718e+01,2.501331361479862991e+01,2.500331977925684868e+01,2.500074074287723747e+01,2.500014790090071060e+01,2.500002642525647545e+01,2.500000422486329654e+01,2.500000060443717587e+01,2.500000007738107044e+01,2.500000000886468499e+01,2.500000000090873442e+01,2.500000000008336087e+01,2.500000000000684253e+01,2.500000000000050093e+01,2.500000000000003197e+01,2.500000000000000355e+01,2.500000000000000000e+01,2.500000000000000000e+01,2.500000000000000000e+01,2.500000000000000000e+01
2.500000000000000000e+01,2.500000000000000000e+01,2.500000000000000000e+01,2.500000000000000000e+01,2.500000000000000000e+01,2.500000000000000000e+01,2.500000000000000000e+01,2.500000000000000000e+01,2.500000000000000000e+01,2.500000000000000000e+01,2.500000000000000000e+01,2.500000000000000000e+01,2.500000000000000000e+01,2.500000000000000000e+01,2.500000000000000000e+01,2.500000000000000000e+01,2.500000000000000000e+01,2.500000000000000000e+01,2.500000000000000000e+01,2.500000000000000000e+01,2.500000000000000000e+01,2.500000000000000000e+01,2.500000000000000000e+01,2.500000000000000000e+01,2.500000000000000000e+01,2.500000000000000000e+01,2.500000000000000000e+01,2.500000000000000000e+01,2.500000000000000000e+01,2.500000000000000000e+01,2.500000000000000000e+01,2.500000000000000000e+01,2.500000000000000000e+01,2.500000000000000000e+01,2.500000000000000000e+01,2.500000000000000000e+01,2.500000000000000000e+01,2.500000000000000000e+01,2.500000000000000000e+01,2.500000000000000000e+01,2.500000000000000000e+01,2.500000000000000000e+01,2.500000000000000000e+01,2.500000000000000355e+01,2.500000000000003553e+01,2.500000000000052935e+01,2.500000000000719425e+01,2.500000000008762413e+01,2.500000000095522878e+01,2.500000000931823863e+01,2.500000008134020035e+01,2.500000063536262829e+01,2.500000444102440156e+01,2.500002777727955916e+01,2.500015546810945466e+01,2.500077864228117619e+01,2.500348963260124435e+01,2.501399479322182628e+01,2.505022249960000380e+01,2.516127803356903669e+01,2.546344390260924584e+01,2.619169243756683585e+01,2.774205556820059826e+01,3.064590254466200392e+01,3.540244817451984005e+01,4.215073757268658028e+01,5.030317972660557047e+01,5.840507539951710214e+01,6.446343366578153677e+01,6.671789063160285593e+01,6.446343366578153677e+01,5.840507539951710214e+01,5.030317972660557047e+01,4.215073757268658028e+01,3.540244817451984005e+01,3.064590254466200392e+01,2.774205556820059826e+01,2.619169243756683585e+01,2.546344390260924584e+01,2.516127803356903669e+01,2.505022249960000380e+01,2.501399479322182628e+01,2.500348963260124435e+01,2.500077864228117619e+01,2.500015546810945466e+01,2.500002777727955916e+01,2.500000444102440156e+01,2.500000063536262829e+01,2.500000008134020035e+01,2.500000000931823863e+01,2.500000000095522878e+01,2.500000000008762413e+01,2.500000000000719425e+01,2.500000000000052935e+01,2.500000000000003553e+01,2.500000000000000355e+01,2.500000000000000000e+01,2.500000000000000000e+01,2.500000000000000000e+01,2.500000000000000000e+01
2.500000000000000000e+01,2.500000000000000000e+01,2.500000000000000000e+01,2.500000000000000000e+01,2.500000000000000000e+01,2.500000000000000000e+01,2.500000000000000000e+01,2.500000000000000000e+01,2.500000000000000000e+01,2.500000000000000000e+01,2.500000000000000000e+01,2.500000000000000000e+01,2.500000000000000000e+01,2.500000000000000000e+01,2.500000000000000000e+01,2.500000000000000000e+01,2.500000000000000000e+01,2.500000000000000000e+01,2.500000000000000000e+01,2.500000000000000000e+01,2.500000000000000000e+01,2.500000000000000000e+01,2.500000000000000000e+01,2.500000000000000000e+01,2.500000000000000000e+01,2.500000000000000000e+01,2.500000000000000000e+01,2.500000000000000000e+01,2.500000000000000000e+01,2.500000000000000000e+01,2.500000000000000000e+01,2.500000000000000000e+01,2.500000000000000000e+01,2.500000000000000000e+01,2.500000000000000000e+01,2.500000000000000000e+01,2.500000000000000000e+01,2.500000000000000000e+01,2.500000000000000000e+01,2.500000000000000000e+01,2.500000000000000000e+01,2.500000000000000000e+01,2.500000000000000000e+01,2.500000000000000355e+01,2.500000000000003553e+01,2.500000000000055422e+01,2.500000000000754596e+01,2.500000000009191936e+01,2.500000000100206066e+01,2.500000000977506787e+01,2.500000008532793316e+01,2.500000066651151442e+01,2.500000465874723332e+01,2.500002913907076518e+01,2.500016308998991477e+01,2.500081681550144452e+01,2.500366071310531169e+01,2.501468089303584108e+01,2.505268467586003922e+01,2.516918474766493929e+01,2.548616440803909100e+01,2.625011559157965735e+01,2.787648583705401961e+01,3.092269496484522406e+01,3.591243196954268768e+01,4.299155870325311923e+01,5.154367729089310046e+01,6.004277133795959998e+01,6.639814281576838084e+01,6.876312535209541466e+01,6.639814281576838084e+01,6.004277133795959998e+01,5.154367729089310046e+01,4.299155870325311923e+01,3.591243196954268768e+01,3.092269496484522406e+01,2.787648583705401961e+01,2.625011559157965735e+01,2.548616440803909100e+01,2.516918474766493929e+01,2.505268467586003922e+01,2.501468089303584108e+01,2.500366071310531169e+01,2.500081681550144452e+01,2.500016308998991477e+01,2.500002913907076518e+01,2.500000465874723332e+01,2.500000066651151442e+01,2.500000008532793316e+01,2.500000000977506787e+01,2.500000000100206066e+01,2.500000000009191936e+01,2.500000000000754596e+01,2.500000000000055422e+01,2.500000000000003553e+01,2.500000000000000355e+01,2.500000000000000000e+01,2.500000000000000000e+01,2.500000000000000000e+01,2.500000000000000000e+01
2.500000000000000000e+01,2.500000000000000000e+01,2.500000000000000000e+01,2.500000000000000000e+01,2.500000000000000000e+01,2.500000000000000000e+01,2.500000000000000000e+01,2.500000000000000000e+01,2.500000000000000000e+01,2.500000000000000000e+01,2.500000000000000000e+01,2.500000000000000000e+01,2.500000000000000000e+01,2.500000000000000000e+01,2.500000000000000000e+01,2.500000000000000000e+01,2.500000000000000000e+01,2.500000000000000000e+01,2.500000000000000000e+01,2.500000000000000000e+01,2.500000000000000000e+01,2.500000000000000000e+01,2.500000000000000000e+01,2.500000000000000000e+01,2.500000000000000000e+01,2.500000000000000000e+01,2.500000000000000000e+01,2.500000000000000000e+01,2.500000000000000000e+01,2.500000000000000000e+01,2.500000000000000000e+01,2.500000000000000000e+01,2.500000000000000000e+01,2.500000000000000000e+01,2.500000000000000000e+01,2.500000000000000000e+01,2.500000000000000000e+01,2.500000000000000000e+01,2.500000000000000000e+01,2.500000000000000000e+01,2.500000000000000000e+01,2.500000000000000000e+01,2.500000000000000000e+01,2.500000000000000355e+01,2.500000000000003908e+01,2.500000000000057909e+01,2.500000000000789768e+01,2.500000000009623236e+01,2.500000000104904885e+01,2.500000001023343188e+01,2.500000008932904549e+01,2.500000069776492495e+01,2.500000487720068776e+01,2.500003050543177707e+01,2.500017073744736962e+01,2.500085511682085482e+01,2.500383236770989370e+01,2.501536929521774155e+01,2.505515511452656341e+01,2.517711799458341204e+01,2.550896115742211734e+01,2.630873479810693993e+01,2.801136721801655227e+01,3.120041622652761504e+01,3.642412713409078862e+01,4.383520140515797436e+01,5.278833763397559409e+01,6.168596294694706472e+01,6.833934433337915948e+01,7.081522333453247597e+01,6.833934433337915948e+01,6.168596294694706472e+01,5.278833763397559409e+01,4.383520140515797436e+01,3.642412713409078862e+01,3.120041622652761504e+01,2.801136721801655227e+01,2.630873479810693993e+01,2.550896115742211734e+01,2.517711799458341204e+01,2.505515511452656341e+01,2.501536929521774155e+01,2.500383236770989370e+01,2.500085511682085482e+01,2.500017073744736962e+01,2.500003050543177707e+01,2.500000487720068776e+01,2.500000069776492495e+01,2.500000008932904549e+01,2.500000001023343188e+01,2.500000000104904885e+01,2.500000000009623236e+01,2.500000000000789768e+01,2.500000000000057909e+01,2.500000000000003908e+01,2.500000000000000355e+01,2.500000000000000000e+01,2.500000000000000000e+01,2.500000000000000000e+01,2.500000000000000000e+01
2.500000000000000000e+01,2.500000000000000000e+01,2.500000000000000000e+01,2.500000000000000000e+01,2.500000000000000000e+01,2.500000000000000000e+01,2.500000000000000000e+01,2.500000000000000000e+01,2.500000000000000000e+01,2.500000000000000000e+01,2.500000000000000000e+01,2.500000000000000000e+01,2.500000000000000000e+01,2.500000000000000000e+01,2.500000000000000000e+01,2.500000000000000000e+01,2.500000000000000000e+01,2.500000000000000000e+01,2.500000000000000000e+01,2.500000000000000000e+01,2.500000000000000000e+01,2.500000000000000000e+01,2.500000000000000000e+01,2.500000000000000000e+01,2.500000000000000000e+01,2.500000000000000000e+01,2.500000000000000000e+01,2.500000000000000000e+01,2.500000000000000000e+01,2.500000000000000000e+01,2.500000000000000000e+01,2.500000000000000000e+01,2.500000000000000000e+01,2.500000000000000000e+01,2.500000000000000000e+01,2.500000000000000000e+01,2.500000000000000000e+01,2.500000000000000000e+01,2.500000000000000000e+01,2.500000000000000000e+01,2.500000000000000000e+01,2.500000000000000000e+01,2.500000000000000000e+01,2.500000000000000355e+01,2.500000000000003908e+01,2.500000000000060751e+01,2.500000000000825295e+01,2.500000000010053824e+01,2.500000000109600506e+01,2.500000001069149036e+01,2.500000009332750750e+01,2.500000072899760539e+01,2.500000509550925187e+01,2.500003187088656631e+01,2.500017837983271818e+01,2.500089339273725741e+01,2.500400390846608900e+01,2.501605724082302018e+01,2.505762391469661665e+01,2.518504597984643567e+01,2.553174278706389089e+01,2.636731512596689342e+01,2.814615914010290609e+01,3.147795329205346704e+01,3.693548292137242584e+01,4.467828456854481090e+01,5.403217246715652777e+01,6.332806472371567708e+01,7.027925836634994994e+01,7.286596028123560131e+01,7.027925836634994994e+01,6.332806472371567708e+01,5.403217246715652777e+01,4.467828456854481090e+01,3.693548292137242584e+01,3.147795329205346704e+01,2.814615914010290609e+01,2.636731512596689342e+01,2.553174278706389089e+01,2.518504597984643567e+01,2.505762391469661665e+01,2.501605724082302018e+01,2.500400390846608900e+01,2.500089339273725741e+01,2.500017837983271818e+01,2.500003187088656631e+01,2.500000509550925187e+01,2.500000072899760539e+01,2.500000009332750750e+01,2.500000001069149036e+01,2.500000000109600506e+01,2.500000000010053824e+01,2.500000000000825295e+01,2.500000000000060751e+01,2.500000000000003908e+01,2.500000000000000355e+01,2.500000000000000000e+01,2.500000000000000000e+01,2.500000000000000000e+01,2.500000000000000000e+01
2.500000000000000000e+01,2.500000000000000000e+01,2.500000000000000000e+01,2.500000000000000000e+01,2.500000000000000000e+01,2.500000000000000000e+01,2.500000000000000000e+01,2.500000000000000000e+01,2.500000000000000000e+01,2.500000000000000000e+01,2.500000000000000000e+01,2.500000000000000000e+01,2.500000000000000000e+01,2.500000000000000000e+01,2.500000000000000000e+01,2.500000000000000000e+01,2.500000000000000000e+01,2.500000000000000000e+01,2.500000000000000000e+01,2.500000000000000000e+01,2.500000000000000000e+01,2.500000000000000000e+01,2.500000000000000000e+01,2.500000000000000000e+01,2.500000000000000000e+01,2.500000000000000000e+01,2.500000000000000000e+01,2.500000000000000000e+01,2.500000000000000000e+01,2.500000000000000000e+01,2.500000000000000000e+01,2.500000000000000000e+01,2.500000000000000000e+01,2.500000000000000000e+01,2.500000000000000000e+01,2.500000000000000000e+01,2.500000000000000000e+01,2.500000000000000000e+01,2.500000000000000000e+01,2.500000000000000000e+01,2.500000000000000000e+01,2.500000000000000000e+01,2.500000000000000000e+01,2.500000000000000355e+01,2.500000000000004263e+01,2.500000000000063238e+01,2.500000000000860467e+01,2.500000000010482282e+01,2.500000000114273035e+01,2.500000001114732839e+01,2.500000009730656103e+01,2.500000076007869509e+01,2.500000531275822624e+01,2.500003322971393516e+01,2.500018598512473034e+01,2.500093148287640332e+01,2.500417461662637919e+01,2.501674184739268725e+01,2.506008073221626020e+01,2.519293548557717344e+01,2.555441384303225760e+01,2.642561112640415999e+01,2.828029683164453800e+01,3.175414329447087880e+01,3.744435677524081996e+01,4.551727571552079610e+01,5.526997018232722780e+01,6.496219634082424932e+01,7.220975676821416300e+01,7.490674370306153662e+01,7.220975676821416300e+01,6.496219634082424932e+01,5.526997018232722780e+01,4.551727571552079610e+01,3.744435677524081996e+01,3.175414329447087880e+01,2.828029683164453800e+01,2.642561112640415999e+01,2.555441384303225760e+01,2.519293548557717344e+01,2.506008073221626020e+01,2.501674184739268725e+01,2.500417461662637919e+01,2.500093148287640332e+01,2.500018598512473034e+01,2.500003322971393516e+01,2.500000531275822624e+01,2.500000076007869509e+01,2.500000009730656103e+01,2.500000001114732839e+01,2.500000000114273035e+01,2.500000000010482282e+01,2.500000000000860467e+01,2.500000000000063238e+01,2.500000000000004263e+01,2.500000000000000355e+01,2.500000000000000000e+01,2.500000000000000000e+01,2.500000000000000000e+01,2.500000000000000000e+01
2.500000000000000000e+01,2.500000000000000000e+01,2.500000000000000000e+01,2.500000000000000000e+01,2.500000000000000000e+01,2.500000000000000000e+01,2.500000000000000000e+01,2.500000000000000000e+01,2.500000000000000000e+01,2.500000000000000000e+01,2.500000000000000000e+01,2.500000000000000000e+01,2.500000000000000000e+01,2.500000000000000000e+01,2.500000000000000000e+01,2.500000000000000000e+01,2.500000000000000000e+01,2.500000000000000000e+01,2.500000000000000000e+01,2.500000000000000000e+01,2.500000000000000000e+01,2.500000000000000000e+01,2.500000000000000000e+01,2.500000000000000000e+01,2.500000000000000000e+01,2.500000000000000000e+01,2.500000000000000000e+01,2.500000000000000000e+01,2.500000000000000000e+01,2.500000000000000000e+01,2.500000000000000000e+01,2.500000000000000000e+01,2.500000000000000000e+01,2.500000000000000000e+01,2.500000000000000000e+01,2.500000000000000000e+01,2.500000000000000000e+01,2.500000000000000000e+01,2.500000000000000000e+01,2.500000000000000000e+01,2.500000000000000000e+01,2.500000000000000000e+01,2.500000000000000000e+01,2.500000000000000355e+01,2.500000000000004263e+01,2.500000000000065725e+01,2.500000000000895284e+01,2.500000000010907186e+01,2.500000000118902932e+01,2.500000001159894936e+01,2.500000010124884398e+01,2.500000079087255855e+01,2.500000552799956566e+01,2.500003457598414869e+01,2.500019352013493190e+01,2.500096922101803543e+01,2.500434374724326503e+01,2.501742012739555676e+01,2.506251484586359979e+01,2.520075208303155989e+01,2.557687539188190939e+01,2.648336840349739063e+01,2.841319493375967653e+01,3.202778097767982501e+01,3.794852803849935441e+01,4.634851360133089315e+01,5.649632919639742568e+01,6.658122666723090788e+01,7.412241510305992165e+01,7.692866789507390024e+01,7.412241510305992165e+01,6.658122666723090788e+01,5.649632919639742568e+01,4.634851360133089315e+01,3.794852803849935441e+01,3.202778097767982501e+01,2.841319493375967653e+01,2.648336840349739063e+01,2.557687539188190939e+01,2.520075208303155989e+01,2.506251484586359979e+01,2.501742012739555676e+01,2.500434374724326503e+01,2.500096922101803543e+01,2.500019352013493190e+01,2.500003457598414869e+01,2.500000552799956566e+01,2.500000079087255855e+01,2.500000010124884398e+01,2.500000001159894936e+01,2.500000000118902932e+01,2.500000000010907186e+01,2.500000000000895284e+01,2.500000000000065725e+01,2.500000000000004263e+01,2.500000000000000355e+01,2.500000000000000000e+01,2.500000000000000000e+01,2.500000000000000000e+01,2.500000000000000000e+01
2.500000000000000000e+01,2.500000000000000000e+01,2.500000000000000000e+01,2.500000000000000000e+01,2.500000000000000000e+01,2.500000000000000000e+01,2.500000000000000000e+01,2.500000000000000000e+01,2.500000000000000000e+01,2.500000000000000000e+01,2.500000000000000000e+01,2.500000000000000000e+01,2.500000000000000000e+01,2.500000000000000000e+01,2.500000000000000000e+01,2.500000000000000000e+01,2.500000000000000000e+01,2.500000000000000000e+01,2.500000000000000000e+01,2.500000000000000000e+01,2.500000000000000000e+01,2.500000000000000000e+01,2.500000000000000000e+01,2.500000000000000000e+01,2.500000000000000000e+01,2.500000000000000000e+01,2.500000000000000000e+01,2.500000000000000000e+01,2.500000000000000000e+01,2.500000000000000000e+01,2.500000000000000000e+01,2.500000000000000000e+01,2.500000000000000000e+01,2.500000000000000000e+01,2.500000000000000000e+01,2.500000000000000000e+01,2.500000000000000000e+01,2.500000000000000000e+01,2.500000000000000000e+01,2.500000000000000000e+01,2.500000000000000000e+01,2.500000000000000000e+01,2.500000000000000000e+01,2.500000000000000355e+01,2.500000000000004619e+01,2.500000000000068212e+01,2.500000000000929745e+01,2.500000000011326051e+01,2.500000000123468524e+01,2.500000001204431399e+01,2.500000010513650039e+01,2.500000082123971978e+01,2.500000574025833799e+01,2.500003590359928296e+01,2.500020095073355009e+01,2.500100643622749175e+01,2.500451053424074033e+01,2.501808900856686790e+01,2.506491523033702862e+01,2.520846036698332426e+01,2.559902569417646134e+01,2.654032534604344917e+01,2.854425148537712431e+01,3.229762690161095406e+01,3.844571307075834454e+01,4.716823313949002738e+01,5.770569472435483505e+01,6.817782231582108921e+01,7.600856999765792921e+01,7.892257456506878555e+01,7.600856999765792921e+01,6.817782231582108921e+01,5.770569472435483505e+01,4.716823313949002738e+01,3.844571307075834454e+01,3.229762690161095406e+01,2.854425148537712431e+01,2.654032534604344917e+01,2.559902569417646134e+01,2.520846036698332426e+01,2.506491523033702862e+01,2.501808900856686790e+01,2.500451053424074033e+01,2.500100643622749175e+01,2.500020095073355009e+01,2.500003590359928296e+01,2.500000574025833799e+01,2.500000082123971978e+01,2.500000010513650039e+01,2.500000001204431399e+01,2.500000000123468524e+01,2.500000000011326051e+01,2.500000000000929745e+01,2.500000000000068212e+01,2.500000000000004619e+01,2.500000000000000355e+01,2.500000000000000000e+01,2.500000000000000000e+01,2.500000000000000000e+01,2.500000000000000000e+01
2.500000000000000000e+01,2.500000000000000000e+01,2.500000000000000000e+01,2.500000000000000000e+01,2.500000000000000000e+01,2.500000000000000000e+01,2.500000000000000000e+01,2.500000000000000000e+01,2.500000000000000000e+01,2.500000000000000000e+01,2.500000000000000000e+01,2.500000000000000000e+01,2.500000000000000000e+01,2.500000000000000000e+01,2.500000000000000000e+01,2.500000000000000000e+01,2.500000000000000000e+01,2.500000000000000000e+01,2.500000000000000000e+01,2.500000000000000000e+01,2.500000000000000000e+01,2.500000000000000000e+01,2.500000000000000000e+01,2.500000000000000000e+01,2.500000000000000000e+01,2.500000000000000000e+01,2.500000000000000000e+01,2.500000000000000000e+01,2.500000000000000000e+01,2.500000000000000000e+01,2.500000000000000000e+01,2.500000000000000000e+01,2.500000000000000000e+01,2.500000000000000000e+01,2.500000000000000000e+01,2.500000000000000000e+01,2.500000000000000000e+01,2.500000000000000000e+01,2.500000000000000000e+01,2.500000000000000000e+01,2.500000000000000000e+01,2.500000000000000000e+01,2.500000000000000000e+01,2.500000000000000355e+01,2.500000000000004619e+01,2.500000000000070699e+01,2.500000000000963496e+01,2.500000000011736745e+01,2.500000000127948496e+01,2.500000001248133685e+01,2.500000010895130487e+01,2.500000085103784286e+01,2.500000594853971592e+01,2.500003720633702642e+01,2.500020824209458681e+01,2.500104295408321775e+01,2.500467419591561224e+01,2.501874535597071159e+01,2.506727063542980716e+01,2.521602420997496452e+01,2.562076093509672248e+01,2.659621500623217827e+01,2.867285224602158777e+01,3.256241634285647990e+01,3.893358164764707396e+01,4.797259243951266683e+01,5.889239866912584631e+01,6.974450030571412640e+01,7.785938135462541254e+01,8.087911860083650595e+01,7.785938135462541254e+01,6.974450030571412640e+01,5.889239866912584631e+01,4.797259243951266683e+01,3.893358164764707396e+01,3.256241634285647990e+01,2.867285224602158777e+01,2.659621500623217827e+01,2.562076093509672248e+01,2.521602420997496452e+01,2.506727063542980716e+01,2.501874535597071159e+01,2.500467419591561224e+01,2.500104295408321775e+01,2.500020824209458681e+01,2.500003720633702642e+01,2.500000594853971592e+01,2.500000085103784286e+01,2.500000010895130487e+01,2.500000001248133685e+01,2.500000000127948496e+01,2.500000000011736745e+01,2.500000000000963496e+01,2.500000000000070699e+01,2.500000000000004619e+01,2.500000000000000355e+01,2.500000000000000000e+01,2.500000000000000000e+01,2.500000000000000000e+01,2.500000000000000000e+01
2.500000000000000000e+01,2.500000000000000000e+01,2.500000000000000000e+01,2.500000000000000000e+01,2.500000000000000000e+01,2.500000000000000000e+01,2.500000000000000000e+01,2.500000000000000000e+01,2.500000000000000000e+01,2.500000000000000000e+01,2.500000000000000000e+01,2.500000000000000000e+01,2.500000000000000000e+01,2.500000000000000000e+01,2.500000000000000000e+01,2.500000000000000000e+01,2.500000000000000000e+01,2.500000000000000000e+01,2.500000000000000000e+01,2.500000000000000000e+01,2.500000000000000000e+01,2.500000000000000000e+01,2.500000000000000000e+01,2.500000000000000000e+01,2.500000000000000000e+01,2.500000000000000000e+01,2.500000000000000000e+01,2.500000000000000000e+01,2.500000000000000000e+01,2.500000000000000000e+01,2.500000000000000000e+01,2.500000000000000000e+01,2.500000000000000000e+01,2.500000000000000000e+01,2.500000000000000000e+01,2.500000000000000000e+01,2.500000000000000000e+01,2.500000000000000000e+01,2.500000000000000000e+01,2.500000000000000000e+01,2.500000000000000000e+01,2.500000000000000000e+01,2.500000000000000000e+01,2.500000000000000355e+01,2.500000000000004974e+01,2.500000000000073186e+01,2.500000000000996181e+01,2.500000000012137846e+01,2.500000000132321176e+01,2.500000001290789697e+01,2.500000011267481526e+01,2.500000088012283683e+01,2.500000615183647668e+01,2.500003847789747624e+01,2.500021535895780644e+01,2.500107859798879062e+01,2.500483394081765098e+01,2.501938599558172882e+01,2.506956967065655562e+01,2.522340703407628837e+01,2.564197600535817045e+01,2.665076710768539670e+01,2.879837531626298386e+01,3.282086880819245778e+01,3.940977448926392412e+01,4.875770170644150880e+01,6.005070225822403529e+01,7.127368435085890042e+01,7.966589884954527179e+01,8.278883836611099412e+01,7.966589884954527179e+01,7.127368435085890042e+01,6.005070225822403529e+01,4.875770170644150880e+01,3.940977448926392412e+01,3.282086880819245778e+01,2.879837531626298386e+01,2.665076710768539670e+01,2.564197600535817045e+01,2.522340703407628837e+01,2.506956967065655562e+01,2.501938599558172882e+01,2.500483394081765098e+01,2.500107859798879062e+01,2.500021535895780644e+01,2.500003847789747624e+01,2.500000615183647668e+01,2.500000088012283683e+01,2.500000011267481526e+01,2.500000001290789697e+01,2.500000000132321176e+01,2.500000000012137846e+01,2.500000000000996181e+01,2.500000000000073186e+01,2.500000000000004974e+01,2.500000000000000355e+01,2.500000000000000000e+01,2.500000000000000000e+01,2.500000000000000000e+01,2.500000000000000000e+01
2.500000000000000000e+01,2.500000000000000000e+01,2.500000000000000000e+01,2.500000000000000000e+01,2.500000000000000000e+01,2.500000000000000000e+01,2.500000000000000000e+01,2.500000000000000000e+01,2.500000000000000000e+01,2.500000000000000000e+01,2.500000000000000000e+01,2.500000000000000000e+01,2.500000000000000000e+01,2.500000000000000000e+01,2.500000000000000000e+01,2.500000000000000000e+01,2.500000000000000000e+01,2.500000000000000000e+01,2.500000000000000000e+01,2.500000000000000000e+01,2.500000000000000000e+01,2.500000000000000000e+01,2.500000000000000000e+01,2.500000000000000000e+01,2.500000000000000000e+01,2.500000000000000000e+01,2.500000000000000000e+01,2.500000000000000000e+01,2.500000000000000000e+01,2.500000000000000000e+01,2.500000000000000000e+01,2.500000000000000000e+01,2.500000000000000000e+01,2.500000000000000000e+01,2.500000000000000000e+01,2.500000000000000000e+01,2.500000000000000000e+01,2.500000000000000000e+01,2.500000000000000000e+01,2.500000000000000000e+01,2.500000000000000000e+01,2.500000000000000000e+01,2.500000000000000000e+01,2.500000000000000355e+01,2.500000000000004974e+01,2.500000000000075673e+01,2.500000000001028155e+01,2.500000000012527224e+01,2.500000000136564893e+01,2.500000001332187693e+01,2.500000011628849705e+01,2.500000090834995348e+01,2.500000634913688202e+01,2.500003971195250330e+01,2.500022226590496999e+01,2.500111319055643833e+01,2.500498897394999531e+01,2.502000773915121457e+01,2.507180089448921834e+01,2.523057209744530383e+01,2.566256532466406171e+01,2.670371016287144172e+01,2.892019600983628180e+01,3.307169806629145370e+01,3.987192174338099449e+01,4.951965371449998088e+01,6.117484100276730885e+01,7.275776421460432175e+01,8.141913205010513366e+01,8.464222982545760487e+01,8.141913205010513366e+01,7.275776421460432175e+01,6.117484100276730885e+01,4.951965371449998088e+01,3.987192174338099449e+01,3.307169806629145370e+01,2.892019600983628180e+01,2.670371016287144172e+01,2.566256532466406171e+01,2.523057209744530383e+01,2.507180089448921834e+01,2.502000773915121457e+01,2.500498897394999531e+01,2.500111319055643833e+01,2.500022226590496999e+01,2.500003971195250330e+01,2.500000634913688202e+01,2.500000090834995348e+01,2.500000011628849705e+01,2.500000001332187693e+01,2.500000000136564893e+01,2.500000000012527224e+01,2.500000000001028155e+01,2.500000000000075673e+01,2.500000000000004974e+01,2.500000000000000355e+01,2.500000000000000000e+01,2.500000000000000000e+01,2.500000000000000000e+01,2.500000000000000000e+01
2.500000000000000000e+01,2.500000000000000000e+01,2.500000000000000000e+01,2.500000000000000000e+01,2.500000000000000000e+01,2.500000000000000000e+01,2.500000000000000000e+01,2.500000000000000000e+01,2.500000000000000000e+01,2.500000000000000000e+01,2.500000000000000000e+01,2.500000000000000000e+01,2.500000000000000000e+01,2.500000000000000000e+01,2.500000000000000000e+01,2.500000000000000000e+01,2.500000000000000000e+01,2.500000000000000000e+01,2.500000000000000000e+01,2.500000000000000000e+01,2.500000000000000000e+01,2.500000000000000000e+01,2.500000000000000000e+01,2.500000000000000000e+01,2.500000000000000000e+01,2.500000000000000000e+01,2.500000000000000000e+01,2.500000000000000000e+01,2.500000000000000000e+01,2.500000000000000000e+01,2.500000000000000000e+01,2.500000000000000000e+01,2.500000000000000000e+01,2.500000000000000000e+01,2.500000000000000000e+01,2.500000000000000000e+01,2.500000000000000000e+01,2.500000000000000000e+01,2.500000000000000000e+01,2.500000000000000000e+01,2.500000000000000000e+01,2.500000000000000000e+01,2.500000000000000000e+01,2.500000000000000355e+01,2.500000000000004974e+01,2.500000000000077804e+01,2.500000000001059064e+01,2.500000000012902746e+01,2.500000000140657974e+01,2.500000001372115932e+01,2.500000011977389036e+01,2.500000093557497038e+01,2.500000653943289208e+01,2.500004090219713504e+01,2.500022892764741300e+01,2.500114655504741279e+01,2.500513850322452214e+01,2.502060741009562506e+01,2.507395290726199732e+01,2.523748279267102390e+01,2.568242369901471633e+01,2.675477367757691383e+01,2.903769192607782301e+01,3.331362259188771446e+01,4.031766222858290405e+01,5.025455553366456485e+01,6.225907150497876330e+01,7.418915750462417691e+01,8.311012341817612992e+01,8.642982371679551079e+01,8.311012341817612992e+01,7.418915750462417691e+01,6.225907150497876330e+01,5.025455553366456485e+01,4.031766222858290405e+01,3.331362259188771446e+01,2.903769192607782301e+01,2.675477367757691383e+01,2.568242369901471633e+01,2.523748279267102390e+01,2.507395290726199732e+01,2.502060741009562506e+01,2.500513850322452214e+01,2.500114655504741279e+01,2.500022892764741300e+01,2.500004090219713504e+01,2.500000653943289208e+01,2.500000093557497038e+01,2.500000011977389036e+01,2.500000001372115932e+01,2.500000000140657974e+01,2.500000000012902746e+01,2.500000000001059064e+01,2.500000000000077804e+01,2.500000000000004974e+01,2.500000000000000355e+01,2.500000000000000000e+01,2.500000000000000000e+01,2.500000000000000000e+01,2.500000000000000000e+01
2.500000000000000000e+01,2.500000000000000000e+01,2.500000000000000000e+01,2.500000000000000000e+01,2.500000000000000000e+01,2.500000000000000000e+01,2.500000000000000000e+01,2.500000000000000000e+01,2.500000000000000000e+01,2.500000000000000000e+01,2.500000000000000000e+01,2.500000000000000000e+01,2.500000000000000000e+01,2.500000000000000000e+01,2.500000000000000000e+01,2.500000000000000000e+01,2.500000000000000000e+01,2.500000000000000000e+01,2.500000000000000000e+01,2.500000000000000000e+01,2.500000000000000000e+01,2.500000000000000000e+01,2.500000000000000000e+01,2.500000000000000000e+01,2.500000000000000000e+01,2.500000000000000000e+01,2.500000000000000000e+01,2.500000000000000000e+01,2.500000000000000000e+01,2.500000000000000000e+01,2.500000000000000000e+01,2.500000000000000000e+01,2.500000000000000000e+01,2.500000000000000000e+01,2.500000000000000000e+01,2.500000000000000000e+01,2.500000000000000000e+01,2.500000000000000000e+01,2.500000000000000000e+01,2.500000000000000000e+01,2.500000000000000000e+01,2.500000000000000000e+01,2.500000000000000000e+01,2.500000000000000355e+01,2.500000000000005329e+01,2.500000000000079936e+01,2.500000000001088551e+01,2.500000000013262635e+01,2.500000000144579104e+01,2.500000001410365513e+01,2.500000012311275555e+01,2.500000096165541663e+01,2.500000672172861726e+01,2.500004204240238437e+01,2.500023530932185167e+01,2.500117851685333292e+01,2.500528174610078835e+01,2.502118187012133177e+01,2.507601444671842117e+01,2.524410295360097933e+01,2.570144720239818525e+01,2.680369041807230701e+01,2.915024816661877338e+01,3.354537630696824380e+01,4.074466322466938095e+01,5.095856115852244272e+01,6.329771959686547689e+01,7.556037322525389754e+01,8.473002338802710653e+01,8.814226491866125457e+01,8.473002338802710653e+01,7.556037322525389754e+01,6.329771959686547689e+01,5.095856115852244272e+01,4.074466322466938095e+01,3.354537630696824380e+01,2.915024816661877338e+01,2.680369041807230701e+01,2.570144720239818525e+01,2.524410295360097933e+01,2.507601444671842117e+01,2.502118187012133177e+01,2.500528174610078835e+01,2.500117851685333292e+01,2.500023530932185167e+01,2.500004204240238437e+01,2.500000672172861726e+01,2.500000096165541663e+01,2.500000012311275555e+01,2.500000001410365513e+01,2.500000000144579104e+01,2.500000000013262635e+01,2.500000000001088551e+01,2.500000000000079936e+01,2.500000000000005329e+01,2.500000000000000355e+01,2.500000000000000000e+01,2.500000000000000000e+01,2.500000000000000000e+01,2.500000000000000000e+01
2.500000000000000000e+01,2.500000000000000000e+01,2.500000000000000000e+01,2.500000000000000000e+01,2.500000000000000000e+01,2.500000000000000000e+01,2.500000000000000000e+01,2.500000000000000000e+01,2.500000000000000000e+01,2.500000000000000000e+01,2.500000000000000000e+01,2.500000000000000000e+01,2.500000000000000000e+01,2.500000000000000000e+01,2.500000000000000000e+01,2.500000000000000000e+01,2.500000000000000000e+01,2.500000000000000000e+01,2.500000000000000000e+01,2.500000000000000000e+01,2.500000000000000000e+01,2.500000000000000000e+01,2.500000000000000000e+01,2.500000000000000000e+01,2.500000000000000000e+01,2.500000000000000000e+01,2.500000000000000000e+01,2.500000000000000000e+01,2.500000000000000000e+01,2.500000000000000000e+01,2.500000000000000000e+01,2.500000000000000000e+01,2.500000000000000000e+01,2.500000000000000000e+01,2.500000000000000000e+01,2.500000000000000000e+01,2.500000000000000000e+01,2.500000000000000000e+01,2.500000000000000000e+01,2.500000000000000000e+01,2.500000000000000000e+01,2.500000000000000000e+01,2.500000000000000000e+01,2.500000000000000355e+01,2.500000000000005329e+01,2.500000000000082068e+01,2.500000000001116618e+01,2.500000000013604406e+01,2.500000000148306967e+01,2.500000001446731801e+01,2.500000012628722601e+01,2.500000098645177360e+01,2.500000689504890872e+01,2.500004312646898086e+01,2.500024137679089975e+01,2.500120890500147297e+01,2.500541793633218290e+01,2.502172804627939584e+01,2.507797448510164173e+01,2.525039716712446847e+01,2.571953407272162195e+01,2.685019871489601329e+01,2.925726263633661262e+01,3.376571949545151341e+01,4.115064058270449010e+01,5.162790466413758139e+01,6.428522925641436814e+01,7.686407635629936408e+01,8.627016665717314936e+01,8.977039309938133727e+01,8.627016665717314936e+01,7.686407635629936408e+01,6.428522925641436814e+01,5.162790466413758139e+01,4.115064058270449010e+01,3.376571949545151341e+01,2.925726263633661262e+01,2.685019871489601329e+01,2.571953407272162195e+01,2.525039716712446847e+01,2.507797448510164173e+01,2.502172804627939584e+01,2.500541793633218290e+01,2.500120890500147297e+01,2.500024137679089975e+01,2.500004312646898086e+01,2.500000689504890872e+01,2.500000098645177360e+01,2.500000012628722601e+01,2.500000001446731801e+01,2.500000000148306967e+01,2.500000000013604406e+01,2.500000000001116618e+01,2.500000000000082068e+01,2.500000000000005329e+01,2.500000000000000355e+01,2.500000000000000000e+01,2.500000000000000000e+01,2.500000000000000000e+01,2.500000000000000000e+01
2.500000000000000000e+01,2.500000000000000000e+01,2.500000000000000000e+01,2.500000000000000000e+01,2.500000000000000000e+01,2.500000000000000000e+01,2.500000000000000000e+01,2.500000000000000000e+01,2.500000000000000000e+01,2.500000000000000000e+01,2.500000000000000000e+01,2.500000000000000000e+01,2.500000000000000000e+01,2.500000000000000000e+01,2.500000000000000000e+01,2.500000000000000000e+01,2.500000000000000000e+01,2.500000000000000000e+01,2.500000000000000000e+01,2.500000000000000000e+01,2.500000000000000000e+01,2.500000000000000000e+01,2.500000000000000000e+01,2.500000000000000000e+01,2.500000000000000000e+01,2.500000000000000000e+01,2.500000000000000000e+01,2.500000000000000000e+01,2.500000000000000000e+01,2.500000000000000000e+01,2.500000000000000000e+01,2.500000000000000000e+01,2.500000000000000000e+01,2.500000000000000000e+01,2.500000000000000000e+01,2.500000000000000000e+01,2.500000000000000000e+01,2.500000000000000000e+01,2.500000000000000000e+01,2.500000000000000000e+01,2.500000000000000000e+01,2.500000000000000000e+01,2.500000000000000000e+01,2.500000000000000355e+01,2.500000000000005684e+01,2.500000000000083844e+01,2.500000000001143263e+01,2.500000000013926993e+01,2.500000000151821666e+01,2.500000001481016554e+01,2.500000012927998583e+01,2.500000100982873619e+01,2.500000705844797366e+01,2.500004414848124767e+01,2.500024709694485026e+01,2.500123755366604783e+01,2.500554633073907596e+01,2.502224295812847998e+01,2.507982232663275468e+01,2.525633108620174028e+01,2.573658561132288725e+01,2.689404477584449538e+01,2.935815136548969662e+01,3.397344976148215068e+01,4.153337891542788896e+01,5.225893349441098223e+01,6.521621171926221905e+01,7.809315268990974346e+01,8.772214878209055655e+01,9.130532368852739467e+01,8.772214878209055655e+01,7.809315268990974346e+01,6.521621171926221905e+01,5.225893349441098223e+01,4.153337891542788896e+01,3.397344976148215068e+01,2.935815136548969662e+01,2.689404477584449538e+01,2.573658561132288725e+01,2.525633108620174028e+01,2.507982232663275468e+01,2.502224295812847998e+01,2.500554633073907596e+01,2.500123755366604783e+01,2.500024709694485026e+01,2.500004414848124767e+01,2.500000705844797366e+01,2.500000100982873619e+01,2.500000012927998583e+01,2.500000001481016554e+01,2.500000000151821666e+01,2.500000000013926993e+01,2.500000000001143263e+01,2.500000000000083844e+01,2.500000000000005684e+01,2.500000000000000355e+01,2.500000000000000000e+01,2.500000000000000000e+01,2.500000000000000000e+01,2.500000000000000000e+01
2.500000000000000000e+01,2.500000000000000000e+01,2.500000000000000000e+01,2.500000000000000000e+01,2.500000000000000000e+01,2.500000000000000000e+01,2.500000000000000000e+01,2.500000000000000000e+01,2.500000000000000000e+01,2.500000000000000000e+01,2.500000000000000000e+01,2.500000000000000000e+01,2.500000000000000000e+01,2.500000000000000000e+01,2.500000000000000000e+01,2.500000000000000000e+01,2.500000000000000000e+01,2.500000000000000000e+01,2.500000000000000000e+01,2.500000000000000000e+01,2.500000000000000000e+01,2.500000000000000000e+01,2.500000000000000000e+01,2.500000000000000000e+01,2.500000000000000000e+01,2.500000000000000000e+01,2.500000000000000000e+01,2.500000000000000000e+01,2.500000000000000000e+01,2.500000000000000000e+01,2.500000000000000000e+01,2.500000000000000000e+01,2.500000000000000000e+01,2.500000000000000000e+01,2.500000000000000000e+01,2.500000000000000000e+01,2.500000000000000000e+01,2.500000000000000000e+01,2.500000000000000000e+01,2.500000000000000000e+01,2.500000000000000000e+01,2.500000000000000000e+01,2.500000000000000000e+01,2.500000000000000355e+01,2.500000000000005684e+01,2.500000000000085620e+01,2.500000000001167777e+01,2.500000000014227908e+01,2.500000000155103308e+01,2.500000001513028991e+01,2.500000013207440119e+01,2.500000103165641363e+01,2.500000721101791257e+01,2.500004510276060543e+01,2.500025243800090990e+01,2.500126430366698571e+01,2.500566621592592043e+01,2.502272374467306193e+01,2.508154770418282808e+01,2.526187174030411242e+01,2.575250707504232039e+01,2.693498497983169315e+01,2.945235378783246460e+01,3.416741289708970442e+01,4.189075162067103975e+01,5.284814147511300320e+01,6.608549418416316712e+01,7.924077313118418431e+01,8.907790214040754506e+01,9.273852817865621034e+01,8.907790214040754506e+01,7.924077313118418431e+01,6.608549418416316712e+01,5.284814147511300320e+01,4.189075162067103975e+01,3.416741289708970442e+01,2.945235378783246460e+01,2.693498497983169315e+01,2.575250707504232039e+01,2.526187174030411242e+01,2.508154770418282808e+01,2.502272374467306193e+01,2.500566621592592043e+01,2.500126430366698571e+01,2.500025243800090990e+01,2.500004510276060543e+01,2.500000721101791257e+01,2.500000103165641363e+01,2.500000013207440119e+01,2.500000001513028991e+01,2.500000000155103308e+01,2.500000000014227908e+01,2.500000000001167777e+01,2.500000000000085620e+01,2.500000000000005684e+01,2.500000000000000355e+01,2.500000000000000000e+01,2.500000000000000000e+01,2.500000000000000000e+01,2.500000000000000000e+01
2.500000000000000000e+01,2.500000000000000000e+01,2.500000000000000000e+01,2.500000000000000000e+01,2.500000000000000000e+01,2.500000000000000000e+01,2.500000000000000000e+01,2.500000000000000000e+01,2.500000000000000000e+01,2.500000000000000000e+01,2.500000000000000000e+01,2.500000000000000000e+01,2.500000000000000000e+01,2.500000000000000000e+01,2.500000000000000000e+01,2.500000000000000000e+01,2.500000000000000000e+01,2.500000000000000000e+01,2.500000000000000000e+01,2.500000000000000000e+01,2.500000000000000000e+01,2.500000000000000000e+01,2.500000000000000000e+01,2.500000000000000000e+01,2.500000000000000000e+01,2.500000000000000000e+01,2.500000000000000000e+01,2.500000000000000000e+01,2.500000000000000000e+01,2.500000000000000000e+01,2.500000000000000000e+01,2.500000000000000000e+01,2.500000000000000000e+01,2.500000000000000000e+01,2.500000000000000000e+01,2.500000000000000000e+01,2.500000000000000000e+01,2.500000000000000000e+01,2.500000000000000000e+01,2.500000000000000000e+01,2.500000000000000000e+01,2.500000000000000000e+01,2.500000000000000000e+01,2.500000000000000355e+01,2.500000000000005684e+01,2.500000000000087397e+01,2.500000000001190870e+01,2.500000000014505730e+01,2.500000000158133417e+01,2.500000001542588635e+01,2.500000013465469095e+01,2.500000105181153387e+01,2.500000735189711421e+01,2.500004598391788946e+01,2.500025736979621271e+01,2.500128900393741205e+01,2.500577691485792897e+01,2.502316769073855340e+01,2.508314087392411906e+01,2.526698783936457104e+01,2.576720854964641561e+01,2.697278812279709115e+01,2.953933790839582585e+01,3.434651352266752866e+01,4.222074048619954567e+01,5.339220113680402591e+01,6.688816750030601099e+01,8.030045665462446891e+01,9.032977030516589423e+01,9.406191274840433891e+01,9.032977030516589423e+01,8.030045665462446891e+01,6.688816750030601099e+01,5.339220113680402591e+01,4.222074048619954567e+01,3.434651352266752866e+01,2.953933790839582585e+01,2.697278812279709115e+01,2.576720854964641561e+01,2.526698783936457104e+01,2.508314087392411906e+01,2.502316769073855340e+01,2.500577691485792897e+01,2.500128900393741205e+01,2.500025736979621271e+01,2.500004598391788946e+01,2.500000735189711421e+01,2.500000105181153387e+01,2.500000013465469095e+01,2.500000001542588635e+01,2.500000000158133417e+01,2.500000000014505730e+01,2.500000000001190870e+01,2.500000000000087397e+01,2.500000000000005684e+01,2.500000000000000355e+01,2.500000000000000000e+01,2.500000000000000000e+01,2.500000000000000000e+01,2.500000000000000000e+01
2.500000000000000000e+01,2.500000000000000000e+01,2.500000000000000000e+01,2.500000000000000000e+01,2.500000000000000000e+01,2.500000000000000000e+01,2.500000000000000000e+01,2.500000000000000000e+01,2.500000000000000000e+01,2.500000000000000000e+01,2.500000000000000000e+01,2.500000000000000000e+01,2.500000000000000000e+01,2.500000000000000000e+01,2.500000000000000000e+01,2.500000000000000000e+01,2.500000000000000000e+01,2.500000000000000000e+01,2.500000000000000000e+01,2.500000000000000000e+01,2.500000000000000000e+01,2.500000000000000000e+01,2.500000000000000000e+01,2.500000000000000000e+01,2.500000000000000000e+01,2.500000000000000000e+01,2.500000000000000000e+01,2.500000000000000000e+01,2.500000000000000000e+01,2.500000000000000000e+01,2.500000000000000000e+01,2.500000000000000000e+01,2.500000000000000000e+01,2.500000000000000000e+01,2.500000000000000000e+01,2.500000000000000000e+01,2.500000000000000000e+01,2.500000000000000000e+01,2.500000000000000000e+01,2.500000000000000000e+01,2.500000000000000000e+01,2.500000000000000000e+01,2.500000000000000000e+01,2.500000000000000355e+01,2.500000000000005684e+01,2.500000000000088818e+01,2.500000000001211475e+01,2.500000000014759038e+01,2.500000000160894942e+01,2.500000001569525665e+01,2.500000013700607582e+01,2.500000107017860529e+01,2.500000748027832032e+01,2.500004678690392979e+01,2.500026186407080431e+01,2.500131151294091580e+01,2.500587779321291393e+01,2.502357225244458050e+01,2.508459270674487840e+01,2.527165006733545383e+01,2.578060579338671587e+01,2.700723758681996500e+01,2.961860529456663471e+01,3.450972536362382215e+01,4.252145462421118793e+01,5.388799493254410322e+01,6.761963222406957641e+01,8.126613110793110195e+01,9.147057987601806417e+01,9.526789419724011054e+01,9.147057987601806417e+01,8.126613110793110195e+01,6.761963222406957641e+01,5.388799493254410322e+01,4.252145462421118793e+01,3.450972536362382215e+01,2.961860529456663471e+01,2.700723758681996500e+01,2.578060579338671587e+01,2.527165006733545383e+01,2.508459270674487840e+01,2.502357225244458050e+01,2.500587779321291393e+01,2.500131151294091580e+01,2.500026186407080431e+01,2.500004678690392979e+01,2.500000748027832032e+01,2.500000107017860529e+01,2.500000013700607582e+01,2.500000001569525665e+01,2.500000000160894942e+01,2.500000000014759038e+01,2.500000000001211475e+01,2.500000000000088818e+01,2.500000000000005684e+01,2.500000000000000355e+01,2.500000000000000000e+01,2.500000000000000000e+01,2.500000000000000000e+01,2.500000000000000000e+01
2.500000000000000000e+01,2.500000000000000000e+01,2.500000000000000000e+01,2.500000000000000000e+01,2.500000000000000000e+01,2.500000000000000000e+01,2.500000000000000000e+01,2.500000000000000000e+01,2.500000000000000000e+01,2.500000000000000000e+01,2.500000000000000000e+01,2.500000000000000000e+01,2.500000000000000000e+01,2.500000000000000000e+01,2.500000000000000000e+01,2.500000000000000000e+01,2.500000000000000000e+01,2.500000000000000000e+01,2.500000000000000000e+01,2.500000000000000000e+01,2.500000000000000000e+01,2.500000000000000000e+01,2.500000000000000000e+01,2.500000000000000000e+01,2.500000000000000000e+01,2.500000000000000000e+01,2.500000000000000000e+01,2.500000000000000000e+01,2.500000000000000000e+01,2.500000000000000000e+01,2.500000000000000000e+01,2.500000000000000000e+01,2.500000000000000000e+01,2.500000000000000000e+01,2.500000000000000000e+01,2.500000000000000000e+01,2.500000000000000000e+01,2.500000000000000000e+01,2.500000000000000000e+01,2.500000000000000000e+01,2.500000000000000000e+01,2.500000000000000000e+01,2.500000000000000000e+01,2.500000000000000355e+01,2.500000000000006040e+01,2.500000000000090239e+01,2.500000000001230305e+01,2.500000000014986412e+01,2.500000000163371539e+01,2.500000001593684118e+01,2.500000013911490271e+01,2.500000108665101806e+01,2.500000759541631368e+01,2.500004750705765844e+01,2.500026589473689143e+01,2.500133170002010630e+01,2.500596826542507500e+01,2.502393508144299261e+01,2.508589477523126376e+01,2.527583136151095289e+01,2.579262103965285391e+01,2.703813340404885324e+01,2.968969582513973648e+01,3.465610102869738540e+01,4.279114848766234047e+01,5.433264494179331905e+01,6.827564244239323443e+01,8.213219106730106489e+01,9.249370882718578457e+01,9.634947219798695528e+01,9.249370882718578457e+01,8.213219106730106489e+01,6.827564244239323443e+01,5.433264494179331905e+01,4.279114848766234047e+01,3.465610102869738540e+01,2.968969582513973648e+01,2.703813340404885324e+01,2.579262103965285391e+01,2.527583136151095289e+01,2.508589477523126376e+01,2.502393508144299261e+01,2.500596826542507500e+01,2.500133170002010630e+01,2.500026589473689143e+01,2.500004750705765844e+01,2.500000759541631368e+01,2.500000108665101806e+01,2.500000013911490271e+01,2.500000001593684118e+01,2.500000000163371539e+01,2.500000000014986412e+01,2.500000000001230305e+01,2.500000000000090239e+01,2.500000000000006040e+01,2.500000000000000355e+01,2.500000000000000000e+01,2.500000000000000000e+01,2.500000000000000000e+01,2.500000000000000000e+01
2.500000000000000000e+01,2.500000000000000000e+01,2.500000000000000000e+01,2.500000000000000000e+01,2.500000000000000000e+01,2.500000000000000000e+01,2.500000000000000000e+01,2.500000000000000000e+01,2.500000000000000000e+01,2.500000000000000000e+01,2.500000000000000000e+01,2.500000000000000000e+01,2.500000000000000000e+01,2.500000000000000000e+01,2.500000000000000000e+01,2.500000000000000000e+01,2.500000000000000000e+01,2.500000000000000000e+01,2.500000000000000000e+01,2.500000000000000000e+01,2.500000000000000000e+01,2.500000000000000000e+01,2.500000000000000000e+01,2.500000000000000000e+01,2.500000000000000000e+01,2.500000000000000000e+01,2.500000000000000000e+01,2.500000000000000000e+01,2.500000000000000000e+01,2.500000000000000000e+01,2.500000000000000000e+01,2.500000000000000000e+01,2.500000000000000000e+01,2.500000000000000000e+01,2.500000000000000000e+01,2.500000000000000000e+01,2.500000000000000000e+01,2.500000000000000000e+01,2.500000000000000000e+01,2.500000000000000000e+01,2.500000000000000000e+01,2.500000000000000000e+01,2.500000000000000000e+01,2.500000000000000355e+01,2.500000000000006040e+01,2.500000000000091660e+01,2.500000000001246647e+01,2.500000000015186075e+01,2.500000000165548641e+01,2.500000001614922240e+01,2.500000014096879042e+01,2.500000110113205665e+01,2.500000769663513722e+01,2.500004814015111876e+01,2.500026943813080749e+01,2.500134944665849446e+01,2.500604780034037944e+01,2.502425404759812011e+01,2.508703943505897982e+01,2.527950717389763469e+01,2.580318374803938042e+01,2.706529418798317721e+01,2.975219213415036634e+01,3.478478115982494501e+01,4.302823872869217325e+01,5.472354066525461036e+01,6.885234677963725858e+01,8.289355197438936784e+01,9.339315046272332665e+01,9.730029690570621881e+01,9.339315046272332665e+01,8.289355197438936784e+01,6.885234677963725858e+01,5.472354066525461036e+01,4.302823872869217325e+01,3.478478115982494501e+01,2.975219213415036634e+01,2.706529418798317721e+01,2.580318374803938042e+01,2.527950717389763469e+01,2.508703943505897982e+01,2.502425404759812011e+01,2.500604780034037944e+01,2.500134944665849446e+01,2.500026943813080749e+01,2.500004814015111876e+01,2.500000769663513722e+01,2.500000110113205665e+01,2.500000014096879042e+01,2.500000001614922240e+01,2.500000000165548641e+01,2.500000000015186075e+01,2.500000000001246647e+01,2.500000000000091660e+01,2.500000000000006040e+01,2.500000000000000355e+01,2.500000000000000000e+01,2.500000000000000000e+01,2.500000000000000000e+01,2.500000000000000000e+01
2.500000000000000000e+01,2.500000000000000000e+01,2.500000000000000000e+01,2.500000000000000000e+01,2.500000000000000000e+01,2.500000000000000000e+01,2.500000000000000000e+01,2.500000000000000000e+01,2.500000000000000000e+01,2.500000000000000000e+01,2.500000000000000000e+01,2.500000000000000000e+01,2.500000000000000000e+01,2.500000000000000000e+01,2.500000000000000000e+01,2.500000000000000000e+01,2.500000000000000000e+01,2.500000000000000000e+01,2.500000000000000000e+01,2.500000000000000000e+01,2.500000000000000000e+01,2.500000000000000000e+01,2.500000000000000000e+01,2.500000000000000000e+01,2.500000000000000000e+01,2.500000000000000000e+01,2.500000000000000000e+01,2.500000000000000000e+01,2.500000000000000000e+01,2.500000000000000000e+01,2.500000000000000000e+01,2.500000000000000000e+01,2.500000000000000000e+01,2.500000000000000000e+01,2.500000000000000000e+01,2.500000000000000000e+01,2.500000000000000000e+01,2.500000000000000000e+01,2.500000000000000000e+01,2.500000000000000000e+01,2.500000000000000000e+01,2.500000000000000000e+01,2.500000000000000000e+01,2.500000000000000355e+01,2.500000000000006040e+01,2.500000000000092726e+01,2.500000000001260503e+01,2.500000000015356960e+01,2.500000000167413461e+01,2.500000001633113555e+01,2.500000014255674685e+01,2.500000111353587329e+01,2.500000778333467366e+01,2.500004868243078349e+01,2.500027247324424451e+01,2.500136464763868815e+01,2.500611592640716552e+01,2.502452725980313630e+01,2.508801989969605373e+01,2.528265571110527077e+01,2.581223129368913050e+01,2.708855890603997096e+01,2.980572368950748086e+01,3.489500283006219661e+01,4.323131967160288980e+01,5.505836453550536191e+01,6.934632603445393784e+01,8.354569982423437580e+01,9.416357211586571907e+01,9.811473101040708400e+01,9.416357211586571907e+01,8.354569982423437580e+01,6.934632603445393784e+01,5.505836453550536191e+01,4.323131967160288980e+01,3.489500283006219661e+01,2.980572368950748086e+01,2.708855890603997096e+01,2.581223129368913050e+01,2.528265571110527077e+01,2.508801989969605373e+01,2.502452725980313630e+01,2.500611592640716552e+01,2.500136464763868815e+01,2.500027247324424451e+01,2.500004868243078349e+01,2.500000778333467366e+01,2.500000111353587329e+01,2.500000014255674685e+01,2.500000001633113555e+01,2.500000000167413461e+01,2.500000000015356960e+01,2.500000000001260503e+01,2.500000000000092726e+01,2.500000000000006040e+01,2.500000000000000355e+01,2.500000000000000000e+01,2.500000000000000000e+01,2.500000000000000000e+01,2.500000000000000000e+01
2.500000000000000000e+01,2.500000000000000000e+01,2.500000000000000000e+01,2.500000000000000000e+01,2.500000000000000000e+01,2.500000000000000000e+01,2.500000000000000000e+01,2.500000000000000000e+01,2.500000000000000000e+01,2.500000000000000000e+01,2.500000000000000000e+01,2.500000000000000000e+01,2.500000000000000000e+01,2.500000000000000000e+01,2.500000000000000000e+01,2.500000000000000000e+01,2.500000000000000000e+01,2.500000000000000000e+01,2.500000000000000000e+01,2.500000000000000000e+01,2.500000000000000000e+01,2.500000000000000000e+01,2.500000000000000000e+01,2.500000000000000000e+01,2.500000000000000000e+01,2.500000000000000000e+01,2.500000000000000000e+01,2.500000000000000000e+01,2.500000000000000000e+01,2.500000000000000000e+01,2.500000000000000000e+01,2.500000000000000000e+01,2.500000000000000000e+01,2.500000000000000000e+01,2.500000000000000000e+01,2.500000000000000000e+01,2.500000000000000000e+01,2.500000000000000000e+01,2.500000000000000000e+01,2.500000000000000000e+01,2.500000000000000000e+01,2.500000000000000000e+01,2.500000000000000000e+01,2.500000000000000355e+01,2.500000000000006040e+01,2.500000000000093436e+01,2.500000000001272227e+01,2.500000000015498358e+01,2.500000000168954628e+01,2.500000001648149706e+01,2.500000014386927916e+01,2.500000112378830508e+01,2.500000785499658562e+01,2.500004913065461665e+01,2.500027498193166764e+01,2.500137721208102448e+01,2.500617223633106079e+01,2.502475308464812187e+01,2.508883030739605502e+01,2.528525814948022798e+01,2.581970958549428374e+01,2.710778846918654850e+01,2.984997045070014110e+01,3.498610707481484638e+01,4.339917718898321652e+01,5.533511479485723328e+01,6.975462693242332080e+01,8.408473572524472672e+01,9.480036779043270201e+01,9.878790538573515789e+01,9.480036779043270201e+01,8.408473572524472672e+01,6.975462693242332080e+01,5.533511479485723328e+01,4.339917718898321652e+01,3.498610707481484638e+01,2.984997045070014110e+01,2.710778846918654850e+01,2.581970958549428374e+01,2.528525814948022798e+01,2.508883030739605502e+01,2.502475308464812187e+01,2.500617223633106079e+01,2.500137721208102448e+01,2.500027498193166764e+01,2.500004913065461665e+01,2.500000785499658562e+01,2.500000112378830508e+01,2.500000014386927916e+01,2.500000001648149706e+01,2.500000000168954628e+01,2.500000000015498358e+01,2.500000000001272227e+01,2.500000000000093436e+01,2.500000000000006040e+01,2.500000000000000355e+01,2.500000000000000000e+01,2.500000000000000000e+01,2.500000000000000000e+01,2.500000000000000000e+01
2.500000000000000000e+01,2.500000000000000000e+01,2.500000000000000000e+01,2.500000000000000000e+01,2.500000000000000000e+01,2.500000000000000000e+01,2.500000000000000000e+01,2.500000000000000000e+01,2.500000000000000000e+01,2.500000000000000000e+01,2.500000000000000000e+01,2.500000000000000000e+01,2.500000000000000000e+01,2.500000000000000000e+01,2.500000000000000000e+01,2.500000000000000000e+01,2.500000000000000000e+01,2.500000000000000000e+01,2.500000000000000000e+01,2.500000000000000000e+01,2.500000000000000000e+01,2.500000000000000000e+01,2.500000000000000000e+01,2.500000000000000000e+01,2.500000000000000000e+01,2.500000000000000000e+01,2.500000000000000000e+01,2.500000000000000000e+01,2.500000000000000000e+01,2.500000000000000000e+01,2.500000000000000000e+01,2.500000000000000000e+01,2.500000000000000000e+01,2.500000000000000000e+01,2.500000000000000000e+01,2.500000000000000000e+01,2.500000000000000000e+01,2.500000000000000000e+01,2.500000000000000000e+01,2.500000000000000000e+01,2.500000000000000000e+01,2.500000000000000000e+01,2.500000000000000000e+01,2.500000000000000355e+01,2.500000000000006040e+01,2.500000000000094147e+01,2.500000000001281464e+01,2.500000000015609203e+01,2.500000000170163261e+01,2.500000001659940452e+01,2.500000014489848965e+01,2.500000113182763428e+01,2.500000791118947419e+01,2.500004948212433575e+01,2.500027694909093157e+01,2.500138706434837133e+01,2.500621639112994998e+01,2.502493016268206460e+01,2.508946577955687829e+01,2.528729882251127847e+01,2.582557360462032392e+01,2.712286711669254657e+01,2.988466605507871776e+01,3.505754545240328213e+01,4.353080078940084263e+01,5.555212542459189251e+01,7.007479152846408965e+01,8.450741471604968069e+01,9.529970401751968723e+01,9.931576756535271500e+01,9.529970401751968723e+01,8.450741471604968069e+01,7.007479152846408965e+01,5.555212542459189251e+01,4.353080078940084263e+01,3.505754545240328213e+01,2.988466605507871776e+01,2.712286711669254657e+01,2.582557360462032392e+01,2.528729882251127847e+01,2.508946577955687829e+01,2.502493016268206460e+01,2.500621639112994998e+01,2.500138706434837133e+01,2.500027694909093157e+01,2.500004948212433575e+01,2.500000791118947419e+01,2.500000113182763428e+01,2.500000014489848965e+01,2.500000001659940452e+01,2.500000000170163261e+01,2.500000000015609203e+01,2.500000000001281464e+01,2.500000000000094147e+01,2.500000000000006040e+01,2.500000000000000355e+01,2.500000000000000000e+01,2.500000000000000000e+01,2.500000000000000000e+01,2.500000000000000000e+01
2.500000000000000000e+01,2.500000000000000000e+01,2.500000000000000000e+01,2.500000000000000000e+01,2.500000000000000000e+01,2.500000000000000000e+01,2.500000000000000000e+01,2.500000000000000000e+01,2.500000000000000000e+01,2.500000000000000000e+01,2.500000000000000000e+01,2.500000000000000000e+01,2.500000000000000000e+01,2.500000000000000000e+01,2.500000000000000000e+01,2.500000000000000000e+01,2.500000000000000000e+01,2.500000000000000000e+01,2.500000000000000000e+01,2.500000000000000000e+01,2.500000000000000000e+01,2.500000000000000000e+01,2.500000000000000000e+01,2.500000000000000000e+01,2.500000000000000000e+01,2.500000000000000000e+01,2.500000000000000000e+01,2.500000000000000000e+01,2.500000000000000000e+01,2.500000000000000000e+01,2.500000000000000000e+01,2.500000000000000000e+01,2.500000000000000000e+01,2.500000000000000000e+01,2.500000000000000000e+01,2.500000000000000000e+01,2.500000000000000000e+01,2.500000000000000000e+01,2.500000000000000000e+01,2.500000000000000000e+01,2.500000000000000000e+01,2.500000000000000000e+01,2.500000000000000000e+01,2.500000000000000355e+01,2.500000000000006395e+01,2.500000000000094502e+01,2.500000000001287859e+01,2.500000000015689139e+01,2.500000000171031900e+01,2.500000001668413674e+01,2.500000014563814332e+01,2.500000113760519938e+01,2.500000795157320255e+01,2.500004973471247993e+01,2.500027836281472560e+01,2.500139414480443989e+01,2.500624812353253290e+01,2.502505742204238004e+01,2.508992246963233441e+01,2.528876537789793488e+01,2.582978785585308046e+01,2.713370357671674071e+01,2.990960048833701279e+01,3.510888554259521754e+01,4.362539374832495298e+01,5.570808284802853905e+01,7.030488184954747055e+01,8.481117829863242719e+01,9.565855828885318601e+01,9.969512237190507165e+01,9.565855828885318601e+01,8.481117829863242719e+01,7.030488184954747055e+01,5.570808284802853905e+01,4.362539374832495298e+01,3.510888554259521754e+01,2.990960048833701279e+01,2.713370357671674071e+01,2.582978785585308046e+01,2.528876537789793488e+01,2.508992246963233441e+01,2.502505742204238004e+01,2.500624812353253290e+01,2.500139414480443989e+01,2.500027836281472560e+01,2.500004973471247993e+01,2.500000795157320255e+01,2.500000113760519938e+01,2.500000014563814332e+01,2.500000001668413674e+01,2.500000000171031900e+01,2.500000000015689139e+01,2.500000000001287859e+01,2.500000000000094502e+01,2.500000000000006395e+01,2.500000000000000355e+01,2.500000000000000000e+01,2.500000000000000000e+01,2.500000000000000000e+01,2.500000000000000000e+01
2.500000000000000000e+01,2.500000000000000000e+01,2.500000000000000000e+01,2.500000000000000000e+01,2.500000000000000000e+01,2.500000000000000000e+01,2.500000000000000000e+01,2.500000000000000000e+01,2.500000000000000000e+01,2.500000000000000000e+01,2.500000000000000000e+01,2.500000000000000000e+01,2.500000000000000000e+01,2.500000000000000000e+01,2.500000000000000000e+01,2.500000000000000000e+01,2.500000000000000000e+01,2.500000000000000000e+01,2.500000000000000000e+01,2.500000000000000000e+01,2.500000000000000000e+01,2.500000000000000000e+01,2.500000000000000000e+01,2.500000000000000000e+01,2.500000000000000000e+01,2.500000000000000000e+01,2.500000000000000000e+01,2.500000000000000000e+01,2.500000000000000000e+01,2.500000000000000000e+01,2.500000000000000000e+01,2.500000000000000000e+01,2.500000000000000000e+01,2.500000000000000000e+01,2.500000000000000000e+01,2.500000000000000000e+01,2.500000000000000000e+01,2.500000000000000000e+01,2.500000000000000000e+01,2.500000000000000000e+01,2.500000000000000000e+01,2.500000000000000000e+01,2.500000000000000000e+01,2.500000000000000355e+01,2.500000000000006395e+01,2.500000000000094857e+01,2.500000000001291767e+01,2.500000000015737101e+01,2.500000000171555214e+01,2.500000001673518568e+01,2.500000014608374599e+01,2.500000114108588534e+01,2.500000797590232082e+01,2.500004988688383989e+01,2.500027921451058788e+01,2.500139841041500333e+01,2.500626724067276285e+01,2.502513408926071037e+01,2.509019760191052484e+01,2.528964890207835481e+01,2.583232672543849873e+01,2.714023198645064383e+01,2.992462220174059695e+01,3.513981530598660896e+01,4.368238114018728879e+01,5.580203917315369466e+01,7.044349943208679576e+01,8.499418023145102552e+01,9.587474952776298665e+01,9.992366412873070658e+01,9.587474952776298665e+01,8.499418023145102552e+01,7.044349943208679576e+01,5.580203917315369466e+01,4.368238114018728879e+01,3.513981530598660896e+01,2.992462220174059695e+01,2.714023198645064383e+01,2.583232672543849873e+01,2.528964890207835481e+01,2.509019760191052484e+01,2.502513408926071037e+01,2.500626724067276285e+01,2.500139841041500333e+01,2.500027921451058788e+01,2.500004988688383989e+01,2.500000797590232082e+01,2.500000114108588534e+01,2.500000014608374599e+01,2.500000001673518568e+01,2.500000000171555214e+01,2.500000000015737101e+01,2.500000000001291767e+01,2.500000000000094857e+01,2.500000000000006395e+01,2.500000000000000355e+01,2.500000000000000000e+01,2.500000000000000000e+01,2.500000000000000000e+01,2.500000000000000000e+01
2.500000000000000000e+01,2.500000000000000000e+01,2.500000000000000000e+01,2.500000000000000000e+01,2.500000000000000000e+01,2.500000000000000000e+01,2.500000000000000000e+01,2.500000000000000000e+01,2.500000000000000000e+01,2.500000000000000000e+01,2.500000000000000000e+01,2.500000000000000000e+01,2.500000000000000000e+01,2.500000000000000000e+01,2.500000000000000000e+01,2.500000000000000000e+01,2.500000000000000000e+01,2.500000000000000000e+01,2.500000000000000000e+01,2.500000000000000000e+01,2.500000000000000000e+01,2.500000000000000000e+01,2.500000000000000000e+01,2.500000000000000000e+01,2.500000000000000000e+01,2.500000000000000000e+01,2.500000000000000000e+01,2.500000000000000000e+01,2.500000000000000000e+01,2.500000000000000000e+01,2.500000000000000000e+01,2.500000000000000000e+01,2.500000000000000000e+01,2.500000000000000000e+01,2.500000000000000000e+01,2.500000000000000000e+01,2.500000000000000000e+01,2.500000000000000000e+01,2.500000000000000000e+01,2.500000000000000000e+01,2.500000000000000000e+01,2.500000000000000000e+01,2.500000000000000000e+01,2.500000000000000355e+01,2.500000000000006395e+01,2.500000000000094857e+01,2.500000000001293188e+01,2.500000000015753088e+01,2.500000000171730008e+01,2.500000001675223515e+01,2.500000014623258338e+01,2.500000114224848247e+01,2.500000798402856006e+01,2.500004993771102235e+01,2.500027949898790425e+01,2.500139983518351272e+01,2.500627362604222981e+01,2.502515969709268973e+01,2.509028949961211552e+01,2.528994401046045937e+01,2.583317474036817174e+01,2.714241255884127924e+01,2.992963964623978512e+01,3.515014624274594013e+01,4.370141565829722197e+01,5.583342178803907530e+01,7.048979947844750882e+01,8.505530521876059424e+01,9.594696016800742200e+01,1.000000000000000000e+02,9.594696016800742200e+01,8.505530521876059424e+01,7.048979947844750882e+01,5.583342178803907530e+01,4.370141565829722197e+01,3.515014624274594013e+01,2.992963964623978512e+01,2.714241255884127924e+01,2.583317474036817174e+01,2.528994401046045937e+01,2.509028949961211552e+01,2.502515969709268973e+01,2.500627362604222981e+01,2.500139983518351272e+01,2.500027949898790425e+01,2.500004993771102235e+01,2.500000798402856006e+01,2.500000114224848247e+01,2.500000014623258338e+01,2.500000001675223515e+01,2.500000000171730008e+01,2.500000000015753088e+01,2.500000000001293188e+01,2.500000000000094857e+01,2.500000000000006395e+01,2.500000000000000355e+01,2.500000000000000000e+01,2.500000000000000000e+01,2.500000000000000000e+01,2.500000000000000000e+01
2.500000000000000000e+01,2.500000000000000000e+01,2.500000000000000000e+01,2.500000000000000000e+01,2.500000000000000000e+01,2.500000000000000000e+01,2.500000000000000000e+01,2.500000000000000000e+01,2.500000000000000000e+01,2.500000000000000000e+01,2.500000000000000000e+01,2.500000000000000000e+01,2.500000000000000000e+01,2.500000000000000000e+01,2.500000000000000000e+01,2.500000000000000000e+01,2.500000000000000000e+01,2.500000000000000000e+01,2.500000000000000000e+01,2.500000000000000000e+01,2.500000000000000000e+01,2.500000000000000000e+01,2.500000000000000000e+01,2.500000000000000000e+01,2.500000000000000000e+01,2.500000000000000000e+01,2.500000000000000000e+01,2.500000000000000000e+01,2.500000000000000000e+01,2.500000000000000000e+01,2.500000000000000000e+01,2.500000000000000000e+01,2.500000000000000000e+01,2.500000000000000000e+01,2.500000000000000000e+01,2.500000000000000000e+01,2.500000000000000000e+01,2.500000000000000000e+01,2.500000000000000000e+01,2.500000000000000000e+01,2.500000000000000000e+01,2.500000000000000000e+01,2.500000000000000000e+01,2.500000000000000355e+01,2.500000000000006395e+01,2.500000000000094857e+01,2.500000000001291767e+01,2.500000000015737101e+01,2.500000000171555214e+01,2.500000001673518568e+01,2.500000014608374599e+01,2.500000114108588534e+01,2.500000797590232082e+01,2.500004988688383989e+01,2.500027921451058788e+01,2.500139841041500333e+01,2.500626724067276285e+01,2.502513408926071037e+01,2.509019760191052484e+01,2.528964890207835481e+01,2.583232672543849873e+01,2.714023198645064383e+01,2.992462220174059695e+01,3.513981530598660896e+01,4.368238114018728879e+01,5.580203917315369466e+01,7.044349943208679576e+01,8.499418023145102552e+01,9.587474952776298665e+01,9.992366412873070658e+01,9.587474952776298665e+01,8.499418023145102552e+01,7.044349943208679576e+01,5.580203917315369466e+01,4.368238114018728879e+01,3.513981530598660896e+01,2.992462220174059695e+01,2.714023198645064383e+01,2.583232672543849873e+01,2.528964890207835481e+01,2.509019760191052484e+01,2.502513408926071037e+01,2.500626724067276285e+01,2.500139841041500333e+01,2.500027921451058788e+01,2.500004988688383989e+01,2.500000797590232082e+01,2.500000114108588534e+01,2.500000014608374599e+01,2.500000001673518568e+01,2.500000000171555214e+01,2.500000000015737101e+01,2.500000000001291767e+01,2.500000000000094857e+01,2.500000000000006395e+01,2.500000000000000355e+01,2.500000000000000000e+01,2.500000000000000000e+01,2.500000000000000000e+01,2.500000000000000000e+01
2.500000000000000000e+01,2.500000000000000000e+01,2.500000000000000000e+01,2.500000000000000000e+01,2.500000000000000000e+01,2.500000000000000000e+01,2.500000000000000000e+01,2.500000000000000000e+01,2.500000000000000000e+01,2.500000000000000000e+01,2.500000000000000000e+01,2.500000000000000000e+01,2.500000000000000000e+01,2.500000000000000000e+01,2.500000000000000000e+01,2.500000000000000000e+01,2.500000000000000000e+01,2.500000000000000000e+01,2.500000000000000000e+01,2.500000000000000000e+01,2.500000000000000000e+01,2.500000000000000000e+01,2.500000000000000000e+01,2.500000000000000000e+01,2.500000000000000000e+01,2.500000000000000000e+01,2.500000000000000000e+01,2.500000000000000000e+01,2.500000000000000000e+01,2.500000000000000000e+01,2.500000000000000000e+01,2.500000000000000000e+01,2.500000000000000000e+01,2.500000000000000000e+01,2.500000000000000000e+01,2.500000000000000000e+01,2.500000000000000000e+01,2.500000000000000000e+01,2.500000000000000000e+01,2.500000000000000000e+01,2.500000000000000000e+01,2.500000000000000000e+01,2.500000000000000000e+01,2.500000000000000355e+01,2.500000000000006395e+01,2.500000000000094502e+01,2.500000000001287859e+01,2.500000000015689139e+01,2.500000000171031900e+01,2.500000001668413674e+01,2.500000014563814332e+01,2.500000113760519938e+01,2.500000795157320255e+01,2.500004973471247993e+01,2.500027836281472560e+01,2.500139414480443989e+01,2.500624812353253290e+01,2.502505742204238004e+01,2.508992246963233441e+01,2.528876537789793488e+01,2.582978785585308046e+01,2.713370357671674071e+01,2.990960048833701279e+01,3.510888554259521754e+01,4.362539374832495298e+01,5.570808284802853905e+01,7.030488184954747055e+01,8.481117829863242719e+01,9.565855828885318601e+01,9.969512237190507165e+01,9.565855828885318601e+01,8.481117829863242719e+01,7.030488184954747055e+01,5.570808284802853905e+01,4.362539374832495298e+01,3.510888554259521754e+01,2.990960048833701279e+01,2.713370357671674071e+01,2.582978785585308046e+01,2.528876537789793488e+01,2.508992246963233441e+01,2.502505742204238004e+01,2.500624812353253290e+01,2.500139414480443989e+01,2.500027836281472560e+01,2.500004973471247993e+01,2.500000795157320255e+01,2.500000113760519938e+01,2.500000014563814332e+01,2.500000001668413674e+01,2.500000000171031900e+01,2.500000000015689139e+01,2.500000000001287859e+01,2.500000000000094502e+01,2.500000000000006395e+01,2.500000000000000355e+01,2.500000000000000000e+01,2.500000000000000000e+01,2.500000000000000000e+01,2.500000000000000000e+01
2.500000000000000000e+01,2.500000000000000000e+01,2.500000000000000000e+01,2.500000000000000000e+01,2.500000000000000000e+01,2.500000000000000000e+01,2.500000000000000000e+01,2.500000000000000000e+01,2.500000000000000000e+01,2.500000000000000000e+01,2.500000000000000000e+01,2.500000000000000000e+01,2.500000000000000000e+01,2.500000000000000000e+01,2.500000000000000000e+01,2.500000000000000000e+01,2.500000000000000000e+01,2.500000000000000000e+01,2.500000000000000000e+01,2.500000000000000000e+01,2.500000000000000000e+01,2.500000000000000000e+01,2.500000000000000000e+01,2.500000000000000000e+01,2.500000000000000000e+01,2.500000000000000000e+01,2.500000000000000000e+01,2.500000000000000000e+01,2.500000000000000000e+01,2.500000000000000000e+01,2.500000000000000000e+01,2.500000000000000000e+01,2.500000000000000000e+01,2.500000000000000000e+01,2.500000000000000000e+01,2.500000000000000000e+01,2.500000000000000000e+01,2.500000000000000000e+01,2.500000000000000000e+01,2.500000000000000000e+01,2.500000000000000000e+01,2.500000000000000000e+01,2.500000000000000000e+01,2.500000000000000355e+01,2.500000000000006040e+01,2.500000000000094147e+01,2.500000000001281464e+01,2.500000000015609203e+01,2.500000000170163261e+01,2.500000001659940452e+01,2.500000014489848965e+01,2.500000113182763428e+01,2.500000791118947419e+01,2.500004948212433575e+01,2.500027694909093157e+01,2.500138706434837133e+01,2.500621639112994998e+01,2.502493016268206460e+01,2.508946577955687829e+01,2.528729882251127847e+01,2.582557360462032392e+01,2.712286711669254657e+01,2.988466605507871776e+01,3.505754545240328213e+01,4.353080078940084263e+01,5.555212542459189251e+01,7.007479152846408965e+01,8.450741471604968069e+01,9.529970401751968723e+01,9.931576756535271500e+01,9.529970401751968723e+01,8.450741471604968069e+01,7.007479152846408965e+01,5.555212542459189251e+01,4.353080078940084263e+01,3.505754545240328213e+01,2.988466605507871776e+01,2.712286711669254657e+01,2.582557360462032392e+01,2.528729882251127847e+01,2.508946577955687829e+01,2.502493016268206460e+01,2.500621639112994998e+01,2.500138706434837133e+01,2.500027694909093157e+01,2.500004948212433575e+01,2.500000791118947419e+01,2.500000113182763428e+01,2.500000014489848965e+01,2.500000001659940452e+01,2.500000000170163261e+01,2.500000000015609203e+01,2.500000000001281464e+01,2.500000000000094147e+01,2.500000000000006040e+01,2.500000000000000355e+01,2.500000000000000000e+01,2.500000000000000000e+01,2.500000000000000000e+01,2.500000000000000000e+01
2.500000000000000000e+01,2.500000000000000000e+01,2.500000000000000000e+01,2.500000000000000000e+01,2.500000000000000000e+01,2.500000000000000000e+01,2.500000000000000000e+01,2.500000000000000000e+01,2.500000000000000000e+01,2.500000000000000000e+01,2.500000000000000000e+01,2.500000000000000000e+01,2.500000000000000000e+01,2.500000000000000000e+01,2.500000000000000000e+01,2.500000000000000000e+01,2.500000000000000000e+01,2.500000000000000000e+01,2.500000000000000000e+01,2.500000000000000000e+01,2.500000000000000000e+01,2.500000000000000000e+01,2.500000000000000000e+01,2.500000000000000000e+01,2.500000000000000000e+01,2.500000000000000000e+01,2.500000000000000000e+01,2.500000000000000000e+01,2.500000000000000000e+01,2.500000000000000000e+01,2.500000000000000000e+01,2.500000000000000000e+01,2.500000000000000000e+01,2.500000000000000000e+01,2.500000000000000000e+01,2.500000000000000000e+01,2.500000000000000000e+01,2.500000000000000000e+01,2.500000000000000000e+01,2.500000000000000000e+01,2.500000000000000000e+01,2.500000000000000000e+01,2.500000000000000000e+01,2.500000000000000355e+01,2.500000000000006040e+01,2.500000000000093436e+01,2.500000000001272227e+01,2.500000000015498358e+01,2.500000000168954628e+01,2.500000001648149706e+01,2.500000014386927916e+01,2.500000112378830508e+01,2.500000785499658562e+01,2.500004913065461665e+01,2.500027498193166764e+01,2.500137721208102448e+01,2.500617223633106079e+01,2.502475308464812187e+01,2.508883030739605502e+01,2.528525814948022798e+01,2.581970958549428374e+01,2.710778846918654850e+01,2.984997045070014110e+01,3.498610707481484638e+01,4.339917718898321652e+01,5.533511479485723328e+01,6.975462693242332080e+01,8.408473572524472672e+01,9.480036779043270201e+01,9.878790538573515789e+01,9.480036779043270201e+01,8.408473572524472672e+01,6.975462693242332080e+01,5.533511479485723328e+01,4.339917718898321652e+01,3.498610707481484638e+01,2.984997045070014110e+01,2.710778846918654850e+01,2.581970958549428374e+01,2.528525814948022798e+01,2.508883030739605502e+01,2.502475308464812187e+01,2.500617223633106079e+01,2.500137721208102448e+01,2.500027498193166764e+01,2.500004913065461665e+01,2.500000785499658562e+01,2.500000112378830508e+01,2.500000014386927916e+01,2.500000001648149706e+01,2.500000000168954628e+01,2.500000000015498358e+01,2.500000000001272227e+01,2.500000000000093436e+01,2.500000000000006040e+01,2.500000000000000355e+01,2.500000000000000000e+01,2.500000000000000000e+01,2.500000000000000000e+01,2.500000000000000000e+01
2.500000000000000000e+01,2.500000000000000000e+01,2.500000000000000000e+01,2.500000000000000000e+01,2.500000000000000000e+01,2.500000000000000000e+01,2.500000000000000000e+01,2.500000000000000000e+01,2.500000000000000000e+01,2.500000000000000000e+01,2.500000000000000000e+01,2.500000000000000000e+01,2.500000000000000000e+01,2.500000000000000000e+01,2.500000000000000000e+01,2.500000000000000000e+01,2.500000000000000000e+01,2.500000000000000000e+01,2.500000000000000000e+01,2.500000000000000000e+01,2.500000000000000000e+01,2.500000000000000000e+01,2.500000000000000000e+01,2.500000000000000000e+01,2.500000000000000000e+01,2.500000000000000000e+01,2.500000000000000000e+01,2.500000000000000000e+01,2.500000000000000000e+01,2.500000000000000000e+01,2.500000000000000000e+01,2.500000000000000000e+01,2.500000000000000000e+01,2.500000000000000000e+01,2.500000000000000000e+01,2.500000000000000000e+01,2.500000000000000000e+01,2.500000000000000000e+01,2.500000000000000000e+01,2.500000000000000000e+01,2.500000000000000000e+01,2.500000000000000000e+01,2.500000000000000000e+01,2.500000000000000355e+01,2.500000000000006040e+01,2.500000000000092726e+01,2.500000000001260503e+01,2.500000000015356960e+01,2.500000000167413461e+01,2.500000001633113555e+01,2.500000014255674685e+01,2.500000111353587329e+01,2.500000778333467366e+01,2.500004868243078349e+01,2.500027247324424451e+01,2.500136464763868815e+01,2.500611592640716552e+01,2.502452725980313630e+01,2.508801989969605373e+01,2.528265571110527077e+01,2.581223129368913050e+01,2.708855890603997096e+01,2.980572368950748086e+01,3.489500283006219661e+01,4.323131967160288980e+01,5.505836453550536191e+01,6.934632603445393784e+01,8.354569982423437580e+01,9.416357211586571907e+01,9.811473101040708400e+01,9.416357211586571907e+01,8.354569982423437580e+01,6.934632603445393784e+01,5.505836453550536191e+01,4.323131967160288980e+01,3.489500283006219661e+01,2.980572368950748086e+01,2.708855890603997096e+01,2.581223129368913050e+01,2.528265571110527077e+01,2.508801989969605373e+01,2.502452725980313630e+01,2.500611592640716552e+01,2.500136464763868815e+01,2.500027247324424451e+01,2.500004868243078349e+01,2.500000778333467366e+01,2.500000111353587329e+01,2.500000014255674685e+01,2.500000001633113555e+01,2.500000000167413461e+01,2.500000000015356960e+01,2.500000000001260503e+01,2.500000000000092726e+01,2.500000000000006040e+01,2.500000000000000355e+01,2.500000000000000000e+01,2.500000000000000000e+01,2.500000000000000000e+01,2.500000000000000000e+01
2.500000000000000000e+01,2.500000000000000000e+01,2.500000000000000000e+01,2.500000000000000000e+01,2.500000000000000000e+01,2.500000000000000000e+01,2.500000000000000000e+01,2.500000000000000000e+01,2.500000000000000000e+01,2.500000000000000000e+01,2.500000000000000000e+01,2.500000000000000000e+01,2.500000000000000000e+01,2.500000000000000000e+01,2.500000000000000000e+01,2.500000000000000000e+01,2.500000000000000000e+01,2.500000000000000000e+01,2.500000000000000000e+01,2.500000000000000000e+01,2.500000000000000000e+01,2.500000000000000000e+01,2.500000000000000000e+01,2.500000000000000000e+01,2.500000000000000000e+01,2.500000000000000000e+01,2.500000000000000000e+01,2.500000000000000000e+01,2.500000000000000000e+01,2.500000000000000000e+01,2.500000000000000000e+01,2.500000000000000000e+01,2.500000000000000000e+01,2.500000000000000000e+01,2.500000000000000000e+01,2.500000000000000000e+01,2.500000000000000000e+01,2.500000000000000000e+01,2.500000000000000000e+01,2.500000000000000000e+01,2.500000000000000000e+01,2.500000000000000000e+01,2.500000000000000000e+01,2.500000000000000355e+01,2.500000000000006040e+01,2.500000000000091660e+01,2.500000000001246647e+01,2.500000000015186075e+01,2.500000000165548641e+01,2.500000001614922240e+01,2.500000014096879042e+01,2.500000110113205665e+01,2.500000769663513722e+01,2.500004814015111876e+01,2.500026943813080749e+01,2.500134944665849446e+01,2.500604780034037944e+01,2.502425404759812011e+01,2.508703943505897982e+01,2.527950717389763469e+01,2.580318374803938042e+01,2.706529418798317721e+01,2.975219213415036634e+01,3.478478115982494501e+01,4.302823872869217325e+01,5.472354066525461036e+01,6.885234677963725858e+01,8.289355197438936784e+01,9.339315046272332665e+01,9.730029690570621881e+01,9.339315046272332665e+01,8.289355197438936784e+01,6.885234677963725858e+01,5.472354066525461036e+01,4.302823872869217325e+01,3.478478115982494501e+01,2.975219213415036634e+01,2.706529418798317721e+01,2.580318374803938042e+01,2.527950717389763469e+01,2.508703943505897982e+01,2.502425404759812011e+01,2.500604780034037944e+01,2.500134944665849446e+01,2.500026943813080749e+01,2.500004814015111876e+01,2.500000769663513722e+01,2.500000110113205665e+01,2.500000014096879042e+01,2.500000001614922240e+01,2.500000000165548641e+01,2.500000000015186075e+01,2.500000000001246647e+01,2.500000000000091660e+01,2.500000000000006040e+01,2.500000000000000355e+01,2.500000000000000000e+01,2.500000000000000000e+01,2.500000000000000000e+01,2.500000000000000000e+01
2.500000000000000000e+01,2.500000000000000000e+01,2.500000000000000000e+01,2.500000000000000000e+01,2.500000000000000000e+01,2.500000000000000000e+01,2.500000000000000000e+01,2.500000000000000000e+01,2.500000000000000000e+01,2.500000000000000000e+01,2.500000000000000000e+01,2.500000000000000000e+01,2.500000000000000000e+01,2.500000000000000000e+01,2.500000000000000000e+01,2.500000000000000000e+01,2.500000000000000000e+01,2.500000000000000000e+01,2.500000000000000000e+01,2.500000000000000000e+01,2.500000000000000000e+01,2.500000000000000000e+01,2.500000000000000000e+01,2.500000000000000000e+01,2.500000000000000000e+01,2.500000000000000000e+01,2.500000000000000000e+01,2.500000000000000000e+01,2.500000000000000000e+01,2.500000000000000000e+01,2.500000000000000000e+01,2.500000000000000000e+01,2.500000000000000000e+01,2.500000000000000000e+01,2.500000000000000000e+01,2.500000000000000000e+01,2.500000000000000000e+01,2.500000000000000000e+01,2.500000000000000000e+01,2.500000000000000000e+01,2.500000000000000000e+01,2.500000000000000000e+01,2.500000000000000000e+01,2.500000000000000355e+01,2.500000000000006040e+01,2.500000000000090239e+01,2.500000000001230305e+01,2.500000000014986412e+01,2.500000000163371539e+01,2.500000001593684118e+01,2.500000013911490271e+01,2.500000108665101806e+01,2.500000759541631368e+01,2.500004750705765844e+01,2.500026589473689143e+01,2.500133170002010630e+01,2.500596826542507500e+01,2.502393508144299261e+01,2.508589477523126376e+01,2.527583136151095289e+01,2.579262103965285391e+01,2.703813340404885324e+01,2.968969582513973648e+01,3.465610102869738540e+01,4.279114848766234047e+01,5.433264494179331905e+01,6.827564244239323443e+01,8.213219106730106489e+01,9.249370882718578457e+01,9.634947219798695528e+01,9.249370882718578457e+01,8.213219106730106489e+01,6.827564244239323443e+01,5.433264494179331905e+01,4.279114848766234047e+01,3.465610102869738540e+01,2.968969582513973648e+01,2.703813340404885324e+01,2.579262103965285391e+01,2.527583136151095289e+01,2.508589477523126376e+01,2.502393508144299261e+01,2.500596826542507500e+01,2.500133170002010630e+01,2.500026589473689143e+01,2.500004750705765844e+01,2.500000759541631368e+01,2.500000108665101806e+01,2.500000013911490271e+01,2.500000001593684118e+01,2.500000000163371539e+01,2.500000000014986412e+01,2.500000000001230305e+01,2.500000000000090239e+01,2.500000000000006040e+01,2.500000000000000355e+01,2.500000000000000000e+01,2.500000000000000000e+01,2.500000000000000000e+01,2.500000000000000000e+01
2.500000000000000000e+01,2.500000000000000000e+01,2.500000000000000000e+01,2.500000000000000000e+01,2.500000000000000000e+01,2.500000000000000000e+01,2.500000000000000000e+01,2.500000000000000000e+01,2.500000000000000000e+01,2.500000000000000000e+01,2.500000000000000000e+01,2.500000000000000000e+01,2.500000000000000000e+01,2.500000000000000000e+01,2.500000000000000000e+01,2.500000000000000000e+01,2.500000000000000000e+01,2.500000000000000000e+01,2.500000000000000000e+01,2.500000000000000000e+01,2.500000000000000000e+01,2.500000000000000000e+01,2.500000000000000000e+01,2.500000000000000000e+01,2.500000000000000000e+01,2.500000000000000000e+01,2.500000000000000000e+01,2.500000000000000000e+01,2.500000000000000000e+01,2.500000000000000000e+01,2.500000000000000000e+01,2.500000000000000000e+01,2.500000000000000000e+01,2.500000000000000000e+01,2.500000000000000000e+01,2.500000000000000000e+01,2.500000000000000000e+01,2.500000000000000000e+01,2.500000000000000000e+01,2.500000000000000000e+01,2.500000000000000000e+01,2.500000000000000000e+01,2.500000000000000000e+01,2.500000000000000355e+01,2.500000000000005684e+01,2.500000000000088818e+01,2.500000000001211475e+01,2.500000000014759038e+01,2.500000000160894942e+01,2.500000001569525665e+01,2.500000013700607582e+01,2.500000107017860529e+01,2.500000748027832032e+01,2.500004678690392979e+01,2.500026186407080431e+01,2.500131151294091580e+01,2.500587779321291393e+01,2.502357225244458050e+01,2.508459270674487840e+01,2.527165006733545383e+01,2.578060579338671587e+01,2.700723758681996500e+01,2.961860529456663471e+01,3.450972536362382215e+01,4.252145462421118793e+01,5.388799493254410322e+01,6.761963222406957641e+01,8.126613110793110195e+01,9.147057987601806417e+01,9.526789419724011054e+01,9.147057987601806417e+01,8.126613110793110195e+01,6.761963222406957641e+01,5.388799493254410322e+01,4.252145462421118793e+01,3.450972536362382215e+01,2.961860529456663471e+01,2.700723758681996500e+01,2.578060579338671587e+01,2.527165006733545383e+01,2.508459270674487840e+01,2.502357225244458050e+01,2.500587779321291393e+01,2.500131151294091580e+01,2.500026186407080431e+01,2.500004678690392979e+01,2.500000748027832032e+01,2.500000107017860529e+01,2.500000013700607582e+01,2.500000001569525665e+01,2.500000000160894942e+01,2.500000000014759038e+01,2.500000000001211475e+01,2.500000000000088818e+01,2.500000000000005684e+01,2.500000000000000355e+01,2.500000000000000000e+01,2.500000000000000000e+01,2.500000000000000000e+01,2.500000000000000000e+01
2.500000000000000000e+01,2.500000000000000000e+01,2.500000000000000000e+01,2.500000000000000000e+01,2.500000000000000000e+01,2.500000000000000000e+01,2.500000000000000000e+01,2.500000000000000000e+01,2.500000000000000000e+01,2.500000000000000000e+01,2.500000000000000000e+01,2.500000000000000000e+01,2.500000000000000000e+01,2.500000000000000000e+01,2.500000000000000000e+01,2.500000000000000000e+01,2.500000000000000000e+01,2.500000000000000000e+01,2.500000000000000000e+01,2.500000000000000000e+01,2.500000000000000000e+01,2.500000000000000000e+01,2.500000000000000000e+01,2.500000000000000000e+01,2.500000000000000000e+01,2.500000000000000000e+01,2.500000000000000000e+01,2.500000000000000000e+01,2.500000000000000000e+01,2.500000000000000000e+01,2.500000000000000000e+01,2.500000000000000000e+01,2.500000000000000000e+01,2.500000000000000000e+01,2.500000000000000000e+01,2.500000000000000000e+01,2.500000000000000000e+01,2.500000000000000000e+01,2.500000000000000000e+01,2.500000000000000000e+01,2.500000000000000000e+01,2.500000000000000000e+01,2.500000000000000000e+01,2.500000000000000355e+01,2.500000000000005684e+01,2.500000000000087397e+01,2.500000000001190870e+01,2.500000000014505730e+01,2.500000000158133417e+01,2.500000001542588635e+01,2.500000013465469095e+01,2.500000105181153387e+01,2.500000735189711421e+01,2.500004598391788946e+01,2.500025736979621271e+01,2.500128900393741205e+01,2.500577691485792897e+01,2.502316769073855340e+01,2.508314087392411906e+01,2.526698783936457104e+01,2.576720854964641561e+01,2.697278812279709115e+01,2.953933790839582585e+01,3.434651352266752866e+01,4.222074048619954567e+01,5.339220113680402591e+01,6.688816750030601099e+01,8.030045665462446891e+01,9.032977030516589423e+01,9.406191274840433891e+01,9.032977030516589423e+01,8.030045665462446891e+01,6.688816750030601099e+01,5.339220113680402591e+01,4.222074048619954567e+01,3.434651352266752866e+01,2.953933790839582585e+01,2.697278812279709115e+01,2.576720854964641561e+01,2.526698783936457104e+01,2.508314087392411906e+01,2.502316769073855340e+01,2.500577691485792897e+01,2.500128900393741205e+01,2.500025736979621271e+01,2.500004598391788946e+01,2.500000735189711421e+01,2.500000105181153387e+01,2.500000013465469095e+01,2.500000001542588635e+01,2.500000000158133417e+01,2.500000000014505730e+01,2.500000000001190870e+01,2.500000000000087397e+01,2.500000000000005684e+01,2.500000000000000355e+01,2.500000000000000000e+01,2.500000000000000000e+01,2.500000000000000000e+01,2.500000000000000000e+01
2.500000000000000000e+01,2.500000000000000000e+01,2.500000000000000000e+01,2.500000000000000000e+01,2.500000000000000000e+01,2.500000000000000000e+01,2.500000000000000000e+01,2.500000000000000000e+01,2.500000000000000000e+01,2.500000000000000000e+01,2.500000000000000000e+01,2.500000000000000000e+01,2.500000000000000000e+01,2.500000000000000000e+01,2.500000000000000000e+01,2.500000000000000000e+01,2.500000000000000000e+01,2.500000000000000000e+01,2.500000000000000000e+01,2.500000000000000000e+01,2.500000000000000000e+01,2.500000000000000000e+01,2.500000000000000000e+01,2.500000000000000000e+01,2.500000000000000000e+01,2.500000000000000000e+01,2.500000000000000000e+01,2.500000000000000000e+01,2.500000000000000000e+01,2.500000000000000000e+01,2.500000000000000000e+01,2.500000000000000000e+01,2.500000000000000000e+01,2.500000000000000000e+01,2.500000000000000000e+01,2.500000000000000000e+01,2.500000000000000000e+01,2.500000000000000000e+01,2.500000000000000000e+01,2.500000000000000000e+01,2.500000000000000000e+01,2.500000000000000000e+01,2.500000000000000000e+01,2.500000000000000355e+01,2.500000000000005684e+01,2.500000000000085620e+01,2.500000000001167777e+01,2.500000000014227908e+01,2.500000000155103308e+01,2.500000001513028991e+01,2.500000013207440119e+01,2.500000103165641363e+01,2.500000721101791257e+01,2.500004510276060543e+01,2.500025243800090990e+01,2.500126430366698571e+01,2.500566621592592043e+01,2.502272374467306193e+01,2.508154770418282808e+01,2.526187174030411242e+01,2.575250707504232039e+01,2.693498497983169315e+01,2.945235378783246460e+01,3.416741289708970442e+01,4.189075162067103975e+01,5.284814147511300320e+01,6.608549418416316712e+01,7.924077313118418431e+01,8.907790214040754506e+01,9.273852817865621034e+01,8.907790214040754506e+01,7.924077313118418431e+01,6.608549418416316712e+01,5.284814147511300320e+01,4.189075162067103975e+01,3.416741289708970442e+01,2.945235378783246460e+01,2.693498497983169315e+01,2.575250707504232039e+01,2.526187174030411242e+01,2.508154770418282808e+01,2.502272374467306193e+01,2.500566621592592043e+01,2.500126430366698571e+01,2.500025243800090990e+01,2.500004510276060543e+01,2.500000721101791257e+01,2.500000103165641363e+01,2.500000013207440119e+01,2.500000001513028991e+01,2.500000000155103308e+01,2.500000000014227908e+01,2.500000000001167777e+01,2.500000000000085620e+01,2.500000000000005684e+01,2.500000000000000355e+01,2.500000000000000000e+01,2.500000000000000000e+01,2.500000000000000000e+01,2.500000000000000000e+01
2.500000000000000000e+01,2.500000000000000000e+01,2.500000000000000000e+01,2.500000000000000000e+01,2.500000000000000000e+01,2.500000000000000000e+01,2.500000000000000000e+01,2.500000000000000000e+01,2.500000000000000000e+01,2.500000000000000000e+01,2.500000000000000000e+01,2.500000000000000000e+01,2.500000000000000000e+01,2.500000000000000000e+01,2.500000000000000000e+01,2.500000000000000000e+01,2.500000000000000000e+01,2.500000000000000000e+01,2.500000000000000000e+01,2.500000000000000000e+01,2.500000000000000000e+01,2.500000000000000000e+01,2.500000000000000000e+01,2.500000000000000000e+01,2.500000000000000000e+01,2.500000000000000000e+01,2.500000000000000000e+01,2.500000000000000000e+01,2.500000000000000000e+01,2.500000000000000000e+01,2.500000000000000000e+01,2.500000000000000000e+01,2.500000000000000000e+01,2.500000000000000000e+01,2.500000000000000000e+01,2.500000000000000000e+01,2.500000000000000000e+01,2.500000000000000000e+01,2.500000000000000000e+01,2.500000000000000000e+01,2.500000000000000000e+01,2.500000000000000000e+01,2.500000000000000000e+01,2.500000000000000355e+01,2.500000000000005684e+01,2.500000000000083844e+01,2.500000000001143263e+01,2.500000000013926993e+01,2.500000000151821666e+01,2.500000001481016554e+01,2.500000012927998583e+01,2.500000100982873619e+01,2.500000705844797366e+01,2.500004414848124767e+01,2.500024709694485026e+01,2.500123755366604783e+01,2.500554633073907596e+01,2.502224295812847998e+01,2.507982232663275468e+01,2.525633108620174028e+01,2.573658561132288725e+01,2.689404477584449538e+01,2.935815136548969662e+01,3.397344976148215068e+01,4.153337891542788896e+01,5.225893349441098223e+01,6.521621171926221905e+01,7.809315268990974346e+01,8.772214878209055655e+01,9.130532368852739467e+01,8.772214878209055655e+01,7.809315268990974346e+01,6.521621171926221905e+01,5.225893349441098223e+01,4.153337891542788896e+01,3.397344976148215068e+01,2.935815136548969662e+01,2.689404477584449538e+01,2.573658561132288725e+01,2.525633108620174028e+01,2.507982232663275468e+01,2.502224295812847998e+01,2.500554633073907596e+01,2.500123755366604783e+01,2.500024709694485026e+01,2.500004414848124767e+01,2.500000705844797366e+01,2.500000100982873619e+01,2.500000012927998583e+01,2.500000001481016554e+01,2.500000000151821666e+01,2.500000000013926993e+01,2.500000000001143263e+01,2.500000000000083844e+01,2.500000000000005684e+01,2.500000000000000355e+01,2.500000000000000000e+01,2.500000000000000000e+01,2.500000000000000000e+01,2.500000000000000000e+01
2.500000000000000000e+01,2.500000000000000000e+01,2.500000000000000000e+01,2.500000000000000000e+01,2.500000000000000000e+01,2.500000000000000000e+01,2.500000000000000000e+01,2.500000000000000000e+01,2.500000000000000000e+01,2.500000000000000000e+01,2.500000000000000000e+01,2.500000000000000000e+01,2.500000000000000000e+01,2.500000000000000000e+01,2.500000000000000000e+01,2.500000000000000000e+01,2.500000000000000000e+01,2.500000000000000000e+01,2.500000000000000000e+01,2.500000000000000000e+01,2.500000000000000000e+01,2.500000000000000000e+01,2.500000000000000000e+01,2.500000000000000000e+01,2.500000000000000000e+01,2.500000000000000000e+01,2.500000000000000000e+01,2.500000000000000000e+01,2.500000000000000000e+01,2.500000000000000000e+01,2.500000000000000000e+01,2.500000000000000000e+01,2.500000000000000000e+01,2.500000000000000000e+01,2.500000000000000000e+01,2.500000000000000000e+01,2.500000000000000000e+01,2.500000000000000000e+01,2.500000000000000000e+01,2.500000000000000000e+01,2.500000000000000000e+01,2.500000000000000000e+01,2.500000000000000000e+01,2.500000000000000355e+01,2.500000000000005329e+01,2.500000000000082068e+01,2.500000000001116618e+01,2.500000000013604406e+01,2.500000000148306967e+01,2.500000001446731801e+01,2.500000012628722601e+01,2.500000098645177360e+01,2.500000689504890872e+01,2.500004312646898086e+01,2.500024137679089975e+01,2.500120890500147297e+01,2.500541793633218290e+01,2.502172804627939584e+01,2.507797448510164173e+01,2.525039716712446847e+01,2.571953407272162195e+01,2.685019871489601329e+01,2.925726263633661262e+01,3.376571949545151341e+01,4.115064058270449010e+01,5.162790466413758139e+01,6.428522925641436814e+01,7.686407635629936408e+01,8.627016665717314936e+01,8.977039309938133727e+01,8.627016665717314936e+01,7.686407635629936408e+01,6.428522925641436814e+01,5.162790466413758139e+01,4.115064058270449010e+01,3.376571949545151341e+01,2.925726263633661262e+01,2.685019871489601329e+01,2.571953407272162195e+01,2.525039716712446847e+01,2.507797448510164173e+01,2.502172804627939584e+01,2.500541793633218290e+01,2.500120890500147297e+01,2.500024137679089975e+01,2.500004312646898086e+01,2.500000689504890872e+01,2.500000098645177360e+01,2.500000012628722601e+01,2.500000001446731801e+01,2.500000000148306967e+01,2.500000000013604406e+01,2.500000000001116618e+01,2.500000000000082068e+01,2.500000000000005329e+01,2.500000000000000355e+01,2.500000000000000000e+01,2.500000000000000000e+01,2.500000000000000000e+01,2.500000000000000000e+01
2.500000000000000000e+01,2.500000000000000000e+01,2.500000000000000000e+01,2.500000000000000000e+01,2.500000000000000000e+01,2.500000000000000000e+01,2.500000000000000000e+01,2.500000000000000000e+01,2.500000000000000000e+01,2.500000000000000000e+01,2.500000000000000000e+01,2.500000000000000000e+01,2.500000000000000000e+01,2.500000000000000000e+01,2.500000000000000000e+01,2.500000000000000000e+01,2.500000000000000000e+01,2.500000000000000000e+01,2.500000000000000000e+01,2.500000000000000000e+01,2.500000000000000000e+01,2.500000000000000000e+01,2.500000000000000000e+01,2.500000000000000000e+01,2.500000000000000000e+01,2.500000000000000000e+01,2.500000000000000000e+01,2.500000000000000000e+01,2.500000000000000000e+01,2.500000000000000000e+01,2.500000000000000000e+01,2.500000000000000000e+01,2.500000000000000000e+01,2.500000000000000000e+01,2.500000000000000000e+01,2.500000000000000000e+01,2.500000000000000000e+01,2.500000000000000000e+01,2.500000000000000000e+01,2.500000000000000000e+01,2.500000000000000000e+01,2.500000000000000000e+01,2.500000000000000000e+01,2.500000000000000355e+01,2.500000000000005329e+01,2.500000000000079936e+01,2.500000000001088551e+01,2.500000000013262635e+01,2.500000000144579104e+01,2.500000001410365513e+01,2.500000012311275555e+01,2.500000096165541663e+01,2.500000672172861726e+01,2.500004204240238437e+01,2.500023530932185167e+01,2.500117851685333292e+01,2.500528174610078835e+01,2.502118187012133177e+01,2.507601444671842117e+01,2.524410295360097933e+01,2.570144720239818525e+01,2.680369041807230701e+01,2.915024816661877338e+01,3.354537630696824380e+01,4.074466322466938095e+01,5.095856115852244272e+01,6.329771959686547689e+01,7.556037322525389754e+01,8.473002338802710653e+01,8.814226491866125457e+01,8.473002338802710653e+01,7.556037322525389754e+01,6.329771959686547689e+01,5.095856115852244272e+01,4.074466322466938095e+01,3.354537630696824380e+01,2.915024816661877338e+01,2.680369041807230701e+01,2.570144720239818525e+01,2.524410295360097933e+01,2.507601444671842117e+01,2.502118187012133177e+01,2.500528174610078835e+01,2.500117851685333292e+01,2.500023530932185167e+01,2.500004204240238437e+01,2.500000672172861726e+01,2.500000096165541663e+01,2.500000012311275555e+01,2.500000001410365513e+01,2.500000000144579104e+01,2.500000000013262635e+01,2.500000000001088551e+01,2.500000000000079936e+01,2.500000000000005329e+01,2.500000000000000355e+01,2.500000000000000000e+01,2.500000000000000000e+01,2.500000000000000000e+01,2.500000000000000000e+01
2.500000000000000000e+01,2.500000000000000000e+01,2.500000000000000000e+01,2.500000000000000000e+01,2.500000000000000000e+01,2.500000000000000000e+01,2.500000000000000000e+01,2.500000000000000000e+01,2.500000000000000000e+01,2.500000000000000000e+01,2.500000000000000000e+01,2.500000000000000000e+01,2.500000000000000000e+01,2.500000000000000000e+01,2.500000000000000000e+01,2.500000000000000000e+01,2.500000000000000000e+01,2.500000000000000000e+01,2.500000000000000000e+01,2.500000000000000000e+01,2.500000000000000000e+01,2.500000000000000000e+01,2.500000000000000000e+01,2.500000000000000000e+01,2.500000000000000000e+01,2.500000000000000000e+01,2.500000000000000000e+01,2.500000000000000000e+01,2.500000000000000000e+01,2.500000000000000000e+01,2.500000000000000000e+01,2.500000000000000000e+01,2.500000000000000000e+01,2.500000000000000000e+01,2.500000000000000000e+01,2.500000000000000000e+01,2.500000000000000000e+01,2.500000000000000000e+01,2.500000000000000000e+01,2.500000000000000000e+01,2.500000000000000000e+01,2.500000000000000000e+01,2.500000000000000000e+01,2.500000000000000355e+01,2.500000000000004974e+01,2.500000000000077804e+01,2.500000000001059064e+01,2.500000000012902746e+01,2.500000000140657974e+01,2.500000001372115932e+01,2.500000011977389036e+01,2.500000093557497038e+01,2.500000653943289208e+01,2.500004090219713504e+01,2.500022892764741300e+01,2.500114655504741279e+01,2.500513850322452214e+01,2.502060741009562506e+01,2.507395290726199732e+01,2.523748279267102390e+01,2.568242369901471633e+01,2.675477367757691383e+01,2.903769192607782301e+01,3.331362259188771446e+01,4.031766222858290405e+01,5.025455553366456485e+01,6.225907150497876330e+01,7.418915750462417691e+01,8.311012341817612992e+01,8.642982371679551079e+01,8.311012341817612992e+01,7.418915750462417691e+01,6.225907150497876330e+01,5.025455553366456485e+01,4.031766222858290405e+01,3.331362259188771446e+01,2.903769192607782301e+01,2.675477367757691383e+01,2.568242369901471633e+01,2.523748279267102390e+01,2.507395290726199732e+01,2.502060741009562506e+01,2.500513850322452214e+01,2.500114655504741279e+01,2.500022892764741300e+01,2.500004090219713504e+01,2.500000653943289208e+01,2.500000093557497038e+01,2.500000011977389036e+01,2.500000001372115932e+01,2.500000000140657974e+01,2.500000000012902746e+01,2.500000000001059064e+01,2.500000000000077804e+01,2.500000000000004974e+01,2.500000000000000355e+01,2.500000000000000000e+01,2.500000000000000000e+01,2.500000000000000000e+01,2.500000000000000000e+01
2.500000000000000000e+01,2.500000000000000000e+01,2.500000000000000000e+01,2.500000000000000000e+01,2.500000000000000000e+01,2.500000000000000000e+01,2.500000000000000000e+01,2.500000000000000000e+01,2.500000000000000000e+01,2.500000000000000000e+01,2.500000000000000000e+01,2.500000000000000000e+01,2.500000000000000000e+01,2.500000000000000000e+01,2.500000000000000000e+01,2.500000000000000000e+01,2.500000000000000000e+01,2.500000000000000000e+01,2.500000000000000000e+01,2.500000000000000000e+01,2.500000000000000000e+01,2.500000000000000000e+01,2.500000000000000000e+01,2.500000000000000000e+01,2.500000000000000000e+01,2.500000000000000000e+01,2.500000000000000000e+01,2.500000000000000000e+01,2.500000000000000000e+01,2.500000000000000000e+01,2.500000000000000000e+01,2.500000000000000000e+01,2.500000000000000000e+01,2.500000000000000000e+01,2.500000000000000000e+01,2.500000000000000000e+01,2.500000000000000000e+01,2.500000000000000000e+01,2.500000000000000000e+01,2.500000000000000000e+01,2.500000000000000000e+01,2.500000000000000000e+01,2.500000000000000000e+01,2.500000000000000355e+01,2.500000000000004974e+01,2.500000000000075673e+01,2.500000000001028155e+01,2.500000000012527224e+01,2.500000000136564893e+01,2.500000001332187693e+01,2.500000011628849705e+01,2.500000090834995348e+01,2.500000634913688202e+01,2.500003971195250330e+01,2.500022226590496999e+01,2.500111319055643833e+01,2.500498897394999531e+01,2.502000773915121457e+01,2.507180089448921834e+01,2.523057209744530383e+01,2.566256532466406171e+01,2.670371016287144172e+01,2.892019600983628180e+01,3.307169806629145370e+01,3.987192174338099449e+01,4.951965371449998088e+01,6.117484100276730885e+01,7.275776421460432175e+01,8.141913205010513366e+01,8.464222982545760487e+01,8.141913205010513366e+01,7.275776421460432175e+01,6.117484100276730885e+01,4.951965371449998088e+01,3.987192174338099449e+01,3.307169806629145370e+01,2.892019600983628180e+01,2.670371016287144172e+01,2.566256532466406171e+01,2.523057209744530383e+01,2.507180089448921834e+01,2.502000773915121457e+01,2.500498897394999531e+01,2.500111319055643833e+01,2.500022226590496999e+01,2.500003971195250330e+01,2.500000634913688202e+01,2.500000090834995348e+01,2.500000011628849705e+01,2.500000001332187693e+01,2.500000000136564893e+01,2.500000000012527224e+01,2.500000000001028155e+01,2.500000000000075673e+01,2.500000000000004974e+01,2.500000000000000355e+01,2.500000000000000000e+01,2.500000000000000000e+01,2.500000000000000000e+01,2.500000000000000000e+01
2.500000000000000000e+01,2.500000000000000000e+01,2.500000000000000000e+01,2.500000000000000000e+01,2.500000000000000000e+01,2.500000000000000000e+01,2.500000000000000000e+01,2.500000000000000000e+01,2.500000000000000000e+01,2.500000000000000000e+01,2.500000000000000000e+01,2.500000000000000000e+01,2.500000000000000000e+01,2.500000000000000000e+01,2.500000000000000000e+01,2.500000000000000000e+01,2.500000000000000000e+01,2.500000000000000000e+01,2.500000000000000000e+01,2.500000000000000000e+01,2.500000000000000000e+01,2.500000000000000000e+01,2.500000000000000000e+01,2.500000000000000000e+01,2.500000000000000000e+01,2.500000000000000000e+01,2.500000000000000000e+01,2.500000000000000000e+01,2.500000000000000000e+01,2.500000000000000000e+01,2.500000000000000000e+01,2.500000000000000000e+01,2.500000000000000000e+01,2.500000000000000000e+01,2.500000000000000000e+01,2.500000000000000000e+01,2.500000000000000000e+01,2.500000000000000000e+01,2.500000000000000000e+01,2.500000000000000000e+01,2.500000000000000000e+01,2.500000000000000000e+01,2.500000000000000000e+01,2.500000000000000355e+01,2.500000000000004974e+01,2.500000000000073186e+01,2.500000000000996181e+01,2.500000000012137846e+01,2.500000000132321176e+01,2.500000001290789697e+01,2.500000011267481526e+01,2.500000088012283683e+01,2.500000615183647668e+01,2.500003847789747624e+01,2.500021535895780644e+01,2.500107859798879062e+01,2.500483394081765098e+01,2.501938599558172882e+01,2.506956967065655562e+01,2.522340703407628837e+01,2.564197600535817045e+01,2.665076710768539670e+01,2.879837531626298386e+01,3.282086880819245778e+01,3.940977448926392412e+01,4.875770170644150880e+01,6.005070225822403529e+01,7.127368435085890042e+01,7.966589884954527179e+01,8.278883836611099412e+01,7.966589884954527179e+01,7.127368435085890042e+01,6.005070225822403529e+01,4.875770170644150880e+01,3.940977448926392412e+01,3.282086880819245778e+01,2.879837531626298386e+01,2.665076710768539670e+01,2.564197600535817045e+01,2.522340703407628837e+01,2.506956967065655562e+01,2.501938599558172882e+01,2.500483394081765098e+01,2.500107859798879062e+01,2.500021535895780644e+01,2.500003847789747624e+01,2.500000615183647668e+01,2.500000088012283683e+01,2.500000011267481526e+01,2.500000001290789697e+01,2.500000000132321176e+01,2.500000000012137846e+01,2.500000000000996181e+01,2.500000000000073186e+01,2.500000000000004974e+01,2.500000000000000355e+01,2.500000000000000000e+01,2.500000000000000000e+01,2.500000000000000000e+01,2.500000000000000000e+01
2.500000000000000000e+01,2.500000000000000000e+01,2.500000000000000000e+01,2.500000000000000000e+01,2.500000000000000000e+01,2.500000000000000000e+01,2.500000000000000000e+01,2.500000000000000000e+01,2.500000000000000000e+01,2.500000000000000000e+01,2.500000000000000000e+01,2.500000000000000000e+01,2.500000000000000000e+01,2.500000000000000000e+01,2.500000000000000000e+01,2.500000000000000000e+01,2.500000000000000000e+01,2.500000000000000000e+01,2.500000000000000000e+01,2.500000000000000000e+01,2.500000000000000000e+01,2.500000000000000000e+01,2.500000000000000000e+01,2.500000000000000000e+01,2.500000000000000000e+01,2.500000000000000000e+01,2.500000000000000000e+01,2.500000000000000000e+01,2.500000000000000000e+01,2.500000000000000000e+01,2.500000000000000000e+01,2.500000000000000000e+01,2.500000000000000000e+01,2.500000000000000000e+01,2.500000000000000000e+01,2.500000000000000000e+01,2.500000000000000000e+01,2.500000000000000000e+01,2.500000000000000000e+01,2.500000000000000000e+01,2.500000000000000000e+01,2.500000000000000000e+01,2.500000000000000000e+01,2.500000000000000355e+01,2.500000000000004619e+01,2.500000000000070699e+01,2.500000000000963496e+01,2.500000000011736745e+01,2.500000000127948496e+01,2.500000001248133685e+01,2.500000010895130487e+01,2.500000085103784286e+01,2.500000594853971592e+01,2.500003720633702642e+01,2.500020824209458681e+01,2.500104295408321775e+01,2.500467419591561224e+01,2.501874535597071159e+01,2.506727063542980716e+01,2.521602420997496452e+01,2.562076093509672248e+01,2.659621500623217827e+01,2.867285224602158777e+01,3.256241634285647990e+01,3.893358164764707396e+01,4.797259243951266683e+01,5.889239866912584631e+01,6.974450030571412640e+01,7.785938135462541254e+01,8.087911860083650595e+01,7.785938135462541254e+01,6.974450030571412640e+01,5.889239866912584631e+01,4.797259243951266683e+01,3.893358164764707396e+01,3.256241634285647990e+01,2.867285224602158777e+01,2.659621500623217827e+01,2.562076093509672248e+01,2.521602420997496452e+01,2.506727063542980716e+01,2.501874535597071159e+01,2.500467419591561224e+01,2.500104295408321775e+01,2.500020824209458681e+01,2.500003720633702642e+01,2.500000594853971592e+01,2.500000085103784286e+01,2.500000010895130487e+01,2.500000001248133685e+01,2.500000000127948496e+01,2.500000000011736745e+01,2.500000000000963496e+01,2.500000000000070699e+01,2.500000000000004619e+01,2.500000000000000355e+01,2.500000000000000000e+01,2.500000000000000000e+01,2.500000000000000000e+01,2.500000000000000000e+01
2.500000000000000000e+01,2.500000000000000000e+01,2.500000000000000000e+01,2.500000000000000000e+01,2.500000000000000000e+01,2.500000000000000000e+01,2.500000000000000000e+01,2.500000000000000000e+01,2.500000000000000000e+01,2.500000000000000000e+01,2.500000000000000000e+01,2.500000000000000000e+01,2.500000000000000000e+01,2.500000000000000000e+01,2.500000000000000000e+01,2.500000000000000000e+01,2.500000000000000000e+01,2.500000000000000000e+01,2.500000000000000000e+01,2.500000000000000000e+01,2.500000000000000000e+01,2.500000000000000000e+01,2.500000000000000000e+01,2.500000000000000000e+01,2.500000000000000000e+01,2.500000000000000000e+01,2.500000000000000000e+01,2.500000000000000000e+01,2.500000000000000000e+01,2.500000000000000000e+01,2.500000000000000000e+01,2.500000000000000000e+01,2.500000000000000000e+01,2.500000000000000000e+01,2.500000000000000000e+01,2.500000000000000000e+01,2.500000000000000000e+01,2.500000000000000000e+01,2.500000000000000000e+01,2.500000000000000000e+01,2.500000000000000000e+01,2.500000000000000000e+01,2.500000000000000000e+01,2.500000000000000355e+01,2.500000000000004619e+01,2.500000000000068212e+01,2.500000000000929745e+01,2.500000000011326051e+01,2.500000000123468524e+01,2.500000001204431399e+01,2.500000010513650039e+01,2.500000082123971978e+01,2.500000574025833799e+01,2.500003590359928296e+01,2.500020095073355009e+01,2.500100643622749175e+01,2.500451053424074033e+01,2.501808900856686790e+01,2.506491523033702862e+01,2.520846036698332426e+01,2.559902569417646134e+01,2.654032534604344917e+01,2.854425148537712431e+01,3.229762690161095406e+01,3.844571307075834454e+01,4.716823313949002738e+01,5.770569472435483505e+01,6.817782231582108921e+01,7.600856999765792921e+01,7.892257456506878555e+01,7.600856999765792921e+01,6.817782231582108921e+01,5.770569472435483505e+01,4.716823313949002738e+01,3.844571307075834454e+01,3.229762690161095406e+01,2.854425148537712431e+01,2.654032534604344917e+01,2.559902569417646134e+01,2.520846036698332426e+01,2.506491523033702862e+01,2.501808900856686790e+01,2.500451053424074033e+01,2.500100643622749175e+01,2.500020095073355009e+01,2.500003590359928296e+01,2.500000574025833799e+01,2.500000082123971978e+01,2.500000010513650039e+01,2.500000001204431399e+01,2.500000000123468524e+01,2.500000000011326051e+01,2.500000000000929745e+01,2.500000000000068212e+01,2.500000000000004619e+01,2.500000000000000355e+01,2.500000000000000000e+01,2.500000000000000000e+01,2.500000000000000000e+01,2.500000000000000000e+01
2.500000000000000000e+01,2.500000000000000000e+01,2.500000000000000000e+01,2.500000000000000000e+01,2.500000000000000000e+01,2.500000000000000000e+01,2.500000000000000000e+01,2.500000000000000000e+01,2.500000000000000000e+01,2.500000000000000000e+01,2.500000000000000000e+01,2.500000000000000000e+01,2.500000000000000000e+01,2.500000000000000000e+01,2.500000000000000000e+01,2.500000000000000000e+01,2.500000000000000000e+01,2.500000000000000000e+01,2.500000000000000000e+01,2.500000000000000000e+01,2.500000000000000000e+01,2.500000000000000000e+01,2.500000000000000000e+01,2.500000000000000000e+01,2.500000000000000000e+01,2.500000000000000000e+01,2.500000000000000000e+01,2.500000000000000000e+01,2.500000000000000000e+01,2.500000000000000000e+01,2.500000000000000000e+01,2.500000000000000000e+01,2.500000000000000000e+01,2.500000000000000000e+01,2.500000000000000000e+01,2.500000000000000000e+01,2.500000000000000000e+01,2.500000000000000000e+01,2.500000000000000000e+01,2.500000000000000000e+01,2.500000000000000000e+01,2.500000000000000000e+01,2.500000000000000000e+01,2.500000000000000355e+01,2.500000000000004263e+01,2.500000000000065725e+01,2.500000000000895284e+01,2.500000000010907186e+01,2.500000000118902932e+01,2.500000001159894936e+01,2.500000010124884398e+01,2.500000079087255855e+01,2.500000552799956566e+01,2.500003457598414869e+01,2.500019352013493190e+01,2.500096922101803543e+01,2.500434374724326503e+01,2.501742012739555676e+01,2.506251484586359979e+01,2.520075208303155989e+01,2.557687539188190939e+01,2.648336840349739063e+01,2.841319493375967653e+01,3.202778097767982501e+01,3.794852803849935441e+01,4.634851360133089315e+01,5.649632919639742568e+01,6.658122666723090788e+01,7.412241510305992165e+01,7.692866789507390024e+01,7.412241510305992165e+01,6.658122666723090788e+01,5.649632919639742568e+01,4.634851360133089315e+01,3.794852803849935441e+01,3.202778097767982501e+01,2.841319493375967653e+01,2.648336840349739063e+01,2.557687539188190939e+01,2.520075208303155989e+01,2.506251484586359979e+01,2.501742012739555676e+01,2.500434374724326503e+01,2.500096922101803543e+01,2.500019352013493190e+01,2.500003457598414869e+01,2.500000552799956566e+01,2.500000079087255855e+01,2.500000010124884398e+01,2.500000001159894936e+01,2.500000000118902932e+01,2.500000000010907186e+01,2.500000000000895284e+01,2.500000000000065725e+01,2.500000000000004263e+01,2.500000000000000355e+01,2.500000000000000000e+01,2.500000000000000000e+01,2.500000000000000000e+01,2.500000000000000000e+01
2.500000000000000000e+01,2.500000000000000000e+01,2.500000000000000000e+01,2.500000000000000000e+01,2.500000000000000000e+01,2.500000000000000000e+01,2.500000000000000000e+01,2.500000000000000000e+01,2.500000000000000000e+01,2.500000000000000000e+01,2.500000000000000000e+01,2.500000000000000000e+01,2.500000000000000000e+01,2.500000000000000000e+01,2.500000000000000000e+01,2.500000000000000000e+01,2.500000000000000000e+01,2.500000000000000000e+01,2.500000000000000000e+01,2.500000000000000000e+01,2.500000000000000000e+01,2.500000000000000000e+01,2.500000000000000000e+01,2.500000000000000000e+01,2.500000000000000000e+01,2.500000000000000000e+01,2.500000000000000000e+01,2.500000000000000000e+01,2.500000000000000000e+01,2.500000000000000000e+01,2.500000000000000000e+01,2.500000000000000000e+01,2.500000000000000000e+01,2.500000000000000000e+01,2.500000000000000000e+01,2.500000000000000000e+01,2.500000000000000000e+01,2.500000000000000000e+01,2.500000000000000000e+01,2.500000000000000000e+01,2.500000000000000000e+01,2.500000000000000000e+01,2.500000000000000000e+01,2.500000000000000355e+01,2.500000000000004263e+01,2.500000000000063238e+01,2.500000000000860467e+01,2.500000000010482282e+01,2.500000000114273035e+01,2.500000001114732839e+01,2.500000009730656103e+01,2.500000076007869509e+01,2.500000531275822624e+01,2.500003322971393516e+01,2.500018598512473034e+01,2.500093148287640332e+01,2.500417461662637919e+01,2.501674184739268725e+01,2.506008073221626020e+01,2.519293548557717344e+01,2.555441384303225760e+01,2.642561112640415999e+01,2.828029683164453800e+01,3.175414329447087880e+01,3.744435677524081996e+01,4.551727571552079610e+01,5.526997018232722780e+01,6.496219634082424932e+01,7.220975676821416300e+01,7.490674370306153662e+01,7.220975676821416300e+01,6.496219634082424932e+01,5.526997018232722780e+01,4.551727571552079610e+01,3.744435677524081996e+01,3.175414329447087880e+01,2.828029683164453800e+01,2.642561112640415999e+01,2.555441384303225760e+01,2.519293548557717344e+01,2.506008073221626020e+01,2.501674184739268725e+01,2.500417461662637919e+01,2.500093148287640332e+01,2.500018598512473034e+01,2.500003322971393516e+01,2.500000531275822624e+01,2.500000076007869509e+01,2.500000009730656103e+01,2.500000001114732839e+01,2.500000000114273035e+01,2.500000000010482282e+01,2.500000000000860467e+01,2.500000000000063238e+01,2.500000000000004263e+01,2.500000000000000355e+01,2.500000000000000000e+01,2.500000000000000000e+01,2.500000000000000000e+01,2.500000000000000000e+01
2.500000000000000000e+01,2.500000000000000000e+01,2.500000000000000000e+01,2.500000000000000000e+01,2.500000000000000000e+01,2.500000000000000000e+01,2.500000000000000000e+01,2.500000000000000000e+01,2.500000000000000000e+01,2.500000000000000000e+01,2.500000000000000000e+01,2.500000000000000000e+01,2.500000000000000000e+01,2.500000000000000000e+01,2.500000000000000000e+01,2.500000000000000000e+01,2.500000000000000000e+01,2.500000000000000000e+01,2.500000000000000000e+01,2.500000000000000000e+01,2.500000000000000000e+01,2.500000000000000000e+01,2.500000000000000000e+01,2.500000000000000000e+01,2.500000000000000000e+01,2.500000000000000000e+01,2.500000000000000000e+01,2.500000000000000000e+01,2.500000000000000000e+01,2.500000000000000000e+01,2.500000000000000000e+01,2.500000000000000000e+01,2.500000000000000000e+01,2.500000000000000000e+01,2.500000000000000000e+01,2.500000000000000000e+01,2.500000000000000000e+01,2.500000000000000000e+01,2.500000000000000000e+01,2.500000000000000000e+01,2.500000000000000000e+01,2.500000000000000000e+01,2.500000000000000000e+01,2.500000000000000355e+01,2.500000000000003908e+01,2.500000000000060751e+01,2.500000000000825295e+01,2.500000000010053824e+01,2.500000000109600506e+01,2.500000001069149036e+01,2.500000009332750750e+01,2.500000072899760539e+01,2.500000509550925187e+01,2.500003187088656631e+01,2.500017837983271818e+01,2.500089339273725741e+01,2.500400390846608900e+01,2.501605724082302018e+01,2.505762391469661665e+01,2.518504597984643567e+01,2.553174278706389089e+01,2.636731512596689342e+01,2.814615914010290609e+01,3.147795329205346704e+01,3.693548292137242584e+01,4.467828456854481090e+01,5.403217246715652777e+01,6.332806472371567708e+01,7.027925836634994994e+01,7.286596028123560131e+01,7.027925836634994994e+01,6.332806472371567708e+01,5.403217246715652777e+01,4.467828456854481090e+01,3.693548292137242584e+01,3.147795329205346704e+01,2.814615914010290609e+01,2.636731512596689342e+01,2.553174278706389089e+01,2.518504597984643567e+01,2.505762391469661665e+01,2.501605724082302018e+01,2.500400390846608900e+01,2.500089339273725741e+01,2.500017837983271818e+01,2.500003187088656631e+01,2.500000509550925187e+01,2.500000072899760539e+01,2.500000009332750750e+01,2.500000001069149036e+01,2.500000000109600506e+01,2.500000000010053824e+01,2.500000000000825295e+01,2.500000000000060751e+01,2.500000000000003908e+01,2.500000000000000355e+01,2.500000000000000000e+01,2.500000000000000000e+01,2.500000000000000000e+01,2.500000000000000000e+01
2.500000000000000000e+01,2.500000000000000000e+01,2.500000000000000000e+01,2.500000000000000000e+01,2.500000000000000000e+01,2.500000000000000000e+01,2.500000000000000000e+01,2.500000000000000000e+01,2.500000000000000000e+01,2.500000000000000000e+01,2.500000000000000000e+01,2.500000000000000000e+01,2.500000000000000000e+01,2.500000000000000000e+01,2.500000000000000000e+01,2.500000000000000000e+01,2.500000000000000000e+01,2.500000000000000000e+01,2.500000000000000000e+01,2.500000000000000000e+01,2.500000000000000000e+01,2.500000000000000000e+01,2.500000000000000000e+01,2.500000000000000000e+01,2.500000000000000000e+01,2.500000000000000000e+01,2.500000000000000000e+01,2.500000000000000000e+01,2.500000000000000000e+01,2.500000000000000000e+01,2.500000000000000000e+01,2.500000000000000000e+01,2.500000000000000000e+01,2.500000000000000000e+01,2.500000000000000000e+01,2.500000000000000000e+01,2.500000000000000000e+01,2.500000000000000000e+01,2.500000000000000000e+01,2.500000000000000000e+01,2.500000000000000000e+01,2.500000000000000000e+01,2.500000000000000000e+01,2.500000000000000355e+01,2.500000000000003908e+01,2.500000000000057909e+01,2.500000000000789768e+01,2.500000000009623236e+01,2.500000000104904885e+01,2.500000001023343188e+01,2.500000008932904549e+01,2.500000069776492495e+01,2.500000487720068776e+01,2.500003050543177707e+01,2.500017073744736962e+01,2.500085511682085482e+01,2.500383236770989370e+01,2.501536929521774155e+01,2.505515511452656341e+01,2.517711799458341204e+01,2.550896115742211734e+01,2.630873479810693993e+01,2.801136721801655227e+01,3.120041622652761504e+01,3.642412713409078862e+01,4.383520140515797436e+01,5.278833763397559409e+01,6.168596294694706472e+01,6.833934433337915948e+01,7.081522333453247597e+01,6.833934433337915948e+01,6.168596294694706472e+01,5.278833763397559409e+01,4.383520140515797436e+01,3.642412713409078862e+01,3.120041622652761504e+01,2.801136721801655227e+01,2.630873479810693993e+01,2.550896115742211734e+01,2.517711799458341204e+01,2.505515511452656341e+01,2.501536929521774155e+01,2.500383236770989370e+01,2.500085511682085482e+01,2.500017073744736962e+01,2.500003050543177707e+01,2.500000487720068776e+01,2.500000069776492495e+01,2.500000008932904549e+01,2.500000001023343188e+01,2.500000000104904885e+01,2.500000000009623236e+01,2.500000000000789768e+01,2.500000000000057909e+01,2.500000000000003908e+01,2.500000000000000355e+01,2.500000000000000000e+01,2.500000000000000000e+01,2.500000000000000000e+01,2.500000000000000000e+01
2.500000000000000000e+01,2.500000000000000000e+01,2.500000000000000000e+01,2.500000000000000000e+01,2.500000000000000000e+01,2.500000000000000000e+01,2.500000000000000000e+01,2.500000000000000000e+01,2.500000000000000000e+01,2.500000000000000000e+01,2.500000000000000000e+01,2.500000000000000000e+01,2.500000000000000000e+01,2.500000000000000000e+01,2.500000000000000000e+01,2.500000000000000000e+01,2.500000000000000000e+01,2.500000000000000000e+01,2.500000000000000000e+01,2.500000000000000000e+01,2.500000000000000000e+01,2.500000000000000000e+01,2.500000000000000000e+01,2.500000000000000000e+01,2.500000000000000000e+01,2.500000000000000000e+01,2.500000000000000000e+01,2.500000000000000000e+01,2.500000000000000000e+01,2.500000000000000000e+01,2.500000000000000000e+01,2.500000000000000000e+01,2.500000000000000000e+01,2.500000000000000000e+01,2.500000000000000000e+01,2.500000000000000000e+01,2.500000000000000000e+01,2.500000000000000000e+01,2.500000000000000000e+01,2.500000000000000000e+01,2.500000000000000000e+01,2.500000000000000000e+01,2.500000000000000000e+01,2.500000000000000355e+01,2.500000000000003553e+01,2.500000000000055422e+01,2.500000000000754596e+01,2.500000000009191936e+01,2.500000000100206066e+01,2.500000000977506787e+01,2.500000008532793316e+01,2.500000066651151442e+01,2.500000465874723332e+01,2.500002913907076518e+01,2.500016308998991477e+01,2.500081681550144452e+01,2.500366071310531169e+01,2.501468089303584108e+01,2.505268467586003922e+01,2.516918474766493929e+01,2.548616440803909100e+01,2.625011559157965735e+01,2.787648583705401961e+01,3.092269496484522406e+01,3.591243196954268768e+01,4.299155870325311923e+01,5.154367729089310046e+01,6.004277133795959998e+01,6.639814281576838084e+01,6.876312535209541466e+01,6.639814281576838084e+01,6.004277133795959998e+01,5.154367729089310046e+01,4.299155870325311923e+01,3.591243196954268768e+01,3.092269496484522406e+01,2.787648583705401961e+01,2.625011559157965735e+01,2.548616440803909100e+01,2.516918474766493929e+01,2.505268467586003922e+01,2.501468089303584108e+01,2.500366071310531169e+01,2.500081681550144452e+01,2.500016308998991477e+01,2.500002913907076518e+01,2.500000465874723332e+01,2.500000066651151442e+01,2.500000008532793316e+01,2.500000000977506787e+01,2.500000000100206066e+01,2.500000000009191936e+01,2.500000000000754596e+01,2.500000000000055422e+01,2.500000000000003553e+01,2.500000000000000355e+01,2.500000000000000000e+01,2.500000000000000000e+01,2.500000000000000000e+01,2.500000000000000000e+01
2.500000000000000000e+01,2.500000000000000000e+01,2.500000000000000000e+01,2.500000000000000000e+01,2.500000000000000000e+01,2.500000000000000000e+01,2.500000000000000000e+01,2.500000000000000000e+01,2.500000000000000000e+01,2.500000000000000000e+01,2.500000000000000000e+01,2.500000000000000000e+01,2.500000000000000000e+01,2.500000000000000000e+01,2.500000000000000000e+01,2.500000000000000000e+01,2.500000000000000000e+01,2.500000000000000000e+01,2.500000000000000000e+01,2.500000000000000000e+01,2.500000000000000000e+01,2.500000000000000000e+01,2.500000000000000000e+01,2.500000000000000000e+01,2.500000000000000000e+01,2.500000000000000000e+01,2.500000000000000000e+01,2.500000000000000000e+01,2.500000000000000000e+01,2.500000000000000000e+01,2.500000000000000000e+01,2.500000000000000000e+01,2.500000000000000000e+01,2.500000000000000000e+01,2.500000000000000000e+01,2.500000000000000000e+01,2.500000000000000000e+01,2.500000000000000000e+01,2.500000000000000000e+01,2.500000000000000000e+01,2.500000000000000000e+01,2.500000000000000000e+01,2.500000000000000000e+01,2.500000000000000355e+01,2.500000000000003553e+01,2.500000000000052935e+01,2.500000000000719425e+01,2.500000000008762413e+01,2.500000000095522878e+01,2.500000000931823863e+01,2.500000008134020035e+01,2.500000063536262829e+01,2.500000444102440156e+01,2.500002777727955916e+01,2.500015546810945466e+01,2.500077864228117619e+01,2.500348963260124435e+01,2.501399479322182628e+01,2.505022249960000380e+01,2.516127803356903669e+01,2.546344390260924584e+01,2.619169243756683585e+01,2.774205556820059826e+01,3.064590254466200392e+01,3.540244817451984005e+01,4.215073757268658028e+01,5.030317972660557047e+01,5.840507539951710214e+01,6.446343366578153677e+01,6.671789063160285593e+01,6.446343366578153677e+01,5.840507539951710214e+01,5.030317972660557047e+01,4.215073757268658028e+01,3.540244817451984005e+01,3.064590254466200392e+01,2.774205556820059826e+01,2.619169243756683585e+01,2.546344390260924584e+01,2.516127803356903669e+01,2.505022249960000380e+01,2.501399479322182628e+01,2.500348963260124435e+01,2.500077864228117619e+01,2.500015546810945466e+01,2.500002777727955916e+01,2.500000444102440156e+01,2.500000063536262829e+01,2.500000008134020035e+01,2.500000000931823863e+01,2.500000000095522878e+01,2.500000000008762413e+01,2.500000000000719425e+01,2.500000000000052935e+01,2.500000000000003553e+01,2.500000000000000355e+01,2.500000000000000000e+01,2.500000000000000000e+01,2.500000000000000000e+01,2.500000000000000000e+01
