2.502871377008023046e+01,2.504139323833200237e+01,2.505912175866997060e+01,2.508366504316575174e+01,2.511730580100210375e+01,2.516295725262024519e+01,2.522428831774347557e+01,2.530585696015157993e+01,2.541324616977008333e+01,2.555319476397588119e+01,2.573371270519550436e+01,2.596416813213047803e+01,2.625533102184796519e+01,2.661935663238954675e+01,2.706969095749046517e+01,2.762088071314957105e+01,2.828827221164287309e+01,2.908758714465249540e+01,3.003436896750787355e+01,3.114330126633850071e+01,3.242740901112995999e+01,3.389716452754917952e+01,3.555953169111914747e+01,3.741699336268282394e+01,3.946661736781408791e+01,4.169922419903738842e+01,4.409872392202393598e+01,4.664168946779181368e+01,4.929722784038391126e+01,5.202719941513744573e+01,5.478681860309327334e+01,5.752564743166916372e+01,6.018896832290438681e+01,6.271949531904527220e+01,6.505935635948833351e+01,6.715225528235258423e+01,6.894570329139516218e+01,7.039319768960692159e+01,7.145622221233506366e+01,7.210594906850393215e+01,7.232453776797714795e+01,7.210594906850393215e+01,7.145622221233506366e+01,7.039319768960692159e+01,6.894570329139516218e+01,6.715225528235258423e+01,6.505935635948833351e+01,6.271949531904527220e+01,6.018896832290438681e+01,5.752564743166916372e+01,5.478681860309327334e+01,5.202719941513744573e+01,4.929722784038391126e+01,4.664168946779181368e+01,4.409872392202393598e+01,4.169922419903738842e+01,3.946661736781408791e+01,3.741699336268282394e+01,3.555953169111914747e+01,3.389716452754917952e+01,3.242740901112995999e+01,3.114330126633850071e+01,3.003436896750787355e+01,2.908758714465249540e+01,2.828827221164287309e+01,2.762088071314957105e+01,2.706969095749046517e+01,2.661935663238954675e+01,2.625533102184796519e+01,2.596416813213047803e+01,2.573371270519550436e+01,2.555319476397588119e+01,2.541324616977008333e+01,2.530585696015157993e+01,2.522428831774347557e+01,2.516295725262024519e+01,2.511730580100210375e+01,2.508366504316575174e+01,2.505912175866997060e+01,2.504139323833200237e+01,2.502871377008023046e+01,2.501973466632981058e+01,2.501343841695643633e+01,2.500906661534064668e+01,2.500606067539918698e+01,2.500401398377733386e+01,2.500263395867083105e+01,2.500171246243816014e+01,2.500110309243737561e+01,2.500070401435536027e+01,2.500044517408759859e+01,2.500027890544600240e+01,2.500017312622787102e+01,2.500010647496192462e+01,2.500006488000506266e+01,2.500003916994949194e+01,2.500002343008708294e+01,2.500001388588450979e+01,2.500000815364782980e+01,2.500000474361141301e+01
2.503010136979890277e+01,2.504339357634766827e+01,2.506197883161680906e+01,2.508770817613071458e+01,2.512297463153235455e+01,2.517083220032861135e+01,2.523512710365466916e+01,2.532063756996614501e+01,2.543321638849490185e+01,2.557992803155866568e+01,2.576916954490943468e+01,2.601076178476338541e+01,2.631599518987232500e+01,2.669761242399264844e+01,2.716970926168155742e+01,2.774753539242313494e+01,2.844717874265752755e+01,2.928512075852939844e+01,3.027765603651692317e+01,3.144017775051620589e+01,3.278634030526267651e+01,3.432712210403373376e+01,3.606982355328121770e+01,3.801704749868456901e+01,4.016572006779619386e+01,4.250621815127445302e+01,4.502167426491513424e+01,4.768752922109646875e+01,5.047139711253764460e+01,5.333329520820897329e+01,5.622627364499061997e+01,5.909745702336650908e+01,6.188948352550176679e+01,6.454229883620855901e+01,6.699523421389068289e+01,6.918927297135229537e+01,7.106938977887907072e+01,7.258683468564927921e+01,7.370123011942672520e+01,7.438235517932560015e+01,7.461150722931135704e+01,7.438235517932560015e+01,7.370123011942672520e+01,7.258683468564927921e+01,7.106938977887907072e+01,6.918927297135229537e+01,6.699523421389068289e+01,6.454229883620855901e+01,6.188948352550176679e+01,5.909745702336650908e+01,5.622627364499061997e+01,5.333329520820897329e+01,5.047139711253764460e+01,4.768752922109646875e+01,4.502167426491513424e+01,4.250621815127445302e+01,4.016572006779619386e+01,3.801704749868456901e+01,3.606982355328121770e+01,3.432712210403373376e+01,3.278634030526267651e+01,3.144017775051620589e+01,3.027765603651692317e+01,2.928512075852939844e+01,2.844717874265752755e+01,2.774753539242313494e+01,2.716970926168155742e+01,2.669761242399264844e+01,2.631599518987232500e+01,2.601076178476338541e+01,2.576916954490943468e+01,2.557992803155866568e+01,2.543321638849490185e+01,2.532063756996614501e+01,2.523512710365466916e+01,2.517083220032861135e+01,2.512297463153235455e+01,2.508770817613071458e+01,2.506197883161680906e+01,2.504339357634766827e+01,2.503010136979890277e+01,2.502068834873971070e+01,2.501408783162877469e+01,2.500950476166768510e+01,2.500635355896882572e+01,2.500420796049110805e+01,2.500276124534549638e+01,2.500179521758981238e+01,2.500115639963986069e+01,2.500073803601530642e+01,2.500046668723049237e+01,2.500029238361753059e+01,2.500018149259370759e+01,2.500011162038959611e+01,2.500006801534662415e+01,2.500004106284654881e+01,2.500002456235157666e+01,2.500001455692315488e+01,2.500000854767478842e+01,2.500000497284755596e+01
2.503147562812769422e+01,2.504537468166314795e+01,2.506480843459259589e+01,2.509171243548356145e+01,2.512858895781525703e+01,2.517863143257936187e+01,2.524586167761860267e+01,2.533527606828011614e+01,2.545299459905592698e+01,2.560640426612185294e+01,2.580428547685558982e+01,2.605690745223349580e+01,2.637607608859598329e+01,2.677511580766977772e+01,2.726876591737003253e+01,2.787297232176925377e+01,2.860455743105534765e+01,2.948075514100524330e+01,3.051860396723013835e+01,3.173419984890143297e+01,3.314182057366230794e+01,3.475294575660346652e+01,3.657520909945330345e+01,3.861133227910644905e+01,4.085810108748137282e+01,4.330545307848041148e+01,4.593575069395220822e+01,4.872331351264467969e+01,5.163427706988532151e+01,5.462683324923861505e+01,5.765188872232533157e+01,6.065415409788541723e+01,6.357364874184936809e+01,6.634757659859110390e+01,6.891249913484060130e+01,7.120670529519038894e+01,7.317265760452674783e+01,7.475938046494297851e+01,7.592465289258041139e+01,7.663687427111094053e+01,7.687648810789764298e+01,7.663687427111094053e+01,7.592465289258041139e+01,7.475938046494297851e+01,7.317265760452674783e+01,7.120670529519038894e+01,6.891249913484060130e+01,6.634757659859110390e+01,6.357364874184936809e+01,6.065415409788541723e+01,5.765188872232533157e+01,5.462683324923861505e+01,5.163427706988532151e+01,4.872331351264467969e+01,4.593575069395220822e+01,4.330545307848041148e+01,4.085810108748137282e+01,3.861133227910644905e+01,3.657520909945330345e+01,3.475294575660346652e+01,3.314182057366230794e+01,3.173419984890143297e+01,3.051860396723013835e+01,2.948075514100524330e+01,2.860455743105534765e+01,2.787297232176925377e+01,2.726876591737003253e+01,2.677511580766977772e+01,2.637607608859598329e+01,2.605690745223349580e+01,2.580428547685558982e+01,2.560640426612185294e+01,2.545299459905592698e+01,2.533527606828011614e+01,2.524586167761860267e+01,2.517863143257936187e+01,2.512858895781525703e+01,2.509171243548356145e+01,2.506480843459259589e+01,2.504537468166314795e+01,2.503147562812769422e+01,2.502163286175537493e+01,2.501473100235753932e+01,2.500993869533822078e+01,2.500664362654344686e+01,2.500440007217209626e+01,2.500288730819377392e+01,2.500187717707342472e+01,2.500120919430824884e+01,2.500077173056634194e+01,2.500048799353042739e+01,2.500030573220014674e+01,2.500018977851923907e+01,2.500011671634539923e+01,2.500007112054274216e+01,2.500004293754392037e+01,2.500002568372965328e+01,2.500001522150995115e+01,2.500000893791328238e+01,2.500000519987965220e+01
2.503282877353851532e+01,2.504732535098770896e+01,2.506759456599228386e+01,2.509565517685432567e+01,2.513411703043843559e+01,2.518631084416227495e+01,2.525643133485997183e+01,2.534968967334975787e+01,2.547246895427301183e+01,2.563247374268564016e+01,2.583886191795415854e+01,2.610234417752618441e+01,2.643523395628557893e+01,2.685142849630241102e+01,2.736630075215913394e+01,2.799648214647706013e+01,2.875951828921798281e+01,2.967338396580483106e+01,3.075585018205084964e+01,3.202370484572399789e+01,3.349183955025869608e+01,3.517222742237356670e+01,3.707283033861278909e+01,3.919648698146600196e+01,4.153984496321331221e+01,4.409240925059128813e+01,4.683578404225259817e+01,4.974318490897982059e+01,5.277929154398745482e+01,5.590049848907897001e+01,5.905560188096432483e+01,6.218693542312386313e+01,6.523193989848411434e+01,6.812511963271253990e+01,7.080030885355236592e+01,7.319314353133034956e+01,7.524361263996553362e+01,7.689854912738573489e+01,7.811391691869366127e+01,7.885675687887530216e+01,7.910667177660668870e+01,7.885675687887530216e+01,7.811391691869366127e+01,7.689854912738573489e+01,7.524361263996553362e+01,7.319314353133034956e+01,7.080030885355236592e+01,6.812511963271253990e+01,6.523193989848411434e+01,6.218693542312386313e+01,5.905560188096432483e+01,5.590049848907897001e+01,5.277929154398745482e+01,4.974318490897982059e+01,4.683578404225259817e+01,4.409240925059128813e+01,4.153984496321331221e+01,3.919648698146600196e+01,3.707283033861278909e+01,3.517222742237356670e+01,3.349183955025869608e+01,3.202370484572399789e+01,3.075585018205084964e+01,2.967338396580483106e+01,2.875951828921798281e+01,2.799648214647706013e+01,2.736630075215913394e+01,2.685142849630241102e+01,2.643523395628557893e+01,2.610234417752618441e+01,2.583886191795415854e+01,2.563247374268564016e+01,2.547246895427301183e+01,2.534968967334975787e+01,2.525643133485997183e+01,2.518631084416227495e+01,2.513411703043843559e+01,2.509565517685432567e+01,2.506759456599228386e+01,2.504732535098770896e+01,2.503282877353851532e+01,2.502256286408887931e+01,2.501536429196675826e+01,2.501036596242664345e+01,2.500692923777039667e+01,2.500458923241515308e+01,2.500301143432133344e+01,2.500195787740232234e+01,2.500126117788494895e+01,2.500080490746340089e+01,2.500050897249877480e+01,2.500031887570666811e+01,2.500019793714696803e+01,2.500012173401133708e+01,2.500007417803330512e+01,2.500004478344006387e+01,2.500002678787984678e+01,2.500001587588660712e+01,2.500000932215649030e+01,2.500000542342382914e+01
2.503415285516780386e+01,2.504923412250391834e+01,2.507032085495842821e+01,2.509951323333244844e+01,2.513952636734131829e+01,2.519382531209702591e+01,2.526677396978245937e+01,2.536379369316307830e+01,2.549152502598485626e+01,2.565798328122245664e+01,2.587269570262995089e+01,2.614680498179298951e+01,2.649312119087930384e+01,2.692610208887565904e+01,2.746174066713580686e+01,2.811733914279418656e+01,2.891115079220766049e+01,2.986187537711118978e+01,3.098800066059511238e+01,3.230699165644978166e+01,3.383434058016065649e+01,3.558250347009445136e+01,3.755976332884816316e+01,3.976907333138045431e+01,4.220694587824964117e+01,4.486246264042929965e+01,4.771648585944135590e+01,5.074115081074040745e+01,5.389971261499945143e+01,5.714680707679492855e+01,6.042916512943691032e+01,6.368679462394093349e+01,6.685461314479675821e+01,6.986448338322041707e+01,7.264757090547037421e+01,7.513691569000127402e+01,7.727008628838237314e+01,7.899177126392567061e+01,8.025615843646059488e+01,8.102895933147959795e+01,8.128895403693164212e+01,8.102895933147959795e+01,8.025615843646059488e+01,7.899177126392567061e+01,7.727008628838237314e+01,7.513691569000127402e+01,7.264757090547037421e+01,6.986448338322041707e+01,6.685461314479675821e+01,6.368679462394093349e+01,6.042916512943691032e+01,5.714680707679492855e+01,5.389971261499945143e+01,5.074115081074040745e+01,4.771648585944135590e+01,4.486246264042929965e+01,4.220694587824964117e+01,3.976907333138045431e+01,3.755976332884816316e+01,3.558250347009445136e+01,3.383434058016065649e+01,3.230699165644978166e+01,3.098800066059511238e+01,2.986187537711118978e+01,2.891115079220766049e+01,2.811733914279418656e+01,2.746174066713580686e+01,2.692610208887565904e+01,2.649312119087930384e+01,2.614680498179298951e+01,2.587269570262995089e+01,2.565798328122245664e+01,2.549152502598485626e+01,2.536379369316307830e+01,2.526677396978245937e+01,2.519382531209702591e+01,2.513952636734131829e+01,2.509951323333244844e+01,2.507032085495842821e+01,2.504923412250391834e+01,2.503415285516780386e+01,2.502347289119693485e+01,2.501598397934911944e+01,2.501078405238065727e+01,2.500720871444429605e+01,2.500477432974528114e+01,2.500313289438312836e+01,2.500203684439442853e+01,2.500131204492287651e+01,2.500083737176440124e+01,2.500052950086650938e+01,2.500033173690797739e+01,2.500020592053811441e+01,2.500012664390441941e+01,2.500007716985300021e+01,2.500004658968878601e+01,2.500002786831435131e+01,2.500001651620811671e+01,2.500000969814666263e+01,2.500000564216656684e+01
2.503543981781668748e+01,2.505108938398650409e+01,2.507297071580679315e+01,2.510326313399929532e+01,2.514478406021707713e+01,2.520112912127641991e+01,2.527682666180827908e+01,2.537750232433607422e+01,2.551004688444517754e+01,2.568277769159788448e+01,2.590558099926496638e+01,2.619001938275213348e+01,2.654938562890290754e+01,2.699868230022666182e+01,2.755450504288931768e+01,2.823480806364917228e+01,2.905853246671161827e+01,3.004508266631514246e+01,3.121364308942901289e+01,3.258233687404140255e+01,3.416724001999725147e+01,3.598127793948434316e+01,3.803304575878337346e+01,4.032560793566813118e+01,4.285534544946739288e+01,4.561092854196171942e+01,4.857249829738685776e+01,5.171113998060430816e+01,5.498872407586354427e+01,5.835817695452330867e+01,6.176422224190037724e+01,6.514460713892427179e+01,6.843179676637575426e+01,7.155508623595315498e+01,7.444304726503327174e+01,7.702619661559957365e+01,7.923975027039929842e+01,8.102631252328242795e+01,8.233834487970568716e+01,8.314026679204590664e+01,8.341005873035535956e+01,8.314026679204590664e+01,8.233834487970568716e+01,8.102631252328242795e+01,7.923975027039929842e+01,7.702619661559957365e+01,7.444304726503327174e+01,7.155508623595315498e+01,6.843179676637575426e+01,6.514460713892427179e+01,6.176422224190037724e+01,5.835817695452330867e+01,5.498872407586354427e+01,5.171113998060430816e+01,4.857249829738685776e+01,4.561092854196171942e+01,4.285534544946739288e+01,4.032560793566813118e+01,3.803304575878337346e+01,3.598127793948434316e+01,3.416724001999725147e+01,3.258233687404140255e+01,3.121364308942901289e+01,3.004508266631514246e+01,2.905853246671161827e+01,2.823480806364917228e+01,2.755450504288931768e+01,2.699868230022666182e+01,2.654938562890290754e+01,2.619001938275213348e+01,2.590558099926496638e+01,2.568277769159788448e+01,2.551004688444517754e+01,2.537750232433607422e+01,2.527682666180827908e+01,2.520112912127641991e+01,2.514478406021707713e+01,2.510326313399929532e+01,2.507297071580679315e+01,2.505108938398650409e+01,2.503543981781668748e+01,2.502435740682771481e+01,2.501658629456703764e+01,2.501119042170320128e+01,2.500748035633750277e+01,2.500495423810215101e+01,2.500325094946327553e+01,2.500211359764519869e+01,2.500136148596671148e+01,2.500086892596912946e+01,2.500054945374700566e+01,2.500034423756151725e+01,2.500021368012482625e+01,2.500013141615475831e+01,2.500008007780075303e+01,2.500004834530157538e+01,2.500002891846021669e+01,2.500001713857901109e+01,2.500001006359641664e+01,2.500000585477712534e+01
2.503668158142747657e+01,2.505287948737417025e+01,2.507552751166874216e+01,2.510688133550358714e+01,2.514985709920191681e+01,2.520817641551372290e+01,2.528652629618301972e+01,2.539072949869043683e+01,2.552791824214163796e+01,2.570670130475156867e+01,2.593731134103263614e+01,2.623171606339751705e+01,2.660367402008482429e+01,2.706871344324165563e+01,2.764401146818303445e+01,2.834815139295457698e+01,2.920073799260988778e+01,3.022185558599683475e+01,3.143136079663570825e+01,3.284801177292536067e+01,3.448844779615077982e+01,3.636604716758040468e+01,3.848970617517414894e+01,4.086259665118974738e+01,4.348097276933310695e+01,4.633310779187564776e+01,4.939844697332089396e+01,5.264706244505156008e+01,5.603948868430379093e+01,5.952700266572156096e+01,6.305239120470431402e+01,6.655122024772501277e+01,6.995358858411458414e+01,7.318631392126152946e+01,7.617546522546754773e+01,7.884912465939130755e+01,8.114023826083843005e+01,8.298939925521372629e+01,8.434740346298245584e+01,8.517742364192747573e+01,8.545666872734986441e+01,8.517742364192747573e+01,8.434740346298245584e+01,8.298939925521372629e+01,8.114023826083843005e+01,7.884912465939130755e+01,7.617546522546754773e+01,7.318631392126152946e+01,6.995358858411458414e+01,6.655122024772501277e+01,6.305239120470431402e+01,5.952700266572156096e+01,5.603948868430379093e+01,5.264706244505156008e+01,4.939844697332089396e+01,4.633310779187564776e+01,4.348097276933310695e+01,4.086259665118974738e+01,3.848970617517414894e+01,3.636604716758040468e+01,3.448844779615077982e+01,3.284801177292536067e+01,3.143136079663570825e+01,3.022185558599683475e+01,2.920073799260988778e+01,2.834815139295457698e+01,2.764401146818303445e+01,2.706871344324165563e+01,2.660367402008482429e+01,2.623171606339751705e+01,2.593731134103263614e+01,2.570670130475156867e+01,2.552791824214163796e+01,2.539072949869043683e+01,2.528652629618301972e+01,2.520817641551372290e+01,2.514985709920191681e+01,2.510688133550358714e+01,2.507552751166874216e+01,2.505287948737417025e+01,2.503668158142747657e+01,2.502521085764420050e+01,2.501716745604866787e+01,2.501158251904783825e+01,2.500774245797537532e+01,2.500512782795033573e+01,2.500336485836553990e+01,2.500218765526753728e+01,2.500140919060613243e+01,2.500089937196787915e+01,2.500056870586823266e+01,2.500035629918326663e+01,2.500022116718936971e+01,2.500013602080029429e+01,2.500008288361932429e+01,2.500005003925599922e+01,2.500002993172421739e+01,2.500001773909179548e+01,2.500001041621131748e+01,2.500000605992065061e+01
2.503787012397937062e+01,2.505459286827054299e+01,2.507797472517382431e+01,2.511034446359964889e+01,2.515471271153306176e+01,2.521492166799495749e+01,2.529581021148868913e+01,2.540338976625258383e+01,2.554502364682404192e+01,2.572959956975245177e+01,2.596768174410248875e+01,2.627162565552064422e+01,2.665563565145586011e+01,2.713574310388574773e+01,2.772968171508474100e+01,2.845663691200408962e+01,2.933684869610981139e+01,3.039105215065652388e+01,3.163974728587448482e+01,3.310230004450234276e+01,3.479588884744426025e+01,3.673432547456224739e+01,3.892679446793135867e+01,4.137657043230328213e+01,4.407978617055502468e+01,4.702433497969364140e+01,5.018899610723178029e+01,5.354287197321599479e+01,5.704521830812964112e+01,6.064573338181065054e+01,6.428535020996446292e+01,6.789754697154059215e+01,7.141015754361511370e+01,7.474762840896090665e+01,7.783363304884245792e+01,8.059392337169830967e+01,8.295927275853357230e+01,8.486834955919619006e+01,8.627035529917205281e+01,8.712726947404681255e+01,8.741556255177258095e+01,8.712726947404681255e+01,8.627035529917205281e+01,8.486834955919619006e+01,8.295927275853357230e+01,8.059392337169830967e+01,7.783363304884245792e+01,7.474762840896090665e+01,7.141015754361511370e+01,6.789754697154059215e+01,6.428535020996446292e+01,6.064573338181065054e+01,5.704521830812964112e+01,5.354287197321599479e+01,5.018899610723178029e+01,4.702433497969364140e+01,4.407978617055502468e+01,4.137657043230328213e+01,3.892679446793135867e+01,3.673432547456224739e+01,3.479588884744426025e+01,3.310230004450234276e+01,3.163974728587448482e+01,3.039105215065652388e+01,2.933684869610981139e+01,2.845663691200408962e+01,2.772968171508474100e+01,2.713574310388574773e+01,2.665563565145586011e+01,2.627162565552064422e+01,2.596768174410248875e+01,2.572959956975245177e+01,2.554502364682404192e+01,2.540338976625258383e+01,2.529581021148868913e+01,2.521492166799495749e+01,2.515471271153306176e+01,2.511034446359964889e+01,2.507797472517382431e+01,2.505459286827054299e+01,2.503787012397937062e+01,2.502602773019750870e+01,2.501772370938420309e+01,2.501195781139377416e+01,2.500799332613323500e+01,2.500529397786755581e+01,2.500347388521751668e+01,2.500225853883561555e+01,2.500145485066041218e+01,2.500092851307390873e+01,2.500058713285795164e+01,2.500036784385293487e+01,2.500022833336392836e+01,2.500014042809416637e+01,2.500008556918261249e+01,2.500005166060880768e+01,2.500003090156047847e+01,2.500001831386705575e+01,2.500001075371340420e+01,2.500000625627188100e+01
2.503899756664312903e+01,2.505621816870153040e+01,2.508029613378351641e+01,2.511362956126765411e+01,2.515931870943533966e+01,2.522132016455111980e+01,2.530461686480171224e+01,2.541539920231474525e+01,2.556124970704293631e+01,2.575132069437422899e+01,2.599649088356648718e+01,2.630948359908438050e+01,2.670492607020670306e+01,2.719932694362861625e+01,2.781094787692097015e+01,2.855954547205622518e+01,2.946596230157144447e+01,3.055155075901870987e+01,3.183742116649715825e+01,3.334351601595555081e+01,3.508752515214850831e+01,3.708367154952216538e+01,3.934141318587067104e+01,4.186412215517242430e+01,4.464781612883491846e+01,4.768002797162898787e+01,5.093890516176743688e+01,5.439263025830388187e+01,5.799924598202085946e+01,6.170695305506742301e+01,6.545492599248630938e+01,6.917466253241406093e+01,7.279184807293279391e+01,7.622867977070393408e+01,7.940655876762352250e+01,8.224902651023217004e+01,8.468479541338234640e+01,8.665070790422197433e+01,8.809445317182496638e+01,8.897687879209296113e+01,8.927375472831879222e+01,8.897687879209296113e+01,8.809445317182496638e+01,8.665070790422197433e+01,8.468479541338234640e+01,8.224902651023217004e+01,7.940655876762352250e+01,7.622867977070393408e+01,7.279184807293279391e+01,6.917466253241406093e+01,6.545492599248630938e+01,6.170695305506742301e+01,5.799924598202085946e+01,5.439263025830388187e+01,5.093890516176743688e+01,4.768002797162898787e+01,4.464781612883491846e+01,4.186412215517242430e+01,3.934141318587067104e+01,3.708367154952216538e+01,3.508752515214850831e+01,3.334351601595555081e+01,3.183742116649715825e+01,3.055155075901870987e+01,2.946596230157144447e+01,2.855954547205622518e+01,2.781094787692097015e+01,2.719932694362861625e+01,2.670492607020670306e+01,2.630948359908438050e+01,2.599649088356648718e+01,2.575132069437422899e+01,2.556124970704293631e+01,2.541539920231474525e+01,2.530461686480171224e+01,2.522132016455111980e+01,2.515931870943533966e+01,2.511362956126765411e+01,2.508029613378351641e+01,2.505621816870153040e+01,2.503899756664312903e+01,2.502680260945275847e+01,2.501825136717932097e+01,2.501231381093414541e+01,2.500823129781013776e+01,2.500545158644872146e+01,2.500357730728197225e+01,2.500232577846341542e+01,2.500149816344979925e+01,2.500095615611130739e+01,2.500060461256395428e+01,2.500037879504109739e+01,2.500023513114405205e+01,2.500014460882050216e+01,2.500008811668806175e+01,2.500005319861207553e+01,2.500003182153997727e+01,2.500001885909460952e+01,2.500001107386538735e+01,2.500000644252920168e+01
2.504005625995127460e+01,2.505774436133670591e+01,2.508247598721602500e+01,2.511671433979300261e+01,2.516364384215669858e+01,2.522732849269405264e+01,2.531288650478373725e+01,2.542667632531382793e+01,2.557648633230425617e+01,2.577171730523674498e+01,2.602354329531601351e+01,2.634503303569828958e+01,2.675121085094514584e+01,2.725903355914518400e+01,2.788725857943413189e+01,2.865617885961576050e+01,2.958720279963558397e+01,3.070226246090990685e+01,3.202304126172471399e+01,3.357002308634095300e+01,3.536137801768896338e+01,3.741171515091846089e+01,3.973074922594129532e+01,4.232194388125105888e+01,4.518120867728843137e+01,4.829573802507512426e+01,5.164308615764029753e+01,5.519057186445627394e+01,5.889509882367907778e+01,6.270346152744019719e+01,6.655318322021773270e+01,7.037390196293063127e+01,7.408928568491828059e+01,7.761941937645092082e+01,8.088357040308258661e+01,8.380320453930897884e+01,8.630509890771065784e+01,8.832438135410410496e+01,8.980732095061138409e+01,9.071370237580593709e+01,9.101863780379200364e+01,9.071370237580593709e+01,8.980732095061138409e+01,8.832438135410410496e+01,8.630509890771065784e+01,8.380320453930897884e+01,8.088357040308258661e+01,7.761941937645092082e+01,7.408928568491828059e+01,7.037390196293063127e+01,6.655318322021773270e+01,6.270346152744019719e+01,5.889509882367907778e+01,5.519057186445627394e+01,5.164308615764029753e+01,4.829573802507512426e+01,4.518120867728843137e+01,4.232194388125105888e+01,3.973074922594129532e+01,3.741171515091846089e+01,3.536137801768896338e+01,3.357002308634095300e+01,3.202304126172471399e+01,3.070226246090990685e+01,2.958720279963558397e+01,2.865617885961576050e+01,2.788725857943413189e+01,2.725903355914518400e+01,2.675121085094514584e+01,2.634503303569828958e+01,2.602354329531601351e+01,2.577171730523674498e+01,2.557648633230425617e+01,2.542667632531382793e+01,2.531288650478373725e+01,2.522732849269405264e+01,2.516364384215669858e+01,2.511671433979300261e+01,2.508247598721602500e+01,2.505774436133670591e+01,2.504005625995127460e+01,2.502753023801297516e+01,2.501874684938399440e+01,2.501264810228501645e+01,2.500845475841701671e+01,2.500559958435189500e+01,2.500367442286139763e+01,2.500238891794383278e+01,2.500153883510588670e+01,2.500098211352772282e+01,2.500062102639000727e+01,2.500038907844618308e+01,2.500024151440819509e+01,2.500014853461392050e+01,2.500009050885136830e+01,2.500005464283076506e+01,2.500003268542083745e+01,2.500001937107520078e+01,2.500001137449509869e+01,2.500000661742889818e+01
2.504103886968031034e+01,2.505916087329551800e+01,2.508449918427807646e+01,2.511957742900647261e+01,2.516765814682706193e+01,2.523290502901770438e+01,2.532056184252265751e+01,2.543714301164230918e+01,2.559062796907879900e+01,2.579064810239834671e+01,2.604865157055910529e+01,2.637802769242254541e+01,2.679416935036127967e+01,2.731444932577270635e+01,2.795808517117887249e+01,2.874586763542554735e+01,2.969973028236758950e+01,3.084214318313444281e+01,3.219532166632502168e+01,3.378025210105504783e+01,3.561555029584896914e+01,3.771618371778245660e+01,4.009210541653379778e+01,4.274686399621462840e+01,4.567626867575306449e+01,4.886719973558729180e+01,5.229666079745550888e+01,5.593116895652659082e+01,5.972657070625731279e+01,6.362835536825814842e+01,6.757251358591344115e+01,7.148695738965449209e+01,7.529348222658302348e+01,7.891021271258205161e+01,8.225443578187839933e+01,8.524569070624045253e+01,8.780895839682443693e+01,8.987777533744946368e+01,9.139709254077450851e+01,9.232570817374822525e+01,9.263812389366950129e+01,9.232570817374822525e+01,9.139709254077450851e+01,8.987777533744946368e+01,8.780895839682443693e+01,8.524569070624045253e+01,8.225443578187839933e+01,7.891021271258205161e+01,7.529348222658302348e+01,7.148695738965449209e+01,6.757251358591344115e+01,6.362835536825814842e+01,5.972657070625731279e+01,5.593116895652659082e+01,5.229666079745550888e+01,4.886719973558729180e+01,4.567626867575306449e+01,4.274686399621462840e+01,4.009210541653379778e+01,3.771618371778245660e+01,3.561555029584896914e+01,3.378025210105504783e+01,3.219532166632502168e+01,3.084214318313444281e+01,2.969973028236758950e+01,2.874586763542554735e+01,2.795808517117887249e+01,2.731444932577270635e+01,2.679416935036127967e+01,2.637802769242254541e+01,2.604865157055910529e+01,2.579064810239834671e+01,2.559062796907879900e+01,2.543714301164230918e+01,2.532056184252265751e+01,2.523290502901770438e+01,2.516765814682706193e+01,2.511957742900647261e+01,2.508449918427807646e+01,2.505916087329551800e+01,2.504103886968031034e+01,2.502820557514497679e+01,2.501920672348646590e+01,2.501295836960338903e+01,2.500866215990400931e+01,2.500573694630404376e+01,2.500376455917608354e+01,2.500244751987063196e+01,2.500157658387095694e+01,2.500100620550007591e+01,2.500063626062739175e+01,2.500039862282868341e+01,2.500024743893553492e+01,2.500015217827803227e+01,2.500009272910053681e+01,2.500005598325988032e+01,2.500003348721842400e+01,2.500001984626202400e+01,2.500001165351989130e+01,2.500000677975932817e+01
2.504193846110603161e+01,2.506045770760819735e+01,2.508635144634692438e+01,2.512219862278403681e+01,2.517133329267082686e+01,2.523801041736646766e+01,2.532758870966578613e+01,2.544672539312971438e+01,2.560357481339773500e+01,2.580797948260504171e+01,2.607163850876660405e+01,2.640823471094353181e+01,2.683349839076748111e+01,2.736518314921757522e+01,2.802292779665280165e+01,2.882797882496307551e+01,2.980275059209268562e+01,3.097020572375360459e+01,3.235304651905062201e+01,3.397271937823236954e+01,3.584824817714731182e+01,3.799492847682577690e+01,4.042293150250055334e+01,4.313588364536308006e+01,4.612950226043918178e+01,4.939038003771139529e+01,5.289501650743427064e+01,5.660919480367272172e+01,6.048779355414524161e+01,6.447510718062051183e+01,6.850572321112348106e+01,7.250597347371089541e+01,7.639593913471138364e+01,8.009195006287906438e+01,8.350948008293411817e+01,8.656630472944189592e+01,8.918576045966354116e+01,9.129992684572106043e+01,9.285254820044492874e+01,9.380151952712367347e+01,9.412078354732935281e+01,9.380151952712367347e+01,9.285254820044492874e+01,9.129992684572106043e+01,8.918576045966354116e+01,8.656630472944189592e+01,8.350948008293411817e+01,8.009195006287906438e+01,7.639593913471138364e+01,7.250597347371089541e+01,6.850572321112348106e+01,6.447510718062051183e+01,6.048779355414524161e+01,5.660919480367272172e+01,5.289501650743427064e+01,4.939038003771139529e+01,4.612950226043918178e+01,4.313588364536308006e+01,4.042293150250055334e+01,3.799492847682577690e+01,3.584824817714731182e+01,3.397271937823236954e+01,3.235304651905062201e+01,3.097020572375360459e+01,2.980275059209268562e+01,2.882797882496307551e+01,2.802292779665280165e+01,2.736518314921757522e+01,2.683349839076748111e+01,2.640823471094353181e+01,2.607163850876660405e+01,2.580797948260504171e+01,2.560357481339773500e+01,2.544672539312971438e+01,2.532758870966578613e+01,2.523801041736646766e+01,2.517133329267082686e+01,2.512219862278403681e+01,2.508635144634692438e+01,2.506045770760819735e+01,2.504193846110603161e+01,2.502882385468716819e+01,2.501962774394582922e+01,2.501324242319154578e+01,2.500885203854439709e+01,2.500586270287933743e+01,2.500384708009303125e+01,2.500250117066333289e+01,2.500161114333478451e+01,2.500102826200035366e+01,2.500065020776115432e+01,2.500040736082954851e+01,2.500025286291398530e+01,2.500015551409783043e+01,2.500009476176626322e+01,2.500005721043940454e+01,2.500003422127408470e+01,2.500002028130147025e+01,2.500001190897055636e+01,2.500000692837485872e+01
2.504274858028445649e+01,2.506162556038880140e+01,2.508801948472805421e+01,2.512455911587996127e+01,2.517464291306782798e+01,2.524260803012307619e+01,2.533391669331937734e+01,2.545535472284090517e+01,2.561523398064070278e+01,2.582358710523519818e+01,2.609233919461427931e+01,2.643543737687290829e+01,2.686891581360083947e+01,2.741087104951570552e+01,2.808132125503153276e+01,2.890192333744454345e+01,2.989552462960470436e+01,3.108553132293877752e+01,3.249508425357490893e+01,3.414604409876886848e+01,3.605780221582328693e+01,3.824594962790531127e+01,4.072085403633232659e+01,4.348621188276912619e+01,4.653765779500882616e+01,4.986152547596849161e+01,5.343386050073259241e+01,5.721978504112306751e+01,6.117330612184585448e+01,6.523764210808386110e+01,6.934611696461584529e+01,7.342363948209191449e+01,7.738874704630677570e+01,8.115615328220906122e+01,8.463969923463440637e+01,8.775557212005965368e+01,9.042562749719544968e+01,9.258063292909677955e+01,9.416324604563358491e+01,9.513054851397188827e+01,9.545597971101068424e+01,9.513054851397188827e+01,9.416324604563358491e+01,9.258063292909677955e+01,9.042562749719544968e+01,8.775557212005965368e+01,8.463969923463440637e+01,8.115615328220906122e+01,7.738874704630677570e+01,7.342363948209191449e+01,6.934611696461584529e+01,6.523764210808386110e+01,6.117330612184585448e+01,5.721978504112306751e+01,5.343386050073259241e+01,4.986152547596849161e+01,4.653765779500882616e+01,4.348621188276912619e+01,4.072085403633232659e+01,3.824594962790531127e+01,3.605780221582328693e+01,3.414604409876886848e+01,3.249508425357490893e+01,3.108553132293877752e+01,2.989552462960470436e+01,2.890192333744454345e+01,2.808132125503153276e+01,2.741087104951570552e+01,2.686891581360083947e+01,2.643543737687290829e+01,2.609233919461427931e+01,2.582358710523519818e+01,2.561523398064070278e+01,2.545535472284090517e+01,2.533391669331937734e+01,2.524260803012307619e+01,2.517464291306782798e+01,2.512455911587996127e+01,2.508801948472805421e+01,2.506162556038880140e+01,2.504274858028445649e+01,2.502938064091304327e+01,2.502000689023256541e+01,2.501349822516217714e+01,2.500902303209074518e+01,2.500597595186165023e+01,2.500392139358194044e+01,2.500254948541474320e+01,2.500164226555720859e+01,2.500104812478846839e+01,2.500066276773029728e+01,2.500041522975968888e+01,2.500025774743026830e+01,2.500015851814113432e+01,2.500009659226557446e+01,2.500005831556517677e+01,2.500003488232147930e+01,2.500002067307243436e+01,2.500001213901441588e+01,2.500000706220927427e+01
2.504346333102963840e+01,2.506265593180504681e+01,2.508949115915282491e+01,2.512664172822174891e+01,2.517756292003473106e+01,2.524666440507549225e+01,2.533949973733604821e+01,2.546296819503825759e+01,2.562552061339428633e+01,2.583735737534173538e+01,2.611060296496981792e+01,2.645943770455520649e+01,2.690016384480005840e+01,2.745118050231412710e+01,2.813284054873719597e+01,2.896716299206039835e+01,2.997737716959028020e+01,3.118728062125342149e+01,3.262040109497146290e+01,3.429896477570247981e+01,3.624268724174059031e+01,3.846742019614809038e+01,4.098370468687033252e+01,4.379529895959962005e+01,4.689776465366924185e+01,5.027720697327278998e+01,5.390927097860173234e+01,5.775849568869224981e+01,6.177811913163927215e+01,6.591041029101980087e+01,7.008757831690903117e+01,7.423327648462804973e+01,7.826468013557581571e+01,8.209507691751704783e+01,8.563686730867699737e+01,8.880483718660875070e+01,9.151953554505024613e+01,9.371057238964574765e+01,9.531964659323733713e+01,9.630312223400521532e+01,9.663399459865799201e+01,9.630312223400521532e+01,9.531964659323733713e+01,9.371057238964574765e+01,9.151953554505024613e+01,8.880483718660875070e+01,8.563686730867699737e+01,8.209507691751704783e+01,7.826468013557581571e+01,7.423327648462804973e+01,7.008757831690903117e+01,6.591041029101980087e+01,6.177811913163927215e+01,5.775849568869224981e+01,5.390927097860173234e+01,5.027720697327278998e+01,4.689776465366924185e+01,4.379529895959962005e+01,4.098370468687033252e+01,3.846742019614809038e+01,3.624268724174059031e+01,3.429896477570247981e+01,3.262040109497146290e+01,3.118728062125342149e+01,2.997737716959028020e+01,2.896716299206039835e+01,2.813284054873719597e+01,2.745118050231412710e+01,2.690016384480005840e+01,2.645943770455520649e+01,2.611060296496981792e+01,2.583735737534173538e+01,2.562552061339428633e+01,2.546296819503825759e+01,2.533949973733604821e+01,2.524666440507549225e+01,2.517756292003473106e+01,2.512664172822174891e+01,2.508949115915282491e+01,2.506265593180504681e+01,2.504346333102963840e+01,2.502987188143721298e+01,2.502034140285514496e+01,2.501372391374479420e+01,2.500917389602278007e+01,2.500607586900551382e+01,2.500398695877652955e+01,2.500259211248183888e+01,2.500166972402537269e+01,2.500106564929966169e+01,2.500067384912120971e+01,2.500042217234767961e+01,2.500026205693403725e+01,2.500016116854399684e+01,2.500009820727579068e+01,2.500005929059389942e+01,2.500003546554939149e+01,2.500002101872353677e+01,2.500001234197716826e+01,2.500000718028850244e+01
2.504407744630641730e+01,2.506354122899674408e+01,2.509075562477638499e+01,2.512843111293148723e+01,2.518007179588937916e+01,2.525014965058719696e+01,2.534429669997608769e+01,2.546950970565193373e+01,2.563435890893045155e+01,2.584918881909304034e+01,2.612629523316619284e+01,2.648005883433618379e+01,2.692701221600935924e+01,2.748581446517328786e+01,2.817710602943361309e+01,2.902321703442632739e+01,3.004770503645478641e+01,3.127470382286317019e+01,3.272807357696368769e+01,3.443035452866692481e+01,3.640154082759442389e+01,3.865770815349833356e+01,4.120954649409512172e+01,4.406086719722187439e+01,4.720716919038034121e+01,5.063436135120176118e+01,5.431774461667653497e+01,5.822135695979529402e+01,6.229777568521920017e+01,6.648845406594151086e+01,7.072464340100343350e+01,7.492891822443203864e+01,7.901728360634382398e+01,8.290180199204147016e+01,8.649363612202293439e+01,8.970636784062192248e+01,9.245942353832559490e+01,9.468141864512460870e+01,9.631322826789572389e+01,9.731059993092033267e+01,9.764614735772285314e+01,9.731059993092033267e+01,9.631322826789572389e+01,9.468141864512460870e+01,9.245942353832559490e+01,8.970636784062192248e+01,8.649363612202293439e+01,8.290180199204147016e+01,7.901728360634382398e+01,7.492891822443203864e+01,7.072464340100343350e+01,6.648845406594151086e+01,6.229777568521920017e+01,5.822135695979529402e+01,5.431774461667653497e+01,5.063436135120176118e+01,4.720716919038034121e+01,4.406086719722187439e+01,4.120954649409512172e+01,3.865770815349833356e+01,3.640154082759442389e+01,3.443035452866692481e+01,3.272807357696368769e+01,3.127470382286317019e+01,3.004770503645478641e+01,2.902321703442632739e+01,2.817710602943361309e+01,2.748581446517328786e+01,2.692701221600935924e+01,2.648005883433618379e+01,2.612629523316619284e+01,2.584918881909304034e+01,2.563435890893045155e+01,2.546950970565193373e+01,2.534429669997608769e+01,2.525014965058719696e+01,2.518007179588937916e+01,2.512843111293148723e+01,2.509075562477638499e+01,2.506354122899674408e+01,2.504407744630641730e+01,2.503029395628288611e+01,2.502062881677277417e+01,2.501391782582857459e+01,2.500930351861639522e+01,2.500616171801633669e+01,2.500404329252349811e+01,2.500262873774356009e+01,2.500169331639640546e+01,2.500108070639489810e+01,2.500068337027455456e+01,2.500042813743323578e+01,2.500026575966833420e+01,2.500016344577545979e+01,2.500009959489581135e+01,2.500006012834053948e+01,2.500003596665998629e+01,2.500002131570765940e+01,2.500001251636317434e+01,2.500000728174240905e+01
2.504458635283013734e+01,2.506427485920155718e+01,2.509180346518872895e+01,2.512991394455391969e+01,2.518215085716322577e+01,2.525303781221535715e+01,2.534827185850714670e+01,2.547493054039118121e+01,2.564168304892007200e+01,2.585899332834025088e+01,2.613929913969484886e+01,2.649714720173033200e+01,2.694926098879881238e+01,2.751451502076546518e+01,2.821378805437856840e+01,2.906966803299186353e+01,3.010598450221596778e+01,3.134714989171327915e+01,3.281729986815459199e+01,3.453923490497655990e+01,3.653317999895794799e+01,3.881539643539267814e+01,4.139669762576471612e+01,4.428093892272406151e+01,4.746356728558134819e+01,5.093032889959997789e+01,5.465623953292909221e+01,5.860492195051788400e+01,6.272840592714422314e+01,6.696746877079407056e+01,7.125256802621134966e+01,7.550538429349477099e+01,7.964095285954144288e+01,8.357032086593262932e+01,8.720362536169147916e+01,9.045345043000914131e+01,9.323829217981257500e+01,9.548594185374911092e+01,9.713659191833531281e+01,9.814547897048558411e+01,9.848490053902783359e+01,9.814547897048558411e+01,9.713659191833531281e+01,9.548594185374911092e+01,9.323829217981257500e+01,9.045345043000914131e+01,8.720362536169147916e+01,8.357032086593262932e+01,7.964095285954144288e+01,7.550538429349477099e+01,7.125256802621134966e+01,6.696746877079407056e+01,6.272840592714422314e+01,5.860492195051788400e+01,5.465623953292909221e+01,5.093032889959997789e+01,4.746356728558134819e+01,4.428093892272406151e+01,4.139669762576471612e+01,3.881539643539267814e+01,3.653317999895794799e+01,3.453923490497655990e+01,3.281729986815459199e+01,3.134714989171327915e+01,3.010598450221596778e+01,2.906966803299186353e+01,2.821378805437856840e+01,2.751451502076546518e+01,2.694926098879881238e+01,2.649714720173033200e+01,2.613929913969484886e+01,2.585899332834025088e+01,2.564168304892007200e+01,2.547493054039118121e+01,2.534827185850714670e+01,2.525303781221535715e+01,2.518215085716322577e+01,2.512991394455391969e+01,2.509180346518872895e+01,2.506427485920155718e+01,2.504458635283013734e+01,2.503064372228054424e+01,2.502086699162889616e+01,2.501407851736026799e+01,2.500941093457884534e+01,2.500623285958098307e+01,2.500408997530834299e+01,2.500265908845348051e+01,2.500171286697914397e+01,2.500109318394477143e+01,2.500069126028679278e+01,2.500043308059467506e+01,2.500026882805909523e+01,2.500016533287710629e+01,2.500010074479210687e+01,2.500006082256643580e+01,2.500003638192151811e+01,2.500002156181317758e+01,2.500001266087378937e+01,2.500000736581548111e+01
2.504498622776560168e+01,2.506485131149119283e+01,2.509262680915808019e+01,2.513107908426365711e+01,2.518378448623647259e+01,2.525530719449059447e+01,2.535139535208994843e+01,2.547918997869764368e+01,2.564743801543986379e+01,2.586669725297039690e+01,2.614951700101439513e+01,2.651057444129300222e+01,2.696674303347452906e+01,2.753706657449961526e+01,2.824261107329074960e+01,2.910616705430144080e+01,3.015177777961401162e+01,3.140407462298734487e+01,3.288740971302598837e+01,3.462478801035301501e+01,3.663661590064246099e+01,3.893930050933871456e+01,4.154375222854751826e+01,4.445386098784194928e+01,4.766503291235946449e+01,5.116288635131307672e+01,5.492221300051897259e+01,5.890630937387411592e+01,6.306677502279231362e+01,6.734385611358382562e+01,7.166738649600443978e+01,7.595834435869730328e+01,8.013100297828049179e+01,8.409561171817514946e+01,8.776150168703398435e+01,9.104047297402590289e+01,9.385029071635392484e+01,9.611809854881357751e+01,9.778355255106592381e+01,9.880148785720560056e+01,9.914395354506243052e+01,9.880148785720560056e+01,9.778355255106592381e+01,9.611809854881357751e+01,9.385029071635392484e+01,9.104047297402590289e+01,8.776150168703398435e+01,8.409561171817514946e+01,8.013100297828049179e+01,7.595834435869730328e+01,7.166738649600443978e+01,6.734385611358382562e+01,6.306677502279231362e+01,5.890630937387411592e+01,5.492221300051897259e+01,5.116288635131307672e+01,4.766503291235946449e+01,4.445386098784194928e+01,4.154375222854751826e+01,3.893930050933871456e+01,3.663661590064246099e+01,3.462478801035301501e+01,3.288740971302598837e+01,3.140407462298734487e+01,3.015177777961401162e+01,2.910616705430144080e+01,2.824261107329074960e+01,2.753706657449961526e+01,2.696674303347452906e+01,2.651057444129300222e+01,2.614951700101439513e+01,2.586669725297039690e+01,2.564743801543986379e+01,2.547918997869764368e+01,2.535139535208994843e+01,2.525530719449059447e+01,2.518378448623647259e+01,2.513107908426365711e+01,2.509262680915808019e+01,2.506485131149119283e+01,2.504498622776560168e+01,2.503091855203654958e+01,2.502105413828704172e+01,2.501420478124738977e+01,2.500949533701633243e+01,2.500628875929388784e+01,2.500412665645646726e+01,2.500268293662127661e+01,2.500172822891232016e+01,2.500110298821966026e+01,2.500069745988924907e+01,2.500043696469964871e+01,2.500027123905698900e+01,2.500016681567328192e+01,2.500010164832681170e+01,2.500006136805666657e+01,2.500003670821460133e+01,2.500002175519137637e+01,2.500001277442347103e+01,2.500000743187616337e+01
2.504527404654232114e+01,2.506526622570091689e+01,2.509321942908260183e+01,2.513191771918727113e+01,2.518496032667998819e+01,2.525694063227933484e+01,2.535364355527136127e+01,2.548225580306954186e+01,2.565158027912497829e+01,2.587224232210651564e+01,2.615687153135578669e+01,2.652023899218838920e+01,2.697932611950165338e+01,2.755329855113312476e+01,2.826335707487471538e+01,2.913243802738059429e+01,3.018473849786249374e+01,3.144504744990658907e+01,3.293787281535350786e+01,3.468636673897479739e+01,3.671106616508993170e+01,3.902848319079816974e+01,4.164959801214005353e+01,4.457832544618926107e+01,4.781004222678932081e+01,5.133027469034529844e+01,5.511365325168500107e+01,5.912323959833769038e+01,6.331032361899135452e+01,6.761476917905744699e+01,7.196596121011077685e+01,7.628437232470595575e+01,8.048372732580838829e+01,8.447370135846827566e+01,8.816304543803656202e+01,9.146299535674715742e+01,9.429079011883354156e+01,9.657310722910078482e+01,9.824921669097736299e+01,9.927366467686694307e+01,9.961832143653045080e+01,9.927366467686694307e+01,9.824921669097736299e+01,9.657310722910078482e+01,9.429079011883354156e+01,9.146299535674715742e+01,8.816304543803656202e+01,8.447370135846827566e+01,8.048372732580838829e+01,7.628437232470595575e+01,7.196596121011077685e+01,6.761476917905744699e+01,6.331032361899135452e+01,5.912323959833769038e+01,5.511365325168500107e+01,5.133027469034529844e+01,4.781004222678932081e+01,4.457832544618926107e+01,4.164959801214005353e+01,3.902848319079816974e+01,3.671106616508993170e+01,3.468636673897479739e+01,3.293787281535350786e+01,3.144504744990658907e+01,3.018473849786249374e+01,2.913243802738059429e+01,2.826335707487471538e+01,2.755329855113312476e+01,2.697932611950165338e+01,2.652023899218838920e+01,2.615687153135578669e+01,2.587224232210651564e+01,2.565158027912497829e+01,2.548225580306954186e+01,2.535364355527136127e+01,2.525694063227933484e+01,2.518496032667998819e+01,2.513191771918727113e+01,2.509321942908260183e+01,2.506526622570091689e+01,2.504527404654232114e+01,2.503111636679602015e+01,2.502118884120896780e+01,2.501429566245626646e+01,2.500955608752643755e+01,2.500632899434129897e+01,2.500415305851932857e+01,2.500270010186438796e+01,2.500173928600148088e+01,2.500111004506207024e+01,2.500070192218942822e+01,2.500043976036960203e+01,2.500027297442573371e+01,2.500016788294843195e+01,2.500010229866578371e+01,2.500006176068525221e+01,2.500003694307122259e+01,2.500002189437958577e+01,2.500001285615335078e+01,2.500000747942479506e+01
2.504544762094944943e+01,2.506551644734658169e+01,2.509357681942810459e+01,2.513242347340291261e+01,2.518566943888660958e+01,2.525792570698155259e+01,2.535499937555096750e+01,2.548410470484652635e+01,2.565407834742867266e+01,2.587558637803915218e+01,2.616130681614956188e+01,2.652606737736531528e+01,2.698691458097019691e+01,2.756308754319565679e+01,2.827586833270979838e+01,2.914828122089628337e+01,3.020461606524659359e+01,3.146975686679078876e+01,3.296830551737671300e+01,3.472350292388374271e+01,3.675596476642388666e+01,3.908226644718357790e+01,4.171343025875016508e+01,4.465338602706235349e+01,4.789749276100317843e+01,5.143122130696158223e+01,5.522910481629888579e+01,5.925406336018402698e+01,6.345720007950278330e+01,6.777814828607775155e+01,7.214602218311802062e+01,7.648098948621876048e+01,8.069644423122122134e+01,8.470171527022534974e+01,8.840520378264689327e+01,9.171780525107411108e+01,9.455644138557589429e+01,9.684750858269322293e+01,9.853004401548140834e+01,9.955841959268140329e+01,9.990439771849817419e+01,9.955841959268140329e+01,9.853004401548140834e+01,9.684750858269322293e+01,9.455644138557589429e+01,9.171780525107411108e+01,8.840520378264689327e+01,8.470171527022534974e+01,8.069644423122122134e+01,7.648098948621876048e+01,7.214602218311802062e+01,6.777814828607775155e+01,6.345720007950278330e+01,5.925406336018402698e+01,5.522910481629888579e+01,5.143122130696158223e+01,4.789749276100317843e+01,4.465338602706235349e+01,4.171343025875016508e+01,3.908226644718357790e+01,3.675596476642388666e+01,3.472350292388374271e+01,3.296830551737671300e+01,3.146975686679078876e+01,3.020461606524659359e+01,2.914828122089628337e+01,2.827586833270979838e+01,2.756308754319565679e+01,2.698691458097019691e+01,2.652606737736531528e+01,2.616130681614956188e+01,2.587558637803915218e+01,2.565407834742867266e+01,2.548410470484652635e+01,2.535499937555096750e+01,2.525792570698155259e+01,2.518566943888660958e+01,2.513242347340291261e+01,2.509357681942810459e+01,2.506551644734658169e+01,2.504544762094944943e+01,2.503123566262511446e+01,2.502127007628362065e+01,2.501435047004084922e+01,2.500959272423893864e+01,2.500635325882668170e+01,2.500416898076894512e+01,2.500271045367996692e+01,2.500174595418247137e+01,2.500111430082068509e+01,2.500070461326162530e+01,2.500044144634978949e+01,2.500027402097177287e+01,2.500016852658834310e+01,2.500010269086466153e+01,2.500006199746714231e+01,2.500003708470582708e+01,2.500002197831959805e+01,2.500001290544205546e+01,2.500000750809986982e+01
2.504550562683941095e+01,2.506560006756158998e+01,2.509369625376982071e+01,2.513259248866192763e+01,2.518590641324997748e+01,2.525825490375499172e+01,2.535545246977865474e+01,2.548472257930621865e+01,2.565491316333000427e+01,2.587670390995906544e+01,2.616278901992569672e+01,2.652801513380479648e+01,2.698945052776205600e+01,2.756635887337495561e+01,2.828004940212689178e+01,2.915357577183199567e+01,3.021125884171011222e+01,3.147801437283940373e+01,3.297847565705299644e+01,3.473591326415784408e+01,3.677096918655351487e+01,3.910023998201028661e+01,4.173476201113221862e+01,4.467847011558922787e+01,4.792671738085593347e+01,5.146495610941366294e+01,5.526768694867323006e+01,5.929778264380004060e+01,6.350628392744438599e+01,6.783274706397520504e+01,7.220619578335686128e+01,7.654669590932290646e+01,8.076753094044295267e+01,8.477791400305351033e+01,8.848612936679603536e+01,9.180295878802360221e+01,9.464521794198849136e+01,9.693920928318533470e+01,9.862389217634950001e+01,9.965358029399320117e+01,1.000000000000000000e+02,9.965358029399320117e+01,9.862389217634950001e+01,9.693920928318533470e+01,9.464521794198849136e+01,9.180295878802360221e+01,8.848612936679603536e+01,8.477791400305351033e+01,8.076753094044295267e+01,7.654669590932290646e+01,7.220619578335686128e+01,6.783274706397520504e+01,6.350628392744438599e+01,5.929778264380004060e+01,5.526768694867323006e+01,5.146495610941366294e+01,4.792671738085593347e+01,4.467847011558922787e+01,4.173476201113221862e+01,3.910023998201028661e+01,3.677096918655351487e+01,3.473591326415784408e+01,3.297847565705299644e+01,3.147801437283940373e+01,3.021125884171011222e+01,2.915357577183199567e+01,2.828004940212689178e+01,2.756635887337495561e+01,2.698945052776205600e+01,2.652801513380479648e+01,2.616278901992569672e+01,2.587670390995906544e+01,2.565491316333000427e+01,2.548472257930621865e+01,2.535545246977865474e+01,2.525825490375499172e+01,2.518590641324997748e+01,2.513259248866192763e+01,2.509369625376982071e+01,2.506560006756158998e+01,2.504550562683941095e+01,2.503127552945138845e+01,2.502129722379274313e+01,2.501436878589036539e+01,2.500960496766323615e+01,2.500636136764348549e+01,2.500417430173921218e+01,2.500271391309708591e+01,2.500174818258572174e+01,2.500111572302958152e+01,2.500070551257644880e+01,2.500044200977836795e+01,2.500027437071132042e+01,2.500016874168287373e+01,2.500010282193147759e+01,2.500006207659599866e+01,2.500003713203792799e+01,2.500002200637105432e+01,2.500001292191358004e+01,2.500000751768263996e+01
2.504544762094944943e+01,2.506551644734658169e+01,2.509357681942810459e+01,2.513242347340291261e+01,2.518566943888660958e+01,2.525792570698155259e+01,2.535499937555096750e+01,2.548410470484652635e+01,2.565407834742867266e+01,2.587558637803915218e+01,2.616130681614956188e+01,2.652606737736531528e+01,2.698691458097019691e+01,2.756308754319565679e+01,2.827586833270979838e+01,2.914828122089628337e+01,3.020461606524659359e+01,3.146975686679078876e+01,3.296830551737671300e+01,3.472350292388374271e+01,3.675596476642388666e+01,3.908226644718357790e+01,4.171343025875016508e+01,4.465338602706235349e+01,4.789749276100317843e+01,5.143122130696158223e+01,5.522910481629888579e+01,5.925406336018402698e+01,6.345720007950278330e+01,6.777814828607775155e+01,7.214602218311802062e+01,7.648098948621876048e+01,8.069644423122122134e+01,8.470171527022534974e+01,8.840520378264689327e+01,9.171780525107411108e+01,9.455644138557589429e+01,9.684750858269322293e+01,9.853004401548140834e+01,9.955841959268140329e+01,9.990439771849817419e+01,9.955841959268140329e+01,9.853004401548140834e+01,9.684750858269322293e+01,9.455644138557589429e+01,9.171780525107411108e+01,8.840520378264689327e+01,8.470171527022534974e+01,8.069644423122122134e+01,7.648098948621876048e+01,7.214602218311802062e+01,6.777814828607775155e+01,6.345720007950278330e+01,5.925406336018402698e+01,5.522910481629888579e+01,5.143122130696158223e+01,4.789749276100317843e+01,4.465338602706235349e+01,4.171343025875016508e+01,3.908226644718357790e+01,3.675596476642388666e+01,3.472350292388374271e+01,3.296830551737671300e+01,3.146975686679078876e+01,3.020461606524659359e+01,2.914828122089628337e+01,2.827586833270979838e+01,2.756308754319565679e+01,2.698691458097019691e+01,2.652606737736531528e+01,2.616130681614956188e+01,2.587558637803915218e+01,2.565407834742867266e+01,2.548410470484652635e+01,2.535499937555096750e+01,2.525792570698155259e+01,2.518566943888660958e+01,2.513242347340291261e+01,2.509357681942810459e+01,2.506551644734658169e+01,2.504544762094944943e+01,2.503123566262511446e+01,2.502127007628362065e+01,2.501435047004084922e+01,2.500959272423893864e+01,2.500635325882668170e+01,2.500416898076894512e+01,2.500271045367996692e+01,2.500174595418247137e+01,2.500111430082068509e+01,2.500070461326162530e+01,2.500044144634978949e+01,2.500027402097177287e+01,2.500016852658834310e+01,2.500010269086466153e+01,2.500006199746714231e+01,2.500003708470582708e+01,2.500002197831959805e+01,2.500001290544205546e+01,2.500000750809986982e+01
2.504527404654232114e+01,2.506526622570091689e+01,2.509321942908260183e+01,2.513191771918727113e+01,2.518496032667998819e+01,2.525694063227933484e+01,2.535364355527136127e+01,2.548225580306954186e+01,2.565158027912497829e+01,2.587224232210651564e+01,2.615687153135578669e+01,2.652023899218838920e+01,2.697932611950165338e+01,2.755329855113312476e+01,2.826335707487471538e+01,2.913243802738059429e+01,3.018473849786249374e+01,3.144504744990658907e+01,3.293787281535350786e+01,3.468636673897479739e+01,3.671106616508993170e+01,3.902848319079816974e+01,4.164959801214005353e+01,4.457832544618926107e+01,4.781004222678932081e+01,5.133027469034529844e+01,5.511365325168500107e+01,5.912323959833769038e+01,6.331032361899135452e+01,6.761476917905744699e+01,7.196596121011077685e+01,7.628437232470595575e+01,8.048372732580838829e+01,8.447370135846827566e+01,8.816304543803656202e+01,9.146299535674715742e+01,9.429079011883354156e+01,9.657310722910078482e+01,9.824921669097736299e+01,9.927366467686694307e+01,9.961832143653045080e+01,9.927366467686694307e+01,9.824921669097736299e+01,9.657310722910078482e+01,9.429079011883354156e+01,9.146299535674715742e+01,8.816304543803656202e+01,8.447370135846827566e+01,8.048372732580838829e+01,7.628437232470595575e+01,7.196596121011077685e+01,6.761476917905744699e+01,6.331032361899135452e+01,5.912323959833769038e+01,5.511365325168500107e+01,5.133027469034529844e+01,4.781004222678932081e+01,4.457832544618926107e+01,4.164959801214005353e+01,3.902848319079816974e+01,3.671106616508993170e+01,3.468636673897479739e+01,3.293787281535350786e+01,3.144504744990658907e+01,3.018473849786249374e+01,2.913243802738059429e+01,2.826335707487471538e+01,2.755329855113312476e+01,2.697932611950165338e+01,2.652023899218838920e+01,2.615687153135578669e+01,2.587224232210651564e+01,2.565158027912497829e+01,2.548225580306954186e+01,2.535364355527136127e+01,2.525694063227933484e+01,2.518496032667998819e+01,2.513191771918727113e+01,2.509321942908260183e+01,2.506526622570091689e+01,2.504527404654232114e+01,2.503111636679602015e+01,2.502118884120896780e+01,2.501429566245626646e+01,2.500955608752643755e+01,2.500632899434129897e+01,2.500415305851932857e+01,2.500270010186438796e+01,2.500173928600148088e+01,2.500111004506207024e+01,2.500070192218942822e+01,2.500043976036960203e+01,2.500027297442573371e+01,2.500016788294843195e+01,2.500010229866578371e+01,2.500006176068525221e+01,2.500003694307122259e+01,2.500002189437958577e+01,2.500001285615335078e+01,2.500000747942479506e+01
2.504498622776560168e+01,2.506485131149119283e+01,2.509262680915808019e+01,2.513107908426365711e+01,2.518378448623647259e+01,2.525530719449059447e+01,2.535139535208994843e+01,2.547918997869764368e+01,2.564743801543986379e+01,2.586669725297039690e+01,2.614951700101439513e+01,2.651057444129300222e+01,2.696674303347452906e+01,2.753706657449961526e+01,2.824261107329074960e+01,2.910616705430144080e+01,3.015177777961401162e+01,3.140407462298734487e+01,3.288740971302598837e+01,3.462478801035301501e+01,3.663661590064246099e+01,3.893930050933871456e+01,4.154375222854751826e+01,4.445386098784194928e+01,4.766503291235946449e+01,5.116288635131307672e+01,5.492221300051897259e+01,5.890630937387411592e+01,6.306677502279231362e+01,6.734385611358382562e+01,7.166738649600443978e+01,7.595834435869730328e+01,8.013100297828049179e+01,8.409561171817514946e+01,8.776150168703398435e+01,9.104047297402590289e+01,9.385029071635392484e+01,9.611809854881357751e+01,9.778355255106592381e+01,9.880148785720560056e+01,9.914395354506243052e+01,9.880148785720560056e+01,9.778355255106592381e+01,9.611809854881357751e+01,9.385029071635392484e+01,9.104047297402590289e+01,8.776150168703398435e+01,8.409561171817514946e+01,8.013100297828049179e+01,7.595834435869730328e+01,7.166738649600443978e+01,6.734385611358382562e+01,6.306677502279231362e+01,5.890630937387411592e+01,5.492221300051897259e+01,5.116288635131307672e+01,4.766503291235946449e+01,4.445386098784194928e+01,4.154375222854751826e+01,3.893930050933871456e+01,3.663661590064246099e+01,3.462478801035301501e+01,3.288740971302598837e+01,3.140407462298734487e+01,3.015177777961401162e+01,2.910616705430144080e+01,2.824261107329074960e+01,2.753706657449961526e+01,2.696674303347452906e+01,2.651057444129300222e+01,2.614951700101439513e+01,2.586669725297039690e+01,2.564743801543986379e+01,2.547918997869764368e+01,2.535139535208994843e+01,2.525530719449059447e+01,2.518378448623647259e+01,2.513107908426365711e+01,2.509262680915808019e+01,2.506485131149119283e+01,2.504498622776560168e+01,2.503091855203654958e+01,2.502105413828704172e+01,2.501420478124738977e+01,2.500949533701633243e+01,2.500628875929388784e+01,2.500412665645646726e+01,2.500268293662127661e+01,2.500172822891232016e+01,2.500110298821966026e+01,2.500069745988924907e+01,2.500043696469964871e+01,2.500027123905698900e+01,2.500016681567328192e+01,2.500010164832681170e+01,2.500006136805666657e+01,2.500003670821460133e+01,2.500002175519137637e+01,2.500001277442347103e+01,2.500000743187616337e+01
2.504458635283013734e+01,2.506427485920155718e+01,2.509180346518872895e+01,2.512991394455391969e+01,2.518215085716322577e+01,2.525303781221535715e+01,2.534827185850714670e+01,2.547493054039118121e+01,2.564168304892007200e+01,2.585899332834025088e+01,2.613929913969484886e+01,2.649714720173033200e+01,2.694926098879881238e+01,2.751451502076546518e+01,2.821378805437856840e+01,2.906966803299186353e+01,3.010598450221596778e+01,3.134714989171327915e+01,3.281729986815459199e+01,3.453923490497655990e+01,3.653317999895794799e+01,3.881539643539267814e+01,4.139669762576471612e+01,4.428093892272406151e+01,4.746356728558134819e+01,5.093032889959997789e+01,5.465623953292909221e+01,5.860492195051788400e+01,6.272840592714422314e+01,6.696746877079407056e+01,7.125256802621134966e+01,7.550538429349477099e+01,7.964095285954144288e+01,8.357032086593262932e+01,8.720362536169147916e+01,9.045345043000914131e+01,9.323829217981257500e+01,9.548594185374911092e+01,9.713659191833531281e+01,9.814547897048558411e+01,9.848490053902783359e+01,9.814547897048558411e+01,9.713659191833531281e+01,9.548594185374911092e+01,9.323829217981257500e+01,9.045345043000914131e+01,8.720362536169147916e+01,8.357032086593262932e+01,7.964095285954144288e+01,7.550538429349477099e+01,7.125256802621134966e+01,6.696746877079407056e+01,6.272840592714422314e+01,5.860492195051788400e+01,5.465623953292909221e+01,5.093032889959997789e+01,4.746356728558134819e+01,4.428093892272406151e+01,4.139669762576471612e+01,3.881539643539267814e+01,3.653317999895794799e+01,3.453923490497655990e+01,3.281729986815459199e+01,3.134714989171327915e+01,3.010598450221596778e+01,2.906966803299186353e+01,2.821378805437856840e+01,2.751451502076546518e+01,2.694926098879881238e+01,2.649714720173033200e+01,2.613929913969484886e+01,2.585899332834025088e+01,2.564168304892007200e+01,2.547493054039118121e+01,2.534827185850714670e+01,2.525303781221535715e+01,2.518215085716322577e+01,2.512991394455391969e+01,2.509180346518872895e+01,2.506427485920155718e+01,2.504458635283013734e+01,2.503064372228054424e+01,2.502086699162889616e+01,2.501407851736026799e+01,2.500941093457884534e+01,2.500623285958098307e+01,2.500408997530834299e+01,2.500265908845348051e+01,2.500171286697914397e+01,2.500109318394477143e+01,2.500069126028679278e+01,2.500043308059467506e+01,2.500026882805909523e+01,2.500016533287710629e+01,2.500010074479210687e+01,2.500006082256643580e+01,2.500003638192151811e+01,2.500002156181317758e+01,2.500001266087378937e+01,2.500000736581548111e+01
2.504407744630641730e+01,2.506354122899674408e+01,2.509075562477638499e+01,2.512843111293148723e+01,2.518007179588937916e+01,2.525014965058719696e+01,2.534429669997608769e+01,2.546950970565193373e+01,2.563435890893045155e+01,2.584918881909304034e+01,2.612629523316619284e+01,2.648005883433618379e+01,2.692701221600935924e+01,2.748581446517328786e+01,2.817710602943361309e+01,2.902321703442632739e+01,3.004770503645478641e+01,3.127470382286317019e+01,3.272807357696368769e+01,3.443035452866692481e+01,3.640154082759442389e+01,3.865770815349833356e+01,4.120954649409512172e+01,4.406086719722187439e+01,4.720716919038034121e+01,5.063436135120176118e+01,5.431774461667653497e+01,5.822135695979529402e+01,6.229777568521920017e+01,6.648845406594151086e+01,7.072464340100343350e+01,7.492891822443203864e+01,7.901728360634382398e+01,8.290180199204147016e+01,8.649363612202293439e+01,8.970636784062192248e+01,9.245942353832559490e+01,9.468141864512460870e+01,9.631322826789572389e+01,9.731059993092033267e+01,9.764614735772285314e+01,9.731059993092033267e+01,9.631322826789572389e+01,9.468141864512460870e+01,9.245942353832559490e+01,8.970636784062192248e+01,8.649363612202293439e+01,8.290180199204147016e+01,7.901728360634382398e+01,7.492891822443203864e+01,7.072464340100343350e+01,6.648845406594151086e+01,6.229777568521920017e+01,5.822135695979529402e+01,5.431774461667653497e+01,5.063436135120176118e+01,4.720716919038034121e+01,4.406086719722187439e+01,4.120954649409512172e+01,3.865770815349833356e+01,3.640154082759442389e+01,3.443035452866692481e+01,3.272807357696368769e+01,3.127470382286317019e+01,3.004770503645478641e+01,2.902321703442632739e+01,2.817710602943361309e+01,2.748581446517328786e+01,2.692701221600935924e+01,2.648005883433618379e+01,2.612629523316619284e+01,2.584918881909304034e+01,2.563435890893045155e+01,2.546950970565193373e+01,2.534429669997608769e+01,2.525014965058719696e+01,2.518007179588937916e+01,2.512843111293148723e+01,2.509075562477638499e+01,2.506354122899674408e+01,2.504407744630641730e+01,2.503029395628288611e+01,2.502062881677277417e+01,2.501391782582857459e+01,2.500930351861639522e+01,2.500616171801633669e+01,2.500404329252349811e+01,2.500262873774356009e+01,2.500169331639640546e+01,2.500108070639489810e+01,2.500068337027455456e+01,2.500042813743323578e+01,2.500026575966833420e+01,2.500016344577545979e+01,2.500009959489581135e+01,2.500006012834053948e+01,2.500003596665998629e+01,2.500002131570765940e+01,2.500001251636317434e+01,2.500000728174240905e+01
2.504346333102963840e+01,2.506265593180504681e+01,2.508949115915282491e+01,2.512664172822174891e+01,2.517756292003473106e+01,2.524666440507549225e+01,2.533949973733604821e+01,2.546296819503825759e+01,2.562552061339428633e+01,2.583735737534173538e+01,2.611060296496981792e+01,2.645943770455520649e+01,2.690016384480005840e+01,2.745118050231412710e+01,2.813284054873719597e+01,2.896716299206039835e+01,2.997737716959028020e+01,3.118728062125342149e+01,3.262040109497146290e+01,3.429896477570247981e+01,3.624268724174059031e+01,3.846742019614809038e+01,4.098370468687033252e+01,4.379529895959962005e+01,4.689776465366924185e+01,5.027720697327278998e+01,5.390927097860173234e+01,5.775849568869224981e+01,6.177811913163927215e+01,6.591041029101980087e+01,7.008757831690903117e+01,7.423327648462804973e+01,7.826468013557581571e+01,8.209507691751704783e+01,8.563686730867699737e+01,8.880483718660875070e+01,9.151953554505024613e+01,9.371057238964574765e+01,9.531964659323733713e+01,9.630312223400521532e+01,9.663399459865799201e+01,9.630312223400521532e+01,9.531964659323733713e+01,9.371057238964574765e+01,9.151953554505024613e+01,8.880483718660875070e+01,8.563686730867699737e+01,8.209507691751704783e+01,7.826468013557581571e+01,7.423327648462804973e+01,7.008757831690903117e+01,6.591041029101980087e+01,6.177811913163927215e+01,5.775849568869224981e+01,5.390927097860173234e+01,5.027720697327278998e+01,4.689776465366924185e+01,4.379529895959962005e+01,4.098370468687033252e+01,3.846742019614809038e+01,3.624268724174059031e+01,3.429896477570247981e+01,3.262040109497146290e+01,3.118728062125342149e+01,2.997737716959028020e+01,2.896716299206039835e+01,2.813284054873719597e+01,2.745118050231412710e+01,2.690016384480005840e+01,2.645943770455520649e+01,2.611060296496981792e+01,2.583735737534173538e+01,2.562552061339428633e+01,2.546296819503825759e+01,2.533949973733604821e+01,2.524666440507549225e+01,2.517756292003473106e+01,2.512664172822174891e+01,2.508949115915282491e+01,2.506265593180504681e+01,2.504346333102963840e+01,2.502987188143721298e+01,2.502034140285514496e+01,2.501372391374479420e+01,2.500917389602278007e+01,2.500607586900551382e+01,2.500398695877652955e+01,2.500259211248183888e+01,2.500166972402537269e+01,2.500106564929966169e+01,2.500067384912120971e+01,2.500042217234767961e+01,2.500026205693403725e+01,2.500016116854399684e+01,2.500009820727579068e+01,2.500005929059389942e+01,2.500003546554939149e+01,2.500002101872353677e+01,2.500001234197716826e+01,2.500000718028850244e+01
2.504274858028445649e+01,2.506162556038880140e+01,2.508801948472805421e+01,2.512455911587996127e+01,2.517464291306782798e+01,2.524260803012307619e+01,2.533391669331937734e+01,2.545535472284090517e+01,2.561523398064070278e+01,2.582358710523519818e+01,2.609233919461427931e+01,2.643543737687290829e+01,2.686891581360083947e+01,2.741087104951570552e+01,2.808132125503153276e+01,2.890192333744454345e+01,2.989552462960470436e+01,3.108553132293877752e+01,3.249508425357490893e+01,3.414604409876886848e+01,3.605780221582328693e+01,3.824594962790531127e+01,4.072085403633232659e+01,4.348621188276912619e+01,4.653765779500882616e+01,4.986152547596849161e+01,5.343386050073259241e+01,5.721978504112306751e+01,6.117330612184585448e+01,6.523764210808386110e+01,6.934611696461584529e+01,7.342363948209191449e+01,7.738874704630677570e+01,8.115615328220906122e+01,8.463969923463440637e+01,8.775557212005965368e+01,9.042562749719544968e+01,9.258063292909677955e+01,9.416324604563358491e+01,9.513054851397188827e+01,9.545597971101068424e+01,9.513054851397188827e+01,9.416324604563358491e+01,9.258063292909677955e+01,9.042562749719544968e+01,8.775557212005965368e+01,8.463969923463440637e+01,8.115615328220906122e+01,7.738874704630677570e+01,7.342363948209191449e+01,6.934611696461584529e+01,6.523764210808386110e+01,6.117330612184585448e+01,5.721978504112306751e+01,5.343386050073259241e+01,4.986152547596849161e+01,4.653765779500882616e+01,4.348621188276912619e+01,4.072085403633232659e+01,3.824594962790531127e+01,3.605780221582328693e+01,3.414604409876886848e+01,3.249508425357490893e+01,3.108553132293877752e+01,2.989552462960470436e+01,2.890192333744454345e+01,2.808132125503153276e+01,2.741087104951570552e+01,2.686891581360083947e+01,2.643543737687290829e+01,2.609233919461427931e+01,2.582358710523519818e+01,2.561523398064070278e+01,2.545535472284090517e+01,2.533391669331937734e+01,2.524260803012307619e+01,2.517464291306782798e+01,2.512455911587996127e+01,2.508801948472805421e+01,2.506162556038880140e+01,2.504274858028445649e+01,2.502938064091304327e+01,2.502000689023256541e+01,2.501349822516217714e+01,2.500902303209074518e+01,2.500597595186165023e+01,2.500392139358194044e+01,2.500254948541474320e+01,2.500164226555720859e+01,2.500104812478846839e+01,2.500066276773029728e+01,2.500041522975968888e+01,2.500025774743026830e+01,2.500015851814113432e+01,2.500009659226557446e+01,2.500005831556517677e+01,2.500003488232147930e+01,2.500002067307243436e+01,2.500001213901441588e+01,2.500000706220927427e+01
2.504193846110603161e+01,2.506045770760819735e+01,2.508635144634692438e+01,2.512219862278403681e+01,2.517133329267082686e+01,2.523801041736646766e+01,2.532758870966578613e+01,2.544672539312971438e+01,2.560357481339773500e+01,2.580797948260504171e+01,2.607163850876660405e+01,2.640823471094353181e+01,2.683349839076748111e+01,2.736518314921757522e+01,2.802292779665280165e+01,2.882797882496307551e+01,2.980275059209268562e+01,3.097020572375360459e+01,3.235304651905062201e+01,3.397271937823236954e+01,3.584824817714731182e+01,3.799492847682577690e+01,4.042293150250055334e+01,4.313588364536308006e+01,4.612950226043918178e+01,4.939038003771139529e+01,5.289501650743427064e+01,5.660919480367272172e+01,6.048779355414524161e+01,6.447510718062051183e+01,6.850572321112348106e+01,7.250597347371089541e+01,7.639593913471138364e+01,8.009195006287906438e+01,8.350948008293411817e+01,8.656630472944189592e+01,8.918576045966354116e+01,9.129992684572106043e+01,9.285254820044492874e+01,9.380151952712367347e+01,9.412078354732935281e+01,9.380151952712367347e+01,9.285254820044492874e+01,9.129992684572106043e+01,8.918576045966354116e+01,8.656630472944189592e+01,8.350948008293411817e+01,8.009195006287906438e+01,7.639593913471138364e+01,7.250597347371089541e+01,6.850572321112348106e+01,6.447510718062051183e+01,6.048779355414524161e+01,5.660919480367272172e+01,5.289501650743427064e+01,4.939038003771139529e+01,4.612950226043918178e+01,4.313588364536308006e+01,4.042293150250055334e+01,3.799492847682577690e+01,3.584824817714731182e+01,3.397271937823236954e+01,3.235304651905062201e+01,3.097020572375360459e+01,2.980275059209268562e+01,2.882797882496307551e+01,2.802292779665280165e+01,2.736518314921757522e+01,2.683349839076748111e+01,2.640823471094353181e+01,2.607163850876660405e+01,2.580797948260504171e+01,2.560357481339773500e+01,2.544672539312971438e+01,2.532758870966578613e+01,2.523801041736646766e+01,2.517133329267082686e+01,2.512219862278403681e+01,2.508635144634692438e+01,2.506045770760819735e+01,2.504193846110603161e+01,2.502882385468716819e+01,2.501962774394582922e+01,2.501324242319154578e+01,2.500885203854439709e+01,2.500586270287933743e+01,2.500384708009303125e+01,2.500250117066333289e+01,2.500161114333478451e+01,2.500102826200035366e+01,2.500065020776115432e+01,2.500040736082954851e+01,2.500025286291398530e+01,2.500015551409783043e+01,2.500009476176626322e+01,2.500005721043940454e+01,2.500003422127408470e+01,2.500002028130147025e+01,2.500001190897055636e+01,2.500000692837485872e+01
2.504103886968031034e+01,2.505916087329551800e+01,2.508449918427807646e+01,2.511957742900647261e+01,2.516765814682706193e+01,2.523290502901770438e+01,2.532056184252265751e+01,2.543714301164230918e+01,2.559062796907879900e+01,2.579064810239834671e+01,2.604865157055910529e+01,2.637802769242254541e+01,2.679416935036127967e+01,2.731444932577270635e+01,2.795808517117887249e+01,2.874586763542554735e+01,2.969973028236758950e+01,3.084214318313444281e+01,3.219532166632502168e+01,3.378025210105504783e+01,3.561555029584896914e+01,3.771618371778245660e+01,4.009210541653379778e+01,4.274686399621462840e+01,4.567626867575306449e+01,4.886719973558729180e+01,5.229666079745550888e+01,5.593116895652659082e+01,5.972657070625731279e+01,6.362835536825814842e+01,6.757251358591344115e+01,7.148695738965449209e+01,7.529348222658302348e+01,7.891021271258205161e+01,8.225443578187839933e+01,8.524569070624045253e+01,8.780895839682443693e+01,8.987777533744946368e+01,9.139709254077450851e+01,9.232570817374822525e+01,9.263812389366950129e+01,9.232570817374822525e+01,9.139709254077450851e+01,8.987777533744946368e+01,8.780895839682443693e+01,8.524569070624045253e+01,8.225443578187839933e+01,7.891021271258205161e+01,7.529348222658302348e+01,7.148695738965449209e+01,6.757251358591344115e+01,6.362835536825814842e+01,5.972657070625731279e+01,5.593116895652659082e+01,5.229666079745550888e+01,4.886719973558729180e+01,4.567626867575306449e+01,4.274686399621462840e+01,4.009210541653379778e+01,3.771618371778245660e+01,3.561555029584896914e+01,3.378025210105504783e+01,3.219532166632502168e+01,3.084214318313444281e+01,2.969973028236758950e+01,2.874586763542554735e+01,2.795808517117887249e+01,2.731444932577270635e+01,2.679416935036127967e+01,2.637802769242254541e+01,2.604865157055910529e+01,2.579064810239834671e+01,2.559062796907879900e+01,2.543714301164230918e+01,2.532056184252265751e+01,2.523290502901770438e+01,2.516765814682706193e+01,2.511957742900647261e+01,2.508449918427807646e+01,2.505916087329551800e+01,2.504103886968031034e+01,2.502820557514497679e+01,2.501920672348646590e+01,2.501295836960338903e+01,2.500866215990400931e+01,2.500573694630404376e+01,2.500376455917608354e+01,2.500244751987063196e+01,2.500157658387095694e+01,2.500100620550007591e+01,2.500063626062739175e+01,2.500039862282868341e+01,2.500024743893553492e+01,2.500015217827803227e+01,2.500009272910053681e+01,2.500005598325988032e+01,2.500003348721842400e+01,2.500001984626202400e+01,2.500001165351989130e+01,2.500000677975932817e+01
2.504005625995127460e+01,2.505774436133670591e+01,2.508247598721602500e+01,2.511671433979300261e+01,2.516364384215669858e+01,2.522732849269405264e+01,2.531288650478373725e+01,2.542667632531382793e+01,2.557648633230425617e+01,2.577171730523674498e+01,2.602354329531601351e+01,2.634503303569828958e+01,2.675121085094514584e+01,2.725903355914518400e+01,2.788725857943413189e+01,2.865617885961576050e+01,2.958720279963558397e+01,3.070226246090990685e+01,3.202304126172471399e+01,3.357002308634095300e+01,3.536137801768896338e+01,3.741171515091846089e+01,3.973074922594129532e+01,4.232194388125105888e+01,4.518120867728843137e+01,4.829573802507512426e+01,5.164308615764029753e+01,5.519057186445627394e+01,5.889509882367907778e+01,6.270346152744019719e+01,6.655318322021773270e+01,7.037390196293063127e+01,7.408928568491828059e+01,7.761941937645092082e+01,8.088357040308258661e+01,8.380320453930897884e+01,8.630509890771065784e+01,8.832438135410410496e+01,8.980732095061138409e+01,9.071370237580593709e+01,9.101863780379200364e+01,9.071370237580593709e+01,8.980732095061138409e+01,8.832438135410410496e+01,8.630509890771065784e+01,8.380320453930897884e+01,8.088357040308258661e+01,7.761941937645092082e+01,7.408928568491828059e+01,7.037390196293063127e+01,6.655318322021773270e+01,6.270346152744019719e+01,5.889509882367907778e+01,5.519057186445627394e+01,5.164308615764029753e+01,4.829573802507512426e+01,4.518120867728843137e+01,4.232194388125105888e+01,3.973074922594129532e+01,3.741171515091846089e+01,3.536137801768896338e+01,3.357002308634095300e+01,3.202304126172471399e+01,3.070226246090990685e+01,2.958720279963558397e+01,2.865617885961576050e+01,2.788725857943413189e+01,2.725903355914518400e+01,2.675121085094514584e+01,2.634503303569828958e+01,2.602354329531601351e+01,2.577171730523674498e+01,2.557648633230425617e+01,2.542667632531382793e+01,2.531288650478373725e+01,2.522732849269405264e+01,2.516364384215669858e+01,2.511671433979300261e+01,2.508247598721602500e+01,2.505774436133670591e+01,2.504005625995127460e+01,2.502753023801297516e+01,2.501874684938399440e+01,2.501264810228501645e+01,2.500845475841701671e+01,2.500559958435189500e+01,2.500367442286139763e+01,2.500238891794383278e+01,2.500153883510588670e+01,2.500098211352772282e+01,2.500062102639000727e+01,2.500038907844618308e+01,2.500024151440819509e+01,2.500014853461392050e+01,2.500009050885136830e+01,2.500005464283076506e+01,2.500003268542083745e+01,2.500001937107520078e+01,2.500001137449509869e+01,2.500000661742889818e+01
2.503899756664312903e+01,2.505621816870153040e+01,2.508029613378351641e+01,2.511362956126765411e+01,2.515931870943533966e+01,2.522132016455111980e+01,2.530461686480171224e+01,2.541539920231474525e+01,2.556124970704293631e+01,2.575132069437422899e+01,2.599649088356648718e+01,2.630948359908438050e+01,2.670492607020670306e+01,2.719932694362861625e+01,2.781094787692097015e+01,2.855954547205622518e+01,2.946596230157144447e+01,3.055155075901870987e+01,3.183742116649715825e+01,3.334351601595555081e+01,3.508752515214850831e+01,3.708367154952216538e+01,3.934141318587067104e+01,4.186412215517242430e+01,4.464781612883491846e+01,4.768002797162898787e+01,5.093890516176743688e+01,5.439263025830388187e+01,5.799924598202085946e+01,6.170695305506742301e+01,6.545492599248630938e+01,6.917466253241406093e+01,7.279184807293279391e+01,7.622867977070393408e+01,7.940655876762352250e+01,8.224902651023217004e+01,8.468479541338234640e+01,8.665070790422197433e+01,8.809445317182496638e+01,8.897687879209296113e+01,8.927375472831879222e+01,8.897687879209296113e+01,8.809445317182496638e+01,8.665070790422197433e+01,8.468479541338234640e+01,8.224902651023217004e+01,7.940655876762352250e+01,7.622867977070393408e+01,7.279184807293279391e+01,6.917466253241406093e+01,6.545492599248630938e+01,6.170695305506742301e+01,5.799924598202085946e+01,5.439263025830388187e+01,5.093890516176743688e+01,4.768002797162898787e+01,4.464781612883491846e+01,4.186412215517242430e+01,3.934141318587067104e+01,3.708367154952216538e+01,3.508752515214850831e+01,3.334351601595555081e+01,3.183742116649715825e+01,3.055155075901870987e+01,2.946596230157144447e+01,2.855954547205622518e+01,2.781094787692097015e+01,2.719932694362861625e+01,2.670492607020670306e+01,2.630948359908438050e+01,2.599649088356648718e+01,2.575132069437422899e+01,2.556124970704293631e+01,2.541539920231474525e+01,2.530461686480171224e+01,2.522132016455111980e+01,2.515931870943533966e+01,2.511362956126765411e+01,2.508029613378351641e+01,2.505621816870153040e+01,2.503899756664312903e+01,2.502680260945275847e+01,2.501825136717932097e+01,2.501231381093414541e+01,2.500823129781013776e+01,2.500545158644872146e+01,2.500357730728197225e+01,2.500232577846341542e+01,2.500149816344979925e+01,2.500095615611130739e+01,2.500060461256395428e+01,2.500037879504109739e+01,2.500023513114405205e+01,2.500014460882050216e+01,2.500008811668806175e+01,2.500005319861207553e+01,2.500003182153997727e+01,2.500001885909460952e+01,2.500001107386538735e+01,2.500000644252920168e+01
2.503787012397937062e+01,2.505459286827054299e+01,2.507797472517382431e+01,2.511034446359964889e+01,2.515471271153306176e+01,2.521492166799495749e+01,2.529581021148868913e+01,2.540338976625258383e+01,2.554502364682404192e+01,2.572959956975245177e+01,2.596768174410248875e+01,2.627162565552064422e+01,2.665563565145586011e+01,2.713574310388574773e+01,2.772968171508474100e+01,2.845663691200408962e+01,2.933684869610981139e+01,3.039105215065652388e+01,3.163974728587448482e+01,3.310230004450234276e+01,3.479588884744426025e+01,3.673432547456224739e+01,3.892679446793135867e+01,4.137657043230328213e+01,4.407978617055502468e+01,4.702433497969364140e+01,5.018899610723178029e+01,5.354287197321599479e+01,5.704521830812964112e+01,6.064573338181065054e+01,6.428535020996446292e+01,6.789754697154059215e+01,7.141015754361511370e+01,7.474762840896090665e+01,7.783363304884245792e+01,8.059392337169830967e+01,8.295927275853357230e+01,8.486834955919619006e+01,8.627035529917205281e+01,8.712726947404681255e+01,8.741556255177258095e+01,8.712726947404681255e+01,8.627035529917205281e+01,8.486834955919619006e+01,8.295927275853357230e+01,8.059392337169830967e+01,7.783363304884245792e+01,7.474762840896090665e+01,7.141015754361511370e+01,6.789754697154059215e+01,6.428535020996446292e+01,6.064573338181065054e+01,5.704521830812964112e+01,5.354287197321599479e+01,5.018899610723178029e+01,4.702433497969364140e+01,4.407978617055502468e+01,4.137657043230328213e+01,3.892679446793135867e+01,3.673432547456224739e+01,3.479588884744426025e+01,3.310230004450234276e+01,3.163974728587448482e+01,3.039105215065652388e+01,2.933684869610981139e+01,2.845663691200408962e+01,2.772968171508474100e+01,2.713574310388574773e+01,2.665563565145586011e+01,2.627162565552064422e+01,2.596768174410248875e+01,2.572959956975245177e+01,2.554502364682404192e+01,2.540338976625258383e+01,2.529581021148868913e+01,2.521492166799495749e+01,2.515471271153306176e+01,2.511034446359964889e+01,2.507797472517382431e+01,2.505459286827054299e+01,2.503787012397937062e+01,2.502602773019750870e+01,2.501772370938420309e+01,2.501195781139377416e+01,2.500799332613323500e+01,2.500529397786755581e+01,2.500347388521751668e+01,2.500225853883561555e+01,2.500145485066041218e+01,2.500092851307390873e+01,2.500058713285795164e+01,2.500036784385293487e+01,2.500022833336392836e+01,2.500014042809416637e+01,2.500008556918261249e+01,2.500005166060880768e+01,2.500003090156047847e+01,2.500001831386705575e+01,2.500001075371340420e+01,2.500000625627188100e+01
2.503668158142747657e+01,2.505287948737417025e+01,2.507552751166874216e+01,2.510688133550358714e+01,2.514985709920191681e+01,2.520817641551372290e+01,2.528652629618301972e+01,2.539072949869043683e+01,2.552791824214163796e+01,2.570670130475156867e+01,2.593731134103263614e+01,2.623171606339751705e+01,2.660367402008482429e+01,2.706871344324165563e+01,2.764401146818303445e+01,2.834815139295457698e+01,2.920073799260988778e+01,3.022185558599683475e+01,3.143136079663570825e+01,3.284801177292536067e+01,3.448844779615077982e+01,3.636604716758040468e+01,3.848970617517414894e+01,4.086259665118974738e+01,4.348097276933310695e+01,4.633310779187564776e+01,4.939844697332089396e+01,5.264706244505156008e+01,5.603948868430379093e+01,5.952700266572156096e+01,6.305239120470431402e+01,6.655122024772501277e+01,6.995358858411458414e+01,7.318631392126152946e+01,7.617546522546754773e+01,7.884912465939130755e+01,8.114023826083843005e+01,8.298939925521372629e+01,8.434740346298245584e+01,8.517742364192747573e+01,8.545666872734986441e+01,8.517742364192747573e+01,8.434740346298245584e+01,8.298939925521372629e+01,8.114023826083843005e+01,7.884912465939130755e+01,7.617546522546754773e+01,7.318631392126152946e+01,6.995358858411458414e+01,6.655122024772501277e+01,6.305239120470431402e+01,5.952700266572156096e+01,5.603948868430379093e+01,5.264706244505156008e+01,4.939844697332089396e+01,4.633310779187564776e+01,4.348097276933310695e+01,4.086259665118974738e+01,3.848970617517414894e+01,3.636604716758040468e+01,3.448844779615077982e+01,3.284801177292536067e+01,3.143136079663570825e+01,3.022185558599683475e+01,2.920073799260988778e+01,2.834815139295457698e+01,2.764401146818303445e+01,2.706871344324165563e+01,2.660367402008482429e+01,2.623171606339751705e+01,2.593731134103263614e+01,2.570670130475156867e+01,2.552791824214163796e+01,2.539072949869043683e+01,2.528652629618301972e+01,2.520817641551372290e+01,2.514985709920191681e+01,2.510688133550358714e+01,2.507552751166874216e+01,2.505287948737417025e+01,2.503668158142747657e+01,2.502521085764420050e+01,2.501716745604866787e+01,2.501158251904783825e+01,2.500774245797537532e+01,2.500512782795033573e+01,2.500336485836553990e+01,2.500218765526753728e+01,2.500140919060613243e+01,2.500089937196787915e+01,2.500056870586823266e+01,2.500035629918326663e+01,2.500022116718936971e+01,2.500013602080029429e+01,2.500008288361932429e+01,2.500005003925599922e+01,2.500002993172421739e+01,2.500001773909179548e+01,2.500001041621131748e+01,2.500000605992065061e+01
2.503543981781668748e+01,2.505108938398650409e+01,2.507297071580679315e+01,2.510326313399929532e+01,2.514478406021707713e+01,2.520112912127641991e+01,2.527682666180827908e+01,2.537750232433607422e+01,2.551004688444517754e+01,2.568277769159788448e+01,2.590558099926496638e+01,2.619001938275213348e+01,2.654938562890290754e+01,2.699868230022666182e+01,2.755450504288931768e+01,2.823480806364917228e+01,2.905853246671161827e+01,3.004508266631514246e+01,3.121364308942901289e+01,3.258233687404140255e+01,3.416724001999725147e+01,3.598127793948434316e+01,3.803304575878337346e+01,4.032560793566813118e+01,4.285534544946739288e+01,4.561092854196171942e+01,4.857249829738685776e+01,5.171113998060430816e+01,5.498872407586354427e+01,5.835817695452330867e+01,6.176422224190037724e+01,6.514460713892427179e+01,6.843179676637575426e+01,7.155508623595315498e+01,7.444304726503327174e+01,7.702619661559957365e+01,7.923975027039929842e+01,8.102631252328242795e+01,8.233834487970568716e+01,8.314026679204590664e+01,8.341005873035535956e+01,8.314026679204590664e+01,8.233834487970568716e+01,8.102631252328242795e+01,7.923975027039929842e+01,7.702619661559957365e+01,7.444304726503327174e+01,7.155508623595315498e+01,6.843179676637575426e+01,6.514460713892427179e+01,6.176422224190037724e+01,5.835817695452330867e+01,5.498872407586354427e+01,5.171113998060430816e+01,4.857249829738685776e+01,4.561092854196171942e+01,4.285534544946739288e+01,4.032560793566813118e+01,3.803304575878337346e+01,3.598127793948434316e+01,3.416724001999725147e+01,3.258233687404140255e+01,3.121364308942901289e+01,3.004508266631514246e+01,2.905853246671161827e+01,2.823480806364917228e+01,2.755450504288931768e+01,2.699868230022666182e+01,2.654938562890290754e+01,2.619001938275213348e+01,2.590558099926496638e+01,2.568277769159788448e+01,2.551004688444517754e+01,2.537750232433607422e+01,2.527682666180827908e+01,2.520112912127641991e+01,2.514478406021707713e+01,2.510326313399929532e+01,2.507297071580679315e+01,2.505108938398650409e+01,2.503543981781668748e+01,2.502435740682771481e+01,2.501658629456703764e+01,2.501119042170320128e+01,2.500748035633750277e+01,2.500495423810215101e+01,2.500325094946327553e+01,2.500211359764519869e+01,2.500136148596671148e+01,2.500086892596912946e+01,2.500054945374700566e+01,2.500034423756151725e+01,2.500021368012482625e+01,2.500013141615475831e+01,2.500008007780075303e+01,2.500004834530157538e+01,2.500002891846021669e+01,2.500001713857901109e+01,2.500001006359641664e+01,2.500000585477712534e+01
2.503415285516780386e+01,2.504923412250391834e+01,2.507032085495842821e+01,2.509951323333244844e+01,2.513952636734131829e+01,2.519382531209702591e+01,2.526677396978245937e+01,2.536379369316307830e+01,2.549152502598485626e+01,2.565798328122245664e+01,2.587269570262995089e+01,2.614680498179298951e+01,2.649312119087930384e+01,2.692610208887565904e+01,2.746174066713580686e+01,2.811733914279418656e+01,2.891115079220766049e+01,2.986187537711118978e+01,3.098800066059511238e+01,3.230699165644978166e+01,3.383434058016065649e+01,3.558250347009445136e+01,3.755976332884816316e+01,3.976907333138045431e+01,4.220694587824964117e+01,4.486246264042929965e+01,4.771648585944135590e+01,5.074115081074040745e+01,5.389971261499945143e+01,5.714680707679492855e+01,6.042916512943691032e+01,6.368679462394093349e+01,6.685461314479675821e+01,6.986448338322041707e+01,7.264757090547037421e+01,7.513691569000127402e+01,7.727008628838237314e+01,7.899177126392567061e+01,8.025615843646059488e+01,8.102895933147959795e+01,8.128895403693164212e+01,8.102895933147959795e+01,8.025615843646059488e+01,7.899177126392567061e+01,7.727008628838237314e+01,7.513691569000127402e+01,7.264757090547037421e+01,6.986448338322041707e+01,6.685461314479675821e+01,6.368679462394093349e+01,6.042916512943691032e+01,5.714680707679492855e+01,5.389971261499945143e+01,5.074115081074040745e+01,4.771648585944135590e+01,4.486246264042929965e+01,4.220694587824964117e+01,3.976907333138045431e+01,3.755976332884816316e+01,3.558250347009445136e+01,3.383434058016065649e+01,3.230699165644978166e+01,3.098800066059511238e+01,2.986187537711118978e+01,2.891115079220766049e+01,2.811733914279418656e+01,2.746174066713580686e+01,2.692610208887565904e+01,2.649312119087930384e+01,2.614680498179298951e+01,2.587269570262995089e+01,2.565798328122245664e+01,2.549152502598485626e+01,2.536379369316307830e+01,2.526677396978245937e+01,2.519382531209702591e+01,2.513952636734131829e+01,2.509951323333244844e+01,2.507032085495842821e+01,2.504923412250391834e+01,2.503415285516780386e+01,2.502347289119693485e+01,2.501598397934911944e+01,2.501078405238065727e+01,2.500720871444429605e+01,2.500477432974528114e+01,2.500313289438312836e+01,2.500203684439442853e+01,2.500131204492287651e+01,2.500083737176440124e+01,2.500052950086650938e+01,2.500033173690797739e+01,2.500020592053811441e+01,2.500012664390441941e+01,2.500007716985300021e+01,2.500004658968878601e+01,2.500002786831435131e+01,2.500001651620811671e+01,2.500000969814666263e+01,2.500000564216656684e+01
2.503282877353851532e+01,2.504732535098770896e+01,2.506759456599228386e+01,2.509565517685432567e+01,2.513411703043843559e+01,2.518631084416227495e+01,2.525643133485997183e+01,2.534968967334975787e+01,2.547246895427301183e+01,2.563247374268564016e+01,2.583886191795415854e+01,2.610234417752618441e+01,2.643523395628557893e+01,2.685142849630241102e+01,2.736630075215913394e+01,2.799648214647706013e+01,2.875951828921798281e+01,2.967338396580483106e+01,3.075585018205084964e+01,3.202370484572399789e+01,3.349183955025869608e+01,3.517222742237356670e+01,3.707283033861278909e+01,3.919648698146600196e+01,4.153984496321331221e+01,4.409240925059128813e+01,4.683578404225259817e+01,4.974318490897982059e+01,5.277929154398745482e+01,5.590049848907897001e+01,5.905560188096432483e+01,6.218693542312386313e+01,6.523193989848411434e+01,6.812511963271253990e+01,7.080030885355236592e+01,7.319314353133034956e+01,7.524361263996553362e+01,7.689854912738573489e+01,7.811391691869366127e+01,7.885675687887530216e+01,7.910667177660668870e+01,7.885675687887530216e+01,7.811391691869366127e+01,7.689854912738573489e+01,7.524361263996553362e+01,7.319314353133034956e+01,7.080030885355236592e+01,6.812511963271253990e+01,6.523193989848411434e+01,6.218693542312386313e+01,5.905560188096432483e+01,5.590049848907897001e+01,5.277929154398745482e+01,4.974318490897982059e+01,4.683578404225259817e+01,4.409240925059128813e+01,4.153984496321331221e+01,3.919648698146600196e+01,3.707283033861278909e+01,3.517222742237356670e+01,3.349183955025869608e+01,3.202370484572399789e+01,3.075585018205084964e+01,2.967338396580483106e+01,2.875951828921798281e+01,2.799648214647706013e+01,2.736630075215913394e+01,2.685142849630241102e+01,2.643523395628557893e+01,2.610234417752618441e+01,2.583886191795415854e+01,2.563247374268564016e+01,2.547246895427301183e+01,2.534968967334975787e+01,2.525643133485997183e+01,2.518631084416227495e+01,2.513411703043843559e+01,2.509565517685432567e+01,2.506759456599228386e+01,2.504732535098770896e+01,2.503282877353851532e+01,2.502256286408887931e+01,2.501536429196675826e+01,2.501036596242664345e+01,2.500692923777039667e+01,2.500458923241515308e+01,2.500301143432133344e+01,2.500195787740232234e+01,2.500126117788494895e+01,2.500080490746340089e+01,2.500050897249877480e+01,2.500031887570666811e+01,2.500019793714696803e+01,2.500012173401133708e+01,2.500007417803330512e+01,2.500004478344006387e+01,2.500002678787984678e+01,2.500001587588660712e+01,2.500000932215649030e+01,2.500000542342382914e+01
2.503147562812769422e+01,2.504537468166314795e+01,2.506480843459259589e+01,2.509171243548356145e+01,2.512858895781525703e+01,2.517863143257936187e+01,2.524586167761860267e+01,2.533527606828011614e+01,2.545299459905592698e+01,2.560640426612185294e+01,2.580428547685558982e+01,2.605690745223349580e+01,2.637607608859598329e+01,2.677511580766977772e+01,2.726876591737003253e+01,2.787297232176925377e+01,2.860455743105534765e+01,2.948075514100524330e+01,3.051860396723013835e+01,3.173419984890143297e+01,3.314182057366230794e+01,3.475294575660346652e+01,3.657520909945330345e+01,3.861133227910644905e+01,4.085810108748137282e+01,4.330545307848041148e+01,4.593575069395220822e+01,4.872331351264467969e+01,5.163427706988532151e+01,5.462683324923861505e+01,5.765188872232533157e+01,6.065415409788541723e+01,6.357364874184936809e+01,6.634757659859110390e+01,6.891249913484060130e+01,7.120670529519038894e+01,7.317265760452674783e+01,7.475938046494297851e+01,7.592465289258041139e+01,7.663687427111094053e+01,7.687648810789764298e+01,7.663687427111094053e+01,7.592465289258041139e+01,7.475938046494297851e+01,7.317265760452674783e+01,7.120670529519038894e+01,6.891249913484060130e+01,6.634757659859110390e+01,6.357364874184936809e+01,6.065415409788541723e+01,5.765188872232533157e+01,5.462683324923861505e+01,5.163427706988532151e+01,4.872331351264467969e+01,4.593575069395220822e+01,4.330545307848041148e+01,4.085810108748137282e+01,3.861133227910644905e+01,3.657520909945330345e+01,3.475294575660346652e+01,3.314182057366230794e+01,3.173419984890143297e+01,3.051860396723013835e+01,2.948075514100524330e+01,2.860455743105534765e+01,2.787297232176925377e+01,2.726876591737003253e+01,2.677511580766977772e+01,2.637607608859598329e+01,2.605690745223349580e+01,2.580428547685558982e+01,2.560640426612185294e+01,2.545299459905592698e+01,2.533527606828011614e+01,2.524586167761860267e+01,2.517863143257936187e+01,2.512858895781525703e+01,2.509171243548356145e+01,2.506480843459259589e+01,2.504537468166314795e+01,2.503147562812769422e+01,2.502163286175537493e+01,2.501473100235753932e+01,2.500993869533822078e+01,2.500664362654344686e+01,2.500440007217209626e+01,2.500288730819377392e+01,2.500187717707342472e+01,2.500120919430824884e+01,2.500077173056634194e+01,2.500048799353042739e+01,2.500030573220014674e+01,2.500018977851923907e+01,2.500011671634539923e+01,2.500007112054274216e+01,2.500004293754392037e+01,2.500002568372965328e+01,2.500001522150995115e+01,2.500000893791328238e+01,2.500000519987965220e+01
2.503010136979890277e+01,2.504339357634766827e+01,2.506197883161680906e+01,2.508770817613071458e+01,2.512297463153235455e+01,2.517083220032861135e+01,2.523512710365466916e+01,2.532063756996614501e+01,2.543321638849490185e+01,2.557992803155866568e+01,2.576916954490943468e+01,2.601076178476338541e+01,2.631599518987232500e+01,2.669761242399264844e+01,2.716970926168155742e+01,2.774753539242313494e+01,2.844717874265752755e+01,2.928512075852939844e+01,3.027765603651692317e+01,3.144017775051620589e+01,3.278634030526267651e+01,3.432712210403373376e+01,3.606982355328121770e+01,3.801704749868456901e+01,4.016572006779619386e+01,4.250621815127445302e+01,4.502167426491513424e+01,4.768752922109646875e+01,5.047139711253764460e+01,5.333329520820897329e+01,5.622627364499061997e+01,5.909745702336650908e+01,6.188948352550176679e+01,6.454229883620855901e+01,6.699523421389068289e+01,6.918927297135229537e+01,7.106938977887907072e+01,7.258683468564927921e+01,7.370123011942672520e+01,7.438235517932560015e+01,7.461150722931135704e+01,7.438235517932560015e+01,7.370123011942672520e+01,7.258683468564927921e+01,7.106938977887907072e+01,6.918927297135229537e+01,6.699523421389068289e+01,6.454229883620855901e+01,6.188948352550176679e+01,5.909745702336650908e+01,5.622627364499061997e+01,5.333329520820897329e+01,5.047139711253764460e+01,4.768752922109646875e+01,4.502167426491513424e+01,4.250621815127445302e+01,4.016572006779619386e+01,3.801704749868456901e+01,3.606982355328121770e+01,3.432712210403373376e+01,3.278634030526267651e+01,3.144017775051620589e+01,3.027765603651692317e+01,2.928512075852939844e+01,2.844717874265752755e+01,2.774753539242313494e+01,2.716970926168155742e+01,2.669761242399264844e+01,2.631599518987232500e+01,2.601076178476338541e+01,2.576916954490943468e+01,2.557992803155866568e+01,2.543321638849490185e+01,2.532063756996614501e+01,2.523512710365466916e+01,2.517083220032861135e+01,2.512297463153235455e+01,2.508770817613071458e+01,2.506197883161680906e+01,2.504339357634766827e+01,2.503010136979890277e+01,2.502068834873971070e+01,2.501408783162877469e+01,2.500950476166768510e+01,2.500635355896882572e+01,2.500420796049110805e+01,2.500276124534549638e+01,2.500179521758981238e+01,2.500115639963986069e+01,2.500073803601530642e+01,2.500046668723049237e+01,2.500029238361753059e+01,2.500018149259370759e+01,2.500011162038959611e+01,2.500006801534662415e+01,2.500004106284654881e+01,2.500002456235157666e+01,2.500001455692315488e+01,2.500000854767478842e+01,2.500000497284755596e+01
2.502871377008023046e+01,2.504139323833200237e+01,2.505912175866997060e+01,2.508366504316575174e+01,2.511730580100210375e+01,2.516295725262024519e+01,2.522428831774347557e+01,2.530585696015157993e+01,2.541324616977008333e+01,2.555319476397588119e+01,2.573371270519550436e+01,2.596416813213047803e+01,2.625533102184796519e+01,2.661935663238954675e+01,2.706969095749046517e+01,2.762088071314957105e+01,2.828827221164287309e+01,2.908758714465249540e+01,3.003436896750787355e+01,3.114330126633850071e+01,3.242740901112995999e+01,3.389716452754917952e+01,3.555953169111914747e+01,3.741699336268282394e+01,3.946661736781408791e+01,4.169922419903738842e+01,4.409872392202393598e+01,4.664168946779181368e+01,4.929722784038391126e+01,5.202719941513744573e+01,5.478681860309327334e+01,5.752564743166916372e+01,6.018896832290438681e+01,6.271949531904527220e+01,6.505935635948833351e+01,6.715225528235258423e+01,6.894570329139516218e+01,7.039319768960692159e+01,7.145622221233506366e+01,7.210594906850393215e+01,7.232453776797714795e+01,7.210594906850393215e+01,7.145622221233506366e+01,7.039319768960692159e+01,6.894570329139516218e+01,6.715225528235258423e+01,6.505935635948833351e+01,6.271949531904527220e+01,6.018896832290438681e+01,5.752564743166916372e+01,5.478681860309327334e+01,5.202719941513744573e+01,4.929722784038391126e+01,4.664168946779181368e+01,4.409872392202393598e+01,4.169922419903738842e+01,3.946661736781408791e+01,3.741699336268282394e+01,3.555953169111914747e+01,3.389716452754917952e+01,3.242740901112995999e+01,3.114330126633850071e+01,3.003436896750787355e+01,2.908758714465249540e+01,2.828827221164287309e+01,2.762088071314957105e+01,2.706969095749046517e+01,2.661935663238954675e+01,2.625533102184796519e+01,2.596416813213047803e+01,2.573371270519550436e+01,2.555319476397588119e+01,2.541324616977008333e+01,2.530585696015157993e+01,2.522428831774347557e+01,2.516295725262024519e+01,2.511730580100210375e+01,2.508366504316575174e+01,2.505912175866997060e+01,2.504139323833200237e+01,2.502871377008023046e+01,2.501973466632981058e+01,2.501343841695643633e+01,2.500906661534064668e+01,2.500606067539918698e+01,2.500401398377733386e+01,2.500263395867083105e+01,2.500171246243816014e+01,2.500110309243737561e+01,2.500070401435536027e+01,2.500044517408759859e+01,2.500027890544600240e+01,2.500017312622787102e+01,2.500010647496192462e+01,2.500006488000506266e+01,2.500003916994949194e+01,2.500002343008708294e+01,2.500001388588450979e+01,2.500000815364782980e+01,2.500000474361141301e+01
2.502732035157721668e+01,2.503938451206477112e+01,2.505625270482468281e+01,2.507960495565802717e+01,2.511161319870117481e+01,2.515504928197178458e+01,2.521340408028249414e+01,2.529101436907561151e+01,2.539319220758930129e+01,2.552634939265265857e+01,2.569810718016490370e+01,2.591737909287957109e+01,2.619441246366627496e+01,2.654077268161463010e+01,2.696925323483593218e+01,2.749369491798278275e+01,2.812869931926957889e+01,2.888922518994856858e+01,2.979006169435234597e+01,3.084517985524633232e+01,3.206697256838384646e+01,3.346540395962685466e+01,3.504709996235498437e+01,3.681442294942823423e+01,3.876458303864080079e+01,4.088884618459098164e+01,4.317190326341621187e+01,4.559146407222009145e+01,4.811813478676903344e+01,5.071562661768081171e+01,5.334132732586127190e+01,5.594724658680954121e+01,5.848132215083986551e+01,6.088904802650993986e+01,6.311536056185869370e+01,6.510669552861739362e+01,6.681311130075734184e+01,6.819036185875449974e+01,6.920180005077835972e+01,6.981999703745400154e+01,7.002797808988032102e+01,6.981999703745400154e+01,6.920180005077835972e+01,6.819036185875449974e+01,6.681311130075734184e+01,6.510669552861739362e+01,6.311536056185869370e+01,6.088904802650993986e+01,5.848132215083986551e+01,5.594724658680954121e+01,5.334132732586127190e+01,5.071562661768081171e+01,4.811813478676903344e+01,4.559146407222009145e+01,4.317190326341621187e+01,4.088884618459098164e+01,3.876458303864080079e+01,3.681442294942823423e+01,3.504709996235498437e+01,3.346540395962685466e+01,3.206697256838384646e+01,3.084517985524633232e+01,2.979006169435234597e+01,2.888922518994856858e+01,2.812869931926957889e+01,2.749369491798278275e+01,2.696925323483593218e+01,2.654077268161463010e+01,2.619441246366627496e+01,2.591737909287957109e+01,2.569810718016490370e+01,2.552634939265265857e+01,2.539319220758930129e+01,2.529101436907561151e+01,2.521340408028249414e+01,2.515504928197178458e+01,2.511161319870117481e+01,2.507960495565802717e+01,2.505625270482468281e+01,2.503938451206477112e+01,2.502732035157721668e+01,2.501877698473182221e+01,2.501278627901753282e+01,2.500862663168332745e+01,2.500576656364658845e+01,2.500381919363830008e+01,2.500250613823004997e+01,2.500162936025964555e+01,2.500104956169555948e+01,2.500066985002840525e+01,2.500042357073112598e+01,2.500026537075487809e+01,2.500016472477837226e+01,2.500010130795732621e+01,2.500006173151570366e+01,2.500003726911472768e+01,2.500002229307453661e+01,2.500001321203191651e+01,2.500000775796855379e+01,2.500000451341398744e+01
2.502592832460171124e+01,2.503737779179778045e+01,2.505338651613967471e+01,2.507554892272789715e+01,2.510592628127716708e+01,2.514714920856213354e+01,2.520253071228806263e+01,2.527618660044795718e+01,2.537315827215563502e+01,2.549953083026912282e+01,2.566253721233936602e+01,2.587063677917089777e+01,2.613355474137069123e+01,2.646226720814485134e+01,2.686891581360083592e+01,2.736663613600835987e+01,2.796928578323358749e+01,2.869106132800395415e+01,2.954599839692256324e+01,3.054735616098711759e+01,3.170689607293511614e+01,3.303407456633372163e+01,3.453517996990267136e+01,3.621245428884348172e+01,3.806324979107164097e+01,4.007927744840161211e+01,4.224600816768632683e+01,4.454228747679161415e+01,4.694021922607020514e+01,4.940536361309692381e+01,5.189727957824206328e+01,5.437042200075994458e+01,5.677538130751472778e+01,5.906042869718202581e+01,6.117330612184585448e+01,6.306317855862351962e+01,6.468264900798700978e+01,6.598972587428238512e+01,6.694962925192533021e+01,6.753632785618822254e+01,6.773371185481923362e+01,6.753632785618822254e+01,6.694962925192533021e+01,6.598972587428238512e+01,6.468264900798700978e+01,6.306317855862351962e+01,6.117330612184585448e+01,5.906042869718202581e+01,5.677538130751472778e+01,5.437042200075994458e+01,5.189727957824206328e+01,4.940536361309692381e+01,4.694021922607020514e+01,4.454228747679161415e+01,4.224600816768632683e+01,4.007927744840161211e+01,3.806324979107164097e+01,3.621245428884348172e+01,3.453517996990267136e+01,3.303407456633372163e+01,3.170689607293511614e+01,3.054735616098711759e+01,2.954599839692256324e+01,2.869106132800395415e+01,2.796928578323358749e+01,2.736663613600835987e+01,2.686891581360083592e+01,2.646226720814485134e+01,2.613355474137069123e+01,2.587063677917089777e+01,2.566253721233936602e+01,2.549953083026912282e+01,2.537315827215563502e+01,2.527618660044795718e+01,2.520253071228806263e+01,2.514714920856213354e+01,2.510592628127716708e+01,2.507554892272789715e+01,2.505338651613967471e+01,2.503737779179778045e+01,2.502592832460171124e+01,2.501782025951576927e+01,2.501213479233155468e+01,2.500818708741256557e+01,2.500547274560660682e+01,2.500362459802505555e+01,2.500237844543624632e+01,2.500154634107053297e+01,2.500099608441183818e+01,2.500063571981941024e+01,2.500040198894869192e+01,2.500025184958007785e+01,2.500015633171891949e+01,2.500009614611271758e+01,2.500005858617056376e+01,2.500003537017821742e+01,2.500002115719745888e+01,2.500001253885226049e+01,2.500000736268442125e+01,2.500000428344645087e+01
2.502454453067526075e+01,2.503538294014159149e+01,2.505053727933308139e+01,2.507151687892920222e+01,2.510027299874022688e+01,2.513929585960039503e+01,2.519172165409054287e+01,2.526144652965132664e+01,2.535324282607316349e+01,2.547287088445233039e+01,2.562717762067400429e+01,2.582417091970373235e+01,2.607305695794252998e+01,2.638422604996886633e+01,2.676917183123262589e+01,2.724032883457502763e+01,2.781081508773532107e+01,2.849406949276923484e+01,2.930337859529814892e+01,3.025129392475101042e+01,3.134894922547634266e+01,3.260529624145812022e+01,3.402628769349601612e+01,3.561404593103949168e+01,3.736606453138798400e+01,3.927449685154805081e+01,4.132558921564938714e+01,4.349931616511756260e+01,4.576927036699695606e+01,4.810285007011162861e+01,5.046177255300264619e+01,5.280292343668791233e+01,5.507953013550636001e+01,5.724262461274879144e+01,5.924273783098973922e+01,6.103174783103253986e+01,6.256478718982913279e+01,6.380210540195891156e+01,6.471077876438232579e+01,6.526616528127712513e+01,6.545301490166812641e+01,6.526616528127712513e+01,6.471077876438232579e+01,6.380210540195891156e+01,6.256478718982913279e+01,6.103174783103253986e+01,5.924273783098973922e+01,5.724262461274879144e+01,5.507953013550636001e+01,5.280292343668791233e+01,5.046177255300264619e+01,4.810285007011162861e+01,4.576927036699695606e+01,4.349931616511756260e+01,4.132558921564938714e+01,3.927449685154805081e+01,3.736606453138798400e+01,3.561404593103949168e+01,3.402628769349601612e+01,3.260529624145812022e+01,3.134894922547634266e+01,3.025129392475101042e+01,2.930337859529814892e+01,2.849406949276923484e+01,2.781081508773532107e+01,2.724032883457502763e+01,2.676917183123262589e+01,2.638422604996886633e+01,2.607305695794252998e+01,2.582417091970373235e+01,2.562717762067400429e+01,2.547287088445233039e+01,2.535324282607316349e+01,2.526144652965132664e+01,2.519172165409054287e+01,2.513929585960039503e+01,2.510027299874022688e+01,2.507151687892920222e+01,2.505053727933308139e+01,2.503538294014159149e+01,2.502454453067526075e+01,2.501686919278606069e+01,2.501148715881936013e+01,2.500775014279655650e+01,2.500518066533348005e+01,2.500343115333435762e+01,2.500225150787280626e+01,2.500146381289277642e+01,2.500094292341588087e+01,2.500060179147122241e+01,2.500038053481024392e+01,2.500023840837534550e+01,2.500014798829964846e+01,2.500009101479749063e+01,2.500005545942835283e+01,2.500003348247284052e+01,2.500002002803844903e+01,2.500001186965408451e+01,2.500000696973816972e+01,2.500000405483903876e+01
2.502317539341518682e+01,2.503340921726378454e+01,2.504771822065670150e+01,2.506752754114305048e+01,2.509467959381547786e+01,2.513152569059304042e+01,2.518102708169674386e+01,2.524686258058346056e+01,2.533353831750343588e+01,2.544649331155539329e+01,2.559219254556662548e+01,2.577819721053954538e+01,2.601319994609990260e+01,2.630701147673248741e+01,2.667048430260713232e+01,2.711535933636715967e+01,2.765402285900162127e+01,2.829916412688011107e+01,2.906332853864880761e+01,2.995836747726249172e+01,3.099479362715073449e+01,3.218105938821175727e+01,3.352278542796810257e+01,3.502197570746942290e+01,3.667626361669913138e+01,3.847824021226494295e+01,4.041491902262190195e+01,4.246739164463440375e+01,4.461072379300729551e+01,4.681413229981109225e+01,4.904146992138683459e+01,5.125202727494041710e+01,5.340164083222659031e+01,5.544407408008817129e+01,5.733261745135622789e+01,5.902183331468842908e+01,6.046935703111817872e+01,6.163765544860578416e+01,6.249564140640158882e+01,6.302004748272151602e+01,6.319647430136116384e+01,6.302004748272151602e+01,6.249564140640158882e+01,6.163765544860578416e+01,6.046935703111817872e+01,5.902183331468842908e+01,5.733261745135622789e+01,5.544407408008817129e+01,5.340164083222659031e+01,5.125202727494041710e+01,4.904146992138683459e+01,4.681413229981109225e+01,4.461072379300729551e+01,4.246739164463440375e+01,4.041491902262190195e+01,3.847824021226494295e+01,3.667626361669913138e+01,3.502197570746942290e+01,3.352278542796810257e+01,3.218105938821175727e+01,3.099479362715073449e+01,2.995836747726249172e+01,2.906332853864880761e+01,2.829916412688011107e+01,2.765402285900162127e+01,2.711535933636715967e+01,2.667048430260713232e+01,2.630701147673248741e+01,2.601319994609990260e+01,2.577819721053954538e+01,2.559219254556662548e+01,2.544649331155539329e+01,2.533353831750343588e+01,2.524686258058346056e+01,2.518102708169674386e+01,2.513152569059304042e+01,2.509467959381547786e+01,2.506752754114305048e+01,2.504771822065670150e+01,2.503340921726378454e+01,2.502317539341518682e+01,2.501592819942602119e+01,2.501084638481719935e+01,2.500731782614670706e+01,2.500489167867352336e+01,2.500323975754287886e+01,2.500212591478810609e+01,2.500138215882492077e+01,2.500089032548279278e+01,2.500056822248035715e+01,2.500035930790660998e+01,2.500022510953520438e+01,2.500013973325098604e+01,2.500008593783137911e+01,2.500005236580351209e+01,2.500003161476138303e+01,2.500001891083909911e+01,2.500001120754382100e+01,2.500000658095386896e+01,2.500000382865295734e+01
2.502182687715805542e+01,2.503146522124131934e+01,2.504494162070156804e+01,2.506359828801651446e+01,2.508917043290540860e+01,2.512387255052256663e+01,2.517049358359057365e+01,2.523249828491738000e+01,2.531413058467789767e+01,2.542051301950403897e+01,2.555773439157802329e+01,2.573291592573611553e+01,2.595424445936620117e+01,2.623095985624641457e+01,2.657328313760479332e+01,2.699227204271672065e+01,2.749959212688688481e+01,2.810719429144605641e+01,2.882689395071074756e+01,2.966985288628583106e+01,3.064597207665893563e+01,3.176321209841933779e+01,3.302686656697041911e+01,3.443882283804659750e+01,3.599685200855276435e+01,3.769397624236780331e+01,3.951796471716863834e+01,4.145100926093840599e+01,4.346962645001256931e+01,4.554482430945911631e+01,4.764255891032239276e+01,4.972448964359911372e+01,5.174902274263315860e+01,5.367261207749189111e+01,5.545126599002142598e+01,5.704219074723543770e+01,5.840548679903772467e+01,5.950580495051923435e+01,6.031386692248459269e+01,6.080775916429972483e+01,6.097392016225332156e+01,6.080775916429972483e+01,6.031386692248459269e+01,5.950580495051923435e+01,5.840548679903772467e+01,5.704219074723543770e+01,5.545126599002142598e+01,5.367261207749189111e+01,5.174902274263315860e+01,4.972448964359911372e+01,4.764255891032239276e+01,4.554482430945911631e+01,4.346962645001256931e+01,4.145100926093840599e+01,3.951796471716863834e+01,3.769397624236780331e+01,3.599685200855276435e+01,3.443882283804659750e+01,3.302686656697041911e+01,3.176321209841933779e+01,3.064597207665893563e+01,2.966985288628583106e+01,2.882689395071074756e+01,2.810719429144605641e+01,2.749959212688688481e+01,2.699227204271672065e+01,2.657328313760479332e+01,2.623095985624641457e+01,2.595424445936620117e+01,2.573291592573611553e+01,2.555773439157802329e+01,2.542051301950403897e+01,2.531413058467789767e+01,2.523249828491738000e+01,2.517049358359057365e+01,2.512387255052256663e+01,2.508917043290540860e+01,2.506359828801651446e+01,2.504494162070156804e+01,2.503146522124131934e+01,2.502182687715805542e+01,2.501500137866021944e+01,2.501021526171196996e+01,2.500689202075264816e+01,2.500460704453170990e+01,2.500305124442305882e+01,2.500200221329999550e+01,2.500130173457442595e+01,2.500083851974357074e+01,2.500053515908252422e+01,2.500033840070798163e+01,2.500021201099303880e+01,2.500013160253418576e+01,2.500008093733103820e+01,2.500004931877272085e+01,2.500002977518011349e+01,2.500001781046623961e+01,2.500001055540580452e+01,2.500000619802516866e+01,2.500000360587353399e+01
2.502050445352270458e+01,2.502955883985841368e+01,2.504221874555106453e+01,2.505974506253528844e+01,2.508376786948807080e+01,2.511636749208492247e+01,2.516016389955086652e+01,2.521841192593311476e+01,2.529509837467565347e+01,2.539503542360522914e+01,2.552394297302872417e+01,2.568851079458053732e+01,2.589642971024598950e+01,2.615637976875687798e+01,2.647796273097011621e+01,2.687156638160617206e+01,2.734814949570325737e+01,2.791893890608388773e+01,2.859503416729954495e+01,2.938692080279412266e+01,3.030389992109353159e+01,3.135344979183326330e+01,3.254054330647277027e+01,3.386695347164314285e+01,3.533058642666107119e+01,3.692488710112423433e+01,3.863836570077336319e+01,4.045429299619100050e+01,4.235060835242708777e+01,4.430007632951373608e+01,4.627071561588051196e+01,4.822650854259350695e+01,5.012838138192433490e+01,5.193542633057931113e+01,5.360631705023385507e+01,5.510085254911405173e+01,5.638155066865915899e+01,5.741520391341167340e+01,5.817430788543874343e+01,5.863827670902210798e+01,5.879437052102984040e+01,5.863827670902210798e+01,5.817430788543874343e+01,5.741520391341167340e+01,5.638155066865915899e+01,5.510085254911405173e+01,5.360631705023385507e+01,5.193542633057931113e+01,5.012838138192433490e+01,4.822650854259350695e+01,4.627071561588051196e+01,4.430007632951373608e+01,4.235060835242708777e+01,4.045429299619100050e+01,3.863836570077336319e+01,3.692488710112423433e+01,3.533058642666107119e+01,3.386695347164314285e+01,3.254054330647277027e+01,3.135344979183326330e+01,3.030389992109353159e+01,2.938692080279412266e+01,2.859503416729954495e+01,2.791893890608388773e+01,2.734814949570325737e+01,2.687156638160617206e+01,2.647796273097011621e+01,2.615637976875687798e+01,2.589642971024598950e+01,2.568851079458053732e+01,2.552394297302872417e+01,2.539503542360522914e+01,2.529509837467565347e+01,2.521841192593311476e+01,2.516016389955086652e+01,2.511636749208492247e+01,2.508376786948807080e+01,2.505974506253528844e+01,2.504221874555106453e+01,2.502955883985841368e+01,2.502050445352270458e+01,2.501409249107362243e+01,2.500959635029228423e+01,2.500647445432421634e+01,2.500432791781405228e+01,2.500286637886885899e+01,2.500188090532855156e+01,2.500122286646353231e+01,2.500078771640053787e+01,2.500050273543280710e+01,2.500031789804554450e+01,2.500019916589631919e+01,2.500012362913971131e+01,2.500007603358604413e+01,2.500004633069933391e+01,2.500002797119314479e+01,2.500001673138464042e+01,2.500000991588609622e+01,2.500000582250580550e+01,2.500000338740469985e+01
2.501921307596647637e+01,2.502769721392729352e+01,2.503955979439216506e+01,2.505598229788671460e+01,2.507849214017052475e+01,2.510903862729041691e+01,2.515007672190582255e+01,2.520465626749284382e+01,2.527651297723924628e+01,2.537015595635221388e+01,2.549094486384410629e+01,2.564514814722404523e+01,2.583997225785563145e+01,2.608355057200719784e+01,2.638488012832459262e+01,2.675369448526314287e+01,2.720026223042874136e+01,2.773510312683982804e+01,2.836861767527327416e+01,2.911063101728930036e+01,2.996985847439025719e+01,3.095330733221027586e+01,3.206563728778915845e+01,3.330850968318877392e+01,3.467996252979396843e+01,3.617385359779761700e+01,3.777941672414651464e+01,3.948097629206295522e+01,4.125786105299623330e+01,4.308455086438297599e+01,4.493107860868794035e+01,4.676369502219166918e+01,4.854578725401726302e+01,5.023902388843427502e+01,5.180468133416208332e+01,5.320509047175671924e+01,5.440512978193365967e+01,5.537368318875499540e+01,5.608497853075758854e+01,5.651972643777756389e+01,5.666598940765776860e+01,5.651972643777756389e+01,5.608497853075758854e+01,5.537368318875499540e+01,5.440512978193365967e+01,5.320509047175671924e+01,5.180468133416208332e+01,5.023902388843427502e+01,4.854578725401726302e+01,4.676369502219166918e+01,4.493107860868794035e+01,4.308455086438297599e+01,4.125786105299623330e+01,3.948097629206295522e+01,3.777941672414651464e+01,3.617385359779761700e+01,3.467996252979396843e+01,3.330850968318877392e+01,3.206563728778915845e+01,3.095330733221027586e+01,2.996985847439025719e+01,2.911063101728930036e+01,2.836861767527327416e+01,2.773510312683982804e+01,2.720026223042874136e+01,2.675369448526314287e+01,2.638488012832459262e+01,2.608355057200719784e+01,2.583997225785563145e+01,2.564514814722404523e+01,2.549094486384410629e+01,2.537015595635221388e+01,2.527651297723924628e+01,2.520465626749284382e+01,2.515007672190582255e+01,2.510903862729041691e+01,2.507849214017052475e+01,2.505598229788671460e+01,2.503955979439216506e+01,2.502769721392729352e+01,2.501921307596647637e+01,2.501320494112435355e+01,2.500899196884044784e+01,2.500606669095740386e+01,2.500405534405713226e+01,2.500268585333889249e+01,2.500176244526210922e+01,2.500114584991180777e+01,2.500073810574989253e+01,2.500047107298182070e+01,2.500029787671697079e+01,2.500018662235946465e+01,2.500011584293384459e+01,2.500007124496456612e+01,2.500004341277590925e+01,2.500002620955775257e+01,2.500001567763626298e+01,2.500000929138017014e+01,2.500000545580238054e+01,2.500000317406478345e+01
2.501795716224717836e+01,2.502588671200567205e+01,2.503697386340452269e+01,2.505232286635808947e+01,2.507336129303969585e+01,2.510191102793120521e+01,2.514026655854014081e+01,2.519127836722677216e+01,2.525843797236840871e+01,2.534595972953914611e+01,2.545885294941066945e+01,2.560297632577857740e+01,2.578506524118069620e+01,2.601272141215229894e+01,2.629435376202193808e+01,2.663905958935490759e+01,2.705643624826618776e+01,2.755631584953563618e+01,2.814841903759457153e+01,2.884192870754039006e+01,2.964499048074716825e+01,3.056415359301992396e+01,3.160377314793042203e+01,3.276540188950600196e+01,3.404720607972619462e+01,3.544344499194218656e+01,3.694405622193183802e+01,3.853438883122526448e+01,4.019512280231332824e+01,4.190240618450468446e+01,4.362823074046137606e+01,4.534105331668779115e+01,4.700665435850795149e+01,4.858920808494667654e+01,5.005252217507451462e+01,5.136138985144764035e+01,5.248298540613362206e+01,5.338822674810805324e+01,5.405302638166451601e+01,5.445935583753102094e+01,5.459605794007182311e+01,5.445935583753102094e+01,5.405302638166451601e+01,5.338822674810805324e+01,5.248298540613362206e+01,5.136138985144764035e+01,5.005252217507451462e+01,4.858920808494667654e+01,4.700665435850795149e+01,4.534105331668779115e+01,4.362823074046137606e+01,4.190240618450468446e+01,4.019512280231332824e+01,3.853438883122526448e+01,3.694405622193183802e+01,3.544344499194218656e+01,3.404720607972619462e+01,3.276540188950600196e+01,3.160377314793042203e+01,3.056415359301992396e+01,2.964499048074716825e+01,2.884192870754039006e+01,2.814841903759457153e+01,2.755631584953563618e+01,2.705643624826618776e+01,2.663905958935490759e+01,2.629435376202193808e+01,2.601272141215229894e+01,2.578506524118069620e+01,2.560297632577857740e+01,2.545885294941066945e+01,2.534595972953914611e+01,2.525843797236840871e+01,2.519127836722677216e+01,2.514026655854014081e+01,2.510191102793120521e+01,2.507336129303969585e+01,2.505232286635808947e+01,2.503697386340452269e+01,2.502588671200567205e+01,2.501795716224717836e+01,2.501234176508999596e+01,2.500840418492443717e+01,2.500567012559653080e+01,2.500379025572631519e+01,2.500251028540472831e+01,2.500164723834843983e+01,2.500107094839020760e+01,2.500068985750795747e+01,2.500044028004571217e+01,2.500027840521453371e+01,2.500017442329347617e+01,2.500010827055292495e+01,2.500006658784830904e+01,2.500004057498455268e+01,2.500002449630042634e+01,2.500001465282594637e+01,2.500000868402443643e+01,2.500000509916937474e+01,2.500000296658361165e+01
2.501674058457183847e+01,2.502413291619536651e+01,2.503446892547669833e+01,2.504877805063248175e+01,2.506839114741658747e+01,2.509500666967317173e+01,2.513076365594518080e+01,2.517831947159835337e+01,2.524092908854166240e+01,2.532252134446855862e+01,2.542776617485055368e+01,2.556212535352561588e+01,2.573187794839133602e+01,2.594411066818254952e+01,2.620666274106916660e+01,2.652801513380479648e+01,2.691711499048805578e+01,2.738312830738072989e+01,2.793511716611661555e+01,2.858164233091202178e+01,2.933029756639557561e+01,3.018718840496517331e+01,3.115637489679241412e+01,3.223930458923189235e+01,3.343426797796487904e+01,3.473591326415784408e+01,3.613485976023006430e+01,3.761744911242075062e+01,3.916567021281713323e+01,4.075728705373292371e+01,4.236618892461102348e+01,4.396296968535600058e+01,4.551572811788127382e+01,4.699106559783785997e+01,4.835524179359481423e+01,4.957543514753703562e+01,5.062104385676206419e+01,5.146495610941366294e+01,5.208471631070197816e+01,5.246351740000164909e+01,5.259095808785819770e+01,5.246351740000164909e+01,5.208471631070197816e+01,5.146495610941366294e+01,5.062104385676206419e+01,4.957543514753703562e+01,4.835524179359481423e+01,4.699106559783785997e+01,4.551572811788127382e+01,4.396296968535600058e+01,4.236618892461102348e+01,4.075728705373292371e+01,3.916567021281713323e+01,3.761744911242075062e+01,3.613485976023006430e+01,3.473591326415784408e+01,3.343426797796487904e+01,3.223930458923189235e+01,3.115637489679241412e+01,3.018718840496517331e+01,2.933029756639557561e+01,2.858164233091202178e+01,2.793511716611661555e+01,2.738312830738072989e+01,2.691711499048805578e+01,2.652801513380479648e+01,2.620666274106916660e+01,2.594411066818254952e+01,2.573187794839133602e+01,2.556212535352561588e+01,2.542776617485055368e+01,2.532252134446855862e+01,2.524092908854166240e+01,2.517831947159835337e+01,2.513076365594518080e+01,2.509500666967317173e+01,2.506839114741658747e+01,2.504877805063248175e+01,2.503446892547669833e+01,2.502413291619536651e+01,2.501674058457183847e+01,2.501150562429691959e+01,2.500783481078737935e+01,2.500528598092365939e+01,2.500353347013642136e+01,2.500234021637377069e+01,2.500153563979110061e+01,2.500099839283354441e+01,2.500064312043269865e+01,2.500041045156462260e+01,2.500025954357236202e+01,2.500016260631025844e+01,2.500010093534395494e+01,2.500006207659599866e+01,2.500003782607469205e+01,2.500002283670344738e+01,2.500001366011336401e+01,2.500000809569148430e+01,2.500000475370634589e+01,2.500000276560088963e+01
2.501556666709430843e+01,2.502244061853491530e+01,2.503205182505376314e+01,2.504535753649740926e+01,2.506359528363320877e+01,2.508834441785438685e+01,2.512159397967246477e+01,2.516581498924918847e+01,2.522403416670242038e+01,2.529990484374103588e+01,2.539776948107929755e+01,2.552270685089001390e+01,2.568055570744159155e+01,2.587790581079862307e+01,2.612204667075532427e+01,2.642086453438537674e+01,2.678267913586713433e+01,2.721601371474355702e+01,2.772929488284347244e+01,2.833048308898254319e+01,2.902663959230969226e+01,2.982344178060453288e+01,3.072466499690457198e+01,3.173165528069105790e+01,3.284282300500010621e+01,3.405319166077139670e+01,3.535403837216637157e+01,3.673266256441488053e+01,3.817231614131547701e+01,3.965232237394788939e+01,4.114840154035293551e+01,4.263320957787675525e+01,4.407708231083155681e+01,4.544896316144858872e+01,4.671747780657346283e+01,4.785210626891869623e+01,4.882439266773397435e+01,4.960912638103185657e+01,5.018542649112391985e+01,5.053766451643211610e+01,5.065616854797411861e+01,5.053766451643211610e+01,5.018542649112391985e+01,4.960912638103185657e+01,4.882439266773397435e+01,4.785210626891869623e+01,4.671747780657346283e+01,4.544896316144858872e+01,4.407708231083155681e+01,4.263320957787675525e+01,4.114840154035293551e+01,3.965232237394788939e+01,3.817231614131547701e+01,3.673266256441488053e+01,3.535403837216637157e+01,3.405319166077139670e+01,3.284282300500010621e+01,3.173165528069105790e+01,3.072466499690457198e+01,2.982344178060453288e+01,2.902663959230969226e+01,2.833048308898254319e+01,2.772929488284347244e+01,2.721601371474355702e+01,2.678267913586713433e+01,2.642086453438537674e+01,2.612204667075532427e+01,2.587790581079862307e+01,2.568055570744159155e+01,2.552270685089001390e+01,2.539776948107929755e+01,2.529990484374103588e+01,2.522403416670242038e+01,2.516581498924918847e+01,2.512159397967246477e+01,2.508834441785438685e+01,2.506359528363320877e+01,2.504535753649740926e+01,2.503205182505376314e+01,2.502244061853491530e+01,2.501556666709430843e+01,2.501069880340042673e+01,2.500728540217640727e+01,2.500491530656843864e+01,2.500328568892354397e+01,2.500217611093942338e+01,2.500142795451988320e+01,2.500092838149124574e+01,2.500059802222762428e+01,2.500038166904133163e+01,2.500024134332765513e+01,2.500015120369831578e+01,2.500009385734952261e+01,2.500005772353409128e+01,2.500003517355739291e+01,2.500002123530146392e+01,2.500001270221098082e+01,2.500000752798886694e+01,2.500000442035723580e+01,2.500000257166577100e+01
2.501443819031893767e+01,2.502081382734780846e+01,2.502972828720443843e+01,2.504206942567604344e+01,2.505898506102303358e+01,2.508194005247684899e+01,2.511277924873139966e+01,2.515379453790641406e+01,2.520779322363593877e+01,2.527816379609525654e+01,2.536893391733078218e+01,2.548481418330846182e+01,2.563122007859168505e+01,2.581426365076214680e+01,2.604070597006711907e+01,2.631786158466660197e+01,2.665344710497838321e+01,2.705536789403934606e+01,2.753143969201992292e+01,2.808904586970387030e+01,2.873473579330206462e+01,2.947377527885463522e+01,3.030966598287960068e+01,3.124365636621250530e+01,3.227427203895977925e+01,3.339689725489249383e+01,3.460344148694265698e+01,3.588212486504684762e+01,3.721741341529971692e+01,3.859012933004886037e+01,3.997775300092757078e+01,4.135492262259268870e+01,4.269412446897544555e+01,4.396655335154305533e+01,4.514310937074174745e+01,4.619548503865926392e+01,4.709728733105500709e+01,4.782513322341190332e+01,4.835965552159711933e+01,4.868635870193463688e+01,4.879627200261736419e+01,4.868635870193463688e+01,4.835965552159711933e+01,4.782513322341190332e+01,4.709728733105500709e+01,4.619548503865926392e+01,4.514310937074174745e+01,4.396655335154305533e+01,4.269412446897544555e+01,4.135492262259268870e+01,3.997775300092757078e+01,3.859012933004886037e+01,3.721741341529971692e+01,3.588212486504684762e+01,3.460344148694265698e+01,3.339689725489249383e+01,3.227427203895977925e+01,3.124365636621250530e+01,3.030966598287960068e+01,2.947377527885463522e+01,2.873473579330206462e+01,2.808904586970387030e+01,2.753143969201992292e+01,2.705536789403934606e+01,2.665344710497838321e+01,2.631786158466660197e+01,2.604070597006711907e+01,2.581426365076214680e+01,2.563122007859168505e+01,2.548481418330846182e+01,2.536893391733078218e+01,2.527816379609525654e+01,2.520779322363593877e+01,2.515379453790641406e+01,2.511277924873139966e+01,2.508194005247684899e+01,2.505898506102303358e+01,2.504206942567604344e+01,2.502972828720443843e+01,2.502081382734780846e+01,2.501443819031893767e+01,2.500992321341134783e+01,2.500675726040363500e+01,2.500455898049859371e+01,2.500304749897454215e+01,2.500201835779670745e+01,2.500132443759476431e+01,2.500086108018999553e+01,2.500055466971093310e+01,2.500035400064922086e+01,2.500022384758893779e+01,2.500014024246551614e+01,2.500008705333434733e+01,2.500005353897311977e+01,2.500003262371532387e+01,2.500001969588751294e+01,2.500001178138765923e+01,2.500000698226121898e+01,2.500000409991160666e+01,2.500000238523761098e+01
2.501335740187801804e+01,2.501925578277907647e+01,2.502750293981192797e+01,2.503892026723012165e+01,2.505456966195069413e+01,2.507580632937105491e+01,2.510433701977391507e+01,2.514228205918341175e+01,2.519223860707765184e+01,2.525734150404477418e+01,2.534131691654985019e+01,2.544852282312150393e+01,2.558396932558548542e+01,2.575331094670696075e+01,2.596280264852919473e+01,2.621921143974033086e+01,2.652967629442295561e+01,2.690151080997001642e+01,2.734194566973755869e+01,2.785781155323558522e+01,2.845516756583620932e+01,2.913888534446275003e+01,2.991220442484072350e+01,3.077627981273892743e+01,3.172974748552721280e+01,3.276833721432060997e+01,3.388456409837567662e+01,3.506753006424745678e+01,3.630286395269558142e+01,3.757282353437588540e+01,3.885657493382030481e+01,4.013065483472412609e+01,4.136960908472173770e+01,4.254678874298976154e+01,4.363527221863890304e+01,4.460887101547616140e+01,4.544316779145438545e+01,4.611652988702988409e+01,4.661103986313527514e+01,4.691328727629424122e+01,4.701497288207498571e+01,4.691328727629424122e+01,4.661103986313527514e+01,4.611652988702988409e+01,4.544316779145438545e+01,4.460887101547616140e+01,4.363527221863890304e+01,4.254678874298976154e+01,4.136960908472173770e+01,4.013065483472412609e+01,3.885657493382030481e+01,3.757282353437588540e+01,3.630286395269558142e+01,3.506753006424745678e+01,3.388456409837567662e+01,3.276833721432060997e+01,3.172974748552721280e+01,3.077627981273892743e+01,2.991220442484072350e+01,2.913888534446275003e+01,2.845516756583620932e+01,2.785781155323558522e+01,2.734194566973755869e+01,2.690151080997001642e+01,2.652967629442295561e+01,2.621921143974033086e+01,2.596280264852919473e+01,2.575331094670696075e+01,2.558396932558548542e+01,2.544852282312150393e+01,2.534131691654985019e+01,2.525734150404477418e+01,2.519223860707765184e+01,2.514228205918341175e+01,2.510433701977391507e+01,2.507580632937105491e+01,2.505456966195069413e+01,2.503892026723012165e+01,2.502750293981192797e+01,2.501925578277907647e+01,2.501335740187801804e+01,2.500918039910326485e+01,2.500625143739014433e+01,2.500421771242299585e+01,2.500281937470185767e+01,2.500186727114885699e+01,2.500122529519453707e+01,2.500079662297648753e+01,2.500051314922956891e+01,2.500032750149653538e+01,2.500020709120317974e+01,2.500012974444378955e+01,2.500008053685025899e+01,2.500004953124763318e+01,2.500003018162711044e+01,2.500001822152770004e+01,2.500001089947744148e+01,2.500000645959549317e+01,2.500000379300769282e+01,2.500000220668772499e+01
2.501232603307799351e+01,2.501776898064795773e+01,2.502537934764257699e+01,2.503591510577159696e+01,2.505035615940895966e+01,2.506995307409941631e+01,2.509628081633964314e+01,2.513129599482856591e+01,2.517739523384450351e+01,2.523747132265413384e+01,2.531496271819108301e+01,2.541389090517127869e+01,2.553887913902958928e+01,2.569514533828641589e+01,2.588846149885465309e+01,2.612507212649154553e+01,2.641156497168094219e+01,2.675468892497864815e+01,2.716111636496822968e+01,2.763715055199585180e+01,2.818838274803908206e+01,2.881930843495952388e+01,2.953291701330639896e+01,3.033027430706562555e+01,3.121012161426717313e+01,3.216851842440105713e+01,3.319855777045438572e+01,3.429018305496938979e+01,3.543013276303594239e+01,3.660203460101710959e+01,3.778666334528732307e+01,3.896236735913356597e+01,4.010565788876263582e+01,4.119194364545822395e+01,4.219638174264365205e+01,4.309480578379319837e+01,4.386468376990757889e+01,4.448605337002327076e+01,4.494238060929743028e+01,4.522129050856945298e+01,4.531512463528474655e+01,4.522129050856945298e+01,4.494238060929743028e+01,4.448605337002327076e+01,4.386468376990757889e+01,4.309480578379319837e+01,4.219638174264365205e+01,4.119194364545822395e+01,4.010565788876263582e+01,3.896236735913356597e+01,3.778666334528732307e+01,3.660203460101710959e+01,3.543013276303594239e+01,3.429018305496938979e+01,3.319855777045438572e+01,3.216851842440105713e+01,3.121012161426717313e+01,3.033027430706562555e+01,2.953291701330639896e+01,2.881930843495952388e+01,2.818838274803908206e+01,2.763715055199585180e+01,2.716111636496822968e+01,2.675468892497864815e+01,2.641156497168094219e+01,2.612507212649154553e+01,2.588846149885465309e+01,2.569514533828641589e+01,2.553887913902958928e+01,2.541389090517127869e+01,2.531496271819108301e+01,2.523747132265413384e+01,2.517739523384450351e+01,2.513129599482856591e+01,2.509628081633964314e+01,2.506995307409941631e+01,2.505035615940895966e+01,2.503591510577159696e+01,2.502537934764257699e+01,2.501776898064795773e+01,2.501232603307799351e+01,2.500847155038452740e+01,2.500576874340980282e+01,2.500389204901627238e+01,2.500260168153595330e+01,2.500172309302037732e+01,2.500113068613462985e+01,2.500073511310422347e+01,2.500047352729485439e+01,2.500030221403205744e+01,2.500019110101229813e+01,2.500011972644983516e+01,2.500007431833595817e+01,2.500004570677758409e+01,2.500002785120470961e+01,2.500001681458379466e+01,2.500001005789304642e+01,2.500000596082894333e+01,2.500000350013713302e+01,2.500000203630213136e+01
2.501134532055335669e+01,2.501635520366381016e+01,2.502336005693138787e+01,2.503305754455696785e+01,2.504634960548260736e+01,2.506438730484729049e+01,2.508862029799857396e+01,2.512084951738133753e+01,2.516328090147646535e+01,2.521857707671990667e+01,2.528990292153394392e+01,2.538095995391012138e+01,2.549600358307676373e+01,2.563983656737960715e+01,2.581777165776213678e+01,2.603555652008447652e+01,2.629925475489774200e+01,2.661507828182365643e+01,2.698916859613526853e+01,2.742732744351230068e+01,2.793470122093681951e+01,2.851542773028221944e+01,2.917225852245532280e+01,2.990617461987405434e+01,3.071601746834335955e+01,3.159816008141943300e+01,3.254624504027036380e+01,3.355101589384557315e+01,3.460026627074181249e+01,3.567892652784446739e+01,3.676930108350428839e+01,3.785146099890873472e+01,3.890378638714872039e+01,3.990364254884116946e+01,4.082816320495701490e+01,4.165510474204262437e+01,4.236372790443167702e+01,4.293565865058630493e+01,4.335567852024223612e+01,4.361239714112566190e+01,4.369876541871286690e+01,4.361239714112566190e+01,4.335567852024223612e+01,4.293565865058630493e+01,4.236372790443167702e+01,4.165510474204262437e+01,4.082816320495701490e+01,3.990364254884116946e+01,3.890378638714872039e+01,3.785146099890873472e+01,3.676930108350428839e+01,3.567892652784446739e+01,3.460026627074181249e+01,3.355101589384557315e+01,3.254624504027036380e+01,3.159816008141943300e+01,3.071601746834335955e+01,2.990617461987405434e+01,2.917225852245532280e+01,2.851542773028221944e+01,2.793470122093681951e+01,2.742732744351230068e+01,2.698916859613526853e+01,2.661507828182365643e+01,2.629925475489774200e+01,2.603555652008447652e+01,2.581777165776213678e+01,2.563983656737960715e+01,2.549600358307676373e+01,2.538095995391012138e+01,2.528990292153394392e+01,2.521857707671990667e+01,2.516328090147646535e+01,2.512084951738133753e+01,2.508862029799857396e+01,2.506438730484729049e+01,2.504634960548260736e+01,2.503305754455696785e+01,2.502336005693138787e+01,2.501635520366381016e+01,2.501134532055335669e+01,2.500779751718076938e+01,2.500530975722360338e+01,2.500358238075621031e+01,2.500239468049585412e+01,2.500158599628410272e+01,2.500104072385344622e+01,2.500067662432492099e+01,2.500043585141439451e+01,2.500027816857603113e+01,2.500017589618889247e+01,2.500011020049544541e+01,2.500006840524758189e+01,2.500004207014859148e+01,2.500002563524235555e+01,2.500001547674275315e+01,2.500000925764355486e+01,2.500000548655960131e+01,2.500000322165107747e+01,2.500000187428512177e+01
2.501041603232846455e+01,2.501501555899630347e+01,2.502144664904335158e+01,2.503034982142511922e+01,2.504255313781995085e+01,2.505911338032963442e+01,2.508136146392429566e+01,2.511095080778049748e+01,2.514990666331563673e+01,2.520067356287281157e+01,2.526615715163032760e+01,2.534975575851886020e+01,2.545537623481552458e+01,2.558742794788545183e+01,2.575078848451168767e+01,2.595073472278073012e+01,2.619283359745394435e+01,2.648278821363949831e+01,2.682623702051195380e+01,2.722850654633266743e+01,2.769432164987386358e+01,2.822748120820379825e+01,2.883051139438774157e+01,2.950431287590107843e+01,3.024782199500992164e+01,3.105770884949811617e+01,3.192813675279806773e+01,3.285060744406855093e+01,3.381391436827645691e+01,3.480422222750119232e+01,3.580528487429698714e+01,3.679880573696563317e+01,3.776493580023041829e+01,3.868289435900588558e+01,3.953168809710687981e+01,4.029089536176955733e+01,4.094147563699682735e+01,4.146655988768627310e+01,4.185217618828870911e+01,4.208786714491398584e+01,4.216716105003297344e+01,4.208786714491398584e+01,4.185217618828870911e+01,4.146655988768627310e+01,4.094147563699682735e+01,4.029089536176955733e+01,3.953168809710687981e+01,3.868289435900588558e+01,3.776493580023041829e+01,3.679880573696563317e+01,3.580528487429698714e+01,3.480422222750119232e+01,3.381391436827645691e+01,3.285060744406855093e+01,3.192813675279806773e+01,3.105770884949811617e+01,3.024782199500992164e+01,2.950431287590107843e+01,2.883051139438774157e+01,2.822748120820379825e+01,2.769432164987386358e+01,2.722850654633266743e+01,2.682623702051195380e+01,2.648278821363949831e+01,2.619283359745394435e+01,2.595073472278073012e+01,2.575078848451168767e+01,2.558742794788545183e+01,2.545537623481552458e+01,2.534975575851886020e+01,2.526615715163032760e+01,2.520067356287281157e+01,2.514990666331563673e+01,2.511095080778049748e+01,2.508136146392429566e+01,2.505911338032963442e+01,2.504255313781995085e+01,2.503034982142511922e+01,2.502144664904335158e+01,2.501501555899630347e+01,2.501041603232846455e+01,2.500715882734689544e+01,2.500487483827691548e+01,2.500328895015297803e+01,2.500219853369006984e+01,2.500145608830445454e+01,2.500095547880304636e+01,2.500062120244284714e+01,2.500040015109325253e+01,2.500025538395914637e+01,2.500016148864030185e+01,2.500010117404067955e+01,2.500006280221584731e+01,2.500003862420861012e+01,2.500002353547542810e+01,2.500001420905227789e+01,2.500000849935566904e+01,2.500000503715888200e+01,2.500000295776762016e+01,2.500000172076358140e+01
2.500953849756498926e+01,2.501375052115879072e+01,2.501963980172355306e+01,2.502779289547424213e+01,2.503896810116161120e+01,2.505413316861465844e+01,2.507450688525658578e+01,2.510160337223183546e+01,2.513727725662911539e+01,2.518376712268731055e+01,2.524373381943069106e+01,2.532028937178469263e+01,2.541701148479268824e+01,2.553793804337565376e+01,2.568753570510394724e+01,2.587063677917089777e+01,2.609233919461427931e+01,2.635786557867561442e+01,2.667237934982614789e+01,2.704075828448289798e+01,2.746732917930631146e+01,2.795557086179254824e+01,2.850779667879692525e+01,2.912483141794008290e+01,2.980570103302239815e+01,3.054735616098711759e+01,3.134445184716657451e+01,3.218920579617377342e+01,3.307135558806564291e+01,3.397823152757194975e+01,3.489495618027574153e+01,3.580477443260900827e+01,3.668950951841801356e+01,3.753013147517907555e+01,3.830741564142816458e+01,3.900266085735525934e+01,3.959843074126074924e+01,4.007927744840161211e+01,4.043240616654748010e+01,4.064824052121979037e+01,4.072085403633234790e+01,4.064824052121979037e+01,4.043240616654748010e+01,4.007927744840161211e+01,3.959843074126074924e+01,3.900266085735525934e+01,3.830741564142816458e+01,3.753013147517907555e+01,3.668950951841801356e+01,3.580477443260900827e+01,3.489495618027574153e+01,3.397823152757194975e+01,3.307135558806564291e+01,3.218920579617377342e+01,3.134445184716657451e+01,3.054735616098711759e+01,2.980570103302239815e+01,2.912483141794008290e+01,2.850779667879692525e+01,2.795557086179254824e+01,2.746732917930631146e+01,2.704075828448289798e+01,2.667237934982614789e+01,2.635786557867561442e+01,2.609233919461427931e+01,2.587063677917089777e+01,2.568753570510394724e+01,2.553793804337565376e+01,2.541701148479268824e+01,2.532028937178469263e+01,2.524373381943069106e+01,2.518376712268731055e+01,2.513727725662911539e+01,2.510160337223183546e+01,2.507450688525658578e+01,2.505413316861465844e+01,2.503896810116161120e+01,2.502779289547424213e+01,2.501963980172355306e+01,2.501375052115879072e+01,2.500953849756498926e+01,2.500655570711219156e+01,2.500446414062166411e+01,2.500301186114215568e+01,2.500201331059543364e+01,2.500133341509592810e+01,2.500087498117794382e+01,2.500056886708888726e+01,2.500036643897678701e+01,2.500023386825190741e+01,2.500014788346980055e+01,2.500009265028277738e+01,2.500005751122539266e+01,2.500003537017821742e+01,2.500002155264768788e+01,2.500001301196139636e+01,2.500000778329797768e+01,2.500000461278596120e+01,2.500000270858022944e+01,2.500000157579188453e+01
2.500871263926637056e+01,2.501255997915446017e+01,2.501793935643580014e+01,2.502538654235482696e+01,2.503559418094970823e+01,2.504944623272917426e+01,2.506805596056177876e+01,2.509280639057370976e+01,2.512539157328891548e+01,2.516785627276042092e+01,2.522263095746953354e+01,2.529255820827120971e+01,2.538090596681265509e+01,2.549136251151254484e+01,2.562800776962061988e+01,2.579525566131017200e+01,2.599776272881010897e+01,2.624029941598416471e+01,2.652758208431533404e+01,2.686406618457602846e+01,2.725370389248622871e+01,2.769967283312130846e+01,2.820408606008442121e+01,2.876769694957146584e+01,2.938961578985285783e+01,3.006705723657800533e+01,3.079513910976028157e+01,3.156675291753192525e+01,3.237252477660003791e+01,3.320088195407325316e+01,3.403823512748217439e+01,3.486927986765542897e+01,3.567741318177914422e+01,3.644525275176892620e+01,3.715523841794419724e+01,3.779028819667205852e+01,3.833447537592851972e+01,3.877368960995192282e+01,3.909624388171621945e+01,3.929339095448500530e+01,3.935971747590290448e+01,3.929339095448500530e+01,3.909624388171621945e+01,3.877368960995192282e+01,3.833447537592851972e+01,3.779028819667205852e+01,3.715523841794419724e+01,3.644525275176892620e+01,3.567741318177914422e+01,3.486927986765542897e+01,3.403823512748217439e+01,3.320088195407325316e+01,3.237252477660003791e+01,3.156675291753192525e+01,3.079513910976028157e+01,3.006705723657800533e+01,2.938961578985285783e+01,2.876769694957146584e+01,2.820408606008442121e+01,2.769967283312130846e+01,2.725370389248622871e+01,2.686406618457602846e+01,2.652758208431533404e+01,2.624029941598416471e+01,2.599776272881010897e+01,2.579525566131017200e+01,2.562800776962061988e+01,2.549136251151254484e+01,2.538090596681265509e+01,2.529255820827120971e+01,2.522263095746953354e+01,2.516785627276042092e+01,2.512539157328891548e+01,2.509280639057370976e+01,2.506805596056177876e+01,2.504944623272917426e+01,2.503559418094970823e+01,2.502538654235482696e+01,2.501793935643580014e+01,2.501255997915446017e+01,2.500871263926637056e+01,2.500598810355775115e+01,2.500407762822246482e+01,2.500275108941143287e+01,2.500183899496012430e+01,2.500121796589494494e+01,2.500079922391512355e+01,2.500051961367104525e+01,2.500033471210702984e+01,2.500021361956648036e+01,2.500013507948364833e+01,2.500008462847385360e+01,2.500005253181197773e+01,2.500003230777189955e+01,2.500001968658515139e+01,2.500001188536507257e+01,2.500000710940765103e+01,2.500000421340361356e+01,2.500000247406704545e+01,2.500000143935731600e+01
2.500793800921890053e+01,2.501144328684674534e+01,2.501634439030641133e+01,2.502312945607956607e+01,2.503242954607435422e+01,2.504505002895724886e+01,2.506200518876360306e+01,2.508455508846676096e+01,2.511424316264093903e+01,2.515293237788065639e+01,2.520283711270211668e+01,2.526654721759060607e+01,2.534704008551847565e+01,2.544767607460388348e+01,2.557217237077989935e+01,2.572455045800286655e+01,2.590905287105600507e+01,2.613002591950302644e+01,2.639176663892488861e+01,2.669833435144253997e+01,2.705332984969076193e+01,2.745964824000545690e+01,2.791921470699132612e+01,2.843271564509274896e+01,2.899934044575637060e+01,2.961655140617402893e+01,3.027990041498045670e+01,3.098291098758199880e+01,3.171704266112681125e+01,3.247175162017952488e+01,3.323465675222731619e+01,3.399181432608399689e+01,3.472809750061814782e+01,3.542766939827966866e+01,3.607453111159996695e+01,3.665311939511352080e+01,3.714892356118505745e+01,3.754908779754994441e+01,3.784296416550006370e+01,3.802258313436500714e+01,3.808301264629317018e+01,3.802258313436500714e+01,3.784296416550006370e+01,3.754908779754994441e+01,3.714892356118505745e+01,3.665311939511352080e+01,3.607453111159996695e+01,3.542766939827966866e+01,3.472809750061814782e+01,3.399181432608399689e+01,3.323465675222731619e+01,3.247175162017952488e+01,3.171704266112681125e+01,3.098291098758199880e+01,3.027990041498045670e+01,2.961655140617402893e+01,2.899934044575637060e+01,2.843271564509274896e+01,2.791921470699132612e+01,2.745964824000545690e+01,2.705332984969076193e+01,2.669833435144253997e+01,2.639176663892488861e+01,2.613002591950302644e+01,2.590905287105600507e+01,2.572455045800286655e+01,2.557217237077989935e+01,2.544767607460388348e+01,2.534704008551847565e+01,2.526654721759060607e+01,2.520283711270211668e+01,2.515293237788065639e+01,2.511424316264093903e+01,2.508455508846676096e+01,2.506200518876360306e+01,2.504505002895724886e+01,2.503242954607435422e+01,2.502312945607956607e+01,2.501634439030641133e+01,2.501144328684674534e+01,2.500793800921890053e+01,2.500545570863109290e+01,2.500371509130948411e+01,2.500250649343353970e+01,2.500167549217873741e+01,2.500110967804436513e+01,2.500072816589924685e+01,2.500047341545826995e+01,2.500030495326502589e+01,2.500019462691340877e+01,2.500012306973279763e+01,2.500007710426026719e+01,2.500004786127314560e+01,2.500002943532761179e+01,2.500001793627506430e+01,2.500001082865187385e+01,2.500000647731895853e+01,2.500000383879507737e+01,2.500000225410078514e+01,2.500000131138582660e+01
2.500721382447062524e+01,2.501039931554663553e+01,2.501485329123442014e+01,2.502101935531414512e+01,2.502947099790277363e+01,2.504094011386638030e+01,2.505634845408639322e+01,2.507684112596455961e+01,2.510382075650636580e+01,2.513898035382467455e+01,2.518433227863699386e+01,2.524223010931428490e+01,2.531537961120529445e+01,2.540683457688627556e+01,2.551997307333930465e+01,2.565844970445466799e+01,2.582611995847793196e+01,2.602693363105974100e+01,2.626479573913447751e+01,2.654339527278047228e+01,2.686600452424457686e+01,2.723525447925067766e+01,2.765289468777142901e+01,2.811954892447158727e+01,2.863448053263319437e+01,2.919538332412874837e+01,2.979821498888654219e+01,3.043708989213884308e+01,3.110424671763971105e+01,3.179010356245807856e+01,3.248340884323651068e+01,3.317149091567869590e+01,3.384060296068831519e+01,3.447635289938781966e+01,3.506420140497402826e+01,3.559000506719313250e+01,3.604057700874852088e+01,3.640423425339930219e+01,3.667130027411003823e+01,3.683453260066128365e+01,3.688944912694312706e+01,3.683453260066128365e+01,3.667130027411003823e+01,3.640423425339930219e+01,3.604057700874852088e+01,3.559000506719313250e+01,3.506420140497402826e+01,3.447635289938781966e+01,3.384060296068831519e+01,3.317149091567869590e+01,3.248340884323651068e+01,3.179010356245807856e+01,3.110424671763971105e+01,3.043708989213884308e+01,2.979821498888654219e+01,2.919538332412874837e+01,2.863448053263319437e+01,2.811954892447158727e+01,2.765289468777142901e+01,2.723525447925067766e+01,2.686600452424457686e+01,2.654339527278047228e+01,2.626479573913447751e+01,2.602693363105974100e+01,2.582611995847793196e+01,2.565844970445466799e+01,2.551997307333930465e+01,2.540683457688627556e+01,2.531537961120529445e+01,2.524223010931428490e+01,2.518433227863699386e+01,2.513898035382467455e+01,2.510382075650636580e+01,2.507684112596455961e+01,2.505634845408639322e+01,2.504094011386638030e+01,2.502947099790277363e+01,2.502101935531414512e+01,2.501485329123442014e+01,2.501039931554663553e+01,2.500721382447062524e+01,2.500495798421773941e+01,2.500337616345105118e+01,2.500227782598479109e+01,2.500152263699197164e+01,2.500100844209299922e+01,2.500066173530891689e+01,2.500043022575603757e+01,2.500027713237223281e+01,2.500017687109599862e+01,2.500011184207848203e+01,2.500007007003697979e+01,2.500004349488818889e+01,2.500002674994205520e+01,2.500001629994831376e+01,2.500000984075373367e+01,2.500000588639301213e+01,2.500000348858172217e+01,2.500000204845912322e+01,2.500000119174806912e+01
2.500653900468273605e+01,2.500942650785773580e+01,2.501346383479822677e+01,2.501905309221023543e+01,2.502671412287280361e+01,2.503711035628522552e+01,2.505107731781334834e+01,2.506965299537782954e+01,2.509410880673971178e+01,2.512597938696296040e+01,2.516708884976267768e+01,2.521957060718007071e+01,2.528587731277747253e+01,2.536877709101334588e+01,2.547133200638681316e+01,2.559685479156130583e+01,2.574884027175674461e+01,2.593086875757820664e+01,2.614647996975554634e+01,2.639901781047198170e+01,2.669144846422681638e+01,2.702615680024424449e+01,2.740472870621953660e+01,2.782772960559354303e+01,2.829449175246422143e+01,2.880292469189655336e+01,2.934936425315895647e+01,2.992847537529122093e+01,3.053322277714905297e+01,3.115492089833507805e+01,3.178337068887767458e+01,3.240708587797427498e+01,3.301360559763324432e+01,3.358988408113847868e+01,3.412274208820807786e+01,3.459935925895442921e+01,3.500778228722982277e+01,3.533742108498061185e+01,3.557950431935071833e+01,3.572746701958535454e+01,3.577724635979229362e+01,3.572746701958535454e+01,3.557950431935071833e+01,3.533742108498061185e+01,3.500778228722982277e+01,3.459935925895442921e+01,3.412274208820807786e+01,3.358988408113847868e+01,3.301360559763324432e+01,3.240708587797427498e+01,3.178337068887767458e+01,3.115492089833507805e+01,3.053322277714905297e+01,2.992847537529122093e+01,2.934936425315895647e+01,2.880292469189655336e+01,2.829449175246422143e+01,2.782772960559354303e+01,2.740472870621953660e+01,2.702615680024424449e+01,2.669144846422681638e+01,2.639901781047198170e+01,2.614647996975554634e+01,2.593086875757820664e+01,2.574884027175674461e+01,2.559685479156130583e+01,2.547133200638681316e+01,2.536877709101334588e+01,2.528587731277747253e+01,2.521957060718007071e+01,2.516708884976267768e+01,2.512597938696296040e+01,2.509410880673971178e+01,2.506965299537782954e+01,2.505107731781334834e+01,2.503711035628522552e+01,2.502671412287280361e+01,2.501905309221023543e+01,2.501346383479822677e+01,2.500942650785773580e+01,2.500653900468273605e+01,2.500449418781240851e+01,2.500306033903458669e+01,2.500206474593908723e+01,2.500138020137045913e+01,2.500091410701705286e+01,2.500059983304297972e+01,2.500038998013395286e+01,2.500025120792544442e+01,2.500016032562612267e+01,2.500010137977128366e+01,2.500006351531033033e+01,2.500003942614333141e+01,2.500002424760916853e+01,2.500001477516382309e+01,2.500000892019691179e+01,2.500000533574827344e+01,2.500000316224109653e+01,2.500000185683528287e+01,2.500000108026557299e+01
2.500591220973153384e+01,2.500852293188258813e+01,2.501217326167818911e+01,2.501722676196861528e+01,2.502415344611007697e+01,2.503355315070341902e+01,2.504618131200211906e+01,2.506297642180782148e+01,2.508508802639315149e+01,2.511390365869312546e+01,2.515107258237723187e+01,2.519852371171352345e+01,2.525847460166072267e+01,2.533342803867570581e+01,2.542615257369377701e+01,2.553964339806911354e+01,2.567706034126778292e+01,2.584164052395695776e+01,2.603658436766274775e+01,2.626491524551121159e+01,2.652931501899551847e+01,2.683193995619006245e+01,2.717422392985072221e+01,2.755667816487051880e+01,2.797869892199375030e+01,2.843839612641394154e+01,2.893245683573263705e+01,2.945605738016250186e+01,3.000283684398876716e+01,3.056494221942254441e+01,3.113315208433302672e+01,3.169708118204696845e+01,3.224546307851545635e+01,3.276650250631224992e+01,3.324828351852657704e+01,3.367921464823541555e+01,3.404848837099748238e+01,3.434652970947499284e+01,3.456540810512179007e+01,3.469918787110677982e+01,3.474419562287945951e+01,3.469918787110677982e+01,3.456540810512179007e+01,3.434652970947499284e+01,3.404848837099748238e+01,3.367921464823541555e+01,3.324828351852657704e+01,3.276650250631224992e+01,3.224546307851545635e+01,3.169708118204696845e+01,3.113315208433302672e+01,3.056494221942254441e+01,3.000283684398876716e+01,2.945605738016250186e+01,2.893245683573263705e+01,2.843839612641394154e+01,2.797869892199375030e+01,2.755667816487051880e+01,2.717422392985072221e+01,2.683193995619006245e+01,2.652931501899551847e+01,2.626491524551121159e+01,2.603658436766274775e+01,2.584164052395695776e+01,2.567706034126778292e+01,2.553964339806911354e+01,2.542615257369377701e+01,2.533342803867570581e+01,2.525847460166072267e+01,2.519852371171352345e+01,2.515107258237723187e+01,2.511390365869312546e+01,2.508508802639315149e+01,2.506297642180782148e+01,2.504618131200211906e+01,2.503355315070341902e+01,2.502415344611007697e+01,2.501722676196861528e+01,2.501217326167818911e+01,2.500852293188258813e+01,2.500591220973153384e+01,2.500406339836244740e+01,2.500276699086481003e+01,2.500186683014105427e+01,2.500124790245149242e+01,2.500082648547662956e+01,2.500054233616981136e+01,2.500035259866828596e+01,2.500022712844133110e+01,2.500014495764614963e+01,2.500009166203412292e+01,2.500005742706330025e+01,2.500003564695845881e+01,2.500002192335956863e+01,2.500001335889352916e+01,2.500000806515326701e+01,2.500000482429122073e+01,2.500000285912512510e+01,2.500000167884871516e+01,2.500000097671693666e+01
2.500533187699075555e+01,2.500768633496815951e+01,2.501097835442105932e+01,2.501553581147093297e+01,2.502178258373936615e+01,2.503025962885734401e+01,2.504164823070361834e+01,2.505679476027489727e+01,2.507673592628063730e+01,2.510272306371503959e+01,2.513624354725023480e+01,2.517903695211613879e+01,2.523310316173993328e+01,2.530069929319427757e+01,2.538432214102807549e+01,2.548667289355999444e+01,2.561060121661547129e+01,2.575902648044444732e+01,2.593483495848285258e+01,2.614075325454505005e+01,2.637919998303024371e+01,2.665211975630062469e+01,2.696080570053099024e+01,2.730571885962335443e+01,2.768631475637003803e+01,2.810088884258532715e+01,2.854645336882388662e+01,2.901865814875642258e+01,2.951176664364702162e+01,3.001869668397884894e+01,3.053113200718445341e+01,3.103970675623007480e+01,3.153426039162182093e+01,3.200415544989922978e+01,3.243864563381617216e+01,3.282727727569464093e+01,3.316030369983938897e+01,3.342908979287109617e+01,3.362648344676983214e+01,3.374713161191862554e+01,3.378772147712630414e+01,3.374713161191862554e+01,3.362648344676983214e+01,3.342908979287109617e+01,3.316030369983938897e+01,3.282727727569464093e+01,3.243864563381617216e+01,3.200415544989922978e+01,3.153426039162182093e+01,3.103970675623007480e+01,3.053113200718445341e+01,3.001869668397884894e+01,2.951176664364702162e+01,2.901865814875642258e+01,2.854645336882388662e+01,2.810088884258532715e+01,2.768631475637003803e+01,2.730571885962335443e+01,2.696080570053099024e+01,2.665211975630062469e+01,2.637919998303024371e+01,2.614075325454505005e+01,2.593483495848285258e+01,2.575902648044444732e+01,2.561060121661547129e+01,2.548667289355999444e+01,2.538432214102807549e+01,2.530069929319427757e+01,2.523310316173993328e+01,2.517903695211613879e+01,2.513624354725023480e+01,2.510272306371503959e+01,2.507673592628063730e+01,2.505679476027489727e+01,2.504164823070361834e+01,2.503025962885734401e+01,2.502178258373936615e+01,2.501553581147093297e+01,2.501097835442105932e+01,2.500768633496815951e+01,2.500533187699075555e+01,2.500366454189158105e+01,2.500249538761235613e+01,2.500168358517825240e+01,2.500112541040828518e+01,2.500074535902752615e+01,2.500048910134727720e+01,2.500031798816547024e+01,2.500020483388872705e+01,2.500013072884306098e+01,2.500008266464027429e+01,2.500005179011763090e+01,2.500003214791190231e+01,2.500001977139880793e+01,2.500001204760660656e+01,2.500000727349114626e+01,2.500000435074676375e+01,2.500000257847812790e+01,2.500000151405570037e+01,2.500000088084401639e+01
2.500479625778207549e+01,2.500691419625219680e+01,2.500987551249168916e+01,2.501397514548769507e+01,2.501959439179762512e+01,2.502721986659507536e+01,2.503746441468327077e+01,2.505108938398650409e+01,2.506902733957034002e+01,2.509240391228004086e+01,2.512255706102921948e+01,2.516105161022181846e+01,2.520968654293031364e+01,2.527049223520117849e+01,2.534571466350878310e+01,2.543778366551003955e+01,2.554926264090740418e+01,2.568277769159788448e+01,2.584092514743909774e+01,2.602615770844380449e+01,2.624065102460433963e+01,2.648615436024007863e+01,2.676383093920068390e+01,2.707409549074692734e+01,2.741645823369123391e+01,2.778938585199597355e+01,2.819019073367142170e+01,2.861495969484789370e+01,2.905853246671161827e+01,2.951453832639746366e+01,2.997549643008136400e+01,3.043298177756886247e+01,3.087785451685246230e+01,3.130054578184766356e+01,3.169138880569450478e+01,3.204098005469587207e+01,3.234055196552763789e+01,3.258233687404140255e+01,3.275990114461355063e+01,3.286842947375376411e+01,3.290494184213983431e+01,3.286842947375376411e+01,3.275990114461355063e+01,3.258233687404140255e+01,3.234055196552763789e+01,3.204098005469587207e+01,3.169138880569450478e+01,3.130054578184766356e+01,3.087785451685246230e+01,3.043298177756886247e+01,2.997549643008136400e+01,2.951453832639746366e+01,2.905853246671161827e+01,2.861495969484789370e+01,2.819019073367142170e+01,2.778938585199597355e+01,2.741645823369123391e+01,2.707409549074692734e+01,2.676383093920068390e+01,2.648615436024007863e+01,2.624065102460433963e+01,2.602615770844380449e+01,2.584092514743909774e+01,2.568277769159788448e+01,2.554926264090740418e+01,2.543778366551003955e+01,2.534571466350878310e+01,2.527049223520117849e+01,2.520968654293031364e+01,2.516105161022181846e+01,2.512255706102921948e+01,2.509240391228004086e+01,2.506902733957034002e+01,2.505108938398650409e+01,2.503746441468327077e+01,2.502721986659507536e+01,2.501959439179762512e+01,2.501397514548769507e+01,2.500987551249168916e+01,2.500691419625219680e+01,2.500479625778207549e+01,2.500329641655193669e+01,2.500224471087307521e+01,2.500151445889073898e+01,2.500101235614364725e+01,2.500067048321677632e+01,2.500043996816640046e+01,2.500028604433596158e+01,2.500018425708892877e+01,2.500011759634214314e+01,2.500007436047847520e+01,2.500004658748788700e+01,2.500002891846021669e+01,2.500001778524252671e+01,2.500001083735184437e+01,2.500000654282507995e+01,2.500000391368800479e+01,2.500000231945444540e+01,2.500000136195967215e+01,2.500000079235791972e+01
2.500430345254408948e+01,2.500620377736223077e+01,2.500886082468614902e+01,2.501253922915232053e+01,2.501758110991167072e+01,2.502442308346855881e+01,2.503361502613226719e+01,2.504584005895478782e+01,2.506193492793400068e+01,2.508290960775117284e+01,2.510996458490063432e+01,2.514450390142269143e+01,2.518814169872336706e+01,2.524269973604907591e+01,2.531019322059086818e+01,2.539280232937873549e+01,2.549282707827342875e+01,2.561262374281375642e+01,2.575452188551255972e+01,2.592072219669746502e+01,2.611317678297324463e+01,2.633345517548845294e+01,2.658260107932789751e+01,2.686098661120703923e+01,2.716817231390871612e+01,2.750278241634161702e+01,2.786240545290480597e+01,2.824353031100912759e+01,2.864152692843445536e+01,2.905067916047642740e+01,2.946427480402811483e+01,2.987475450966164914e+01,3.027391752563235983e+01,3.065317816639819881e+01,3.100386290473718987e+01,3.131753439994514565e+01,3.158632593709411651e+01,3.180326796292824909e+01,3.196258788413615548e+01,3.205996515937138724e+01,3.209272595992905508e+01,3.205996515937138724e+01,3.196258788413615548e+01,3.180326796292824909e+01,3.158632593709411651e+01,3.131753439994514565e+01,3.100386290473718987e+01,3.065317816639819881e+01,3.027391752563235983e+01,2.987475450966164914e+01,2.946427480402811483e+01,2.905067916047642740e+01,2.864152692843445536e+01,2.824353031100912759e+01,2.786240545290480597e+01,2.750278241634161702e+01,2.716817231390871612e+01,2.686098661120703923e+01,2.658260107932789751e+01,2.633345517548845294e+01,2.611317678297324463e+01,2.592072219669746502e+01,2.575452188551255972e+01,2.561262374281375642e+01,2.549282707827342875e+01,2.539280232937873549e+01,2.531019322059086818e+01,2.524269973604907591e+01,2.518814169872336706e+01,2.514450390142269143e+01,2.510996458490063432e+01,2.508290960775117284e+01,2.506193492793400068e+01,2.504584005895478782e+01,2.503361502613226719e+01,2.502442308346855881e+01,2.501758110991167072e+01,2.501253922915232053e+01,2.500886082468614902e+01,2.500620377736223077e+01,2.500430345254408948e+01,2.500295771679533985e+01,2.500201407162758827e+01,2.500135885147596326e+01,2.500090833871319163e+01,2.500060159249900948e+01,2.500039476237747138e+01,2.500025665389168950e+01,2.500016532506677791e+01,2.500010551356928090e+01,2.500006672009821429e+01,2.500004180072306070e+01,2.500002594715022397e+01,2.500001595784686259e+01,2.500000972383710263e+01,2.500000587056378620e+01,2.500000351156492329e+01,2.500000208113545597e+01,2.500000122202122554e+01,2.500000071094483900e+01
2.500385144433543516e+01,2.500555217071299552e+01,2.500793013811471610e+01,2.501122218558114696e+01,2.501573449817007599e+01,2.502185783287143295e+01,2.503008431036620607e+01,2.504102530086916545e+01,2.505542966372073366e+01,2.507420129206838766e+01,2.509841458068260422e+01,2.512932609965622532e+01,2.516838045090157649e+01,2.521720804726933096e+01,2.527761243097150867e+01,2.535154478664099997e+01,2.544106355060713653e+01,2.554827750970646605e+01,2.567527154352164587e+01,2.582401519539248724e+01,2.599625553464252903e+01,2.619339723851393842e+01,2.641637438772342605e+01,2.666552001413347739e+01,2.694044081841237670e+01,2.723990553200953002e+01,2.756175597485122353e+01,2.790284982003736403e+01,2.825904331862968277e+01,2.862522071463539675e+01,2.899537481351253376e+01,2.936274025344165040e+01,2.971997763924416702e+01,3.005940307302463310e+01,3.037325404155789244e+01,3.065397941055621089e+01,3.089453873648331594e+01,3.108869450512639787e+01,3.123128044090045918e+01,3.131842980557045664e+01,3.134774961296684026e+01,3.131842980557045664e+01,3.123128044090045918e+01,3.108869450512639787e+01,3.089453873648331594e+01,3.065397941055621089e+01,3.037325404155789244e+01,3.005940307302463310e+01,2.971997763924416702e+01,2.936274025344165040e+01,2.899537481351253376e+01,2.862522071463539675e+01,2.825904331862968277e+01,2.790284982003736403e+01,2.756175597485122353e+01,2.723990553200953002e+01,2.694044081841237670e+01,2.666552001413347739e+01,2.641637438772342605e+01,2.619339723851393842e+01,2.599625553464252903e+01,2.582401519539248724e+01,2.567527154352164587e+01,2.554827750970646605e+01,2.544106355060713653e+01,2.535154478664099997e+01,2.527761243097150867e+01,2.521720804726933096e+01,2.516838045090157649e+01,2.512932609965622532e+01,2.509841458068260422e+01,2.507420129206838766e+01,2.505542966372073366e+01,2.504102530086916545e+01,2.503008431036620607e+01,2.502185783287143295e+01,2.501573449817007599e+01,2.501122218558114696e+01,2.500793013811471610e+01,2.500555217071299552e+01,2.500385144433543516e+01,2.500264705639960638e+01,2.500180252592116759e+01,2.500121612606765709e+01,2.500081293239689018e+01,2.500053840491995771e+01,2.500035329896332570e+01,2.500022969654415661e+01,2.500014796033775966e+01,2.500009443107239093e+01,2.500005971222912038e+01,2.500003741023199311e+01,2.500002322182102077e+01,2.500001428173269602e+01,2.500000870250500995e+01,2.500000525395584461e+01,2.500000314273172464e+01,2.500000186254577628e+01,2.500000109366762757e+01,2.500000063627156166e+01
2.500343813035384599e+01,2.500495634494375352e+01,2.500707912309975356e+01,2.501001788771242218e+01,2.501404596588955798e+01,2.501951218091694784e+01,2.502685584202604829e+01,2.503662271083504720e+01,2.504948128357673909e+01,2.506623845298962650e+01,2.508785331622029346e+01,2.511544759577117958e+01,2.515031086751341860e+01,2.519389857813739297e+01,2.524782072448676118e+01,2.531381910172407856e+01,2.539373124709744189e+01,2.548943964504672621e+01,2.560280543834149469e+01,2.573558681070454313e+01,2.588934334642383561e+01,2.606532898117728081e+01,2.626437755572313293e+01,2.648678636293531596e+01,2.673220431001518804e+01,2.699953226079230717e+01,2.728684363817655623e+01,2.759133333100547603e+01,2.790930227270492736e+01,2.823618369963254793e+01,2.856661507345273066e+01,2.889455705053218892e+01,2.921345785570695597e+01,2.951645818106825914e+01,2.979662853990484095e+01,3.004722814051896762e+01,3.026197207768588271e+01,3.043529220992936146e+01,3.056257667547541956e+01,3.064037369132048383e+01,3.066654707226512144e+01,3.064037369132048383e+01,3.056257667547541956e+01,3.043529220992936146e+01,3.026197207768588271e+01,3.004722814051896762e+01,2.979662853990484095e+01,2.951645818106825914e+01,2.921345785570695597e+01,2.889455705053218892e+01,2.856661507345273066e+01,2.823618369963254793e+01,2.790930227270492736e+01,2.759133333100547603e+01,2.728684363817655623e+01,2.699953226079230717e+01,2.673220431001518804e+01,2.648678636293531596e+01,2.626437755572313293e+01,2.606532898117728081e+01,2.588934334642383561e+01,2.573558681070454313e+01,2.560280543834149469e+01,2.548943964504672621e+01,2.539373124709744189e+01,2.531381910172407856e+01,2.524782072448676118e+01,2.519389857813739297e+01,2.515031086751341860e+01,2.511544759577117958e+01,2.508785331622029346e+01,2.506623845298962650e+01,2.504948128357673909e+01,2.503662271083504720e+01,2.502685584202604829e+01,2.501951218091694784e+01,2.501404596588955798e+01,2.501001788771242218e+01,2.500707912309975356e+01,2.500495634494375352e+01,2.500343813035384599e+01,2.500236299013128516e+01,2.500160908961506934e+01,2.500108561868825419e+01,2.500072569335188533e+01,2.500048062652260938e+01,2.500031538503065320e+01,2.500020504688419720e+01,2.500013208211883864e+01,2.500008429729422232e+01,2.500005330426965955e+01,2.500003339558953996e+01,2.500002072979401291e+01,2.500001274910252036e+01,2.500000776860419549e+01,2.500000469013271243e+01,2.500000280547254405e+01,2.500000166266849888e+01,2.500000097630175588e+01,2.500000056799069981e+01
2.500306135121881468e+01,2.500441318713161820e+01,2.500630333346881784e+01,2.500892004362895804e+01,2.501250669124494053e+01,2.501737387262381418e+01,2.502391275381014069e+01,2.503260928729060097e+01,2.504405870987893934e+01,2.505897948824576460e+01,2.507822561363529701e+01,2.510279588079834312e+01,2.513383854307567944e+01,2.517264954711300717e+01,2.522066245280839070e+01,2.527942817481457283e+01,2.535058287764980278e+01,2.543580274733418634e+01,2.553674496701657759e+01,2.565497504391420236e+01,2.579188164999973409e+01,2.594858130417175701e+01,2.612581646793082513e+01,2.632385185430647567e+01,2.654237484619102361e+01,2.678040675996613729e+01,2.703623214900357397e+01,2.730735330972834163e+01,2.759047655027894308e+01,2.788153557124152826e+01,2.817575550616832913e+01,2.846775885330991329e+01,2.875171183592736668e+01,2.902150684655222079e+01,2.927097378969478569e+01,2.949411058609806702e+01,2.968532108311811513e+01,2.983964734288160514e+01,2.995298291007424041e+01,3.002225427699926286e+01,3.004555935953218082e+01,3.002225427699926286e+01,2.995298291007424041e+01,2.983964734288160514e+01,2.968532108311811513e+01,2.949411058609806702e+01,2.927097378969478569e+01,2.902150684655222079e+01,2.875171183592736668e+01,2.846775885330991329e+01,2.817575550616832913e+01,2.788153557124152826e+01,2.759047655027894308e+01,2.730735330972834163e+01,2.703623214900357397e+01,2.678040675996613729e+01,2.654237484619102361e+01,2.632385185430647567e+01,2.612581646793082513e+01,2.594858130417175701e+01,2.579188164999973409e+01,2.565497504391420236e+01,2.553674496701657759e+01,2.543580274733418634e+01,2.535058287764980278e+01,2.527942817481457283e+01,2.522066245280839070e+01,2.517264954711300717e+01,2.513383854307567944e+01,2.510279588079834312e+01,2.507822561363529701e+01,2.505897948824576460e+01,2.504405870987893934e+01,2.503260928729060097e+01,2.502391275381014069e+01,2.501737387262381418e+01,2.501250669124494053e+01,2.500892004362895804e+01,2.500630333346881784e+01,2.500441318713161820e+01,2.500306135121881468e+01,2.500210403387130498e+01,2.500143275209119409e+01,2.500096664749512243e+01,2.500064616579321708e+01,2.500042795544070628e+01,2.500028082249612993e+01,2.500018257612837402e+01,2.500011760745343281e+01,2.500007505929032803e+01,2.500004746274111156e+01,2.500002973582099131e+01,2.500001845804947465e+01,2.500001135194903057e+01,2.500000691725545110e+01,2.500000417614866421e+01,2.500000249802535279e+01,2.500000148045935333e+01,2.500000086931042631e+01,2.500000050574551835e+01
2.500271891782937672e+01,2.500391954150924789e+01,2.500559826185494572e+01,2.500792227481529650e+01,2.501110773099257401e+01,2.501543048434034588e+01,2.502123794626513842e+01,2.502896171209392762e+01,2.503913043726998211e+01,2.505238222297833772e+01,2.506947553561310826e+01,2.509129744779737337e+01,2.511886777276318128e+01,2.515333749652587159e+01,2.519597982535540481e+01,2.524817219333228380e+01,2.531136774861315075e+01,2.538705518417364004e+01,2.547670631572124833e+01,2.558171153762128824e+01,2.570330418924445226e+01,2.584247589909829301e+01,2.599988607920944972e+01,2.617576983261715284e+01,2.636984951060778215e+01,2.658125590212092249e+01,2.680846544514440666e+01,2.704925982159019426e+01,2.730071376190030108e+01,2.755921581048350077e+01,2.782052520285711950e+01,2.807986594817953829e+01,2.833205681814524723e+01,2.857167338358753383e+01,2.879323571703753259e+01,2.899141311347684891e+01,2.916123538879003263e+01,2.929829918487891405e+01,2.939895738196809560e+01,2.946048026553670951e+01,2.948117851277617518e+01,2.946048026553670951e+01,2.939895738196809560e+01,2.929829918487891405e+01,2.916123538879003263e+01,2.899141311347684891e+01,2.879323571703753259e+01,2.857167338358753383e+01,2.833205681814524723e+01,2.807986594817953829e+01,2.782052520285711950e+01,2.755921581048350077e+01,2.730071376190030108e+01,2.704925982159019426e+01,2.680846544514440666e+01,2.658125590212092249e+01,2.636984951060778215e+01,2.617576983261715284e+01,2.599988607920944972e+01,2.584247589909829301e+01,2.570330418924445226e+01,2.558171153762128824e+01,2.547670631572124833e+01,2.538705518417364004e+01,2.531136774861315075e+01,2.524817219333228380e+01,2.519597982535540481e+01,2.515333749652587159e+01,2.511886777276318128e+01,2.509129744779737337e+01,2.506947553561310826e+01,2.505238222297833772e+01,2.503913043726998211e+01,2.502896171209392762e+01,2.502123794626513842e+01,2.501543048434034588e+01,2.501110773099257401e+01,2.500792227481529650e+01,2.500559826185494572e+01,2.500391954150924789e+01,2.500271891782937672e+01,2.500186868307404353e+01,2.500127248882188979e+01,2.500085852126115427e+01,2.500057388766277811e+01,2.500038008565327630e+01,2.500024941055012917e+01,2.500016215372074768e+01,2.500010445224319255e+01,2.500006666338755323e+01,2.500004215370397276e+01,2.500002640966295075e+01,2.500001639338848136e+01,2.500001008215471288e+01,2.500000614351240102e+01,2.500000370901744162e+01,2.500000221860387484e+01,2.500000131485969490e+01,2.500000077207202054e+01,2.500000044917437236e+01
2.500240863566937222e+01,2.500347224450285566e+01,2.500495938974125210e+01,2.500701818697738332e+01,2.500984011976582977e+01,2.501366956168233457e+01,2.501881427763860444e+01,2.502565660942079617e+01,2.503466488245739541e+01,2.504640437800050279e+01,2.506154700646650824e+01,2.508087860799306412e+01,2.510530261500473870e+01,2.513583866330719729e+01,2.517361466121865732e+01,2.521985085041860586e+01,2.527583454619298209e+01,2.534288455228169212e+01,2.542230472118571427e+01,2.551532677584519249e+01,2.562304330727872781e+01,2.574633277961945410e+01,2.588577935297365684e+01,2.604159130048594761e+01,2.621352265863806252e+01,2.640080341049837287e+01,2.660208386253537327e+01,2.681539885051528316e+01,2.703815693584302693e+01,2.726715880125296820e+01,2.749864763714679938e+01,2.772839248745317065e+01,2.795180340422551168e+01,2.816407499267192804e+01,2.836035269314939811e+01,2.853591413924015185e+01,2.868635634288234826e+01,2.880777845600118070e+01,2.889694956713380947e+01,2.895145147603484048e+01,2.896978764495316128e+01,2.895145147603484048e+01,2.889694956713380947e+01,2.880777845600118070e+01,2.868635634288234826e+01,2.853591413924015185e+01,2.836035269314939811e+01,2.816407499267192804e+01,2.795180340422551168e+01,2.772839248745317065e+01,2.749864763714679938e+01,2.726715880125296820e+01,2.703815693584302693e+01,2.681539885051528316e+01,2.660208386253537327e+01,2.640080341049837287e+01,2.621352265863806252e+01,2.604159130048594761e+01,2.588577935297365684e+01,2.574633277961945410e+01,2.562304330727872781e+01,2.551532677584519249e+01,2.542230472118571427e+01,2.534288455228169212e+01,2.527583454619298209e+01,2.521985085041860586e+01,2.517361466121865732e+01,2.513583866330719729e+01,2.510530261500473870e+01,2.508087860799306412e+01,2.506154700646650824e+01,2.504640437800050279e+01,2.503466488245739541e+01,2.502565660942079617e+01,2.501881427763860444e+01,2.501366956168233457e+01,2.500984011976582977e+01,2.500701818697738332e+01,2.500495938974125210e+01,2.500347224450285566e+01,2.500240863566937222e+01,2.500165542947207342e+01,2.500112727274512281e+01,2.500076054704934236e+01,2.500050839575946426e+01,2.500033671038234928e+01,2.500022094788627669e+01,2.500014364878243001e+01,2.500009253218173200e+01,2.500005905577997467e+01,2.500003734313479242e+01,2.500002339579942756e+01,2.500001452257946610e+01,2.500000893158197002e+01,2.500000544241644462e+01,2.500000328574538599e+01,2.500000196541740394e+01,2.500000116480826406e+01,2.500000068396337127e+01,2.500000039791471451e+01
2.500212832648925243e+01,2.500306815598828436e+01,2.500438223210386113e+01,2.500620143321815547e+01,2.500869495865287107e+01,2.501207874258232877e+01,2.501662473323946401e+01,2.502267077671771034e+01,2.503063069625639159e+01,2.504100398751523571e+01,2.505438436616315911e+01,2.507146621882015936e+01,2.509304783938552674e+01,2.512003020176834411e+01,2.515340995198760865e+01,2.519426532396751384e+01,2.524373381943069106e+01,2.530298076402992891e+01,2.537315827215563502e+01,2.545535472284090517e+01,2.555053555491751283e+01,2.565947699972180374e+01,2.578269523470808977e+01,2.592037429487024625e+01,2.607229684112376233e+01,2.623778246860143426e+01,2.641563855671228112e+01,2.660412864064027261e+01,2.680096286498001135e+01,2.700331423859681124e+01,2.720786315716662074e+01,2.741087104951570552e+01,2.760828213090120542e+01,2.779585024273758975e+01,2.796928578323358749e+01,2.812441595960582319e+01,2.825735018921327324e+01,2.836464159198445856e+01,2.844343525941735606e+01,2.849159441354091982e+01,2.850779667879692525e+01,2.849159441354091982e+01,2.844343525941735606e+01,2.836464159198445856e+01,2.825735018921327324e+01,2.812441595960582319e+01,2.796928578323358749e+01,2.779585024273758975e+01,2.760828213090120542e+01,2.741087104951570552e+01,2.720786315716662074e+01,2.700331423859681124e+01,2.680096286498001135e+01,2.660412864064027261e+01,2.641563855671228112e+01,2.623778246860143426e+01,2.607229684112376233e+01,2.592037429487024625e+01,2.578269523470808977e+01,2.565947699972180374e+01,2.555053555491751283e+01,2.545535472284090517e+01,2.537315827215563502e+01,2.530298076402992891e+01,2.524373381943069106e+01,2.519426532396751384e+01,2.515340995198760865e+01,2.512003020176834411e+01,2.509304783938552674e+01,2.507146621882015936e+01,2.505438436616315911e+01,2.504100398751523571e+01,2.503063069625639159e+01,2.502267077671771034e+01,2.501662473323946401e+01,2.501207874258232877e+01,2.500869495865287107e+01,2.500620143321815547e+01,2.500438223210386113e+01,2.500306815598828436e+01,2.500212832648925243e+01,2.500146277597782785e+01,2.500099608441183818e+01,2.500067203705899388e+01,2.500044923031558852e+01,2.500029752512389791e+01,2.500019523469036287e+01,2.500012693140464748e+01,2.500008176358757339e+01,2.500005218306050025e+01,2.500003299726229855e+01,2.500002067307243436e+01,2.500001283248893102e+01,2.500000789215352981e+01,2.500000480904573052e+01,2.500000290336102893e+01,2.500000173668852455e+01,2.500000102925167056e+01,2.500000060436594040e+01,2.500000035160669754e+01
2.500187584734544188e+01,2.500270418673783723e+01,2.500386237661404110e+01,2.500546576951372657e+01,2.500766349297914459e+01,2.501064586534244683e+01,2.501465257415786780e+01,2.501998138750787248e+01,2.502699703760289651e+01,2.503613976592473378e+01,2.504793285683181736e+01,2.506298832323872361e+01,2.508200975902515495e+01,2.510579125735501904e+01,2.513521123410976799e+01,2.517122001446492519e+01,2.521482016057323960e+01,2.526703875782006747e+01,2.532889124755418564e+01,2.540133689656589766e+01,2.548522661559606917e+01,2.558124455319948964e+01,2.568984565372436535e+01,2.581119212045881994e+01,2.594509239682221491e+01,2.609094679302522835e+01,2.624770416668861017e+01,2.641383404636822974e+01,2.658731821765696424e+01,2.676566504976303662e+01,2.694594873642944322e+01,2.712487420575466857e+01,2.729886680268366561e+01,2.746418408198954353e+01,2.761704530882085606e+01,2.775377270051347622e+01,2.787093720651701290e+01,2.796550084329614450e+01,2.803494737447358176e+01,2.807739350380459342e+01,2.809167372651671002e+01,2.807739350380459342e+01,2.803494737447358176e+01,2.796550084329614450e+01,2.787093720651701290e+01,2.775377270051347622e+01,2.761704530882085606e+01,2.746418408198954353e+01,2.729886680268366561e+01,2.712487420575466857e+01,2.694594873642944322e+01,2.676566504976303662e+01,2.658731821765696424e+01,2.641383404636822974e+01,2.624770416668861017e+01,2.609094679302522835e+01,2.594509239682221491e+01,2.581119212045881994e+01,2.568984565372436535e+01,2.558124455319948964e+01,2.548522661559606917e+01,2.540133689656589766e+01,2.532889124755418564e+01,2.526703875782006747e+01,2.521482016057323960e+01,2.517122001446492519e+01,2.513521123410976799e+01,2.510579125735501904e+01,2.508200975902515495e+01,2.506298832323872361e+01,2.504793285683181736e+01,2.503613976592473378e+01,2.502699703760289651e+01,2.501998138750787248e+01,2.501465257415786780e+01,2.501064586534244683e+01,2.500766349297914459e+01,2.500546576951372657e+01,2.500386237661404110e+01,2.500270418673783723e+01,2.500187584734544188e+01,2.500128924976916878e+01,2.500087792089663807e+01,2.500059231463758991e+01,2.500039593901557922e+01,2.500026223030944195e+01,2.500017207438684963e+01,2.500011187378424538e+01,2.500007206413559402e+01,2.500004599268768857e+01,2.500002908286261771e+01,2.500001822066691659e+01,2.500001131019626044e+01,2.500000695592303401e+01,2.500000423855818710e+01,2.500000255894107681e+01,2.500000153066861586e+01,2.500000090715358780e+01,2.500000053267120848e+01,2.500000030989629352e+01
2.500164910702475396e+01,2.500237732209737729e+01,2.500339551745612354e+01,2.500480510257014899e+01,2.500673717940683716e+01,2.500935906184663438e+01,2.501288146555913627e+01,2.501756616634273556e+01,2.502373380993220664e+01,2.503177142426026691e+01,2.504213904244930688e+01,2.505537470124262001e+01,2.507209694863262328e+01,2.509300389292652156e+01,2.511886777276318128e+01,2.515052404414416287e+01,2.518885408597957110e+01,2.523476083620203525e+01,2.528913699616358812e+01,2.535282588267589077e+01,2.542657555388109714e+01,2.551098746287208385e+01,2.560646156326038536e+01,2.571314045224749378e+01,2.583085572737596536e+01,2.595908018548789897e+01,2.609688973951093871e+01,2.624293891151169333e+01,2.639545343581532322e+01,2.655224285387955874e+01,2.671073501202503664e+01,2.686803312537580979e+01,2.702099462010961517e+01,2.716632941362540521e+01,2.730071376190030108e+01,2.742091442890276909e+01,2.752391684558237728e+01,2.760705024024688470e+01,2.766810252293286965e+01,2.770541803809116033e+01,2.771797215964420857e+01,2.770541803809116033e+01,2.766810252293286965e+01,2.760705024024688470e+01,2.752391684558237728e+01,2.742091442890276909e+01,2.730071376190030108e+01,2.716632941362540521e+01,2.702099462010961517e+01,2.686803312537580979e+01,2.671073501202503664e+01,2.655224285387955874e+01,2.639545343581532322e+01,2.624293891151169333e+01,2.609688973951093871e+01,2.595908018548789897e+01,2.583085572737596536e+01,2.571314045224749378e+01,2.560646156326038536e+01,2.551098746287208385e+01,2.542657555388109714e+01,2.535282588267589077e+01,2.528913699616358812e+01,2.523476083620203525e+01,2.518885408597957110e+01,2.515052404414416287e+01,2.511886777276318128e+01,2.509300389292652156e+01,2.507209694863262328e+01,2.505537470124262001e+01,2.504213904244930688e+01,2.503177142426026691e+01,2.502373380993220664e+01,2.501756616634273556e+01,2.501288146555913627e+01,2.500935906184663438e+01,2.500673717940683716e+01,2.500480510257014899e+01,2.500339551745612354e+01,2.500237732209737729e+01,2.500164910702475396e+01,2.500113341357769414e+01,2.500077180348461781e+01,2.500052071946690546e+01,2.500034808046270740e+01,2.500023053360202852e+01,2.500015127514550883e+01,2.500009835120322066e+01,2.500006335348797393e+01,2.500004043338843118e+01,2.500002556751388028e+01,2.500001601827029063e+01,2.500000994309273139e+01,2.500000611513594961e+01,2.500000372622863054e+01,2.500000224963279649e+01,2.500000134565127041e+01,2.500000079750271809e+01,2.500000046828535005e+01,2.500000027243802947e+01
2.500144607992195844e+01,2.500208464199196357e+01,2.500297748390144292e+01,2.500421353025931026e+01,2.500590774262956728e+01,2.500820683631907215e+01,2.501129558508383965e+01,2.501540353662480243e+01,2.502081186090373066e+01,2.502785993754508098e+01,2.503695116344895766e+01,2.504855733584868815e+01,2.506322085121653842e+01,2.508155387140206827e+01,2.510423356215247637e+01,2.513199252367587277e+01,2.516560362536546336e+01,2.520585864143331278e+01,2.525354036977071104e+01,2.530938830362514480e+01,2.537405840518924194e+01,2.544807808064618726e+01,2.553179804397554875e+01,2.562534333675855081e+01,2.572856628912970578e+01,2.584100460368200203e+01,2.596184796080524748e+01,2.608991652887194590e+01,2.622365447801169935e+01,2.636114102438797246e+01,2.650012068079702843e+01,2.663805329527513877e+01,2.677218318681467579e+01,2.689962532593026268e+01,2.701746516588535485e+01,2.712286752519204569e+01,2.721318896851730074e+01,2.728608753183919688e+01,2.733962346301692747e+01,2.737234493981495831e+01,2.738335348131237978e+01,2.737234493981495831e+01,2.733962346301692747e+01,2.728608753183919688e+01,2.721318896851730074e+01,2.712286752519204569e+01,2.701746516588535485e+01,2.689962532593026268e+01,2.677218318681467579e+01,2.663805329527513877e+01,2.650012068079702843e+01,2.636114102438797246e+01,2.622365447801169935e+01,2.608991652887194590e+01,2.596184796080524748e+01,2.584100460368200203e+01,2.572856628912970578e+01,2.562534333675855081e+01,2.553179804397554875e+01,2.544807808064618726e+01,2.537405840518924194e+01,2.530938830362514480e+01,2.525354036977071104e+01,2.520585864143331278e+01,2.516560362536546336e+01,2.513199252367587277e+01,2.510423356215247637e+01,2.508155387140206827e+01,2.506322085121653842e+01,2.504855733584868815e+01,2.503695116344895766e+01,2.502785993754508098e+01,2.502081186090373066e+01,2.501540353662480243e+01,2.501129558508383965e+01,2.500820683631907215e+01,2.500590774262956728e+01,2.500421353025931026e+01,2.500297748390144292e+01,2.500208464199196357e+01,2.500144607992195844e+01,2.500099387522663719e+01,2.500067678416624872e+01,2.500045661194498692e+01,2.500030522710824243e+01,2.500020215183625183e+01,2.500013265115443062e+01,2.500008624285637282e+01,2.500005555382735523e+01,2.500003545549822448e+01,2.500002241981140116e+01,2.500001404620725509e+01,2.500000871896520138e+01,2.500000536228102987e+01,2.500000326748011048e+01,2.500000197267294766e+01,2.500000117998362370e+01,2.500000069931948232e+01,2.500000041063317013e+01,2.500000023889726819e+01
2.500126481747324902e+01,2.500182333740816176e+01,2.500260426384992130e+01,2.500368537493336518e+01,2.500516722208216436e+01,2.500717813021176283e+01,2.500987971215673156e+01,2.501347274239617846e+01,2.501820314695065761e+01,2.502436776506988281e+01,2.503231942887617834e+01,2.504247079701688605e+01,2.505529627794282987e+01,2.507133130056912051e+01,2.509116814963489261e+01,2.511544759577117958e+01,2.514484563115394167e+01,2.518005478310693945e+01,2.522175972779217545e+01,2.527060726485507303e+01,2.532717113329194092e+01,2.539191263025924172e+01,2.546513850862913841e+01,2.554695813633796675e+01,2.563724235356315262e+01,2.573558681070454313e+01,2.584128275965885990e+01,2.595329825769922749e+01,2.607027249428149673e+01,2.619052545094895379e+01,2.631208436009543306e+01,2.643272747136008149e+01,2.655004452135689874e+01,2.666151211172557822e+01,2.676458102676718553e+01,2.685677146779889668e+01,2.693577134739881629e+01,2.699953226079230717e+01,2.704635759884719803e+01,2.707497752156108461e+01,2.708460617031656525e+01,2.707497752156108461e+01,2.704635759884719803e+01,2.699953226079230717e+01,2.693577134739881629e+01,2.685677146779889668e+01,2.676458102676718553e+01,2.666151211172557822e+01,2.655004452135689874e+01,2.643272747136008149e+01,2.631208436009543306e+01,2.619052545094895379e+01,2.607027249428149673e+01,2.595329825769922749e+01,2.584128275965885990e+01,2.573558681070454313e+01,2.563724235356315262e+01,2.554695813633796675e+01,2.546513850862913841e+01,2.539191263025924172e+01,2.532717113329194092e+01,2.527060726485507303e+01,2.522175972779217545e+01,2.518005478310693945e+01,2.514484563115394167e+01,2.511544759577117958e+01,2.509116814963489261e+01,2.507133130056912051e+01,2.505529627794282987e+01,2.504247079701688605e+01,2.503231942887617834e+01,2.502436776506988281e+01,2.501820314695065761e+01,2.501347274239617846e+01,2.500987971215673156e+01,2.500717813021176283e+01,2.500516722208216436e+01,2.500368537493336518e+01,2.500260426384992130e+01,2.500182333740816176e+01,2.500126481747324902e+01,2.500086929548898951e+01,2.500059195098838671e+01,2.500039937679635926e+01,2.500026696766475354e+01,2.500017681261655156e+01,2.500011602366883068e+01,2.500007543253317266e+01,2.500004859029606763e+01,2.500003101124148941e+01,2.500001960954493541e+01,2.500001228555081667e+01,2.500000762606503812e+01,2.500000469013271243e+01,2.500000285790977017e+01,2.500000172540340060e+01,2.500000103207567292e+01,2.500000061166155874e+01,2.500000035916134422e+01,2.500000020895210184e+01
2.500110345727694394e+01,2.500159072354226097e+01,2.500227202260963111e+01,2.500321521000025271e+01,2.500450800920191341e+01,2.500626237396663498e+01,2.500861929923014770e+01,2.501175394549164821e+01,2.501588086454433579e+01,2.502125902611081898e+01,2.502819624944655175e+01,2.503705254791072576e+01,2.504824180688078172e+01,2.506223114745929692e+01,2.507953729314135671e+01,2.510071926768383932e+01,2.512636682296913193e+01,2.515708413654146369e+01,2.519346853640213624e+01,2.523608430616563325e+01,2.528543198957359905e+01,2.534191403339394810e+01,2.540579805623267617e+01,2.547717947331589272e+01,2.555594560249846126e+01,2.564174367943440558e+01,2.573395537518012688e+01,2.583168039800544591e+01,2.593373154396255842e+01,2.603864312441996987e+01,2.614469404932573227e+01,2.624994601006607553e+01,2.635229623471629168e+01,2.644954324967074655e+01,2.653946305765474278e+01,2.661989222247310849e+01,2.668881362328067297e+01,2.674444018233499776e+01,2.678529173689906173e+01,2.681026044792033503e+01,2.681866071338241397e+01,2.681026044792033503e+01,2.678529173689906173e+01,2.674444018233499776e+01,2.668881362328067297e+01,2.661989222247310849e+01,2.653946305765474278e+01,2.644954324967074655e+01,2.635229623471629168e+01,2.624994601006607553e+01,2.614469404932573227e+01,2.603864312441996987e+01,2.593373154396255842e+01,2.583168039800544591e+01,2.573395537518012688e+01,2.564174367943440558e+01,2.555594560249846126e+01,2.547717947331589272e+01,2.540579805623267617e+01,2.534191403339394810e+01,2.528543198957359905e+01,2.523608430616563325e+01,2.519346853640213624e+01,2.515708413654146369e+01,2.512636682296913193e+01,2.510071926768383932e+01,2.507953729314135671e+01,2.506223114745929692e+01,2.504824180688078172e+01,2.503705254791072576e+01,2.502819624944655175e+01,2.502125902611081898e+01,2.501588086454433579e+01,2.501175394549164821e+01,2.500861929923014770e+01,2.500626237396663498e+01,2.500450800920191341e+01,2.500321521000025271e+01,2.500227202260963111e+01,2.500159072354226097e+01,2.500110345727694394e+01,2.500075839435604763e+01,2.500051643232287901e+01,2.500034842595196949e+01,2.500023290903123296e+01,2.500015425559222138e+01,2.500010122184771788e+01,2.500006580916172183e+01,2.500004239134651129e+01,2.500002705495521127e+01,2.500001710784007614e+01,2.500001071821091969e+01,2.500000665316311554e+01,2.500000409178492333e+01,2.500000249330943092e+01,2.500000150528355292e+01,2.500000090040771283e+01,2.500000053362829888e+01,2.500000031334102246e+01,2.500000018229485477e+01
2.500096023005535528e+01,2.500138424983635943e+01,2.500197711723126659e+01,2.500279788020889526e+01,2.500392287587017748e+01,2.500544952652565911e+01,2.500750052616428576e+01,2.501022829969579675e+01,2.501381955038869620e+01,2.501849963405536315e+01,2.502453641543953466e+01,2.503224317866651916e+01,2.504198008736674197e+01,2.505415363097261405e+01,2.506921346298739905e+01,2.508764604666095366e+01,2.510996458490063432e+01,2.513669483384476422e+01,2.516835658914991214e+01,2.520544089120132014e+01,2.524838331385833357e+01,2.529753406685749084e+01,2.535312603228151218e+01,2.541524224059271120e+01,2.548378463563184226e+01,2.555844624137498045e+01,2.563868898711638877e+01,2.572372943774175269e+01,2.581253448672639905e+01,2.590382868978701225e+01,2.599611435196939269e+01,2.608770475442508285e+01,2.617677006210395874e+01,2.626139454961603548e+01,2.633964289144322279e+01,2.640963246240297480e+01,2.646960796113356906e+01,2.651801427010085987e+01,2.655356334963481757e+01,2.657529115665287378e+01,2.658260107932789751e+01,2.657529115665287378e+01,2.655356334963481757e+01,2.651801427010085987e+01,2.646960796113356906e+01,2.640963246240297480e+01,2.633964289144322279e+01,2.626139454961603548e+01,2.617677006210395874e+01,2.608770475442508285e+01,2.599611435196939269e+01,2.590382868978701225e+01,2.581253448672639905e+01,2.572372943774175269e+01,2.563868898711638877e+01,2.555844624137498045e+01,2.548378463563184226e+01,2.541524224059271120e+01,2.535312603228151218e+01,2.529753406685749084e+01,2.524838331385833357e+01,2.520544089120132014e+01,2.516835658914991214e+01,2.513669483384476422e+01,2.510996458490063432e+01,2.508764604666095366e+01,2.506921346298739905e+01,2.505415363097261405e+01,2.504198008736674197e+01,2.503224317866651916e+01,2.502453641543953466e+01,2.501849963405536315e+01,2.501381955038869620e+01,2.501022829969579675e+01,2.500750052616428576e+01,2.500544952652565911e+01,2.500392287587017748e+01,2.500279788020889526e+01,2.500197711723126659e+01,2.500138424983635943e+01,2.500096023005535528e+01,2.500065995582221845e+01,2.500044940012481476e+01,2.500030320074744949e+01,2.500020267776254457e+01,2.500013423343064645e+01,2.500008808339250521e+01,2.500005726722395494e+01,2.500003688900862642e+01,2.500002354325961207e+01,2.500001488726620025e+01,2.500000932700202938e+01,2.500000578959178554e+01,2.500000356067692664e+01,2.500000216968133060e+01,2.500000130989983660e+01,2.500000078353604493e+01,2.500000046436408851e+01,2.500000027266979075e+01,2.500000015863323455e+01
2.500083346462859524e+01,2.500120150714853295e+01,2.500171610674927436e+01,2.500242851614169126e+01,2.500340499473218614e+01,2.500473010355842263e+01,2.500651033907857368e+01,2.500887800372378678e+01,2.501199515300303133e+01,2.501605739222715030e+01,2.502129722379274313e+01,2.502798657340728994e+01,2.503643805745349127e+01,2.504700450238363274e+01,2.506007620038656469e+01,2.507607539393386986e+01,2.509544753510048665e+01,2.511864897196895541e+01,2.514613087901713939e+01,2.517831947159835337e+01,2.521559282099133270e+01,2.525825490375499172e+01,2.530650785788480661e+01,2.536042375251987835e+01,2.541991747645182187e+01,2.548472257930621865e+01,2.555437202414915276e+01,2.562818580158813475e+01,2.570526719136213956e+01,2.578450912783625881e+01,2.586461163527885176e+01,2.594411066818254952e+01,2.602141795842146266e+01,2.609487068640173746e+01,2.616278901992569672e+01,2.622353886986043392e+01,2.627559666215265111e+01,2.631761257917189667e+01,2.634846862268511813e+01,2.636732801841590401e+01,2.637367291665506386e+01,2.636732801841590401e+01,2.634846862268511813e+01,2.631761257917189667e+01,2.627559666215265111e+01,2.622353886986043392e+01,2.616278901992569672e+01,2.609487068640173746e+01,2.602141795842146266e+01,2.594411066818254952e+01,2.586461163527885176e+01,2.578450912783625881e+01,2.570526719136213956e+01,2.562818580158813475e+01,2.555437202414915276e+01,2.548472257930621865e+01,2.541991747645182187e+01,2.536042375251987835e+01,2.530650785788480661e+01,2.525825490375499172e+01,2.521559282099133270e+01,2.517831947159835337e+01,2.514613087901713939e+01,2.511864897196895541e+01,2.509544753510048665e+01,2.507607539393386986e+01,2.506007620038656469e+01,2.504700450238363274e+01,2.503643805745349127e+01,2.502798657340728994e+01,2.502129722379274313e+01,2.501605739222715030e+01,2.501199515300303133e+01,2.500887800372378678e+01,2.500651033907857368e+01,2.500473010355842263e+01,2.500340499473218614e+01,2.500242851614169126e+01,2.500171610674927436e+01,2.500120150714853295e+01,2.500083346462859524e+01,2.500057283130348651e+01,2.500039007226031984e+01,2.500026317349363580e+01,2.500017592111925779e+01,2.500011651251259792e+01,2.500007645500326703e+01,2.500004970705226270e+01,2.500003201908095107e+01,2.500002043518010808e+01,2.500001292191358004e+01,2.500000809569148430e+01,2.500000502527487001e+01,2.500000309061172743e+01,2.500000188324936801e+01,2.500000113697251436e+01,2.500000068009699916e+01,2.500000040306074567e+01,2.500000023667310245e+01,2.500000013769115981e+01
2.500072159108272629e+01,2.500104023231996564e+01,2.500148575870504430e+01,2.500210254344573002e+01,2.500294795213999066e+01,2.500409519544204429e+01,2.500563647509857645e+01,2.500768633496815951e+01,2.501038507831761493e+01,2.501390205492280572e+01,2.501843855905627123e+01,2.502423001662445756e+01,2.503154708241742199e+01,2.504069522401349701e+01,2.505201234581013736e+01,2.506586401389352403e+01,2.508263588859527360e+01,2.510272306371503959e+01,2.512651615388576332e+01,2.515438416480694173e+01,2.518665442034333068e+01,2.522359009515975004e+01,2.526536619485332480e+01,2.531204511493112719e+01,2.536355316841603269e+01,2.541965966979653757e+01,2.547996027115522111e+01,2.554386623879307194e+01,2.561060121661547129e+01,2.567920673720492530e+01,2.574855731681140369e+01,2.581738542452048080e+01,2.588431598084191876e+01,2.594790936164537953e+01,2.600671121374930550e+01,2.605930678707763803e+01,2.610437701251454357e+01,2.614075325454505005e+01,2.616746758060454781e+01,2.618379553420693640e+01,2.618928877511135411e+01,2.618379553420693640e+01,2.616746758060454781e+01,2.614075325454505005e+01,2.610437701251454357e+01,2.605930678707763803e+01,2.600671121374930550e+01,2.594790936164537953e+01,2.588431598084191876e+01,2.581738542452048080e+01,2.574855731681140369e+01,2.567920673720492530e+01,2.561060121661547129e+01,2.554386623879307194e+01,2.547996027115522111e+01,2.541965966979653757e+01,2.536355316841603269e+01,2.531204511493112719e+01,2.526536619485332480e+01,2.522359009515975004e+01,2.518665442034333068e+01,2.515438416480694173e+01,2.512651615388576332e+01,2.510272306371503959e+01,2.508263588859527360e+01,2.506586401389352403e+01,2.505201234581013736e+01,2.504069522401349701e+01,2.503154708241742199e+01,2.502423001662445756e+01,2.501843855905627123e+01,2.501390205492280572e+01,2.501038507831761493e+01,2.500768633496815951e+01,2.500563647509857645e+01,2.500409519544204429e+01,2.500294795213999066e+01,2.500210254344573002e+01,2.500148575870504430e+01,2.500104023231996564e+01,2.500072159108272629e+01,2.500049594181482959e+01,2.500033771398930327e+01,2.500022784847695334e+01,2.500015230773636432e+01,2.500010087337510356e+01,2.500006619266936525e+01,2.500004303501843950e+01,2.500002772125234785e+01,2.500001769222500414e+01,2.500001118744250661e+01,2.500000700903023798e+01,2.500000435074676375e+01,2.500000267576785618e+01,2.500000163046625090e+01,2.500000098435998552e+01,2.500000058880954512e+01,2.500000034895906609e+01,2.500000020490515595e+01,2.500000011920927534e+01
2.500062314232114957e+01,2.500089831041141863e+01,2.500128305234126813e+01,2.500181568735320425e+01,2.500254575449049810e+01,2.500353647606574725e+01,2.500486747447427405e+01,2.500663766602422555e+01,2.500896821200133857e+01,2.501200535730101393e+01,2.501592293303511738e+01,2.502092424527174686e+01,2.502724302258397771e+01,2.503514305672360152e+01,2.504491615081236588e+01,2.505687799569641427e+01,2.507136163495121650e+01,2.508870825858490505e+01,2.510925518854460492e+01,2.513332108601336046e+01,2.516118861711294130e+01,2.519308505082632976e+01,2.522916151623011416e+01,2.526947189603160382e+01,2.531395255658140186e+01,2.536240428546054915e+01,2.541447790110922256e+01,2.546966499247229976e+01,2.552729512396594203e+01,2.558654059465871811e+01,2.564642947380868421e+01,2.570586716341560418e+01,2.576366619006714842e+01,2.581858334172308744e+01,2.586936268681910889e+01,2.591478249372998732e+01,2.595370365776018318e+01,2.598511698372309198e+01,2.600818659689760892e+01,2.602228688049449445e+01,2.602703066263060805e+01,2.602228688049449445e+01,2.600818659689760892e+01,2.598511698372309198e+01,2.595370365776018318e+01,2.591478249372998732e+01,2.586936268681910889e+01,2.581858334172308744e+01,2.576366619006714842e+01,2.570586716341560418e+01,2.564642947380868421e+01,2.558654059465871811e+01,2.552729512396594203e+01,2.546966499247229976e+01,2.541447790110922256e+01,2.536240428546054915e+01,2.531395255658140186e+01,2.526947189603160382e+01,2.522916151623011416e+01,2.519308505082632976e+01,2.516118861711294130e+01,2.513332108601336046e+01,2.510925518854460492e+01,2.508870825858490505e+01,2.507136163495121650e+01,2.505687799569641427e+01,2.504491615081236588e+01,2.503514305672360152e+01,2.502724302258397771e+01,2.502092424527174686e+01,2.501592293303511738e+01,2.501200535730101393e+01,2.500896821200133857e+01,2.500663766602422555e+01,2.500486747447427405e+01,2.500353647606574725e+01,2.500254575449049810e+01,2.500181568735320425e+01,2.500128305234126813e+01,2.500089831041141863e+01,2.500062314232114957e+01,2.500042827903648757e+01,2.500029163869152171e+01,2.500019676244925648e+01,2.500013152795071747e+01,2.500008711092834801e+01,2.500005716181174975e+01,2.500003716362621731e+01,2.500002393916159349e+01,2.500001527842349702e+01,2.500000966110731682e+01,2.500000605276794019e+01,2.500000375716177814e+01,2.500000231070509926e+01,2.500000140801702031e+01,2.500000085006089989e+01,2.500000050847655331e+01,2.500000030134957285e+01,2.500000017694935295e+01,2.500000010294520791e+01
2.500053675419038512e+01,2.500077377488453223e+01,2.500110517886088601e+01,2.500156397304785827e+01,2.500219282873925408e+01,2.500304620354460639e+01,2.500419268156242225e+01,2.500571746602973988e+01,2.500772492127172697e+01,2.501034101780549435e+01,2.501371548800283762e+01,2.501802345298822416e+01,2.502346623882594301e+01,2.503027106700835702e+01,2.503868928709566077e+01,2.504899282474397637e+01,2.506146855267667206e+01,2.507641036068483587e+01,2.509410880673971178e+01,2.511483837504740180e+01,2.513884254485845560e+01,2.516631707815985308e+01,2.519739215254088194e+01,2.523211418078390267e+01,2.527042835096747098e+01,2.531216306810111760e+01,2.535701755873538588e+01,2.540455389439869904e+01,2.545419458404800395e+01,2.550522667347004102e+01,2.555681297366191984e+01,2.560801063410061928e+01,2.565779680445419331e+01,2.570510062297970322e+01,2.574884027175674461e+01,2.578796339156158623e+01,2.582148879527553831e+01,2.584854719553529634e+01,2.586841859749543460e+01,2.588056411554058300e+01,2.588465025261297114e+01,2.588056411554058300e+01,2.586841859749543460e+01,2.584854719553529634e+01,2.582148879527553831e+01,2.578796339156158623e+01,2.574884027175674461e+01,2.570510062297970322e+01,2.565779680445419331e+01,2.560801063410061928e+01,2.555681297366191984e+01,2.550522667347004102e+01,2.545419458404800395e+01,2.540455389439869904e+01,2.535701755873538588e+01,2.531216306810111760e+01,2.527042835096747098e+01,2.523211418078390267e+01,2.519739215254088194e+01,2.516631707815985308e+01,2.513884254485845560e+01,2.511483837504740180e+01,2.509410880673971178e+01,2.507641036068483587e+01,2.506146855267667206e+01,2.504899282474397637e+01,2.503868928709566077e+01,2.503027106700835702e+01,2.502346623882594301e+01,2.501802345298822416e+01,2.501371548800283762e+01,2.501034101780549435e+01,2.500772492127172697e+01,2.500571746602973988e+01,2.500419268156242225e+01,2.500304620354460639e+01,2.500219282873925408e+01,2.500156397304785827e+01,2.500110517886088601e+01,2.500077377488453223e+01,2.500053675419038512e+01,2.500036890540039636e+01,2.500025120792544442e+01,2.500016948466756972e+01,2.500011329382759584e+01,2.500007503447323742e+01,2.500004923729450823e+01,2.500003201151875842e+01,2.500002062040221418e+01,2.500001316032879828e+01,2.500000832175838639e+01,2.500000521365416262e+01,2.500000323629492271e+01,2.500000199036496440e+01,2.500000121281930276e+01,2.500000073221434960e+01,2.500000043798489102e+01,2.500000025957255545e+01,2.500000015241832330e+01,2.500000008867359824e+01
2.500046116436952914e+01,2.500066480600090912e+01,2.500094953914049611e+01,2.500134372242917635e+01,2.500188401786355286e+01,2.500261721391703773e+01,2.500360223615204802e+01,2.500491228883563011e+01,2.500663703891231293e+01,2.500888471676976366e+01,2.501178396832462170e+01,2.501548525280832891e+01,2.502016154401255577e+01,2.502600806436527492e+01,2.503324076646365981e+01,2.504209328131797463e+01,2.505281208204566923e+01,2.506564967063488680e+01,2.508085568646622221e+01,2.509866595878539997e+01,2.511928967823699566e+01,2.514289503811120952e+01,2.516959388339586212e+01,2.519942609067115313e+01,2.523234456704865636e+01,2.526820188285383750e+01,2.530673962184948422e+01,2.534758152799304298e+01,2.539023143693676943e+01,2.543407679811999245e+01,2.547839832188347131e+01,2.552238593710938019e+01,2.556516083905448866e+01,2.560580297289784468e+01,2.564338287057352872e+01,2.567699637411385183e+01,2.570580047465724149e+01,2.572904830452009151e+01,2.574612126402511336e+01,2.575655635754133144e+01,2.576006705361142934e+01,2.575655635754133144e+01,2.574612126402511336e+01,2.572904830452009151e+01,2.570580047465724149e+01,2.567699637411385183e+01,2.564338287057352872e+01,2.560580297289784468e+01,2.556516083905448866e+01,2.552238593710938019e+01,2.547839832188347131e+01,2.543407679811999245e+01,2.539023143693676943e+01,2.534758152799304298e+01,2.530673962184948422e+01,2.526820188285383750e+01,2.523234456704865636e+01,2.519942609067115313e+01,2.516959388339586212e+01,2.514289503811120952e+01,2.511928967823699566e+01,2.509866595878539997e+01,2.508085568646622221e+01,2.506564967063488680e+01,2.505281208204566923e+01,2.504209328131797463e+01,2.503324076646365981e+01,2.502600806436527492e+01,2.502016154401255577e+01,2.501548525280832891e+01,2.501178396832462170e+01,2.500888471676976366e+01,2.500663703891231293e+01,2.500491228883563011e+01,2.500360223615204802e+01,2.500261721391703773e+01,2.500188401786355286e+01,2.500134372242917635e+01,2.500094953914049611e+01,2.500066480600090912e+01,2.500046116436952914e+01,2.500031695332693715e+01,2.500021583090850896e+01,2.500014561654340994e+01,2.500009733892629171e+01,2.500006446754615652e+01,2.500004230332298505e+01,2.500002750341241864e+01,2.500001771647982807e+01,2.500001130699087781e+01,2.500000714982487082e+01,2.500000447942759862e+01,2.500000278053517633e+01,2.500000171006658434e+01,2.500000104202083406e+01,2.500000062909833787e+01,2.500000037630451644e+01,2.500000022301756886e+01,2.500000013095360885e+01,2.500000007618590558e+01
2.500039521020768518e+01,2.500056972770459041e+01,2.500081373927761774e+01,2.500115154781114413e+01,2.500161457202754178e+01,2.500224290887166845e+01,2.500308705657213437e+01,2.500420974997034662e+01,2.500568783214896484e+01,2.500761405475320487e+01,2.501009866519764202e+01,2.501327060454544693e+01,2.501727810846409739e+01,2.502228847933296052e+01,2.502848678494222057e+01,2.503607324318855731e+01,2.504525907744126911e+01,2.505626067771175514e+01,2.506929198080426602e+01,2.508455508846676096e+01,2.510222927360833012e+01,2.512245867508604746e+01,2.514533914219745014e+01,2.517090484850966803e+01,2.519911543619923577e+01,2.522984456048294533e+01,2.526287076293614575e+01,2.529787159837758992e+01,2.533442186219937753e+01,2.537199660874157559e+01,2.540997941870903531e+01,2.544767607460388348e+01,2.548433345535252315e+01,2.551916308924963417e+01,2.555136843759526499e+01,2.558017465202339835e+01,2.560485928793667298e+01,2.562478229213094494e+01,2.563941353495377840e+01,2.564835623683682186e+01,2.565136484507862491e+01,2.564835623683682186e+01,2.563941353495377840e+01,2.562478229213094494e+01,2.560485928793667298e+01,2.558017465202339835e+01,2.555136843759526499e+01,2.551916308924963417e+01,2.548433345535252315e+01,2.544767607460388348e+01,2.540997941870903531e+01,2.537199660874157559e+01,2.533442186219937753e+01,2.529787159837758992e+01,2.526287076293614575e+01,2.522984456048294533e+01,2.519911543619923577e+01,2.517090484850966803e+01,2.514533914219745014e+01,2.512245867508604746e+01,2.510222927360833012e+01,2.508455508846676096e+01,2.506929198080426602e+01,2.505626067771175514e+01,2.504525907744126911e+01,2.503607324318855731e+01,2.502848678494222057e+01,2.502228847933296052e+01,2.501727810846409739e+01,2.501327060454544693e+01,2.501009866519764202e+01,2.500761405475320487e+01,2.500568783214896484e+01,2.500420974997034662e+01,2.500308705657213437e+01,2.500224290887166845e+01,2.500161457202754178e+01,2.500115154781114413e+01,2.500081373927761774e+01,2.500056972770459041e+01,2.500039521020768518e+01,2.500027162373861245e+01,2.500018496350501707e+01,2.500012479095994067e+01,2.500008341784365129e+01,2.500005524761666109e+01,2.500003625324540835e+01,2.500002356996778730e+01,2.500001518272905443e+01,2.500000968990344319e+01,2.500000612728119975e+01,2.500000383879507737e+01,2.500000238287247711e+01,2.500000146549866997e+01,2.500000089299455297e+01,2.500000053912683029e+01,2.500000032248671999e+01,2.500000019112235350e+01,2.500000011222507013e+01,2.500000006529005603e+01
2.500033782568567631e+01,2.500048700324209605e+01,2.500069558433481021e+01,2.500098434306939410e+01,2.500138013616974320e+01,2.500191723850433689e+01,2.500263881595900983e+01,2.500359849427621839e+01,2.500486195892305119e+01,2.500650849400587106e+01,2.500863233901469940e+01,2.501134371277038326e+01,2.501476932712153811e+01,2.501905219214210518e+01,2.502435050377920689e+01,2.503083540829099363e+01,2.503868745941363017e+01,2.504809162732893313e+01,2.505923078521725955e+01,2.507227768965283587e+01,2.508738558311842226e+01,2.510467767550909812e+01,2.512423589880443586e+01,2.514608946456963068e+01,2.517020387493716527e+01,2.519647113038630692e+01,2.522470192825558755e+01,2.525462064240394966e+01,2.528586380793240806e+01,2.531798270129065642e+01,2.535045040726496524e+01,2.538267350873790207e+01,2.541400823781547302e+01,2.544378060888367798e+01,2.547130974066149989e+01,2.549593329276538256e+01,2.551703371955323263e+01,2.553406390354590627e+01,2.554657068991630453e+01,2.555421491148925739e+01,2.555678666981546954e+01,2.555421491148925739e+01,2.554657068991630453e+01,2.553406390354590627e+01,2.551703371955323263e+01,2.549593329276538256e+01,2.547130974066149989e+01,2.544378060888367798e+01,2.541400823781547302e+01,2.538267350873790207e+01,2.535045040726496524e+01,2.531798270129065642e+01,2.528586380793240806e+01,2.525462064240394966e+01,2.522470192825558755e+01,2.519647113038630692e+01,2.517020387493716527e+01,2.514608946456963068e+01,2.512423589880443586e+01,2.510467767550909812e+01,2.508738558311842226e+01,2.507227768965283587e+01,2.505923078521725955e+01,2.504809162732893313e+01,2.503868745941363017e+01,2.503083540829099363e+01,2.502435050377920689e+01,2.501905219214210518e+01,2.501476932712153811e+01,2.501134371277038326e+01,2.500863233901469940e+01,2.500650849400587106e+01,2.500486195892305119e+01,2.500359849427621839e+01,2.500263881595900983e+01,2.500191723850433689e+01,2.500138013616974320e+01,2.500098434306939410e+01,2.500069558433481021e+01,2.500048700324209605e+01,2.500033782568567631e+01,2.500023218397186753e+01,2.500015810680415740e+01,2.500010667131260078e+01,2.500007130557278501e+01,2.500004722566274395e+01,2.500003098927419032e+01,2.500002014760847402e+01,2.500001297819680346e+01,2.500000828292946764e+01,2.500000523759997151e+01,2.500000328140203365e+01,2.500000203687939404e+01,2.500000125270826246e+01,2.500000076333174448e+01,2.500000046084561589e+01,2.500000027566164817e+01,2.500000016337138575e+01,2.500000009592999106e+01,2.500000005580993800e+01
2.500028803766824126e+01,2.500041522975968888e+01,2.500059307062298330e+01,2.500083927272105200e+01,2.500117673469201662e+01,2.500163468004852163e+01,2.500224991298169641e+01,2.500306815598828436e+01,2.500414541395359436e+01,2.500554928626420548e+01,2.500736012359833538e+01,2.500967190096587700e+01,2.501259265569779444e+01,2.501624432135326614e+01,2.502076177930355882e+01,2.502629095264219572e+01,2.503298578548699282e+01,2.504100398751523571e+01,2.505050148045426894e+01,2.506162556038880140e+01,2.507450688525658578e+01,2.508925050654538325e+01,2.510592628127716708e+01,2.512455911587996127e+01,2.514511959670721097e+01,2.516751564097348748e+01,2.519158584503332676e+01,2.521709520392901283e+01,2.524373381943069106e+01,2.527111909989243799e+01,2.529880178572282645e+01,2.532627591633315944e+01,2.535299260094651075e+01,2.537837718448804480e+01,2.540184913248436516e+01,2.542284371884224825e+01,2.544083441045800953e+01,2.545535472284090517e+01,2.546601828614018714e+01,2.547253591890393665e+01,2.547472865706142997e+01,2.547253591890393665e+01,2.546601828614018714e+01,2.545535472284090517e+01,2.544083441045800953e+01,2.542284371884224825e+01,2.540184913248436516e+01,2.537837718448804480e+01,2.535299260094651075e+01,2.532627591633315944e+01,2.529880178572282645e+01,2.527111909989243799e+01,2.524373381943069106e+01,2.521709520392901283e+01,2.519158584503332676e+01,2.516751564097348748e+01,2.514511959670721097e+01,2.512455911587996127e+01,2.510592628127716708e+01,2.508925050654538325e+01,2.507450688525658578e+01,2.506162556038880140e+01,2.505050148045426894e+01,2.504100398751523571e+01,2.503298578548699282e+01,2.502629095264219572e+01,2.502076177930355882e+01,2.501624432135326614e+01,2.501259265569779444e+01,2.500967190096587700e+01,2.500736012359833538e+01,2.500554928626420548e+01,2.500414541395359436e+01,2.500306815598828436e+01,2.500224991298169641e+01,2.500163468004852163e+01,2.500117673469201662e+01,2.500083927272105200e+01,2.500059307062298330e+01,2.500041522975968888e+01,2.500028803766824126e+01,2.500019796520127002e+01,2.500013480536600241e+01,2.500009095032572404e+01,2.500006079671199899e+01,2.500004026564691273e+01,2.500002642214211690e+01,2.500001717829760040e+01,2.500001106549828123e+01,2.500000706220927427e+01,2.500000446569383783e+01,2.500000279779611390e+01,2.500000173668852455e+01,2.500000106808683498e+01,2.500000065083356660e+01,2.500000039292718768e+01,2.500000023503523394e+01,2.500000013929406606e+01,2.500000008179203448e+01,2.500000004758479122e+01
2.500024496160112975e+01,2.500035313210036136e+01,2.500050437684166482e+01,2.500071375938705032e+01,2.500100075388062493e+01,2.500139021345528079e+01,2.500191343823104617e+01,2.500260931289989941e+01,2.500352546680997889e+01,2.500471938985166176e+01,2.500625941624980086e+01,2.500822546704052129e+01,2.501070942255925900e+01,2.501381498118708535e+01,2.501765685277036511e+01,2.502235913758683949e+01,2.502805275739343216e+01,2.503487183636665847e+01,2.504294897812123466e+01,2.505240945059510338e+01,2.506336437181607835e+01,2.507590308280958169e+01,2.509008499347175913e+01,2.510593128547139230e+01,2.512341694397621694e+01,2.514246365719219511e+01,2.516293415940798184e+01,2.518462859068489834e+01,2.520728339810975172e+01,2.523057320666220704e+01,2.525411594357549561e+01,2.527748131472637994e+01,2.530020251601809278e+01,2.532179083210971982e+01,2.534175254752655349e+01,2.535960739102892347e+01,2.537490757260065166e+01,2.538725637056136009e+01,2.539632519671686239e+01,2.540186811673533640e+01,2.540373293064385507e+01,2.540186811673533640e+01,2.539632519671686239e+01,2.538725637056136009e+01,2.537490757260065166e+01,2.535960739102892347e+01,2.534175254752655349e+01,2.532179083210971982e+01,2.530020251601809278e+01,2.527748131472637994e+01,2.525411594357549561e+01,2.523057320666220704e+01,2.520728339810975172e+01,2.518462859068489834e+01,2.516293415940798184e+01,2.514246365719219511e+01,2.512341694397621694e+01,2.510593128547139230e+01,2.509008499347175913e+01,2.507590308280958169e+01,2.506336437181607835e+01,2.505240945059510338e+01,2.504294897812123466e+01,2.503487183636665847e+01,2.502805275739343216e+01,2.502235913758683949e+01,2.501765685277036511e+01,2.501381498118708535e+01,2.501070942255925900e+01,2.500822546704052129e+01,2.500625941624980086e+01,2.500471938985166176e+01,2.500352546680997889e+01,2.500260931289989941e+01,2.500191343823104617e+01,2.500139021345528079e+01,2.500100075388062493e+01,2.500071375938705032e+01,2.500050437684166482e+01,2.500035313210036136e+01,2.500024496160112975e+01,2.500016835948217064e+01,2.500011464520768456e+01,2.500007734869383214e+01,2.500005170455657932e+01,2.500003424391468698e+01,2.500002247070766259e+01,2.500001460928117680e+01,2.500000941065171389e+01,2.500000600605504530e+01,2.500000379784880167e+01,2.500000237938537495e+01,2.500000147696655262e+01,2.500000090835432331e+01,2.500000055350133010e+01,2.500000033416488066e+01,2.500000019988568667e+01,2.500000011846262282e+01,2.500000006956002707e+01,2.500000004046848190e+01
2.500020779679433147e+01,2.500029955600425779e+01,2.500042785436717452e+01,2.500060547004865441e+01,2.500084892263665637e+01,2.500117929462460253e+01,2.500162313737635245e+01,2.500221343612023617e+01,2.500299059402886925e+01,2.500400337880655854e+01,2.500530975722360338e+01,2.500697752494688686e+01,2.500908462251515374e+01,2.501171901551593280e+01,2.501497801037701407e+01,2.501896687927074225e+01,2.502379668091517928e+01,2.502958119058692077e+01,2.503643289369562552e+01,2.504445805292008487e+01,2.505375092780900559e+01,2.506438730484729049e+01,2.507641758044773539e+01,2.508985972266268760e+01,2.510469251183187467e+01,2.512084951738134109e+01,2.513821429912349359e+01,2.515661731924350164e+01,2.517583501025060144e+01,2.519559136200332361e+01,2.521556226861825323e+01,2.523538271884866191e+01,2.525465673065311378e+01,2.527296973505134758e+01,2.528990292153394392e+01,2.530504888410929709e+01,2.531802777005980687e+01,2.532850304707574196e+01,2.533619597933445178e+01,2.534089794489056757e+01,2.534247983507429680e+01,2.534089794489056757e+01,2.533619597933445178e+01,2.532850304707574196e+01,2.531802777005980687e+01,2.530504888410929709e+01,2.528990292153394392e+01,2.527296973505134758e+01,2.525465673065311378e+01,2.523538271884866191e+01,2.521556226861825323e+01,2.519559136200332361e+01,2.517583501025060144e+01,2.515661731924350164e+01,2.513821429912349359e+01,2.512084951738134109e+01,2.510469251183187467e+01,2.508985972266268760e+01,2.507641758044773539e+01,2.506438730484729049e+01,2.505375092780900559e+01,2.504445805292008487e+01,2.503643289369562552e+01,2.502958119058692077e+01,2.502379668091517928e+01,2.501896687927074225e+01,2.501497801037701407e+01,2.501171901551593280e+01,2.500908462251515374e+01,2.500697752494688686e+01,2.500530975722360338e+01,2.500400337880655854e+01,2.500299059402886925e+01,2.500221343612023617e+01,2.500162313737635245e+01,2.500117929462460253e+01,2.500084892263665637e+01,2.500060547004865441e+01,2.500042785436717452e+01,2.500029955600425779e+01,2.500020779679433147e+01,2.500014281650891235e+01,2.500009725159589280e+01,2.500006561359229096e+01,2.500004386010321511e+01,2.500002904853521812e+01,2.500001906152228415e+01,2.500001239280679854e+01,2.500000798289711668e+01,2.500000509483518840e+01,2.500000322165107747e+01,2.500000201839247893e+01,2.500000125288581287e+01,2.500000077054165004e+01,2.500000046952584043e+01,2.500000028346643077e+01,2.500000016955965521e+01,2.500000010048984578e+01,2.500000005900659872e+01,2.500000003432872830e+01
2.500017582141899553e+01,2.500025346089628542e+01,2.500036201695123239e+01,2.500051230146959114e+01,2.500071829203657003e+01,2.500099782701160933e+01,2.500137337208521870e+01,2.500187283678154770e+01,2.500253040710989794e+01,2.500338734649301742e+01,2.500449270188489237e+01,2.500590383668416905e+01,2.500768669808779876e+01,2.500991571570606808e+01,2.501267322263880288e+01,2.501604829197676949e+01,2.502013489293380744e+01,2.502502929326342596e+01,2.503082666933447342e+01,2.503761693232691599e+01,2.504547983730944694e+01,2.505447950888687814e+01,2.506465858856788387e+01,2.507603227951511471e+01,2.508858262730923983e+01,2.510225342358662814e+01,2.511694614575420559e+01,2.513251734415350569e+01,2.514877785343386307e+01,2.516549413536921165e+01,2.518239195687280585e+01,2.519916247393405584e+01,2.521547063747463113e+01,2.523096567160014914e+01,2.524529321156551376e+01,2.525810854223793811e+01,2.526909026191326291e+01,2.527795362323325534e+01,2.528446278171330874e+01,2.528844121775606268e+01,2.528977968968817436e+01,2.528844121775606268e+01,2.528446278171330874e+01,2.527795362323325534e+01,2.526909026191326291e+01,2.525810854223793811e+01,2.524529321156551376e+01,2.523096567160014914e+01,2.521547063747463113e+01,2.519916247393405584e+01,2.518239195687280585e+01,2.516549413536921165e+01,2.514877785343386307e+01,2.513251734415350569e+01,2.511694614575420559e+01,2.510225342358662814e+01,2.508858262730923983e+01,2.507603227951511471e+01,2.506465858856788387e+01,2.505447950888687814e+01,2.504547983730944694e+01,2.503761693232691599e+01,2.503082666933447342e+01,2.502502929326342596e+01,2.502013489293380744e+01,2.501604829197676949e+01,2.501267322263880288e+01,2.500991571570606808e+01,2.500768669808779876e+01,2.500590383668416905e+01,2.500449270188489237e+01,2.500338734649301742e+01,2.500253040710989794e+01,2.500187283678154770e+01,2.500137337208521870e+01,2.500099782701160933e+01,2.500071829203657003e+01,2.500051230146959114e+01,2.500036201695123239e+01,2.500025346089628542e+01,2.500017582141899553e+01,2.500012084017625824e+01,2.500008228670535715e+01,2.500005551709755380e+01,2.500003711099398629e+01,2.500002457860188798e+01,2.500001612837150233e+01,2.500001048582526764e+01,2.500000675450409560e+01,2.500000431085164365e+01,2.500000272590953898e+01,2.500000170780608499e+01,2.500000106009412804e+01,2.500000065197216514e+01,2.500000039727610002e+01,2.500000023984715725e+01,2.500000014346813870e+01,2.500000008502665949e+01,2.500000004992677560e+01,2.500000002904629071e+01
2.500014838733122247e+01,2.500021391242423263e+01,2.500030553006316225e+01,2.500043236511392664e+01,2.500060621418570506e+01,2.500084213225056118e+01,2.500115907959147776e+01,2.500158061090292350e+01,2.500213557802054254e+01,2.500285880587757958e+01,2.500379168844439448e+01,2.500498263848938052e+01,2.500648731321636831e+01,2.500836852869918658e+01,2.501069577128952304e+01,2.501354421566346176e+01,2.501699316865937561e+01,2.502112387700538676e+01,2.502601666633786692e+01,2.503174741865184316e+01,2.503838344452791986e+01,2.504597886296381759e+01,2.505456966195069413e+01,2.506416867244363544e+01,2.507476074151996670e+01,2.508629843122178826e+01,2.509869859181264573e+01,2.511184015663237545e+01,2.512556347652271782e+01,2.513967145311931262e+01,2.515393264297170361e+01,2.516808639218028887e+01,2.518184993065455402e+01,2.519492721540314406e+01,2.520701917456606367e+01,2.521783488022976627e+01,2.522710308022597303e+01,2.523458345741470410e+01,2.524007696702738812e+01,2.524343463249386232e+01,2.524456425753647082e+01,2.524343463249386232e+01,2.524007696702738812e+01,2.523458345741470410e+01,2.522710308022597303e+01,2.521783488022976627e+01,2.520701917456606367e+01,2.519492721540314406e+01,2.518184993065455402e+01,2.516808639218028887e+01,2.515393264297170361e+01,2.513967145311931262e+01,2.512556347652271782e+01,2.511184015663237545e+01,2.509869859181264573e+01,2.508629843122178826e+01,2.507476074151996670e+01,2.506416867244363544e+01,2.505456966195069413e+01,2.504597886296381759e+01,2.503838344452791986e+01,2.503174741865184316e+01,2.502601666633786692e+01,2.502112387700538676e+01,2.501699316865937561e+01,2.501354421566346176e+01,2.501069577128952304e+01,2.500836852869918658e+01,2.500648731321636831e+01,2.500498263848938052e+01,2.500379168844439448e+01,2.500285880587757958e+01,2.500213557802054254e+01,2.500158061090292350e+01,2.500115907959147776e+01,2.500084213225056118e+01,2.500060621418570506e+01,2.500043236511392664e+01,2.500030553006316225e+01,2.500021391242423263e+01,2.500014838733122247e+01,2.500010198502185688e+01,2.500006944719632784e+01,2.500004685455270703e+01,2.500003132042380471e+01,2.500002074350872761e+01,2.500001361180007464e+01,2.500000884968188686e+01,2.500000570057301630e+01,2.500000363821299132e+01,2.500000230057545991e+01,2.500000144133057844e+01,2.500000089468359121e+01,2.500000055024245782e+01,2.500000033528759147e+01,2.500000020242288912e+01,2.500000012108225889e+01,2.500000007175962224e+01,2.500000004213650939e+01,2.500000002451408676e+01
2.500012491482192445e+01,2.500018007489022409e+01,2.500025720007980468e+01,2.500036397184831927e+01,2.500051032076950719e+01,2.500070892035895653e+01,2.500097573168526210e+01,2.500133058346587234e+01,2.500179776363617279e+01,2.500240658838036012e+01,2.500319190380283985e+01,2.500419446454413475e+01,2.500546112372606444e+01,2.500704476092137440e+01,2.500900387084908871e+01,2.501140173675043599e+01,2.501430512038675502e+01,2.501778241654950818e+01,2.502190124464043919e+01,2.502672548333313784e+01,2.503231179574783383e+01,2.503870574011990513e+01,2.504593761171425115e+01,2.505401821183349398e+01,2.506293478450566425e+01,2.507264739570124945e+01,2.508308604864603097e+01,2.509414882749468489e+01,2.510570133703969020e+01,2.511757765673457143e+01,2.512958295379165108e+01,2.514149780560129344e+01,2.515308417179165446e+01,2.516409283865127833e+01,2.517427204271877983e+01,2.518337687623678534e+01,2.519117899480406564e+01,2.519747609561958157e+01,2.520210061962275105e+01,2.520492715596092381e+01,2.520587809233719767e+01,2.520492715596092381e+01,2.520210061962275105e+01,2.519747609561958157e+01,2.519117899480406564e+01,2.518337687623678534e+01,2.517427204271877983e+01,2.516409283865127833e+01,2.515308417179165446e+01,2.514149780560129344e+01,2.512958295379165108e+01,2.511757765673457143e+01,2.510570133703969020e+01,2.509414882749468489e+01,2.508308604864603097e+01,2.507264739570124945e+01,2.506293478450566425e+01,2.505401821183349398e+01,2.504593761171425115e+01,2.503870574011990513e+01,2.503231179574783383e+01,2.502672548333313784e+01,2.502190124464043919e+01,2.501778241654950818e+01,2.501430512038675502e+01,2.501140173675043599e+01,2.500900387084908871e+01,2.500704476092137440e+01,2.500546112372606444e+01,2.500419446454413475e+01,2.500319190380283985e+01,2.500240658838036012e+01,2.500179776363617279e+01,2.500133058346587234e+01,2.500097573168526210e+01,2.500070892035895653e+01,2.500051032076950719e+01,2.500036397184831927e+01,2.500025720007980468e+01,2.500018007489022409e+01,2.500012491482192445e+01,2.500008585261787175e+01,2.500005846175741908e+01,2.500003944290970992e+01,2.500002636603225881e+01,2.500001746221646926e+01,2.500001145863038587e+01,2.500000744980334844e+01,2.500000479883327742e+01,2.500000306270571926e+01,2.500000193666111059e+01,2.500000121333506442e+01,2.500000075315891479e+01,2.500000046320287694e+01,2.500000028225043991e+01,2.500000017040281719e+01,2.500000010192897548e+01,2.500000006040839651e+01,2.500000003547118510e+01,2.500000002063634952e+01
2.500010488737783376e+01,2.500015120369831578e+01,2.500021596349843733e+01,2.500030561667692908e+01,2.500042850165051078e+01,2.500059526000516641e+01,2.500081929379044254e+01,2.500111725260921602e+01,2.500150953034122381e+01,2.500202074294189458e+01,2.500268014968136754e+01,2.500352197105735641e+01,2.500458554828666635e+01,2.500591528282334863e+01,2.500756029099805033e+01,2.500957370992556861e+01,2.501201159753384928e+01,2.501493138295918683e+01,2.501838984426547441e+01,2.502244061853491530e+01,2.502713128415740229e+01,2.503250009507088691e+01,2.503857248933666213e+01,2.504535753649740926e+01,2.505284452573089737e+01,2.506099992558284129e+01,2.506976496177815505e+01,2.507905405851718328e+01,2.508875436801538328e+01,2.509872657156917342e+01,2.510880707369884846e+01,2.511881163155949892e+01,2.512854036950757575e+01,2.513778402996809191e+01,2.514633121441450569e+01,2.515397628085744230e+01,2.516052749508059350e+01,2.516581498924918847e+01,2.516969806884655725e+01,2.517207142999214398e+01,2.517286990387585277e+01,2.517207142999214398e+01,2.516969806884655725e+01,2.516581498924918847e+01,2.516052749508059350e+01,2.515397628085744230e+01,2.514633121441450569e+01,2.513778402996809191e+01,2.512854036950757575e+01,2.511881163155949892e+01,2.510880707369884846e+01,2.509872657156917342e+01,2.508875436801538328e+01,2.507905405851718328e+01,2.506976496177815505e+01,2.506099992558284129e+01,2.505284452573089737e+01,2.504535753649740926e+01,2.503857248933666213e+01,2.503250009507088691e+01,2.502713128415740229e+01,2.502244061853491530e+01,2.501838984426547441e+01,2.501493138295918683e+01,2.501201159753384928e+01,2.500957370992556861e+01,2.500756029099805033e+01,2.500591528282334863e+01,2.500458554828666635e+01,2.500352197105735641e+01,2.500268014968136754e+01,2.500202074294189458e+01,2.500150953034122381e+01,2.500111725260921602e+01,2.500081929379044254e+01,2.500059526000516641e+01,2.500042850165051078e+01,2.500030561667692908e+01,2.500021596349843733e+01,2.500015120369831578e+01,2.500010488737783376e+01,2.500007208797026692e+01,2.500004908865373210e+01,2.500003311907514103e+01,2.500002213879782076e+01,2.500001466252017224e+01,2.500000962148187256e+01,2.500000625538528354e+01,2.500000402944207423e+01,2.500000257166577100e+01,2.500000162615855004e+01,2.500000101880250369e+01,2.500000063240584680e+01,2.500000038893811194e+01,2.500000023699756468e+01,2.500000014308233531e+01,2.500000008558682296e+01,2.500000005072319098e+01,2.500000002978413249e+01,2.500000001732774635e+01
2.500008784652555249e+01,2.500012663792175971e+01,2.500018087632063768e+01,2.500025596371817116e+01,2.500035888380440952e+01,2.500049854924715476e+01,2.500068618469051529e+01,2.500093573470814334e+01,2.500126427982501909e+01,2.500169243668922903e+01,2.500224471087307521e+01,2.500294976313527329e+01,2.500384054300013759e+01,2.500495423810215101e+01,2.500633198493536824e+01,2.500801828752886991e+01,2.501006009618593140e+01,2.501250550964059016e+01,2.501540208133295096e+01,2.501879473403074883e+01,2.502272331615359136e+01,2.502721986659507536e+01,2.503230569054317556e+01,2.503798838402927274e+01,2.504425897639799814e+01,2.505108938398650409e+01,2.505843038146411317e+01,2.506621029636816189e+01,2.507433461507849515e+01,2.508268665373564588e+01,2.509112939590555769e+01,2.509950853232702528e+01,2.510765666077118397e+01,2.511539852134226081e+01,2.512255706102921948e+01,2.512896004810458805e+01,2.513444689904459040e+01,2.513887534411767533e+01,2.514212754717701515e+01,2.514411531286274837e+01,2.514478406021707713e+01,2.514411531286274837e+01,2.514212754717701515e+01,2.513887534411767533e+01,2.513444689904459040e+01,2.512896004810458805e+01,2.512255706102921948e+01,2.511539852134226081e+01,2.510765666077118397e+01,2.509950853232702528e+01,2.509112939590555769e+01,2.508268665373564588e+01,2.507433461507849515e+01,2.506621029636816189e+01,2.505843038146411317e+01,2.505108938398650409e+01,2.504425897639799814e+01,2.503798838402927274e+01,2.503230569054317556e+01,2.502721986659507536e+01,2.502272331615359136e+01,2.501879473403074883e+01,2.501540208133295096e+01,2.501250550964059016e+01,2.501006009618593140e+01,2.500801828752886991e+01,2.500633198493536824e+01,2.500495423810215101e+01,2.500384054300013759e+01,2.500294976313527329e+01,2.500224471087307521e+01,2.500169243668922903e+01,2.500126427982501909e+01,2.500093573470814334e+01,2.500068618469051529e+01,2.500049854924715476e+01,2.500035888380440952e+01,2.500025596371817116e+01,2.500018087632063768e+01,2.500012663792175971e+01,2.500008784652555249e+01,2.500006037597519182e+01,2.500004111331375967e+01,2.500002773828215297e+01,2.500001854194955442e+01,2.500001228032848033e+01,2.500000805829805728e+01,2.500000523908476424e+01,2.500000337478630286e+01,2.500000215385213664e+01,2.500000136195967215e+01,2.500000085327960520e+01,2.500000052966007402e+01,2.500000032574807918e+01,2.500000019849302291e+01,2.500000011983602022e+01,2.500000007168169702e+01,2.500000004248229146e+01,2.500000002494516238e+01,2.500000001451254050e+01
2.500007338681778890e+01,2.500010579307526015e+01,2.500015110372893190e+01,2.500021383159581134e+01,2.500029981083708464e+01,2.500041648707821551e+01,2.500057323736521298e+01,2.500078171096797774e+01,2.500105617692409155e+01,2.500141385834153951e+01,2.500187522712810662e+01,2.500246422642626243e+01,2.500320838220498842e+01,2.500413876094230403e+01,2.500528972798590033e+01,2.500669846191571466e+01,2.500840418492443717e+01,2.501044707860157601e+01,2.501286686899915779e+01,2.501570108451059227e+01,2.501898301442865602e+01,2.502273942398318241e+01,2.502698811148705715e+01,2.503173542265022888e+01,2.503697386340452269e+01,2.504267997271223933e+01,2.504881262782719986e+01,2.505531195371251840e+01,2.506209899387244988e+01,2.506907627083615253e+01,2.507612932133923422e+01,2.508312923572291453e+01,2.508993616648850278e+01,2.509640370185754676e+01,2.510238393208658181e+01,2.510773297512311331e+01,2.511231667980151272e+01,2.511601619426280863e+01,2.511873307841753089e+01,2.512039365403236957e+01,2.512095232428061209e+01,2.512039365403236957e+01,2.511873307841753089e+01,2.511601619426280863e+01,2.511231667980151272e+01,2.510773297512311331e+01,2.510238393208658181e+01,2.509640370185754676e+01,2.508993616648850278e+01,2.508312923572291453e+01,2.507612932133923422e+01,2.506907627083615253e+01,2.506209899387244988e+01,2.505531195371251840e+01,2.504881262782719986e+01,2.504267997271223933e+01,2.503697386340452269e+01,2.503173542265022888e+01,2.502698811148705715e+01,2.502273942398318241e+01,2.501898301442865602e+01,2.501570108451059227e+01,2.501286686899915779e+01,2.501044707860157601e+01,2.500840418492443717e+01,2.500669846191571466e+01,2.500528972798590033e+01,2.500413876094230403e+01,2.500320838220498842e+01,2.500246422642626243e+01,2.500187522712810662e+01,2.500141385834153951e+01,2.500105617692409155e+01,2.500078171096797774e+01,2.500057323736521298e+01,2.500041648707821551e+01,2.500029981083708464e+01,2.500021383159581134e+01,2.500015110372893190e+01,2.500010579307526015e+01,2.500007338681778890e+01,2.500005043797306925e+01,2.500003434598291108e+01,2.500002317250734052e+01,2.500001548990884714e+01,2.500001025896269269e+01,2.500000673188663569e+01,2.500000437672129294e+01,2.500000281928996060e+01,2.500000179932391475e+01,2.500000113777847943e+01,2.500000071282813252e+01,2.500000044247700259e+01,2.500000027212931641e+01,2.500000016582068696e+01,2.500000010011078189e+01,2.500000005988275120e+01,2.500000003548962368e+01,2.500000002083913841e+01,2.500000001212374912e+01
2.500006115100922699e+01,2.500008815416060415e+01,2.500012591015390484e+01,2.500017817938265807e+01,2.500024982327641254e+01,2.500034704604901847e+01,2.500047766130848359e+01,2.500065137603806065e+01,2.500088008019394437e+01,2.500117812526959327e+01,2.500156256988478631e+01,2.500205336513388943e+01,2.500267344757190457e+01,2.500344870395263186e+01,2.500440776987790059e+01,2.500558162513064175e+01,2.500700295237429316e+01,2.500870523370857867e+01,2.501072157164764320e+01,2.501308323746336626e+01,2.501581797011365893e+01,2.501894807225268025e+01,2.502248837467467979e+01,2.502644416506726799e+01,2.503080919885076128e+01,2.503556392665408126e+01,2.504067408214020674e+01,2.504608977325709063e+01,2.505174520795180015e+01,2.505755916120466154e+01,2.506343625424945643e+01,2.506926907057772524e+01,2.507494107951078988e+01,2.508033028055475810e+01,2.508531342500693384e+01,2.508977062031732430e+01,2.509359008238881472e+01,2.509667277557243636e+01,2.509893667272761064e+01,2.510032038001739707e+01,2.510078590298917334e+01,2.510032038001739707e+01,2.509893667272761064e+01,2.509667277557243636e+01,2.509359008238881472e+01,2.508977062031732430e+01,2.508531342500693384e+01,2.508033028055475810e+01,2.507494107951078988e+01,2.506926907057772524e+01,2.506343625424945643e+01,2.505755916120466154e+01,2.505174520795180015e+01,2.504608977325709063e+01,2.504067408214020674e+01,2.503556392665408126e+01,2.503080919885076128e+01,2.502644416506726799e+01,2.502248837467467979e+01,2.501894807225268025e+01,2.501581797011365893e+01,2.501308323746336626e+01,2.501072157164764320e+01,2.500870523370857867e+01,2.500700295237429316e+01,2.500558162513064175e+01,2.500440776987790059e+01,2.500344870395263186e+01,2.500267344757190457e+01,2.500205336513388943e+01,2.500156256988478631e+01,2.500117812526959327e+01,2.500088008019394437e+01,2.500065137603806065e+01,2.500047766130848359e+01,2.500034704604901847e+01,2.500024982327641254e+01,2.500017817938265807e+01,2.500012591015390484e+01,2.500008815416060415e+01,2.500006115100922699e+01,2.500004202843302892e+01,2.500002861946574839e+01,2.500001930894747915e+01,2.500001290727118786e+01,2.500000854848243037e+01,2.500000560947693629e+01,2.500000364698909650e+01,2.500000234922880793e+01,2.500000149932203897e+01,2.500000094807629480e+01,2.500000059397806140e+01,2.500000036870266484e+01,2.500000022675710554e+01,2.500000013817334832e+01,2.500000008341927682e+01,2.500000004989847824e+01,2.500000002957242629e+01,2.500000001736462352e+01,2.500000001010235096e+01
2.500005082545879986e+01,2.500007326903863714e+01,2.500010464980742952e+01,2.500014809320380493e+01,2.500020763978882954e+01,2.500028844617429868e+01,2.500039700661463371e+01,2.500054138903681533e+01,2.500073147573855792e+01,2.500097919491612330e+01,2.500129872478484572e+01,2.500170664763072637e+01,2.500222202709549890e+01,2.500286637886885899e+01,2.500366350333642274e+01,2.500463914924218045e+01,2.500582048067361285e+01,2.500723532616701306e+01,2.500891119876738244e+01,2.501087408948878732e+01,2.501314705347423129e+01,2.501574862750084804e+01,2.501869113813416590e+01,2.502197898021823619e+01,2.502560696359132564e+01,2.502955883985841368e+01,2.503380612866696353e+01,2.503830736240314891e+01,2.504300785822006503e+01,2.504784010621160917e+01,2.505272483263211569e+01,2.505757275860631239e+01,2.506228703004654790e+01,2.506676624664635966e+01,2.507090797065467669e+01,2.507461255377562992e+01,2.507778708702710446e+01,2.508034925725745268e+01,2.508223088788043142e+01,2.508338095161179382e+01,2.508376786948807080e+01,2.508338095161179382e+01,2.508223088788043142e+01,2.508034925725745268e+01,2.507778708702710446e+01,2.507461255377562992e+01,2.507090797065467669e+01,2.506676624664635966e+01,2.506228703004654790e+01,2.505757275860631239e+01,2.505272483263211569e+01,2.504784010621160917e+01,2.504300785822006503e+01,2.503830736240314891e+01,2.503380612866696353e+01,2.502955883985841368e+01,2.502560696359132564e+01,2.502197898021823619e+01,2.501869113813416590e+01,2.501574862750084804e+01,2.501314705347423129e+01,2.501087408948878732e+01,2.500891119876738244e+01,2.500723532616701306e+01,2.500582048067361285e+01,2.500463914924218045e+01,2.500366350333642274e+01,2.500286637886885899e+01,2.500222202709549890e+01,2.500170664763072637e+01,2.500129872478484572e+01,2.500097919491612330e+01,2.500073147573855792e+01,2.500054138903681533e+01,2.500039700661463371e+01,2.500028844617429868e+01,2.500020763978882954e+01,2.500014809320380493e+01,2.500010464980742952e+01,2.500007326903863714e+01,2.500005082545879986e+01,2.500003493179292491e+01,2.500002378697417527e+01,2.500001604856774762e+01,2.500001072783570066e+01,2.500000710504286161e+01,2.500000466229817775e+01,2.500000303118291001e+01,2.500000195255374180e+01,2.500000124615654684e+01,2.500000078799047287e+01,2.500000049368290078e+01,2.500000030644599747e+01,2.500000018846841598e+01,2.500000011484232232e+01,2.500000006933365526e+01,2.500000004147295485e+01,2.500000002457902326e+01,2.500000001443254760e+01,2.500000000839653680e+01
2.500004213578528933e+01,2.500006074216649310e+01,2.500008675773757361e+01,2.500012277357815904e+01,2.500017213943103300e+01,2.500023913027752087e+01,2.500032913004364232e+01,2.500044882727578610e+01,2.500060641468650857e+01,2.500081178109783764e+01,2.500107668066313948e+01,2.500141486058034346e+01,2.500184212516355586e+01,2.500237631154602269e+01,2.500303715094044676e+01,2.500384598980535245e+01,2.500482534796023160e+01,2.500599829607198643e+01,2.500738764325605601e+01,2.500901493681990573e+01,2.501089929014841218e+01,2.501305607076957926e+01,2.501549549776515491e+01,2.501822121458882719e+01,2.502122891844539510e+01,2.502450513894225637e+01,2.502802626503786598e+01,2.503175791887289847e+01,2.503565476677500712e+01,2.503966084106626866e+01,2.504371042150321003e+01,2.504772949329860410e+01,2.505163776159356459e+01,2.505535116258144512e+01,2.505878477238380597e+01,2.506185597966179657e+01,2.506448776016390312e+01,2.506661187389059720e+01,2.506817180046670401e+01,2.506912523678776950e+01,2.506944600297354597e+01,2.506912523678776950e+01,2.506817180046670401e+01,2.506661187389059720e+01,2.506448776016390312e+01,2.506185597966179657e+01,2.505878477238380597e+01,2.505535116258144512e+01,2.505163776159356459e+01,2.504772949329860410e+01,2.504371042150321003e+01,2.503966084106626866e+01,2.503565476677500712e+01,2.503175791887289847e+01,2.502802626503786598e+01,2.502450513894225637e+01,2.502122891844539510e+01,2.501822121458882719e+01,2.501549549776515491e+01,2.501305607076957926e+01,2.501089929014841218e+01,2.500901493681990573e+01,2.500738764325605601e+01,2.500599829607198643e+01,2.500482534796023160e+01,2.500384598980535245e+01,2.500303715094044676e+01,2.500237631154602269e+01,2.500184212516355586e+01,2.500141486058034346e+01,2.500107668066313948e+01,2.500081178109783764e+01,2.500060641468650857e+01,2.500044882727578610e+01,2.500032913004364232e+01,2.500023913027752087e+01,2.500017213943103300e+01,2.500012277357815904e+01,2.500008675773757361e+01,2.500006074216649310e+01,2.500004213578528933e+01,2.500002895947348236e+01,2.500001972009422602e+01,2.500001330472996841e+01,2.500000889368817170e+01,2.500000589028741871e+01,2.500000386518094686e+01,2.500000251293889519e+01,2.500000161872390692e+01,2.500000103310006594e+01,2.500000065326704757e+01,2.500000040927749723e+01,2.500000025405265802e+01,2.500000015624580385e+01,2.500000009520762845e+01,2.500000005747962106e+01,2.500000003438228902e+01,2.500000002037672786e+01,2.500000001196500321e+01,2.500000000696097402e+01
2.500003484279477206e+01,2.500005022872664284e+01,2.500007174144315414e+01,2.500010152355195814e+01,2.500014234501211874e+01,2.500019774087812152e+01,2.500027216320961188e+01,2.500037114287892948e+01,2.500050145457889528e+01,2.500067127554399349e+01,2.500089032548279278e+01,2.500116997218619019e+01,2.500152328450928962e+01,2.500196501227978985e+01,2.500251147157179332e+01,2.500318031413352671e+01,2.500399016198528201e+01,2.500496009265241781e+01,2.500610896737894961e+01,2.500745460399850018e+01,2.500901280769286927e+01,2.501079628613133821e+01,2.501281348964574391e+01,2.501506743106967789e+01,2.501755455234888359e+01,2.502026371458748599e+01,2.502317539341518682e+01,2.502626116119763111e+01,2.502948353075306542e+01,2.503279622146033390e+01,2.503614488813660444e+01,2.503946832670026268e+01,2.504270013997204103e+01,2.504577081416591611e+01,2.504861012428791867e+01,2.505114975762225171e+01,2.505332602151029775e+01,2.505508248714024333e+01,2.505637241685621674e+01,2.505716082950439016e+01,2.505742607649822773e+01,2.505716082950439016e+01,2.505637241685621674e+01,2.505508248714024333e+01,2.505332602151029775e+01,2.505114975762225171e+01,2.504861012428791867e+01,2.504577081416591611e+01,2.504270013997204103e+01,2.503946832670026268e+01,2.503614488813660444e+01,2.503279622146033390e+01,2.502948353075306542e+01,2.502626116119763111e+01,2.502317539341518682e+01,2.502026371458748599e+01,2.501755455234888359e+01,2.501506743106967789e+01,2.501281348964574391e+01,2.501079628613133821e+01,2.500901280769286927e+01,2.500745460399850018e+01,2.500610896737894961e+01,2.500496009265241781e+01,2.500399016198528201e+01,2.500318031413352671e+01,2.500251147157179332e+01,2.500196501227978985e+01,2.500152328450928962e+01,2.500116997218619019e+01,2.500089032548279278e+01,2.500067127554399349e+01,2.500050145457889528e+01,2.500037114287892948e+01,2.500027216320961188e+01,2.500019774087812152e+01,2.500014234501211874e+01,2.500010152355195814e+01,2.500007174144315414e+01,2.500005022872664284e+01,2.500003484279477206e+01,2.500002394707929199e+01,2.500001630688003473e+01,2.500001100190663550e+01,2.500000735434143806e+01,2.500000487077846500e+01,2.500000319618361289e+01,2.500000207799174845e+01,2.500000133855022710e+01,2.500000085428794705e+01,2.500000054019758977e+01,2.500000033843849678e+01,2.500000021008044726e+01,2.500000012920230219e+01,2.500000007872880303e+01,2.500000004753087168e+01,2.500000002843129820e+01,2.500000001684986017e+01,2.500000000989406246e+01,2.500000000575614578e+01
2.500002873869076936e+01,2.500004142916353445e+01,2.500005917307046133e+01,2.500008373765608027e+01,2.500011740761074108e+01,2.500016309868326658e+01,2.500022448297763944e+01,2.500030612241349459e+01,2.500041360482623887e+01,2.500055367488187130e+01,2.500073434949466389e+01,2.500096500493393137e+01,2.500125642052400465e+01,2.500162076207247708e+01,2.500207148724286910e+01,2.500262315537627344e+01,2.500329112610404181e+01,2.500409113476271017e+01,2.500503873829778456e+01,2.500614863303927393e+01,2.500743385526154938e+01,2.500890488637920228e+01,2.501056869631171153e+01,2.501242777007479390e+01,2.501447917294919066e+01,2.501671371746052586e+01,2.501911529971001258e+01,2.502166047229630763e+01,2.502431831541141705e+01,2.502705065632928694e+01,2.502981267059153225e+01,2.503255387645043584e+01,2.503521950883863667e+01,2.503775223207988887e+01,2.504009412388640143e+01,2.504218883923684302e+01,2.504398384377992670e+01,2.504543259445894421e+01,2.504649654158096084e+01,2.504714683233525818e+01,2.504736561074792434e+01,2.504714683233525818e+01,2.504649654158096084e+01,2.504543259445894421e+01,2.504398384377992670e+01,2.504218883923684302e+01,2.504009412388640143e+01,2.503775223207988887e+01,2.503521950883863667e+01,2.503255387645043584e+01,2.502981267059153225e+01,2.502705065632928694e+01,2.502431831541141705e+01,2.502166047229630763e+01,2.501911529971001258e+01,2.501671371746052586e+01,2.501447917294919066e+01,2.501242777007479390e+01,2.501056869631171153e+01,2.500890488637920228e+01,2.500743385526154938e+01,2.500614863303927393e+01,2.500503873829778456e+01,2.500409113476271017e+01,2.500329112610404181e+01,2.500262315537627344e+01,2.500207148724286910e+01,2.500162076207247708e+01,2.500125642052400465e+01,2.500096500493393137e+01,2.500073434949466389e+01,2.500055367488187130e+01,2.500041360482623887e+01,2.500030612241349459e+01,2.500022448297763944e+01,2.500016309868326658e+01,2.500011740761074108e+01,2.500008373765608027e+01,2.500005917307046133e+01,2.500004142916353445e+01,2.500002873869076936e+01,2.500001975179405278e+01,2.500001345008016074e+01,2.500000907448425735e+01,2.500000606593546237e+01,2.500000401746751422e+01,2.500000263624468388e+01,2.500000171394868431e+01,2.500000110404981157e+01,2.500000070462537138e+01,2.500000044556045609e+01,2.500000027914750689e+01,2.500000017327648294e+01,2.500000010656737004e+01,2.500000006493631588e+01,2.500000003920394676e+01,2.500000002345042205e+01,2.500000001389793525e+01,2.500000000816072543e+01,2.500000000474772932e+01
2.500002364357160189e+01,2.500003408413425277e+01,2.500004868220127108e+01,2.500006889170015256e+01,2.500009659226557446e+01,2.500013418270953380e+01,2.500018468410400629e+01,2.500025184958007785e+01,2.500034027629867595e+01,2.500045551315536230e+01,2.500060415573544148e+01,2.500079391797747519e+01,2.500103366812562555e+01,2.500133341509592810e+01,2.500170423062556324e+01,2.500215809281145596e+01,2.500270763815630914e+01,2.500336581225876387e+01,2.500414541395359436e+01,2.500505853403971201e+01,2.500611589757375697e+01,2.500732612770696051e+01,2.500869495865287107e+01,2.501022443485560132e+01,2.501191214189601197e+01,2.501375052115879072e+01,2.501572632382591976e+01,2.501782025951576927e+01,2.502000689023256541e+01,2.502225481094158255e+01,2.502452714416987689e+01,2.502678235814321894e+01,2.502897539716294162e+01,2.503105909066801615e+01,2.503298578548699282e+01,2.503470912607928867e+01,2.503618589197581201e+01,2.503737779179778045e+01,2.503825311037653023e+01,2.503878811025297324e+01,2.503896810116161120e+01,2.503878811025297324e+01,2.503825311037653023e+01,2.503737779179778045e+01,2.503618589197581201e+01,2.503470912607928867e+01,2.503298578548699282e+01,2.503105909066801615e+01,2.502897539716294162e+01,2.502678235814321894e+01,2.502452714416987689e+01,2.502225481094158255e+01,2.502000689023256541e+01,2.501782025951576927e+01,2.501572632382591976e+01,2.501375052115879072e+01,2.501191214189601197e+01,2.501022443485560132e+01,2.500869495865287107e+01,2.500732612770696051e+01,2.500611589757375697e+01,2.500505853403971201e+01,2.500414541395359436e+01,2.500336581225876387e+01,2.500270763815630914e+01,2.500215809281145596e+01,2.500170423062556324e+01,2.500133341509592810e+01,2.500103366812562555e+01,2.500079391797747519e+01,2.500060415573544148e+01,2.500045551315536230e+01,2.500034027629867595e+01,2.500025184958007785e+01,2.500018468410400629e+01,2.500013418270953380e+01,2.500009659226557446e+01,2.500006889170015256e+01,2.500004868220127108e+01,2.500003408413425277e+01,2.500002364357160189e+01,2.500001624997327454e+01,2.500001106549828123e+01,2.500000746565736165e+01,2.500000499049802016e+01,2.500000330520557057e+01,2.500000216886149929e+01,2.500000141008053589e+01,2.500000090831141009e+01,2.500000057970143885e+01,2.500000036656647140e+01,2.500000022965708979e+01,2.500000014255607539e+01,2.500000008767390725e+01,2.500000005342367260e+01,2.500000003225342837e+01,2.500000001929286597e+01,2.500000001143395423e+01,2.500000000671390055e+01,2.500000000390599908e+01
2.500001940221398300e+01,2.500002796987178399e+01,2.500003994923027051e+01,2.500005653340073408e+01,2.500007926483517551e+01,2.500011011202906630e+01,2.500015155411229273e+01,2.500020667095170168e+01,2.500027923503572325e+01,2.500037379985824515e+01,2.500049577784001897e+01,2.500065149913662310e+01,2.500084824114140858e+01,2.500109421729750991e+01,2.500139851321252493e+01,2.500177095826433771e+01,2.500222192212693528e+01,2.500276202812234416e+01,2.500340177913630413e+01,2.500415109703137517e+01,2.500501878292471858e+01,2.500601191308333426e+01,2.500713519307540622e+01,2.500839030059763601e+01,2.500977525434714011e+01,2.501128385162855494e+01,2.501290522029420416e+01,2.501462353041286235e+01,2.501641790724337255e+01,2.501826257941691622e+01,2.502012728481263082e+01,2.502197794193114788e+01,2.502377757749611220e+01,2.502548748274836754e+01,2.502706855289252985e+01,2.502848274798553163e+01,2.502969460076361941e+01,2.503067268883692975e+01,2.503139098633680248e+01,2.503183001400399732e+01,2.503197771682079775e+01,2.503183001400399732e+01,2.503139098633680248e+01,2.503067268883692975e+01,2.502969460076361941e+01,2.502848274798553163e+01,2.502706855289252985e+01,2.502548748274836754e+01,2.502377757749611220e+01,2.502197794193114788e+01,2.502012728481263082e+01,2.501826257941691622e+01,2.501641790724337255e+01,2.501462353041286235e+01,2.501290522029420416e+01,2.501128385162855494e+01,2.500977525434714011e+01,2.500839030059763601e+01,2.500713519307540622e+01,2.500601191308333426e+01,2.500501878292471858e+01,2.500415109703137517e+01,2.500340177913630413e+01,2.500276202812234416e+01,2.500222192212693528e+01,2.500177095826433771e+01,2.500139851321252493e+01,2.500109421729750991e+01,2.500084824114140858e+01,2.500065149913662310e+01,2.500049577784001897e+01,2.500037379985824515e+01,2.500027923503572325e+01,2.500020667095170168e+01,2.500015155411229273e+01,2.500011011202906630e+01,2.500007926483517551e+01,2.500005653340073408e+01,2.500003994923027051e+01,2.500002796987178399e+01,2.500001940221398300e+01,2.500001333493365507e+01,2.500000908048788517e+01,2.500000612641288456e+01,2.500000409526581180e+01,2.500000271229350801e+01,2.500000177979518412e+01,2.500000115712992610e+01,2.500000074537183536e+01,2.500000047571033335e+01,2.500000030080908431e+01,2.500000018845951288e+01,2.500000011698331903e+01,2.500000007194631735e+01,2.500000004384014218e+01,2.500000002646757125e+01,2.500000001583197218e+01,2.500000000938284828e+01,2.500000000550950929e+01,2.500000000320531157e+01
2.500001588113743978e+01,2.500002289395315103e+01,2.500003269932065564e+01,2.500004627382770295e+01,2.500006488000506266e+01,2.500009012910942729e+01,2.500012405036294894e+01,2.500016916470416106e+01,2.500022855999752380e+01,2.500030596337760258e+01,2.500040580502942333e+01,2.500053326632407646e+01,2.500069430396754555e+01,2.500089564084306915e+01,2.500114471371962566e+01,2.500144956815846342e+01,2.500181869196505247e+01,2.500226078056132550e+01,2.500278443078948598e+01,2.500339776391152213e+01,2.500410798383474997e+01,2.500492088263882096e+01,2.500584031193443835e+01,2.500686764495312886e+01,2.500800125995504786e+01,2.500923607989808062e+01,2.501056320569103875e+01,2.501196968018822986e+01,2.501343841695643633e+01,2.501494832156538095e+01,2.501647462380579867e+01,2.501798942722339447e+01,2.501946246838102539e+01,2.502086206331082963e+01,2.502215620388061623e+01,2.502331375356315135e+01,2.502430568162562352e+01,2.502510626815315220e+01,2.502569421040175612e+01,2.502605356417076976e+01,2.502617446216394015e+01,2.502605356417076976e+01,2.502569421040175612e+01,2.502510626815315220e+01,2.502430568162562352e+01,2.502331375356315135e+01,2.502215620388061623e+01,2.502086206331082963e+01,2.501946246838102539e+01,2.501798942722339447e+01,2.501647462380579867e+01,2.501494832156538095e+01,2.501343841695643633e+01,2.501196968018822986e+01,2.501056320569103875e+01,2.500923607989808062e+01,2.500800125995504786e+01,2.500686764495312886e+01,2.500584031193443835e+01,2.500492088263882096e+01,2.500410798383474997e+01,2.500339776391152213e+01,2.500278443078948598e+01,2.500226078056132550e+01,2.500181869196505247e+01,2.500144956815846342e+01,2.500114471371962566e+01,2.500089564084306915e+01,2.500069430396754555e+01,2.500053326632407646e+01,2.500040580502942333e+01,2.500030596337760258e+01,2.500022855999752380e+01,2.500016916470416106e+01,2.500012405036294894e+01,2.500009012910942729e+01,2.500006488000506266e+01,2.500004627382770295e+01,2.500003269932065564e+01,2.500002289395315103e+01,2.500001588113743978e+01,2.500001091493549765e+01,2.500000743257837854e+01,2.500000501460323576e+01,2.500000335206483726e+01,2.500000222007168915e+01,2.500000145680137109e+01,2.500000094713620769e+01,2.500000061010318575e+01,2.500000038937933766e+01,2.500000024621882844e+01,2.500000015425824174e+01,2.500000009575341053e+01,2.500000005888963628e+01,2.500000003588411701e+01,2.500000002166428814e+01,2.500000001295881447e+01,2.500000000768006458e+01,2.500000000450965487e+01,2.500000000262361866e+01
2.500001296594050260e+01,2.500001869145932076e+01,2.500002669691939161e+01,2.500003777964261431e+01,2.500005297040521413e+01,2.500007358469598273e+01,2.500010127924598535e+01,2.500013811224149052e+01,2.500018660472779786e+01,2.500024979967366434e+01,2.500033131404390829e+01,2.500043537809908756e+01,2.500056685511147236e+01,2.500073123388842333e+01,2.500093458607968699e+01,2.500118348037525351e+01,2.500148484652942926e+01,2.500184578380220302e+01,2.500227331096945349e+01,2.500277405852601476e+01,2.500335390800487545e+01,2.500401758827135268e+01,2.500476824392106323e+01,2.500560699611037663e+01,2.500653252079166222e+01,2.500754067288235305e+01,2.500862418683944810e+01,2.500977248397607866e+01,2.501097161430426752e+01,2.501220435556086485e+01,2.501345048444255426e+01,2.501468722526541555e+01,2.501588986985429841e+01,2.501703255026091099e+01,2.501808913387736055e+01,2.501903419970587450e+01,2.501984404599612688e+01,2.502049767407045167e+01,2.502097769159080443e+01,2.502127108112955511e+01,2.502136978666574407e+01,2.502127108112955511e+01,2.502097769159080443e+01,2.502049767407045167e+01,2.501984404599612688e+01,2.501903419970587450e+01,2.501808913387736055e+01,2.501703255026091099e+01,2.501588986985429841e+01,2.501468722526541555e+01,2.501345048444255426e+01,2.501220435556086485e+01,2.501097161430426752e+01,2.500977248397607866e+01,2.500862418683944810e+01,2.500754067288235305e+01,2.500653252079166222e+01,2.500560699611037663e+01,2.500476824392106323e+01,2.500401758827135268e+01,2.500335390800487545e+01,2.500277405852601476e+01,2.500227331096945349e+01,2.500184578380220302e+01,2.500148484652942926e+01,2.500118348037525351e+01,2.500093458607968699e+01,2.500073123388842333e+01,2.500056685511147236e+01,2.500043537809908756e+01,2.500033131404390829e+01,2.500024979967366434e+01,2.500018660472779786e+01,2.500013811224149052e+01,2.500010127924598535e+01,2.500007358469598273e+01,2.500005297040521413e+01,2.500003777964261431e+01,2.500002669691939161e+01,2.500001869145932076e+01,2.500001296594050260e+01,2.500000891135189818e+01,2.500000606822838733e+01,2.500000409410518998e+01,2.500000273674813300e+01,2.500000181254759113e+01,2.500000118938583427e+01,2.500000077327658587e+01,2.500000049811051994e+01,2.500000031790350974e+01,2.500000020102204346e+01,2.500000012594206211e+01,2.500000007817657988e+01,2.500000004807964871e+01,2.500000002929710163e+01,2.500000001768751545e+01,2.500000001058004884e+01,2.500000000627028740e+01,2.500000000368184772e+01,2.500000000214201634e+01
