8.275579610095914518e+01,8.415556820307968167e+01,8.526791816540242053e+01,8.607554273362266883e+01,8.656574791342211483e+01,8.673078136816030792e+01,8.656803686954481236e+01,8.608012326466777608e+01,8.527479540732362295e+01,8.416474960723017773e+01,8.276729113528378434e+01,8.110388595093451158e+01,7.919961287439053876e+01,7.708253572960224176e+01,7.478301739447846330e+01,7.233299912295109380e+01,6.976526891333620028e+01,6.711274210690555719e+01,6.440777587864701559e+01,6.168153694276487897e+01,5.896343878890380807e+01,5.628066126777735434e+01,5.365776154792588670e+01,5.111638156283792966e+01,4.867505324573237147e+01,4.634909927617712100e+01,4.415062388080977485e+01,4.208858555048239225e+01,4.016894143385376026e+01,3.839485168242438107e+01,3.676693115907704623e+01,3.528353565461614494e+01,3.394107003108003084e+01,3.273430645231201197e+01,3.165670198254340661e+01,3.070070623580122771e+01,2.985805134436511565e+01,2.912001818870579228e+01,2.847767450823968716e+01,2.792208211766269343e+01,2.744447192762726573e+01,2.703638676648466088e+01,2.668979309251362864e+01,2.639716355883908250e+01,2.615153304445348326e+01,2.594653120368264965e+01,2.577639483098414530e+01,2.563596341219697550e+01,2.552066116514739136e+01,2.542646869137813681e+01,2.534988709602475865e+01,2.528789711213563507e+01,2.523791541384196435e+01,2.519774994101744880e+01,2.516555570379579621e+01,2.513979220190803687e+01,2.511918329079071910e+01,2.510268005982837280e+01,2.508942706091974273e+01,2.507873203827615782e+01,2.507003916149232481e+01,2.506290565056422182e+01,2.505698159981311335e+01,2.505199275323457542e+01,2.504772595208095609e+01,2.504401696205777128e+01,2.504074038822083637e+01,2.503780139678253036e+01,2.503512898135739562e+01,2.503267053401539499e+01,2.503038750670394919e+01,2.502825197447285177e+01,2.502624393725099594e+01,2.502434922081678081e+01,2.502255785952312905e+01,2.502086286297907236e+01,2.501925928614113914e+01,2.501774353715653021e+01,2.501631286995124981e+01,2.501496501915595871e+01,2.501369794372980238e+01,2.501250965280978988e+01,2.501139809310941686e+01,2.501036108183122764e+01,2.500939627274039267e+01,2.500850114594415174e+01,2.500767301418582989e+01,2.500690904021901417e+01,2.500620626118393730e+01,2.500556161695043755e+01,2.500497198019051481e+01,2.500443418655373051e+01,2.500394506378460946e+01,2.500350145897677123e+01,2.500310026342959446e+01,2.500273843478025881e+01,2.500241301624155810e+01,2.500212115289576786e+01,2.500186010508513235e+01,2.500162725900703364e+01
8.473377916100230323e+01,8.618159022292761051e+01,8.733215210449571941e+01,8.816756970785442604e+01,8.867471491230014635e+01,8.884557034101631245e+01,8.867744080144670704e+01,8.817302460484323490e+01,8.734034212566965039e+01,8.619252424200979590e+01,8.474746845324953881e+01,8.302737525766210069e+01,8.105818156799611529e+01,7.886891135947132625e+01,7.649096623758629221e+01,7.395738009018751313e+01,7.130206241209752704e+01,6.855905427984652079e+01,6.576181938000921434e+01,6.294259007513643667e+01,6.013178538177783139e+01,5.735751411806662503e+01,5.464517255140107466e+01,5.201714184066699431e+01,4.949258661467412423e+01,4.708735233302699896e+01,4.481395578480896802e+01,4.268166030875728723e+01,4.069662514432689449e+01,3.886211678715669393e+01,3.717876932995971373e+01,3.564488049310959639e+01,3.425673033284512314e+01,3.300891038209794459e+01,3.189465213754981932e+01,3.090614525656619449e+01,3.003483746732925042e+01,2.927170992700802543e+01,2.860752349711097153e+01,2.803303306555847385e+01,2.753916856948430336e+01,2.711718271518279977e+01,2.675876652174604686e+01,2.645613471762277769e+01,2.620208369286399730e+01,2.599002516380966554e+01,2.581399895992620230e+01,2.566866841931480892e+01,2.554930180890080393e+01,2.545174299801448115e+01,2.537237434030445016e+01,2.530807438725280178e+01,2.525617269265602260e+01,2.521440359331230141e+01,2.518086048477927363e+01,2.515395176626430640e+01,2.513235931533802514e+01,2.511500007745503638e+01,2.510099112031622681e+01,2.508961830941101212e+01,2.508030860710437437e+01,2.507260588037344107e+01,2.506615001776712148e+01,2.506065909983699314e+01,2.505591433446679517e+01,2.505174745461313535e+01,2.504803027667173509e+01,2.504466612915603818e+01,2.504158288029395152e+01,2.503872731673879670e+01,2.503606065161698169e+01,2.503355496686648962e+01,2.503119042097659630e+01,2.502895307792742940e+01,2.502683323577736374e+01,2.502482415364303847e+01,2.502292109364455186e+01,2.502112060977665209e+01,2.501942002874355708e+01,2.501781707875352367e+01,2.501630963133574781e+01,2.501489552865652755e+01,2.501357247481051616e+01,2.501233797436903572e+01,2.501118930528442164e+01,2.501012351625627161e+01,2.500913744101794478e+01,2.500822772383094872e+01,2.500739085189021083e+01,2.500662319143441081e+01,2.500592102519409821e+01,2.500528058945431198e+01,2.500469810950212235e+01,2.500416983260864967e+01,2.500369205798594052e+01,2.500326116338256455e+01,2.500287362815327086e+01,2.500252605276902429e+01,2.500221517483346645e+01,2.500193788174635756e+01
8.658200494120623603e+01,8.807473278344620837e+01,8.926103383715738460e+01,9.012246020358765008e+01,9.064547829185845274e+01,9.082182320465889802e+01,9.064871670624722810e+01,9.012894073744213586e+01,8.927076375682322862e+01,8.808772263109560186e+01,8.659826811208446884e+01,8.482528687217519803e+01,8.279551739519891385e+01,8.053888054169419775e+01,7.808774817755023889e+01,7.547617477774159056e+01,7.273911735380946197e+01,6.991166842409602111e+01,6.702832512301418433e+01,6.412231505129969378e+01,6.122499626353795321e+01,5.836534506038049841e+01,5.556954120448695278e+01,5.286065601832707728e+01,5.025844474695796293e+01,4.777924075915711910e+01,4.543594576766751914e+01,4.323810739188409968e+01,4.119207314477252879e+01,3.930120834241114380e+01,3.756616451443080962e+01,3.598518460829590992e+01,3.455443157276674526e+01,3.326832769666538070e+01,3.211989327347657053e+01,3.110107465718110120e+01,3.020305346508850874e+01,2.941653046849062392e+01,2.873197949989676658e+01,2.813986841735695066e+01,2.763084573800756516e+01,2.719589293691477039e+01,2.682644357239358257e+01,2.651447132961529007e+01,2.625254976871512014e+01,2.603388703168234741e+01,2.585233902313714793e+01,2.570240465933046892e+01,2.557920670705970778e+01,2.547846154114720818e+01,2.539644086693744285e+01,2.532992811238160158e+01,2.527617181915703526e+01,2.523283797660871741e+01,2.519796286462062440e+01,2.516990761608147054e+01,2.514731538656171139e+01,2.512907173459416299e+01,2.511426857373717780e+01,2.510217185790840588e+01,2.509219300273147013e+01,2.508386392473497395e+01,2.507681549307651636e+01,2.507075913037130377e+01,2.506547126533941849e+01,2.506078032560863633e+01,2.505655595969842153e+01,2.505270018900259998e+01,2.504914021005627589e+01,2.504582259165684022e+01,2.504270863820610060e+01,2.503977071816618860e+01,2.503698938345719327e+01,2.503435113104906762e+01,2.503184668132634982e+01,2.502946966870848300e+01,2.502721565837137163e+01,2.502508141876723258e+01,2.502306439311253783e+01,2.502116232430620002e+01,2.501937299708571061e+01,2.501769406887467895e+01,2.501612296696448112e+01,2.501465683463547052e+01,2.501329251276807142e+01,2.501202654660592017e+01,2.501085520977192900e+01,2.500977453953828089e+01,2.500878037882581140e+01,2.500786842154840883e+01,2.500703425879806474e+01,2.500627342404503040e+01,2.500558143605091743e+01,2.500495383859699672e+01,2.500438623644216207e+01,2.500387432716682667e+01,2.500341392874560142e+01,2.500300100283550009e+01,2.500263167387629437e+01,2.500230224418248071e+01
8.828449216455680926e+01,8.981863068865223454e+01,9.103789433522740637e+01,9.192332626047397071e+01,9.246101959267464565e+01,9.264248159428781548e+01,9.246485763851721629e+01,9.193100674327571653e+01,9.104942586678545524e+01,8.983402576314897203e+01,8.830376665752865506e+01,8.648216707120454316e+01,8.439670357142823320e+01,8.207812284018865512e+01,7.955969009706285533e+01,7.687639947607632962e+01,7.406417240549944836e+01,7.115906939245476792e+01,6.819653894664932636e+01,6.521072481429722245e+01,6.223384939908363833e+01,5.929568741512318297e+01,5.642313965664709485e+01,5.363991249329467337e+01,5.096630451228105585e+01,4.841909781372038424e+01,4.601154797901637039e+01,4.375346379584830458e+01,4.165136551979375668e+01,3.970870882545914071e+01,3.792616065442685880e+01,3.630191287408375445e+01,3.483201996184229188e+01,3.351074774186632510e+01,3.233092142879650055e+01,3.128426276911347159e+01,3.036170780783216472e+01,2.955369864258099355e+01,2.885044436445487293e+01,2.824214814407273977e+01,2.771919903633366289e+01,2.727232849956351757e+01,2.689273282206644566e+01,2.657216360547885969e+01,2.630298916795132058e+01,2.607823021123442331e+01,2.589157336382575281e+01,2.573736629381056673e+01,2.561059801043460382e+01,2.550686777512321868e+01,2.542234575272690122e+01,2.535372818249011218e+01,2.529818946280056480e+01,2.525333314750028180e+01,2.521714346345879321e+01,2.518793859387112022e+01,2.516432663978845952e+01,2.514516488032272434e+01,2.512952270306296043e+01,2.511664837102856040e+01,2.510593962933972279e+01,2.509691803052318448e+01,2.508920676777052350e+01,2.508251174573753062e+01,2.507660558363691194e+01,2.507131423056332054e+01,2.506650587365686178e+01,2.506208183178620530e+01,2.505796914739564230e+01,2.505411461407350515e+01,2.505048000489570370e+01,2.504703829484596156e+01,2.504377069825769908e+01,2.504066436831739750e+01,2.503771062961136451e+01,2.503490363615552994e+01,2.503223936619851386e+01,2.502971488136271461e+01,2.502732779152271547e+01,2.502507587841887826e+01,2.502295684060612757e+01,2.502096813019729638e+01,2.501910685822675262e+01,2.501736975056892476e+01,2.501575314041228282e+01,2.501425298650126550e+01,2.501286490888064407e+01,2.501158423584674395e+01,2.501040605734306510e+01,2.500932528122796228e+01,2.500833668976460444e+01,2.500743499439897377e+01,2.500661488744660232e+01,2.500587108974038131e+01,2.500519839362762298e+01,2.500459170096635120e+01,2.500404605597443464e+01,2.500355667294347128e+01,2.500311895895068659e+01,2.500272853179450294e+01
8.982621790243464943e+01,9.139790071636555524e+01,9.264706546565638234e+01,9.355429474633324105e+01,9.410534392008776194e+01,9.429151412317159497e+01,9.410988167883169808e+01,9.356337545548078083e+01,9.266069930701861779e+01,9.141610246193521050e+01,8.984900632201208737e+01,8.798350132545252222e+01,8.584773208205942296e+01,8.347319269533929287e+01,8.089395689171743697e+01,7.814586917986795811e+01,7.526572372307457215e+01,7.229045694472594619e+01,6.925637817889543157e+01,6.619846005231410402e+01,6.314970690965043332e+01,6.014061566884718246e+01,5.719873923178510466e+01,5.434835819561044445e+01,5.161026232052785190e+01,4.900163919956565195e+01,4.653606400458187409e+01,4.422358117490332319e+01,4.207086655541037601e+01,4.008145682407705124e+01,3.825603208036483238e+01,3.659273716545353494e+01,3.508752759301709290e+01,3.373452680159890349e+01,3.252638269686892158e+01,3.145461302555374772e+01,3.050993090214696934e+01,2.968254368850724134e+01,2.896242030850472915e+01,2.833952388174290959e+01,2.780400821477410389e+01,2.734637814506957909e+01,2.695761495950677755e+01,2.662926908884372423e+01,2.635352301070030379e+01,2.612322778638444376e+01,2.593191693156968824e+01,2.577380140435516154e+01,2.564374941789504092e+01,2.553725458169892093e+01,2.545039557877609937e+01,2.537979022602238288e+01,2.532254637047970292e+01,2.527621166822430609e+01,2.523872389515110726e+01,2.520836306482430444e+01,2.518370628855105409e+01,2.516358601367107894e+01,2.514705202109613680e+01,2.513333735291869075e+01,2.512182817377844657e+01,2.511203744236514623e+01,2.510358217762400201e+01,2.509616404301079129e+01,2.508955293641773210e+01,2.508357325817150496e+01,2.507809253013946460e+01,2.507301205129861543e+01,2.506825929552028498e+01,2.506378178279243585e+01,2.505954218321897642e+01,2.505551444202448153e+01,2.505168074206680373e+01,2.504802914705154748e+01,2.504455179313358215e+01,2.504124351854222397e+01,2.503810084015299253e+01,2.503512120258161033e+01,2.503230243953510836e+01,2.502964239902872379e+01,2.502713869391133983e+01,2.502478854719569767e+01,2.502258870821806269e+01,2.502053542089628024e+01,2.501862442953410337e+01,2.501685101092684960e+01,2.501521002412552974e+01,2.501369597125520983e+01,2.501230306437496864e+01,2.501102529460790080e+01,2.500985650073639022e+01,2.500879043521193168e+01,2.500782082611781121e+01,2.500694143408412629e+01,2.500614610351627221e+01,2.500542880778217381e+01,2.500478368822648179e+01,2.500420508705392564e+01,2.500368757425905386e+01,2.500322596888221582e+01
9.119333967030378574e+01,9.279836913177847180e+01,9.407411182243667724e+01,9.500074234165003872e+01,9.556371686686382816e+01,9.575415399943335615e+01,9.556906899070818895e+01,9.501145271271531101e+01,9.409019244980420638e+01,9.281983743848437030e+01,9.122021779465508473e+01,8.931593077079918430e+01,8.713571293435512644e+01,8.471172064378468747e+01,8.207874396111739657e+01,7.927338077629789836e+01,7.633319838824809267e+01,7.329590911076709858e+01,7.019858472725024967e+01,6.707693193726149161e+01,6.396464749251928339e+01,6.089286771201614812e+01,5.788972271475116571e+01,5.498000123635798531e+01,5.218492751602121871e+01,4.952204764529031422e+01,4.700521912392491686e+01,4.464469429664498534e+01,4.244728593535145933e+01,4.041660152943286732e+01,3.855333185772381199e+01,3.685557910889601629e+01,3.531921013122882158e+01,3.393822124254586470e+01,3.270510231477928897e+01,3.161118945424671978e+01,3.064699741550013101e+01,2.980252480517276936e+01,2.906752705394533010e+01,2.843175397458257692e+01,2.788515041325265997e+01,2.741801998890281311e+01,2.702115316784587407e+01,2.668592192110944339e+01,2.640434395861015560e+01,2.616912003748389637e+01,2.597364812243116461e+01,2.581201826129825605e+01,2.567899196124154315e+01,2.556996964353630730e+01,2.548094945198335282e+01,2.540848032258366018e+01,2.534961181913099892e+01,2.530184282500357895e+01,2.526307077562112724e+01,2.523154273409199888e+01,2.520580926542482558e+01,2.518468175922769703e+01,2.516719359049146476e+01,2.515256529340343761e+01,2.514017375246858066e+01,2.512952528519573647e+01,2.512023239682448406e+01,2.511199392501587369e+01,2.510457825590211911e+01,2.509780927729578082e+01,2.509155473544914017e+01,2.508571667427285234e+01,2.508022365669063802e+01,2.507502449375276399e+01,2.507008323578319775e+01,2.506537520927845009e+01,2.506088391209531707e+01,2.505659860667304883e+01,2.505251247600266495e+01,2.504862122943601577e+01,2.504492206509225483e+01,2.504141291260194180e+01,2.503809189437183846e+01,2.503495695566919821e+01,2.503200562386336969e+01,2.502923486538900377e+01,2.502664101566962174e+01,2.502421976260797720e+01,2.502196616853343869e+01,2.501987471889336589e+01,2.501793938865499456e+01,2.501615371948994238e+01,2.501451090246416697e+01,2.501300386224918171e+01,2.501162533988332726e+01,2.501036797190709393e+01,2.500922436432199447e+01,2.500818716031604438e+01,2.500724910108922217e+01,2.500640307942127905e+01,2.500564218586862353e+01,2.500495974766925045e+01,2.500434936058470115e+01,2.500380491402273009e+01
9.237340426596145448e+01,9.400728562347832451e+01,9.530604872704904551e+01,9.624951650880022669e+01,9.682288730987828274e+01,9.701712248099981650e+01,9.682918475531415936e+01,9.626211860459299885e+01,9.532496960339017278e+01,9.403254578075654990e+01,9.240502975267345676e+01,9.046745582606855862e+01,8.824907099660705967e+01,8.578260261507841733e+01,8.310345830858311444e+01,8.024888540836795414e+01,7.725711761407534084e+01,7.416653593532369371e+01,7.101486917634393592e+01,6.783845650072970557e+01,6.467159110656243115e+01,6.154595996300236038e+01,5.849019013075025697e+01,5.552950763699032422e+01,5.268551041757014985e+01,4.997605267150049713e+01,4.741523426145602826e+01,4.501348566800986362e+01,4.277773655310832623e+01,4.071165425601087406e+01,3.881593753822013326e+01,3.708865058163450357e+01,3.552558256386487301e+01,3.412061899957638644e+01,3.286611234319698838e+01,3.175324098351804736e+01,3.077234760979823847e+01,2.991324988168015864e+01,2.916551829112680849e+01,2.851871797717185686e+01,2.796261297363008680e+01,2.748733288399110108e+01,2.708350325244193613e+01,2.674234191823071782e+01,2.645572440045441809e+01,2.621622187266147819e+01,2.601711557226938965e+01,2.585239157676975097e+01,2.571671979952700227e+01,2.560542084709360466e+01,2.551442407154955561e+01,2.544021977763675935e+01,2.537980813433981453e+01,2.533064691888627706e+01,2.529059980815608455e+01,2.525788654379255505e+01,2.523103594400809868e+01,2.520884242420641286e+01,2.519032642358655849e+01,2.517469891641435709e+01,2.516133001291830951e+01,2.514972152240095937e+01,2.513948325566285646e+01,2.513031278011901293e+01,2.512197830375103536e+01,2.511430434810140966e+01,2.510715987104899583e+01,2.510044851277531919e+01,2.509410065939712453e+01,2.508806704507834340e+01,2.508231364252825557e+01,2.507681762169581674e+01,2.507156418574237122e+01,2.506654412101395124e+01,2.506175192309867228e+01,2.505718438379290092e+01,2.505283954378241873e+01,2.504871593310474864e+01,2.504481203614152562e+01,2.504112593021151767e+01,2.503765505704983951e+01,2.503439609483603334e+01,2.503134490523667921e+01,2.502849653540702235e+01,2.502584525927581183e+01,2.502338464591854006e+01,2.502110764557798106e+01,2.501900668606271694e+01,2.501707377396452259e+01,2.501530059648195348e+01,2.501367862069922410e+01,2.501219918800837050e+01,2.501085360202812069e+01,2.500963320890188868e+01,2.500852946927947329e+01,2.500753402162383310e+01,2.500663873675287263e+01,2.500583576373903938e+01,2.500511756745656911e+01,2.500447695819469018e+01
9.335553898139458795e+01,9.501351918671282704e+01,9.633154183764335698e+01,9.728913782464383075e+01,9.787129142181659347e+01,9.806883349660921567e+01,9.787868332346161537e+01,9.730393008502461782e+01,9.635375104268932489e+01,9.504316939965066524e+01,9.339266077778506769e+01,9.142762270575749994e+01,8.917772631585036436e+01,8.667617335560507286e+01,8.395888447259471832e+01,8.106364642047306290e+01,7.802924631928912902e+01,7.489462040416778166e+01,7.169804289544080689e+01,6.847637785495513185e+01,6.526441333548959278e+01,6.209429299171678451e+01,5.899505582805315385e+01,5.599229014074393262e+01,5.310790318883255168e+01,5.036000390036319629e+01,4.776289215476106165e+01,4.532714501089186854e+01,4.305978776236953820e+01,4.096453594415776678e+01,3.904209339311658766e+01,3.729049114825377842e+01,3.570545230074280596e+01,3.428076878121306947e+01,3.300867739725077854e+01,3.188022409297376214e+01,3.088560727849092657e+01,3.001449305813929413e+01,2.925629717073189084e+01,2.860043035488501673e+01,2.803650559688105659e+01,2.755450725466599948e+01,2.714492334490341818e+01,2.679884331315738422e+01,2.650802437828612668e+01,2.626493006198320046e+01,2.606274480427014950e+01,2.589536865408999944e+01,2.575739594394309862e+01,2.564408164366448872e+01,2.555129877564589691e+01,2.547548989472974412e+01,2.541361522000719120e+01,2.536309957801780257e+01,2.532177989792297623e+01,2.528785460492474968e+01,2.525983589979910704e+01,2.523650559703981600e+01,2.521687492530318409e+01,2.520014847217575493e+01,2.518569227900673368e+01,2.517300595721728129e+01,2.516169860056559315e+01,2.515146820314237885e+01,2.514208425502352284e+01,2.513337317126266157e+01,2.512520621036598101e+01,2.511748955116305737e+01,2.511015621827584354e+01,2.510315957302532297e+01,2.509646811605215788e+01,2.509006137818939663e+01,2.508392670575338812e+01,2.507805677439624858e+01,2.507244769134098306e+01,2.506709756884178475e+01,2.506200547194698913e+01,2.505717066112366709e+01,2.505259206517892778e+01,2.504826793240235006e+01,2.504419561821455531e+01,2.504037147611039416e+01,2.503679082559919777e+01,2.503344797642096253e+01,2.503033629278431960e+01,2.502744828493159801e+01,2.502477571816138280e+01,2.502230973167624484e+01,2.502004096139375022e+01,2.501795966226107026e+01,2.501605582672667083e+01,2.501431929690886591e+01,2.501273986870977240e+01,2.501130738669161246e+01,2.501001182898972175e+01,2.500884338190486744e+01,2.500779250411319765e+01,2.500684998066852671e+01,2.500600696715784821e+01,2.500525502451547410e+01
9.413062111791774100e+01,9.580773178446966654e+01,9.714108411859993453e+01,9.810997937060240304e+01,9.869923355677380528e+01,9.889957507935481829e+01,9.870788924197682945e+01,9.812730064399670482e+01,9.716709040178915302e+01,9.584245125473823634e+01,9.417408957828924088e+01,9.218768886435876198e+01,8.991325408363790928e+01,8.738436029702481278e+01,8.463733176782085366e+01,8.171037953520274755e+01,7.864272589977142047e+01,7.547374356517326532e+01,7.224213535840924294e+01,6.898517765180538674e+01,6.573804701162154629e+01,6.253324541301955719e+01,5.940013481724963640e+01,5.636458723673183613e+01,5.344875183989790202e+01,5.067093637156037289e+01,4.804559635659573757e+01,4.558342234740926813e+01,4.329151295955612966e+01,4.117361966245321980e+01,3.923044825911679112e+01,3.746000166832273237e+01,3.585794895048505282e+01,3.441800640584332172e+01,3.313231791390157355e+01,3.199182336068350452e+01,3.098660589747946048e+01,3.010621077820787406e+01,2.933993052927505829e+01,2.867705312713558286e+01,2.810707162288980498e+01,2.761985520680964612e+01,2.720578301369265972e+01,2.685584301485757308e+01,2.656169912241833941e+01,2.631573015731675014e+01,2.611104462585840125e+01,2.594147533896795110e+01,2.580155782739442571e+01,2.568649628996615064e+01,2.559212049578681558e+01,2.551483667801942801e+01,2.545157503631274309e+01,2.539973603244747835e+01,2.535713724019585058e+01,2.532196211169078026e+01,2.529271166018987671e+01,2.526815974020552957e+01,2.524731233413440279e+01,2.522937103033328654e+01,2.521370069928677538e+01,2.519980123861911636e+01,2.518728315961488562e+01,2.517584672240633026e+01,2.516526428862813347e+01,2.515536554382359213e+01,2.514602524225607638e+01,2.513715313959740172e+01,2.512868580039463140e+01,2.512057999405754316e+01,2.511280742278378142e+01,2.510535055535317994e+01,2.509819937060278860e+01,2.509134884261283460e+01,2.508479702553628599e+01,2.507854361923054043e+01,2.507258891726828054e+01,2.506693305654903625e+01,2.506157550275328916e+01,2.505651471849801837e+01,2.505174797152653099e+01,2.504727124887057244e+01,2.504307924992877687e+01,2.503916543706611719e+01,2.503552212688424916e+01,2.503214060894493542e+01,2.502901128162285715e+01,2.502612379706637569e+01,2.502346720907692301e+01,2.502103011917844100e+01,2.501880081731614069e+01,2.501676741456178377e+01,2.501491796595897199e+01,2.501324058225403846e+01,2.501172352975516233e+01,2.501035531796568279e+01,2.500912477496441610e+01,2.500802111076832901e+01,2.500703396912156151e+01,2.500615346831695973e+01
9.469142214396558188e+01,9.638252603646920136e+01,9.772714634942586542e+01,9.870441930725014856e+01,9.929904010487416599e+01,9.950166369648853504e+01,9.930915124744626610e+01,9.872465316057453322e+01,9.775752560085757636e+01,9.642308360131575284e+01,9.474219984554513019e+01,9.274076380489348992e+01,9.044902080155817714e+01,8.790081455339603167e+01,8.513275966383595517e+01,8.218337224289410869e+01,7.909218733949889213e+01,7.589889115279855503e+01,7.264249415404060528e+01,6.936056842838156911e+01,6.608856891896661523e+01,6.285925403660617405e+01,5.970221651786028616e+01,5.664353070648705568e+01,5.370551782249009420e+01,5.090662647238714555e+01,4.826142181559197297e+01,4.578067356856369230e+01,4.347153049193073571e+01,4.133776721395355480e+01,3.938008820228249363e+01,3.759647337276531687e+01,3.598255015452426875e+01,3.453197772489949102e+01,3.323683047895159604e+01,3.208796948931613713e+01,3.107539262457372331e+01,3.018855601388642640e+01,2.941666156859578862e+01,2.874890720831424318e+01,2.817469821744773739e+01,2.768381972423711446e+01,2.726657161305048049e+01,2.691386823410429585e+01,2.661730606102554120e+01,2.636920297688559955e+01,2.616261316511048207e+01,2.599132167201435806e+01,2.584982262621640459e+01,2.573328488247615198e+01,2.563750853886738668e+01,2.555887539000883280e+01,2.549429595520681957e+01,2.544115528450532793e+01,2.539725931872681031e+01,2.536078317774277835e+01,2.533022238592677056e+01,2.530434772228308660e+01,2.528216410871927167e+01,2.526287372392081565e+01,2.524584335051153516e+01,2.523057582614080374e+01,2.521668537019031575e+01,2.520387649167378186e+01,2.519192614514111028e+01,2.518066878464357572e+01,2.516998396607809596e+01,2.515978616103481968e+01,2.515001646675874269e+01,2.514063592377851819e+01,2.513162018255887631e+01,2.512295529118877369e+01,2.511463440614125275e+01,2.510665525649982044e+01,2.509901821808044531e+01,2.509172487722639033e+01,2.508477698458305127e+01,2.507817571690655001e+01,2.507192118007309745e+01,2.506601209915917394e+01,2.506044565201683483e+01,2.505521741144944414e+01,2.505032136817209576e+01,2.504575001247227561e+01,2.504149445710051936e+01,2.503754458762112023e+01,2.503388922941350003e+01,2.503051632288266504e+01,2.502741310033290389e+01,2.502456625948123659e+01,2.502196212981438350e+01,2.501958682898684927e+01,2.501742640726674693e+01,2.501546697869686753e+01,2.501369483817973105e+01,2.501209656413858440e+01,2.501065910676804549e+01,2.500936986218076896e+01,2.500821673299027381e+01,2.500718817605262956e+01
9.503272334593320636e+01,9.673256370947581217e+01,9.808429788496792412e+01,9.906696330048485777e+01,9.966518295525806082e+01,9.986956810472432267e+01,9.967696586422488281e+01,9.909054259927025043e+01,9.811970001203195579e+01,9.677982702231068401e+01,9.509189658288343594e+01,9.308192217857914841e+01,9.078029367534031735e+01,8.822101618924494915e+01,8.544087856707146500e+01,8.247857980088133445e+01,7.937384219565036858e+01,7.616653939296563181e+01,7.289586550881057292e+01,6.959956880755220254e+01,6.631326968965845481e+01,6.306987853122406307e+01,5.989912431068299981e+01,5.682720022741584387e+01,5.387652788389388547e+01,5.106563727147917575e+01,4.840915594263387334e+01,4.591789750333883546e+01,4.359903701072094862e+01,4.145635906028495299e+01,3.949056330060800235e+01,3.769961178849470684e+01,3.607910292956504605e+01,3.462265764786826594e+01,3.332230478567905152e+01,3.216885443385685051e+01,3.115224981473826915e+01,3.026189036887434725e+01,2.948692072966619193e+01,2.881648221619422756e+01,2.823992526160489902e+01,2.774698276823070131e+01,2.732790570575015110e+01,2.697356332736481832e+01,2.667551116915448617e+01,2.642603053071487906e+01,2.621814343255722690e+01,2.604560713670414884e+01,2.590289223521190465e+01,2.578514809274506803e+01,2.568815910933910374e+01,2.560829488157142109e+01,2.554245691458732637e+01,2.548802409958074833e+01,2.544279874245305351e+01,2.540495452566300116e+01,2.537298741828151449e+01,2.534567022627997446e+01,2.532201119973473880e+01,2.530121688650818967e+01,2.528265924128017872e+01,2.526584686103508304e+01,2.525040011860041034e+01,2.523602989929522522e+01,2.522251960668481274e+01,2.520971008647926581e+01,2.519748711774600025e+01,2.518577113333961393e+01,2.517450885290695339e+01,2.516366653876389492e+01,2.515322461475799543e+01,2.514317341891242208e+01,2.513350989070228536e+01,2.512423502220795868e+01,2.511535192846027442e+01,2.510686441567736793e+01,2.509877594666006217e+01,2.509108892039799343e+01,2.508380419809216377e+01,2.507692082054581206e+01,2.507043587247565952e+01,2.506434445802658217e+01,2.505863975890488504e+01,2.505331315233376799e+01,2.504835437070919468e+01,2.504375168859752776e+01,2.503949212574211458e+01,2.503556165717992243e+01,2.503194542353161012e+01,2.502862793611668835e+01,2.502559327283665525e+01,2.502282526182484901e+01,2.502030765072893459e+01,2.501802426020740100e+01,2.501595912081255690e+01,2.501409659292061960e+01,2.501242146977081404e+01,2.501091906400227671e+01,2.500957527833993410e+01,2.500837666128640535e+01
9.515140042164038903e+01,9.685465239593243325e+01,9.820929500394673539e+01,9.919433409960501535e+01,9.979436984496703644e+01,1.000000000000000000e+02,9.980806788142781727e+01,9.922174584447988366e+01,9.825045119285380224e+01,9.690959762077406481e+01,9.522019134241644167e+01,9.320828668244298854e+01,9.090432082621363463e+01,8.834235143838408533e+01,8.555922378488941149e+01,8.259369572696039086e+01,7.948554945313367170e+01,7.627471809799953917e+01,7.300045354840514733e+01,6.970055889728733689e+01,6.641070535477084036e+01,6.316384917980141012e+01,5.998975958536817643e+01,5.691466383197010259e+01,5.396101108333309071e+01,5.114735225975860544e+01,4.848832926077342620e+01,4.599476367442927938e+01,4.367383253755978956e+01,4.152931690766743600e+01,3.956190795876436539e+01,3.776955498799353705e+01,3.614784005226485419e+01,3.469036485412690496e+01,3.338913685578175716e+01,3.223494330207346081e+01,3.121770375795112784e+01,3.032679379853176727e+01,2.955133452594566279e+01,2.888044453659237476e+01,2.830345275247925230e+01,2.781007210678293617e+01,2.739053540118469243e+01,2.703569571307139796e+01,2.673709452233264017e+01,2.648700126148109035e+01,2.627842829087985166e+01,2.610512539216885841e+01,2.596155779135217401e+01,2.584287150425131330e+01,2.574484947671387047e+01,2.566386160360185187e+01,2.559681128428146479e+01,2.554108073391996925e+01,2.549447684043926188e+01,2.545517895270080899e+01,2.542168961796395621e+01,2.539278896318407774e+01,2.536749313892925528e+01,2.534501701718010480e+01,2.532474115324828290e+01,2.530618288398266458e+01,2.528897133466530889e+01,2.527282604023820767e+01,2.525753884724546339e+01,2.524295874574545451e+01,2.522897928042798910e+01,2.521552820276801299e+01,2.520255904737804187e+01,2.519004434254691205e+01,2.517797019466726738e+01,2.516633201684172505e+01,2.515513120192969510e+01,2.514437256861674541e+01,2.513406243509600202e+01,2.512420719828478255e+01,2.511481231702796180e+01,2.510588161549818764e+01,2.509741683814340973e+01,2.508941740027702849e+01,2.508188028901810895e+01,2.507480007804288746e+01,2.506816902677516623e+01,2.506197724047521902e+01,2.505621287241331174e+01,2.505086235313611098e+01,2.504591063492421199e+01,2.504134144204086709e+01,2.503713751940452426e+01,2.503328087397690993e+01,2.502975300451976537e+01,2.502653511649740636e+01,2.502360831983463640e+01,2.502095380801589641e+01,2.501855301765889550e+01,2.501638776823487476e+01,2.501444038205373133e+01,2.501269378499799600e+01,2.501113158878461462e+01,2.500973815576571724e+01
9.504647513715724472e+01,9.674779845524514599e+01,9.810113488293646355e+01,9.908552627698857407e+01,9.968559958616705785e+01,9.989196944730485939e+01,9.970148569818607598e+01,9.911731667636192356e+01,9.814886521488040216e+01,9.681152043461374035e+01,9.512625447461692829e+01,9.311907891147200189e+01,9.082038053552969359e+01,8.826416015569652984e+01,8.548720102601204474e+01,8.252819521810661740e+01,7.942685676010481188e+01,7.622304964640640890e+01,7.295595697762654197e+01,6.966331465387699495e+01,6.638072939975759823e+01,6.314109665972028296e+01,5.997412929948137617e+01,5.690600331818058066e+01,5.395912214259035977e+01,5.115199674282036568e+01,4.849923495125172224e+01,4.601163011714341167e+01,4.369633668022252948e+01,4.155711844565516344e+01,3.959465429597150887e+01,3.780688575040593946e+01,3.618939111387489760e+01,3.473577185627045338e+01,3.343803822019540206e+01,3.228698275443174737e+01,3.127253239202252644e+01,3.038407172124865241e+01,2.961073213064374698e+01,2.894164345561056351e+01,2.836614654150625014e+01,2.787396671216249544e+01,2.745534945827132844e+01,2.710116071911094693e+01,2.680295492167566351e+01,2.655301447464666964e+01,2.634436471245857803e+01,2.617076837612048479e+01,2.602670363618945970e+01,2.590732944511937674e+01,2.580844168662336102e+01,2.572642320214631795e+01,2.565819034910367691e+01,2.560113830798293222e+01,2.555308692676290505e+01,2.551222848757423023e+01,2.547707841364502457e+01,2.544642961165018491e+01,2.541931086923632677e+01,2.539494950031277654e+01,2.537273824989803472e+01,2.535220633237626942e+01,2.533299437729688108e+01,2.531483299005995846e+01,2.529752459548319266e+01,2.528092821497547860e+01,2.526494682784515788e+01,2.524951697966440278e+01,2.523460032172292600e+01,2.522017679220467556e+01,2.520623917921244939e+01,2.519278883613770148e+01,2.517983234964287576e+01,2.516737898865955003e+01,2.515543878864964711e+01,2.514402114857021076e+01,2.513313383839354742e+01,2.512278233270105332e+01,2.511296940094061370e+01,2.510369489763748874e+01,2.509495570643686335e+01,2.508674580060712245e+01,2.507905638981387497e+01,2.507187612883748429e+01,2.506519136867774122e+01,2.505898643436686157e+01,2.505324391696615294e+01,2.504794496979426199e+01,2.504306960104230484e+01,2.503859695666719176e+01,2.503450558889317890e+01,2.503077370685133829e+01,2.502737940689176810e+01,2.502430088094829941e+01,2.502151660204616235e+01,2.501900548663928703e+01,2.501674703396086485e+01,2.501472144298066880e+01,2.501290970789435519e+01,2.501129369333257557e+01
9.471913289219797605e+01,9.641322503396857257e+01,9.776107398867625875e+01,9.874182490481618402e+01,9.934018093588707643e+01,9.954680384981141117e+01,9.935856029784046939e+01,9.877860465659095723e+01,9.781629536983629691e+01,9.648694787576900467e+01,9.481143321828267290e+01,9.281563702348425693e+01,9.052979841605493050e+01,8.798775243462256412e+01,8.522610241288560928e+01,8.228335051574426018e+01,7.919901511373674907e+01,7.601276296630524598e+01,7.276358234801811875e+01,6.948902042925836042e+01,6.622450459541295231e+01,6.300276316906678886e+01,5.985335641861247780e+01,5.680232402821081195e+01,5.387195059265744135e+01,5.108064638941698377e+01,4.844293684066524008e+01,4.596955084425731286e+01,4.366759561542833978e+01,4.154080388856252171e+01,3.958983828638326230e+01,3.781263734020674150e+01,3.620478797493829148e+01,3.475991016653379972e+01,3.347004083051275813e+01,3.232600569109074229e+01,3.131776979286886942e+01,3.043475933672486988e+01,2.966614954473613608e+01,2.900111519616231703e+01,2.842904225539414043e+01,2.793970057950346941e+01,2.752337901234648143e+01,2.717098522636981173e+01,2.687411346032154214e+01,2.662508383215195451e+01,2.641695720305688511e+01,2.624352965986243191e+01,2.609931060235674849e+01,2.597948820531459546e+01,2.587988570716253278e+01,2.579691159178343440e+01,2.572750630676798167e+01,2.566908772613963663e+01,2.561949713914083659e+01,2.557694714518420653e+01,2.553997247002754634e+01,2.550738439689204995e+01,2.547822923221687930e+01,2.545175099961443621e+01,2.542735837558480227e+01,2.540459574317065616e+01,2.538311814035767000e+01,2.536266981339753457e+01,2.534306604589330547e+01,2.532417791710420119e+01,2.530591964252443304e+01,2.528823816191161100e+01,2.527110466073625972e+01,2.525450773728520559e+01,2.523844795679673680e+01,2.522293356403892517e+01,2.520797715519089266e+01,2.519359313772633158e+01,2.517979583257719867e+01,2.516659809581717155e+01,2.515401035732059754e+01,2.514203999135980183e+01,2.513069094905181800e+01,2.511996359517560151e+01,2.510985470241105233e+01,2.510035756477230962e+01,2.509146219918499554e+01,2.508315561003830041e+01,2.507542209635090558e+01,2.506824358512049500e+01,2.506159997764590130e+01,2.505546949825804859e+01,2.504982903708392783e+01,2.504465448028811991e+01,2.503992102276050602e+01,2.503560345950281629e+01,2.503167645305326161e+01,2.502811477521062145e+01,2.502489352210110951e+01,2.502198830229265170e+01,2.501937539821552647e+01,2.501703190160806045e+01,2.501493582408000194e+01,2.501306618418265515e+01
9.417270579655142626e+01,9.585435475665727267e+01,9.719261047157593225e+01,9.816678774472008229e+01,9.876171467916645952e+01,9.896813002526012326e+01,9.878292741813854150e+01,9.820923749220501975e+01,9.725634482466152519e+01,9.593944277023240375e+01,9.427923521412517971e+01,9.230139980843850367e+01,9.003593211161393128e+01,8.751639400329018770e+01,8.477909263128049133e+01,8.186221785613011548e+01,7.880496664874891621e+01,7.564668218944538580e+01,7.242603359483135250e+01,6.918025939883780495e+01,6.594449431539396755e+01,6.275119462427691275e+01,5.962967297690295254e+01,5.660574874770483689e+01,5.370151548192816193e+01,5.093522271354723330e+01,4.832126561797137754e+01,4.587027275585388963e+01,4.358927964721348758e+01,4.148197413668489730e+01,3.954899847684227865e+01,3.778829273522780596e+01,3.619546445796734702e+01,3.476417040964142302e+01,3.348649754908090870e+01,3.235333207819809331e+01,3.135470729807299506e+01,3.048012301014406944e+01,2.971883120748034557e+01,2.906008472297757805e+01,2.849334726617431812e+01,2.800846483481685567e+01,2.759579979633172897e+01,2.724632998042060805e+01,2.695171590505740866e+01,2.670433978532395969e+01,2.649732026914291083e+01,2.632450693480994275e+01,2.618045850559971299e+01,2.606040852190234602e+01,2.596022189638035016e+01,2.587634539553401325e+01,2.580575467149207469e+01,2.574590003624557966e+01,2.569465274767814122e+01,2.565025317859585741e+01,2.561126187791536424e+01,2.557651421443720707e+01,2.554507902179175005e+01,2.551622143877790450e+01,2.548936996066240823e+01,2.546408758060598032e+01,2.544004680164515264e+01,2.541700823337932391e+01,2.539480244828144961e+01,2.537331475508095124e+01,2.535247254602849765e+01,2.533223488662982348e+01,2.531258403681675517e+01,2.529351861832967785e+01,2.527504817176126650e+01,2.525718887628054432e+01,2.523996023406243339e+01,2.522338254887820597e+01,2.520747505351230089e+01,2.519225456331027146e+01,2.517773455310420871e+01,2.516392457204320365e+01,2.515082992562567199e+01,2.513845156670634395e+01,2.512678614768824303e+01,2.511582619477587386e+01,2.510556037232142046e+01,2.509597381118379289e+01,2.508704847986025044e+01,2.507876358113254867e+01,2.507109596025653531e+01,2.506402051345077098e+01,2.505751058771571138e+01,2.505153836492806363e+01,2.504607522477405013e+01,2.504109208246341112e+01,2.503655969834422379e+01,2.503244895754731303e+01,2.502873111865167033e+01,2.502537803109674641e+01,2.502236232168701946e+01,2.501965755105033651e+01,2.501723834133303015e+01,2.501508047675006452e+01
9.341262162840510541e+01,9.507675746606697942e+01,9.640143094489474151e+01,9.736619133847074181e+01,9.795603931511537610e+01,9.816181977819641702e+01,9.798046330280841687e+01,9.741506725739424155e+01,9.647481359752787000e+01,9.517472636103704531e+01,9.353527779209954929e+01,9.158185749839157097e+01,8.934412384564635090e+01,8.685526070266172383e+01,8.415116550197386402e+01,8.126959627104960759e+01,7.824930577335356929e+01,7.512919019926447106e+01,7.194747804515208145e+01,6.874098204977335058e+01,6.554443349841142208e+01,6.238991406561682140e+01,5.930639587313194028e+01,5.631939582030065594e+01,5.345074572021312775e+01,5.071847554513099965e+01,4.813680331791212552e+01,4.571622201329923030e+01,4.346367134363646301e+01,4.138278054476157308e+01,3.947416725524174552e+01,3.773577726418135825e+01,3.616325022625130003e+01,3.475029731934341726e+01,3.348907814521037096e+01,3.237056583213102812e+01,3.138489117458667721e+01,3.052165862626247872e+01,2.977022894752659710e+01,2.911996520911648645e+01,2.856044059912502675e+01,2.808160801771364135e+01,2.767393273868669823e+01,2.732849045176254776e+01,2.703703377206940317e+01,2.679203082503083877e+01,2.658667980651411611e+01,2.641490350832146916e+01,2.627132772073780842e+01,2.615124721178767686e+01,2.605058267174164754e+01,2.596583163388701365e+01,2.589401596796678007e+01,2.583262811614815391e+01,2.577957782343147031e+01,2.573314072085232596e+01,2.569190976192426845e+01,2.565475019764362585e+01,2.562075850657010534e+01,2.558922547458312025e+01,2.555960344215779401e+01,2.553147760198507754e+01,2.550454113194616923e+01,2.547857388269910928e+01,2.545342430010231283e+01,2.542899424516270201e+01,2.540522637328781030e+01,2.538209374598128321e+01,2.535959136798710389e+01,2.533772936812200882e+01,2.531652757011660171e+01,2.529601122876592711e+01,2.527620773513253383e+01,2.525714412145290311e+01,2.523884522113696960e+01,2.522133236147585222e+01,2.520462248626146362e+01,2.518872762251005781e+01,2.517365462001747289e+01,2.515940510477195957e+01,2.514597559756135681e+01,2.513335775769758840e+01,2.512153871889798396e+01,2.511050149024786649e+01,2.510022540003569347e+01,2.509068656428576816e+01,2.508185836517190381e+01,2.507371192730801113e+01,2.506621658228415939e+01,2.505934031383250371e+01,2.505305017773248366e+01,2.504731269204829047e+01,2.504209419457255947e+01,2.503736116545645984e+01,2.503308051396009049e+01,2.502921982907380283e+01,2.502574759445448294e+01,2.502263336870051802e+01,2.501984793246451844e+01,2.501736340428195504e+01
9.244631980289641149e+01,9.408806416714155318e+01,9.539532282431012788e+01,9.634794218854099768e+01,9.693114154242724112e+01,9.713590016571833985e+01,9.695919522665639079e+01,9.640408165328042855e+01,9.547961101634255954e+01,9.420059241102669034e+01,9.258720413875059307e+01,9.066447038842568418e+01,8.846162184813795193e+01,8.601136303094497748e+01,8.334907190980592873e+01,8.051195912206051730e+01,7.753821448135556693e+01,7.446616784543891754e+01,7.133348961222340279e+01,6.817645338683860246e+01,6.502927985439313829e+01,6.192357681263328573e+01,5.888788588848353811e+01,5.594734190902318716e+01,5.312344643786619258e+01,5.043395281844674116e+01,4.789285635249370188e+01,4.551048011422648898e+01,4.329364444683054103e+01,4.124590645383815968e+01,3.936785478982562125e+01,3.765744474120724306e+01,3.611035890648970792e+01,3.472037964938903087e+01,3.347976080408507471e+01,3.237958774675904294e+01,3.141011679664208600e+01,3.056108686281741882e+01,2.982199820955124991e+01,2.918235508646227316e+01,2.863187069043832977e+01,2.816063444180700515e+01,2.775924283375864832e+01,2.741889613426656780e+01,2.713146398177112673e+01,2.688952343047738580e+01,2.668637328907763262e+01,2.651602868606016727e+01,2.637319971795144014e+01,2.625325782823086485e+01,2.615219325839340314e+01,2.606656654087775848e+01,2.599345659522790086e+01,2.593040756869891794e+01,2.587537615078091946e+01,2.582668070336529453e+01,2.578295319561358312e+01,2.574309462203369492e+01,2.570623431730878039e+01,2.567169336263098245e+01,2.563895210395597957e+01,2.560762166934719986e+01,2.557741927595889564e+01,2.554814705215187942e+01,2.551967406148432005e+01,2.549192119773233500e+01,2.546484861887972428e+01,2.543844539888423029e+01,2.541272109527659140e+01,2.538769895519357078e+01,2.536341050980848522e+01,2.533989133538839056e+01,2.531717778696518906e+01,2.529530453688052205e+01,2.527430277462956099e+01,2.525419894615001581e+01,2.523501392985954794e+01,2.521676256337490329e+01,2.519945344909391238e+01,2.518308897889894737e+01,2.516766552839206739e+01,2.515317377955456024e+01,2.513959913778563049e+01,2.512692221514779689e+01,2.511511935653690841e+01,2.510416318958176163e+01,2.509402318251293096e+01,2.508466619714731749e+01,2.507605702661411229e+01,2.506815890957827619e+01,2.506093401456089254e+01,2.505434388955759673e+01,2.504834987355270570e+01,2.504291346774260063e+01,2.503799666533797819e+01,2.503356223972443573e+01,2.502957399153720175e+01,2.502599695585742268e+01,2.502279757127362814e+01,2.501994381298021608e+01
9.128313620412758667e+01,9.289784907162670891e+01,9.418405415888888399e+01,9.512195498372190627e+01,9.569703351326421625e+01,9.590043042873338663e+01,9.572917875850357916e+01,9.518628225164557932e+01,9.428063557691342567e+01,9.302678928377480361e+01,9.144456817468174847e+01,8.955855704163448650e+01,8.739747236905280658e+01,8.499344239040277671e+01,8.238122064821175172e+01,7.959735984334943737e+01,7.667937322850212922e+01,7.366491012320364007e+01,7.059097038262748924e+01,6.749317997014500747e+01,6.440514633670429134e+01,6.135790830056137679e+01,5.837949076778954094e+01,5.549457015977982621e+01,5.272425203192318577e+01,5.008595827067408379e+01,4.759341760748158379e+01,4.525675011459426855e+01,4.308263393628468663e+01,4.107454080505578986e+01,3.923302590147671509e+01,3.755605730786230367e+01,3.603937061879014436e+01,3.467683512020450110e+01,3.346081923178175543e+01,3.238254451347057739e+01,3.143241935389019659e+01,3.060034537722586734e+01,2.987599152773829303e+01,2.924903263200081227e+01,2.870935092977391534e+01,2.824720055386212181e+01,2.785333619385746573e+01,2.751910818150956217e+01,2.723652698462174371e+01,2.699830060244320862e+01,2.679784863895241998e+01,2.662929691871649140e+01,2.648745643503450609e+01,2.636779021558940528e+01,2.626637139037341839e+01,2.617983538180752134e+01,2.610532873613346538e+01,2.604045670266221890e+01,2.598323126318245002e+01,2.593202093305828271e+01,2.588550330917773579e+01,2.584262103485061601e+01,2.580254159142468495e+01,2.576462111135272082e+01,2.572837223602525469e+01,2.569343591057950604e+01,2.565955691272645112e+01,2.562656284843770393e+01,2.559434630894049789e+01,2.556284986584100949e+01,2.553205357963414457e+01,2.550196470715636465e+01,2.547260931206788470e+01,2.544402550618931969e+01,2.541625807603723075e+01,2.538935427632999975e+01,2.536336059918967223e+01,2.533832035329112387e+01,2.531427191070035576e+01,2.529124750027133217e+01,2.526927244511892923e+01,2.524836475789235735e+01,2.522853502148104710e+01,2.520978649459947363e+01,2.519211539165875280e+01,2.517551129468904492e+01,2.515995766207000983e+01,2.514543240467982699e+01,2.513190850498564188e+01,2.511935465874161721e+01,2.510773592247879193e+01,2.509701435298184791e+01,2.508714962754565292e+01,2.507809963606289827e+01,2.506982103796948280e+01,2.506226977880917062e+01,2.505540156270465957e+01,2.504917227836188687e+01,2.504353837740519495e+01,2.503845720485587734e+01,2.503388728243611894e+01,2.502978854611315285e+01,2.502612253990284685e+01,2.502285256843601857e+01
8.993415940571071587e+01,9.151748232821377371e+01,9.277922358540764947e+01,9.370000053523342842e+01,9.426559954033717759e+01,9.446734827845739346e+01,9.430234444202618249e+01,9.377353237853333212e+01,9.288962481843199726e+01,9.166487256847669585e+01,9.011869064332626067e+01,8.827515450284151655e+01,8.616238461567951390e+01,8.381184127720086963e+01,8.125755431492081016e+01,7.853531391719090493e+01,7.568184928006647283e+01,7.273402110357140771e+01,6.972805225919448446e+01,6.669881832330609939e+01,6.367921629501265812e+01,6.069962588978126661e+01,5.778747353644422446e+01,5.496690482283646162e+01,5.225856684322050683e+01,4.967949788770508235e+01,4.724311833993508003e+01,4.495931363878597153e+01,4.283459779762896602e+01,4.087234430548537034e+01,3.907307026353610979e+01,3.743475930805533380e+01,3.595320917689566187e+01,3.462239060769501009e+01,3.343480551230256737e+01,3.238183394496692813e+01,3.145406116114092043e+01,3.064157794322538564e+01,2.993424925256776703e+01,2.932194807030090900e+01,2.879475294584336709e+01,2.834310923097795154e+01,2.795795520654542798e+01,2.763081529142904103e+01,2.735386325773895422e+01,2.711995887229281621e+01,2.692266166263894789e+01,2.675622559291316094e+01,2.661557836195807880e+01,2.649628883641706167e+01,2.639452583777005046e+01,2.630701114543556329e+01,2.623096918591334514e+01,2.616407547432040559e+01,2.610440547902967268e+01,2.605038520742609975e+01,2.600074447172233150e+01,2.595447349507939805e+01,2.591078326331472326e+01,2.586906981680134265e+01,2.582888250913164896e+01,2.578989613050458019e+01,2.575188670031666049e+01,2.571471067023680490e+01,2.567828724107684479e+01,2.564258347910558911e+01,2.560760191550168585e+01,2.557337032229061080e+01,2.553993337581933787e+01,2.550734594163789382e+01,2.547566774021088420e+01,2.544495917934742479e+01,2.541527816527018047e+01,2.538667772891311003e+01,2.535920432675367664e+01,2.533289669593121829e+01,2.530778516146715162e+01,2.528389130912309568e+01,2.526122795094849138e+01,2.523979932208128218e+01,2.521960145710582069e+01,2.520062270248150682e+01,2.518284432846748899e+01,2.516624120979646406e+01,2.515078254928535983e+01,2.513643262277506096e+01,2.512315152740159263e+01,2.511089591832775270e+01,2.509961972179447542e+01,2.508927481475261700e+01,2.507981166345955160e+01,2.507117991530864742e+01,2.506332893983055499e+01,2.505620831628356981e+01,2.504976826655023814e+01,2.504396003319004294e+01,2.503873620347228979e+01,2.503405098103722892e+01,2.502986040751464003e+01,2.502612253697567724e+01
8.841206140500636934e+01,8.995995663772851003e+01,9.119408366411593647e+01,9.209552672327056655e+01,9.265041558154376844e+01,9.285028886909971391e+01,9.269231721403144775e+01,9.217937792799475005e+01,9.131997845984911066e+01,9.012803142894820496e+01,8.862248951191774893e+01,8.682685352808161383e+01,8.476857151379681454e+01,8.247835019534144863e+01,7.998940291094538679e+01,7.733665959687806435e+01,7.455596490074880478e+01,7.168328983702129165e+01,6.875398073073861838e+01,6.580206663042747550e+01,6.285964307483786939e+01,5.995634626388601163e+01,5.711892752130072637e+01,5.437093365774930476e+01,5.173249465258686541e+01,4.922021615424333874e+01,4.684717080971645942e+01,4.462297949410147169e+01,4.255397120454354365e+01,4.064340875294002586e+01,3.889176644350752809e+01,3.729704562574361404e+01,3.585511431178950659e+01,3.456005785826007326e+01,3.340452893892653918e+01,3.238008657023242876e+01,3.147751568867349903e+01,3.068712061398521129e+01,2.999898757052766030e+01,2.940321319995841165e+01,2.889009761552663136e+01,2.845030197318271803e+01,2.807497173511418609e+01,2.775582776116668526e+01,2.748522808099906101e+01,2.725620368485362377e+01,2.706247194301872128e+01,2.689843134969623861e+01,2.675914121650739119e+01,2.664028974652743642e+01,2.653815363356823553e+01,2.644955198360906579e+01,2.637179697293060698e+01,2.630264326389403351e+01,2.624023781340600436e+01,2.618307134553097981e+01,2.612993242886913237e+01,2.607986480780360949e+01,2.603212838781275806e+01,2.598616406928173461e+01,2.594156246003981536e+01,2.589803637104614253e+01,2.585539690807634372e+01,2.581353291019216556e+01,2.577239344829054346e+01,2.573197307932615630e+01,2.569229954941109284e+01,2.565342364791645835e+01,2.561541093148493431e+01,2.557833505864002888e+01,2.554227250014506367e+01,2.550729841564769274e+01,2.547348351214022344e+01,2.544089172347019101e+01,2.540957857197994585e+01,2.537959009303259705e+01,2.535096222058762550e+01,2.532372054716195819e+01,2.529788038458638155e+01,2.527344706313790823e+01,2.525041641612035193e+01,2.522877540500919480e+01,2.520850284709588252e+01,2.518957021336552415e+01,2.517194246930081647e+01,2.515557893557753388e+01,2.514043414933018639e+01,2.512645870992246344e+01,2.511360009603559718e+01,2.510180344344951919e+01,2.509101227518140220e+01,2.508116917769661924e+01,2.507221641874093621e+01,2.506409650397633015e+01,2.505675267104746951e+01,2.505012932097059419e+01,2.504417238782829003e+01,2.503882964867968752e+01,2.503405097636282406e+01,2.502978853848269836e+01
8.673090650842618743e+01,8.823969147750246123e+01,8.944334138851208138e+01,9.032345629556138533e+01,9.086654537251526165e+01,9.106438033512513641e+01,9.091421242570046957e+01,9.041884493791097555e+01,8.958655857523432076e+01,8.843089238153689280e+01,8.697028829782922799e+01,8.522761233439184991e+01,8.322956967318080501e+01,8.100603453756770023e+01,7.858931823641498227e+01,7.601340031169254985e+01,7.331314815489906778e+01,7.052354982661618976e+01,6.767898318911450417e+01,6.481254196551668656e+01,6.195543613092118562e+01,5.913648030922153254e+01,5.638167979788504169e+01,5.371391967871007012e+01,5.115275839402511338e+01,4.871432335439843087e+01,4.641130274759119345e+01,4.425302485737974223e+01,4.224561395576487399e+01,4.039221024531370574e+01,3.869324040517146557e+01,3.714672500621551166e+01,3.574860935092227976e+01,3.449310508250069063e+01,3.337303110101353809e+01,3.238014381843461820e+01,3.150544847495274681e+01,3.073948502453327691e+01,3.007258388698424767e+01,2.949508857745570367e+01,2.899754379847313146e+01,2.857084896665466545e+01,2.820637831497642978e+01,2.789606964612888618e+01,2.763248451129796734e+01,2.740884306142224602e+01,2.721903708360271779e+01,2.705762481942922193e+01,2.691981109414718887e+01,2.680141609718986473e+01,2.669883587680168091e+01,2.660899727363511857e+01,2.652930964669400282e+01,2.645761536244403089e+01,2.639214064277616245e+01,2.633144801400107227e+01,2.627439127730236379e+01,2.622007363749672493e+01,2.616780938472952300e+01,2.611708932340405198e+01,2.606754998265513734e+01,2.601894651997628216e+01,2.597112914014366680e+01,2.592402279075428950e+01,2.587760985873750741e+01,2.583191557444967401e+01,2.578699582708165039e+01,2.574292710321957856e+01,2.569979827615658508e+01,2.565770399417700887e+01,2.561673943929570996e+01,2.557699625211715855e+01,2.553855944232192599e+01,2.550150512692255589e+01,2.546589895930823388e+01,2.543179513092513844e+01,2.539923584411613433e+01,2.536825116920852707e+01,2.533885921152362641e+01,2.531106652477503616e+01,2.528486871653895207e+01,2.526025119934092800e+01,2.523719004762129003e+01,2.521565292660920576e+01,2.519560006412278241e+01,2.517698524066217658e+01,2.515975677699189106e+01,2.514385850180980242e+01,2.512923068514516700e+01,2.511581092586909847e+01,2.510353498417675411e+01,2.509233755213745454e+01,2.508215295742498085e+01,2.507291579714760132e+01,2.506456150030401631e+01,2.505702681880356053e+01,2.505025024821236457e+01,2.504417238042719873e+01,2.503873619134235540e+01,2.503388726726998925e+01
8.490594241634683215e+01,8.637231908022803850e+01,8.754294009082192929e+01,8.839996579442218660e+01,8.893031751585878908e+01,8.912602021114028616e+01,8.898441277087925982e+01,8.850821819496196952e+01,8.770547101567166237e+01,8.658930462837378172e+01,8.517760634519714813e+01,8.349255277443654677e+01,8.156004232448279367e+01,7.940904504764111493e+01,7.707089253204853208e+01,7.457853202636937340e+01,7.196576940476884943e+01,6.926652496742514131e+01,6.651412449584805131e+01,6.374064556035811790e+01,6.097633596475689899e+01,5.824911759296664826e+01,5.558418499190672435e+01,5.300370398491700996e+01,5.052661165317934433e+01,4.816851532290291971e+01,4.594168490090751789e+01,4.385513012528123511e+01,4.191475211938286094e+01,4.012355709767605561e+01,3.848191917581451804e+01,3.698787895748839105e+01,3.563746485153310317e+01,3.442502483780587852e+01,3.334355755750027583e+01,3.238503305287049727e+01,3.154069512100626582e+01,3.080133897855926506e+01,3.015755967012970729e+01,2.959996831565193531e+01,2.911937481953139084e+01,2.870693701028641343e+01,2.835427731375208538e+01,2.805356897026641150e+01,2.779759448487003226e+01,2.757977945891327920e+01,2.739420520997328978e+01,2.723560366940826682e+01,2.709933798191953969e+01,2.698137204956572077e+01,2.687823199398146556e+01,2.678696218355710812e+01,2.670507811260648268e+01,2.663051804902023889e+01,2.656159500346725721e+01,2.649695023064309751e+01,2.643550916119283301e+01,2.637644038797439805e+01,2.631911809537219327e+01,2.626308812593496000e+01,2.620803772320291714e+01,2.615376887024935826e+01,2.610017505627233447e+01,2.604722124408700878e+01,2.599492677497244486e+01,2.594335092951315858e+01,2.589258085965079559e+01,2.584272161437772297e+01,2.579388799613278849e+01,2.574619800431742433e+01,2.569976764428830407e+01,2.565470690304836410e+01,2.561111671543884327e+01,2.556908676609721098e+01,2.552869399226405989e+01,2.549000167041749876e+01,2.545305898559216828e+01,2.541790099614063081e+01,2.538454891874556196e+01,2.535301066887225474e+01,2.532328160076829704e+01,2.529534539878050126e+01,2.526917507836916599e+01,2.524473406093678562e+01,2.522197729161064572e+01,2.520085237355669250e+01,2.518130069636245949e+01,2.516325853959164149e+01,2.514665813584398535e+01,2.513142868059650326e+01,2.511749727878557081e+01,2.510478982053507835e+01,2.509323178065527316e+01,2.508274893853825560e+01,2.507326801686330953e+01,2.506471723910226501e+01,2.505702680718490427e+01,2.505012930185192133e+01,2.504396000919386012e+01,2.503845717765708656e+01
8.295337785660851182e+01,8.437445662037291072e+01,8.550982727849853404e+01,8.634225020670228901e+01,8.685908815642928005e+01,8.705263737396040824e+01,8.692033074627393319e+01,8.646480545417179542e+01,8.569383259955452559e+01,8.462011138107762065e+01,8.326093537831496860e+01,8.163774313357771462e+01,7.977556927786196184e+01,7.770241575092498465e+01,7.544856507582187533e+01,7.304585907573382997e+01,7.052696682957471808e+01,6.792466507062117387e+01,6.527115270823813376e+01,6.259741881058950952e+01,5.993268037640618928e+01,5.730390272287935005e+01,5.473541151568718988e+01,5.224860156023545699e+01,4.986174364656398694e+01,4.758988716239201722e+01,4.544485300194118338e+01,4.343530861334716775e+01,4.156691492043648140e+01,3.984253336514200328e+01,3.826248044979502083e+01,3.682481688733541603e+01,3.552565873871182589e+01,3.435949865606833242e+01,3.331952646893464731e+01,3.239793975184677777e+01,3.158623659722959687e+01,3.087548449243580251e+01,3.025656087845965914e+01,2.972036257584061403e+01,2.925798274064957027e+01,2.886085531553206351e+01,2.852086803827498329e+01,2.823044594851138100e+01,2.798260799021483791e+01,2.777099975273005228e+01,2.758990564400644985e+01,2.743424387037489254e+01,2.729954753536736689e+01,2.718193499510814704e+01,2.707807234888923986e+01,2.698513062818118868e+01,2.690073990023320505e+01,2.682294214477376926e+01,2.675014441142758770e+01,2.668107343462731862e+01,2.661473258150869370e+01,2.655036174254599146e+01,2.648740054750246387e+01,2.642545510114092977e+01,2.636426828262372624e+01,2.630369353677911448e+01,2.624367200064472883e+01,2.618421275063209919e+01,2.612537591984225926e+01,2.606725841715976699e+01,2.600998197572321047e+01,2.595368326460716091e+01,2.589850581094851378e+01,2.584459349773100101e+01,2.579208542294247408e+01,2.574111192725560215e+01,2.569179161859442573e+01,2.564422924213952371e+01,2.559851426299454502e+01,2.555472004562229316e+01,2.551290352917230919e+01,2.547310531100396602e+01,2.543535006218215955e+01,2.539964720865999936e+01,2.536599182045892675e+01,2.533436565860990086e+01,2.530473833611658563e+01,2.527706855491084781e+01,2.525130538583649198e+01,2.522738956323739501e+01,2.520525476983518942e+01,2.518482889133041880e+01,2.516603522360127343e+01,2.514879361854089268e+01,2.513302155749007483e+01,2.511863514390035590e+01,2.510555000930865788e+01,2.509368212892204753e+01,2.508294854509962946e+01,2.507326799877880319e+01,2.506456147042624139e+01,2.505675263340297931e+01,2.504976822372353240e+01,2.504353833106873140e+01
8.089015129925378744e+01,8.226346924945340788e+01,8.336171312893478103e+01,8.416827812558227606e+01,8.467099406824412711e+01,8.486244434337905318e+01,8.474016146503544178e+01,8.430669205373393993e+01,8.356952878606938384e+01,8.254091179965308811e+01,8.123750684372016906e+01,7.967997192741621859e+01,7.789242812839839303e+01,7.590185340841354389e+01,7.373742060559222011e+01,7.142980214892666879e+01,6.901046443406391973e+01,6.651097422844222251e+01,6.396233800439819817e+01,6.139439284097352356e+01,5.883526463369453552e+01,5.631090597664871211e+01,5.384472241697103811e+01,5.145729201554522092e+01,4.916617945876677709e+01,4.698584251688068036e+01,4.492762557204979856e+01,4.299983235080090083e+01,4.120786796389488416e+01,3.955443892029779107e+01,3.803979894556313468e+01,3.666202817293051197e+01,3.541733353633581061e+01,3.430035890668700205e+01,3.330449459061728135e+01,3.242217716128281779e+01,3.164517211880436065e+01,3.096483349254420148e+01,3.037233611558424329e+01,2.985887785201953193e+01,2.941585048217666554e+01,2.903497920653766329e+01,2.870843178775075799e+01,2.842889919740222027e+01,2.818965026848563582e+01,2.798456328455418074e+01,2.780813767947730142e+01,2.765548910058576837e+01,2.752233102948272858e+01,2.740494598721990016e+01,2.730014910199411560e+01,2.720524651449333930e+01,2.711799076230899175e+01,2.703653494084074183e+01,2.695938710050324261e+01,2.688536602162121625e+01,2.681355921830871836e+01,2.674328376665991058e+01,2.667405033361663769e+01,2.660553060141026549e+01,2.653752813712313241e+01,2.646995264494077915e+01,2.640279745644253495e+01,2.633612005768896935e+01,2.627002541664086976e+01,2.620465185641965888e+01,2.614015921522144481e+01,2.607671903886756226e+01,2.601450656404068340e+01,2.595369426675033608e+01,2.589444676952321700e+01,2.583691692071110069e+01,2.578124287904724099e+01,2.572754605540512785e+01,2.567592978114884517e+01,2.562647858826464287e+01,2.557925800054889010e+01,2.553431474753908859e+01,2.549167732372980666e+01,2.545135682507910602e+01,2.541334800306670516e+01,2.537763048379752817e+01,2.534417010602727771e+01,2.531292033767312688e+01,2.528382373549287720e+01,2.525681341727440099e+01,2.523181452015486315e+01,2.520874562264500085e+01,2.518752011160785287e+01,2.516804747885899829e+01,2.515023453523007646e+01,2.513398653287400464e+01,2.511920818928900800e+01,2.510580460899558730e+01,2.509368210101279928e+01,2.508274889224370341e+01,2.507291573859415479e+01,2.506409643711539914e+01,2.505620824368398303e+01,2.504917220172015391e+01
7.873369534990024476e+01,8.005722868791130509e+01,8.111682443743092108e+01,8.189654228212454257e+01,8.238470104833920971e+01,8.257418484826114025e+01,8.246263071538743361e+01,8.205249077572250371e+01,8.135096661596006129e+01,8.036981823970990035e+01,7.912505462006754442e+01,7.763651714350756095e+01,7.592737099725505345e+01,7.402352261133211186e+01,7.195298349828723872e+01,6.974520215518629129e+01,6.743038607041748378e+01,6.503883532885880925e+01,6.260030789682158314e+01,6.014343449842673550e+01,5.769519820692286061e+01,5.528049063133248353e+01,5.292175305769936955e+01,5.063870728495075468e+01,4.844817735039218576e+01,4.636400002503116013e+01,4.439701900627253650e+01,4.255515524772152958e+01,4.084354391309610577e+01,3.926472706041550254e+01,3.781889035831500934e+01,3.650413188391357266e+01,3.531675130171184662e+01,3.425154840672465184e+01,3.330212105025788816e+01,3.246115376390039131e+01,3.172068986532118373e+01,3.107238138081352830e+01,3.050771267448749313e+01,3.001819516387976705e+01,2.959553187095856686e+01,2.923175176466340019e+01,2.891931486907934001e+01,2.865118992640827855e+01,2.842090701438750244e+01,2.822258793216692396e+01,2.805095740329236875e+01,2.790133822146235687e+01,2.776963340975803618e+01,2.765229830424922852e+01,2.754630523523123031e+01,2.744910318926603665e+01,2.735857451552828934e+01,2.727299041027756488e+01,2.719096658957862900e+01,2.711142025497304431e+01,2.703352917844285841e+01,2.695669348725771641e+01,2.688050051893181092e+01,2.680469294201125052e+01,2.672914019844725075e+01,2.665381321526948355e+01,2.657876225368528367e+01,2.650409770865771009e+01,2.642997363737573124e+01,2.635657377684206892e+01,2.628409980536848067e+01,2.621276160678513278e+01,2.614276930680427213e+01,2.607432686587955217e+01,2.600762703019621469e+01,2.594284746067934933e+01,2.588014787807157902e+01,2.581966807949423881e+01,2.576152669802430140e+01,2.570582059146243026e+01,2.565262475956457067e+01,2.560199270060087429e+01,2.555395712830561905e+01,2.550853097924465729e+01,2.546570864852504457e+01,2.542546739877561990e+01,2.538776889359600020e+01,2.535256081234276593e+01,2.531977850831000154e+01,2.528934667715667217e+01,2.526118100690236901e+01,2.523518978500107934e+01,2.521127544193824122e+01,2.518933601449350590e+01,2.516926651527377601e+01,2.515096019834517804e+01,2.513430971377075096e+01,2.511920814658385837e+01,2.510554993818688274e+01,2.509323169035369361e+01,2.508215285392915916e+01,2.507221630595915585e+01,2.506332882035436427e+01,2.505540143829820110e+01
7.650170136657186504e+01,7.777387202767151564e+01,7.879365875898048444e+01,7.954581024949493440e+01,8.001915245770402407e+01,8.020688150956570439e+01,8.010674310141440913e+01,7.972109174956162292e+01,7.905682765105891008e+01,7.812521344995990091e+01,7.694157762543963486e+01,7.552491532351839965e+01,7.389740105236410272e+01,7.208383059071201160e+01,7.011101159620460521e+01,6.800712366591602631e+01,6.580106896303405506e+01,6.352183399754161286e+01,6.119788179591353128e+01,5.885659161635965120e+01,5.652376069535668535e+01,5.422317940460327179e+01,5.197628782463020514e+01,4.980191827432103935e+01,4.771612493969115576e+01,4.573209856975492471e+01,4.386016137860885067e+01,4.210783490932715978e+01,4.047997174418291877e+01,3.897894062236281343e+01,3.760485375518396012e+01,3.635582488629040654e+01,3.522824688309795960e+01,3.421707830000440964e+01,3.331612934488913425e+01,3.251833892246877156e+01,3.181603583392944046e+01,3.120117869810030342e+01,3.066557064892477769e+01,3.020104629132721286e+01,2.979962970954279911e+01,2.945366347892805337e+01,2.915590960817588950e+01,2.889962412058655872e+01,2.867860756896309837e+01,2.848723417686943904e+01,2.832046252509119455e+01,2.817383077731350483e+01,2.804343938779192058e+01,2.792592408211796240e+01,2.781842167587732817e+01,2.771853101938157238e+01,2.762427105157117069e+01,2.753403763137693971e+01,2.744656050557621541e+01,2.736086148026038956e+01,2.727621459683372862e+01,2.719210887830861623e+01,2.710821401020423949e+01,2.702434915305257235e+01,2.694045494911553362e+01,2.685656868192633340e+01,2.677280247037904815e+01,2.668932432555262935e+01,2.660634186438048943e+01,2.652408845587550346e+01,2.644281156937356414e+01,2.636276309703170995e+01,2.628419143191759488e+01,2.620733509622922952e+01,2.613241772971415244e+01,2.605964426486053753e+01,2.598919813192578943e+01,2.592123935268161361e+01,2.585590339647587754e+01,2.579330068562870437e+01,2.573351664923089999e+01,2.567661223513795932e+01,2.562262479946195981e+01,2.557156930130131656e+01,2.552343973797431431e+01,2.547821076279272745e+01,2.543583943356928856e+01,2.539626704571869809e+01,2.535942100908469143e+01,2.532521673257907224e+01,2.529355948540404242e+01,2.526434620807778941e+01,2.523746725071051600e+01,2.521280801998556953e+01,2.519025052008149146e+01,2.516967477631296646e+01,2.515096013355595161e+01,2.513398642453962140e+01,2.511863500582062514e+01,2.510478966169291937e+01,2.509233737842248857e+01,2.508116899302856240e+01,2.507117972236449432e+01,2.506226957949038336e+01
7.421188868019780216e+01,7.543156523106645750e+01,7.641074331313048162e+01,7.713487994945495529e+01,7.759332257504465247e+01,7.777958831741224799e+01,7.769153492950390216e+01,7.733141702334171441e+01,7.670582547506677429e+01,7.582551219663611164e+01,7.470510669098177914e+01,7.336273472666496787e+01,7.181955290305840833e+01,7.009921567369391937e+01,6.822729343557450932e+01,6.623066150008600061e+01,6.413688010613250867e+01,6.197358513345806585e+01,5.976790788217098793e+01,5.754594029970624547e+01,5.533225948614889234e+01,5.314952234239415674e+01,5.101813800486532102e+01,4.895602239987434245e+01,4.697843600785382989e+01,4.509790289516917738e+01,4.332420636975360395e+01,4.166445434030667627e+01,4.012320567150729289e+01,3.870264756333454415e+01,3.740281324543215646e+01,3.622182904503763723e+01,3.515618011418853683e+01,3.420098472586595051e+01,3.335026799433131828e+01,3.259722706034325057e+01,3.193448112395125804e+01,3.135430112614603004e+01,3.084881530292471652e+01,3.041018819848978438e+01,3.003077197752877225e+01,2.970322998195446829e+01,2.942063341026217316e+01,2.917653274521732953e+01,2.896500611634051836e+01,2.878068716527218740e+01,2.861877519951177362e+01,2.847503049338246939e+01,2.834575754773939238e+01,2.822777897667925373e+01,2.811840247492591160e+01,2.801538305683914842e+01,2.791688246795220962e+01,2.782142737044973302e+01,2.772786760962667429e+01,2.763533559034142328e+01,2.754320753879418504e+01,2.745106720069741257e+01,2.735867233459331871e+01,2.726592419915768772e+01,2.717284010462429578e+01,2.707952899860480045e+01,2.698616998242598086e+01,2.689299360210166157e+01,2.680026572451262012e+01,2.670827379069410057e+01,2.661731523099467012e+01,2.652768782830763783e+01,2.643968182304420012e+01,2.635357356491746827e+01,2.626962053026938193e+01,2.618805753832780070e+01,2.610909401450910750e+01,2.603291216305990829e+01,2.595966592457975608e+01,2.588948060609229529e+01,2.582245308228139180e+01,2.575865247632450661e+01,2.569812123754087096e+01,2.564087654096259072e+01,2.558691194107855083e+01,2.553619921853476527e+01,2.548869036462611604e+01,2.544431965408787022e+01,2.540300576207111050e+01,2.536465388632151985e+01,2.532915784051044028e+01,2.529640208940711332e+01,2.526626370113223530e+01,2.523861419608450518e+01,2.521332127626581610e+01,2.519025042262385838e+01,2.516926635165957649e+01,2.515023432588816377e+01,2.513302131577637155e+01,2.511749701349063812e+01,2.510353470117019015e+01,2.509101197848284670e+01,2.507981135593102451e+01,2.506982072175913601e+01
7.188178253092954151e+01,7.304827553751920277e+01,7.398640294201581469e+01,7.468234430816242764e+01,7.512597914467815485e+01,7.531115229453027382e+01,7.523583622040439423e+01,7.490218414733405439e+01,7.431647204164977438e+01,7.348893152084217206e+01,7.243347980627301297e+01,7.116735656024169998e+01,6.971068071763141916e+01,6.808594308350254209e+01,6.631745240923839901e+01,6.443075380896104321e+01,6.245203870587529593e+01,6.040756501942665579e+01,5.832310507420142187e+01,5.622343682214727778e+01,5.413189154207546494e+01,5.206996835670048540e+01,5.005702284167217186e+01,4.811003384963734675e+01,4.624344958537139405e+01,4.446911108112482935e+01,4.279624864941851570e+01,4.123154472299480489e+01,3.977925478964518646e+01,3.844137692531043626e+01,3.721785972627689887e+01,3.610683821913269753e+01,3.510488754247874965e+01,3.420728478743388479e+01,3.340827028328084225e+01,3.270130074234270978e+01,3.207928795514536091e+01,3.153481807698979367e+01,3.106034790088474296e+01,3.064837580959806473e+01,3.029158629301511496e+01,2.998296796999684943e+01,2.971590594283320286e+01,2.948425002520649230e+01,2.928236091977745659e+01,2.910513678634260515e+01,2.894802285016027454e+01,2.880700677163715540e+01,2.867860245530071239e+01,2.855982484138274913e+01,2.844815802077689071e+01,2.834151876563222316e+01,2.823821729319412555e+01,2.813691679667224577e+01,2.803659299775091540e+01,2.793649471151927344e+01,2.783610617369030038e+01,2.773511166682077089e+01,2.763336279925063010e+01,2.753084863807888638e+01,2.742766877456734775e+01,2.732400930467980515e+01,2.722012163605619861e+01,2.711630398222812133e+01,2.701288537182179539e+01,2.691021198148082050e+01,2.680863559313343814e+01,2.670850397623719985e+01,2.661015300137036732e+01,2.651390030103475226e+01,2.642004030523006364e+01,2.632884049207013533e+01,2.624053870658383403e+01,2.615534141330437734e+01,2.607342275995279834e+01,2.599492434029249210e+01,2.591995555402744245e+01,2.584859447048200565e+01,2.578088911083170487e+01,2.571685907097830892e+01,2.565649741391055727e+01,2.559977276668826462e+01,2.554663156314099481e+01,2.549700037906795558e+01,2.545078831222618021e+01,2.540788936473718707e+01,2.536818479074661425e+01,2.533154537723568467e+01,2.529783363079384628e+01,2.526690584789383465e+01,2.523861405073308717e+01,2.521280777498532188e+01,2.518933569980996268e+01,2.516804711416448725e+01,2.514879321682958491e+01,2.513142825056972285e+01,2.511581047349855567e+01,2.510180297299425334e+01,2.508927432941495894e+01,2.507809913840720384e+01
6.952850447247107013e+01,7.064155662099666699e+01,7.153854103670192899e+01,7.220636902872149676e+01,7.263545911766017582e+01,7.281998835570902884e+01,7.275804584571365297e+01,7.245168273657056091e+01,7.190685678412378934e+01,7.113327347069119355e+01,7.014412948718492657e+01,6.895576791958660579e+01,6.758725758209870094e+01,6.605991146344840104e+01,6.439676109401236204e+01,6.262200473114238264e+01,6.076044757075641201e+01,5.883695173861080718e+01,5.687591264737781671e+01,5.490077651275551318e+01,5.293361151826289301e+01,5.099474243895703296e+01,4.910245562515349604e+01,4.727277825675872691e+01,4.551933284937668844e+01,4.385326525364674666e+01,4.228324194830364036e+01,4.081551037005031901e+01,3.945401440754135791e+01,3.820055604308959829e+01,3.705499345804629741e+01,3.601546570595730401e+01,3.507863426088635350e+01,3.423993231004726567e+01,3.349381351235784621e+01,3.283399301391461478e+01,3.225367472257451595e+01,3.174576012462183883e+01,3.130303521112579190e+01,3.091833331335249824e+01,3.058467277960401987e+01,3.029536942590667437e+01,3.004412453758121515e+01,2.982508987650219012e+01,2.963291165830131035e+01,2.946275581173600955e+01,2.931031703233363928e+01,2.917181421233766869e+01,2.904397478993286796e+01,2.892401043498254154e+01,2.880958629820084127e+01,2.869878581665603789e+01,2.859007280949230534e+01,2.848225232983284982e+01,2.837443147509576136e+01,2.826598110850734713e+01,2.815649921663609945e+01,2.804577642585972796e+01,2.793376402710815043e+01,2.782054471340897450e+01,2.770630611765486861e+01,2.759131714651223888e+01,2.747590703770972453e+01,2.736044701892128117e+01,2.724533441382159538e+01,2.713097902146136065e+01,2.701779158594285946e+01,2.690617417186060223e+01,2.679651226487662896e+01,2.668916842429160141e+01,2.658447732410202136e+01,2.648274202970566193e+01,2.638423136834686389e+01,2.628917826205741548e+01,2.619777890193477887e+01,2.611019265195588446e+01,2.602654257911836311e+01,2.594691651457693737e+01,2.587136855769338339e+01,2.579992094165838878e+01,2.573256618569046950e+01,2.566926946487869188e+01,2.560997113460097907e+01,2.555458935218560512e+01,2.550302274413149206e+01,2.545515307278364858e+01,2.541084786187142086e+01,2.536996294574223398e+01,2.533234491243097963e+01,2.529783341585593348e+01,2.526626333738234464e+01,2.523746678169910851e+01,2.521127489636936758e+01,2.518751950850348109e+01,2.516603457573002700e+01,2.514665745198237801e+01,2.512922997155807892e+01,2.511359935743748650e+01,2.509961896196714193e+01,2.508714884972997794e+01
6.716857855871569427e+01,6.822834989306763021e+01,6.908443689075457428e+01,6.972448698603426465e+01,7.013946112015678125e+01,7.032387090709559629e+01,7.027592332371260397e+01,6.999756751984969583e+01,6.949444194836218003e+01,6.877572370669585666e+01,6.785388558506267032e+01,6.674436966146501504e+01,6.546518921550492109e+01,6.403647311948402887e+01,6.247996860600577662e+01,6.081851934133172932e+01,5.907553602706956042e+01,5.727447632233016606e+01,5.543834977408258879e+01,5.358926174738063253e+01,5.174800816806961734e+01,4.993373035603212884e+01,4.816363647512048374e+01,4.645279329702687221e+01,4.481398920504332750e+01,4.325766677170604169e+01,4.179192093477882963e+01,4.042255684914854896e+01,3.915319996289544946e+01,3.798544978293918462e+01,3.691906816298477167e+01,3.595219274493670980e+01,3.508156637608440320e+01,3.430277385463988793e+01,3.361047816160633062e+01,3.299864934771570546e+01,3.246078038929302778e+01,3.199008553813374789e+01,3.157967790563694876e+01,3.122272418690478446e+01,3.091257550290362133e+01,3.064287428572237459e+01,3.040763793217527677e+01,3.020132059367328736e+01,3.001885495397970871e+01,2.985567617760302994e+01,2.970773040278899657e+01,2.957147022142331849e+01,2.944383955346001969e+01,2.932225020675627292e+01,2.920455223529727817e+01,2.908899998940458786e+01,2.897421550831236914e+01,2.885915065362367216e+01,2.874304913399063111e+01,2.862540933641780683e+01,2.850594866466108712e+01,2.838456989459558599e+01,2.826132989232117865e+01,2.813641090356104257e+01,2.801009451161435848e+01,2.788273827378309022e+01,2.775475498019374498e+01,2.762659443132070791e+01,2.749872759822955715e+01,2.737163300962770052e+01,2.724578519949086797e+01,2.712164504589743075e+01,2.699965183367679700e+01,2.688021687886712030e+01,2.676371856044485753e+01,2.665049861333098846e+01,2.654085954558087224e+01,2.643506305145595547e+01,2.633332930047784615e+01,2.623583699045063611e+01,2.614272405978162439e+01,2.605408896128162866e+01,2.596999240607043902e+01,2.589045949235411825e+01,2.581548213978189565e+01,2.574502175592077791e+01,2.567901206717603557e+01,2.561736205228095642e+01,2.555995892230195921e+01,2.550667109695405799e+01,2.545735113287618390e+01,2.541183856533953289e+01,2.536996263060694901e+01,2.533154484177206456e+01,2.529640139632569884e+01,2.526434539886585995e+01,2.523518888723300790e+01,2.520874465486627614e+01,2.518482786629917669e+01,2.516325746641476258e+01,2.514385738733911424e+01,2.512645755965836969e+01,2.511089473699650654e+01,2.509701314489750601e+01
6.481775612693908784e+01,6.582480483461290532e+01,6.664056241897259270e+01,6.725341222203218194e+01,6.765485765191755263e+01,6.783974519723939522e+01,6.780640027962276406e+01,6.755667085769240998e+01,6.709587709353638729e+01,6.643266887236680418e+01,6.557879636263314183e+01,6.454880195686803290e+01,6.335964469672268251e+01,6.203027053493342891e+01,6.058114342738480929e+01,5.903375321891644489e+01,5.741011656250287132e+01,5.573228670510836480e+01,5.402188693182773704e+01,5.229968086043374598e+01,5.058519072358090796e+01,4.889637238583559764e+01,4.724935324763150390e+01,4.565823652048429437e+01,4.413497274422604733e+01,4.268929697239190091e+01,4.132872787340011200e+01,4.005862315846836452e+01,3.888228430410082126e+01,3.780110251471880645e+01,3.681473727315957234e+01,3.592131863540345194e+01,3.511766460483458729e+01,3.439950542016089940e+01,3.376170734950708407e+01,3.319848953543464631e+01,3.270362851483180577e+01,3.227064617944739666e+01,3.189297808870993833e+01,3.156412014584317660e+01,3.127775266024962519e+01,3.102784171316146811e+01,3.080871849956566422e+01,3.061513792717501303e+01,3.044231821132897764e+01,3.028596351918043084e+01,3.014227189920537953e+01,3.000793079899365523e+01,2.988010244405932880e+01,2.975640124279534859e+01,2.963486521730829892e+01,2.951392325519753612e+01,2.939235975000039502e+01,2.926927796225785272e+01,2.914406320058770561e+01,2.901634670173338293e+01,2.888597088667228618e+01,2.875295649057543201e+01,2.861747190974895005e+01,2.847980497904500652e+01,2.834033728770099714e+01,2.819952105832499356e+01,2.805785855035880871e+01,2.791588390306599621e+01,2.777414730106648477e+01,2.763320132491471171e+01,2.749358933765110535e+01,2.735583575340022122e+01,2.722043803403391138e+01,2.708786026310659878e+01,2.695852815148199255e+01,2.683282533539450654e+01,2.671109083448212829e+01,2.659361754417195911e+01,2.648065164345430134e+01,2.637239280544010356e+01,2.626899510414797945e+01,2.617056851675911844e+01,2.607718092619381522e+01,2.598886053439302302e+01,2.590559860222071364e+01,2.582735243750881438e+01,2.575404855849587449e+01,2.568558596578804298e+01,2.562183946199641227e+01,2.556266296435605767e+01,2.550789276186752375e+01,2.545735067476464408e+01,2.541084708033765693e+01,2.536818377525461798e+01,2.532915665045486264e+01,2.529355816036389371e+01,2.526117957353491406e+01,2.523181299680060619e+01,2.520525316957253636e+01,2.518129902901799966e+01,2.515975505045088312e+01,2.514043237038021772e+01,2.512314970226612942e+01,2.510773405714541084e+01
6.249086144662591380e+01,6.344612068125643844e+01,6.422242061121487211e+01,6.480887594427727549e+01,6.519752943860559924e+01,6.538356085181155208e+01,6.536541399769271266e+01,6.514483713954055588e+01,6.472683514158538287e+01,6.411953506972638195e+01,6.333397012404438442e+01,6.238378974805027610e+01,6.128490635568989120e+01,6.005509123025735363e+01,5.871353369033036529e+01,5.728037852923765882e+01,5.577625699331822773e+01,5.422182618178752023e+01,5.263733077147458062e+01,5.104219946592241541e+01,4.945468663656286878e+01,4.789156737680281850e+01,4.636789175023774590e+01,4.489680150615613741e+01,4.348941007823953697e+01,4.215474438374654653e+01,4.089974489183324380e+01,3.972931870212944716e+01,3.864643901696529582e+01,3.765228342837945519e+01,3.674640287763666890e+01,3.592691296364286302e+01,3.519069944342815148e+01,3.453363023543288790e+01,3.395076694805924689e+01,3.343656985012907512e+01,3.298509121369053076e+01,3.259015303263677765e+01,3.224550619778825222e+01,3.194496924296471008e+01,3.168254572868319840e+01,3.145252017176560955e+01,3.124953314141714245e+01,3.106863671560292062e+01,3.090533192442897814e+01,3.075559010532334980e+01,3.061586026918484649e+01,3.048306464232309665e+01,3.035458452338437851e+01,3.022823849603320667e+01,3.010225488531439098e+01,2.997524015567227806e+01,2.984614473710995952e+01,2.971422754627439033e+01,2.957902025223770437e+01,2.944029213079277696e+01,2.929801616217411109e+01,2.915233685905535310e+01,2.900354016638148380e+01,2.885202565243698913e+01,2.869828111070392040e+01,2.854285961283202866e+01,2.838635899217671010e+01,2.822940369231052671e+01,2.807262888305188397e+01,2.791666672533625970e+01,2.776213465333868058e+01,2.760962553557912003e+01,2.745969957455922028e+01,2.731287780537132193e+01,2.716963705658576700e+01,2.703040624074246523e+01,2.689556384637820585e+01,2.676543650834779697e+01,2.664029853804214198e+01,2.652037229988697220e+01,2.640582932522180926e+01,2.629679205936142594e+01,2.619333614240672858e+01,2.609549312928027476e+01,2.600325355958443652e+01,2.591657029327034323e+01,2.583536203379160057e+01,2.575951696640057165e+01,2.568889644550444018e+01,2.562333867148776889e+01,2.556266230406480133e+01,2.550666996597091085e+01,2.545515159755243317e+01,2.540788762947771673e+01,2.536465194728020478e+01,2.532521462767135034e+01,2.528934443244999741e+01,2.525681105131749860e+01,2.522738708992941525e+01,2.520084980403142438e+01,2.517698258451093807e+01,2.515557620162956454e+01,2.513642981958272316e+01,2.511935179486900793e+01
6.020165993029942086e+01,6.110641120142850014e+01,6.184440749456556574e+01,6.240548632680681607e+01,6.278222375341569972e+01,6.297012941469527192e+01,6.296776488571271813e+01,6.277678086941373437e+01,6.240187176418585580e+01,6.185064919937916983e+01,6.113343912135954383e+01,6.026300978724630397e+01,5.925424045480018265e+01,5.812374253581440087e+01,5.688944642324700851e+01,5.557016805545243443e+01,5.418516952259869868e+01,5.275372766141299508e+01,5.129472366606368894e+01,4.982626533352249965e+01,4.836535175125193575e+01,4.692758812929973544e+01,4.552695619242781788e+01,4.417564319721598309e+01,4.288393033583027147e+01,4.166013913337150143e+01,4.051063252499598377e+01,3.943986567897913176e+01,3.845048035823398180e+01,3.754343570957543363e+01,3.671816784047452842e+01,3.597277037149651591e+01,3.530418830732587310e+01,3.470841800596572568e+01,3.418070669137355821e+01,3.371574579170190589e+01,3.330785333464007891e+01,3.295114163654784534e+01,3.263966753158653944e+01,3.236756335641410232e+01,3.212914779919638875e+01,3.191901651179270516e+01,3.173211305325985876e+01,3.156378127220654761e+01,3.140980064368283564e+01,3.126640635838524318e+01,3.113029612830437998e+01,3.099862573751911299e+01,3.086899534590542160e+01,3.073942846432546716e+01,3.060834537953878609e+01,3.047453263178667271e+01,3.033710995226054052e+01,3.019549586392088969e+01,3.004937294754161314e+01,2.989865358323330469e+01,2.974344680163290988e+01,2.958402672198599959e+01,2.942080291829030259e+01,2.925429293987300028e+01,2.908509711848457613e+01,2.891387571865172745e+01,2.874132842957031997e+01,2.856817615289074297e+01,2.839514500894060944e+01,2.822295246190972762e+01,2.805229545015154713e+01,2.788384039915503720e+01,2.771821499033030989e+01,2.755600155725251454e+01,2.739773198143675970e+01,2.724388396134834167e+01,2.709487853069371610e+01,2.695107870477746204e+01,2.681278913668633379e+01,2.668025666821330688e+01,2.655367166377552834e+01,2.643317001916323861e+01,2.631883574085240340e+01,2.621070399589142141e+01,2.610876453708709732e+01,2.601296541339973700e+01,2.592321688111845646e+01,2.583939543750456380e+01,2.576134790511702732e+01,2.568889550190012727e+01,2.562183783923352820e+01,2.555995679741929294e+01,2.550302023540249152e+01,2.545078549878286012e+01,2.540300269726800408e+01,2.535941772954328499e+01,2.531977503999971901e+01,2.528382009779002360e+01,2.525130159421027543e+01,2.522197335938108864e+01,2.519559600359334439e+01,2.517193829247068493e+01,2.515077826827944207e+01,2.513190413229479248e+01
5.796275002000693632e+01,5.881859370958562749e+01,5.951969876999930875e+01,6.005661329746281041e+01,6.042243790451551178e+01,6.061300709834696221e+01,6.062699905524657851e+01,6.046596963778225131e+01,6.013430929367783762e+01,5.963912433475645258e+01,5.899004688507829286e+01,5.819898037778978050e+01,5.727978974998657691e+01,5.624794733216140230e+01,5.512014677551695740e+01,5.391389815638621030e+01,5.264711762200577994e+01,5.133772460593640830e+01,5.000325878305444860e+01,4.866052761695830498e+01,4.732529366097118384e+01,4.601200880640433155e+01,4.473360053536635661e+01,4.350131303888188938e+01,4.232460390871158040e+01,4.121109509738966636e+01,4.016657504555153935e+01,3.919504736088004648e+01,3.829882024163191545e+01,3.747862999224875580e+01,3.673379148208854872e+01,3.606236823625634003e+01,3.546135499029712435e+01,3.492686594684897727e+01,3.445432259282522125e+01,3.403863571642024510e+01,3.367437714934152382e+01,3.335593769838511946e+01,3.307766867367921293e+01,3.283400532709949005e+01,3.261957134986530349e+01,3.242926431801404163e+01,3.225832260171949173e+01,3.210237476074724583e+01,3.195747283241416881e+01,3.182011118501303315e+01,3.168723276832431424e+01,3.155622465654320052e+01,3.142490476279968448e+01,3.129150152446967681e+01,3.115462823059553443e+01,3.101325350197323161e+01,3.086666925430700203e+01,3.071445728685091936e+01,3.055645545258511220e+01,3.039272418848067403e+01,3.022351402098115258e+01,3.004923451577458238e+01,2.987042501392848592e+01,2.968772738885638063e+01,2.950186096969659744e+01,2.931359970509080171e+01,2.912375158515678564e+01,2.893314029651758545e+01,2.874258905337478609e+01,2.855290652467937562e+01,2.836487476151894427e+01,2.817923901821333743e+01,2.799669935387297670e+01,2.781790389719040490e+01,2.764344365513801449e+01,2.747384874540667354e+01,2.730958593242129240e+01,2.715105734735665877e+01,2.699860027362485226e+01,2.685248788078142823e+01,2.671293079172503582e+01,2.658007937050144776e+01,2.645402662103223079e+01,2.633481159072869815e+01,2.622242317726124128e+01,2.611680424174584658e+01,2.601785593726695112e+01,2.592544216793386980e+01,2.583939410049575258e+01,2.575951465782299721e+01,2.568558293119109948e+01,2.561735845615281093e+01,2.555458530472809286e+01,2.549699595454923440e+01,2.544431490334613954e+01,2.539626200462732442e+01,2.535255550750190068e+01,2.531291479020590529e+01,2.527706278296957265e+01,2.524472808133393542e+01,2.521564675585574378e+01,2.518956386830780048e+01,2.516623470798071338e+01,2.514542576453095890e+01
5.578547928727290639e+01,5.659430286777465113e+01,5.726016168981509225e+01,5.777429888862042162e+01,5.813032847332608810e+01,5.832440333394318799e+01,5.835531661097517997e+01,5.822453257333604881e+01,5.793614574938735728e+01,5.749676971732775144e+01,5.691535955857140294e+01,5.620297438853954475e+01,5.537248849156206632e+01,5.443826130549642528e+01,5.341577775458205934e+01,5.232127116923773258e+01,5.117134124016830299e+01,4.998257914056528506e+01,4.877121115022115561e+01,4.755277088831780929e+01,4.634180868577429635e+01,4.515164479523917151e+01,4.399417114666319151e+01,4.287970431008362482e+01,4.181689032187601640e+01,4.081266015411623016e+01,3.987223293327761553e+01,3.899916260226329712e+01,3.819542260851294202e+01,3.746152241166006291e+01,3.679664913987690511e+01,3.619882757113037286e+01,3.566509174662858328e+01,3.519166190039825182e+01,3.477412096526501273e+01,3.440758564141546572e+01,3.408686783817077526e+01,3.380662317350688539e+01,3.356148409445077618e+01,3.334617602612266296e+01,3.315561573655280370e+01,3.298499179504928236e+01,3.282982758833701098e+01,3.268602783294040393e+01,3.254990988306091992e+01,3.241822138487047056e+01,3.228814597951119225e+01,3.215729882015325813e+01,3.202371365718310869e+01,3.188582317480425488e+01,3.174243414677757258e+01,3.159269883260545697e+01,3.143608387066140963e+01,3.127233775228796375e+01,3.110145778946674966e+01,3.092365732503007081e+01,3.073933378333972399e+01,3.054903802397008050e+01,3.035344534276235962e+01,3.015332836400094507e+01,2.994953198379060666e+01,2.974295045669826365e+01,2.953450666364612687e+01,2.932513355696563906e+01,2.911575774645251613e+01,2.890728516629382838e+01,2.870058874512773528e+01,2.849649798873777939e+01,2.829579037571942379e+01,2.809918445989456259e+01,2.790733456853954664e+01,2.772082698210384066e+01,2.754017747868534016e+01,2.736583012489808908e+01,2.719815719383304042e+01,2.703746009056550648e+01,2.688397116614102345e+01,2.673785630223463272e+01,2.659921815078595841e+01,2.646809991591008782e+01,2.634448956929319863e+01,2.622832439509429037e+01,2.611949576605030998e+01,2.601785405895149239e+01,2.592321362481939673e+01,2.583535773686224957e+01,2.575404344746407048e+01,2.567900629393904666e+01,2.560996480139842646e+01,2.554662473968405223e+01,2.548868309977589419e+01,2.543583176324753836e+01,2.538776084610417172e+01,2.534416170558991510e+01,2.530472960521167991e+01,2.526916603923086768e+01,2.523718072317753425e+01,2.520849326151891034e+01,2.518283450745749619e+01,2.515994763295310577e+01
5.367988473103552849e+01,5.444382926248619015e+01,5.507629216574893150e+01,5.556919314474951932e+01,5.591664630118172852e+01,5.611511512355545506e+01,5.616350565669938533e+01,5.606319428811019634e+01,5.581798899932371683e+01,5.543402539986740862e+01,5.491960127120212576e+01,5.428495558462653037e+01,5.354199991659481839e+01,5.270401177927740122e+01,5.178530054609183964e+01,5.080085733798787118e+01,4.976600042902730081e+01,4.869602743786201415e+01,4.760588482834210566e+01,4.650986410266699522e+01,4.542133260684821749e+01,4.435250516603232285e+01,4.331426091881473184e+01,4.231600781896560193e+01,4.136559541007053298e+01,4.046927473498339367e+01,3.963170268679535724e+01,3.885598679509515563e+01,3.814376540759410261e+01,3.749531749229070954e+01,3.690969585204178571e+01,3.638487739923803588e+01,3.591792425785358489e+01,3.550514980792468833e+01,3.514228432096209787e+01,3.482463550749171333e+01,3.454724006254619439e+01,3.430500310598517899e+01,3.409282323048556407e+01,3.390570165506646561e+01,3.373883470701370868e+01,3.358768949827969408e+01,3.344806320943410327e+01,3.331612683756141280e+01,3.318845460287891314e+01,3.306204044625523863e+01,3.293430319432422237e+01,3.280308203155060198e+01,3.266662391227142592e+01,3.252356448407820011e+01,3.237290399050916534e+01,3.221397948869870476e+01,3.204643456788969758e+01,3.187018759742269935e+01,3.168539937602028900e+01,3.149244090408764052e+01,3.129186186178046825e+01,3.108436025058034602e+01,3.087075354651522474e+01,3.065195161929795020e+01,3.042893159298624539e+01,3.020271475914101345e+01,2.997434560133019232e+01,2.974487294845098262e+01,2.951533324194264907e+01,2.928673587683223545e+01,2.906005055715546348e+01,2.883619659129655233e+01,2.861603404110208260e+01,2.840035662939079941e+01,2.818988630307292453e+01,2.798526934307565028e+01,2.778707390737686467e+01,2.759578888953817000e+01,2.741182397215635547e+01,2.723551075263770116e+01,2.706710481769357202e+01,2.690678864302142514e+01,2.675467519582671372e+01,2.661081212019206177e+01,2.647518638881457420e+01,2.634772930928030377e+01,2.622832177876359339e+01,2.611679968773114524e+01,2.601295938077272041e+01,2.591656309092475396e+01,2.582734427263705967e+01,2.574501276768315705e+01,2.566925974765567275e+01,2.559976238604693677e+01,2.553618822212667894e+01,2.547819918774243320e+01,2.542545527664885086e+01,2.537761784390450259e+01,2.533435253016438793e+01,2.529533181227132843e+01,2.526023718735901369e+01,2.522876100269512634e+01,2.520060794770554935e+01,2.517549622803962706e+01
5.165465674135740670e+01,5.237608221494777183e+01,5.297717655945503168e+01,5.345051503540447868e+01,5.379069667336994343e+01,5.399448664734580206e+01,5.406090147860876982e+01,5.399123378778728011e+01,5.378901554381144479e+01,5.345992104247886090e+01,5.301161307620903784e+01,5.245353782497740980e+01,5.179667581041205437e+01,5.105325772921070637e+01,5.023645505606049255e+01,4.936005594001839825e+01,4.843813709566781256e+01,4.748474211926343003e+01,4.651357597125178245e+01,4.553772431085292283e+01,4.456940501296973167e+01,4.361975762138533241e+01,4.269867478046752041e+01,4.181467792727221422e+01,4.097483780036891687e+01,4.018473870632682576e+01,3.944848404354983984e+01,3.876873936589575464e+01,3.814680830950741353e+01,3.758273602369841626e+01,3.707543434322968068e+01,3.662282280344902574e+01,3.622197970813466128e+01,3.586929777970341604e+01,3.556063941343433754e+01,3.529148717863999707e+01,3.505708591659555395e+01,3.485257353544670167e+01,3.467309835788523742e+01,3.451392160494702921e+01,3.437050427193887714e+01,3.423857825007270606e+01,3.411420205648846604e+01,3.399380194900876972e+01,3.387419951894234771e+01,3.375262707912121840e+01,3.362673230249824030e+01,3.349457362914834135e+01,3.335460795820286961e+01,3.320567208863569419e+01,3.304695928138323779e+01,3.287799219677327045e+01,3.269859332621827264e+01,3.250885389465349817e+01,3.230910206765042858e+01,3.209987116020408138e+01,3.188186841694398055e+01,3.165594481855767128e+01,3.142306626788578328e+01,3.118428642176599652e+01,3.094072136080264102e+01,3.069352622779231510e+01,3.044387391517044961e+01,3.019293584101136929e+01,2.994186482023766160e+01,2.969178001127593447e+01,2.944375389708804036e+01,2.919880124216208728e+01,2.895786995273486752e+01,2.872183375552158680e+01,2.849148660003864819e+01,2.826753868088212585e+01,2.805061396887763436e+01,2.784124913376434662e+01,2.763989373601453892e+01,2.744691156156456202e+01,2.726258297070983616e+01,2.708710813126133843e+01,2.692061100632359327e+01,2.676314396875566715e+01,2.661469291750364263e+01,2.647518277549389154e+01,2.634448325456249052e+01,2.622241477984404057e+01,2.610875447400050220e+01,2.600324211046249090e+01,2.590558595428995758e+01,2.581546841913734269e+01,2.573255147892772143e+01,2.565648178300558513e+01,2.558689543356200247e+01,2.552342239383910893e+01,2.546569050487157782e+01,2.541332909718196120e+01,2.536597219180920959e+01,2.532326129223412536e+01,2.528484777511625126e+01,2.525039489324042918e+01,2.521957940867807579e+01,2.519209287790760143e+01
4.971712572851729561e+01,5.039857580390930991e+01,5.097047711943643833e+01,5.142603732865703137e+01,5.176032365265207602e+01,5.197039308127183688e+01,5.205536987105033120e+01,5.201646732847348176e+01,5.185695292459806183e+01,5.158205789311047340e+01,5.119883451891294612e+01,5.071596623124908376e+01,5.014353728571324353e+01,4.949277017819538571e+01,4.877573992341336151e+01,4.800507491420265893e+01,4.719365424025505007e+01,4.635431109383517878e+01,4.549955125349033125e+01,4.464129466176842698e+01,4.379064686137212448e+01,4.295770559869130523e+01,4.215140632304348856e+01,4.137940868431270758e+01,4.064802453786459324e+01,3.996218647321271078e+01,3.932545455092446929e+01,3.874005780671669896e+01,3.820696619424732887e+01,3.772598800559841692e+01,3.729588743340197965e+01,3.691451681052580369e+01,3.657895816071690831e+01,3.628566898645807015e+01,3.603062767238237996e+01,3.580947445445374910e+01,3.561764455651466932e+01,3.545049078799148390e+01,3.530339359416187506e+01,3.517185722286188820e+01,3.505159129400980333e+01,3.493857761221898528e+01,3.482912253566438210e+01,3.471989559975596507e+01,3.460795539082160133e+01,3.449076387611756189e+01,3.436619052876301339e+01,3.423250764883770358e+01,3.408837828564939798e+01,3.393283812251225129e+01,3.376527260566845001e+01,3.358539049396942744e+01,3.339319488525439539e+01,3.318895264728986660e+01,3.297316305240983780e+01,3.274652629081616340e+01,3.250991242158080752e+01,3.226433121512202717e+01,3.201090324754152761e+01,3.175083252602431827e+01,3.148538085511348328e+01,3.121584409518537484e+01,3.094353041565434737e+01,3.066974060497559407e+01,3.039575046601356689e+01,3.012279529750237472e+01,2.985205643899026384e+01,2.958464983686144478e+01,2.932161657199298332e+01,2.906391527475666692e+01,2.881241634002012830e+01,2.856789784329783899e+01,2.833104304913489813e+01,2.810243939415268954e+01,2.788257881998332266e+01,2.767185932564224515e+01,2.747058760481556305e+01,2.727898263114094135e+01,2.709718005388289086e+01,2.692523726745371349e+01,2.676313902097919595e+01,2.661080343847896401e+01,2.646808832611097628e+01,2.633479765016694429e+01,2.621068807791853317e+01,2.609547548279896034e+01,2.598884132554004722e+01,2.589043883354316478e+01,2.579989891171575067e+01,2.571683572903140913e+01,2.564085193596312706e+01,2.557154347850492115e+01,2.550850398456886126e+01,2.545132870797829483e+01,2.539961802395684032e+01,2.535298047784679909e+01,2.531103539571697780e+01,2.527341507150250877e+01,2.523976655034552152e+01,2.520975303188597039e+01
4.787327000711609060e+01,4.851743666046485259e+01,4.906243960156510298e+01,4.950209394785172634e+01,4.983191707935711179e+01,5.004924714528900864e+01,5.015331313643827116e+01,5.014525377194173927e+01,5.002808434028951723e+01,4.980661257046422463e+01,4.948730649794440950e+01,4.907811904286262461e+01,4.858827555252774033e+01,4.802803180883378786e+01,4.740841090994995000e+01,4.674092797112372466e+01,4.603731173770823659e+01,4.530923197135855673e+01,4.456804088374420303e+01,4.382453599416494683e+01,4.308875063500816793e+01,4.236977698885483790e+01,4.167562508563100465e+01,4.101311969114395595e+01,4.038783555030332195e+01,3.980407007329854707e+01,3.926485132527228927e+01,3.877197814196845371e+01,3.832608837460661988e+01,3.792675068240514946e+01,3.757257494316367996e+01,3.726133623160861674e+01,3.699010740214168891e+01,3.675539557960165382e+01,3.655327827551973741e+01,3.637953537191850728e+01,3.622977381305088329e+01,3.609954248202993199e+01,3.598443538158010568e+01,3.588018185805010773e+01,3.578272318252174955e+01,3.568827531516595286e+01,3.559337811747735714e+01,3.549493163561093212e+01,3.539022035551720080e+01,3.527692652976632814e+01,3.515313380290435674e+01,3.501732242523227967e+01,3.486835735380525847e+01,3.470547050460849903e+01,3.452823835162779176e+01,3.433655597665310921e+01,3.413060856689665457e+01,3.391084124338647854e+01,3.367792798773866991e+01,3.343274032303779819e+01,3.317631629954824035e+01,3.290983024001108248e+01,3.263456361349519597e+01,3.235187733146979383e+01,3.206318569462043655e+01,3.176993216316532909e+01,3.147356707599977099e+01,3.117552740373203335e+01,3.087721858639386241e+01,3.057999847721160336e+01,3.028516338834300825e+01,2.999393621212447414e+01,2.970745657151746499e+01,2.942677293565381191e+01,2.915283662037785817e+01,2.888649757932499540e+01,2.862850187832237836e+01,2.837949073478458573e+01,2.814000099438504421e+01,2.791046690971401034e+01,2.769122307998112120e+01,2.748250840715934018e+01,2.728447092233798443e+01,2.709717333645127724e+01,2.692059917192644747e+01,2.675465933605483926e+01,2.659919900288904060e+01,2.645400467803034061e+01,2.631881132958046621e+01,2.619330947855577563e+01,2.607715215294874511e+01,2.596996162111424056e+01,2.587133583199969067e+01,2.578085450168240556e+01,2.569808479749089258e+01,2.562258658245944076e+01,2.555391719380899929e+01,2.549163573940380800e+01,2.543530690557295060e+01,2.538450427820908928e+01,2.533881318659459225e+01,2.529783308591676061e+01,2.526117949990548084e+01,2.522848554946894595e+01
4.612774318024061415e+01,4.673743174187087135e+01,4.725792125152995027e+01,4.768360797141669138e+01,4.801044038960803562e+01,4.823602653612395841e+01,4.835969692667313780e+01,4.838252063071031017e+01,4.830727369394917048e+01,4.813836091966854269e+01,4.788169374392487043e+01,4.754452854547874807e+01,4.713527113731778684e+01,4.666325432991914113e+01,4.613849628842775275e+01,4.557144789557182207e+01,4.497273746680845363e+01,4.435292095002024837e+01,4.372224520289177718e+01,4.309043111632279022e+01,4.246648229398721242e+01,4.185852376762773019e+01,4.127367389122878194e+01,4.071795118232073207e+01,4.019621653010899109e+01,3.971214992657230880e+01,3.926825974793273133e+01,3.886592165886284533e+01,3.850544345726998330e+01,3.818615163783556454e+01,3.790649513001069693e+01,3.766416155226415441e+01,3.745620140113555863e+01,3.727915583586744219e+01,3.712918409680593612e+01,3.700218707528109974e+01,3.689392410053544324e+01,3.680012059291629356e+01,3.671656482224497609e+01,3.663919258027968340e+01,3.656415910554572690e+01,3.648789807174606636e+01,3.640716785692107038e+01,3.631908564386814930e+01,3.622115016182984704e+01,3.611125406759712320e+01,3.598768708636041680e+01,3.584913109637749073e+01,3.569464835562556004e+01,3.552366404245452713e+01,3.533594422521089484e+01,3.513157029667799947e+01,3.491091081589742373e+01,3.467459159929025958e+01,3.442346480051937618e+01,3.415857761849500207e+01,3.388114117838277650e+01,3.359250004340029960e+01,3.329410273663241782e+01,3.298747358235540617e+01,3.267418611517508964e+01,3.235583825199755381e+01,3.203402937557885366e+01,3.171033943815103839e+01,3.138631015840670457e+01,3.106342835403484770e+01,3.074311142425344912e+01,3.042669497175511850e+01,3.011542253070998854e+01,2.981043734665217926e+01,2.951277613504872122e+01,2.922336472806573937e+01,2.894301550354250097e+01,2.867242647655548637e+01,2.841218192232560469e+01,2.816275438972039424e+01,2.792450795734058389e+01,2.769770257923688916e+01,2.748249936471217580e+01,2.727896663641184105e+01,2.708708661292256892e+01,2.690676256626577256e+01,2.673782631081981620e+01,2.658004588812443103e+01,2.643313332146878381e+01,2.629675232487460335e+01,2.617052586277488402e+01,2.605404346906884783e+01,2.594686824701998162e+01,2.584854348438112481e+01,2.575859883092236302e+01,2.567655599796994181e+01,2.560193395143178563e+01,2.553425358091255859e+01,2.547304183776575570e+01,2.541783534418305024e+01,2.536818348360556641e+01,2.532365098981302154e+01,2.528382005798931687e+01,2.524829200588817102e+01
4.448391899414851025e+01,4.506201401038554621e+01,4.556043704167343122e+01,4.597413814614716898e+01,4.629947711204879113e+01,4.653432010722485757e+01,4.667809580330712294e+01,4.673180870713169099e+01,4.669800901600541465e+01,4.658071993440523073e+01,4.638532497078215755e+01,4.611841919974689574e+01,4.578762975895244836e+01,4.540141189373504460e+01,4.496882762179942006e+01,4.449931453646141222e+01,4.400245238868030384e+01,4.348773489090483935e+01,4.296435369136422366e+01,4.244100071186693413e+01,4.192569407300691608e+01,4.142563170382059923e+01,4.094707550899557447e+01,4.049526770736224535e+01,4.007437971980431257e+01,3.968749282654938781e+01,3.933660877859675509e+01,3.902268767141694639e+01,3.874570969559331957e+01,3.850475688198176982e+01,3.829811066047483337e+01,3.812336094381193163e+01,3.797752251483743891e+01,3.785715471425988454e+01,3.775848076876149406e+01,3.767750353610563963e+01,3.761011494391156162e+01,3.755219693233102873e+01,3.749971225082622794e+01,3.744878398209960579e+01,3.739576315279917651e+01,3.733728422646163381e+01,3.727030864953862022e+01,3.719215693104054310e+01,3.710052997909227201e+01,3.699352059567027595e+01,3.686961614877996851e+01,3.672769350604566085e+01,3.656700733302368178e+01,3.638717284194189006e+01,3.618814403041831440e+01,3.597018838294171417e+01,3.573385892762632920e+01,3.547996445307889246e+01,3.520953860011309899e+01,3.492380845434826142e+01,3.462416318118687286e+01,3.431212316606288226e+01,3.398931005114614123e+01,3.365741799517507360e+01,3.331818642557320942e+01,3.297337450094713773e+01,3.262473745673447212e+01,3.227400496635202387e+01,3.192286161388850729e+01,3.157292954146711139e+01,3.122575330427089213e+01,3.088278693842065792e+01,3.054538322111192628e+01,3.021478507848566863e+01,2.989211907457820416e+01,2.957839089441527847e+01,2.927448271599939034e+01,2.898115234974187615e+01,2.869903400997856835e+01,2.842864057173845183e+01,2.817036715703503802e+01,2.792449588870503163e+01,2.769120164625867631e+01,2.747055865730330737e+01,2.726254775976874711e+01,2.706706417425608180e+01,2.688392563215407094e+01,2.671288071348022441e+01,2.655361725843106058e+01,2.640577072806854986e+01,2.626893240211163771e+01,2.614265731512344360e+01,2.602647184617001130e+01,2.591988089097299053e+01,2.582237455940321880e+01,2.573343435460851225e+01,2.565253880291101396e+01,2.557916851565549266e+01,2.551281067528367075e+01,2.545296294793165615e+01,2.539913683371375441e+01,2.535086047351757799e+01,2.530768093757425063e+01,2.526916602629632891e+01
4.294395143146437732e+01,4.349338373600629382e+01,4.397222184390201960e+01,4.437594157108126325e+01,4.470129368877289266e+01,4.494639044364210179e+01,4.511075517984608041e+01,4.519533301900981570e+01,4.520246199730012648e+01,4.513580553532123929e+01,4.500024855652275591e+01,4.480176090527766775e+01,4.454723288475614140e+01,4.424428868461521347e+01,4.390108415906486528e+01,4.352609582110889619e+01,4.312790802819773006e+01,4.271500515323307923e+01,4.229557508260732845e+01,4.187732969252073190e+01,4.146734706951068006e+01,4.107193921185246666e+01,4.069654783044703095e+01,4.034566971716905925e+01,4.002281201935339539e+01,3.973047670005720278e+01,3.947017251649751302e+01,3.924245204614292959e+01,3.904697065381604659e+01,3.888256383598348975e+01,3.874733910232417600e+01,3.863877845273623279e+01,3.855384756549722880e+01,3.848910800858656955e+01,3.844082909623124067e+01,3.840509640919123768e+01,3.837791445220256037e+01,3.835530140836675628e+01,3.833337444342340206e+01,3.830842449135452199e+01,3.827697989916708821e+01,3.823585870976471313e+01,3.818220970862085295e+01,3.811354264763055255e+01,3.802774828680249186e+01,3.792310906316966168e+01,3.779830131066937327e+01,3.765239002072198105e+01,3.748481715785860047e+01,3.729538453552842014e+01,3.708423222165450994e+01,3.685181338867740664e+01,3.659886645508156278e+01,3.632638529018242934e+01,3.603558817570083761e+01,3.572788613978696048e+01,3.540485120413959663e+01,3.506818501429834356e+01,3.471968825794051128e+01,3.436123121638551936e+01,3.399472574036574457e+01,3.362209889203958824e+01,3.324526845061920710e+01,3.286612043821525475e+01,3.248648878494581282e+01,3.210813721747388172e+01,3.173274342250281777e+01,3.136188550607801062e+01,3.099703074065746478e+01,3.063952656478560499e+01,3.029059377489827298e+01,2.995132182544439203e+01,2.962266613232208456e+01,2.930544725580847043e+01,2.900035182292244684e+01,2.870793503568689431e+01,2.842862460119280499e+01,2.816272591180450036e+01,2.791042829930707825e+01,2.767181218524549990e+01,2.744685695103262191e+01,2.723544935544206780e+01,2.703739233362745864e+01,2.685241402055012472e+01,2.668017685234553937e+01,2.652028661137959631e+01,2.637230129419095093e+01,2.623573969583136645e+01,2.611008961895542058e+01,2.599481563104132320e+01,2.588936630803676309e+01,2.579318091723651918e+01,2.570569550606588649e+01,2.562634837645569519e+01,2.555458493648126961e+01,2.548986193176800796e+01,2.543165106874906911e+01,2.537944205014247601e+01,2.533274504997557131e+01,2.529109266113747978e+01
4.150884768021214200e+01,4.203256300830189929e+01,4.249430608433506507e+01,4.289005007144336190e+01,4.321691612763247292e+01,4.347325034095361218e+01,4.365866717159316579e+01,4.377405756769459799e+01,4.382156123270465997e+01,4.380450386303172650e+01,4.372730148231961778e+01,4.359533521101084830e+01,4.341480087081293959e+01,4.319253868545348496e+01,4.293584896513407045e+01,4.265230002880166893e+01,4.234953471619441245e+01,4.203508167516652350e+01,4.171617719698811300e+01,4.139960274288202413e+01,4.109154249832194949e+01,4.079746435377212777e+01,4.052202669172962146e+01,4.026901231114587887e+01,4.004128979057654192e+01,3.984080162519429535e+01,3.966857760789569909e+01,3.952477119075444278e+01,3.940871598053568903e+01,3.931899910203905080e+01,3.925354790776103187e+01,3.920972641559872329e+01,3.918443790486663403e+01,3.917423027606024277e+01,3.917540105900944525e+01,3.918409931258383949e+01,3.919642207163935410e+01,3.920850343899248003e+01,3.921659486948533413e+01,3.921713563022190385e+01,3.920681282991261440e+01,3.918261077890477395e+01,3.914184976170461283e+01,3.908221457108142260e+01,3.900177336592283694e+01,3.889898757538036023e+01,3.877271368317865097e+01,3.862219779349219095e+01,3.844706390973500731e+01,3.824729685661313283e+01,3.802322075050172856e+01,3.777547387989511662e+01,3.750498080196728523e+01,3.721292239799562651e+01,3.690070456346891348e+01,3.656992614115677043e+01,3.622234663944384181e+01,3.585985421525754901e+01,3.548443434173937305e+01,3.509813952572038431e+01,3.470306038899165912e+01,3.430129837999776754e+01,3.389494033848716725e+01,3.348603509434885694e+01,3.307657224290455389e+01,3.266846320194683528e+01,3.226352462056030390e+01,3.186346417610488757e+01,3.146986876366278096e+01,3.108419505184635057e+01,3.070776235031017265e+01,3.034174770784149544e+01,2.998718313578788042e+01,2.964495483009144650e+01,2.931580424659108175e+01,2.900033086874359967e+01,2.869899649466225000e+01,2.841213086147314826e+01,2.813993841946758323e+01,2.788250606632970729e+01,2.763981165271870566e+01,2.741173307448829988e+01,2.719805777358201837e+01,2.699849247884561976e+01,2.681267302930659113e+01,2.664017413551556146e+01,2.648051894894143032e+01,2.633318832477401727e+01,2.619762967943444210e+01,2.607326536026193864e+01,2.595950046089848229e+01,2.585573003152374127e+01,2.576134564803453486e+01,2.567574131828684969e+01,2.559831871644014001e+01,2.552849174812075006e+01,2.546569045945489762e+01,2.540936431195253675e+01,2.535898485273071756e+01,2.531404781566177320e+01
4.017855155465378658e+01,4.067948097975694566e+01,4.112660236146817994e+01,4.151635771746548187e+01,4.184621792801372209e+01,4.211475063218704662e+01,4.232165781356624734e+01,4.246778144037729419e+01,4.255507671250105517e+01,4.258655368212177450e+01,4.256618919851956662e+01,4.249881222483544718e+01,4.238996653459818020e+01,4.224575557518485880e+01,4.207267485107297489e+01,4.187743751037788797e+01,4.166679890509205109e+01,4.144738574277211285e+01,4.122553507136387196e+01,4.100714776631107839e+01,4.079756045563365063e+01,4.060143896610003367e+01,4.042269544734180187e+01,4.026443037696238036e+01,4.012889971279444978e+01,4.001750657876234385e+01,3.993081608260439452e+01,3.986859119391040451e+01,3.982984707822042481e+01,3.981292089753559083e+01,3.981555385153132676e+01,3.983498214160611184e+01,3.986803357984729246e+01,3.991122672025520046e+01,3.996086963983594842e+01,4.001315582016704298e+01,4.006425495294150352e+01,4.011039689374143791e+01,4.014794739664696976e+01,4.017347466065171346e+01,4.018380609280785620e+01,4.017607503158777860e+01,4.014775746961247904e+01,4.009669906344115020e+01,4.002113291825634889e+01,3.991968878820942734e+01,3.979139444206190035e+01,3.963567001312171811e+01,3.945231618776830373e+01,3.924149709392100505e+01,3.900371873546976076e+01,3.873980378646015765e+01,3.845086351465202767e+01,3.813826755218742903e+01,3.780361217495874371e+01,3.744868769452618551e+01,3.707544550901816649e+01,3.668596530362552244e+01,3.628242283779491117e+01,3.586705870533152307e+01,3.544214840532895039e+01,3.500997401594824510e+01,3.457279771926990719e+01,3.413283738342273210e+01,3.369224436767682818e+01,3.325308367698343659e+01,3.281731655446266416e+01,3.238678556360788008e+01,3.196320217662197649e+01,3.154813685154493541e+01,3.114301154896307366e+01,3.074909460943466044e+01,3.036749788567005481e+01,2.999917599929850454e+01,2.964492757103814569e+01,2.930539825550697230e+01,2.898108539794838023e+01,2.867234411989764453e+01,2.837939463430287645e+01,2.810233058777133408e+01,2.784112822829432332e+01,2.759565620079231962e+01,2.736568577983398143e+01,2.715090135858115161e+01,2.695091102502035696e+01,2.676525707045395919e+01,2.659342629062066976e+01,2.643485995627339591e+01,2.628896334714771399e+01,2.615511476061280405e+01,2.603267392354132070e+01,2.592098975273426831e+01,2.581940742530051125e+01,2.572727473547131893e+01,2.564394772822820556e+01,2.556879561268348766e+01,2.550120496926976799e+01,2.544058327440349743e+01,2.538636177436506358e+01,2.533799774669791915e+01
3.895203494742786887e+01,3.943306736661705969e+01,3.986800051322352090e+01,4.025371694649525978e+01,4.058801672573780195e+01,4.086967681021096865e+01,4.109848311046246749e+01,4.127523374164521641e+01,4.140171310192704368e+01,4.148063749559760538e+01,4.151557408903831003e+01,4.151083597798005087e+01,4.147135701044506106e+01,4.140255071245054097e+01,4.131015817303752868e+01,4.120009004219502913e+01,4.107826787193384632e+01,4.095046989082023003e+01,4.082218596031137992e+01,4.069848594149392795e+01,4.058390503540012162e+01,4.048234888670304343e+01,4.039702040023439622e+01,4.033036935415183422e+01,4.028406504283640288e+01,4.025899138316562187e+01,4.025526320072541608e+01,4.027226180218515594e+01,4.030868745345776460e+01,4.036262602976754010e+01,4.043162688532933657e+01,4.051278890225307094e+01,4.060285171003899052e+01,4.069828920360652802e+01,4.079540271101826931e+01,4.089041145192045690e+01,4.097953826372284425e+01,4.105908893483304212e+01,4.112552385461535209e+01,4.117552105227597536e+01,4.120603003853521784e+01,4.121431617475850118e+01,4.119799556730475842e+01,4.115506071627595475e+01,4.108389733630461649e+01,4.098329291340086655e+01,4.085243766885304240e+01,4.069091867264548057e+01,4.049870788953197120e+01,4.027614495584863619e+01,4.002391547944323236e+01,3.974302563352760842e+01,3.943477378212837436e+01,3.910071983380032634e+01,3.874265297437574418e+01,3.836255838106839633e+01,3.796258347091149687e+01,3.754500418739924328e+01,3.711219178097806548e+01,3.666658049199176617e+01,3.621063649887669555e+01,3.574682844972510765e+01,3.527759985162300183e+01,3.480534354925816842e+01,3.433237848207330956e+01,3.386092886768471288e+01,3.339310591847079479e+01,3.293089215833732197e+01,3.247612836795605062e+01,3.203050314959632061e+01,3.159554506742155411e+01,3.117261728622483119e+01,3.076291460145066736e+01,3.036746272638455935e+01,2.998711967893323305e+01,2.962257909074263651e+01,2.927437524570393634e+01,2.894288964328831426e+01,2.862835887464322582e+01,2.833088359589928729e+01,2.805043838351328489e+01,2.778688226046455156e+01,2.753996968941618917e+01,2.730936183917896898e+01,2.709463794356143751e+01,2.689530658651218431e+01,2.671081676390226889e+01,2.654056858989821777e+01,2.638392353418976910e+01,2.624021409493498780e+01,2.610875283077128373e+01,2.598884069325667312e+01,2.587977461833673942e+01,2.578085435161317562e+01,2.569138849710308037e+01,2.561069979265885266e+01,2.553812962715015544e+01,2.547304182482312740e+01,2.541482573092243058e+01,2.536289863970353409e+01
3.782739495484069892e+01,3.829135179695190061e+01,3.871646868302194378e+01,3.910004081224123240e+01,3.944017716850110844e+01,3.973585195875877218e+01,3.998693144789020693e+01,4.019417491377921436e+01,4.035920941251946914e+01,4.048447903092876032e+01,4.057317026541858240e+01,4.062911605730300124e+01,4.065668179349000866e+01,4.066063721306815637e+01,4.064601861766088575e+01,4.061798604919853517e+01,4.058168016587120519e+01,4.054208341877348687e+01,4.050388982125088688e+01,4.047138713200354943e+01,4.044835467046011246e+01,4.043797928275262876e+01,4.044279121567937096e+01,4.046462087191025603e+01,4.050457664853144024e+01,4.056304333570908938e+01,4.063969990080283878e+01,4.073355492774567210e+01,4.084299753735535887e+01,4.096586129003342336e+01,4.109949836998204376e+01,4.124086126551941334e+01,4.138658918402459364e+01,4.153309655914392096e+01,4.167666120591668744e+01,4.181350993855744491e+01,4.193989976741348613e+01,4.205219311830568074e+01,4.214692585268706182e+01,4.222086719652122611e+01,4.227107099771451715e+01,4.229491801727449740e+01,4.229014921182981368e+01,4.225489018104171635e+01,4.218766713142935032e+01,4.208741484884413353e+01,4.195347727745154032e+01,4.178560137691806631e+01,4.158392497557541390e+01,4.134895935999055894e+01,4.108156734496834872e+01,4.078293755667064602e+01,4.045455563895557560e+01,4.009817306237567891e+01,3.971577417911148444e+01,3.930954212744003939e+01,3.888182414759830863e+01,3.843509682807321326e+01,3.797193175802364351e+01,3.749496201801666473e+01,3.700684989764897637e+01,3.651025618492266744e+01,3.600781132841522947e+01,3.550208872931256110e+01,3.499558037630865215e+01,3.449067499235199818e+01,3.398963881846933077e+01,3.349459911674856727e+01,3.300753043242229978e+01,3.253024361432973421e+01,3.206437755435116799e+01,3.161139357021871277e+01,3.117257232290388203e+01,3.074901313002008507e+01,3.034163551074335174e+01,2.995118277595617684e+01,2.957822745987168389e+01,2.922317837641217508e+01,2.888628907510901911e+01,2.856766746717019601e+01,2.826728639244348429e+01,2.798499490201640327e+01,2.772053003879532085e+01,2.747352890919105306e+01,2.724354085255683344e+01,2.703003953079702981e+01,2.683243477809518751e+01,2.665008406950259712e+01,2.648230348669698841e+01,2.632837807910674499e+01,2.618757153836956419e+01,2.605913512337169635e+01,2.594231579155565726e+01,2.583636350950449767e+01,2.574053773177677229e+01,2.565411305139993559e+01,2.557638403820582340e+01,2.550666929223612200e+01,2.544431474873062271e+01,2.538869627875210355e+01
3.680195443104160802e+01,3.725156671203647107e+01,3.766915805329325906e+01,3.805240900454175090e+01,3.839971765338678722e+01,3.871024362526150497e+01,3.898393001330327934e+01,3.922150212300590510e+01,3.942444278445805850e+01,3.959494487158254827e+01,3.973584253116853660e+01,3.985052342396959801e+01,3.994282497859253311e+01,4.001691822481678429e+01,4.007718318219097853e+01,4.012808001664402724e+01,4.017402023604431349e+01,4.021924207807208518e+01,4.026769396217953556e+01,4.032292945133304585e+01,4.038801662454628172e+01,4.046546412838061713e+01,4.055716548771228958e+01,4.066436254689151042e+01,4.078762821445132403e+01,4.092686802733314266e+01,4.108133945943338716e+01,4.124968739406747886e+01,4.142999377468592570e+01,4.161983915071779450e+01,4.181637364768139520e+01,4.201639480917707203e+01,4.221642977492074778e+01,4.241281936177603029e+01,4.260180178939236839e+01,4.277959402265183542e+01,4.294246897330441470e+01,4.308682709703674618e+01,4.320926122511838230e+01,4.330661376887323399e+01,4.337602571992513845e+01,4.341497713125944813e+01,4.342131899787442251e+01,4.339329665771070665e+01,4.332956500226560337e+01,4.322919592218778462e+01,4.309167851795062631e+01,4.291691268216150235e+01,4.270519671155263097e+01,4.245720963688874861e+01,4.217398897160856563e+01,4.185690457848058799e+01,4.150762934103561008e+01,4.112810730570737405e+01,4.072051993365974454e+01,4.028725106988026994e+01,3.983085120251565314e+01,3.935400154845327592e+01,3.885947846234984837e+01,3.835011862597774979e+01,3.782878543306733832e+01,3.729833694186276460e+01,3.676159572346776372e+01,3.622132088886425549e+01,3.568018253144416008e+01,3.514073877529056489e+01,3.460541557266985535e+01,3.407648934771755478e+01,3.355607253766331155e+01,3.304610203873102137e+01,3.254833052168034158e+01,3.206432054242627316e+01,3.159544133685629319e+01,3.114286815636993921e+01,3.070758397222753899e+01,3.029038335285154560e+01,2.989187829900937032e+01,2.951250580744065388e+01,2.915253692398349017e+01,2.881208704250076380e+01,2.849112720570558466e+01,2.818949616803694980e+01,2.790691298866873282e+01,2.764298993410703886e+01,2.739724548415604488e+01,2.716911725179212311e+01,2.695797464614506822e+01,2.676313112780953674e+01,2.658385592657737817e+01,2.641938511289748703e+01,2.626893193547486760e+01,2.613169635800063517e+01,2.600687374769729132e+01,2.589366268686096717e+01,2.579127189563554623e+01,2.569892626967105187e+01,2.561587204996659750e+01,2.554138115399653941e+01,2.547475470713785128e+01,2.541532582147321051e+01
3.587236388400044262e+01,3.631025168777946277e+01,3.672250907806718345e+01,3.710717544797485345e+01,3.746291872368741593e+01,3.778907243419948259e+01,3.808565303947113989e+01,3.835335655122693765e+01,3.859353425840362917e+01,3.880814816332825501e+01,3.899970750760970617e+01,3.917118848206179393e+01,3.932593983951744576e+01,3.946757763493613425e+01,3.959987268211029487e+01,3.972663452655132232e+01,3.985159578404773129e+01,3.997830058652971275e+01,4.011000062172129077e+01,4.024956186806775804e+01,4.039938463473426111e+01,4.056133894533331841e+01,4.073671668308687543e+01,4.092620127459741752e+01,4.112985505843285949e+01,4.134712388986766740e+01,4.157685799707329721e+01,4.181734764477995014e+01,4.206637179161162265e+01,4.232125765413764640e+01,4.257894891608196986e+01,4.283608024214072429e+01,4.308905576537861748e+01,4.333412930481379277e+01,4.356748422283606459e+01,4.378531103643825872e+01,4.398388113734823435e+01,4.415961523987976989e+01,4.430914544860310400e+01,4.442937010928869768e+01,4.451750086646228510e+01,4.457110159190717269e+01,4.458811906528246283e+01,4.456690547744996422e+01,4.450623298769558289e+01,4.440530069790486323e+01,4.426373451124256064e+01,4.408158042219740480e+01,4.385929184176279705e+01,4.359771159906682669e+01,4.329804928201286884e+01,4.296185458734672835e+01,4.259098734763129812e+01,4.218758489111284860e+01,4.175402737220969129e+01,4.129290168675028383e+01,4.080696455816374169e+01,4.029910534930156985e+01,3.977230911992593576e+01,3.922962041244723252e+01,3.867410820845356056e+01,3.810883245613025849e+01,3.753681252402930824e+01,3.696099789008157188e+01,3.638424132659723398e+01,3.580927479271751679e+01,3.523868819589284840e+01,3.467491113408632941e+01,3.412019768120661922e+01,3.357661423046924654e+01,3.304603036468379429e+01,3.253011267955903207e+01,3.203032144665246506e+01,3.154790996713578366e+01,3.108392643658270771e+01,3.063921811487998070e+01,3.021443757436726330e+01,2.981005078355685356e+01,2.942634677327289694e+01,2.906344862666880502e+01,2.872132553410689582e+01,2.839980565799150014e+01,2.809858956093156834e+01,2.781726396259432477e+01,2.755531560577408356e+01,2.731214502998101779e+01,2.708708007067953005e+01,2.687938892360055121e+01,2.668829263575823063e+01,2.651297690738769575e+01,2.635260311149621870e+01,2.620631845964154749e+01,2.607326526353056906e+01,2.595258926174041747e+01,2.584344699903542875e+01,2.574501226218342609e+01,2.565648159071931289e+01,2.557707889367819831e+01,2.550605921389222175e+01,2.544271169003174649e+01
3.503470281793967445e+01,3.546335723882494051e+01,3.587235724531630865e+01,3.626007548869387165e+01,3.662543112424414460e+01,3.696792044137816191e+01,3.728762988356790231e+01,3.758523063038169454e+01,3.786195460919854838e+01,3.811955251360416952e+01,3.836023509558015121e+01,3.858659963691953010e+01,3.880154406217794616e+01,3.900817160572439946e+01,3.920968926975704250e+01,3.940930349599404536e+01,3.961011651598816741e+01,3.981502674593096458e+01,4.002663636072122699e+01,4.024716883452620664e+01,4.047839879169168142e+01,4.072159599697830146e+01,4.097748475417365910e+01,4.124621940416930954e+01,4.152737604367233359e+01,4.181996004761607821e+01,4.212242849242981890e+01,4.243272615979375928e+01,4.274833346282321855e+01,4.306632438541014807e+01,4.338343236259274249e+01,4.369612195289700907e+01,4.400066415646303142e+01,4.429321330635139020e+01,4.456988359354005524e+01,4.482682346633995962e+01,4.506028635943168581e+01,4.526669644390969438e+01,4.544270833599183845e+01,4.558525994816164939e+01,4.569161790390015199e+01,4.575941515912542457e+01,4.578668067514925610e+01,4.577186116632124424e+01,4.571383509909009035e+01,4.561191924784661467e+01,4.546586821756544339e+01,4.527586742564493250e+01,4.504252009766999265e+01,4.476682887654041565e+01,4.445017267400537264e+01,4.409427941048295452e+01,4.370119529522947488e+01,4.327325129626660072e+01,4.281302743943306410e+01,4.232331555964522352e+01,4.180708110576956926e+01,4.126742457403645403e+01,4.070754311409162085e+01,4.013069281690604129e+01,3.954015215512080772e+01,3.893918700426438306e+01,3.833101762796923850e+01,3.771878796223244024e+01,3.710553748340041125e+01,3.649417589250242600e+01,3.588746079548506174e+01,3.528797850556315296e+01,3.469812804110139126e+01,3.412010834099693568e+01,3.355590867026532464e+01,3.300730214221839276e+01,3.247584224098319794e+01,3.196286218977350657e+01,3.146947697681531864e+01,3.099658782254558886e+01,3.054488884891950562e+01,3.011487569451309554e+01,2.970685580759477773e+01,2.932096014333678369e+01,2.895715599060027756e+01,2.861526065790697615e+01,2.829495575686658526e+01,2.799580183395347532e+01,2.771725311755326260e+01,2.745867216603256722e+01,2.721934422360844508e+01,2.699849111339396046e+01,2.679528452057575905e+01,2.660885854267190354e+01,2.643832140769927008e+01,2.628276628437632567e+01,2.614128113078590943e+01,2.601295754887297917e+01,2.589689863146983484e+01,2.579222580600868042e+01,2.569808469454487110e+01,2.561365002308345495e+01,2.553812962444192891e+01,2.547076758801215846e+01
3.428457884421482760e+01,3.470634638996816790e+01,3.511403662523080982e+01,3.550633090662626046e+01,3.588238174320613894e+01,3.624183745784748822e+01,3.658485118154840166e+01,3.691207348012251543e+01,3.722462853295482432e+01,3.752407441577572911e+01,3.781234865406586465e+01,3.809170078182719976e+01,3.836461413563500855e+01,3.863371951370815083e+01,3.890170361697463619e+01,3.917121535261098586e+01,3.944477311568724076e+01,3.972467607334928630e+01,4.001292226667664664e+01,4.031113603177894333e+01,4.062050684218143459e+01,4.094174121074238570e+01,4.127502878480660797e+01,4.162002324711833978e+01,4.197583812046676854e+01,4.234105708737659768e+01,4.271375799565213072e+01,4.309154934078625132e+01,4.347161770754588872e+01,4.385078442153209011e+01,4.422556950907495121e+01,4.459226098851904396e+01,4.494698751253386604e+01,4.528579244166712670e+01,4.560470754417649175e+01,4.589982467532492194e+01,4.616736397949336634e+01,4.640373736957418771e+01,4.660560625985490901e+01,4.676993275186211463e+01,4.689402368974095481e+01,4.697556720663352792e+01,4.701266157173969873e+01,4.700383631639621740e+01,4.694806576507342299e+01,4.684477522331125954e+01,4.669384017987889024e+01,4.649557896609141494e+01,4.625073938294592324e+01,4.596047985844819550e+01,4.562634573514269221e+01,4.525024131327927535e+01,4.483439828990763942e+01,4.438134123989662783e+01,4.389385078257348027e+01,4.337492506826099969e+01,4.282774020313085828e+01,4.225561020898821596e+01,4.166194708724651719e+01,4.105022152376541555e+01,4.042392473373631390e+01,3.978653190376616067e+01,3.914146764216670249e+01,3.849207379872893853e+01,3.784157996257865619e+01,3.719307689179962040e+01,3.654949307219037280e+01,3.591357454567377516e+01,3.528786809242986067e+01,3.467470779570790285e+01,3.407620496541148469e+01,3.349424134680715781e+01,3.293046549487345942e+01,3.238629215357333635e+01,3.186290444326429849e+01,3.136125862899432093e+01,3.088209121785292055e+01,3.042592811500365002e+01,2.999309555551132789e+01,2.958373252245987217e+01,2.919780436086729480e+01,2.883511730116964600e+01,2.849533361509218210e+01,2.817798714000999283e+01,2.788249892481616143e+01,2.760819277022736884e+01,2.735431045870632971e+01,2.712002649311556368e+01,2.690446218820019197e+01,2.670669898442636381e+01,2.652579087901822419e+01,2.636077589373736529e+01,2.621068652259417320e+01,2.607455912489825067e+01,2.595144224954287182e+01,2.584040389494408529e+01,2.574053772545699204e+01,2.565096827927191825e+01,2.557085521471613276e+01,2.549939665157094382e+01
3.361722311676865615e+01,3.403429253863193793e+01,3.444247970340406084e+01,3.484075123531203388e+01,3.522847591418182844e+01,3.560544381773406997e+01,3.597187156105484007e+01,3.632839304963395222e+01,3.667603571436745113e+01,3.701618275922376000e+01,3.735052249845013250e+01,3.768098636458486084e+01,3.800967760769356119e+01,3.833879306024921618e+01,3.867054059561419166e+01,3.900705505122822103e+01,3.935031541623033036e+01,3.970206599908470935e+01,4.006374410113544826e+01,4.043641643911637829e+01,4.082072619975976124e+01,4.121685219198882777e+01,4.162448110768838205e+01,4.204279343215133480e+01,4.247046308073468168e+01,4.290567039800198756e+01,4.334612775603373791e+01,4.378911664273135784e+01,4.423153484823976811e+01,4.466995214367891265e+01,4.510067270310875642e+01,4.551980244555478805e+01,4.592331946456042857e+01,4.630714576132336191e+01,4.666721859554047569e+01,4.699955990611158541e+01,4.730034242192932936e+01,4.756595127136135659e+01,4.779304009861223790e+01,4.797858089783033364e+01,4.811990697474183776e+01,4.821474863526412946e+01,4.826126137687789708e+01,4.825804651875860429e+01,4.820416434920752380e+01,4.809913999321410216e+01,4.794296230926538271e+01,4.773607621360909548e+01,4.747936890328448101e+01,4.717415050775119312e+01,4.682212974432537322e+01,4.642538518624859023e+01,4.598633277530510099e+01,4.550769022451446233e+01,4.499243896140498578e+01,4.444378425938668897e+01,4.386511419429899661e+01,4.325995804571476810e+01,4.263194473838457554e+01,4.198476188863879344e+01,4.132211598400636632e+01,4.064769418219577091e+01,3.996512816845970661e+01,3.927796045887635046e+01,3.858961348198683083e+01,3.790336171339778559e+01,3.722230707833713126e+01,3.654935777675589748e+01,3.588721062544426132e+01,3.523833695282251455e+01,3.460497202559492536e+01,3.398910793326783164e+01,3.339248980749715656e+01,3.281661520909018748e+01,3.226273647685653145e+01,3.173186579984751532e+01,3.122478274815084021e+01,3.074204397747023521e+01,3.028399480921272868e+01,2.985078238058044775e+01,2.944237005793378614e+01,2.905855281105628052e+01,2.869897325540480182e+01,2.836313808338988451e+01,2.805043462355706652e+01,2.776014728755197325e+01,2.749147368825241244e+01,2.724354023774477440e+01,2.701541706023430933e+01,2.680613208186895591e+01,2.661468418623297083e+01,2.644005535039521604e+01,2.628122170141234193e+01,2.613716345669306307e+01,2.600687373330686114e+01,2.588936623092255829e+01,2.578368181041733465e+01,2.568889400520157906e+01,2.560411351492151866e+01,2.552849174144919076e+01
3.302758089081515180e+01,3.344197237975855330e+01,3.385231224925948368e+01,3.425783012533611327e+01,3.465809480728266578e+01,3.505302831812719688e+01,3.544290764778716607e+01,3.582835371242229172e+01,3.621030754390979212e+01,3.658999422241944188e+01,3.696887554933987019e+01,3.734859290456863334e+01,3.773090212065360305e+01,3.811760251880694739e+01,3.851046247482490514e+01,3.891114400761071579e+01,3.932112890562470398e+01,3.974164882867659543e+01,4.017362165045495459e+01,4.061759605186342981e+01,4.107370605099180239e+01,4.154163677940459110e+01,4.202060240495021048e+01,4.250933667750508960e+01,4.300609615441535993e+01,4.350867576379990709e+01,4.401443600095835507e+01,4.452034073764404098e+01,4.502300436445037235e+01,4.551874678821155840e+01,4.600365467105278583e+01,4.647364722445366425e+01,4.692454485672267595e+01,4.735213900983806923e+01,4.775226160438724321e+01,4.812085263108096456e+01,4.845402457539018570e+01,4.874812252971577209e+01,4.899977902713882827e+01,4.920596281503286207e+01,4.936402096951485419e+01,4.947171392790973243e+01,4.952724318231538803e+01,4.952927153033938623e+01,4.947693591750056896e+01,4.936985302887889304e+01,4.920811789527628832e+01,4.899229587183602774e+01,4.872340842551599849e+01,4.840291323294856340e+01,4.803267914303395969e+01,4.761495660004966624e+01,4.715234415395551792e+01,4.664775170564933404e+01,4.610436114674827479e+01,4.552558505649574982e+01,4.491502411298336739e+01,4.427642386234707317e+01,4.361363146825990356e+01,4.293055303524277377e+01,4.223111206347536495e+01,4.151920955042848504e+01,4.079868620640080223e+01,4.007328719769166270e+01,3.934662977356349245e+01,3.862217407234012967e+01,3.790319733902828148e+01,3.719277172288006739e+01,3.649374575949674693e+01,3.580872957956373170e+01,3.514008382621774729e+01,3.448991220641468658e+01,3.386005754942669199e+01,3.325210119855223212e+01,3.266736552093236412e+01,3.210691928552560626e+01,3.157158563113080874e+01,3.106195232502275516e+01,3.057838399827011600e+01,3.012103603598039214e+01,2.968986979925558956e+01,2.928466886011574388e+01,2.890505594052135763e+01,2.855051026127893010e+01,2.822038502536616633e+01,2.791392478234329388e+01,2.763028244528613442e+01,2.736853575834879848e+01,2.712770304092395079e+01,2.690675806273915427e+01,2.670464393248276025e+01,2.652028591012755498e+01,2.635260307952198744e+01,2.620051884262936071e+01,2.606297021967619543e+01,2.593891596016266377e+01,2.582734348800797974e+01,2.572727471994311443e+01,2.563777080958172405e+01,2.555793588041801101e+01
3.251039624659941296e+01,3.292395291267402513e+01,3.333794222190481094e+01,3.375183574138402776e+01,3.416538689236421078e+01,3.457864031316087505e+01,3.499193035192727308e+01,3.540586831067929552e+01,3.582131849696777692e+01,3.623936358172009875e+01,3.666126019031403871e+01,3.708838604880920542e+01,3.752218035007697239e+01,3.796407927972381913e+01,3.841544883716639447e+01,3.887751719516261772e+01,3.935130885823281233e+01,3.983758280800531537e+01,4.033677666723276900e+01,4.084895868356578319e+01,4.137378904183489681e+01,4.191049167461643776e+01,4.245783737167192839e+01,4.301413860632166575e+01,4.357725611732249149e+01,4.414461692343483179e+01,4.471324311766001358e+01,4.527979049967545677e+01,4.584059586605144432e+01,4.639173159321018147e+01,4.692906601973520964e+01,4.744832806184341223e+01,4.794517447558346390e+01,4.841525820675380487e+01,4.885429633839615349e+01,4.925813624891156906e+01,4.962281872387326587e+01,4.994463691403028349e+01,5.022019019377446369e+01,5.044643214212671012e+01,5.062071203661994900e+01,5.074080941480107754e+01,5.080496141495387974e+01,5.081188275449677860e+01,5.076077833964956199e+01,5.065134862242823033e+01,5.048378793043744395e+01,5.025877609133449653e+01,4.997746375757587600e+01,4.964145190862483759e+01,4.925276606775193500e+01,4.881382581944405530e+01,4.832741025173719152e+01,4.779661997589525413e+01,4.722483639410433653e+01,4.661567889448667756e+01,4.597296065199540749e+01,4.530064370386075723e+01,4.460279394950009646e+01,4.388353669753328745e+01,4.314701334723166326e+01,4.239733974896835633e+01,4.163856673876807690e+01,4.087464328675261527e+01,4.010938263915730317e+01,3.934643176976623380e+01,3.858924439029590303e+01,3.784105770169931304e+01,3.710487300084949425e+01,3.638344019085106140e+01,3.567924617952913735e+01,3.499450709057590103e+01,3.433116415640024144e+01,3.369088311178749962e+01,3.307505686373468734e+01,3.248481117581029309e+01,3.192101307544430711e+01,3.138428166985036327e+01,3.087500104080934094e+01,3.039333488012829676e+01,2.993924252590674584e+01,2.951249606433691142e+01,2.911269817206885335e+01,2.873930038952859434e+01,2.839162153526747545e+01,2.806886599468139920e+01,2.777014164248889472e+01,2.749447718641983229e+01,2.724083874888749790e+01,2.700814553327992940e+01,2.679528445125221836e+01,2.660112361643362178e+01,2.642452463776255911e+01,2.626435367178767422e+01,2.611949121736730106e+01,2.598884065798916865e+01,2.587133557622455982e+01,2.576594588151177234e+01,2.567168280648937895e+01,2.558760283849245809e+01
3.206029025704723523e+01,3.247467179123369618e+01,3.289364196080431668e+01,3.331689443019426733e+01,3.374435270557833633e+01,3.417617519130328674e+01,3.461275066561308478e+01,3.505468388625789800e+01,3.550277142195014335e+01,3.595796819672343503e+01,3.642134561281654470e+01,3.689404246601169746e+01,3.737721016919842754e+01,3.787195404152053868e+01,3.837927259116226963e+01,3.889999681270439424e+01,3.943473153208427107e+01,3.998380076461850052e+01,4.054719890922952175e+01,4.112454939331638570e+01,4.171507211880403077e+01,4.231756075405388628e+01,4.293037058303576714e+01,4.355141727737694168e+01,4.417818661315346418e+01,4.480775482598333070e+01,4.543681899680851188e+01,4.606173659622863426e+01,4.667857309443250813e+01,4.728315637115535708e+01,4.787113653764337329e+01,4.843804970997078385e+01,4.897938424783536959e+01,4.949064799110892210e+01,4.996743508265954148e+01,5.040549105421611387e+01,5.080077496585921892e+01,5.114951752263422691e+01,5.144827423763963736e+01,5.169397286413930459e+01,5.188395447489742196e+01,5.201600772094025160e+01,5.208839595106148579e+01,5.209987701512918079e+01,5.204971570687429505e+01,5.193768892419900851e+01,5.176408373648063588e+01,5.152968864856911324e+01,5.123577844013836113e+01,5.088409303685078555e+01,5.047681093659447527e+01,5.001651777002639676e+01,4.950617061995669133e+01,4.894905875884453650e+01,4.834876148794279516e+01,4.770910377549714099e+01,4.703411039498254098e+01,4.632795925780263246e+01,4.559493461843650408e+01,4.483938080405758342e+01,4.406565708568849971e+01,4.327809426465803710e+01,4.248095349732541592e+01,4.167838782371617867e+01,4.087440680300053231e+01,4.007284459187860648e+01,3.927733173224567764e+01,3.849127084337041538e+01,3.771781634262060834e+01,3.695985824887702620e+01,3.622001005548587216e+01,3.550060059611524821e+01,3.480366976827256309e+01,3.413096792642721766e+01,3.348395871040890626e+01,3.286382503557753409e+01,3.227147793955153077e+01,3.170756795621285562e+01,3.117249867126836804e+01,3.066644210465293696e+01,3.018935556316630198e+01,2.974099961146018245e+01,2.932095682023519956e+01,2.892865096657590840e+01,2.856336638198728650e+01,2.822426716809347269e+01,2.791041602729740134e+01,2.762079248516009145e+01,2.735431031204507946e+01,2.710983398293568669e+01,2.688619404557408643e+01,2.668220129756608117e+01,2.649665970229678180e+01,2.632837800094619141e+01,2.617618000320522142e+01,2.603891356218321818e+01,2.591545825926603541e+01,2.580473184220786464e+01,2.570569547447518488e+01,2.561735786583027519e+01
3.167183210296397888e+01,3.208851050784445391e+01,3.251362314109961460e+01,3.294706713091501626e+01,3.338892238496674736e+01,3.383945269841252923e+01,3.429909843347649456e+01,3.476846056233049609e+01,3.524827620603893052e+01,3.573938614786781898e+01,3.624269513318984082e+01,3.675912607492965378e+01,3.728956954870955087e+01,3.783483017341433197e+01,3.839557162141253599e+01,3.897226208200626019e+01,3.956512200919907229e+01,4.017407592149075413e+01,4.079870989143135063e+01,4.143823617342087573e+01,4.209146617954696268e+01,4.275679273677986458e+01,4.343218225740062621e+01,4.411517714132114776e+01,4.480290841685396686e+01,4.549211832743853989e+01,4.617919229628655131e+01,4.686019945744691739e+01,4.753094073685464593e+01,4.818700330472861992e+01,4.882382010322297106e+01,4.943673308047834780e+01,5.002105873232786593e+01,5.057215456258188624e+01,5.108548511763659405e+01,5.155668632597206624e+01,5.198162697240579178e+01,5.235646625516295671e+01,5.267770650555717538e+01,5.294224029040200463e+01,5.314739126182425366e+01,5.329094826420606523e+01,5.337119235049007671e+01,5.338691649764206204e+01,5.333743794186024445e+01,5.322260317683262087e+01,5.304278577206321188e+01,5.279887727239859885e+01,5.249227153399225188e+01,5.212484293577192318e+01,5.169891897883049836e+01,5.121724784887555870e+01,5.068296156878992065e+01,5.009953540932913540e+01,4.947074425588191104e+01,4.880061664796073728e+01,4.809338721566204811e+01,4.735344823382231993e+01,4.658530100022981202e+01,4.579350771940389819e+01,4.498264453868708301e+01,4.415725633944249040e+01,4.332181383393286467e+01,4.248067345906464709e+01,4.163804049284605213e+01,4.079793574949368917e+01,3.996416613606527335e+01,3.914029927879192172e+01,3.832964235242604190e+01,3.753522517237346534e+01,3.675978753853203784e+01,3.600577075289010764e+01,3.527531317119037624e+01,3.457024959330671265e+01,3.389211424820440755e+01,3.324214708804603191e+01,3.262130307255146278e+01,3.203026409930618001e+01,3.146945321832188469e+01,3.093905075959268203e+01,3.043901200029531395e+01,2.996908600314288407e+01,2.952883526858916952e+01,2.911765586036413822e+01,2.873479768540350321e+01,2.837938463477045303e+01,2.805043432079326848e+01,2.774687717649857177e+01,2.746757471567202913e+01,2.721133678473692896e+01,2.697693767037649337e+01,2.676313095878112236e+01,2.656866307300292007e+01,2.639228544366043749e+01,2.623276529476327568e+01,2.608889505041608459e+01,2.595950038940324589e+01,2.584344699302182846e+01,2.573964604697386704e+01,2.564705857067336225e+01
3.133960284735187329e+01,3.175986011385927554e+01,3.219210418809784358e+01,3.263641821557320100e+01,3.309302565721002054e+01,3.356228778432485171e+01,3.404469377091719196e+01,3.454084324854554211e+01,3.505142149073994773e+01,3.557716769892400777e+01,3.611883715604541578e+01,3.667715828380957532e+01,3.725278587201381697e+01,3.784625193328168535e+01,3.845791576522184840e+01,3.908791486924983616e+01,3.973611837865339425e+01,4.040208458871969555e+01,4.108502406261084872e+01,4.178376961458135241e+01,4.249675425568450748e+01,4.322199793657826206e+01,4.395710364869492537e+01,4.469926316054676363e+01,4.544527238172565831e+01,4.619155607384606554e+01,4.693420137463468933e+01,4.766899937634252638e+01,4.839149380854027527e+01,4.909703572212668377e+01,4.978084295807469317e+01,5.043806311130890663e+01,5.106383866583226450e+01,5.165337297915415604e+01,5.220199582859082454e+01,5.270522729478980750e+01,5.315883884418485650e+01,5.355891057722424620e+01,5.390188372847288178e+01,5.418460763372175393e+01,5.440438051413821796e+01,5.455898356485543133e+01,5.464670797236590971e+01,5.466637461929816766e+01,5.461734636473897098e+01,5.449953291173645198e+01,5.431338838983019457e+01,5.405990188849617084e+01,5.374058127654389239e+01,5.335743073215294885e+01,5.291292248785369168e+01,5.240996336386760390e+01,5.185185672138692325e+01,5.124226051420265549e+01,5.058514215225867616e+01,4.988473091398128645e+01,4.914546865548855692e+01,4.837195956405178521e+01,4.756891969066059289e+01,4.674112697262776805e+01,4.589337242245754567e+01,4.503041311449241846e+01,4.415692754715782087e+01,4.327747389711964132e+01,4.239645161370638959e+01,4.151806672899129325e+01,4.064630118253219848e+01,3.978488638153410761e+01,3.893728113872353447e+01,3.810665405307115350e+01,3.729587032414308112e+01,3.650748292065721046e+01,3.574372795897657795e+01,3.500652408881342836e+01,3.429747563217203066e+01,3.361787917815064475e+01,3.296873330105278654e+01,3.235075104252020850e+01,3.176437478007702353e+01,3.120979309436133775e+01,3.068695924503289518e+01,3.019561087034974634e+01,2.973529053704055158e+01,2.930536678459722921e+01,2.890505533063881671e+01,2.853344013066540796e+01,2.818949401542752042e+01,2.787209866138041647e+01,2.758006368340099357e+01,2.731214467329109752e+01,2.706706004181073411e+01,2.684350655539095243e+01,2.664017349066812912e+01,2.645575536004984230e+01,2.628896318925631803e+01,2.613853435286329230e+01,2.600324099608111439e+01,2.588189709020765150e+01,2.577336418533946372e+01,2.567655593704150618e+01
3.105825176768382789e+01,3.148317936958846985e+01,3.192337003856724209e+01,3.237907664168916710e+01,3.285065415195863636e+01,3.333855384379577202e+01,3.384331099532073495e+01,3.436552602926609268e+01,3.490583929116710493e+01,3.546489993262345308e+01,3.604332962647121263e+01,3.664168207758677909e+01,3.726039949672039597e+01,3.789976736580670291e+01,3.855986893432728380e+01,3.924054094269766324e+01,3.994133206820276882e+01,4.066146553233715366e+01,4.139980719875374859e+01,4.215484033397742536e+01,4.292464800613476683e+01,4.370690386919675063e+01,4.449887183156294412e+01,4.529741484853349220e+01,4.609901281845094445e+01,4.689978931151265584e+01,4.769554662685869317e+01,4.848180846454367554e+01,4.925386931983765493e+01,5.000684956172545270e+01,5.073575504756961152e+01,5.143554005219152714e+01,5.210117225123673279e+01,5.272769849358726901e+01,5.331031012283424531e+01,5.384440665984692487e+01,5.432565673333000689e+01,5.475005523885094760e+01,5.511397581511604926e+01,5.541421784545356388e+01,5.564804731902075474e+01,5.581323101707620538e+01,5.590806362203370838e+01,5.593138747863299898e+01,5.588260486547800099e+01,5.576168275977146038e+01,5.556915019694631042e+01,5.530608843887830517e+01,5.497411426844340809e+01,5.457535682343291228e+01,5.411242846843221344e+01,5.358839027843689706e+01,5.300671277202846454e+01,5.237123258425418726e+01,5.168610580944029209e+01,5.095575877164355916e+01,5.018483699509713603e+01,4.937815314880010220e+01,4.854063472852350003e+01,4.767727221635602319e+01,4.679306842313457793e+01,4.589298967355826164e+01,4.498191943855795216e+01,4.406461495586336241e+01,4.314566730912078185e+01,4.222946535994317685e+01,4.132016384757913841e+01,4.042165588917374208e+01,3.953755003156348380e+01,3.867115192484919817e+01,3.782545061018877419e+01,3.700310934077401726e+01,3.620646078707461157e+01,3.543750641622378339e+01,3.469791978175759084e+01,3.398905341445181705e+01,3.331194896814923823e+01,3.266735024643704577e+01,3.205571871680064078e+01,3.147725110822845096e+01,3.093189868577268697e+01,3.041938780072185011e+01,2.993924132711994801e+01,2.949080061357553717e+01,2.907324760276457454e+01,2.868562679882096234e+01,2.832686679398188900e+01,2.799580109947204321e+01,2.769118806075843153e+01,2.741172967312370190e+01,2.715608914919274497e+01,2.692290712488714632e+01,2.671081642364826436e+01,2.651845533013057477e+01,2.634447935349315273e+01,2.618757148657795142e+01,2.604645099042814849e+01,2.591988075362869992e+01,2.580667329279341615e+01,2.570569547420295464e+01
3.082254530901163747e+01,3.125304538413491429e+01,3.170182430537947837e+01,3.216928946886017116e+01,3.265591608976667004e+01,3.316223839089654746e+01,3.368883510127649572e+01,3.423630925676666692e+01,3.480526253063752051e+01,3.539626455960400619e+01,3.600981795880073832e+01,3.664631992709055908e+01,3.730602152221755574e+01,3.798898582535941415e+01,3.869504631017352381e+01,3.942376677820892894e+01,4.017440421867374312e+01,4.094587589650286219e+01,4.173673187125893236e+01,4.254513400548408697e+01,4.336884234129196614e+01,4.420520951615276317e+01,4.505118366172199273e+01,4.590331999229810123e+01,4.675780105105337725e+01,4.761046535101769450e+01,4.845684393145643298e+01,4.929220415515008824e+01,5.011159990318007829e+01,5.090992718472053014e+01,5.168198407216915058e+01,5.242253379747885589e+01,5.312636980331713232e+01,5.378838153118819321e+01,5.440361974558548042e+01,5.496736023568804796e+01,5.547516480078716228e+01,5.592293850905985408e+01,5.630698231801650877e+01,5.662404025557694354e+01,5.687134048013949439e+01,5.704662966331257223e+01,5.714820026761946536e+01,5.717491042116793665e+01,5.712619621999267139e+01,5.700207641475427067e+01,5.680314956013347683e+01,5.653058382116968517e+01,5.618609973966245974e+01,5.577194636438176190e+01,5.529087124010507637e+01,5.474608483139016357e+01,5.414122002657794752e+01,5.348028742497643861e+01,5.276762715484614574e+01,5.200785800117587598e+01,5.120582464000916900e+01,5.036654378017234279e+01,4.949515000382963592e+01,4.859684207476466611e+01,4.767683044833773209e+01,4.674028667062097497e+01,4.579229529742573845e+01,4.483780889817759885e+01,4.388160663640829995e+01,4.292825683968803219e+01,4.198208388888912168e+01,4.104713967154918919e+01,4.012717975858886632e+01,3.922564437947686855e+01,3.834564418976528088e+01,3.748995074824325258e+01,3.666099155011013977e+01,3.586084939867796351e+01,3.509126584209015220e+01,3.435364835406616635e+01,3.364908089919185130e+01,3.297833749398042613e+01,3.234189835480921715e+01,3.173996821266576873e+01,3.117249637199295620e+01,3.063919809622369073e+01,3.013957691511652826e+01,2.967294746791156967e+01,2.923845852070862961e+01,2.883511582536286610e+01,2.846180451961233260e+01,2.811731080311868070e+01,2.780034266066441972e+01,2.750954944101153643e+01,2.724354013705401201e+01,2.700090024914592846e+01,2.678020714820260650e+01,2.658004388780299010e+01,2.639901144461920879e+01,2.623573939371996033e+01,2.608889504939738302e+01,2.595719112300823639e+01,2.583939196684441697e+01,2.573431848728311522e+01
3.062740886006692165e+01,3.106419694689759581e+01,3.152203404517159413e+01,3.200146793485757257e+01,3.250308353301160480e+01,3.302749134800525610e+01,3.357531095058198645e+01,3.414714950771801938e+01,3.474357563437485652e+01,3.536508902792117937e+01,3.601208655070883680e+01,3.668482560871300535e+01,3.738338582977073798e+01,3.810763016648913748e+01,3.885716663067452004e+01,3.963131190438692641e+01,4.042905806573544680e+01,4.124904361568944466e+01,4.208952989789176513e+01,4.294838387094809207e+01,4.382306802769051046e+01,4.471063806540242069e+01,4.560774870264634728e+01,4.651066782020009782e+01,4.741529888367080048e+01,4.831721139117698272e+01,4.921167888787672240e+01,5.009372390589914659e+01,5.095816902807251125e+01,5.179969314016109649e+01,5.261289183130235614e+01,5.339234082696047068e+01,5.413266129289081618e+01,5.482858583132703956e+01,5.547502400009548751e+01,5.606712621930467577e+01,5.660034498595153707e+01,5.707049239131037410e+01,5.747379302633662235e+01,5.780693146357145906e+01,5.806709361735107677e+01,5.825200140483372024e+01,5.835994025601002733e+01,5.838977914918184098e+01,5.834098297731213734e+01,5.821361717825226378e+01,5.800834468637506802e+01,5.772641538292945995e+01,5.736964833593946622e+01,5.694040722623516615e+01,5.644156945286181326e+01,5.587648949739744353e+01,5.524895720148451517e+01,5.456315167413496425e+01,5.382359159429585560e+01,5.303508270913077638e+01,5.220266334910746764e+01,5.133154878715204461e+01,5.042707526098577375e+01,4.949464445572760241e+01,4.853966920864006340e+01,4.756752115049818030e+01,4.658348093970109005e+01,4.559269167737738115e+01,4.460011601598930753e+01,4.361049739208939258e+01,4.262832572778575724e+01,4.165780785702972366e+01,4.070284284393798657e+01,3.976700227283038203e+01,3.885351550522233310e+01,3.796525981923063853e+01,3.710475527312370048e+01,3.627416406825195594e+01,3.547529412827962858e+01,3.470960656221267016e+01,3.397822663863803427e+01,3.328195786807165746e+01,3.262129876933569506e+01,3.199646188421158399e+01,3.140739460180873621e+01,3.085380135953842640e+01,3.033516680053900316e+01,2.985077948699241546e+01,2.939975579405668427e+01,2.898106363911097105e+01,2.859354573464747418e+01,2.823594208942916950e+01,2.790691152047739365e+01,2.760505197712521408e+01,2.732891951690843158e+01,2.707704581069050320e+01,2.684795409045206327e+01,2.664017348704609134e+01,2.645225173646134920e+01,2.628276626139239625e+01,2.613033365993393531e+01,2.599361765485100051e+01,2.587133557506727044e+01,2.576226345579044619e+01
3.046796166849104637e+01,3.091157086836503254e+01,3.137876744555239483e+01,3.187022640394348372e+01,3.238663250585784681e+01,3.292866624590141811e+01,3.349698546106206010e+01,3.409220267158209339e+01,3.471485843265897131e+01,3.536539116238436264e+01,3.604410408814145228e+01,3.675113011377895589e+01,3.748639554578158339e+01,3.824958372194853951e+01,3.904009965577257191e+01,3.985703684043247819e+01,4.069914734652306265e+01,4.156481629763932517e+01,4.245204171976462248e+01,4.335842063775359634e+01,4.428114214007749183e+01,4.521698795748699240e+01,4.616234090913353327e+01,4.711320136809331416e+01,4.806521169427722384e+01,4.901368838315876530e+01,4.995366148978173726e+01,5.087992071445823683e+01,5.178706738379534613e+01,5.266957143150048637e+01,5.352183238003134136e+01,5.433824324776544756e+01,5.511325625720678545e+01,5.584144919722899658e+01,5.651759129521131797e+01,5.713670748134315858e+01,5.769413997517757764e+01,5.818560619126338196e+01,5.860725204382485032e+01,5.895569982739124271e+01,5.922808995844373214e+01,5.942211598007466478e+01,5.953605235496752357e+01,5.956877469945771253e+01,5.951977224088314244e+01,5.938915240984154309e+01,5.917763760640170290e+01,5.888655430290071990e+01,5.851781476392999792e+01,5.807389177476618869e+01,5.755778687124835358e+01,5.697299265545588298e+01,5.632344986116221719e+01,5.561349989976686459e+01,5.484783367027660006e+01,5.403143745519750496e+01,5.316953674745527536e+01,5.226753886150967787e+01,5.133097517480985061e+01,5.036544382408658294e+01,4.937655364544768588e+01,4.836987009886281186e+01,4.735086385769838557e+01,4.632486267401932878e+01,4.529700705213058143e+01,4.427221017815340076e+01,4.325512246426576723e+01,4.225010097457897018e+01,4.126118390744526465e+01,4.029207021820356971e+01,3.934610437876832378e+01,3.842626618768687763e+01,3.753516546778373453e+01,3.667504141949965657e+01,3.584776633750877295e+01,3.505485334689041110e+01,3.429746777351886067e+01,3.357644173163892276e+01,3.289229148979287487e+01,3.224523716410966045e+01,3.163522428500542816e+01,3.106194678894426886e+01,3.052487100028825040e+01,3.002326018852903644e+01,2.955619931235347053e+01,2.912261959301617154e+01,2.872132259431191414e+01,2.835100352400522539e+01,2.801027351086087691e+01,2.769768065145984437e+01,2.741172966088719676e+01,2.715090000033723072e+01,2.691366239199437160e+01,2.669849366662144519e+01,2.650388992163795621e+01,2.632837799673054135e+01,2.617052529994630206e+01,2.602894803962191261e+01,2.590231793633912005e+01,2.578936750439875070e+01
3.033954530033787833e+01,3.079033173810195123e+01,3.126702483934751697e+01,3.177041459114857247e+01,3.230127637977849986e+01,3.286035472069062280e+01,3.344834316554108256e+01,3.406586052427727651e+01,3.471342370527214882e+01,3.539141764063401752e+01,3.610006291978837822e+01,3.683938189503970051e+01,3.760916414149499332e+01,3.840893224481708046e+01,3.923790894935311968e+01,4.009498672327295310e+01,4.097870078504432456e+01,4.188720658707333655e+01,4.281826266940453252e+01,4.376921968218712067e+01,4.473701623455761478e+01,4.571818206500039850e+01,4.670884885011038534e+01,4.770476878131483289e+01,4.870134084887030212e+01,4.969364458543267915e+01,5.067648084331622726e+01,5.164441901513325206e+01,5.259184996093839715e+01,5.351304377949236368e+01,5.440221145907646871e+01,5.525356936580583778e+01,5.606140547513559369e+01,5.682014622502063617e+01,5.752442286614152778e+01,5.816913620439496668e+01,5.874951867174283393e+01,5.926119272150641137e+01,5.970022462110147643e+01,6.006317280675276038e+01,6.034713006857609940e+01,6.054975894826132077e+01,6.066931985312937314e+01,6.070469151733122715e+01,6.065538357119941537e+01,6.052154111110086632e+01,6.030394129247521562e+01,6.000398209601817001e+01,5.962366353920715767e+01,5.916556172065001107e+01,5.863279619126551268e+01,5.802899124239694117e+01,5.735823178509803455e+01,5.662501456570284830e+01,5.583419551930447255e+01,5.499093410411111904e+01,5.410063548529484478e+01,5.316889144669065104e+01,5.220142090266924129e+01,5.120401086114208766e+01,5.018245865275024897e+01,4.914251619191493603e+01,4.808983697395767365e+01,4.702992644053229299e+01,4.596809626494875545e+01,4.490942302156192767e+01,4.385871161128011408e+01,4.282046372049906324e+01,4.179885149544364253e+01,4.079769651998582702e+01,3.982045409437350258e+01,3.887020272664829434e+01,3.794963866935753316e+01,3.706107526274433894e+01,3.620644678295611385e+01,3.538731644070255555e+01,3.460488813271256703e+01,3.386002151551556949e+01,3.315324994848177909e+01,3.248480084044254568e+01,3.185461793110499684e+01,3.126238504422179432e+01,3.070755086326910543e+01,3.018935430129354813e+01,2.970685006359537539e+01,2.925893403394583814e+01,2.884436815099619622e+01,2.846180448033349109e+01,2.810980822821660041e+01,2.778687948438594191e+01,2.749147352255743826e+01,2.722201952745557918e+01,2.697693765578540592e+01,2.675465437477437192e+01,2.655361605533475355e+01,2.637230082712345336e+01,2.620922872954061233e+01,2.606297021585115914e+01,2.593215308707359057e+01,2.581546794808749823e+01
3.023774611411621649e+01,3.069589557375365985e+01,3.118206351964452239e+01,3.169714353239026394e+01,3.224199298666161440e+01,3.281741475766304461e+01,3.342413557503644483e+01,3.406278120104551022e+01,3.473384875700339336e+01,3.543767666764019708e+01,3.617441283096202653e+01,3.694398174482252983e+01,3.774605142510926470e+01,3.858000102915665508e+01,3.944489014781640890e+01,4.033943074788625438e+01,4.126196273203282061e+01,4.221043403607272637e+01,4.318238610499203389e+01,4.417494548214200023e+01,4.518482211448035457e+01,4.620831482521884936e+01,4.724132423908163503e+01,4.827937327019512992e+01,4.931763510411360585e+01,5.035096842914910553e+01,5.137395950314801496e+01,5.238097048470514494e+01,5.336619331640586239e+01,5.432370832515543668e+01,5.524754660330717826e+01,5.613175515567534291e+01,5.697046374240797206e+01,5.775795231622361570e+01,5.848871794423142489e+01,5.915754011850981442e+01,5.975954339448726671e+01,6.029025635031108266e+01,6.074566593195405773e+01,6.112226633578206503e+01,6.141710168056566488e+01,6.162780183228774433e+01,6.175261086534121091e+01,6.179040777058285983e+01,6.174071915194742388e+01,6.160372378666617976e+01,6.138024905733363568e+01,6.107175939489439997e+01,6.068033699791116220e+01,6.020865521311677071e+01,5.965994507325467566e+01,5.903795558871633631e+01,5.834690847781096323e+01,5.759144809520375929e+01,5.677658737792728516e+01,5.590765067250887910e+01,5.499021433457964037e+01,5.403004600359440701e+01,5.303304345011608234e+01,5.200517387195933594e+01,5.095241447916627919e+01,4.988069515742361659e+01,4.879584393655562735e+01,4.770353591680994043e+01,4.660924622266955453e+01,4.551820746390551164e+01,4.443537208864525212e+01,4.336537991553371540e+01,4.231253103374051250e+01,4.128076416267579418e+01,4.027364046975502276e+01,3.929433275615821231e+01,3.834561983881765457e+01,3.742988588315305520e+01,3.654912437641244338e+01,3.570494637665346005e+01,3.489859262792079164e+01,3.413094909827935197e+01,3.340256547402292142e+01,3.271367613032974475e+01,3.206422309539462390e+01,3.145388053095672021e+01,3.088208026632898395e+01,3.034803794456242088e+01,2.985077936719245173e+01,2.938916665701312070e+01,2.896192389537316458e+01,2.856766193046448876e+01,2.820490209488714939e+01,2.787209861339476191e+01,2.756765952419894816e+01,2.728996597868362173e+01,2.703738982410182601e+01,2.680830941116549937e+01,2.660112360287947553e+01,2.641426399212049958e+01,2.624620536304475849e+01,2.609547445525750931e+01,2.596065710973308782e+01,2.584040389176447405e+01
3.015841226257777308e+01,3.062394787821645181e+01,3.111941687278740787e+01,3.164580581342321253e+01,3.220404596401301944e+01,3.279499317368792077e+01,3.341940482038764770e+01,3.407791402088247423e+01,3.477100145032910916e+01,3.549896524424121935e+01,3.626188957793465306e+01,3.705961262749833907e+01,3.789169470702587716e+01,3.875738744480757703e+01,3.965560490294647167e+01,4.058489755804400545e+01,4.154343004401848560e+01,4.252896351183593993e+01,4.353884338621253391e+01,4.456999319857647635e+01,4.561891505210375897e+01,4.668169713259334941e+01,4.775402852301504453e+01,4.883122141476250277e+01,4.990824064010234906e+01,5.097974028303312366e+01,5.204010696447284090e+01,5.308350924663665893e+01,5.410395246433873950e+01,5.509533817080126994e+01,5.605152728474321577e+01,5.696640594573473493e+01,5.783395302706825447e+01,5.864830822013130529e+01,5.940383959135564140e+01,6.009520952166469954e+01,6.071743796797171910e+01,6.126596203537735619e+01,6.173669091571387924e+01,6.212605533120285628e+01,6.243105071929018379e+01,6.264927350412920504e+01,6.277894991951914250e+01,6.281895697511962595e+01,6.276883529013496599e+01,6.262879365402747567e+01,6.239970530980348684e+01,6.208309608962930071e+01,6.168112466264118154e+01,6.119655527852776089e+01,6.063272350562350965e+01,5.999349556683849016e+01,5.928322196893967089e+01,5.850668619891806088e+01,5.766904932411674167e+01,5.677579137948180232e+01,5.583265045509071456e+01,5.484556040973966162e+01,5.382058813193989266e+01,5.276387124865578215e+01,5.168155714535707546e+01,5.057974410962447820e+01,4.946442534612269526e+01,4.834143653497395832e+01,4.721640752037353650e+01,4.609471862379219687e+01,4.498146197850012129e+01,4.388140818165946655e+01,4.279897845907328957e+01,4.173822243797550868e+01,4.070280152699645981e+01,3.969597781145824911e+01,3.872060828804656296e+01,3.777914418702510346e+01,3.687363506359477583e+01,3.600573728355810488e+01,3.517672648265285318e+01,3.438751354401144056e+01,3.363866361415728790e+01,3.293041766449268692e+01,3.226271610186547179e+01,3.163522393782837128e+01,3.104735704076859548e+01,3.049830901719798248e+01,2.998707829707682393e+01,2.951249503195785451e+01,2.907324745281832534e+01,2.866790737554100588e+01,2.829495458498829663e+01,2.795279987242761166e+01,2.763980654473108345e+01,2.735431026640839036e+01,2.709463713636784021e+01,2.685911993968668909e+01,2.664611255007926260e+01,2.645400249077588484e+01,2.628122168988283391e+01,2.612625549081336374e+01,2.598764999899815109e+01,2.586401786283160575e+01
3.009766575838821723e+01,3.057045664509585947e+01,3.107490836928793243e+01,3.161209059306809621e+01,3.218300085864114379e+01,3.278854285081684594e+01,3.342950206657807399e+01,3.410651913368410248e+01,3.482006113870711772e+01,3.557039144097168304e+01,3.635753855752371067e+01,3.718126480057953387e+01,3.804103542836019614e+01,3.893598912888694485e+01,3.986491069109530372e+01,4.082620672637305859e+01,4.181788528525122217e+01,4.283754016847985469e+01,4.388234066016996593e+01,4.494902731514446259e+01,4.603391431604749329e+01,4.713289878175667980e+01,4.824147726139845815e+01,4.935476949228085175e+01,5.046754933996479053e+01,5.157428267906868768e+01,5.266917181860186759e+01,5.374620592964801347e+01,5.479921679959995373e+01,5.582193911887954130e+01,5.680807440556377941e+01,5.775135759240136935e+01,5.864562524057283355e+01,5.948488430589933529e+01,6.026338036622102123e+01,6.097566422305637701e+01,6.161665581574636263e+01,6.218170443104887113e+01,6.266664425426225904e+01,6.306784438784293201e+01,6.338225255834814931e+01,6.360743184041047726e+01,6.374158984519322502e+01,6.378359994813192912e+01,6.373301426435354244e+01,6.359006821753698091e+01,6.335567668662845620e+01,6.303142185223308758e+01,6.261953299817127316e+01,6.212285865118121109e+01,6.154483156074259398e+01,6.088942712933736345e+01,6.016111599919072717e+01,5.936481158296853522e+01,5.850581339164473604e+01,5.758974706174949887e+01,5.662250201577799658e+01,5.561016770338007831e+01,5.455896936716595036e+01,5.347520425603171645e+01,5.236517917170447589e+01,5.123515018193565140e+01,5.009126526796849532e+01,4.893951059636387413e+01,4.778566101799977872e+01,4.663523530223687175e+01,4.549345651412880898e+01,4.436521783945509156e+01,4.325505405854156749e+01,4.216711876749816668e+01,4.110516734670318328e+01,4.007254558296381219e+01,3.907218376543546867e+01,3.810659599747718573e+01,3.717788439827665314e+01,3.628774781012511141e+01,3.543749458019408394e+01,3.462805894981409693e+01,3.386002055955177781e+01,3.313362656454457067e+01,3.244881585106952571e+01,3.180524485148000480e+01,3.120231446956102062e+01,3.063919765101877246e+01,3.011486716312252554e+01,2.962812318228994002e+01,2.917762032745696743e+01,2.876189381921364330e+01,2.837938448876768049e+01,2.802846240573096992e+01,2.770744893850584845e+01,2.741463710477415461e+01,2.714831011147363782e+01,2.690675802301478825e+01,2.668829253280535241e+01,2.649125984599426076e+01,2.631405171043029867e+01,2.615511465797865043e+01,2.601295753948491551e+01,2.588615745385336808e+01
3.005191014525073001e+01,3.053168085778500540e+01,3.104466095752396981e+01,3.159199396067126742e+01,3.217473651922663436e+01,3.279383523720154159e+01,3.345010119676023663e+01,3.414418246323890571e+01,3.487653494502677631e+01,3.564739208857092478e+01,3.645673398580227342e+01,3.730425655670730123e+01,3.818934153955895994e+01,3.911102807198039955e+01,4.006798667476487452e+01,4.105849645527437275e+01,4.208042632727598686e+01,4.313122099919814900e+01,4.420789241389886826e+01,4.530701723192223085e+01,4.642474083945349150e+01,4.755678823499430052e+01,4.869848200889572354e+01,4.984476748135631397e+01,5.099024491153241456e+01,5.212920853721994519e+01,5.325569205520774574e+01,5.436352001064685879e+01,5.544636443303298279e+01,5.649780593959920338e+01,5.751139842652787593e+01,5.848073638633617577e+01,5.939952382748684556e+01,6.026164373063117097e+01,6.106122695533434097e+01,6.179271951164925269e+01,6.245094713208099790e+01,6.303117612053472385e+01,6.352916951465799400e+01,6.394123767516922641e+01,6.426428250865092195e+01,6.449583463697265984e+01,6.463408294490878347e+01,6.467789606533912661e+01,6.462683549626015633e+01,6.448116018313891118e+01,6.424182254131093828e+01,6.391045603350327298e+01,6.348935455452013343e+01,6.298144400608659765e+01,6.239024656735007568e+01,6.171983827829397740e+01,6.097480065226632462e+01,6.016016711816514118e+01,5.928136516109251630e+01,5.834415508136449802e+01,5.735456632492272888e+01,5.631883235311354241e+01,5.524332501656937211e+01,5.413448937704443864e+01,5.299877988341073376e+01,5.184259875486294789e+01,5.067223735728448730e+01,4.949382127954218902e+01,4.831325972728101448e+01,4.713619975480435897e+01,4.596798575319498070e+01,4.481362450730921410e+01,4.367775602800820423e+01,4.256463026122041526e+01,4.147808967426849591e+01,4.042155762425836230e+01,3.939803232490859131e+01,3.841008614842155566e+01,3.745986992900898827e+01,3.654912187533240342e+01,3.567918065095368974e+01,3.485100214516582184e+01,3.406517943126229397e+01,3.332196539511627975e+01,3.262129751335162808e+01,3.196282426666793697e+01,3.134593268912812647e+01,3.076977657739277916e+01,3.023330491385680929e+01,2.973529009321436689e+01,2.927435558192523501e+01,2.884900268316782146e+01,2.845763612496110184e+01,2.809858823510916181e+01,2.777014151243827911e+01,2.747054944853394431e+01,2.719805549703531611e+01,2.695091012782396689e+01,2.672738594059814332e+01,2.652579084592858649e+01,2.634447935164838839e+01,2.618186201815962022e+01,2.603641316787511428e+01,2.590667695158887796e+01
3.001783430669588881e+01,3.050417501772939488e+01,3.102510239493722821e+01,3.158182515721559724e+01,3.217545229729284983e+01,3.280696862021078175e+01,3.347720825145754731e+01,3.418682640736240330e+01,3.493626981764420947e+01,3.572574628418572473e+01,3.655519394718532311e+01,3.742425090592373493e+01,3.833222590287927289e+01,3.927807082370480174e+01,4.026035578913796087e+01,4.127724761648880758e+01,4.232649240698849269e+01,4.340540297089437161e+01,4.451085173558431052e+01,4.563926969448704085e+01,4.678665184885339556e+01,4.794856947294772453e+01,4.912018939957283692e+01,5.029630038060600583e+01,5.147134643027078482e+01,5.263946691108827025e+01,5.379454297763896875e+01,5.493024985500918689e+01,5.604011430038944752e+01,5.711757648063922232e+01,5.815605539823781811e+01,5.914901691493069791e+01,6.009004335812980457e+01,6.097290365083953390e+01,6.179162288220839372e+01,6.254055023296790949e+01,6.321442418782856976e+01,6.380843400478443783e+01,6.431827646830893741e+01,6.474020702834914687e+01,6.507108451829610374e+01,6.530840875088941289e+01,6.545035040923947633e+01,6.549577277852766599e+01,6.544424500000846479e+01,6.529604667007444618e+01,6.505216375064752299e+01,6.471427590026743815e+01,6.428473547520314924e+01,6.376653858401635233e+01,6.316328870468085199e+01,6.247915348820048109e+01,6.171881547450724526e+01,6.088741753337674822e+01,5.999050391362960966e+01,5.903395783682108799e+01,5.802393660619360816e+01,5.696680521753494020e+01,5.586906945583286443e+01,5.473730944075102656e+01,5.357811454588373579e+01,5.239802056276093367e+01,5.120344991228651566e+01,5.000065562559963439e+01,4.879566972538270875e+01,4.759425653967905134e+01,4.640187137573023790e+01,4.522362487361102978e+01,4.406425325092646972e+01,4.292809454284352455e+01,4.181907083841404926e+01,4.074067641646905003e+01,3.969597159405375209e+01,3.868758201888788051e+01,3.771770306584516419e+01,3.678810893681887961e+01,3.590016601413631747e+01,3.505484998016401477e+01,3.425276618988012700e+01,3.349417276868324933e+01,3.277900590402337855e+01,3.210690680583289236e+01,3.147724982628389512e+01,3.088917125304225308e+01,3.034159832077153851e+01,2.983327802193988632e+01,2.936280533875106613e+01,2.892865056202156282e+01,2.852918540885238485e+01,2.816270769786473949e+01,2.782746438753153839e+01,2.752167282879846510e+01,2.724354012692415239e+01,2.699128054858137915e+01,2.676313094818382510e+01,2.655736422170271993e+01,2.637230082660981623e+01,2.620631843284543905e+01,2.605785979179374579e+01,2.592543892818598295e+01
2.999241292339219456e+01,3.048479021556704538e+01,3.101296702915197301e+01,3.157820916691164825e+01,3.218167155331811102e+01,3.282437265379164870e+01,3.350716708563446389e+01,3.423071673386476732e+01,3.499546077412274769e+01,3.580158509037939041e+01,3.664899165375357626e+01,3.753726849684652933e+01,3.846566097240574322e+01,3.943304502302007108e+01,4.043790320765495494e+01,4.147830422954645258e+01,4.255188668739206292e+01,4.365584772777518197e+01,4.478693721196219713e+01,4.594145792596871303e+01,4.711527226110742106e+01,4.830381567566999479e+01,4.950211711998089470e+01,5.070482647013164978e+01,5.190624887381115116e+01,5.310038576840458546e+01,5.428098219052289153e+01,5.544157986077407685e+01,5.657557540109186078e+01,5.767628292718630689e+01,5.873700015819888876e+01,5.975107710156098051e+01,6.071198630507809924e+01,6.161339362166316391e+01,6.244922840577247314e+01,6.321375205486695137e+01,6.390162382414628439e+01,6.450796287798408457e+01,6.502840559616876703e+01,6.545915722609646537e+01,6.579703706201124191e+01,6.603951643747015510e+01,6.618474893538039794e+01,6.623159234890641756e+01,6.617962206377200118e+01,6.602913567530450223e+01,6.578114879919436930e+01,6.543738218050889088e+01,6.500024034814599361e+01,6.447278219883035888e+01,6.385868402325613857e+01,6.316219560456412552e+01,6.238809012375050855e+01,6.154160869587848737e+01,6.062840043349835639e+01,5.965445898825681326e+01,5.862605655749337075e+01,5.754967635931735970e+01,5.643194457731870983e+01,5.527956275519646567e+01,5.409924158313118170e+01,5.289763696298356166e+01,5.168128917003412681e+01,5.045656584692574143e+01,4.922960947290533085e+01,4.800628985072749799e+01,4.679216204711779881e+01,4.559243011297483861e+01,4.441191679896154199e+01,4.325503937314437053e+01,4.212579154208940224e+01,4.102773137731244191e+01,3.996397505697240149e+01,3.893719614967612586e+01,3.794963009442497537e+01,3.700308346896062517e+01,3.609894758863049447e+01,3.523821593965870136e+01,3.442150492434434739e+01,3.364907738091694256e+01,3.292086833700928139e+01,3.223651246220338606e+01,3.159537270092397065e+01,3.099656959102142295e+01,3.043901080451849239e+01,2.992142048395086817e+01,2.944236798924006848e+01,2.900029571483544544e+01,2.859354568372668837e+01,2.822038467270191830e+01,2.787902767084073119e+01,2.756765951972494122e+01,2.728445462838255864e+01,2.702759469784175650e+01,2.679528442878569194e+01,2.658576522072386794e+01,2.639732690202153975e+01,2.622831755686977573e+01,2.607715153776486261e+01,2.594231577033127678e+01
2.997290405922569079e+01,3.047067222766858663e+01,3.100529450989691327e+01,3.157808615437674149e+01,3.219024193302815462e+01,3.284280959064247440e+01,3.353666167528045605e+01,3.427246608063583722e+01,3.505065571323080320e+01,3.587139777552707898e+01,3.673456322736561930e+01,3.763969704944639005e+01,3.858598998091605381e+01,3.957225243599437903e+01,4.059689131987545352e+01,4.165789046039763832e+01,4.275279534834103856e+01,4.387870283552055639e+01,4.503225637661364544e+01,4.620964731907181999e+01,4.740662264729398601e+01,4.861849947479464618e+01,4.984018645412168524e+01,5.106621214183213198e+01,5.229076021820716136e+01,5.350771132196765478e+01,5.471069112243142740e+01,5.589312411862773899e+01,5.704829252997252098e+01,5.816939952907168987e+01,5.924963596662187371e+01,6.028224965342219122e+01,6.126061619702396399e+01,6.217831034194970385e+01,6.302917673371766938e+01,6.380739901870136777e+01,6.450756620431207011e+01,6.512473523688154842e+01,6.565448880730357928e+01,6.609298746595695206e+01,6.643701521728959847e+01,6.668401786897840111e+01,6.683213352875085889e+01,6.688021477145782967e+01,6.682784213727001088e+01,6.667532876620286686e+01,6.642371612168010131e+01,6.607476090358775878e+01,6.563091339628243759e+01,6.509528763640662419e+01,6.447162391634311973e+01,6.376424425913037908e+01,6.297800160731264185e+01,6.211822355950319974e+01,6.119065156271790329e+01,6.020137652454395294e+01,5.915677184610414940e+01,5.806342489419279929e+01,5.692806792896706014e+01,5.575750948269909202e+01,5.455856714628082926e+01,5.333800266476066554e+01,5.210246017286581832e+01,5.085840831820833330e+01,4.961208692590106040e+01,4.836945875600697775e+01,4.713616679709958390e+01,4.591749742774160126e+01,4.471834966538350642e+01,4.354321061143328109e+01,4.239613709429328026e+01,4.128074341103392442e+01,4.020019497486908477e+01,3.915720759122670103e+01,3.815405201118250034e+01,3.719256334824237342e+01,3.627415489350210009e+01,3.539983582534882345e+01,3.457023228306697149e+01,3.378561125866764314e+01,3.304590675741695804e+01,3.235074768412362545e+01,3.169948692830598347e+01,3.109123114579706026e+01,3.052487076596475646e+01,2.999910979125814592e+01,2.951249499795097009e+01,2.906344419245593258e+01,2.865027322518568553e+01,2.827122151246270576e+01,2.792447586534478532e+01,2.760819247145934696e+01,2.732051692117498121e+01,2.705960221196012228e+01,2.682362470400201104e+01,2.661079803563512769e+01,2.641938503854202125e+01,2.624770771985262030e+01,2.609415540110899911e+01,2.595719112261650707e+01
2.995684431917284485e+01,3.045925708284616107e+01,3.099942587457089616e+01,3.157870818444117589e+01,3.219833284108208460e+01,3.285937263246007944e+01,3.356271546864864774e+01,3.430903443270492659e+01,3.509875714167456096e+01,3.593203491171747999e+01,3.680871228651547966e+01,3.772829754363488064e+01,3.868993483673031619e+01,3.969237866006382376e+01,4.073397133388292701e+01,4.181262420337137087e+01,4.292580321935085408e+01,4.407051952548134466e+01,4.524332561480613890e+01,4.644031753914754290e+01,4.765714355966907334e+01,4.888901951796424328e+01,5.013075108681805858e+01,5.137676293114230930e+01,5.262113467557651347e+01,5.385764343906394913e+01,5.507981256159374084e+01,5.628096601742619498e+01,5.745428788553724075e+01,5.859288613458179640e+01,5.968985987896488865e+01,6.073836917690240256e+01,6.173170637257560855e+01,6.266336793418000184e+01,6.352712570899301170e+01,6.431709650626768848e+01,6.502780892912301169e+01,6.565426640753841525e+01,6.619200543555437832e+01,6.663714808590435723e+01,6.698644796324637696e+01,6.723732886123625008e+01,6.738791550687705012e+01,6.743705590556268703e+01,6.738433493943482233e+01,6.723007901730122171e+01,6.697535172349222421e+01,6.662194056263498965e+01,6.617233504437328406e+01,6.562969649356460877e+01,6.499782010459483672e+01,6.428108988049449124e+01,6.348442720612381152e+01,6.261323389772667269e+01,6.167333064693465872e+01,6.067089183452870316e+01,5.961237772708919636e+01,5.850446508769220344e+01,5.735397723011545423e+01,5.616781452512745432e+01,5.495288632831523756e+01,5.371604524291429783e+01,5.246402455995813341e+01,5.120337963377616575e+01,4.994043385568687654e+01,4.868122978508613130e+01,4.743148588753902573e+01,4.619655921651100527e+01,4.498141426154357703e+01,4.379059807341864996e+01,4.262822166843770333e+01,4.149794761142869959e+01,4.040298358230612052e+01,3.934608164547704234e+01,3.832954286634183916e+01,3.735522685549089772e+01,3.642456576953595970e+01,3.553858225811119098e+01,3.469791081940207533e+01,3.390282201129986106e+01,3.315324896137268951e+01,3.244881562550643395e+01,3.178886626133468596e+01,3.117249560733486291e+01,3.059857929050252068e+01,3.006580402354695991e+01,2.957269719527015894e+01,2.911765550389862511e+01,2.869897233137304227e+01,2.831486360577310180e+01,2.796349194806354888e+01,2.764298894720328548e+01,2.735147545349759213e+01,2.708707982316169449e+01,2.684795408681046069e+01,2.663228805053782011e+01,2.643832137008240579e+01,2.626435366610121491e+01,2.610875277171876974e+01,2.596996122232051363e+01
2.994204198057892441e+01,3.044826450213724200e+01,3.099299740827498439e+01,3.157763361976130767e+01,3.220343049798913881e+01,3.287148177096447199e+01,3.358268813788381379e+01,3.433772691121521348e+01,3.513702112594430815e+01,3.598070861232044848e+01,3.686861158837452024e+01,3.780020737908065342e+01,3.877460090788149927e+01,3.979049963125925160e+01,4.084619159636164198e+01,4.193952729409586766e+01,4.306790595481234618e+01,4.422826689049946225e+01,4.541708642664855944e+01,4.663038088953251759e+01,4.786371602199618280e+01,4.911222309488383075e+01,5.037062186422954824e+01,5.163325039894181145e+01,5.289410167279793029e+01,5.414686668115805901e+01,5.538498371000947884e+01,5.660169325584354283e+01,5.779009797245005586e+01,5.894322690780521867e+01,6.005410319345359227e+01,6.111581426246014104e+01,6.212158360215282471e+01,6.306484299614167099e+01,6.393930417775302999e+01,6.473902880491684186e+01,6.545849567513059242e+01,6.609266412840327121e+01,6.663703263563201062e+01,6.708769163884045383e+01,6.744136979685029587e+01,6.769547289362088804e+01,6.784811478466866674e+01,6.789813988733973815e+01,6.784513686065074012e+01,6.768944326710814607e+01,6.743214115937711028e+01,6.707504368581965082e+01,6.662067295765208996e+01,6.607222956373676936e+01,6.543355425389700031e+01,6.470908243540287685e+01,6.390379223745993897e+01,6.302314699301397383e+01,6.207303306421295019e+01,6.105969399611610271e+01,5.998966202183644469e+01,5.886968796084461530e+01,5.770667055072028262e+01,5.650758623174257878e+01,5.527942036434322404e+01,5.402910080298011053e+01,5.276343467816415256e+01,5.148904915322726339e+01,5.021233682624168182e+01,4.893940634273472057e+01,4.767603867405946971e+01,4.642764940206258473e+01,4.519925723559626363e+01,4.399545887091019836e+01,4.282041019832821860e+01,4.167781375395295385e+01,4.057091221928968139e+01,3.950248768518815723e+01,3.847486632061156087e+01,3.748992802237686561e+01,3.654912056976518642e+01,3.565347776804880908e+01,3.480364103749366222e+01,3.399988388895663860e+01,3.324213872323696961e+01,3.253002539806753646e+01,3.186288102306847492e+01,3.123979046800747739e+01,3.065961710209117186e+01,3.012103332045465010e+01,2.962255045719734170e+01,2.916254773092289199e+01,2.873929991749924895e+01,2.835100349446330625e+01,2.799580105103627048e+01,2.767180380609303114e+01,2.737711212276592221e+01,2.710983395192145196e+01,2.686810117692760613e+01,2.665008386847038224e+01,2.645400249035771623e+01,2.627813812507448787e+01,2.612084081125007984e+01,2.598053610420631188e+01
2.992656845602847326e+01,3.043568957081682314e+01,3.098393263538979170e+01,3.157271954803644576e+01,3.220333092343918224e+01,3.287687745085452207e+01,3.359427004670975947e+01,3.435618917105270498e+01,3.516305374368948122e+01,3.601499015801484660e+01,3.691180194603515474e+01,3.785294069451893506e+01,3.883747884735960554e+01,3.986408505112898126e+01,4.093100270781368977e+01,4.203603238964782918e+01,4.317651874504345244e+01,4.434934248163928316e+01,4.555091795272348065e+01,4.677719679753575122e+01,4.802367799551034011e+01,4.928542459112139085e+01,5.055708723177248487e+01,5.183293453858835420e+01,5.310689020173749242e+01,5.437257656092491231e+01,5.562336430092942408e+01,5.685242776451867286e+01,5.805280526370696492e+01,5.921746365793078581e+01,6.033936636694393485e+01,6.141154389944394154e+01,6.242716590772243279e+01,6.337961372572221563e+01,6.426255231415136393e+01,6.507000052270768720e+01,6.579639858655463058e+01,6.643667180205088130e+01,6.698628937504464886e+01,6.744131750300752515e+01,6.779846583870127574e+01,6.805512658632366652e+01,6.820940559917281121e+01,6.826014497846851725e+01,6.820693681345022696e+01,6.805012785037284573e+01,6.779081502951487437e+01,6.743083198166790737e+01,6.697272672563524054e+01,6.641973095292500773e+01,6.577572142210317452e+01,6.504517411039682884e+01,6.423311188160531060e+01,6.334504652501761512e+01,6.238691609806694771e+01,6.136501856452470349e+01,6.028594275926365498e+01,5.915649772958012420e+01,5.798364150183826382e+01,5.677441030131367938e+01,5.553584921355957249e+01,5.427494521878729472e+01,5.299856345840098015e+01,5.171338750701310971e+01,5.042586432630825755e+01,4.914215447148041704e+01,4.786808800924793417e+01,4.660912649125116047e+01,4.537033121055144136e+01,4.415633785445388071e+01,4.297133755629202767e+01,4.181906424424728641e+01,4.070278808858647324e+01,3.962531476145224474e+01,3.858899014678704020e+01,3.759571007304121082e+01,3.664693458861089681e+01,3.574370625974690086e+01,3.488667194294233553e+01,3.407610746822627590e+01,3.331194466578823210e+01,3.259380017513469596e+01,3.192100549254890751e+01,3.129263773785467961e+01,3.070755065413551321e+01,3.016440539282537259e+01,2.966170068013333250e+01,2.919780200776493118e+01,2.877096954007550877e+01,2.837938447991706070e+01,2.802117368540221065e+01,2.769443237859432472e+01,2.739724483386257603e+01,2.712770297756713944e+01,2.688392287125913427e+01,2.666405908722835605e+01,2.646631701768410849e+01,2.628896318691511524e+01,2.613033365937090480e+01,2.598884065577390601e+01
2.990874840243111521e+01,3.041979295805979788e+01,3.097043275623721570e+01,3.156211254766118657e+01,3.219613114723458835e+01,3.287361234522890641e+01,3.359547471101377880e+01,3.436240066723334508e+01,3.517480527500153187e+01,3.603280522902622351e+01,3.693618861329524350e+01,3.788438601085987756e+01,3.887644359326982624e+01,3.991099883451813923e+01,4.098625949942417890e+01,4.209998654607227309e+01,4.324948155551702200e+01,4.443157925921295970e+01,4.564264567575349929e+01,4.687858229422424472e+01,4.813483665296314484e+01,4.940641956137660884e+01,5.068792910067958246e+01,5.197358141931920272e+01,5.325724821298702238e+01,5.453250065028738902e+01,5.579265937619669558e+01,5.703085009934662963e+01,5.824006414879091409e+01,5.941322327407501547e+01,6.054324786175242679e+01,6.162312765439953210e+01,6.264599398680852005e+01,6.360519250019576987e+01,6.449435526040437594e+01,6.530747119124556832e+01,6.603895373994579643e+01,6.668370471831917712e+01,6.723717331050076496e+01,6.769540930513024080e+01,6.805510969559972523e+01,6.831365789478846295e+01,6.846915492861202779e+01,6.852044210338392816e+01,6.846711478278066920e+01,6.830952705823230531e+01,6.804878724876871843e+01,6.768674431956465298e+01,6.722596545945005175e+01,6.666970520333178740e+01,6.602186662279576979e+01,6.528695523430349112e+01,6.447002638682778297e+01,6.357662698729023276e+01,6.261273250095710807e+01,6.158468022365650540e+01,6.049909986239045878e+01,5.936284248021259913e+01,5.818290886019408248e+01,5.696637832244213939e+01,5.572033898846682121e+01,5.445182043010844097e+01,5.316772956751618295e+01,5.187479059438476980e+01,5.057948961113068265e+01,4.928802454042723014e+01,4.800626078711468381e+01,4.673969298860072996e+01,4.549341308506245696e+01,4.427208482355389663e+01,4.307992469884992204e+01,4.192068922863848002e+01,4.079766836337941527e+01,3.971368474335099563e+01,3.867109843837152994e+01,3.767181674034489447e+01,3.671730852574010129e+01,3.580862266465655352e+01,3.494640992521411249e+01,3.413094780632437875e+01,3.336216772786538343e+01,3.263968401409378828e+01,3.196282412279320795e+01,3.133065959803632339e+01,3.074203725728299474e+01,3.019561016253327423e+01,2.968986796906158077e+01,2.922316629254190801e+01,2.879375478484158535e+01,2.839980365919038263e+01,2.803942845569433118e+01,2.771071288724402493e+01,2.741172965287853813e+01,2.714055914985781470e+01,2.689530605646058348e+01,2.667411379439438690e+01,2.647517691235272608e+01,2.629675146048449719e+01,2.613716344927967583e+01,2.599481550565807098e+01
2.988714874880366068e+01,3.039908995754178989e+01,3.095096580062048019e+01,3.154423805968431438e+01,3.218021890925034967e+01,3.286004149586953105e+01,3.358462949308108136e+01,3.435466601654822227e+01,3.517056234328298103e+01,3.603242693393634966e+01,3.694003530564113191e+01,3.789280134279807299e+01,3.888975066256365665e+01,3.992949666892068450e+01,4.101021993265659660e+01,4.212965152325344320e+01,4.328506089191132844e+01,4.447324886242186892e+01,4.569054622855961156e+01,4.693281838370601378e+01,4.819547632163686046e+01,4.947349424827918085e+01,5.076143393464651865e+01,5.205347582327871692e+01,5.334345677680792619e+01,5.462491423040485472e+01,5.589113638262848838e+01,5.713521793447196018e+01,5.835012076702075490e+01,5.952873883690677559e+01,6.066396646828992090e+01,6.174876913287381086e+01,6.277625573764478162e+01,6.373975138547975661e+01,6.463286953802059998e+01,6.544958249436807307e+01,6.618428910391136810e+01,6.683187865721657772e+01,6.738778994514160559e+01,6.784806454254579933e+01,6.820939345799516218e+01,6.846915639315665203e+01,6.862545297316506776e+01,6.867712543979320117e+01,6.862377244011489097e+01,6.846575369161898550e+01,6.820418545732476900e+01,6.784092691816704246e+01,6.737855768153450242e+01,6.682034681117846731e+01,6.617021390170710049e+01,6.543268284770218202e+01,6.461282907057449165e+01,6.371622106338479341e+01,6.274885719318213972e+01,6.171709876055814448e+01,6.062760035617878884e+01,5.948723857360317879e+01,5.830304013680204633e+01,5.708211047998257470e+01,5.583156377761547162e+01,5.455845536534683049e+01,5.326971741954875483e+01,5.197209867670268579e+01,5.067210887595300051e+01,4.937596850153029493e+01,4.808956428893308299e+01,4.681841084242809359e+01,4.556761859419028582e+01,4.434186821976297921e+01,4.314539151282550478e+01,4.198195861663805317e+01,4.085487141186997917e+01,3.976696277238646360e+01,3.872060132324064341e+01,3.771770126952975488e+01,3.675973681153128325e+01,3.584776062091985693e+01,3.498242582484346030e+01,3.416401092889074675e+01,3.339244710592642917e+01,3.266734728460343717e+01,3.198803648808134881e+01,3.135358289894872996e+01,3.076282915930751471e+01,3.021442345411404418e+01,2.970684996983549908e+01,2.923845836793428887e+01,2.880749196233891851e+01,2.841211434067090735e+01,2.805043421944163029e+01,2.772052837269047743e+01,2.742046252071729739e+01,2.714831010991344584e+01,2.690216895560751453e+01,2.668017575684476839e+01,2.648051852478580770e+01,2.630144699474239189e+01,2.614128111569306157e+01,2.599841773047374005e+01
2.986056687574036062e+01,3.037233858297455669e+01,3.092425473132432145e+01,3.151778859622143258e+01,3.215426107353253116e+01,3.283481103630698783e+01,3.356036473803094822e+01,3.433160465147797424e+01,3.514893818903435374e+01,3.601246680264161171e+01,3.692195600726518734e+01,3.787680690914684334e+01,3.887602984722104793e+01,3.991822077136083635e+01,4.100154098321156937e+01,4.212370085323296820e+01,4.328194810052505659e+01,4.447306117978897788e+01,4.569334826251129300e+01,4.693865222773382584e+01,4.820436199257427745e+01,4.948543041538414400e+01,5.077639889683709384e+01,5.207142868840978167e+01,5.336433879601318608e+01,5.464865024152047113e+01,5.591763631934333034e+01,5.716437836183339272e+01,5.838182640894844155e+01,5.956286406709025982e+01,6.070037674193358868e+01,6.178732234288615643e+01,6.281680348476058384e+01,6.378214015721350449e+01,6.467694179608511718e+01,6.549517767412150704e+01,6.623124453243798371e+01,6.688003039877959566e+01,6.743697358399047914e+01,6.789811591348413344e+01,6.826014933480909974e+01,6.852045514409508087e+01,6.867713519127848087e+01,6.872903455422195407e+01,6.867575531250467691e+01,6.851766119986118042e+01,6.825587306688427702e+01,6.789225523947082763e+01,6.742939301032410526e+01,6.687056164743955833e+01,6.621968744181324951e+01,6.548130144376906969e+01,6.466048665071133428e+01,6.376281950654476560e+01,6.279430665261953948e+01,6.176131793046923946e+01,6.067051667688882333e+01,5.952878837162319314e+01,5.834316869716494125e+01,5.712077204943550157e+01,5.586872149844802493e+01,5.459408114083220198e+01,5.330379171313039421e+01,5.200461024814068622e+01,5.070305445862592819e+01,4.940535242594822307e+01,4.811739805824186078e+01,4.684471266626159291e+01,4.559241288765325351e+01,4.436518507459994964e+01,4.316726614795561545e+01,4.200243081521769284e+01,4.087398495189538039e+01,3.978476485757883552e+01,3.873714202058101108e+01,3.773303295934555734e+01,3.677391365549715374e+01,3.586083805273847958e+01,3.499446006773474949e+01,3.417505854335486504e+01,3.340256457057399331e+01,3.267659061217776895e+01,3.199646087814653939e+01,3.136124242809418661e+01,3.076977650913383400e+01,3.022070967672551944e+01,2.971252429007633111e+01,2.924356802117362975e+01,2.881208206623726653e+01,2.841622779904805896e+01,2.805411165611455004e+01,2.772380809295675874e+01,2.742338049802370037e+01,2.715089999516622754e+01,2.690446210654777559e+01,2.668220128492287557e+01,2.648230335701937221e+01,2.630301594812683774e+01,2.614265698184689768e+01,2.599962136833731208e+01
2.982801814363667603e+01,3.033852691702760040e+01,3.088926469587978119e+01,3.148171098185879302e+01,3.211719094962408860e+01,3.279684568558434421e+01,3.352160153345482030e+01,3.429213893872270091e+01,3.510886123854228913e+01,3.597186389342215307e+01,3.688090470047414726e+01,3.783537556315805972e+01,3.883427641767065097e+01,3.987619192986723959e+01,4.095927157758055870e+01,4.208121372041749453e+01,4.323925423191290918e+01,4.443016022701887380e+01,4.565022936141761534e+01,4.689529510858798744e+01,4.816073833685042160e+01,4.944150541307119084e+01,5.073213295399720124e+01,5.202677923230573498e+01,5.331926212466237303e+01,5.460310336587090774e+01,5.587157874922638712e+01,5.711777379119567399e+01,5.833464426132577074e+01,5.951508086856811275e+01,6.065197729563843154e+01,6.173830068608055655e+01,6.276716361660422194e+01,6.373189653196381954e+01,6.462611958274962376e+01,6.544381278918329770e+01,6.617938345714864568e+01,6.682772979658193435e+01,6.738429973687297547e+01,6.784514399848563926e+01,6.820696256352924536e+01,6.846714378897678444e+01,6.862379552269686656e+01,6.867576771211963660e+01,6.862266613555031824e+01,6.846485703396186295e+01,6.820346257344229457e+01,6.784034722211191593e+01,6.737809527701399759e+01,6.681997992299855582e+01,6.616992434389104005e+01,6.543245553338645948e+01,6.461265156654944519e+01,6.371608319028291589e+01,6.274875067081457303e+01,6.171701689673979985e+01,6.062753777653203002e+01,5.948719098925329263e+01,5.830300414653276420e+01,5.708208340326750374e+01,5.583154351494056300e+01,5.455844028235480891e+01,5.326970625173534302e+01,5.197209045164940733e+01,5.067210285036804862e+01,4.937596411066988367e+01,4.808956110627511293e+01,4.681840854775811778e+01,4.556761694852913536e+01,4.434186704581047422e+01,4.314539067981484521e+01,4.198195802868789883e+01,4.085487099908832676e+01,3.976696248412261525e+01,3.872060112300107448e+01,3.771770113117325707e+01,3.675973671644035079e+01,3.584776055591158439e+01,3.498242578063676689e+01,3.416401089898894128e+01,3.339244708580788057e+01,3.266734727113907866e+01,3.198803647911811154e+01,3.135358289301354873e+01,3.076282915539826845e+01,3.021442345155285381e+01,2.970684996816640577e+01,2.923845836685233479e+01,2.880749196164128634e+01,2.841211434022346793e+01,2.805043421915617685e+01,2.772052837250933521e+01,2.742046252060295686e+01,2.714831010984165616e+01,2.690216895556267929e+01,2.668017575681691511e+01,2.648051852476859480e+01,2.630144699473181191e+01,2.614128111568659207e+01,2.599841773046980720e+01
2.978872293497663293e+01,3.029685988088846926e+01,3.084518959462833010e+01,3.143519279564144853e+01,3.206819468699575282e+01,3.274533517557668461e+01,3.346753825077493616e+01,3.423548091521359993e+01,3.504956211339264627e+01,3.590987215185489845e+01,3.681616314584076122e+01,3.776782106068280598e+01,3.876383993977829334e+01,3.980279892341690839e+01,4.088284266280007273e+01,4.200166572030980916e+01,4.315650151982632110e+01,4.434411636936742696e+01,4.556080902261334131e+01,4.680241617646261432e+01,4.806432421950090372e+01,4.934148745238972822e+01,5.062845289729256848e+01,5.191939170145781191e+01,5.320813702216685215e+01,5.448822815884440729e+01,5.575296057580794695e+01,5.699544133860139539e+01,5.820864937085389812e+01,5.938549982985021813e+01,6.051891180011694615e+01,6.160187841779295326e+01,6.262753846660940127e+01,6.358924843092108858e+01,6.448065395404353239e+01,6.529575963240185388e+01,6.602899607852494057e+01,6.667528320909107720e+01,6.723008875796202233e+01,6.768948107786027890e+01,6.805017537700479124e+01,6.830957263713203531e+01,6.846579057496359155e+01,6.851768613803852759e+01,6.846486916526774280e+01,6.830770698968849786e+01,6.804731991259539825e+01,6.768556763128621867e+01,6.722502685382323762e+01,6.666896048027044230e+01,6.602127886773848786e+01,6.528649382338224427e+01,6.446966608265836385e+01,6.357634712741976557e+01,6.261251627795508057e+01,6.158451405348056795e+01,6.049897283593210062e+01,5.936274589175688732e+01,5.818283580582770753e+01,5.696632336113446371e+01,5.572029785854737582e+01,5.445178981409895869e+01,5.316770689867961153e+01,5.187477389887045831e+01,5.057947738017773531e+01,4.928801562769800171e+01,4.800625432683899163e+01,4.673968833079560170e+01,4.549340974463918741e+01,4.427208244062212117e+01,4.307992300797438645e+01,4.192068803519571674e+01,4.079766752550008846e+01,3.971368415822246334e+01,3.867109803191790718e+01,3.767181645950380187e+01,3.671730833272103212e+01,3.580862253270038309e+01,3.494640983548174518e+01,3.413094774562860323e+01,3.336216768702801261e+01,3.263968398676333038e+01,3.196282410459929935e+01,3.133065958598887590e+01,3.074203724934786663e+01,3.019561015733447817e+01,2.968986796567359576e+01,2.922316629034571633e+01,2.879375478342550210e+01,2.839980365828214914e+01,2.803942845511490845e+01,2.771071288687633327e+01,2.741172965264644290e+01,2.714055914971208949e+01,2.689530605636957361e+01,2.667411379433784901e+01,2.647517691231779224e+01,2.629675146046302459e+01,2.613716344926654855e+01,2.599481550565008448e+01
2.974209334873642874e+01,3.024674556516633572e+01,3.079143810764169586e+01,3.137764815720682776e+01,3.200669688626640408e+01,3.267971975477065882e+01,3.339763600953698841e+01,3.416111778022307988e+01,3.497055921594139249e+01,3.582604615236436274e+01,3.672732683874311022e+01,3.767378428591287332e+01,3.866441081854976858e+01,3.969778542628513662e+01,4.077205450759717564e+01,4.188491658675832241e+01,4.303361155689552930e+01,4.421491496112621888e+01,4.542513776882893239e+01,4.666013203583071345e+01,4.791530275645280312e+01,4.918562612312878457e+01,5.046567430721709968e+01,5.174964676451325829e+01,5.303140795294535081e+01,5.430453123036097907e+01,5.556234857971293906e+01,5.679800568996992638e+01,5.800452180642582078e+01,5.917485365643410944e+01,6.030196265857701832e+01,6.137888453734348815e+01,6.239880039379385579e+01,6.335510822741009207e+01,6.424149386701874676e+01,6.505200025059816937e+01,6.578109399580444006e+01,6.642372822556362166e+01,6.697540065603007520e+01,6.743220601704648232e+01,6.779088195695085517e+01,6.804884768268371431e+01,6.820423470075077432e+01,6.825590915240951517e+01,6.820348537484794349e+01,6.804733046622578740e+01,6.778855978315969821e+01,6.742902345135331643e+01,6.697128412034999201e+01,6.641858633862307215e+01,6.577481806234499118e+01,6.504446493732707779e+01,6.423255810621314765e+01,6.334461638980776144e+01,6.238658377058393967e+01,6.136476316655220842e+01,6.028574752386877122e+01,5.915634927637174201e+01,5.798352921973378926e+01,5.677432582763200486e+01,5.553578599825647899e+01,5.427489816301027759e+01,5.299852861716146890e+01,5.171336184656904322e+01,5.042584552774486895e+01,4.914214077291531169e+01,4.786807808002144071e+01,4.660911933236131688e+01,4.537032607643321569e+01,4.415633419196787202e+01,4.297133495747318932e+01,4.181906240996589474e+01,4.070278680079412936e+01,3.962531386212937434e+01,3.858898952208149780e+01,3.759570964139790306e+01,3.664693429194708330e+01,3.574370605693471248e+01,3.488667180502670817e+01,3.407610737493890696e+01,3.331194460302258165e+01,3.259380013312870261e+01,3.192100546458548038e+01,3.129263771933815974e+01,3.070755064193948769e+01,3.016440538483499978e+01,2.966170067492610940e+01,2.919780200438945883e+01,2.877096953789903466e+01,2.837938447852113555e+01,2.802117368451165902e+01,2.769443237802919455e+01,2.739724483350585515e+01,2.712770297734316571e+01,2.688392287111925327e+01,2.666405908714146022e+01,2.646631701763041278e+01,2.628896318688211053e+01,2.613033365935072538e+01,2.598884065576163493e+01
2.968771966228030834e+01,3.018778124100225568e+01,3.072761930238674921e+01,3.130870298148834152e+01,3.193234555366097638e+01,3.259967489645168826e+01,3.331160319355565491e+01,3.406879627294225088e+01,3.487164302005607652e+01,3.572022535118546216e+01,3.661428927007590772e+01,3.755321756108524056e+01,3.853600469315965427e+01,3.956123451932454316e+01,4.062706135509576200e+01,4.173119500533034909e+01,4.287089028194013451e+01,4.404294151429087378e+01,4.524368250005024805e+01,4.646899227713414859e+01,4.771430701799629048e+01,4.897463825693412076e+01,5.024459756080644013e+01,5.151842764534841024e+01,5.279003982518604232e+01,5.405305756798043149e+01,5.530086580434607413e+01,5.652666552788051035e+01,5.772353310648269087e+01,5.888448361976805501e+01,6.000253744041255999e+01,6.107078919211071621e+01,6.208247814576934331e+01,6.303105906055660768e+01,6.391027243914528810e+01,6.471421314821334647e+01,6.543739635686844736e+01,6.607481976756980657e+01,6.662202115628535637e+01,6.707513030052888325e+01,6.743091445457251609e+01,6.768681662907911800e+01,6.784098604576354319e+01,6.789230026421088837e+01,6.784037861505498768e+01,6.768558671848272468e+01,6.742903201641576061e+01,6.707255039754315362e+01,6.661868414341088851e+01,6.607065156783751547e+01,6.543230885796620555e+01,6.470810475043595034e+01,6.390302878788877194e+01,6.302255399710598027e+01,6.207257490865388405e+01,6.105934189763839015e+01,5.998939286509780544e+01,5.886948329927986379e+01,5.770651575560710000e+01,5.650746977406504357e+01,5.527933321403515521e+01,5.402903593062698917e+01,5.276338664509923859e+01,5.148901377705256976e+01,5.021231091003926394e+01,4.893938745752637942e+01,4.767602498536218292e+01,4.642763953262551979e+01,4.519925015756351172e+01,4.399545382170900609e+01,4.282040661552704819e+01,4.167781122516355197e+01,4.057091044390470813e+01,3.950248644535759013e+01,3.847486545937577773e+01,3.748992742730185768e+01,3.654912016077651060e+01,3.565347748844648379e+01,3.480364084735948893e+01,3.399988376034818316e+01,3.324213863670655655e+01,3.253002534015694636e+01,3.186288098451734996e+01,3.123979044248010695e+01,3.065961708527740370e+01,3.012103330943890356e+01,2.962255045001852949e+01,2.916254772626937353e+01,2.873929991449870514e+01,2.835100349253884744e+01,2.799580104980853079e+01,2.767180380531392458e+01,2.737711212227414137e+01,2.710983395161267850e+01,2.686810117673476483e+01,2.665008386835058474e+01,2.645400249028368833e+01,2.627813812502898827e+01,2.612084081122226209e+01,2.598053610418939385e+01
2.962535665790063177e+01,3.011973915295370929e+01,3.065352792797208537e+01,3.122817981193366776e+01,3.184499651258912678e+01,3.250509532894729148e+01,3.320937914015568282e+01,3.395850606019742202e+01,3.475285919507575016e+01,3.559251698182502821e+01,3.647722462524326659e+01,3.740636717718857085e+01,3.837894482320865563e+01,3.939355095089945280e+01,4.044835357262159192e+01,4.154108066117511555e+01,4.266900993014490950e+01,4.382896355058792182e+01,4.501730824256749486e+01,4.622996111412830800e+01,4.746240154237280962e+01,4.870968930241897255e+01,4.996648905159968024e+01,5.122710117001908259e+01,5.248549884651008313e+01,5.373537118336376750e+01,5.497017197634735197e+01,5.618317371103558600e+01,5.736752620496577038e+01,5.851631922021443444e+01,5.962264827523437560e+01,6.067968280061975861e+01,6.168073571311377634e+01,6.261933342761138732e+01,6.348928528980319186e+01,6.428475139374039315e+01,6.500030774986376514e+01,6.563100779036648191e+01,6.617243924012903733e+01,6.662077544237388338e+01,6.697282030766882599e+01,6.722604615153348107e+01,6.737862379782340838e+01,6.742944445004184217e+01,6.737813296819280140e+01,6.722505233190069873e+01,6.697129921824722487e+01,6.661869077195524369e+01,6.616974279298956674e+01,6.562763970919097289e+01,6.499619683618794852e+01,6.427981555071752950e+01,6.348343211409045495e+01,6.261246097764635721e+01,6.167273347986026266e+01,6.067043290390202515e+01,5.961202690401395898e+01,5.850419832862873193e+01,5.735377546775976754e+01,5.616766273238107487e+01,5.495277273524956740e+01,5.371596068728126738e+01,5.246396195291499964e+01,5.120333352392039927e+01,4.994040007610594500e+01,4.868120516981214507e+01,4.743146804547828310e+01,4.619654635253337460e+01,4.498140503592571804e+01,4.379059149221136238e+01,4.262821699855898316e+01,4.149794431536530226e+01,4.040298126824176705e+01,3.934608002946261252e+01,3.832954174379374024e+01,3.735522607986089128e+01,3.642456523645376620e+01,3.553858189367318232e+01,3.469791057157823388e+01,3.390282184366960649e+01,3.315324884858760157e+01,3.244881555002486806e+01,3.178886621108654964e+01,3.117249557406208993e+01,3.059857926858719424e+01,3.006580400918886653e+01,2.957269718591318153e+01,2.911765549783315876e+01,2.869897232746208360e+01,2.831486360326473317e+01,2.796349194646328939e+01,2.764298894618779201e+01,2.735147545285659376e+01,2.708707982275923243e+01,2.684795408655910620e+01,2.663228805038167479e+01,2.643832136998592119e+01,2.626435366604190946e+01,2.610875277168251074e+01,2.596996122229846193e+01
2.955490989708448524e+01,3.004255218213611300e+01,3.056912948999831769e+01,3.113608233193981079e+01,3.174469737786843027e+01,3.239607849941833706e+01,3.309111712012072815e+01,3.383046225819890651e+01,3.461449069333220052e+01,3.544327772999460535e+01,3.631656906522441375e+01,3.723375429648209689e+01,3.819384262424710386e+01,3.919544131295783984e+01,4.023673747175669035e+01,4.131548370242190060e+01,4.242898813526658586e+01,4.357410933436798217e+01,4.474725650127690102e+01,4.594439534169964645e+01,4.716105988323504050e+01,4.839237044511745012e+01,4.963305786442031575e+01,5.087749397897445647e+01,5.211972825729084491e+01,5.335353035221945106e+01,5.457243824028537915e+01,5.576981149511491509e+01,5.693888913366735949e+01,5.807285137070014969e+01,5.916488452254192509e+01,6.020824821822782980e+01,6.119634400657874096e+01,6.212278439384108708e+01,6.298146130969971779e+01,6.376661298112059484e+01,6.447288819446323771e+01,6.509540694707420982e+01,6.562981653011618732e+01,6.607234214423277763e+01,6.641983122783662452e+01,6.666979077295076195e+01,6.682041701379571919e+01,6.687061699650323021e+01,6.682002167190793784e+01,6.666899029452558523e+01,6.641860605656350458e+01,6.607066303301513699e+01,6.562764465939783065e+01,6.509269410439500803e+01,6.446957703256150296e+01,6.376263737456228142e+01,6.297674683161709197e+01,6.211724893474603704e+01,6.118989855625617480e+01,6.020079782933085255e+01,5.915632947067204839e+01,5.806308852049248515e+01,5.692781351380574506e+01,5.575731807743954249e+01,5.455842390946132525e+01,5.333789604311191823e+01,5.210238122760903678e+01,5.085835017531864111e+01,4.961204433104980183e+01,4.836942771702115351e+01,4.713614429889496193e+01,4.591748120672290412e+01,4.471833803220719261e+01,4.354320231276473407e+01,4.239613120574215088e+01,4.128073925481510997e+01,4.020019205691615127e+01,3.915720555348993059e+01,3.815405059568924884e+01,3.719256237020049127e+01,3.627415422130440703e+01,3.539983536580544410e+01,3.457023197056992103e+01,3.378561104729183739e+01,3.304590661519897310e+01,3.235074758894405988e+01,3.169948686494486623e+01,3.109123110384127386e+01,3.052487073833030706e+01,2.999910977315309779e+01,2.951249498615215572e+01,2.906344418480759373e+01,2.865027322025410683e+01,2.827122150929973898e+01,2.792447586332691856e+01,2.760819247017884237e+01,2.732051692036670687e+01,2.705960221145263134e+01,2.682362470368506280e+01,2.661079803543823274e+01,2.641938503842035502e+01,2.624770771977783923e+01,2.609415540106327924e+01,2.595719112258869998e+01
2.947642201524356409e+01,2.995629945875999667e+01,3.047454519194910105e+01,3.103257964764733146e+01,3.163167119336121758e+01,3.227290758002561688e+01,3.295716672567756689e+01,3.368508721460044342e+01,3.445703893691987219e+01,3.527309433357233104e+01,3.613300074560494579e+01,3.703615439351692373e+01,3.798157653051025306e+01,3.896789232189107821e+01,3.999331300043276372e+01,4.105562183345967497e+01,4.215216441116821500e+01,4.327984372697578408e+01,4.443512046948919192e+01,4.561401888234338031e+01,4.681213847334064582e+01,4.802467176900823631e+01,4.924642821620274447e+01,5.047186423032846392e+01,5.169511928199202799e+01,5.291005780259740732e+01,5.411031657680409523e+01,5.528935717836476726e+01,5.644052289814571566e+01,5.755709951165004412e+01,5.863237914059016020e+01,5.965972638136278761e+01,6.063264580485041222e+01,6.154484987874672441e+01,6.239032632722286564e+01,6.316340392449286867e+01,6.385881571959520642e+01,6.447175870992916202e+01,6.499794902077832148e+01,6.543367170675114153e+01,6.577582436784815911e+01,6.602195386635190744e+01,6.617028553914285283e+01,6.621974442119935134e+01,6.616996812744990564e+01,6.602131117904770008e+01,6.577484070358195822e+01,6.543232358364377887e+01,6.499620527142397464e+01,6.446958062555688684e+01,6.385615725729381609e+01,6.316021199354110394e+01,6.238654117185283354e+01,6.154040557497607722e+01,6.062747088824816188e+01,5.965374462069957673e+01,5.862551046924231457e+01,5.754926112440065111e+01,5.643163051573118594e+01,5.527932647588291104e+01,5.409906476511964968e+01,5.289750534439567531e+01,5.168119171643684950e+01,5.045649407271171327e+01,4.922955689189349471e+01,4.800625153479885654e+01,4.679213427431596983e+01,4.559241008901535253e+01,4.441190243844228291e+01,4.325502912889240292e+01,4.212578427299543193e+01,4.102772624668786250e+01,3.996397145491926040e+01,3.893719363420164115e+01,3.794962834707604316e+01,3.700308226162147207e+01,3.609894675883924009e+01,3.523821537237755308e+01,3.442150453858384651e+01,3.364907711998508688e+01,3.292086816144896488e+01,3.223651234470942484e+01,3.159537262270814040e+01,3.099656953922930214e+01,3.043901077040527881e+01,2.992142046160117630e+01,2.944236797467507216e+01,2.900029570539398804e+01,2.859354567763892518e+01,2.822038466879740781e+01,2.787902766834978152e+01,2.756765951814422877e+01,2.728445462738478611e+01,2.702759469721528518e+01,2.679528442839443869e+01,2.658576522048081259e+01,2.639732690187134878e+01,2.622831755677746202e+01,2.607715153770842065e+01,2.594231577029695401e+01
2.939005910250117637e+01,2.986119199704020843e+01,3.037003682410053784e+01,3.091799043171661054e+01,3.150629983195590711e+01,3.213603412539212911e+01,3.280805578612060458e+01,3.352299168186341660e+01,3.428120424680751910e+01,3.508276326349653829e+01,3.592741874299061067e+01,3.681457541828514479e+01,3.774326938337624426e+01,3.871214741823104077e+01,3.971944953727530248e+01,4.076299528505731473e+01,4.184017427693082425e+01,4.294794144463066488e+01,4.408281739649574149e+01,4.524089424013891403e+01,4.641784714220382568e+01,4.760895181644085028e+01,4.880910803894271055e+01,5.001286918956653693e+01,5.121447771316226749e+01,5.240790628528719708e+01,5.358690435686220610e+01,5.474504964309954858e+01,5.587580401647724671e+01,5.697257316402389904e+01,5.802876927816251396e+01,5.903787597015801225e+01,5.999351452798035211e+01,6.088951058804308047e+01,6.171996025442751233e+01,6.247929468112143070e+01,6.316234213337500591e+01,6.376438656395853855e+01,6.428122177890867306e+01,6.470920032482325723e+01,6.504527630501280555e+01,6.528704142348921380e+01,6.543275366212050415e+01,6.548135811517192906e+01,6.543249963444063155e+01,6.528652707455879067e+01,6.504448906888740112e+01,6.470812140872547502e+01,6.427982623925906580e+01,6.376264342174940936e+01,6.316021454001456448e+01,6.247674014758661798e+01,6.171693095759329140e+01,6.088595376830211592e+01,5.998937299165011439e+01,5.903308870864066193e+01,5.802327221335663410e+01,5.696630002610518773e+01,5.586868735592737778e+01,5.473702197387521551e+01,5.357789942200938071e+01,5.239786043031561746e+01,5.120333134633706607e+01,5.000056830221629411e+01,4.879560575321785620e+01,4.759420992298572628e+01,4.640183758622723786e+01,4.522360051165995998e+01,4.406423577934361191e+01,4.292808207927630093e+01,4.181906199454319761e+01,4.074067017434569493e+01,3.969596721165164155e+01,3.868757895846088957e+01,3.771770093995046835e+01,3.678810746792171216e+01,3.590016500457903703e+01,3.505484928998706096e+01,3.425276572054844593e+01,3.349417245122310760e+01,3.277900569042965628e+01,3.210690666288503081e+01,3.147724973112338631e+01,3.088917119002988443e+01,3.034159827926803743e+01,2.983327799474835729e+01,2.936280532103070939e+01,2.892865055053470869e+01,2.852918540144576909e+01,2.816270769311435629e+01,2.782746438450095283e+01,2.752167282687530658e+01,2.724354012571022565e+01,2.699128054781919417e+01,2.676313094770781120e+01,2.655736422140700626e+01,2.637230082642708950e+01,2.620631843273312711e+01,2.605785979172507894e+01,2.592543892814422435e+01
2.929609723161059520e+01,2.975755842185411026e+01,3.025599167843940052e+01,3.079276701653209258e+01,3.136910725716530024e+01,3.198606049235311133e+01,3.264447193469889896e+01,3.334495551909972733e+01,3.408786566594221057e+01,3.487326965264002610e+01,3.570092107216213861e+01,3.657023488205676642e+01,3.748026456417261443e+01,3.842968192270559769e+01,3.941676004540015299e+01,4.043935993894118752e+01,4.149492132424484225e+01,4.258045804020687797e+01,4.369255845549643169e+01,4.482739122748358795e+01,4.598071667597195500e+01,4.714790395799046507e+01,4.832395413970631637e+01,4.950352916406591675e+01,5.068098660982897030e+01,5.185042003123626841e+01,5.300570455983538665e+01,5.414054734330527907e+01,5.524854229288644802e+01,5.632322851365722727e+01,5.735815170280057629e+01,5.834692772245127657e+01,5.928330748781932868e+01,6.016124225993210217e+01,6.097494839711754366e+01,6.171897060151651004e+01,6.238824269733766670e+01,6.297814499670797517e+01,6.348455734684297624e+01,6.390390700843105520e+01,6.423321058872295453e+01,6.447010934251831316e+01,6.461289725834181752e+01,6.466054146350518295e+01,6.461269460806917664e+01,6.446969902128466856e+01,6.423258257206141764e+01,6.390304630442632572e+01,6.348344405678486879e+01,6.297675440713079098e+01,6.238654541232211415e+01,6.171693272549612885e+01,6.097253177925252032e+01,6.015840481130983619e+01,5.928000358224914379e+01,5.834310869039845215e+01,5.735376642603765873e+01,5.631822412551245804e+01,5.524286498558863201e+01,5.413414327994546227e+01,5.299852088400906069e+01,5.184240596265124879e+01,5.067209460925126052e+01,4.949371614614356929e+01,4.831318270769185830e+01,4.713614363041688904e+01,4.596794507216371528e+01,4.481359517662349390e+01,4.367773499301374329e+01,4.256461525564995441e+01,4.147807902664852975e+01,4.042155010902455814e+01,3.939802704869492800e+01,3.841008246380606295e+01,3.745986736952806240e+01,3.654912010684674328e+01,3.567917943549245763e+01,3.485100131422402114e+01,3.406517886620820690e+01,3.332196501290864887e+01,3.262129725619446674e+01,3.196282409456519247e+01,3.134593257455918192e+01,3.076977650152874588e+01,3.023330486388847405e+01,2.973529006047699852e+01,2.927435556059072752e+01,2.884900266933816582e+01,2.845763611604387222e+01,2.809858822938991807e+01,2.777014150878958887e+01,2.747054944621854844e+01,2.719805549557379720e+01,2.695091012690632581e+01,2.672738594002504442e+01,2.652579084557256195e+01,2.634447935142839015e+01,2.618186201802439683e+01,2.603641316779244264e+01,2.590667695153859995e+01
2.919490919158109676e+01,2.964583085485422487e+01,3.013290756739156606e+01,3.065747952573938662e+01,3.122074274739096822e+01,3.182372213625561841e+01,3.246724395532789487e+01,3.315190806635538934e+01,3.387806033681075490e+01,3.464576565073004133e+01,3.545478199071659020e+01,3.630453608238639873e+01,3.719410110857091922e+01,3.812217700762509764e+01,3.908707386728761435e+01,4.008669891196174007e+01,4.111854755650151105e+01,4.217969896332120072e+01,4.326681649188616063e+01,4.437615337067435917e+01,4.550356385210338317e+01,4.664452003158207560e+01,4.779413442395654243e+01,4.894718829563728235e+01,5.009816565034536495e+01,5.124129266264387184e+01,5.237058224836000875e+01,5.347988335692077300e+01,5.456293446986701667e+01,5.561342069475476535e+01,5.662503375662832639e+01,5.759153411249283749e+01,5.850681434979320983e+01,5.936496297966245095e+01,6.016032770120404649e+01,6.088757719554509862e+01,6.154176050870557191e+01,6.211836310091840119e+01,6.261335867693527035e+01,6.302325596664375240e+01,6.334513969714659254e+01,6.357670508504205742e+01,6.371628527930729291e+01,6.376287129890247485e+01,6.371612413262316466e+01,6.357637879924253355e+01,6.334464030081581143e+01,6.302257153827078184e+01,6.261247339314558502e+01,6.211725730966316661e+01,6.154041083446767146e+01,6.088595668470599520e+01,6.015840601636890028e+01,5.936270665189677942e+01,5.850418709733313705e+01,5.758849723351953287e+01,5.662154660213230528e+01,5.560944122537065937e+01,5.455841989787096225e+01,5.347479087141865506e+01,5.236486981815092179e+01,5.123491990744312119e+01,5.009109476714471043e+01,4.893938502313764616e+01,4.778556902441430054e+01,4.663516826625689049e+01,4.549340792397181588e+01,4.436518280635540634e+01,4.325502893396505044e+01,4.216710084457434959e+01,4.110515462899398642e+01,4.007253660663310058e+01,3.907217746343078346e+01,3.810659159650602845e+01,3.717788134118649879e+01,3.628774569781396053e+01,3.543749312842527388e+01,3.462805795732223402e+01,3.386001988464099099e+01,3.313362610802887787e+01,3.244881554391637479e+01,3.180524464591738365e+01,3.120231433271780830e+01,3.063919756040539966e+01,3.011486710343944395e+01,2.962812314318783535e+01,2.917762030197465251e+01,2.876189380269525486e+01,2.837938447811678344e+01,2.802846239889980140e+01,2.770744893414778787e+01,2.741463710200860504e+01,2.714831010972797287e+01,2.690675802191874411e+01,2.668829253212083330e+01,2.649125984556901869e+01,2.631405171016752931e+01,2.615511465781714051e+01,2.601295753938617139e+01,2.588615745379331656e+01
2.908695148451642609e+01,2.952653102736837454e+01,3.000137802461368608e+01,3.051280013442434225e+01,3.106196418639440182e+01,3.164986990178560333e+01,3.227732304276902653e+01,3.294490834188360395e+01,3.365296260215538382e+01,3.440154839339313497e+01,3.519042879987330252e+01,3.601904369775201786e+01,3.688648805595960312e+01,3.779149276100930877e+01,3.873240846319150421e+01,3.970719292830754910e+01,4.071340235491066295e+01,4.174818708169261328e+01,4.280829206317148561e+01,4.389006243446812050e+01,4.498945441826694491e+01,4.610205174989460630e+01,4.722308771096321323e+01,4.834747276962835372e+01,4.946982772787883675e+01,5.058452217529110584e+01,5.168571794641907502e+01,5.276741717765413853e+01,5.382351446126422445e+01,5.484785250172099325e+01,5.583428059462066528e+01,5.677671517367983967e+01,5.766920160846139964e+01,5.850597638645619014e+01,5.928152877944882704e+01,5.999066107692929961e+01,6.062854646952614246e+01,6.119078368347118158e+01,6.167344750299172063e+01,6.207313437086071417e+01,6.238700232728595552e+01,6.261280463264728979e+01,6.274891651865611664e+01,6.279435462333601237e+01,6.274878878551700723e+01,6.261254600176298624e+01,6.238660648010278464e+01,6.207259185777677857e+01,6.167274578158759368e+01,6.118990717652353339e+01,6.062747664839942985e+01,5.998937657680101410e+01,5.928000555334153887e+01,5.850418790517328205e+01,5.766711911321324635e+01,5.677430798741691120e+01,5.583151649685012785e+01,5.484469816988250557e+01,5.381993597961005094e+01,5.276338061207064101e+01,5.168118998081750703e+01,5.057947080218367830e+01,4.946422298265947859e+01,4.834128749503159383e+01,4.721629833532597331e+01,4.609463906034628167e+01,4.498140430797262468e+01,4.388136660168805747e+01,4.279894863929762749e+01,4.173820116567397065e+01,4.070278643264312279e+01,3.969596715766004991e+01,3.872060080834373252e+01,3.777913896361476986e+01,3.687363143520556008e+01,3.600573477650511478e+01,3.517672475958220701e+01,3.438751236604592521e+01,3.363866281312137119e+01,3.293041712266482790e+01,3.226271573731254705e+01,3.163522369385087174e+01,3.104735687835256996e+01,3.049830890965107955e+01,2.998707822624036368e+01,2.951249498554847861e+01,2.907324742257395300e+01,2.866790735593571426e+01,2.829495457234698819e+01,2.795279986431985719e+01,2.763980653955860234e+01,2.735431026312602398e+01,2.709463713429595444e+01,2.685911993838582035e+01,2.664611254926682093e+01,2.645400249027117567e+01,2.628122168957095894e+01,2.612625549062167352e+01,2.598764999888095062e+01,2.586401786276033121e+01
2.897275164295873751e+01,2.940025668775574275e+01,2.986207776707406936e+01,3.035948754995025212e+01,3.089362152605501777e+01,3.146545242977347101e+01,3.207576411442985176e+01,3.272512521860549839e+01,3.341386300443294033e+01,3.414203778164227288e+01,3.490941835980454755e+01,3.571545899351004039e+01,3.655927830003948742e+01,3.743964063543700149e+01,3.835494041190975878e+01,3.930318982646415549e+01,4.028201044714489854e+01,4.128862906890590523e+01,4.231987820599474048e+01,4.337220153203382722e+01,4.444166451327019729e+01,4.552397040556348884e+01,4.661448170269626701e+01,4.770824703388824872e+01,4.880003341359700642e+01,4.988436364861802730e+01,5.095555860816793370e+01,5.200778396418397165e+01,5.303510091372026380e+01,5.403152030531610706e+01,5.499105950876368354e+01,5.590780129493467854e+01,5.677595393120413547e+01,5.758991165028854908e+01,5.834431461749010595e+01,5.903410750458092338e+01,5.965459577870051078e+01,6.020149883210857666e+01,6.067099911346780061e+01,6.105978647313857266e+01,6.136509700294270431e+01,6.158474573379252348e+01,6.171715265089260782e+01,6.176136159397894687e+01,6.171705172703838826e+01,6.158454138568173164e+01,6.136478423819204409e+01,6.105935782547694402e+01,6.067044467294294918e+01,6.020080629092453961e+01,5.965375049710657152e+01,5.903309260191285546e+01,5.834311109387316208e+01,5.758849854460966355e+01,5.677430852071562128e+01,5.590589934124314198e+01,5.498887555397820392e+01,5.402902802078584443e+01,5.303227350210818258e+01,5.200459461364184932e+01,5.095198099515821610e+01,4.988037248354827113e+01,4.879560502098598818e+01,4.770335995637636017e+01,4.660911731596169716e+01,4.551811352923124332e+01,4.443530400132005553e+01,4.336533082513766146e+01,4.231249582773753559e+01,4.128073904804315930e+01,4.027362264896875388e+01,3.929432017800687049e+01,3.834561100808588918e+01,3.742987971625890964e+01,3.654912009264172923e+01,3.570494341676147343e+01,3.489859059361876348e+01,3.413094770754261731e+01,3.340256452829907374e+01,3.271367549063368330e+01,3.206422266499395590e+01,3.145388024291053597e+01,3.088208007457639681e+01,3.034803781758974850e+01,2.985077928356108146e+01,2.938916660222100319e+01,2.896192385966587679e+01,2.856766190731797295e+01,2.820490207996249410e+01,2.787209860382253979e+01,2.756765951809218151e+01,2.728996597480837139e+01,2.703738982165570448e+01,2.680830940962965769e+01,2.660112360192028902e+01,2.641426399152462778e+01,2.624620536267655524e+01,2.609547445503119079e+01,2.596065710959472028e+01,2.584040389168032448e+01
2.885289592516417301e+01,2.926766837139402355e+01,2.971574849858890488e+01,3.019837180690445422e+01,3.071664052949002865e+01,3.127149880405064408e+01,3.186370731525261135e+01,3.249381774003316536e+01,3.316214736451353673e+01,3.386875427392609339e+01,3.461341354461467290e+01,3.539559488863939407e+01,3.621444221575917055e+01,3.706875558361402057e+01,3.795697600395161686e+01,3.887717356006442060e+01,3.982703926774484415e+01,4.080388107876763826e+01,4.180462438215300836e+01,4.282581730449860657e+01,4.386364104700935229e+01,4.491392542429481693e+01,4.597216968961024008e+01,4.703356864431025741e+01,4.809304393742905148e+01,4.914528036626350627e+01,5.018476689256266354e+01,5.120584199348949994e+01,5.220274287406953562e+01,5.316965798055687742e+01,5.410078217417665059e+01,5.499037385410277068e+01,5.583281325921330307e+01,5.662266113183476790e+01,5.735471689479719970e+01,5.802407547681286104e+01,5.862618192127261807e+01,5.915688293044701851e+01,5.961247453082065562e+01,5.998974509550364331e+01,6.028601302557152763e+01,6.049915847261910073e+01,6.062764857822919851e+01,6.067055581058787794e+01,6.062756909196235711e+01,6.049899753080223519e+01,6.028576669627086204e+01,5.998940749838474318e+01,5.961203786093873447e+01,5.915633749434790900e+01,5.862551618888604565e+01,5.802327615315527964e+01,5.735376901582343834e+01,5.662154818885478846e+01,5.583151735609738608e+01,5.498887590101908529e+01,5.409906212083356536e+01,5.316769509086397250e+01,5.220051604280546087e+01,5.120333010400409535e+01,5.018194921279266651e+01,4.914213697846688689e+01,4.808955619511601753e+01,4.702971964795366944e+01,4.596794477094537967e+01,4.490931262746298813e+01,4.385863159355530883e+01,4.282040602838397092e+01,4.179881012057320788e+01,4.079766700471618179e+01,3.982043315099282665e+01,3.887018794452769299e+01,3.794962829128698445e+01,3.706106801527446493e+01,3.620644174857439168e+01,3.538731296217227396e+01,3.460488574195599654e+01,3.386001988109111949e+01,3.315324883704627723e+01,3.248480008865763580e+01,3.185461742528864448e+01,3.126238470570357464e+01,3.070755063791724382e+01,3.018935415207246464e+01,2.970684996530994582e+01,2.925893396955293468e+01,2.884436810903220305e+01,2.846180445313119733e+01,2.810980821067681745e+01,2.778687947313645523e+01,2.749147351538063333e+01,2.722201952290129867e+01,2.697693765291066725e+01,2.675465437296941573e+01,2.655361605420749171e+01,2.637230082642317441e+01,2.620922872910788826e+01,2.606297021558518523e+01,2.593215308691097576e+01,2.581546794798860489e+01
2.872801744576504746e+01,2.912947660168536146e+01,2.956318513540673365e+01,3.003033947027827821e+01,3.053200690356223390e+01,3.106910156369198006e+01,3.164235985876644719e+01,3.225231573791688788e+01,3.289927612251330658e+01,3.358329689570469156e+01,3.430415986541545692e+01,3.506135113658095293e+01,3.585404134208121008e+01,3.668106818759800092e+01,3.754092176267297987e+01,3.843173305793381189e+01,3.935126610631673572e+01,4.029691413389748789e+01,4.126570006362858578e+01,4.225428166310578604e+01,4.325896156594630781e+01,4.427570232621889801e+01,4.530014658764794433e+01,4.632764236529376944e+01,4.735327334859931625e+01,4.837189404279416749e+01,4.937816947254163580e+01,5.036661907940374761e+01,5.133166435526340621e+01,5.226767966939341648e+01,5.316904566947251709e+01,5.403020456851623976e+01,5.484571657226415198e+01,5.561031665669763413e+01,5.631897087446270689e+01,5.696693135314788492e+01,5.754978914840285853e+01,5.806352413119032008e+01,5.850455112108039657e+01,5.886976152606113999e+01,5.915655981309693345e+01,5.936289421149147927e+01,5.948728114150792123e+01,5.952882296186000133e+01,5.948721873952308670e+01,5.936276786150406792e+01,5.915636642827846714e+01,5.886949648995954476e+01,5.850420830629700930e+01,5.806309592772149131e+01,5.754926650437965918e+01,5.696630383112753293e+01,5.631822672667848906e+01,5.560944292273428857e+01,5.484469920247437358e+01,5.402902857611748288e+01,5.316769531365766710e+01,5.226613867095787214e+01,5.132991614521036894e+01,5.036464707976401911e+01,4.937595740727221028e+01,4.836942627514814319e+01,4.735053523984701940e+01,4.632462064818695069e+01,4.529682974662710393e+01,4.427208097514299823e+01,4.325502881314647396e+01,4.225003345289967172e+01,4.126113548313757917e+01,4.029203567413166809e+01,3.934607986706111404e+01,3.842624888699327101e+01,3.753515332150082884e+01,3.667503293720816515e+01,3.584776044537069595e+01,3.505484927568925002e+01,3.429746497542594597e+01,3.357643981874175410e+01,3.289229018899134616e+01,3.224523628423587951e+01,3.163522369300824977e+01,3.106194639274942304e+01,3.052487073654100769e+01,3.002326001388371068e+01,2.955619919732220069e+01,2.912261951765202284e+01,2.872132254519810957e+01,2.835100349216821058e+01,2.801027349033267555e+01,2.769768063829367222e+01,2.741172965248760818e+01,2.715089999500699491e+01,2.691366238862984162e+01,2.669849366450896611e+01,2.650388992031863111e+01,2.632837799591094452e+01,2.617052529943985206e+01,2.602894803931062384e+01,2.590231793614880118e+01,2.578936750428300684e+01
2.859878479882161884e+01,2.898642959000515162e+01,2.940522253395981878e+01,2.985631934052137382e+01,3.034075092931243489e+01,3.085940020548471097e+01,3.141297834688282009e+01,3.200200091338182062e+01,3.262676412316308472e+01,3.328732167102873518e+01,3.398346248946353398e+01,3.471468987300547582e+01,3.548020239960685984e+01,3.627887708816611223e+01,3.710925522851240288e+01,3.796953130820740085e+01,3.885754543914115544e+01,3.977077965580116370e+01,4.070635841626540241e+01,4.166105358663588021e+01,4.263129413026563697e+01,4.361318065547277456e+01,4.460250490046605165e+01,4.559477415315467397e+01,4.658524051783270181e+01,4.756893485206190064e+01,4.854070510723519050e+01,4.949525871721816372e+01,5.042720859314749760e+01,5.133112220094479738e+01,5.220157312339230771e+01,5.303319444263550508e+01,5.382073322351725153e+01,5.455910533480626157e+01,5.524344981551959677e+01,5.586918197822871690e+01,5.643204444123806240e+01,5.692815529723812773e+01,5.735405265749590598e+01,5.770673485750573661e+01,5.798369567156660764e+01,5.818295395887069787e+01,5.830307725096192684e+01,5.834319888809029919e+01,5.830302841803705149e+01,5.818285508317852361e+01,5.798354433749707226e+01,5.770652745243564397e+01,5.735378438640471899e+01,5.692782020488682093e+01,5.643163544405008736e+01,5.586869090834115070e+01,5.524286747967019551e+01,5.455842159076981090e+01,5.381993707668560489e+01,5.303227416504153524e+01,5.220051639700393054e+01,5.132991628640482418e+01,5.042584052432064112e+01,4.949371552094778792e+01,4.853897404663820225e+01,4.756700369053896793e+01,4.658309779978687004e+01,4.559240949624731343e+01,4.459990929314966479e+01,4.361034675258483162e+01,4.262821653870286553e+01,4.165772913260769883e+01,4.070278638539498672e+01,3.976696199743849292e+01,3.885348692669758464e+01,3.796523964812235619e+01,3.710474111161126132e+01,3.627415417863573310e+01,3.547528725855764264e+01,3.470960181554519863e+01,3.397822337630437062e+01,3.328195563779946298e+01,3.262129725271392289e+01,3.199646085835506426e+01,3.140739391159136673e+01,3.085380089760959521e+01,3.033516649303258816e+01,2.985077928337111430e+01,2.939975565994020101e+01,2.898106355124291156e+01,2.859354567738503405e+01,2.823594205230997289e+01,2.790691149654328740e+01,2.760505196177459908e+01,2.732891950711523776e+01,2.707704580447590814e+01,2.684795408652930959e+01,2.664017348458311929e+01,2.645225173492313431e+01,2.628276626043681929e+01,2.613033365934345653e+01,2.599361765448806239e+01,2.587133557484537505e+01,2.576226345565549991e+01
2.846589122904331859e+01,2.883930150108162138e+01,2.924272279922914564e+01,2.967726875217923066e+01,3.014393269663468544e+01,3.064356529893504444e+01,3.117685170814451467e+01,3.174428854008572642e+01,3.234616102448718777e+01,3.298252067655071329e+01,3.365316387883242299e+01,3.435761177837798641e+01,3.509509191662542094e+01,3.586452201483012914e+01,3.666449633493570559e+01,3.749327502430819692e+01,3.834877683214273958e+01,3.922857555540254992e+01,4.012990053284445935e+01,4.104964145723499769e+01,4.198435771872371447e+01,4.293029242721982541e+01,4.388339118946036876e+01,4.483932563844292929e+01,4.579352163041819779e+01,4.674119193928085991e+01,4.767737319170293375e+01,4.859696670057792289e+01,4.949478277122727121e+01,5.036558797631105477e+01,5.120415482342777125e+01,5.200531317582964164e+01,5.276400273324769330e+01,5.347532583805610784e+01,5.413459984321821139e+01,5.473740826368417345e+01,5.527964993288381379e+01,5.575758540106690475e+01,5.616787984252276544e+01,5.650764178382718228e+01,5.677445702452610021e+01,5.696641719400948034e+01,5.708214247238479544e+01,5.712079809723149282e+01,5.708210438026849687e+01,5.696634006603945721e+01,5.677433897640605664e+01,5.650747999753090767e+01,5.616767057769516214e+01,5.575732401232455970e+01,5.527933089468385219e+01,5.473702520468621202e+01,5.413414559221934041e+01,5.347479248361494086e+01,5.276338169902165021e+01,5.200459531341960684e+01,5.120333052415451647e+01,5.036464730284075131e+01,4.949371560932788583e+01,4.859576293054040264e+01,4.767602287812340478e+01,4.673968553700169082e+01,4.579185020350257673e+01,4.483748108814904043e+01,4.388136648633181380e+01,4.292808184166359808e+01,4.198195704385035754e+01,4.104704821732960340e+01,4.012711417065747810e+01,3.922559759152417058e+01,3.834561099007182605e+01,3.748992731545176582e+01,3.666097509867061888e+01,3.586083790990344511e+01,3.509125786152901583e+01,3.435364283985903455e+01,3.364907710933641027e+01,3.297833490307155557e+01,3.234189659294858643e+01,3.173996702092748734e+01,3.117249557016692307e+01,3.063919755960062474e+01,3.013957655788610168e+01,2.967294723136455303e+01,2.923845836490541217e+01,2.883511572328647787e+01,2.846180445309051521e+01,2.811731075999728446e+01,2.780034263286015062e+01,2.750954942317871854e+01,2.724354012567725292e+01,2.700090024192643057e+01,2.678020714364554067e+01,2.658004388494175529e+01,2.639901144283226131e+01,2.623573939260986521e+01,2.608889504871142506e+01,2.595719112258661099e+01,2.583939196658663917e+01,2.573431848712634817e+01
2.833004440475339791e+01,2.868888134768157272e+01,2.907656324910289314e+01,2.949416055425238881e+01,2.994262804538902145e+01,3.042278333139348945e+01,3.093528488875112004e+01,3.148060994182931438e+01,3.205903250170275953e+01,3.267060191071655595e+01,3.331512226354078621e+01,3.399213309371533853e+01,3.470089172671350042e+01,3.544035770554669540e+01,3.620917969218085375e+01,3.700568523695943668e+01,3.782787378841641157e+01,3.867341328708960191e+01,3.953964064919011179e+01,4.042356639945258223e+01,4.132188365762017668e+01,4.223098162048071913e+01,4.314696361207504083e+01,4.406566969977450299e+01,4.498270379471226477e+01,4.589346507306863998e+01,4.679318347162933378e+01,4.767695892863966378e+01,4.853980396112454798e+01,4.937668909441817533e+01,5.018259059050289750e+01,5.095253986068055951e+01,5.168167389674752599e+01,5.236528601469612454e+01,5.299887617728757050e+01,5.357820014762523897e+01,5.409931672581246431e+01,5.455863233527577449e+01,5.495294225441249125e+01,5.527946783255993779e+01,5.553588908621206599e+01,5.572037214092138413e+01,5.583159106508526293e+01,5.586874373221151302e+01,5.583156144641911567e+01,5.572031216978258783e+01,5.553579729745903393e+01,5.527934203502594812e+01,5.495277953977057450e+01,5.455842909149087916e+01,5.409906865647822372e+01,5.357790229868236764e+01,5.299852297274065904e+01,5.236487130297462755e+01,5.168119100928450393e+01,5.095198168410438200e+01,5.018194965354942383e+01,4.937595767027668359e+01,4.853897418543645870e+01,4.767602293278771697e+01,4.679213353030344535e+01,4.589229376439611485e+01,4.498140417052234596e+01,4.406423546286048776e+01,4.314538929665707201e+01,4.222926277149253593e+01,4.132001700397928801e+01,4.042155001615768839e+01,3.953747410294976561e+01,3.867109776024433643e+01,3.782541217618656759e+01,3.700308221353679983e+01,3.620644174187878406e+01,3.543749311611347252e+01,3.469791054297033384e+01,3.398904703086730450e+01,3.331194458078004317e+01,3.266734724704196680e+01,3.205571667716266404e+01,3.147724972859909087e+01,3.093189775752967208e+01,3.041938717949406268e+01,2.993924091356808503e+01,2.949080033973419646e+01,2.907324742239720905e+01,2.868562668065106891e+01,2.832686671697215175e+01,2.799580104955206750e+01,2.769118802857050454e+01,2.741172965247933391e+01,2.715608913602230956e+01,2.692290711652941226e+01,2.671081641837272613e+01,2.651845532681823414e+01,2.634447935142447150e+01,2.618757148529283896e+01,2.604645098963403882e+01,2.591988075314060325e+01,2.580667329249499531e+01,2.570569547402147137e+01
2.819195684285745784e+01,2.853596257457015284e+01,2.890762510554010234e+01,2.930797085511734679e+01,2.973791530904448877e+01,3.019824239390131382e+01,3.068958342275165663e+01,3.121239588808968790e+01,3.176694240818220649e+01,3.235327015963488861e+01,3.297119115155099678e+01,3.362026371409579895e+01,3.429977558577186159e+01,3.500872898846520087e+01,3.574582807665896667e+01,3.650946913657924853e+01,3.729773389203958089e+01,3.810838624617211678e+01,3.893887275205247533e+01,3.978632706064033187e+01,4.064757854188203368e+01,4.151916521490223033e+01,4.239735105681586447e+01,4.327814768790095457e+01,4.415734035496875265e+01,4.503051805620732040e+01,4.589310757115275408e+01,4.674041108047843096e+01,4.756764698375677369e+01,4.836999345105109427e+01,4.914263417791651989e+01,4.988080575483489554e+01,5.057984601287584780e+01,5.123524266887768874e+01,5.184268156689518037e+01,5.239809379901880959e+01,5.289770098860977043e+01,5.333805803287808800e+01,5.371609262959041331e+01,5.402914095422616469e+01,5.427497890846547079e+01,5.445184842751874044e+01,5.455847841122518105e+01,5.459409993050093135e+01,5.455845545481786729e+01,5.445180194595597811e+01,5.427490776616652113e+01,5.402904345289321952e+01,5.371596651507947229e+01,5.333790050562527085e+01,5.289750871861858172e+01,5.239786294656864385e+01,5.184240781022417366e+01,5.123492124011551851e+01,5.057947174344612051e+01,4.988037313140842599e+01,4.914213740977396583e+01,4.836942654940778397e+01,4.756700385321941127e+01,4.673968562235297952e+01,4.589229379781760088e+01,4.502961021522476415e+01,4.415633306105110023e+01,4.327703606030031835e+01,4.239613085919467039e+01,4.151783299429213514e+01,4.064613176297976338e+01,3.978476423144373086e+01,3.893719353673225925e+01,3.810659156111969992e+01,3.729582598124044068e+01,3.650745162283835299e+01,3.574370598574412838e+01,3.500650874392445644e+01,3.429746497299993990e+01,3.361787181314438300e+01,3.296872823916294948e+01,3.235074758199368716e+01,3.176437242686208506e+01,3.120979150262571977e+01,3.068695817408042359e+01,3.019561015361347955e+01,2.973529005990861407e+01,2.930536646865511585e+01,2.890505512254150489e+01,2.853343999432789957e+01,2.818949392657819430e+01,2.787209860378567328e+01,2.758006364626444551e+01,2.731214464947283460e+01,2.706706002661545796e+01,2.684350654574829065e+01,2.664017348458152057e+01,2.645575535622825925e+01,2.628896318686959432e+01,2.613853435138060277e+01,2.600324099516491927e+01,2.588189708964451441e+01,2.577336418499516668e+01,2.567655593683212345e+01
2.805233703160418912e+01,2.838133338647682535e+01,2.873678297726690545e+01,2.911966760782742725e+01,2.953086294889495633e+01,2.997111880918778581e+01,3.044103899740469998e+01,3.094106103924291418e+01,3.147143604220622137e+01,3.203220902650019042e+01,3.262320006183005461e+01,3.324398656656467210e+01,3.389388713668928688e+01,3.457194727649110177e+01,3.527692740035577401e+01,3.600729346487329963e+01,3.676121057227861399e+01,3.753653985988063368e+01,3.833083895554251797e+01,3.914136623665202563e+01,3.996508907976210168e+01,4.079869623080171692e+01,4.163861436228602741e+01,4.248102881532449260e+01,4.332190845166195459e+01,4.415703446587839665e+01,4.498203293175015460e+01,4.579241078127323306e+01,4.658359484166773257e+01,4.735097348654993965e+01,4.808994039407439658e+01,4.879593984885170244e+01,4.946451297735771391e+01,5.009134426972467224e+01,5.067230771540658907e+01,5.120351186715259928e+01,5.168134314765234194e+01,5.210250672648127335e+01,5.246406432160529221e+01,5.276346831941432924e+01,5.299859165942621075e+01,5.316775299351617434e+01,5.326973670355863533e+01,5.330380744423766259e+01,5.326971896777519078e+01,5.316771708254279361e+01,5.299853669592991423e+01,5.276339299131512917e+01,5.246396688738460057e+01,5.210238502323712595e+01,5.168119460267831755e+01,5.120333351393686883e+01,5.067209621501937988e+01,5.009109593857930776e+01,4.946422382228793424e+01,4.879560561034024602e+01,4.808955659829648965e+01,4.735053550665840305e+01,4.658309796845115613e+01,4.579185030297007586e+01,4.498140422241182534e+01,4.415633308125592293e+01,4.332113023116108508e+01,4.248016998815103307e+01,4.163767165550771665e+01,4.079766697670589792e+01,3.996397131961064275e+01,3.914015881774595584e+01,3.832954161842507546e+01,3.753515331254235576e+01,3.675973654838977467e+01,3.600573476335986101e+01,3.527528790405218473e+01,3.457023194813633893e+01,3.389210199116509159e+01,3.324213861898572020e+01,3.262129725185710782e+01,3.203026012002812450e+01,3.146945051234736823e+01,3.093904892924733119e+01,3.043901076880130674e+01,2.996908517896399360e+01,2.952883471993258979e+01,2.911765549706060341e+01,2.873479744611128339e+01,2.837938447799522379e+01,2.805043421862494668e+01,2.774687711027006287e+01,2.746757467296851729e+01,2.721133675734818169e+01,2.697693765290336287e+01,2.676313094769297507e+01,2.656866306600389649e+01,2.639228543926597581e+01,2.623276529201876883e+01,2.608889504871113374e+01,2.595950038834970997e+01,2.584344699237427179e+01,2.573964604657795974e+01,2.564705857043259130e+01
2.791188129131807116e+01,2.822576786827576356e+01,2.856489519119386600e+01,2.893020010295511213e+01,2.932251815700869457e+01,2.974256479203145886e+01,3.019091611704344302e+01,3.066798955901874280e+01,3.117402465233969622e+01,3.170906427376549885e+01,3.227293664708738419e+01,3.286523845749793793e+01,3.348531942613367107e+01,3.413226869954395681e+01,3.480490340637679481e+01,3.550175972385015655e+01,3.622108677923716868e+01,3.696084368643498408e+01,3.771869998469375673e+01,3.849203970592895985e+01,3.927796924910602172e+01,4.007332918555750467e+01,4.087471005855766037e+01,4.167847217502346524e+01,4.248076931800046907e+01,4.327757623695276123e+01,4.406471970026667151e+01,4.483791282235653597e+01,4.559279230795289806e+01,4.632495819020122951e+01,4.703001557873157168e+01,4.770361788043390305e+01,4.834151091074327411e+01,4.893957727810075653e+01,4.949388040001601041e+01,5.000070749668999781e+01,5.045661090808010840e+01,5.085844709293485266e+01,5.120341269372516990e+01,5.148907708927428928e+01,5.171341090666069107e+01,5.187481002474520153e+01,5.197211467230398796e+01,5.200462330280775802e+01,5.197210101374558633e+01,5.187478236923574570e+01,5.171336857855457225e+01,5.148901907812160061e+01,5.120333765835970041e+01,5.085835336767755166e+01,5.045649651165618366e+01,5.000057014454996107e+01,4.949371752080642750e+01,4.893938603504346929e+01,4.834128822864876440e+01,4.770336047899235155e+01,4.702972001259210799e+01,4.632462089616841894e+01,4.559240965940155377e+01,4.483748119069758076e+01,4.406423552299668955e+01,4.327703609149759956e+01,4.248017000023216383e+01,4.167781078100419734e+01,4.087398406775954385e+01,4.007253654354019545e+01,3.927710844741972096e+01,3.849110985686513686e+01,3.771770088844135671e+01,3.695977588822677262e+01,3.621995161419526710e+01,3.550055934746397668e+01,3.480364080886786127e+01,3.413094770278234336e+01,3.348394466225832389e+01,3.286381532894027657e+01,3.227147126828381118e+01,3.170756339544610825e+01,3.117249556987197678e+01,3.066644000684069482e+01,3.018935415171507231e+01,2.974099866684469617e+01,2.932095619140387299e+01,2.892865055018311793e+01,2.856336610772748941e+01,2.822426698840880377e+01,2.791041591019930834e+01,2.762079240925366719e+01,2.735431026310133262e+01,2.710983395154464404e+01,2.688619402554762416e+01,2.668220128485762999e+01,2.649665969427499590e+01,2.632837799590956962e+01,2.617618000005966294e+01,2.603891356022912262e+01,2.591545825805854619e+01,2.580473184146568144e+01,2.570569547402142163e+01,2.561735786555431815e+01
2.777126640662207535e+01,2.807001793788364807e+01,2.839279502088370677e+01,2.874048942600830614e+01,2.911389649455436768e+01,2.951369721916920952e+01,2.994043995411742998e+01,3.039452199530357746e+01,3.087617129594667631e+01,3.138542860692972170e+01,3.192213035033670110e+01,3.248589254975952656e+01,3.307609615086690980e+01,3.369187406979896338e+01,3.433210030459594009e+01,3.499538143560975811e+01,3.568005082434044084e+01,3.638416579619627100e+01,3.710550806128057388e+01,3.784158758862497507e+01,3.858965010367933246e+01,3.934668832688866047e+01,4.010945701358799909e+01,4.087449179316264036e+01,4.163813173956499725e+01,4.239654553710887797e+01,4.314576103636758830e+01,4.388169792646371548e+01,4.460020318360646030e+01,4.529708889296388463e+01,4.596817198340949773e+01,4.660931536383289853e+01,4.721646990693741941e+01,4.778571669300011138e+01,4.831330890299210523e+01,4.879571273858464053e+01,4.922964674648555672e+01,4.961211893657940664e+01,4.994046110751162360e+01,5.021235982939913356e+01,5.042588358071702004e+01,5.057950559425154324e+01,5.067212203423154904e+01,5.070306520199403622e+01,5.067211154925700356e+01,5.057948436453575880e+01,5.042585108760152934e+01,5.021231529721338660e+01,4.994040350671113515e+01,4.961204698850781369e+01,4.922955893021983798e+01,4.879560730039337102e+01,4.831318386897918771e+01,4.778556988551645901e+01,4.721629896531783288e+01,4.660911776995182265e+01,4.596794509244780613e+01,4.529682996963926200e+01,4.459990944394479584e+01,4.388136658498333986e+01,4.314538935831740929e+01,4.239613089515430033e+01,4.163767167406137304e+01,4.087398407490587715e+01,4.010889970769815704e+01,3.934607985627729221e+01,3.858898931038689284e+01,3.784087379120318673e+01,3.710474110634474698e+01,3.638334610229362198e+01,3.567917941637571744e+01,3.499445996824160687e+01,3.433113107326400382e+01,3.369086000835683592e+01,3.307504081517000571e+01,3.248480008697728749e+01,3.192100545420826307e+01,3.138427645964424073e+01,3.087499749778349667e+01,3.039333248359394446e+01,2.993924091346913485e+01,2.951249498521104186e+01,2.911269745369385475e+01,2.873929991384273563e+01,2.839162122195391191e+01,2.806886578941017518e+01,2.777014150871638520e+01,2.749447709970456089e+01,2.724083869297431448e+01,2.700814549741889437e+01,2.679528442837404967e+01,2.660112360191552483e+01,2.642452462859849760e+01,2.626435366603385546e+01,2.611949121377382710e+01,2.598884065575681745e+01,2.587133557484512991e+01,2.576594588066390301e+01,2.567168280597100249e+01,2.558760283817720804e+01
2.763114305608848298e+01,2.791480616365272738e+01,2.822128285040880158e+01,2.855141992507435944e+01,2.890597261925039874e+01,2.928558757139197510e+01,2.969078545975490613e+01,3.012194351216053434e+01,3.057927814505911357e+01,3.106282800631361596e+01,3.157243771461320492e+01,3.210774260271787739e+01,3.266815478113097981e+01,3.325285084265006930e+01,3.386076152600173828e+01,3.449056364796888374e+01,3.514067459774362590e+01,3.580924966450764657e+01,3.649418243943551232e+01,3.719310849659537155e+01,3.790341251392544564e+01,3.862223894612149877e+01,3.934650630659270121e+01,4.007292505651879821e+01,4.079801903652372630e+01,4.151815031176511184e+01,4.222954723564377844e+01,4.292833547227104418e+01,4.361057165475778419e+01,4.427227929679867202e+01,4.490948652038315458e+01,4.551826511418389032e+01,4.609477039656597697e+01,4.663528132539703819e+01,4.713624027492308244e+01,4.759429188869638949e+01,4.800632041745990364e+01,4.836948496230714056e+01,4.868125206637729718e+01,4.893942513256430971e+01,4.914217018968456330e+01,4.928803758446866823e+01,4.937597924056294119e+01,4.940536119716925612e+01,4.937597121754195939e+01,4.928802133965526622e+01,4.914214532620529496e+01,4.893939105688211555e+01,4.868120799069273374e+01,4.836942990820231358e+01,4.800625322113634752e+01,4.759421120821244244e+01,4.713614459986882110e+01,4.663516898945231048e+01,4.609463959336812877e+01,4.551811391688281816e+01,4.490931290518385310e+01,4.427208117068438753e+01,4.361034688745316146e+01,4.292808193234718317e+01,4.222926283049041274e+01,4.151783303096624422e+01,4.079766699797839635e+01,4.007253655445736484e+01,3.934607986046009387e+01,3.862177334914189686e+01,3.790290688003722153e+01,3.719256230435959054e+01,3.649359557148341082e+01,3.580862244110829096e+01,3.514000780314616179e+01,3.448985854830523579e+01,3.386001987772448274e+01,3.325207489072113987e+01,3.266734724646330079e+01,3.210690665869324789e+01,3.157157695284430332e+01,3.106194639217128284e+01,3.057837996383355161e+01,3.012103330705143733e+01,2.968986796317604870e+01,2.928466763131724093e+01,2.890505512250915388e+01,2.855050971961637529e+01,2.822038466859662975e+01,2.791392454860135786e+01,2.763028229295964167e+01,2.736853565960628742e+01,2.712770297725571567e+01,2.690675802190426680e+01,2.670464390643143204e+01,2.652028589359582611e+01,2.635260306908688577e+01,2.620051883607749588e+01,2.606297021558431481e+01,2.593891595762069002e+01,2.582734348643722200e+01,2.572727471897764673e+01,2.563777080899144778e+01,2.555793588005903771e+01
2.749213005693403034e+01,2.776081946849566862e+01,2.805111930105226747e+01,2.836383172198585711e+01,2.869967214171666470e+01,2.905925309475233576e+01,2.944306778858968343e+01,2.985147353630777545e+01,3.028467531201565777e+01,3.074270968908749069e+01,3.122542943861550668e+01,3.173248907903719029e+01,3.226333167678061642e+01,3.281717720141358541e+01,3.339301273664909786e+01,3.398958484022283955e+01,3.460539433080933236e+01,3.523869375861291786e+01,3.588748778804107076e+01,3.654953668609039852e+01,3.722236306907298342e+01,3.790326201358104186e+01,3.858931458580624962e+01,3.927740478733625196e+01,3.996423985634304188e+01,4.064637380178723447e+01,4.132023398613750942e+01,4.198215051047901625e+01,4.262838809614535052e+01,4.325518010056703844e+01,4.385876425327332129e+01,4.443541965225240631e+01,4.498150452240956554e+01,4.549349420777382136e+01,4.596801884834239615e+01,4.640190018176408415e+01,4.679218690998192187e+01,4.713618808176191521e+01,4.743150396376125855e+01,4.767605390519702269e+01,4.786810074376609947e+01,4.800627135248568322e+01,4.808957298757245269e+01,4.811740516514971944e+01,4.808956686806446612e+01,4.800625896185806596e+01,4.786808177930617347e+01,4.767602791418816821e+01,4.743147034531450856e+01,4.713614608959527175e+01,4.679213565641552464e+01,4.640183864324053786e+01,4.596794587280614053e+01,4.549340852424982984e+01,4.498140475310626840e+01,4.443530432747721193e+01,4.385863182938949478e+01,4.325502898113943218e+01,4.262821665632007040e+01,4.198195712452227468e+01,4.132001705792418988e+01,4.064613179788539554e+01,3.996397134119220595e+01,3.927710845987152766e+01,3.858898931674369948e+01,3.790290688246012962e+01,3.722197740005586297e+01,3.654912008145286251e+01,3.588704015826083804e+01,3.523821534797317412e+01,3.460488573749110230e+01,3.398904702996016169e+01,3.339244704916493589e+01,3.281658534903832702e+01,3.226271573487319699e+01,3.173185146807429646e+01,3.122477289807676470e+01,3.074203724353416334e+01,3.028399023002546642e+01,2.985077928317724982e+01,2.944236797393719485e+01,2.905855141633897887e+01,2.869897232694031786e+01,2.836313746858922258e+01,2.805043421861464026e+01,2.776014702224897590e+01,2.749147351535800254e+01,2.724354012566953642e+01,2.701541698796925672e+01,2.680613203552032786e+01,2.661468415666405463e+01,2.644005533163128518e+01,2.628122168956824112e+01,2.613716344925653345e+01,2.600687372866246960e+01,2.588936622803735332e+01,2.578368180863448700e+01,2.568889400410575163e+01,2.560411351425154081e+01,2.552849174104174779e+01
2.735480943351790017e+01,2.760870373285644419e+01,2.788301933679261424e+01,2.817851428726445562e+01,2.849586463580838469e+01,2.883564921130815151e+01,2.919833407415065096e+01,2.958425686076071059e+01,2.999361124451662164e+01,3.042643175866400185e+01,3.088257924336893723e+01,3.136172719182351187e+01,3.186334927870587919e+01,3.238670835773213952e+01,3.293084721301583784e+01,3.349458134107044316e+01,3.407649402625753510e+01,3.467493395213973884e+01,3.528801556452562949e+01,3.591362236913691675e+01,3.654941330808807010e+01,3.719283231522006616e+01,3.784112110140596030e+01,3.849133516804357669e+01,3.914036299101032057e+01,3.978494825944582658e+01,4.042171499503077570e+01,4.104719531920248698e+01,4.165785957930253147e+01,4.225014849131969186e+01,4.282050690798723025e+01,4.336541877777949594e+01,4.388144282400458707e+01,4.436524844475584928e+01,4.481365131486410291e+01,4.522364816088994388e+01,4.559245018011588257e+01,4.591751458470596958e+01,4.619657377272734777e+01,4.642766165834879644e+01,4.660913673377269362e+01,4.673970148460932705e+01,4.681841783752077646e+01,4.684471838290571100e+01,4.681841318484152481e+01,4.673969206398005838e+01,4.660912231504010350e+01,4.642764189731115465e+01,4.619654821252707677e+01,4.591748265794274175e+01,4.559241121188419044e+01,4.522360137297619076e+01,4.481359583135719760e+01,4.436518329932988536e+01,4.388136696912071955e+01,4.336533109602628144e+01,4.282040622573329358e+01,4.225003359479087806e+01,4.165772923311780573e+01,4.104704828731186694e+01,4.042155006389579341e+01,3.978476426319384274e+01,3.914015883818062491e+01,3.849110986943286150e+01,3.784087379841644605e+01,3.719256230802301388e+01,3.654912008284203750e+01,3.591330562345105193e+01,3.528767523033590692e+01,3.467457021517535054e+01,3.407610734131720420e+01,3.349417244240449776e+01,3.293041711921944170e+01,3.238625837069493230e+01,3.186288097632914429e+01,3.136124241440252902e+01,3.088208007373782493e+01,3.042592049640525431e+01,2.999309037473913264e+01,2.958372901813924827e+01,2.919780200308829166e+01,2.883511572322312588e+01,2.849533256465185360e+01,2.817798644444067335e+01,2.788249846667493870e+01,2.760819247007052724e+01,2.735431026309813518e+01,2.712002636631657992e+01,2.690446210644141090e+01,2.670669893198873979e+01,2.652579084556473177e+01,2.636077587250834853e+01,2.621068650919406551e+01,2.607455911648475322e+01,2.595144224428833368e+01,2.584040389167984131e+01,2.574053772343992108e+01,2.565096827803212420e+01,2.557085521395813643e+01,2.549939665110997211e+01
2.721972230923198310e+01,2.745905929819228319e+01,2.771764735265484703e+01,2.799620108570165300e+01,2.829535781293838070e+01,2.861566319293616800e+01,2.895755657226214197e+01,2.932135622738947589e+01,2.970724471653708321e+01,3.011525457297151931e+01,3.054525458687245276e+01,3.099693693489507496e+01,3.146980542446507201e+01,3.196316512307402036e+01,3.247611364093424413e+01,3.300753432792081554e+01,3.355609163249972227e+01,3.412022885116463300e+01,3.469816847176458197e+01,3.528791528313465165e+01,3.588726238692841264e+01,3.649380020593748952e+01,3.710492853707164329e+01,3.771787164730847053e+01,3.832969635819502940e+01,3.893733300989973856e+01,3.953759914048542612e+01,4.012722566118935674e+01,4.070288525528950174e+01,4.126122267786443132e+01,4.179888658765470666e+01,4.231256250149743892e+01,4.279900642754071782e+01,4.325507870663950882e+01,4.367777757283677431e+01,4.406427193430798184e+01,4.441193287606949980e+01,4.471836339537142635e+01,4.498142590004297858e+01,4.519926702892081494e+01,4.537033939142319383e+01,4.549341986966513218e+01,4.556762418035215489e+01,4.559241745396703749e+01,4.556762065422675789e+01,4.549341273005409647e+01,4.537032846390026464e+01,4.519925205262588008e+01,4.498140652873743761e+01,4.471833919903967569e+01,4.441190334322099176e+01,4.406423647515808995e+01,4.367773552355886579e+01,4.325502933488431268e+01,4.279894893941009570e+01,4.231249605013893955e+01,4.179881028360847495e+01,4.126113560124761648e+01,4.070278646984404247e+01,4.012711423015021239e+01,3.953747414414836925e+01,3.893719356468503179e+01,3.832954163691749727e+01,3.771770090028071110e+01,3.710474111358828964e+01,3.649359557561942324e+01,3.588704016035069344e+01,3.528767523112437487e+01,3.469791054273805742e+01,3.411995318588042636e+01,3.355579857563608215e+01,3.300722443594393951e+01,3.247578768580670783e+01,3.196282409145874936e+01,3.146945051220589562e+01,3.099656953669633808e+01,3.054487628125136212e+01,3.011486710271234912e+01,2.970684996502898301e+01,2.932095619137305320e+01,2.895715333163778382e+01,2.861525887839303195e+01,2.829495457224265209e+01,2.799580104953189874e+01,2.771725260088892639e+01,2.745867182753358904e+01,2.721934400301319457e+01,2.699849097039763279e+01,2.679528442837307978e+01,2.660885848353588301e+01,2.643832136997241733e+01,2.628276626043550834e+01,2.614128111567407231e+01,2.601295753938473965e+01,2.589689862554407895e+01,2.579222580232745798e+01,2.569808469227014314e+01,2.561365002168529159e+01,2.553812962358710692e+01,2.547076758749230052e+01
2.708736561212519689e+01,2.731243736211581918e+01,2.755561323810287178e+01,2.781756528600586620e+01,2.809889285530860192e+01,2.840010909487138235e+01,2.872162717109232588e+01,2.906374638925795750e+01,2.942663841843931749e+01,2.981033383766461498e+01,3.021470923573446044e+01,3.063947510835482291e+01,3.108416480368957835e+01,3.154812477046985109e+01,3.203050636099947468e+01,3.253025943440572121e+01,3.304612799304354098e+01,3.357664806692876880e+01,3.412014803743538494e+01,3.467475156237061640e+01,3.523838323020761720e+01,3.580877703212687635e+01,3.638348769715731379e+01,3.695990488882139147e+01,3.753527021210750547e+01,3.810669692826715504e+01,3.867119222290762082e+01,3.922568182124018676e+01,3.976703669431073251e+01,4.029210155276555838e+01,4.079772478135411973e+01,4.128078942906206805e+01,4.173824483754513182e+01,4.216713846532532983e+01,4.256464744781462883e+01,4.292810942427141185e+01,4.325505216271998421e+01,4.354322152290844627e+01,4.379060731557234476e+01,4.399546664341204405e+01,4.415634434486176474e+01,4.427209020529758732e+01,4.434187265096429087e+01,4.436518869758415917e+01,4.434186998717160577e+01,4.427208481171638255e+01,4.415633608972266444e+01,4.399545532964965844e+01,4.379059268162254881e+01,4.354320324391825636e+01,4.325502985228658304e+01,4.292808263684513292e+01,4.256461568191117806e+01,4.216710116769533556e+01,4.173820140844247817e+01,4.128073922873655732e+01,4.079766713786803933e+01,4.029203577119830015e+01,3.976696206737112504e+01,3.922559764125405479e+01,3.867109779508929535e+01,3.810659158512102351e+01,3.753515332874091825e+01,3.695977589888700265e+01,3.638334610908319888e+01,3.580862244524094962e+01,3.523821535032088548e+01,3.467457021635561887e+01,3.411995318632349949e+01,3.357643981705530223e+01,3.304590660479385633e+01,3.253002532815923331e+01,3.203026011993122069e+01,3.154786713994908354e+01,3.108389668711016895e+01,3.063919755933874711e+01,3.021442344676415104e+01,2.981004112531719130e+01,2.942634020551109941e+01,2.906344418417601716e+01,2.872132254510636074e+01,2.839980365759918612e+01,2.809858822926872080e+01,2.781726308080809318e+01,2.755531502497988683e+01,2.731214464946657827e+01,2.708707982270336601e+01,2.687938876285511114e+01,2.668829253211109531e+01,2.651297684091154139e+01,2.635260306908660155e+01,2.620631843272912676e+01,2.607326524654300570e+01,2.595258925107447112e+01,2.584344699237415099e+01,2.574501225804528204e+01,2.565648158816223656e+01,2.557707889210649199e+01,2.550605921293129796e+01,2.544271168944736417e+01
