2.500013005166769986e+01,2.500013414934753442e+01,2.500013787203549498e+01,2.500014118182571110e+01,2.500014404440158344e+01,2.500014642962740652e+01,2.500014831207619181e+01,2.500014967148079847e+01,2.500015049309712012e+01,2.500015076797027902e+01,2.500015049309712012e+01,2.500014967148079847e+01,2.500014831207619181e+01,2.500014642962740652e+01,2.500014404440158344e+01,2.500014118182571110e+01,2.500013787203549498e+01,2.500013414934753442e+01,2.500013005166769986e+01,2.500012561984994619e+01,2.500012089702069673e+01,2.500011592788441561e+01,2.500011075802576954e+01,2.500010543322358814e+01,2.500009999879068090e+01,2.500009449895248892e+01,2.500008897627592575e+01,2.500008347115795004e+01,2.500007802138144797e+01,2.500007266174387865e+01,2.500006742376207214e+01,2.500006233545440537e+01,2.500005742119966001e+01,2.500005270166999694e+01,2.500004819383389787e+01,2.500004391102343959e+01,2.500003986305932102e+01,2.500003605642599069e+01,2.500003249448886322e+01,2.500002917774519773e+01,2.500002610410023962e+01,2.500002326916039408e+01,2.500002066653565080e+01,2.500001828814404092e+01,2.500001612451161037e+01,2.500001416506228935e+01,2.500001239839280842e+01,2.500001081252882429e+01,2.500000939515930654e+01,2.500000813384706433e+01,2.500000701621420873e+01,2.500000603010203548e+01,2.500000516370550585e+01,2.500000440568308946e+01,2.500000374524321956e+01,2.500000317220892043e+01,2.500000267706256807e+01,2.500000225097278772e+01,2.500000188580573024e+01,2.500000157412291557e+01,2.500000130916779995e+01,2.500000108484320549e+01,2.500000089568152006e+01,2.500000073680953960e+01,2.500000060390948065e+01,2.500000049317771200e+01,2.500000040128231049e+01,2.500000032532060956e+01,2.500000026277746557e+01,2.500000021148503748e+01,2.500000016958449933e+01,2.500000013549012579e+01,2.500000010785595350e+01,2.500000008554518871e+01,2.500000006760238591e+01,2.500000005322840479e+01,2.500000004175801749e+01,2.500000003264008441e+01,2.500000002542012467e+01,2.500000001972508912e+01,2.500000001525019400e+01,2.500000001174753450e+01,2.500000000901639652e+01,2.500000000689500013e+01,2.500000000525352206e+01,2.500000000398824440e+01,2.500000000301667313e+01,2.500000000227347030e+01,2.500000000170712511e+01,2.500000000127719346e+01,2.500000000095205621e+01,2.500000000070710371e+01,2.500000000052326499e+01,2.500000000038580694e+01,2.500000000028342484e+01,2.500000000020745361e+01,2.500000000015129231e+01,2.500000000010993162e+01,2.500000000007958789e+01,2.500000000005741185e+01
2.500018244110171040e+01,2.500018818947262034e+01,2.500019341179159937e+01,2.500019805488295077e+01,2.500020207060612520e+01,2.500020541668568441e+01,2.500020805745174712e+01,2.500020996447284460e+01,2.500021111706541888e+01,2.500021150266725911e+01,2.500021111706541888e+01,2.500020996447284460e+01,2.500020805745174712e+01,2.500020541668568441e+01,2.500020207060612520e+01,2.500019805488295077e+01,2.500019341179159937e+01,2.500018818947262034e+01,2.500018244110171040e+01,2.500017622399024475e+01,2.500016959863752319e+01,2.500016262775653075e+01,2.500015537529507981e+01,2.500014790547332666e+01,2.500014028185769632e+01,2.500013256648920290e+01,2.500012481908223450e+01,2.500011709630707912e+01,2.500010945116690664e+01,2.500010193247683432e+01,2.500009458444979060e+01,2.500008744639094971e+01,2.500008055249972827e+01,2.500007393177578052e+01,2.500006760802308037e+01,2.500006159994435606e+01,2.500005592131642018e+01,2.500005058123588597e+01,2.500004558442388714e+01,2.500004093157798835e+01,2.500003661975960156e+01,2.500003264280522686e+01,2.500002899175073878e+01,2.500002565525845100e+01,2.500002262003797782e+01,2.500001987125283165e+01,2.500001739290608782e+01,2.500001516819972736e+01,2.500001317986339444e+01,2.500001141044975128e+01,2.500000984259466108e+01,2.500000845924145665e+01,2.500000724382961081e+01,2.500000618044882472e+01,2.500000525396029971e+01,2.500000445008742034e+01,2.500000375547851661e+01,2.500000315774462933e+01,2.500000264547530548e+01,2.500000220823557484e+01,2.500000183654712060e+01,2.500000152185660340e+01,2.500000125649387073e+01,2.500000103362260617e+01,2.500000084718568516e+01,2.500000069184721951e+01,2.500000056293308859e+01,2.500000045637131052e+01,2.500000036863356812e+01,2.500000029667872781e+01,2.500000023789916526e+01,2.500000019007036656e+01,2.500000015130416742e+01,2.500000012000583283e+01,2.500000009483503050e+01,2.500000007467070162e+01,2.500000005857963004e+01,2.500000004578867063e+01,2.500000003566025342e+01,2.500000002767106011e+01,2.500000002139351452e+01,2.500000001647985570e+01,2.500000001264852045e+01,2.500000000967255076e+01,2.500000000736982742e+01,2.500000000559485258e+01,2.500000000423189306e+01,2.500000000318930660e+01,2.500000000239481679e+01,2.500000000179169390e+01,2.500000000133557876e+01,2.500000000099195319e+01,2.500000000073405104e+01,2.500000000054122395e+01,2.500000000039759840e+01,2.500000000029102054e+01,2.500000000021223556e+01,2.500000000015421620e+01,2.500000000011165113e+01,2.500000000008053647e+01
2.500025480490834440e+01,2.500026283332469035e+01,2.500027012703480267e+01,2.500027661177127669e+01,2.500028222029899183e+01,2.500028689357429812e+01,2.500029058177914010e+01,2.500029324520493290e+01,2.500029485496414949e+01,2.500029539351188035e+01,2.500029485496414949e+01,2.500029324520493290e+01,2.500029058177914010e+01,2.500028689357429812e+01,2.500028222029899183e+01,2.500027661177127669e+01,2.500027012703480267e+01,2.500026283332469035e+01,2.500025480490834440e+01,2.500024612182924955e+01,2.500023686858325433e+01,2.500022713275796704e+01,2.500021700366557198e+01,2.500020657099864962e+01,2.500019592353673303e+01,2.500018514792892077e+01,2.500017432757482183e+01,2.500016354162254828e+01,2.500015286409855264e+01,2.500014236318008187e+01,2.500013210061676716e+01,2.500012213130386840e+01,2.500011250300572740e+01,2.500010325622447738e+01,2.500009442420574857e+01,2.500008603307055566e+01,2.500007810206017922e+01,2.500007064387932942e+01,2.500006366512173628e+01,2.500005716676165690e+01,2.500005114469492540e+01,2.500004559031334495e+01,2.500004049109723780e+01,2.500003583121192108e+01,2.500003159209547832e+01,2.500002775302663949e+01,2.500002429166344697e+01,2.500002118454506927e+01,2.500001840755099636e+01,2.500001593631355945e+01,2.500001374658126352e+01,2.500001181453205490e+01,2.500001011703680120e+01,2.500000863187451472e+01,2.500000733790171381e+01,2.500000621517907362e+01,2.500000524505909283e+01,2.500000441023882658e+01,2.500000369478196660e+01,2.500000308411458860e+01,2.500000256499887641e+01,2.500000212548888001e+01,2.500000175487213738e+01,2.500000144360076249e+01,2.500000118321512232e+01,2.500000096626289903e+01,2.500000078621600252e+01,2.500000063738734823e+01,2.500000051484913044e+01,2.500000041435397335e+01,2.500000033225996887e+01,2.500000026546025822e+01,2.500000021131775796e+01,2.500000016760518662e+01,2.500000013245059094e+01,2.500000010428823671e+01,2.500000008181477540e+01,2.500000006395038099e+01,2.500000004980460488e+01,2.500000003864656151e+01,2.500000002987907877e+01,2.500000002301646163e+01,2.500000001766545665e+01,2.500000001350909073e+01,2.500000001029301089e+01,2.500000000781400544e+01,2.500000000591044369e+01,2.500000000445431780e+01,2.500000000334470229e+01,2.500000000250235388e+01,2.500000000186532745e+01,2.500000000138540202e+01,2.500000000102520659e+01,2.500000000075589668e+01,2.500000000055530336e+01,2.500000000040645176e+01,2.500000000029642067e+01,2.500000000021538682e+01,2.500000000015593571e+01,2.500000000011248247e+01
2.500035430006833082e+01,2.500036546338726851e+01,2.500037560511495016e+01,2.500038462198432754e+01,2.500039242050659993e+01,2.500039891858299512e+01,2.500040404694271601e+01,2.500040775037192375e+01,2.500040998870321829e+01,2.500041073754082532e+01,2.500040998870321829e+01,2.500040775037192375e+01,2.500040404694271601e+01,2.500039891858299512e+01,2.500039242050659993e+01,2.500038462198432754e+01,2.500037560511495016e+01,2.500036546338726851e+01,2.500035430006833082e+01,2.500034222645665238e+01,2.500032936004167894e+01,2.500031582261185648e+01,2.500030173835362746e+01,2.500028723198235170e+01,2.500027242694382679e+01,2.500025744372152658e+01,2.500024239828060146e+01,2.500022740067457860e+01,2.500021255383546048e+01,2.500019795256205768e+01,2.500018368271573621e+01,2.500016982062702908e+01,2.500015643271110832e+01,2.500014357528520392e+01,2.500013129457656902e+01,2.500011962690583189e+01,2.500010859902753424e+01,2.500009822860727837e+01,2.500008852481346722e+01,2.500007948900079313e+01,2.500007111546250727e+01,2.500006339222912999e+01,2.500005630189234296e+01,2.500004982243440210e+01,2.500004392804541808e+01,2.500003858991296113e+01,2.500003377697107965e+01,2.500002945659804610e+01,2.500002559525488977e+01,2.500002215905894332e+01,2.500001911428909551e+01,2.500001642782135391e+01,2.500001406749521848e+01,2.500001200241294441e+01,2.500001020317503020e+01,2.500000864205632567e+01,2.500000729312793268e+01,2.500000613233052604e+01,2.500000513750504894e+01,2.500000428838681188e+01,2.500000356656896372e+01,2.500000295544093021e+01,2.500000244010730199e+01,2.500000200729198241e+01,2.500000164523203949e+01,2.500000134356521286e+01,2.500000109321435460e+01,2.500000088627170669e+01,2.500000071588527462e+01,2.500000057614919058e+01,2.500000046199945913e+01,2.500000036911607637e+01,2.500000029383223321e+01,2.500000023305096164e+01,2.500000018416934466e+01,2.500000014501027223e+01,2.500000011376146603e+01,2.500000008892146042e+01,2.500000006925210272e+01,2.500000005373711076e+01,2.500000004154614075e+01,2.500000003200383247e+01,2.500000002456339132e+01,2.500000001878406763e+01,2.500000001431218166e+01,2.500000001086518608e+01,2.500000000821832558e+01,2.500000000619361984e+01,2.500000000465072603e+01,2.500000000347946028e+01,2.500000000259369060e+01,2.500000000192637017e+01,2.500000000142552636e+01,2.500000000105105968e+01,2.500000000077213258e+01,2.500000000056516214e+01,2.500000000041216452e+01,2.500000000029949021e+01,2.500000000021682212e+01,2.500000000015640467e+01
2.500049047065164842e+01,2.500050592444577191e+01,2.500051996401343857e+01,2.500053244639827099e+01,2.500054324218027446e+01,2.500055223770708324e+01,2.500055933708458511e+01,2.500056446387823073e+01,2.500056756248279299e+01,2.500056859912631069e+01,2.500056756248279299e+01,2.500056446387823073e+01,2.500055933708458511e+01,2.500055223770708324e+01,2.500054324218027446e+01,2.500053244639827099e+01,2.500051996401343857e+01,2.500050592444577191e+01,2.500049047065164842e+01,2.500047375670570915e+01,2.500045594525293069e+01,2.500043720488955046e+01,2.500041770753143311e+01,2.500039762582666469e+01,2.500037713066580380e+01,2.500035638883857558e+01,2.500033556087980458e+01,2.500031479914065713e+01,2.500029424611369677e+01,2.500027403303240803e+01,2.500025427875785411e+01,2.500023508895720781e+01,2.500021655557143418e+01,2.500019875656255763e+01,2.500018175592466108e+01,2.500016560393774512e+01,2.500015033763909500e+01,2.500013598148385441e+01,2.500012254816419244e+01,2.500011003955545874e+01,2.500009844775758339e+01,2.500008775620077728e+01,2.500007794078605627e+01,2.500006897103346049e+01,2.500006081121339463e+01,2.500005342143975895e+01,2.500004675870680160e+01,2.500004077785507661e+01,2.500003543245533066e+01,2.500003067560255232e+01,2.500002646061535572e+01,2.500002274163897908e+01,2.500001947415245951e+01,2.500001661538290421e+01,2.500001412463150174e+01,2.500001196351730215e+01,2.500001009614597791e+01,2.500000848921131791e+01,2.500000711203771431e+01,2.500000593657202685e+01,2.500000493733295315e+01,2.500000409132587720e+01,2.500000337793053262e+01,2.500000277876831944e+01,2.500000227755538873e+01,2.500000185994687385e+01,2.500000151337695087e+01,2.500000122689861115e+01,2.500000099102638629e+01,2.500000079758457261e+01,2.500000063956288798e+01,2.500000051098099618e+01,2.500000040676279767e+01,2.500000032262104099e+01,2.500000025495241829e+01,2.500000020074307017e+01,2.500000015748419457e+01,2.500000012309725506e+01,2.500000009586823779e+01,2.500000007439026461e+01,2.500000005751385146e+01,2.500000004430408751e+01,2.500000003400400672e+01,2.500000002600347671e+01,2.500000001981288378e+01,2.500000001504107772e+01,2.500000001137693317e+01,2.500000000857405880e+01,2.500000000643817444e+01,2.500000000481674789e+01,2.500000000359054297e+01,2.500000000266674149e+01,2.500000000197341166e+01,2.500000000145501744e+01,2.500000000106889431e+01,2.500000000078237505e+01,2.500000000057057292e+01,2.500000000041459458e+01,2.500000000030015812e+01,2.500000000021651658e+01
2.500067597892792648e+01,2.500069727773377792e+01,2.500071662741732581e+01,2.500073383095251955e+01,2.500074870996948206e+01,2.500076110782967476e+01,2.500077089236943806e+01,2.500077795824475402e+01,2.500078222881911572e+01,2.500078365754715648e+01,2.500078222881911572e+01,2.500077795824475402e+01,2.500077089236943806e+01,2.500076110782967476e+01,2.500074870996948206e+01,2.500073383095251955e+01,2.500071662741732581e+01,2.500069727773377792e+01,2.500067597892792648e+01,2.500065294334930499e+01,2.500062839515928914e+01,2.500060256672143311e+01,2.500057569497448640e+01,2.500054801786635394e+01,2.500051977092268984e+01,2.500049118401726389e+01,2.500046247840318969e+01,2.500043386405465640e+01,2.500040553735848192e+01,2.500037767918394493e+01,2.500035045334833228e+01,2.500032400548478506e+01,2.500029846230864905e+01,2.500027393126912756e+01,2.500025050056447640e+01,2.500022823949184314e+01,2.500020719909694833e+01,2.500018741308448611e+01,2.500016889894710914e+01,2.500015165926947702e+01,2.500013568316351709e+01,2.500012094779232896e+01,2.500010741994209695e+01,2.500009505760457174e+01,2.500008381153632442e+01,2.500007362676534228e+01,2.500006444402002259e+01,2.500005620106048099e+01,2.500004883389676635e+01,2.500004227788320321e+01,2.500003646868235663e+01,2.500003134309603325e+01,2.500002683976433104e+01,2.500002289973658165e+01,2.500001946692065502e+01,2.500001648841897506e+01,2.500001391476108381e+01,2.500001170004351181e+01,2.500000980198838363e+01,2.500000818193215224e+01,2.500000680475585213e+01,2.500000563876772830e+01,2.500000465554840545e+01,2.500000382976804758e+01,2.500000313898384263e+01,2.500000256342533334e+01,2.500000208577399263e+01,2.500000169094237279e+01,2.500000136585737209e+01,2.500000109925101910e+01,2.500000088146158106e+01,2.500000070424679777e+01,2.500000056061066900e+01,2.500000044464439242e+01,2.500000035138180365e+01,2.500000027666912317e+01,2.500000021704865816e+01,2.500000016965571703e+01,2.500000013212800454e+01,2.500000010252652771e+01,2.500000007926703205e+01,2.500000006106100159e+01,2.500000004686517485e+01,2.500000003583864228e+01,2.500000002730661208e+01,2.500000002072998839e+01,2.500000001567997288e+01,2.500000001181698295e+01,2.500000000887325058e+01,2.500000000663856170e+01,2.500000000494857488e+01,2.500000000367537112e+01,2.500000000271980483e+01,2.500000000200534345e+01,2.500000000147317536e+01,2.500000000107829123e+01,2.500000000078637896e+01,2.500000000057140426e+01,2.500000000041368509e+01,2.500000000029840663e+01
2.500092753783422239e+01,2.500095676278109025e+01,2.500098331325897050e+01,2.500100691892049909e+01,2.500102733501721275e+01,2.500104434661907860e+01,2.500105777237903126e+01,2.500106746775031752e+01,2.500107332757690770e+01,2.500107528799202683e+01,2.500107332757690770e+01,2.500106746775031752e+01,2.500105777237903126e+01,2.500104434661907860e+01,2.500102733501721275e+01,2.500100691892049909e+01,2.500098331325897050e+01,2.500095676278109025e+01,2.500092753783422239e+01,2.500089592979169240e+01,2.500086224623431974e+01,2.500082680599746965e+01,2.500078993419431939e+01,2.500075195732274125e+01,2.500071319855694796e+01,2.500067397331596553e+01,2.500063458519008108e+01,2.500059532229331438e+01,2.500055645409589644e+01,2.500051822877583163e+01,2.500048087111340323e+01,2.500044458093768540e+01,2.500040953211989958e+01,2.500037587209540746e+01,2.500034372188458676e+01,2.500031317657282415e+01,2.500028430620201192e+01,2.500025715701970341e+01,2.500023175302828449e+01,2.500020809777426223e+01,2.500018617631767981e+01,2.500016595732310165e+01,2.500014739521652274e+01,2.500013043235673038e+01,2.500011500117484786e+01,2.500010102624156616e+01,2.500008842622793637e+01,2.500007711573211111e+01,2.500006700695091411e+01,2.500005801118141946e+01,2.500005004014363763e+01,2.500004300712080152e+01,2.500003682791852100e+01,2.500003142164821313e+01,2.500002671134361876e+01,2.500002262442184886e+01,2.500001909300249636e+01,2.500001605409957506e+01,2.500001344970191042e+01,2.500001122675769238e+01,2.500000933707878303e+01,2.500000773717965075e+01,2.500000638806493569e+01,2.500000525497854298e+01,2.500000430712578847e+01,2.500000351737885040e+01,2.500000286197425936e+01,2.500000232020994062e+01,2.500000187414775255e+01,2.500000150832646995e+01,2.500000120948883264e+01,2.500000096632531665e+01,2.500000076923641501e+01,2.500000061011443009e+01,2.500000048214508297e+01,2.500000037962881549e+01,2.500000029782118105e+01,2.500000023279142525e+01,2.500000018129814450e+01,2.500000014068076482e+01,2.500000010876547663e+01,2.500000008378425065e+01,2.500000006430558841e+01,2.500000004917563956e+01,2.500000003746849941e+01,2.500000002844445035e+01,2.500000002151512035e+01,2.500000001621455681e+01,2.500000001217534518e+01,2.500000000910903708e+01,2.500000000679013823e+01,2.500000000504312681e+01,2.500000000373195164e+01,2.500000000275161227e+01,2.500000000202140527e+01,2.500000000147956669e+01,2.500000000107902309e+01,2.500000000078404483e+01,2.500000000056763128e+01,2.500000000040945736e+01
2.500126709288413451e+01,2.500130701656254928e+01,2.500134328669660633e+01,2.500137553396959689e+01,2.500140342403500782e+01,2.500142666328076047e+01,2.500144500397185965e+01,2.500145824864556587e+01,2.500146625365010777e+01,2.500146893173821994e+01,2.500146625365010777e+01,2.500145824864556587e+01,2.500144500397185965e+01,2.500142666328076047e+01,2.500140342403500782e+01,2.500137553396959689e+01,2.500134328669660633e+01,2.500130701656254928e+01,2.500126709288413451e+01,2.500122391370125285e+01,2.500117789919458389e+01,2.500112948491942788e+01,2.500107911500708724e+01,2.500102723548049610e+01,2.500097428782216724e+01,2.500092070292040347e+01,2.500086689550448682e+01,2.500081325916182706e+01,2.500076016201090923e+01,2.500070794308327038e+01,2.500065690944724395e+01,2.500060733408576752e+01,2.500055945452120909e+01,2.500051347216238895e+01,2.500046955233307955e+01,2.500042782492774052e+01,2.500038838562934274e+01,2.500035129761584685e+01,2.500031659367648729e+01,2.500028427865607483e+01,2.500025433214540627e+01,2.500022671133771013e+01,2.500020135397513599e+01,2.500017818131506431e+01,2.500015710105285294e+01,2.500013801014586790e+01,2.500012079749208738e+01,2.500010534642556692e+01,2.500009153699995679e+01,2.500007924803977133e+01,2.500006835894729562e+01,2.500005875126030119e+01,2.500005030996232591e+01,2.500004292455292898e+01,2.500003648988987237e+01,2.500003090681897433e+01,2.500002608261000958e+01,2.500002193121895644e+01,2.500001837339777921e+01,2.500001533667334996e+01,2.500001275521671218e+01,2.500001056962305768e+01,2.500000872662151963e+01,2.500000717873241385e+01,2.500000588388768463e+01,2.500000480502848177e+01,2.500000390969196573e+01,2.500000316959739521e+01,2.500000256023979972e+01,2.500000206049787721e+01,2.500000165226111193e+01,2.500000132007977172e+01,2.500000105084014024e+01,2.500000083346643365e+01,2.500000065864979248e+01,2.500000051860414985e+01,2.500000040684820135e+01,2.500000031801221212e+01,2.500000024766815798e+01,2.500000019218148140e+01,2.500000014858257558e+01,2.500000011445617076e+01,2.500000008784671479e+01,2.500000006717796097e+01,2.500000005118504731e+01,2.500000003885745770e+01,2.500000002939142263e+01,2.500000002215041306e+01,2.500000001663251936e+01,2.500000001244369230e+01,2.500000000927588673e+01,2.500000000688932289e+01,2.500000000509815123e+01,2.500000000375892739e+01,2.500000000276140355e+01,2.500000000202120987e+01,2.500000000147403156e+01,2.500000000107107212e+01,2.500000000077543305e+01,2.500000000055935345e+01
2.500172331081465060e+01,2.500177760904932001e+01,2.500182693827771274e+01,2.500187079621029440e+01,2.500190872811879572e+01,2.500194033467584376e+01,2.500196527894923904e+01,2.500198329237960593e+01,2.500199417959321480e+01,2.500199782192936127e+01,2.500199417959321480e+01,2.500198329237960593e+01,2.500196527894923904e+01,2.500194033467584376e+01,2.500190872811879572e+01,2.500187079621029440e+01,2.500182693827771274e+01,2.500177760904932001e+01,2.500172331081465060e+01,2.500166458492820709e+01,2.500160200285709777e+01,2.500153615697870890e+01,2.500146765133420956e+01,2.500139709253749487e+01,2.500132508102724316e+01,2.500125220283349492e+01,2.500117902200916475e+01,2.500110607385317962e+01,2.500103385902540509e+01,2.500096283862598412e+01,2.500089343028349020e+01,2.500082600526860688e+01,2.500076088662384421e+01,2.500069834827544923e+01,2.500063861507216245e+01,2.500058186367706980e+01,2.500052822422387422e+01,2.500047778263782661e+01,2.500043058351393910e+01,2.500038663344141554e+01,2.500034590466269790e+01,2.500030833895839066e+01,2.500027385165465788e+01,2.500024233565752141e+01,2.500021366542797807e+01,2.500018770082279573e+01,2.500016429073756541e+01,2.500014327650067258e+01,2.500012449497896938e+01,2.500010778136763889e+01,2.500009297164764277e+01,2.500007990470431807e+01,2.500006842410942909e+01,2.500005837957674970e+01,2.500004962810748310e+01,2.500004203484689214e+01,2.500003547367715839e+01,2.500002982757403203e+01,2.500002498875614521e+01,2.500002085865635948e+01,2.500001734774394180e+01,2.500001437522532655e+01,2.500001186864943037e+01,2.500000976344146508e+01,2.500000800238672838e+01,2.500000653508329762e+01,2.500000531738006870e+01,2.500000431081378593e+01,2.500000348205643874e+01,2.500000280238198513e+01,2.500000224715920893e+01,2.500000179537567746e+01,2.500000142919607526e+01,2.500000113355677200e+01,2.500000089579724261e+01,2.500000070532804131e+01,2.500000055333426019e+01,2.500000043251279180e+01,2.500000033684130329e+01,2.500000026137659859e+01,2.500000020207986751e+01,2.500000015566621769e+01,2.500000011947600598e+01,2.500000009136544676e+01,2.500000006961426990e+01,2.500000005284811877e+01,2.500000003997383047e+01,2.500000003012569039e+01,2.500000002262107301e+01,2.500000001692405505e+01,2.500000001261567917e+01,2.500000000936983113e+01,2.500000000693374602e+01,2.500000000511233367e+01,2.500000000375565179e+01,2.500000000274894774e+01,2.500000000200476080e+01,2.500000000145671208e+01,2.500000000105463016e+01,2.500000000076074613e+01
2.500233344257690504e+01,2.500240696489891334e+01,2.500247375895651203e+01,2.500253314462644028e+01,2.500258450618557760e+01,2.500262730292618940e+01,2.500266107862648113e+01,2.500268546964463923e+01,2.500270021143559873e+01,2.500270514332726179e+01,2.500270021143559873e+01,2.500268546964463923e+01,2.500266107862648113e+01,2.500262730292618940e+01,2.500258450618557760e+01,2.500253314462644028e+01,2.500247375895651203e+01,2.500240696489891334e+01,2.500233344257690504e+01,2.500225392500954058e+01,2.500216918598972526e+01,2.500208002762383686e+01,2.500198726781157887e+01,2.500189172793622205e+01,2.500179422101952653e+01,2.500169554057327304e+01,2.500159645035121514e+01,2.500149767517285326e+01,2.500139989295482223e+01,2.500130372804804679e+01,2.500120974594093681e+01,2.500111844935117489e+01,2.500103027569326386e+01,2.500094559587602205e+01,2.500086471435504976e+01,2.500078787034032857e+01,2.500071524003892165e+01,2.500064693979758701e+01,2.500058303000004400e+01,2.500052351956837171e+01,2.500046837091755592e+01,2.500041750521583950e+01,2.500037080781093124e+01,2.500032813369263351e+01,2.500028931287532075e+01,2.500025415559857578e+01,2.500022245726004044e+01,2.500019400301100347e+01,2.500016857196164111e+01,2.500014594095859266e+01,2.500012588791250678e+01,2.500010819466666234e+01,2.500009264941000353e+01,2.500007904864801489e+01,2.500006719875371530e+01,2.500005691712755151e+01,2.500004803300016576e+01,2.500004038791529482e+01,2.500003383593199402e+01,2.500002824358579545e+01,2.500002348964794052e+01,2.500001946472020364e+01,2.500001607070046461e+01,2.500001322015148020e+01,2.500001083560188064e+01,2.500000884880515173e+01,2.500000719997863996e+01,2.500000583704131785e+01,2.500000471486552556e+01,2.500000379455487121e+01,2.500000304275754104e+01,2.500000243102173414e+01,2.500000193519761282e+01,2.500000153488831600e+01,2.500000121295091304e+01,2.500000095504680075e+01,2.500000074924019344e+01,2.500000058564233285e+01,2.500000045609870725e+01,2.500000035391600761e+01,2.500000027362548849e+01,2.500000021077926249e+01,2.500000016177603968e+01,2.500000012371304337e+01,2.500000009426094039e+01,2.500000007155879800e+01,2.500000005412641713e+01,2.500000004079157989e+01,2.500000003062998033e+01,2.500000002291595536e+01,2.500000001708221120e+01,2.500000001268718464e+01,2.500000000938861433e+01,2.500000000692233471e+01,2.500000000508532594e+01,2.500000000372219944e+01,2.500000000271453615e+01,2.500000000197245598e+01,2.500000000142801682e+01,2.500000000103008801e+01
2.500314563961394043e+01,2.500324475271443347e+01,2.500333479565598083e+01,2.500341485158607924e+01,2.500348409046800313e+01,2.500354178339087596e+01,2.500358731533663104e+01,2.500362019609131536e+01,2.500364006903015479e+01,2.500364671755621515e+01,2.500364006903015479e+01,2.500362019609131536e+01,2.500358731533663104e+01,2.500354178339087596e+01,2.500348409046800313e+01,2.500341485158607924e+01,2.500333479565598083e+01,2.500324475271443347e+01,2.500314563961394043e+01,2.500303844451414292e+01,2.500292421054060554e+01,2.500280401898739058e+01,2.500267897243904258e+01,2.500255017817617187e+01,2.500241873220753064e+01,2.500228570424107133e+01,2.500215212386889974e+01,2.500201896819710612e+01,2.500188715110349946e+01,2.500175751425569004e+01,2.500163081997057901e+01,2.500150774594586878e+01,2.500138888184611474e+01,2.500127472768168246e+01,2.500116569387946797e+01,2.500106210291083286e+01,2.500096419231489620e+01,2.500087211893502825e+01,2.500078596417259647e+01,2.500070574005516377e+01,2.500063139591557260e+01,2.500056282548324305e+01,2.500049987419907893e+01,2.500044234657944031e+01,2.500039001347212775e+01,2.500034261906716537e+01,2.500029988754662824e+01,2.500026152927981826e+01,2.500022724649219086e+01,2.500019673835782186e+01,2.500016970548511352e+01,2.500014585378395182e+01,2.500012489771858881e+01,2.500010656296456091e+01,2.500009058849949284e+01,2.500007672816674997e+01,2.500006475175759135e+01,2.500005444566219026e+01,2.500004561314219131e+01,2.500003807427840385e+01,2.500003166564620471e+01,2.500002623976932270e+01,2.500002166439941931e+01,2.500001782166512498e+01,2.500001460712976353e+01,2.500001192879237522e+01,2.500000970606187067e+01,2.500000786872947955e+01,2.500000635596003917e+01,2.500000511531855807e+01,2.500000410184452448e+01,2.500000327718296944e+01,2.500000260877826008e+01,2.500000206913405165e+01,2.500000163514049234e+01,2.500000128746817296e+01,2.500000101002683905e+01,2.500000078948577453e+01,2.500000061485214076e+01,2.500000047710289408e+01,2.500000036886580546e+01,2.500000028414481079e+01,2.500000021808512329e+01,2.500000016677361359e+01,2.500000012707017305e+01,2.500000009646613819e+01,2.500000007296609894e+01,2.500000005498982958e+01,2.500000004129130105e+01,2.500000003089226652e+01,2.500000002302798663e+01,2.500000001710318998e+01,2.500000001265648919e+01,2.500000000933177802e+01,2.500000000685536605e+01,2.500000000501778175e+01,2.500000000365938035e+01,2.500000000265900368e+01,2.500000000192506278e+01,2.500000000138862788e+01
2.500422181458447568e+01,2.500435483590430863e+01,2.500447568401487075e+01,2.500458312839336017e+01,2.500467605503384760e+01,2.500475348565308664e+01,2.500481459482522339e+01,2.500485872462606096e+01,2.500488539642363861e+01,2.500489431951965003e+01,2.500488539642363861e+01,2.500485872462606096e+01,2.500481459482522339e+01,2.500475348565308664e+01,2.500467605503384760e+01,2.500458312839336017e+01,2.500447568401487075e+01,2.500435483590430863e+01,2.500422181458447568e+01,2.500407794628064906e+01,2.500392463098878082e+01,2.500376331993139090e+01,2.500359549290529770e+01,2.500342263601000781e+01,2.500324622021684817e+01,2.500306768119843781e+01,2.500288840078725272e+01,2.500270969037341828e+01,2.500253277648734951e+01,2.500235878874497075e+01,2.500218875026431320e+01,2.500202357059458791e+01,2.500186404113429006e+01,2.500171083295553132e+01,2.500156449689899674e+01,2.500142546575878910e+01,2.500129405834006846e+01,2.500117048514489326e+01,2.500105485542337291e+01,2.500094718531790150e+01,2.500084740682725837e+01,2.500075537732394437e+01,2.500067088937166560e+01,2.500059368060861331e+01,2.500052344348585720e+01,2.500045983467663291e+01,2.500040248400117093e+01,2.500035100274135402e+01,2.500030499124908090e+01,2.500026404578092709e+01,2.500022776451852025e+01,2.500019575275869599e+01,2.500016762727922526e+01,2.500014301990474408e+01,2.500012158031284315e+01,2.500010297813264870e+01,2.500008690439723580e+01,2.500007307241734722e+01,2.500006121814720927e+01,2.500005110011431597e+01,2.500004249898379527e+01,2.500003521682532437e+01,2.500002907614623737e+01,2.500002391874943797e+01,2.500001960446873994e+01,2.500001600982814409e+01,2.500001302666503378e+01,2.500001056075105765e+01,2.500000853043834681e+01,2.500000686535304339e+01,2.500000550515289888e+01,2.500000439836108157e+01,2.500000350128414439e+01,2.500000277701879270e+01,2.500000219454890527e+01,2.500000172793217601e+01,2.500000135557360537e+01,2.500000105958182672e+01,2.500000082520315559e+01,2.500000064032763092e+01,2.500000049506085631e+01,2.500000038135541658e+01,2.500000029269562773e+01,2.500000022382960552e+01,2.500000017054296819e+01,2.500000012946878769e+01,2.500000009792900002e+01,2.500000007380275235e+01,2.500000005541773618e+01,2.500000004146101773e+01,2.500000003090623935e+01,2.500000002295447388e+01,2.500000001698648333e+01,2.500000001252433179e+01,2.500000000920069709e+01,2.500000000673444589e+01,2.500000000491131757e+01,2.500000000356869023e+01,2.500000000258365773e+01,2.500000000186370031e+01
2.500564115053795433e+01,2.500581889242474887e+01,2.500598036857920192e+01,2.500612393478784767e+01,2.500624810252603325e+01,2.500635156462050190e+01,2.500643321814468223e+01,2.500649218398621088e+01,2.500652782260136675e+01,2.500653974556171022e+01,2.500652782260136675e+01,2.500649218398621088e+01,2.500643321814468223e+01,2.500635156462050190e+01,2.500624810252603325e+01,2.500612393478784767e+01,2.500598036857920192e+01,2.500581889242474887e+01,2.500564115053795433e+01,2.500544891500906530e+01,2.500524405650002890e+01,2.500502851412127825e+01,2.500480426516396903e+01,2.500457329534084039e+01,2.500433757015050418e+01,2.500409900792575613e+01,2.500385945505867369e+01,2.500362066381690695e+01,2.500338427307932321e+01,2.500315179222852180e+01,2.500292458834558573e+01,2.500270387676195583e+01,2.500249071493716002e+01,2.500228599955169528e+01,2.500209046663391277e+01,2.500190469447938213e+01,2.500172910907268786e+01,2.500156399168477606e+01,2.500140948829465160e+01,2.500126562047165280e+01,2.500113229735313780e+01,2.500100932836155465e+01,2.500089643632237824e+01,2.500079327067014390e+01,2.500069942046073734e+01,2.500061442694404334e+01,2.500053779548919053e+01,2.500046900669453365e+01,2.500040752655390008e+01,2.500035281558896472e+01,2.500030433689364529e+01,2.500026156306913094e+01,2.500022398205734575e+01,2.500019110190569194e+01,2.500016245451652708e+01,2.500013759845127126e+01,2.500011612087111246e+01,2.500009763870444246e+01,2.500008179913569251e+01,2.500006827951147415e+01,2.500005678675851328e+01,2.500004705640409952e+01,2.500003885128413827e+01,2.500003196001708616e+01,2.500002619531416315e+01,2.500002139218784691e+01,2.500001740611222800e+01,2.500001411118023142e+01,2.500001139829471342e+01,2.500000917342276097e+01,2.500000735593561174e+01,2.500000587705037347e+01,2.500000467838426843e+01,2.500000371062744264e+01,2.500000293233643589e+01,2.500000230884737817e+01,2.500000181130521781e+01,2.500000141580366986e+01,2.500000110262900677e+01,2.500000085559999974e+01,2.500000066149585010e+01,2.500000050956366593e+01,2.500000039109725591e+01,2.500000029907910104e+01,2.500000022787797249e+01,2.500000017299502275e+01,2.500000013085184847e+01,2.500000009861457073e+01,2.500000007404867830e+01,2.500000005539984116e+01,2.500000004129663722e+01,2.500000003067156129e+01,2.500000002269718635e+01,2.500000001673490146e+01,2.500000001229388857e+01,2.500000000899850505e+01,2.500000000656245547e+01,2.500000000476845230e+01,2.500000000345226070e+01,2.500000000249026044e+01
2.500750437565350026e+01,2.500774082420754851e+01,2.500795563459311310e+01,2.500814661952669837e+01,2.500831179883632771e+01,2.500844943360029404e+01,2.500855805660455289e+01,2.500863649837322455e+01,2.500868390812662412e+01,2.500869976914162862e+01,2.500868390812662412e+01,2.500863649837322455e+01,2.500855805660455289e+01,2.500844943360029404e+01,2.500831179883632771e+01,2.500814661952669837e+01,2.500795563459311310e+01,2.500774082420754851e+01,2.500750437565350026e+01,2.500724864632788780e+01,2.500697612475675413e+01,2.500668939052257400e+01,2.500639107399933536e+01,2.500608381676417835e+01,2.500577023350357209e+01,2.500545287615967638e+01,2.500513420097252038e+01,2.500481653896918743e+01,2.500450207033660632e+01,2.500419280299390579e+01,2.500389055555767470e+01,2.500359694477322847e+01,2.500331337737017989e+01,2.500304104619513978e+01,2.500278093038050287e+01,2.500253379922805763e+01,2.500230021942155290e+01,2.500208056513339372e+01,2.500187503055823868e+01,2.500168364438958335e+01,2.500150628575363498e+01,2.500134270112663515e+01,2.500119252178563656e+01,2.500105528137630628e+01,2.500093043322311814e+01,2.500081736705459434e+01,2.500071542486740483e+01,2.500062391570586939e+01,2.500054212918599816e+01,2.500046934764427675e+01,2.500040485683900116e+01,2.500034795517592201e+01,2.500029796146844063e+01,2.500025422127609787e+01,2.500021611189249882e+01,2.500018304607557340e+01,2.500015447462927298e+01,2.500012988795663560e+01,2.500010881671003915e+01,2.500009083166635548e+01,2.500007554295265777e+01,2.500006259874309222e+01,2.500005168354023155e+01,2.500004251614497974e+01,2.500003484740861381e+01,2.500002845784961281e+01,2.500002315520636031e+01,2.500001877198572586e+01,2.500001516305668048e+01,2.500001220332802276e+01,2.500000978553997655e+01,2.500000781819123929e+01,2.500000622361569214e+01,2.500000493621683262e+01,2.500000390086277946e+01,2.500000307144046729e+01,2.500000240956426723e+01,2.500000188343184959e+01,2.500000146681819757e+01,2.500000113819756820e+01,2.500000087998242648e+01,2.500000067786830726e+01,2.500000052027342790e+01,2.500000039786243988e+01,2.500000030314417288e+01,2.500000023013384265e+01,2.500000017407112551e+01,2.500000013118614461e+01,2.500000009850634086e+01,2.500000007369794730e+01,2.500000005493657440e+01,2.500000004080212079e+01,2.500000003019387762e+01,2.500000002226229867e+01,2.500000001635445557e+01,2.500000001197063781e+01,2.500000000872998029e+01,2.500000000634343422e+01,2.500000000459251481e+01,2.500000000331277050e+01
2.500993893351056840e+01,2.501025209033611318e+01,2.501053658917226841e+01,2.501078953314043929e+01,2.501100829966433636e+01,2.501119058568398401e+01,2.501133444799403804e+01,2.501143833771908476e+01,2.501150112807081527e+01,2.501152213469159591e+01,2.501150112807081527e+01,2.501143833771908476e+01,2.501133444799403804e+01,2.501119058568398401e+01,2.501100829966433636e+01,2.501078953314043929e+01,2.501053658917226841e+01,2.501025209033611318e+01,2.500993893351056840e+01,2.500960024087558864e+01,2.500923930828095720e+01,2.500885955217328060e+01,2.500846445626837422e+01,2.500805751911972052e+01,2.500764220366629687e+01,2.500722188974736326e+01,2.500679983045251475e+01,2.500637911303700278e+01,2.500596262498061151e+01,2.500555302560845305e+01,2.500515272352988916e+01,2.500476385999222373e+01,2.500438829809409569e+01,2.500402761766356363e+01,2.500368311548162481e+01,2.500335581042575583e+01,2.500304645302236395e+01,2.500275553883227531e+01,2.500248332505048765e+01,2.500222984967919615e+01,2.500199495263090910e+01,2.500177829813409858e+01,2.500157939784528338e+01,2.500139763411619498e+01,2.500123228291966981e+01,2.500108253600091857e+01,2.500094752188820024e+01,2.500082632546705241e+01,2.500071800589183724e+01,2.500062161267574723e+01,2.500053619986390885e+01,2.500046083825194998e+01,2.500039462566378035e+01,2.500033669534639458e+01,2.500028622257594435e+01,2.500024242959820953e+01,2.500020458904781862e+01,2.500017202600515276e+01,2.500014411885756260e+01,2.500012029913403211e+01,2.500010005047965933e+01,2.500008290692979074e+01,2.500006845063382954e+01,2.500005630916648869e+01,2.500004615255062035e+01,2.500003769010084653e+01,2.500003066718232958e+01,2.500002486196408569e+01,2.500002008223190231e+01,2.500001616231268287e+01,2.500001296014960772e+01,2.500001035455666099e+01,2.500000824267139876e+01,2.500000653761660274e+01,2.500000516637460635e+01,2.500000406787239982e+01,2.500000319127135384e+01,2.500000249445187350e+01,2.500000194268107379e+01,2.500000150744984850e+01,2.500000116546495477e+01,2.500000089778128753e+01,2.500000068905972128e+01,2.500000052693635411e+01,2.500000040148973213e+01,2.500000030479350599e+01,2.500000023054300868e+01,2.500000017374534877e+01,2.500000013046361502e+01,2.500000009760691810e+01,2.500000007275901126e+01,2.500000005403908077e+01,2.500000003998932741e+01,2.500000002948459965e+01,2.500000002166014568e+01,2.500000001585413045e+01,2.500000001156214680e+01,2.500000000840136138e+01,2.500000000608240924e+01,2.500000000438749481e+01
2.501310519078403161e+01,2.501351811033316608e+01,2.501389324228486899e+01,2.501422676689865199e+01,2.501451522612114431e+01,2.501475558320393944e+01,2.501494527589258610e+01,2.501508226188467177e+01,2.501516505542967295e+01,2.501519275415335741e+01,2.501516505542967295e+01,2.501508226188467177e+01,2.501494527589258610e+01,2.501475558320393944e+01,2.501451522612114431e+01,2.501422676689865199e+01,2.501389324228486899e+01,2.501351811033316608e+01,2.501310519078403161e+01,2.501265860045380762e+01,2.501218268515486542e+01,2.501168194971507219e+01,2.501116098766151907e+01,2.501062441208582499e+01,2.501007678911934917e+01,2.500952257532055967e+01,2.500896606011947654e+01,2.500841131428174791e+01,2.500786214515485284e+01,2.500732205924810714e+01,2.500679423248427469e+01,2.500628148825023089e+01,2.500578628317406071e+01,2.500531070037142456e+01,2.500485644974030208e+01,2.500442487474312969e+01,2.500401696500235005e+01,2.500363337395017282e+01,2.500327444071648131e+01,2.500294021540988254e+01,2.500263048694363022e+01,2.500234481257908215e+01,2.500208254840062594e+01,2.500184287999507404e+01,2.500162485268112533e+01,2.500142740071734337e+01,2.500124937500624966e+01,2.500108956890434442e+01,2.500094674183971577e+01,2.500081964052790795e+01,2.500070701766014025e+01,2.500060764801434487e+01,2.500052034200718154e+01,2.500044395676315645e+01,2.500037740482522253e+01,2.500031966066910982e+01,2.500026976521184352e+01,2.500022682852389977e+01,2.500019003096478443e+01,2.500015862296502789e+01,2.500013192367396186e+01,2.500010931868404995e+01,2.500009025702955512e+01,2.500007424764125119e+01,2.500006085542079504e+01,2.500004969707883973e+01,2.500004043686124078e+01,2.500003278226806103e+01,2.500002647985120063e+01,2.500002131115888915e+01,2.500001708887910823e+01,2.500001365321947233e+01,2.500001086854853583e+01,2.500000862031251003e+01,2.500000681223239596e+01,2.500000536377910265e+01,2.500000420791827338e+01,2.500000328911222525e+01,2.500000256156317846e+01,2.500000198767984827e+01,2.500000153674844228e+01,2.500000118378848768e+01,2.500000090857425405e+01,2.500000069480306308e+01,2.500000052939276785e+01,2.500000040189191708e+01,2.500000030398735618e+01,2.500000022909560116e+01,2.500000017202555469e+01,2.500000012870166444e+01,2.500000009593793138e+01,2.500000007125437307e+01,2.500000005272877246e+01,2.500000003887754119e+01,2.500000002856044290e+01,2.500000002090479967e+01,2.500000001524551507e+01,2.500000001107779113e+01,2.500000000802009126e+01,2.500000000578522474e+01
2.501720383438929574e+01,2.501774589437579621e+01,2.501823834870764074e+01,2.501867618302190621e+01,2.501905485776030247e+01,2.501937038643248457e+01,2.501961940543984397e+01,2.501979923375065340e+01,2.501990792094644789e+01,2.501994428243579449e+01,2.501990792094644789e+01,2.501979923375065340e+01,2.501961940543984397e+01,2.501937038643248457e+01,2.501905485776030247e+01,2.501867618302190621e+01,2.501823834870764074e+01,2.501774589437579621e+01,2.501720383438929574e+01,2.501661757309729239e+01,2.501599281546337039e+01,2.501533547519866119e+01,2.501465158245416376e+01,2.501394719306421166e+01,2.501322830121606700e+01,2.501250075725522137e+01,2.501177019212936159e+01,2.501104194973459371e+01,2.501032102816492397e+01,2.500961203058917448e+01,2.500891912619877644e+01,2.500824602139382691e+01,2.500759594111192996e+01,2.500697161996241391e+01,2.500637530261321473e+01,2.500580875269415770e+01,2.500527326933174166e+01,2.500476971031885398e+01,2.500429852084813476e+01,2.500385976669962673e+01,2.500345317076929419e+01,2.500307815185213656e+01,2.500273386464817449e+01,2.500241924003679728e+01,2.500213302476047517e+01,2.500187381976752832e+01,2.500164011658066343e+01,2.500143033117906910e+01,2.500124283500242584e+01,2.500107598280202836e+01,2.500092813717371953e+01,2.500079768970769223e+01,2.500068307877884877e+01,2.500058280407780487e+01,2.500049543804572139e+01,2.500041963442598814e+01,2.500035413418278551e+01,2.500029776906145429e+01,2.500024946307923557e+01,2.500020823223908906e+01,2.500017318275454770e+01,2.500014350806234376e+01,2.500011848488240318e+01,2.500009746856378712e+01,2.500007988793130309e+01,2.500006523982199624e+01,2.500005308347474653e+01,2.500004303491036239e+01,2.500003476141493763e+01,2.500002797621600692e+01,2.500002243341977248e+01,2.500001792325884864e+01,2.500001426768309898e+01,2.500001131631207940e+01,2.500000894275557783e+01,2.500000704129904960e+01,2.500000552394316600e+01,2.500000431778086707e+01,2.500000336269112111e+01,2.500000260932599261e+01,2.500000201736595429e+01,2.500000155401790281e+01,2.500000119273051880e+01,2.500000091210246467e+01,2.500000069496016408e+01,2.500000052758346314e+01,2.500000039905928872e+01,2.500000030074516744e+01,2.500000022582648285e+01,2.500000016895306487e+01,2.500000012594248489e+01,2.500000009353914976e+01,2.500000006921967710e+01,2.500000005103647993e+01,2.500000003749270761e+01,2.500000002744276983e+01,2.500000002001354460e+01,2.500000001454236553e+01,2.500000001052837106e+01,2.500000000759455077e+01
2.502248461738514251e+01,2.502319306476497829e+01,2.502383667984407012e+01,2.502440890908155424e+01,2.502490381948429388e+01,2.502531620089343178e+01,2.502564165724086109e+01,2.502587668454187408e+01,2.502601873368956831e+01,2.502606625647762684e+01,2.502601873368956831e+01,2.502587668454187408e+01,2.502564165724086109e+01,2.502531620089343178e+01,2.502490381948429388e+01,2.502440890908155424e+01,2.502383667984407012e+01,2.502319306476497829e+01,2.502248461738514251e+01,2.502171840093942734e+01,2.502090187155188872e+01,2.502004275816999268e+01,2.501914894192272243e+01,2.501822833750600239e+01,2.501728877904589154e+01,2.501633791267387963e+01,2.501538309777865265e+01,2.501443131858574631e+01,2.501348910737329589e+01,2.501256248027046425e+01,2.501165688621799887e+01,2.501077716930972628e+01,2.500992754439022292e+01,2.500911158546765733e+01,2.500833222621939811e+01,2.500759177162820635e+01,2.500689191959245861e+01,2.500623379120785472e+01,2.500561796832062811e+01,2.500504453690225404e+01,2.500451313479054605e+01,2.500402300237740505e+01,2.500357303489477800e+01,2.500316183505137957e+01,2.500278776489746946e+01,2.500244899593707970e+01,2.500214355666003385e+01,2.500186937682423860e+01,2.500162432797654688e+01,2.500140625985283904e+01,2.500121303244147697e+01,2.500104254362508271e+01,2.500089275243174214e+01,2.500076169802634851e+01,2.500064751465539814e+01,2.500054844282364286e+01,2.500046283702939576e+01,2.500038917041773345e+01,2.500032603672887177e+01,2.500027214992409341e+01,2.500022634186574777e+01,2.500018755841287899e+01,2.500015485427181616e+01,2.500012738691353675e+01,2.500010440983843552e+01,2.500008526543575726e+01,2.500006937765105874e+01,2.500005624464126797e+01,2.500004543156467207e+01,2.500003656362288496e+01,2.500002931944407436e+01,2.500002342487194440e+01,2.500001864720318778e+01,2.500001478989750581e+01,2.500001168776872618e+01,2.500000920265281579e+01,2.500000721953872329e+01,2.500000564314027685e+01,2.500000439488206538e+01,2.500000341026861861e+01,2.500000263660417588e+01,2.500000203102966267e+01,2.500000155884372788e+01,2.500000119207581761e+01,2.500000090828085320e+01,2.500000068952723353e+01,2.500000052155207086e+01,2.500000039306004851e+01,2.500000029514479039e+01,2.500000022081385609e+01,2.500000016460101193e+01,2.500000012225135038e+01,2.500000009046692284e+01,2.500000006670232366e+01,2.500000004900124040e+01,2.500000003586643160e+01,2.500000002615677985e+01,2.500000001900620106e+01,2.500000001376009351e+01,2.500000000992572780e+01
2.502925661611049080e+01,2.503017843624517980e+01,2.503101589765131862e+01,2.503176047296881279e+01,2.503240444228410055e+01,2.503294102622376016e+01,2.503336450469592478e+01,2.503367031837304424e+01,2.503385515039894571e+01,2.503391698627291007e+01,2.503385515039894571e+01,2.503367031837304424e+01,2.503336450469592478e+01,2.503294102622376016e+01,2.503240444228410055e+01,2.503176047296881279e+01,2.503101589765131862e+01,2.503017843624517980e+01,2.502925661611049080e+01,2.502825962781285085e+01,2.502719717313884473e+01,2.502607930886839682e+01,2.502491628979754523e+01,2.502371841439908096e+01,2.502249587630959482e+01,2.502125862455023508e+01,2.502001623503709382e+01,2.501877779553012715e+01,2.501755180572272153e+01,2.501634609370366391e+01,2.501516774954547273e+01,2.501402307630374722e+01,2.501291755826526142e+01,2.501185584587093302e+01,2.501084175637374685e+01,2.500987828897954657e+01,2.500896765296589663e+01,2.500811130708417807e+01,2.500731000842318252e+01,2.500656386884759286e+01,2.500587241711789588e+01,2.500523466484446899e+01,2.500464917452120162e+01,2.500411412801553723e+01,2.500362739405409584e+01,2.500318659342785566e+01,2.500278916084002745e+01,2.500243240252550336e+01,2.500211354897587768e+01,2.500182980230267660e+01,2.500157837795778093e+01,2.500135654070047053e+01,2.500116163485149912e+01,2.500099110900431398e+01,2.500084253547100133e+01,2.500071362482514559e+01,2.500060223596687692e+01,2.500050638217756571e+01,2.500042423365499999e+01,2.500035411702664589e+01,2.500029451233092104e+01,2.500024404793685662e+01,2.500020149384381085e+01,2.500016575376681160e+01,2.500013585637277913e+01,2.500011094598936978e+01,2.500009027306397513e+01,2.500007318460659889e+01,2.500005911480832310e+01,2.500004757598761884e+01,2.500003814998072471e+01,2.500003048005995154e+01,2.500002426343556650e+01,2.500001924437255241e+01,2.500001520793335885e+01,2.500001197434121281e+01,2.500000939394561783e+01,2.500000734276176217e+01,2.500000571854861064e+01,2.500000443738570866e+01,2.500000343070619735e+01,2.500000264274255102e+01,2.500000202834194596e+01,2.500000155110954125e+01,2.500000118184017950e+01,2.500000089720155216e+01,2.500000067863501485e+01,2.500000051144330371e+01,2.500000038403756975e+01,2.500000028731937363e+01,2.500000021417614349e+01,2.500000015907145823e+01,2.500000011771408026e+01,2.500000008679197094e+01,2.500000006375961092e+01,2.500000004666881281e+01,2.500000003403477322e+01,2.500000002473055716e+01,2.500000001790440862e+01,2.500000001291519780e+01
2.503790015862493590e+01,2.503909432028725490e+01,2.504017920037096090e+01,2.504114375220206412e+01,2.504197797510422419e+01,2.504267308681338022e+01,2.504322167730001070e+01,2.504361784023384985e+01,2.504385727883037660e+01,2.504393738342699649e+01,2.504385727883037660e+01,2.504361784023384985e+01,2.504322167730001070e+01,2.504267308681338022e+01,2.504197797510422419e+01,2.504114375220206412e+01,2.504017920037096090e+01,2.503909432028725490e+01,2.503790015862493590e+01,2.503660862120020170e+01,2.503523227608480894e+01,2.503378415122268663e+01,2.503227753107555031e+01,2.503072575668567623e+01,2.502914203328644049e+01,2.502753924922687645e+01,2.502592980952120172e+01,2.502432548680717517e+01,2.502273729191827556e+01,2.502117536566522915e+01,2.501964889280379367e+01,2.501816603855737853e+01,2.501673390748442216e+01,2.501535852394700044e+01,2.501404483296311909e+01,2.501279671982069885e+01,2.501161704650385076e+01,2.501050770273585044e+01,2.500946966927897464e+01,2.500850309104708558e+01,2.500760735757818054e+01,2.500678118847389797e+01,2.500602272153290073e+01,2.500532960147555528e+01,2.500469906736740455e+01,2.500412803708852749e+01,2.500361318745368067e+01,2.500315102885474161e+01,2.500273797356279459e+01,2.500237039708426323e+01,2.500204469220719261e+01,2.500175731559435732e+01,2.500150482697553755e+01,2.500128392115944820e+01,2.500109145322471704e+01,2.500092445735930369e+01,2.500078015989915059e+01,2.500065598717165471e+01,2.500054956877985290e+01,2.500045873697187204e+01,2.500038152273033631e+01,2.500031614919114631e+01,2.500026102296360975e+01,2.500021472387753363e+01,2.500017599363026122e+01,2.500014372375055416e+01,2.500011694323879752e+01,2.500009480618635038e+01,2.500007657962233409e+01,2.500006163178512253e+01,2.500004942096910909e+01,2.500003948505537110e+01,2.500003143179830900e+01,2.500002492990883241e+01,2.500001970094848147e+01,2.500001551202742434e+01,2.500001216928258785e+01,2.500000951209922562e+01,2.500000740803032429e+01,2.500000574836206368e+01,2.500000444427026736e+01,2.500000342351150806e+01,2.500000262759305869e+01,2.500000200936764116e+01,2.500000153100174316e+01,2.500000116226978975e+01,2.500000087913019797e+01,2.500000066254355247e+01,2.500000049749720787e+01,2.500000037220469551e+01,2.500000027745210929e+01,2.500000020606735518e+01,2.500000015249139906e+01,2.500000011243369613e+01,2.500000008259668149e+01,2.500000006045659617e+01,2.500000004408996901e+01,2.500000003203692600e+01,2.500000002319406534e+01,2.500000001673084782e+01
2.504888057489728226e+01,2.505042070851920499e+01,2.505181989955455180e+01,2.505306390089209501e+01,2.505413981446421445e+01,2.505503631361339956e+01,2.505574384147984546e+01,2.505625478055402056e+01,2.505656358918901105e+01,2.505666690165198673e+01,2.505656358918901105e+01,2.505625478055402056e+01,2.505574384147984546e+01,2.505503631361339956e+01,2.505413981446421445e+01,2.505306390089209501e+01,2.505181989955455180e+01,2.505042070851920499e+01,2.504888057489728226e+01,2.504721485385249480e+01,2.504543975467248274e+01,2.504357207975100863e+01,2.504162896231784430e+01,2.503962760857580250e+01,2.503758504957231779e+01,2.503551790766288931e+01,2.503344218183665859e+01,2.503137305549451597e+01,2.502932472952346288e+01,2.502731028272519254e+01,2.502534156085859962e+01,2.502342909477182431e+01,2.502158204735265556e+01,2.501980818833853348e+01,2.501811389541578023e+01,2.501650417951611516e+01,2.501498273179635135e+01,2.501355198946951930e+01,2.501221321744386827e+01,2.501096660261764626e+01,2.500981135766608787e+01,2.500874583123440686e+01,2.500776762160517208e+01,2.500687369112822367e+01,2.500606047897247208e+01,2.500532401006764616e+01,2.500465999843682141e+01,2.500406394346424577e+01,2.500353121798585221e+01,2.500305714742147245e+01,2.500263707947939551e+01,2.500226644424837730e+01,2.500194080474472713e+01,2.500165589819867762e+01,2.500140766854370256e+01,2.500119229071408355e+01,2.500100618746110470e+01,2.500084603946893935e+01,2.500070878959031972e+01,2.500059164203331008e+01,2.500049205731774649e+01,2.500040774378728869e+01,2.500033664641483355e+01,2.500027693357914060e+01,2.500022698242270280e+01,2.500018536332850161e+01,2.500015082397937505e+01,2.500012227339042425e+01,2.500009876623478178e+01,2.500007948771714794e+01,2.500006373918921909e+01,2.500005092464718714e+01,2.500004053820424943e+01,2.500003215259038925e+01,2.500002540869808243e+01,2.500002000616477105e+01,2.500001569496145848e+01,2.500001226794017484e+01,2.500000955428141580e+01,2.500000741377484204e+01,2.500000573186217423e+01,2.500000441536966278e+01,2.500000338885809370e+01,2.500000259152069404e+01,2.500000197456285278e+01,2.500000149900205315e+01,2.500000113383138967e+01,2.500000085449535803e+01,2.500000064163186764e+01,2.500000048003966668e+01,2.500000035783540397e+01,2.500000026576909207e+01,2.500000019667113449e+01,2.500000014500793100e+01,2.500000010652655291e+01,2.500000007797205370e+01,2.500000005686369420e+01,2.500000004131864983e+01,2.500000002991384207e+01,2.500000002157809931e+01
2.506276390055041858e+01,2.506474147126606411e+01,2.506653806811824836e+01,2.506813539745404995e+01,2.506951689782680859e+01,2.507066802552040485e+01,2.507157650928393267e+01,2.507223256804155298e+01,2.507262908617777697e+01,2.507276174200609375e+01,2.507262908617777697e+01,2.507223256804155298e+01,2.507157650928393267e+01,2.507066802552040485e+01,2.506951689782680859e+01,2.506813539745404995e+01,2.506653806811824836e+01,2.506474147126606411e+01,2.506276390055041858e+01,2.506062507239180093e+01,2.505834579992752253e+01,2.505594765785824407e+01,2.505345264568645192e+01,2.505088285661388525e+01,2.504826015893832647e+01,2.504560589618671784e+01,2.504294061146776329e+01,2.504028380065411241e+01,2.503765369804562013e+01,2.503506709715607315e+01,2.503253920824098344e+01,2.503008355317700762e+01,2.502771189734496460e+01,2.502543421728521267e+01,2.502325870210908576e+01,2.502119178598027105e+01,2.501923820843793322e+01,2.501740109892554642e+01,2.501568208161746298e+01,2.501408139649577222e+01,2.501259803261547177e+01,2.501122986959504146e+01,2.500997382356825582e+01,2.500882599411509943e+01,2.500778180903795445e+01,2.500683616424555566e+01,2.500598355643460380e+01,2.500521820670007500e+01,2.500453417364569830e+01,2.500392545499173025e+01,2.500338607707736926e+01,2.500291017202042099e+01,2.500249204262105707e+01,2.500212621537454893e+01,2.500180748218838644e+01,2.500153093158096240e+01,2.500129197027401062e+01,2.500108633618163978e+01,2.500091010384905488e+01,2.500075968340835431e+01,2.500063181410245505e+01,2.500052355338637255e+01,2.500043226255308326e+01,2.500035558975435279e+01,2.500029145119989238e+01,2.500023801122512168e+01,2.500019366182296565e+01,2.500015700214109060e+01,2.500012681835577055e+01,2.500010206424913406e+01,2.500008184273899303e+01,2.500006538854132643e+01,2.500005205208460168e+01,2.500004128474327203e+01,2.500003262541414273e+01,2.500002568842405637e+01,2.500002015272943012e+01,2.500001575234699658e+01,2.500001226794017484e+01,2.500000951947532712e+01,2.500000735985671696e+01,2.500000566944687108e+01,2.500000435137992838e+01,2.500000332757844035e+01,2.500000253538889083e+01,2.500000192475673444e+01,2.500000145586832190e+01,2.500000109719375985e+01,2.500000082387162337e+01,2.500000061638312943e+01,2.500000045946975291e+01,2.500000034125427106e+01,2.500000025253073588e+01,2.500000018619386921e+01,2.500000013678280197e+01,2.500000010011810048e+01,2.500000007301442650e+01,2.500000005305419748e+01,2.500000003841013196e+01,2.500000002770682883e+01
2.508023463643861461e+01,2.508276267669758042e+01,2.508505936785281065e+01,2.508710132409528271e+01,2.508886737399301126e+01,2.509033892549283706e+01,2.509150029156215211e+01,2.509233896849966783e+01,2.509284586001249551e+01,2.509301544144486940e+01,2.509284586001249551e+01,2.509233896849966783e+01,2.509150029156215211e+01,2.509033892549283706e+01,2.508886737399301126e+01,2.508710132409528271e+01,2.508505936785281065e+01,2.508276267669758042e+01,2.508023463643861461e+01,2.507750045168899788e+01,2.507458672905684693e+01,2.507152104869967246e+01,2.506833153382315871e+01,2.506504642741401412e+01,2.506169368495152483e+01,2.505830059107080032e+01,2.505489340718714431e+01,2.505149705597490595e+01,2.504813484736871843e+01,2.504482824946506980e+01,2.504159670639204904e+01,2.503845750392775571e+01,2.503542568242251676e+01,2.503251399545094458e+01,2.502973291161624658e+01,2.502709065607300687e+01,2.502459328764163971e+01,2.502224480686636099e+01,2.502004729002090855e+01,2.501800104388793855e+01,2.501610477611939132e+01,2.501435577611189842e+01,2.501275010158520828e+01,2.501128276641228609e+01,2.500994792569485625e+01,2.500873905458498925e+01,2.500764911789946510e+01,2.500667072813783776e+01,2.500579629007792093e+01,2.500501813066676249e+01,2.500432861343659496e+01,2.500372023714244563e+01,2.500318571873221174e+01,2.500271806111588191e+01,2.500231060649485926e+01,2.500195707624500230e+01,2.500165159851946228e+01,2.500138872485329244e+01,2.500116343711608025e+01,2.500097114617707206e+01,2.500080768362645856e+01,2.500066928784290710e+01,2.500055258561830129e+01,2.500045457045230890e+01,2.500037257851818850e+01,2.500030426318231136e+01,2.500024756883847843e+01,2.500020070469808076e+01,2.500016211906175201e+01,2.500013047449012760e+01,2.500010462419242074e+01,2.500008358986287504e+01,2.500006654111754045e+01,2.500005277661741587e+01,2.500004170690825944e+01,2.500003283896231565e+01,2.500002576237143970e+01,2.500002013711421966e+01,2.500001568280032416e+01,2.500001216928258785e+01,2.500000940852022779e+01,2.500000724757391879e+01,2.500000556261455031e+01,2.500000425383132807e+01,2.500000324113071670e+01,2.500000246052516673e+01,2.500000186111864764e+01,2.500000140260470971e+01,2.500000105320159705e+01,2.500000078795734382e+01,2.500000058736612019e+01,2.500000043624459423e+01,2.500000032282429174e+01,2.500000023802213178e+01,2.500000017485717763e+01,2.500000012798661686e+01,2.500000009333846407e+01,2.500000006782217454e+01,2.500000004910183904e+01,2.500000003541920535e+01
2.510211562400041885e+01,2.510533309241557021e+01,2.510825611993663742e+01,2.511085494315235422e+01,2.511310261691679457e+01,2.511497547889166881e+01,2.511645356399462514e+01,2.511752095860885348e+01,2.511816608576877385e+01,2.511838191417598409e+01,2.511816608576877385e+01,2.511752095860885348e+01,2.511645356399462514e+01,2.511497547889166881e+01,2.511310261691679457e+01,2.511085494315235422e+01,2.510825611993663742e+01,2.510533309241557021e+01,2.510211562400041885e+01,2.509863579291707936e+01,2.509492746172804090e+01,2.509102573204427955e+01,2.508696639662094086e+01,2.508278540065999707e+01,2.507851832344912424e+01,2.507419989048423759e+01,2.506986352499662729e+01,2.506554094638523367e+01,2.506126182149503379e+01,2.505705347304059316e+01,2.505294064780659014e+01,2.504894534561873343e+01,2.504508670851875252e+01,2.504138096814036274e+01,2.503784144800562572e+01,2.503447861637152627e+01,2.503130018437448001e+01,2.502831124355707715e+01,2.502551443641884887e+01,2.502291015340590619e+01,2.502049674973073223e+01,2.501827077557456391e+01,2.501622721354808476e+01,2.501435971774512979e+01,2.501266084929065769e+01,2.501112230392920921e+01,2.500973512789522246e+01,2.500848991902460483e+01,2.500737701078320896e+01,2.500638663758069313e+01,2.500550908038914955e+01,2.500473479228040219e+01,2.500405450402306684e+01,2.500345931033328739e+01,2.500294073774762182e+01,2.500249079538271246e+01,2.500210201006571253e+01,2.500176744746724822e+01,2.500148072095004537e+01,2.500123598987007512e+01,2.500102794904011105e+01,2.500085181099769471e+01,2.500070328261871566e+01,2.500057853749265746e+01,2.500047418533394961e+01,2.500038723955265851e+01,2.500031508395309743e+01,2.500025543937623596e+01,2.500020633095491007e+01,2.500016605651333279e+01,2.500013315651654722e+01,2.500010638586259404e+01,2.500008468771145331e+01,2.500006716946021257e+01,2.500005308090310052e+01,2.500004179455752862e+01,2.500003278809192508e+01,2.500002562875679857e+01,2.500001995969586233e+01,2.500001548799795614e+01,2.500001197434121281e+01,2.500000922407785353e+01,2.500000707960901991e+01,2.500000541390426534e+01,2.500000412502754799e+01,2.500000313154111353e+01,2.500000236866894809e+01,2.500000178511253424e+01,2.500000134042282696e+01,2.500000100284315607e+01,2.500000074754819579e+01,2.500000055521394415e+01,2.500000041086251201e+01,2.500000030293374209e+01,2.500000022254291210e+01,2.500000016289016713e+01,2.500000011879302875e+01,2.500000008631813131e+01,2.500000006249252493e+01,2.500000004507846540e+01
2.512939003937351146e+01,2.513346687256132839e+01,2.513717062161778060e+01,2.514046357351909577e+01,2.514331158624708706e+01,2.514568467740764035e+01,2.514755754937548105e+01,2.514891003811081305e+01,2.514972747451626489e+01,2.515000094927960816e+01,2.514972747451626489e+01,2.514891003811081305e+01,2.514755754937548105e+01,2.514568467740764035e+01,2.514331158624708706e+01,2.514046357351909577e+01,2.513717062161778060e+01,2.513346687256132839e+01,2.512939003937351146e+01,2.512498076816458337e+01,2.512028196596603635e+01,2.511533810979956982e+01,2.511019455243117093e+01,2.510489683979118425e+01,2.509949005416235579e+01,2.509401819599345984e+01,2.508852361564229128e+01,2.508304650455181672e+01,2.507762445338730117e+01,2.507229208258167574e+01,2.506708074862398661e+01,2.506201832734951296e+01,2.505712907351415097e+01,2.505243355411482753e+01,2.504794865129922243e+01,2.504368762932729808e+01,2.503966025892957958e+01,2.503587299156638579e+01,2.503232917553159353e+01,2.502902930555691441e+01,2.502597129754284566e+01,2.502315078024659201e+01,2.502056139616696129e+01,2.501819510444774863e+01,2.501604247933904546e+01,2.501409299857305513e+01,2.501233531689199552e+01,2.501075752087522730e+01,2.500934736212055398e+01,2.500809246671230923e+01,2.500698051973379776e+01,2.500599942433475320e+01,2.500513743553270984e+01,2.500438326950072820e+01,2.500372618956870596e+01,2.500315607054057665e+01,2.500266344320791845e+01,2.500223952112731496e+01,2.500187621183244957e+01,2.500156611468146650e+01,2.500130250750632754e+01,2.500107932414465850e+01,2.500089112480697651e+01,2.500073306107353233e+01,2.500060083713565717e+01,2.500049066870477432e+01,2.500039924081643861e+01,2.500032366556315111e+01,2.500026144060363720e+01,2.500021040912209713e+01,2.500016872175132576e+01,2.500013480083077155e+01,2.500010730724535790e+01,2.500008510998377531e+01,2.500006725846519018e+01,2.500005295761052437e+01,2.500004154557685965e+01,2.500003247403013873e+01,2.500002529080009950e+01,2.500001962474092210e+01,2.500001517260944439e+01,2.500001168776872618e+01,2.500000897052629156e+01,2.500000685992268856e+01,2.500000522679542669e+01,2.500000396795526925e+01,2.500000300132493436e+01,2.500000226190441666e+01,2.500000169844099673e+01,2.500000127069600353e+01,2.500000094721342947e+01,2.500000070350795767e+01,2.500000052060120126e+01,2.500000038384536438e+01,2.500000028198266833e+01,2.500000020639706477e+01,2.500000015052187052e+01,2.500000010937313633e+01,2.500000007918387013e+01,2.500000005711862627e+01
2.516322543605811290e+01,2.516836835801748151e+01,2.517304063462946928e+01,2.517719469094333462e+01,2.518078745682915098e+01,2.518378110951959314e+01,2.518614373607966073e+01,2.518784989958851384e+01,2.518888109499100025e+01,2.518922608319653378e+01,2.518888109499100025e+01,2.518784989958851384e+01,2.518614373607966073e+01,2.518378110951959314e+01,2.518078745682915098e+01,2.517719469094333462e+01,2.517304063462946928e+01,2.516836835801748151e+01,2.516322543605811290e+01,2.515766314378847568e+01,2.515173560839608768e+01,2.514549893760993626e+01,2.513901034390974232e+01,2.513232728345192513e+01,2.512550662750181019e+01,2.511860388259199794e+01,2.511167247366655886e+01,2.510476310220018092e+01,2.509792318878843176e+01,2.509119640708107823e+01,2.508462231326514669e+01,2.507823607268560551e+01,2.507206828269852394e+01,2.506614488855485590e+01,2.506048718707103617e+01,2.505511191110089086e+01,2.505003138641352933e+01,2.504525375152124056e+01,2.504078323029418485e+01,2.503662044683604648e+01,2.503276277205688771e+01,2.502920469163725770e+01,2.502593818559423511e+01,2.502295311039386760e+01,2.502023757545980587e+01,2.501777830695926141e+01,2.501556099285818036e+01,2.501357060438551017e+01,2.501179169019120607e+01,2.501020864059009696e+01,2.500880592032414640e+01,2.500756826922597043e+01,2.500648087100913841e+01,2.500552949113456336e+01,2.500470058530109441e+01,2.500398138058161379e+01,2.500335993157690950e+01,2.500282515419530682e+01,2.500236683979672492e+01,2.500197565247709264e+01,2.500164311222655655e+01,2.500136156658590636e+01,2.500112415326485049e+01,2.500092475598557584e+01,2.500075795558871761e+01,2.500061897819712087e+01,2.500050364198566655e+01,2.500040830386124213e+01,2.500032980712223818e+01,2.500026543094716658e+01,2.500021284236071040e+01,2.500017005114528246e+01,2.500013536800823744e+01,2.500010736617966600e+01,2.500008484650257756e+01,2.500006680598531617e+01,2.500005240971354326e+01,2.500004096596427061e+01,2.500003190432505207e+01,2.500002475659571743e+01,2.500001914023525273e+01,2.500001474411133984e+01,2.500001131631207940e+01,2.500000865378724413e+01,2.500000659359844946e+01,2.500000500557254668e+01,2.500000378616911689e+01,2.500000285339069706e+01,2.500000214258202291e+01,2.500000160298203866e+01,2.500000119490902151e+01,2.500000088747475147e+01,2.500000065673801686e+01,2.500000048422063159e+01,2.500000035572092116e+01,2.500000026036974177e+01,2.500000018988322381e+01,2.500000013797412990e+01,2.500000009989039285e+01,2.500000007205510499e+01
2.520499967520663631e+01,2.521145882371158464e+01,2.521732687474005274e+01,2.522254407749777272e+01,2.522705633892878652e+01,2.523081615629575580e+01,2.523378344919535010e+01,2.523592627064286020e+01,2.523722137958965916e+01,2.523765466052792661e+01,2.523722137958965916e+01,2.523592627064286020e+01,2.523378344919535010e+01,2.523081615629575580e+01,2.522705633892878652e+01,2.522254407749777272e+01,2.521732687474005274e+01,2.521145882371158464e+01,2.520499967520663631e+01,2.519801382706790704e+01,2.519056925923852219e+01,2.518273643908249682e+01,2.517458722145311967e+01,2.516619376724448287e+01,2.515762750276856963e+01,2.514895814032899324e+01,2.514025277790047497e+01,2.513157509297160175e+01,2.512298464247741236e+01,2.511453627745235195e+01,2.510627967768708046e+01,2.509825900838323776e+01,2.509051269766948167e+01,2.508307333095742209e+01,2.507596765555161866e+01,2.506921668674040049e+01,2.506283590482343726e+01,2.505683553120013229e+01,2.505122087075453763e+01,2.504599270731700500e+01,2.504114773893537205e+01,2.503667904001197542e+01,2.503257653801197335e+01,2.502882749336965773e+01,2.502541697235689000e+01,2.502232830397264252e+01,2.501954351330808635e+01,2.501704372528309150e+01,2.501480953408801966e+01,2.501282133505543825e+01,2.501105961699316893e+01,2.500950521420354988e+01,2.500813951847220906e+01,2.500694465221854301e+01,2.500590360475227669e+01,2.500500033417471712e+01,2.500421983790404923e+01,2.500354819510018345e+01,2.500297258442870074e+01,2.500248128065028652e+01,2.500206363346857330e+01,2.500171003193266728e+01,2.500141185748828221e+01,2.500116142852037271e+01,2.500095193894567203e+01,2.500077739311000968e+01,2.500063253893495840e+01,2.500051280095162909e+01,2.500041421456467106e+01,2.500033336261353156e+01,2.500026731504518906e+01,2.500021357228623842e+01,2.500017001270385464e+01,2.500013484437531019e+01,2.500010656124370456e+01,2.500008390362202348e+01,2.500006582291653601e+01,2.500005145037178167e+01,2.500004006958983283e+01,2.500003109254417666e+01,2.500002403879018331e+01,2.500001851756753624e+01,2.500001421249259437e+01,2.500001086854853583e+01,2.500000828109621409e+01,2.500000628664729518e+01,2.500000475516229415e+01,2.500000358365816311e+01,2.500000269093242977e+01,2.500000201323277693e+01,2.500000150072174421e+01,2.500000111460591157e+01,2.500000082481679087e+01,2.500000060814708291e+01,2.500000044676047395e+01,2.500000032700609509e+01,2.500000023847998420e+01,2.500000017328580881e+01,2.500000012545531192e+01,2.500000009049614746e+01
2.525632847365195488e+01,2.526440489463016092e+01,2.527174221632066065e+01,2.527826572723974863e+01,2.528390779025357560e+01,2.528860900866240513e+01,2.529231926653995544e+01,2.529499861786280590e+01,2.529661800237749958e+01,2.529715977026789631e+01,2.529661800237749958e+01,2.529499861786280590e+01,2.529231926653995544e+01,2.528860900866240513e+01,2.528390779025357560e+01,2.527826572723974863e+01,2.527174221632066065e+01,2.526440489463016092e+01,2.525632847365195488e+01,2.524759347546837063e+01,2.523828490116560275e+01,2.522849086206305458e+01,2.521830120437559231e+01,2.520780615698686589e+01,2.519709503027021924e+01,2.518625499142902413e+01,2.517536993874960061e+01,2.516451949359446161e+01,2.515377812504868515e+01,2.514321441801088142e+01,2.513289049133512520e+01,2.512286156851732954e+01,2.511317569950466222e+01,2.510387362859982829e+01,2.509498880022534451e+01,2.508654749157787123e+01,2.507856905898848865e+01,2.507106628313944086e+01,2.506404579717699477e+01,2.505750858119070656e+01,2.505145050646983407e+01,2.504586291335247950e+01,2.504073320729438734e+01,2.503604545893649558e+01,2.503178099537244705e+01,2.502791897143629640e+01,2.502443691157563421e+01,2.502131121467755648e+01,2.501851761601306023e+01,2.501603160220438582e+01,2.501382877675380101e+01,2.501188517516466803e+01,2.501017753000896349e+01,2.500868348743200897e+01,2.500738177752560176e+01,2.500625234174377809e+01,2.500527642108658455e+01,2.500443660914746857e+01,2.500371687432501133e+01,2.500310255555843497e+01,2.500258033587927997e+01,2.500213819790082326e+01,2.500176536511397174e+01,2.500145223254418880e+01,2.500119028996854809e+01,2.500097204051233390e+01,2.500079091705662293e+01,2.500064119850475564e+01,2.500051792758705105e+01,2.500041683153796512e+01,2.500033424666379744e+01,2.500026704753600626e+01,2.500021258129719826e+01,2.500016860735446755e+01,2.500013324255720093e+01,2.500010491181190986e+01,2.500008230397297027e+01,2.500006433276177020e+01,2.500005010240524328e+01,2.500003887764398769e+01,2.500003005773735865e+01,2.500002315408460163e+01,2.500001777108441559e+01,2.500001358986766320e+01,2.500001035455666099e+01,2.500000786072809333e+01,2.500000594578255786e+01,2.500000448095162042e+01,2.500000336470095164e+01,2.500000251731561818e+01,2.500000187647962591e+01,2.500000139368626861e+01,2.500000103133836049e+01,2.500000076041785491e+01,2.500000055862249937e+01,2.500000040888344444e+01,2.500000029819173974e+01,2.500000021667393924e+01,2.500000015686741150e+01,2.500000011315500359e+01
2.531909417252177974e+01,2.532914822087724360e+01,2.533828219089625478e+01,2.534640307691802619e+01,2.535342667988754428e+01,2.535927905897222701e+01,2.536389782664329928e+01,2.536723325552125274e+01,2.536924916953325493e+01,2.536992359705284272e+01,2.536924916953325493e+01,2.536723325552125274e+01,2.536389782664329928e+01,2.535927905897222701e+01,2.535342667988754428e+01,2.534640307691802619e+01,2.533828219089625478e+01,2.532914822087724360e+01,2.531909417252177974e+01,2.530822028489759745e+01,2.529663237282453991e+01,2.528444012294083265e+01,2.527175538159416845e+01,2.525869047150294833e+01,2.524535657196486582e+01,2.523186219432178135e+01,2.521831178055732181e+01,2.520480444846524648e+01,2.519143290195293972e+01,2.517828251991396371e+01,2.516543063189371665e+01,2.515294598365219869e+01,2.514088839085449933e+01,2.512930857462952972e+01,2.511824816874577593e+01,2.510773988474793583e+01,2.509780781864206034e+01,2.508846788064352396e+01,2.507972832811949004e+01,2.507159038114847505e+01,2.506404890004576558e+01,2.505709310470719942e+01,2.505070731663392536e+01,2.504487170593512246e+01,2.503956302737580231e+01,2.503475533155251753e+01,2.503042063945187223e+01,2.502652957089036434e+01,2.502305191957248809e+01,2.501995716966876060e+01,2.501721495084948899e+01,2.501479543056771604e+01,2.501266964403234994e+01,2.501080976372715980e+01,2.500918931150220104e+01,2.500778331718918679e+01,2.500656842837829430e+01,2.500552297645495159e+01,2.500462700425048013e+01,2.500386226073333518e+01,2.500321216808455205e+01,2.500266176628811721e+01,2.500219764005229806e+01,2.500180783248694638e+01,2.500148174951913660e+01,2.500121005855698186e+01,2.500098458442841221e+01,2.500079820514429230e+01,2.500064474957644123e+01,2.500051889871145860e+01,2.500041609174775914e+01,2.500033243795085269e+01,2.500026463487320072e+01,2.500020989328063692e+01,2.500016586890613013e+01,2.500013060097199613e+01,2.500010245727981584e+01,2.500008008556010353e+01,2.500006237069692006e+01,2.500004839739207085e+01,2.500003741780495048e+01,2.500002882369391344e+01,2.500002212258901935e+01,2.500001691754144417e+01,2.500001289001819771e+01,2.500000978553997655e+01,2.500000740169259572e+01,2.500000557817681823e+01,2.500000418859617923e+01,2.500000313371641170e+01,2.500000233596254517e+01,2.500000173495031675e+01,2.500000128387633325e+01,2.500000094661706029e+01,2.500000069540921999e+01,2.500000050900441195e+01,2.500000037120825880e+01,2.500000026972965728e+01,2.500000019527864481e+01,2.500000014086262823e+01
2.539547518457310460e+01,2.540793585283808653e+01,2.541925620523000617e+01,2.542932097348627707e+01,2.543802580397185409e+01,2.544527905676683943e+01,2.545100341074918404e+01,2.545513723538381967e+01,2.545763569519484903e+01,2.545847155924614924e+01,2.545763569519484903e+01,2.545513723538381967e+01,2.545100341074918404e+01,2.544527905676683943e+01,2.543802580397185409e+01,2.542932097348627707e+01,2.541925620523000617e+01,2.540793585283808653e+01,2.539547518457310460e+01,2.538199843355250351e+01,2.536763674330384788e+01,2.535252605596344466e+01,2.533680499034294797e+01,2.532061275565271785e+01,2.530408714398382486e+01,2.528736264084757934e+01,2.527056868832193004e+01,2.525382812985297676e+01,2.523725585971970986e+01,2.522095769381160224e+01,2.520502947191161169e+01,2.518955639533166391e+01,2.517461259770761828e+01,2.516026094119599676e+01,2.514655302536737835e+01,2.513352939187150881e+01,2.512121990453310971e+01,2.510964428196789200e+01,2.509881275809450329e+01,2.508872684503951334e+01,2.507938017284090293e+01,2.507075938097989010e+01,2.506284503802287134e+01,2.505561256743286691e+01,2.504903315980378053e+01,2.504307465426900947e+01,2.503770237452782155e+01,2.503287990771375249e+01,2.502856981710335660e+01,2.502473428234660702e+01,2.502133566342128645e+01,2.501833698681603835e+01,2.501570235448855684e+01,2.501339727789888556e+01,2.501138894086881237e+01,2.500964639616467977e+01,2.500814070155130509e+01,2.500684500163589163e+01,2.500573456213730594e+01,2.500478676330662609e+01,2.500398105912144686e+01,2.500329890861297955e+01,2.500272368529465439e+01,2.500224057017651447e+01,2.500183643330099414e+01,2.500149970815005673e+01,2.500122026267504793e+01,2.500098927010879279e+01,2.500079908215098712e+01,2.500064310658532918e+01,2.500051569089916015e+01,2.500041201303970340e+01,2.500032798005835133e+01,2.500026013506684919e+01,2.500020557265508003e+01,2.500016186269745333e+01,2.500012698229906860e+01,2.500009925550007139e+01,2.500007730026117869e+01,2.500005998219086933e+01,2.500004637443925404e+01,2.500003572317093870e+01,2.500002741803432826e+01,2.500002096706364796e+01,2.500001597547922927e+01,2.500001212788750848e+01,2.500000917342276097e+01,2.500000691341521275e+01,2.500000519121309850e+01,2.500000388382860805e+01,2.500000289511780238e+01,2.500000215024232730e+01,2.500000159119555576e+01,2.500000117320712434e+01,2.500000086186810577e+01,2.500000063084390334e+01,2.500000046006373111e+01,2.500000033429436996e+01,2.500000024202214988e+01,2.500000017458066992e+01
2.548797541815315526e+01,2.550335059223300505e+01,2.551731873462871647e+01,2.552973761624266302e+01,2.554047847549717787e+01,2.554942823822230125e+01,2.555649149816162335e+01,2.556159220961798084e+01,2.556467505025776177e+01,2.556570641992610859e+01,2.556467505025776177e+01,2.556159220961798084e+01,2.555649149816162335e+01,2.554942823822230125e+01,2.554047847549717787e+01,2.552973761624266302e+01,2.551731873462871647e+01,2.550335059223300505e+01,2.548797541815315526e+01,2.547134650318918858e+01,2.545362566487151312e+01,2.543498064171671302e+01,2.541558247498153023e+01,2.539560293441357430e+01,2.537521204118200657e+01,2.535457573647903828e+01,2.533385373842246224e+01,2.531319762310179300e+01,2.529274915815763336e+01,2.527263890943817515e+01,2.525298513330940509e+01,2.523389295936588539e+01,2.521545386083619888e+01,2.519774540311081878e+01,2.518083125471564543e+01,2.516476143984753477e+01,2.514957280737318968e+01,2.513528968802211949e+01,2.512192470938999733e+01,2.510947973728440985e+01,2.509794691183195781e+01,2.508730974753622434e+01,2.507754426802067371e+01,2.506862014838407049e+01,2.506050184080310572e+01,2.505314966209930816e+01,2.504652082530902391e+01,2.504057040072634521e+01,2.503525219531187318e+01,2.503051954267075629e+01,2.502632599891397547e+01,2.502262594255789452e+01,2.501937507913628878e+01,2.501653085336284832e+01,2.501405277347244649e+01,2.501190265378398081e+01,2.501004478257680574e+01,2.500844602307762798e+01,2.500707585574528125e+01,2.500590637015233142e+01,2.500491221463510527e+01,2.500407051155840676e+01,2.500336074555982790e+01,2.500276463154057893e+01,2.500226596849289251e+01,2.500185048453146663e+01,2.500150567775764898e+01,2.500122065685493311e+01,2.500098598461288191e+01,2.500079352691934886e+01,2.500063630915913748e+01,2.500050838141854825e+01,2.500040469342290805e+01,2.500032097973014089e+01,2.500025365536508204e+01,2.500019972180443517e+01,2.500015668300541805e+01,2.500012247100713481e+01,2.500009538051626024e+01,2.500007401181114020e+01,2.500005722125500895e+01,2.500004407869306888e+01,2.500003383101465815e+01,2.500002587118497033e+01,2.500001971208677887e+01,2.500001496455709216e+01,2.500001131905359131e+01,2.500000853043834681e+01,2.500000640541930608e+01,2.500000479224225103e+01,2.500000357227551717e+01,2.500000265317633108e+01,2.500000196337051506e+01,2.500000144761608212e+01,2.500000106345597572e+01,2.500000077839603918e+01,2.500000056767099466e+01,2.500000041248463134e+01,2.500000029863026896e+01,2.500000021541446316e+01
2.559945280314453697e+01,2.561834041686058328e+01,2.563549956423223009e+01,2.565075552409917847e+01,2.566395011945946436e+01,2.567494444448788471e+01,2.568362129748591016e+01,2.568988726021025570e+01,2.569367437200813953e+01,2.569494135681058822e+01,2.569367437200813953e+01,2.568988726021025570e+01,2.568362129748591016e+01,2.567494444448788471e+01,2.566395011945946436e+01,2.565075552409917847e+01,2.563549956423223009e+01,2.561834041686058328e+01,2.559945280314453697e+01,2.557902503297913199e+01,2.555725589091085226e+01,2.553435143511441296e+01,2.551052178101159029e+01,2.548597793893788221e+01,2.546092877118974940e+01,2.543557812802096407e+01,2.541012221495718038e+01,2.538474723545941458e+01,2.535962734381164552e+01,2.533492293346975188e+01,2.531077927632129132e+01,2.528732551868759515e+01,2.526467403074397566e+01,2.524292009759910016e+01,2.522214193277542549e+01,2.520240098843613907e+01,2.518374253152628128e+01,2.516619645110064951e+01,2.514977825951363499e+01,2.513449024881427363e+01,2.512032276355074600e+01,2.510725555213522142e+01,2.509525916081738828e+01,2.508429633700957240e+01,2.507432341203188031e+01,2.506529163713245723e+01,2.505714845071835128e+01,2.504983865894751105e+01,2.504330551603742450e+01,2.503749169471264580e+01,2.503234014103474792e+01,2.502779481134818340e+01,2.502380129217031524e+01,2.502030730651194546e+01,2.501726311231392685e+01,2.501462180042320682e+01,2.501233950082041702e+01,2.501037550667709652e+01,2.500869232630038752e+01,2.500725567315998177e+01,2.500603440403577338e+01,2.500500041492490411e+01,2.500412850375561646e+01,2.500339620822076014e+01,2.500278362621224204e+01,2.500227322545008946e+01,2.500184964799225185e+01,2.500149951441434482e+01,2.500121123158680092e+01,2.500097480716953768e+01,2.500078167320508982e+01,2.500062452052926787e+01,2.500049714513836463e+01,2.500039430715529676e+01,2.500031160262172136e+01,2.500024534800537879e+01,2.500019247704558012e+01,2.500015044935830844e+01,2.500011717007806311e+01,2.500009091971850239e+01,2.500007029338044262e+01,2.500005414841636764e+01,2.500004155966840713e+01,2.500003178142540605e+01,2.500002421528879637e+01,2.500001838319177949e+01,2.500001390487748409e+01,2.500001047920650876e+01,2.500000786872947955e+01,2.500000588702410909e+01,2.500000438835747119e+01,2.500000325929120493e+01,2.500000241190009831e+01,2.500000177832219705e+01,2.500000130640118812e+01,2.500000095621965812e+01,2.500000069735473573e+01,2.500000050671623697e+01,2.500000036685198523e+01,2.500000026462563341e+01
2.573314586397676251e+01,2.575624589087407301e+01,2.577723195993388927e+01,2.579589038278015067e+01,2.581202770495880827e+01,2.582547404114994194e+01,2.583608605072678799e+01,2.584374948082685819e+01,2.584838121386150078e+01,2.584993076815962709e+01,2.584838121386150078e+01,2.584374948082685819e+01,2.583608605072678799e+01,2.582547404114994194e+01,2.581202770495880827e+01,2.579589038278015067e+01,2.577723195993388927e+01,2.575624589087407301e+01,2.573314586397676251e+01,2.570816218698255184e+01,2.568153797839438823e+01,2.565352525254555971e+01,2.562438098588463831e+01,2.559436324936218554e+01,2.556372748682297313e+01,2.553272301225741714e+01,2.550158978996107351e+01,2.547055555145272621e+01,2.543983329180443320e+01,2.540961917624915500e+01,2.538009087596126889e+01,2.535140634014183547e+01,2.532370300034315491e+01,2.529709739265106094e+01,2.527168517417181448e+01,2.524754150244749695e+01,2.522472174009107349e+01,2.520326244216873945e+01,2.518318258068030602e+01,2.516448495885941483e+01,2.514715776784550982e+01,2.513117623943702128e+01,2.511650435095609168e+01,2.510309654155051007e+01,2.509089940332579260e+01,2.507985331533163276e+01,2.506989399341708946e+01,2.506095393412432770e+01,2.505296373593328951e+01,2.504585328614340867e+01,2.503955280635218728e+01,2.503399375375849445e+01,2.502910957930371438e+01,2.502483634691445502e+01,2.502111322080058642e+01,2.501788282988741585e+01,2.501509152003722392e+01,2.501268950577439298e+01,2.501063093381503322e+01,2.500887387086973845e+01,2.500738022799657401e+01,2.500611563329277942e+01,2.500504926399036876e+01,2.500415364812240782e+01,2.500340444490985448e+01,2.500278021193307865e+01,2.500226216604245977e+01,2.500183394386527880e+01,2.500148136671231569e+01,2.500119221370018252e+01,2.500095600600128165e+01,2.500076380432387424e+01,2.500060802101529589e+01,2.500048224757399851e+01,2.500038109784810558e+01,2.500030006678496619e+01,2.500023540427059032e+01,2.500018400335139646e+01,2.500014330195415369e+01,2.500011119710379859e+01,2.500008597057327009e+01,2.500006622487590491e+01,2.500005082852034732e+01,2.500003886948307752e+01,2.500002961590759654e+01,2.500002248310617503e+01,2.500001700601508858e+01,2.500001281633327821e+01,2.500000962365417578e+01,2.500000719997863996e+01,2.500000536707162624e+01,2.500000398619516417e+01,2.500000294981451532e+01,2.500000217493279919e+01,2.500000159776153197e+01,2.500000116948070783e+01,2.500000085288239049e+01,2.500000061972671261e+01,2.500000044866921201e+01,2.500000032364381042e+01
2.589269710287813453e+01,2.592082428479495348e+01,2.594637745773230009e+01,2.596909642927336037e+01,2.598874564434082046e+01,2.600511824623622203e+01,2.601803969975650688e+01,2.602737088770228979e+01,2.603301060397771849e+01,2.603489738081253080e+01,2.603301060397771849e+01,2.602737088770228979e+01,2.601803969975650688e+01,2.600511824623622203e+01,2.598874564434082046e+01,2.596909642927336037e+01,2.594637745773230009e+01,2.592082428479495348e+01,2.589269710287813453e+01,2.586227634056080049e+01,2.582985802513287510e+01,2.579574901567420753e+01,2.576026221326275945e+01,2.572371185167004981e+01,2.568640896583655930e+01,2.564865712683578991e+01,2.561074852131429935e+01,2.557296044097765986e+01,2.553555223405804853e+01,2.549876275634631639e+01,2.546280834479589217e+01,2.542788132238248622e+01,2.539414902926937145e+01,2.536175336276691894e+01,2.533081079740744457e+01,2.530141284693107906e+01,2.527362692226739682e+01,2.524749753379734329e+01,2.522304778231175248e+01,2.520028108109941201e+01,2.517918305139052748e+01,2.515972353479114787e+01,2.514185866916995593e+01,2.512553297847126998e+01,2.511068143188060020e+01,2.509723143340821494e+01,2.508510470903235756e+01,2.507421906482110074e+01,2.506448999571352587e+01,2.505583213069720117e+01,2.504816050580954467e+01,2.504139166158772056e+01,2.503544456620060998e+01,2.503024136945456846e+01,2.502570799613991426e+01,2.502177458977285340e+01,2.501837581970684710e+01,2.501545106587699863e+01,2.501294449615536664e+01,2.501080505149925060e+01,2.500898635384148960e+01,2.500744655107664016e+01,2.500614811261625192e+01,2.500505758789272548e+01,2.500414533895267510e+01,2.500338525695907776e+01,2.500275447106989191e+01,2.500223305682513697e+01,2.500180374989120224e+01,2.500145166980877320e+01,2.500116405729011504e+01,2.500093002762559635e+01,2.500074034189580985e+01,2.500058719694583331e+01,2.500046403445976040e+01,2.500036536897058426e+01,2.500028663424386366e+01,2.500022404717366697e+01,2.500017448811429688e+01,2.500013539642966975e+01,2.500010467996269625e+01,2.500008063709796957e+01,2.500006189010275648e+01,2.500004732847396127e+01,2.500003606108444387e+01,2.500002737600351210e+01,2.500002070695770939e+01,2.500001560549427992e+01,2.500001171800677469e+01,2.500000876687762741e+01,2.500000653508329762e+01,2.500000485369290004e+01,2.500000359176939213e+01,2.500000264825364837e+01,2.500000194547519072e+01,2.500000142398953784e+01,2.500000103849135158e+01,2.500000075459504956e+01,2.500000054631107460e+01,2.500000039407695596e+01
2.608217178062847097e+01,2.611626894801127818e+01,2.614724577382281367e+01,2.617478683988807475e+01,2.619860659463909514e+01,2.621845427610859147e+01,2.623411830405185796e+01,2.624543003368793848e+01,2.625226677795913588e+01,2.625455402258040039e+01,2.625226677795913588e+01,2.624543003368793848e+01,2.623411830405185796e+01,2.621845427610859147e+01,2.619860659463909514e+01,2.617478683988807475e+01,2.614724577382281367e+01,2.611626894801127818e+01,2.608217178062847097e+01,2.604529422113053272e+01,2.600599512850605421e+01,2.596464649257752200e+01,2.592162762757774530e+01,2.587731946329685684e+01,2.583209905174308574e+01,2.578633439685427220e+01,2.574037970180029333e+01,2.569457111336353350e+01,2.564922302635642026e+01,2.560462499363587341e+01,2.556103926960526351e+01,2.551869899773107164e+01,2.547780703607329755e+01,2.543853539960155175e+01,2.540102528453081376e+01,2.536538762836360306e+01,2.533170414997798048e+01,2.530002880706916102e+01,2.527038960356354025e+01,2.524279067721936443e+01,2.521721459737749171e+01,2.519362480453440511e+01,2.517196812683528506e+01,2.515217731344916530e+01,2.513417353079176308e+01,2.511786877439747911e+01,2.510316815660819501e+01,2.508997203785592944e+01,2.507817797690730899e+01,2.506768248277951372e+01,2.505838255793577574e+01,2.505017702866866713e+01,2.504296766416654663e+01,2.503666009055678643e+01,2.503116451018988187e+01,2.502639623956543957e+01,2.502227608162785799e+01,2.501873054972264399e+01,2.501569196137035433e+01,2.501309842026262587e+01,2.501089370460221062e+01,2.500902707918751489e+01,2.500745304757457532e+01,2.500613105932337987e+01,2.500502518583432021e+01,2.500410377667797590e+01,2.500333910668330972e+01,2.500270702243001963e+01,2.500218659523513409e+01,2.500175978626656459e+01,2.500141112808178079e+01,2.500112742569498536e+01,2.500089747922904593e+01,2.500071182931187153e+01,2.500056252562708181e+01,2.500044291841903643e+01,2.500034747227146781e+01,2.500027160111541846e+01,2.500021152316137218e+01,2.500016413427904638e+01,2.500012689825167200e+01,2.500009775229651154e+01,2.500007502625749112e+01,2.500005737392758931e+01,2.500004371503821332e+01,2.500003318655159745e+01,2.500002510200293671e+01,2.500001891775550789e+01,2.500001420515000916e+01,2.500001062764462745e+01,2.500000792215266188e+01,2.500000588388768463e+01,2.500000435412130884e+01,2.500000321034464790e+01,2.500000235840168372e+01,2.500000172623086669e+01,2.500000125891081026e+01,2.500000091475761010e+01,2.500000066226542828e+01,2.500000047771966649e+01
2.630607052126414658e+01,2.634722231063295794e+01,2.638460816725849867e+01,2.641784741370339873e+01,2.644659541846654349e+01,2.647054953753227835e+01,2.648945441521174970e+01,2.650310651452412714e+01,2.651135776475433659e+01,2.651411823479081775e+01,2.651135776475433659e+01,2.650310651452412714e+01,2.648945441521174970e+01,2.647054953753227835e+01,2.644659541846654349e+01,2.641784741370339873e+01,2.638460816725849867e+01,2.634722231063295794e+01,2.630607052126414658e+01,2.626156308333368372e+01,2.621413310289245047e+01,2.616422953356321202e+01,2.611231016878193856e+01,2.605883475179685504e+01,2.600425834577052697e+01,2.594902509377111599e+01,2.589356248275308658e+01,2.583827620746023968e+01,2.578354571023611541e+01,2.572972045172785016e+01,2.567711694614459006e+01,2.562601657377572195e+01,2.557666416352634187e+01,2.552926731984986120e+01,2.548399645211879516e+01,2.544098545053833860e+01,2.540033294142601505e+01,2.536210404619450287e+01,2.532633256271527245e+01,2.529302348483880536e+01,2.526215577554447478e+01,2.523368531125534986e+01,2.520754791898763258e+01,2.518366243387505676e+01,2.516193371185421057e+01,2.514225554054706535e+01,2.512451340026707669e+01,2.510858703625911303e+01,2.509435281244481075e+01,2.508168582580572803e+01,2.507046176886226974e+01,2.506055853531008992e+01,2.505185757061869722e+01,2.504424497518803250e+01,2.503761237245070248e+01,2.503185755809361623e+01,2.502688494938070107e+01,2.502260585544525284e+01,2.501893859046549196e+01,2.501580845193561586e+01,2.501314758590363851e+01,2.501089476017669355e+01,2.500899506520589100e+01,2.500739956076265358e+01,2.500606488470644706e+01,2.500495283821007320e+01,2.500402995983123589e+01,2.500326709886502030e+01,2.500263899653425170e+01,2.500212388181583378e+01,2.500170308709054723e+01,2.500136068736174266e+01,2.500108316552462995e+01,2.500085910508576248e+01,2.500067891082741411e+01,2.500053455717547024e+01,2.500041936344935678e+01,2.500032779473346167e+01,2.500025528679510600e+01,2.500019809326691700e+01,2.500015315319496878e+01,2.500011797701172966e+01,2.500009054900985817e+01,2.500006924445532164e+01,2.500005275957455808e+01,2.500004005276936780e+01,2.500003029554701683e+01,2.500002283179365747e+01,2.500001714416140786e+01,2.500001282647876266e+01,2.500000956122701012e+01,2.500000710124990633e+01,2.500000525497854298e+01,2.500000387455724038e+01,2.500000284634932513e+01,2.500000208338388319e+01,2.500000151937643267e+01,2.500000110401876441e+01,2.500000079928655339e+01,2.500000057655871544e+01
2.656933403193120213e+01,2.661878075205840588e+01,2.666370244362110142e+01,2.670364169635857365e+01,2.673818441169469295e+01,2.676696694192009573e+01,2.678968245951953620e+01,2.680608640073818094e+01,2.681600084837436881e+01,2.681931774397981272e+01,2.681600084837436881e+01,2.680608640073818094e+01,2.678968245951953620e+01,2.676696694192009573e+01,2.673818441169469295e+01,2.670364169635857365e+01,2.666370244362110142e+01,2.661878075205840588e+01,2.656933403193120213e+01,2.651585526805041226e+01,2.645886486728077003e+01,2.639890227844031045e+01,2.633651757199379873e+01,2.627226316124025018e+01,2.620668583603218593e+01,2.614031926497366953e+01,2.607367710319659437e+01,2.600724682098503138e+01,2.594148434454907104e+01,2.587680957501766699e+01,2.581360282609664836e+01,2.575220219565810353e+01,2.569290186255876307e+01,2.563595127790302186e+01,2.558155520033391284e+01,2.552987450819002291e+01,2.548102770781081006e+01,2.543509304707605168e+01,2.539211113646506135e+01,2.535208797643447554e+01,2.531499828954952491e+01,2.528078905828185796e+01,2.524938317435457691e+01,2.522068311256919415e+01,2.519457455075533048e+01,2.517092986739735494e+01,2.514961145917408913e+01,2.513047483168292828e+01,2.511337142762761943e+01,2.509815116739581242e+01,2.508466468695626261e+01,2.507276526714196763e+01,2.506231045648777567e+01,2.505316339674929793e+01,2.504519386598774844e+01,2.503827905865462000e+01,2.503230412548400707e+01,2.502716249826756467e+01,2.502275602584272107e+01,2.501899494798389512e+01,2.501579773347640412e+01,2.501309080760697867e+01,2.501080819275622602e+01,2.500889108385581849e+01,2.500728737829589221e+01,2.500595117754452446e+01,2.500484227536530923e+01,2.500392564517082761e+01,2.500317093679393565e+01,2.500255199084514857e+01,2.500204637688932152e+01,2.500163495994192786e+01,2.500130149826701143e+01,2.500103227415835860e+01,2.500081575829846869e+01,2.500064230740516891e+01,2.500050389417884134e+01,2.500039386803571162e+01,2.500030674473463677e+01,2.500023802275620710e+01,2.500018402415263807e+01,2.500014175753642576e+01,2.500010880089582699e+01,2.500008320200057454e+01,2.500006339427658375e+01,2.500004812617160965e+01,2.500003640219435042e+01,2.500002743397864791e+01,2.500002059989526160e+01,2.500001541190104248e+01,2.500001148847530530e+01,2.500000853264273459e+01,2.500000631422004460e+01,2.500000465554840545e+01,2.500000342008550902e+01,2.500000250332978169e+01,2.500000182563583095e+01,2.500000132655487306e+01,2.500000096039805442e+01,2.500000069277515991e+01
2.687733813090425627e+01,2.693648947233583257e+01,2.699022768406095807e+01,2.703800558255693076e+01,2.707932779651903132e+01,2.711375930720866734e+01,2.714093306785170157e+01,2.716055651558192352e+01,2.717241681441923973e+01,2.717638469790970746e+01,2.717241681441923973e+01,2.716055651558192352e+01,2.714093306785170157e+01,2.711375930720866734e+01,2.707932779651903132e+01,2.703800558255693076e+01,2.699022768406095807e+01,2.693648947233583257e+01,2.687733813090425627e+01,2.681336339985004003e+01,2.674518782327842459e+01,2.667345672450182903e+01,2.659882813312846750e+01,2.652196288141530900e+01,2.644351507449155747e+01,2.636412312100654987e+01,2.628440148820920541e+01,2.620493331935223935e+01,2.612626402264171332e+01,2.604889591076859290e+01,2.597328393940651381e+01,2.589983256293823999e+01,2.582889369700049897e+01,2.576076575102079858e+01,2.569569367043483510e+01,2.563386990824072242e+01,2.557543622933062011e+01,2.552048623884236278e+01,2.546906851763878166e+01,2.542119024385137394e+01,2.537682117898967959e+01,2.533589790008220177e+01,2.529832816525724581e+01,2.526399530861059262e+01,2.523276257062178018e+01,2.520447728223963679e+01,2.517897483353630506e+01,2.515608237102986067e+01,2.513562218094414646e+01,2.511741472841073275e+01,2.510128133458526278e+01,2.508704648457979403e+01,2.507453976880537283e+01,2.506359746864281846e+01,2.505406380424782498e+01,2.504579186773831978e+01,2.503864426904832641e+01,2.503249352444461096e+01,2.502722221920454260e+01,2.502272297638306142e+01,2.501889826310630482e+01,2.501566006457826319e+01,2.501292945413441160e+01,2.501063608537632632e+01,2.500871762981675062e+01,2.500711918068479633e+01,2.500579264069896368e+01,2.500469610880643501e+01,2.500379327818859565e+01,2.500305285530411936e+01,2.500244800742630602e+01,2.500195584405807381e+01,2.500155693579203131e+01,2.500123487262723998e+01,2.500097586245385273e+01,2.500076836935856051e+01,2.500060279057016288e+01,2.500047117023332177e+01,2.500036694774667012e+01,2.500028473810365170e+01,2.500022014150698979e+01,2.500016957946687057e+01,2.500013015461734511e+01,2.500009953157521991e+01,2.500007583630399566e+01,2.500005757161650521e+01,2.500004354664215001e+01,2.500003281828670865e+01,2.500002464291736715e+01,2.500001843670557733e+01,2.500001374325179881e+01,2.500001020729509449e+01,2.500000755347543091e+01,2.500000556926592310e+01,2.500000409132587720e+01,2.500000299464381470e+01,2.500000218394280083e+01,2.500000158691011620e+01,2.500000114888981884e+01,2.500000082874212737e+01
2.723587722791488730e+01,2.730632545198828254e+01,2.737032673225164103e+01,2.742722938259801424e+01,2.747644342437555665e+01,2.751745075779427196e+01,2.754981423649765659e+01,2.757318542317464605e+01,2.758731083385590566e+01,2.759203651443167260e+01,2.758731083385590566e+01,2.757318542317464605e+01,2.754981423649765659e+01,2.751745075779427196e+01,2.747644342437555665e+01,2.742722938259801424e+01,2.737032673225164103e+01,2.730632545198828254e+01,2.723587722791488730e+01,2.715968443026622481e+01,2.707848849829897020e+01,2.699305800091134344e+01,2.690417663998000819e+01,2.681263145528777869e+01,2.671920147472471641e+01,2.662464703194497773e+01,2.652969994680911014e+01,2.643505473284022145e+01,2.634136096177383379e+01,2.624921687933272452e+01,2.615916432985150664e+01,2.607168501150126971e+01,2.598719804971569758e+01,2.590605884495919753e+01,2.582855912300707502e+01,2.575492809204982336e+01,2.568533459162086174e+01,2.561989010381958565e+01,2.555865248761297082e+01,2.550163029203141107e+01,2.544878750355603003e+01,2.540004858652526210e+01,2.535530368246609711e+01,2.531441384430543451e+01,2.527721619382092655e+01,2.524352890481445399e+01,2.521315592971039976e+01,2.518589140300289841e+01,2.516152367065975071e+01,2.513983890975938351e+01,2.512062431689007624e+01,2.510367085685745181e+01,2.508877557478987441e+01,2.507574348464493852e+01,2.506438905532373695e+01,2.505453732208085782e+01,2.504602465572515158e+01,2.503869922533635872e+01,2.503242119201160065e+01,2.502706267166739096e+01,2.502250750433870152e+01,2.501865086592651011e+01,2.501539875613913821e+01,2.501266739363336455e+01,2.501038254625940738e+01,2.500847882100326913e+01,2.500689893483496462e+01,2.500559298432566635e+01,2.500451772868265365e+01,2.500363589783973239e+01,2.500291553448371573e+01,2.500232937642868336e+01,2.500185428358664907e+01,2.500147071193045889e+01,2.500116223529593640e+01,2.500091511460996330e+01,2.500071791313820313e+01,2.500056115559462100e+01,2.500043702841651694e+01,2.500033911815426180e+01,2.500026218472543249e+01,2.500020196621059299e+01,2.500015501189702505e+01,2.500011854038376669e+01,2.500009031972576423e+01,2.500006856679902256e+01,2.500005186329725504e+01,2.500003908601157221e+01,2.500002934928815534e+01,2.500002195779730840e+01,2.500001636797507487e+01,2.500001215671182564e+01,2.500000899605853277e+01,2.500000663289934266e+01,2.500000487269832306e+01,2.500000356656896372e+01,2.500000260103808358e+01,2.500000188998248518e+01,2.500000136830789188e+01,2.500000098701753615e+01
2.765113441378542092e+01,2.773466659922890187e+01,2.781055448543039432e+01,2.787802535220493283e+01,2.793637964740905133e+01,2.798500304742700351e+01,2.802337721711268159e+01,2.805108900580876963e+01,2.806783785136182630e+01,2.807344120661164055e+01,2.806783785136182630e+01,2.805108900580876963e+01,2.802337721711268159e+01,2.798500304742700351e+01,2.793637964740905133e+01,2.787802535220493283e+01,2.781055448543039432e+01,2.773466659922890187e+01,2.765113441378542092e+01,2.756079074669716178e+01,2.746451474065790777e+01,2.736321770664215336e+01,2.725782889916773755e+01,2.714928153058961513e+01,2.703849931336517898e+01,2.692638379373826041e+01,2.681380270844895364e+01,2.670157955919893311e+01,2.659048455911117159e+01,2.648122706279769289e+01,2.637444954836260180e+01,2.627072317713018634e+01,2.617054491639679981e+01,2.607433617320129215e+01,2.598244285394347486e+01,2.589513673639098457e+01,2.581261801771559661e+01,2.573501888497416346e+01,2.566240794296150796e+01,2.559479532847244698e+01,2.553213833939523170e+01,2.547434741124511959e+01,2.542129228213885384e+01,2.537280819912730934e+01,2.532870203351131622e+01,2.528875818951256349e+01,2.525274420871698311e+01,2.522041599135003764e+01,2.519152257403969841e+01,2.516581042170865246e+01,2.514302720813739001e+01,2.512292507517406293e+01,2.510526337425445575e+01,2.508981090565043814e+01,2.507634768059205399e+01,2.506466623909359015e+01,2.505457256201377447e+01,2.504588661971021324e+01,2.503844260176935421e+01,2.503208887289992646e+01,2.502668769938517457e+01,2.502211478872244399e+01,2.501825868246264761e+01,2.501502003901426008e+01,2.501231083949842215e+01,2.501005354581613460e+01,2.500818023607516949e+01,2.500663173855719990e+01,2.500535678159479858e+01,2.500431117315726226e+01,2.500345702067530951e+01,2.500276199870710414e+01,2.500219866948332736e+01,2.500174385917210529e+01,2.500137809086809781e+01,2.500108507381565914e+01,2.500085124719865348e+01,2.500066537593827221e+01,2.500051819530176545e+01,2.500040210070475766e+01,2.500031087885313497e+01,2.500023947628458387e+01,2.500018380140448571e+01,2.500014055623756803e+01,2.500010709431190037e+01,2.500008130133366180e+01,2.500006149558233659e+01,2.500004634524162839e+01,2.500003480017009849e+01,2.500002603589829064e+01,2.500001940790910382e+01,2.500001441451108519e+01,2.500001066684702877e+01,2.500000786479127157e+01,2.500000577767779575e+01,2.500000422896820851e+01,2.500000308411458860e+01,2.500000224099854407e+01,2.500000162243619428e+01,2.500000117033087577e+01
2.812963640294573153e+01,2.822824527280241469e+01,2.831783012748341832e+01,2.839747877890521366e+01,2.846636541309072044e+01,2.852376482744704589e+01,2.856906513276412340e+01,2.860177860901906755e+01,2.862155044573832186e+01,2.862816514791156663e+01,2.862155044573832186e+01,2.860177860901906755e+01,2.856906513276412340e+01,2.852376482744704589e+01,2.846636541309072044e+01,2.839747877890521366e+01,2.831783012748341832e+01,2.822824527280241469e+01,2.812963640294573153e+01,2.802298665036253311e+01,2.790933383379316979e+01,2.778975374629640882e+01,2.766534336309595332e+01,2.753720433160074776e+01,2.740642708469020761e+01,2.727407588826084250e+01,2.714117509644415449e+01,2.700869684437220997e+01,2.687755036056813651e+01,2.674857303072043990e+01,2.662252329350060620e+01,2.650007539886862418e+01,2.638181601151174149e+01,2.626824259802479844e+01,2.615976349728914840e+01,2.605669954011241884e+01,2.595928705715868645e+01,2.586768209386380235e+01,2.578196563746938352e+01,2.570214965435551235e+01,2.562818373512660486e+01,2.555996214984667603e+01,2.549733112572713267e+01,2.544009617363742848e+01,2.538802930717135808e+01,2.534087601777115140e+01,2.529836189071415475e+01,2.526019876877366244e+01,2.522609039231800310e+01,2.519573746584437757e+01,2.516884212089395234e+01,2.514511176351495436e+01,2.512426231059829718e+01,2.510602083328691236e+01,2.509012763714239469e+01,2.507633781782490701e+01,2.506442233777066875e+01,2.505416867387276625e+01,2.504538108867499346e+01,2.503788057830448111e+01,2.503150454955147453e+01,2.502610627641862706e+01,2.502155418337440551e+01,2.501773099871068951e+01,2.501453281706304210e+01,2.501186810551786976e+01,2.500965668299291877e+01,2.500782869789457408e+01,2.500632362455654700e+01,2.500508929474953135e+01,2.500408097669243901e+01,2.500326051053982468e+01,2.500259550629243321e+01,2.500205860748449993e+01,2.500162682183330176e+01,2.500128091827246024e+01,2.500100488840059043e+01,2.500078546932484258e+01,2.500061172412526744e+01,2.500047467566967541e+01,2.500036698922944467e+01,2.500028269924526469e+01,2.500021697563254364e+01,2.500016592516602287e+01,2.500012642371330784e+01,2.500009597537269812e+01,2.500007259489073874e+01,2.500005471007224145e+01,2.500004108123624391e+01,2.500003073510518803e+01,2.500002291083338690e+01,2.500001701617933136e+01,2.500001259210117155e+01,2.500000928430370806e+01,2.500000682048811385e+01,2.500000499225266992e+01,2.500000364076496240e+01,2.500000264547530548e+01,2.500000191526893190e+01,2.500000138156333662e+01
2.867819174358066192e+01,2.879408454525221828e+01,2.889937162349792033e+01,2.899298090404285233e+01,2.907394182616968692e+01,2.914140207547311334e+01,2.919464251223508100e+01,2.923308993000905787e+01,2.925632732797252800e+01,2.926410143965431487e+01,2.925632732797252800e+01,2.923308993000905787e+01,2.919464251223508100e+01,2.914140207547311334e+01,2.907394182616968692e+01,2.899298090404285233e+01,2.889937162349792033e+01,2.879408454525221828e+01,2.867819174358066192e+01,2.855284867208608901e+01,2.841927505594759396e+01,2.827873525071231953e+01,2.813251850685258049e+01,2.798191956595565699e+01,2.782821998942280928e+01,2.767267058518488554e+01,2.751647525376703385e+01,2.736077652387100656e+01,2.720664299146650222e+01,2.705505881724474548e+01,2.690691537723166959e+01,2.676300510234150209e+01,2.662401748647418742e+01,2.649053719100448490e+01,2.636304412749673531e+01,2.624191536123129964e+01,2.612742864635769280e+01,2.601976737959037678e+01,2.591902674342503943e+01,2.582522080168085310e+01,2.573829030932140682e+01,2.565811100431510638e+01,2.558450216093902441e+01,2.551723520046322236e+01,2.545604217555804283e+01,2.540062396800163924e+01,2.535065806430132795e+01,2.530580579970641963e+01,2.526571898689070039e+01,2.523004587053644343e+01,2.519843637249881141e+01,2.517054661364328183e+01,2.514604271743858632e+01,2.512460391669664972e+01,2.510592499834599423e+01,2.508971813178753152e+01,2.507571413428959417e+01,2.506366323219272019e+01,2.505333537963769430e+01,2.504452019737195556e+01,2.503702659322865287e+01,2.503068212342119025e+01,2.502533215016694612e+01,2.502083884664739699e+01,2.501708009520912412e+01,2.501394831926375772e+01,2.501134928377670263e+01,2.500920089373056499e+01,2.500743201466199039e+01,2.500598133441659598e+01,2.500479628073144767e+01,2.500383200519273075e+01,2.500305044055796699e+01,2.500241943538413381e+01,2.500191196735502430e+01,2.500150543462797614e+01,2.500118102288648814e+01,2.500092314454891707e+01,2.500071894569758513e+01,2.500055787570959964e+01,2.500043131424227383e+01,2.500033225010703219e+01,2.500025500661336508e+01,2.500019500814060791e+01,2.500014858296575682e+01,2.500011279771129580e+01,2.500008531915320731e+01,2.500006429952560083e+01,2.500004828185914008e+01,2.500003612228245942e+01,2.500002692659061765e+01,2.500001999873540015e+01,2.500001479921518310e+01,2.500001091163472111e+01,2.500000801596729971e+01,2.500000586728302920e+01,2.500000427890972077e+01,2.500000310916801993e+01,2.500000225097278772e+01,2.500000162372052515e+01
2.930381097483078179e+01,2.943941584442693937e+01,2.956261107579369707e+01,2.967214224682587798e+01,2.976687371529541082e+01,2.984580819765990256e+01,2.990810423658741612e+01,2.995309112963298048e+01,2.998028094880329064e+01,2.998937734983622505e+01,2.998028094880329064e+01,2.995309112963298048e+01,2.990810423658741612e+01,2.984580819765990256e+01,2.976687371529541082e+01,2.967214224682587798e+01,2.956261107579369707e+01,2.943941584442693937e+01,2.930381097483078179e+01,2.915714845032840330e+01,2.900085545769472972e+01,2.883641140519861423e+01,2.866532483038210799e+01,2.848911069587940048e+01,2.830926854233659284e+01,2.812726192610841025e+01,2.794449951771937180e+01,2.776231817721062356e+01,2.758196825676134978e+01,2.740460131177681191e+01,2.723126033136430379e+01,2.706287253006380311e+01,2.690024467696743216e+01,2.674406087780340613e+01,2.659488267171965248e+01,2.645315125857874961e+01,2.631919163540106155e+01,2.619321839262870810e+01,2.607534290223414075e+01,2.596558162013470650e+01,2.586386522437665647e+01,2.577004831734818069e+01,2.568391943390444254e+01,2.560521111663291194e+01,2.553360984336334027e+01,2.546876561921353854e+01,2.541030107475686606e+01,2.535781994216053548e+01,2.531091481133276488e+01,2.526917409731484554e+01,2.523218817758930044e+01,2.519955468303118806e+01,2.517088294844966967e+01,2.514579764774956772e+01,2.512394165453338601e+01,2.510497818143993953e+01,2.508859226076891247e+01,2.507449163515806845e+01,2.506240713052332936e+01,2.505209258445687581e+01,2.504332440215390676e+01,2.503590080907056858e+01,2.502964086526887399e+01,2.502438330113170650e+01,2.501998522816013448e+01,2.501632077219263550e+01,2.501327966987036078e+01,2.501076586273267921e+01,2.500869611714049512e+01,2.500699869242847484e+01,2.500561207438040512e+01,2.500448378636944824e+01,2.500356928634140985e+01,2.500283095425280777e+01,2.500223717159401460e+01,2.500176149220199662e+01,2.500138190165569085e+01,2.500108016110033304e+01,2.500084123031078320e+01,2.500065276412132675e+01,2.500050467596550519e+01,2.500038876213006844e+01,2.500029838038301477e+01,2.500022817684184062e+01,2.500017385526456337e+01,2.500013198333900277e+01,2.500009983098585664e+01,2.500007523615494875e+01,2.500005649406277186e+01,2.500004226627824622e+01,2.500003150650218586e+01,2.500002340029637082e+01,2.500001731639597935e+01,2.500001276758161239e+01,2.500000937939358536e+01,2.500000686524217386e+01,2.500000500670435244e+01,2.500000363800268843e+01,2.500000263383805432e+01,2.500000189989720667e+01
3.001360777477641761e+01,3.017157698682611411e+01,3.031508992766107724e+01,3.044268529229924880e+01,3.055304014515230548e+01,3.064499272782727957e+01,3.071756280744537548e+01,3.076996906739855575e+01,3.080164310921503912e+01,3.081223971469048806e+01,3.080164310921503912e+01,3.076996906739855575e+01,3.071756280744537548e+01,3.064499272782727957e+01,3.055304014515230548e+01,3.044268529229924880e+01,3.031508992766107724e+01,3.017157698682611411e+01,3.001360777477641761e+01,2.984275724778681749e+01,2.966068796835196508e+01,2.946912333297837705e+01,2.926982067152875544e+01,2.906454479860243367e+01,2.885504256337236484e+01,2.864301889608798746e+01,2.843011478924064406e+01,2.821788758164824529e+01,2.800779383714303705e+01,2.780117502893718040e+01,2.759924615888088084e+01,2.740308736038464588e+01,2.721363845720384944e+01,2.703169637973757489e+01,2.685791527777406884e+01,2.669280911511756571e+01,2.653675648822537525e+01,2.639000737840832045e+01,2.625269152542269779e+01,2.612482809914273929e+01,2.600633634484006862e+01,2.589704688551339729e+01,2.579671338058215113e+01,2.570502426279332298e+01,2.562161430300475828e+01,2.554607578417853020e+01,2.547796910004418081e+01,2.541683262914599695e+01,2.536219177015607329e+01,2.531356705834860676e+01,2.527048131509043571e+01,2.523246581139115818e+01,2.519906545244070983e+01,2.516984301229216925e+01,2.514438246624241202e+01,2.512229148299661574e+01,2.510320314948160814e+01,2.508677700841612435e+01,2.507269949275724485e+01,2.506068384228967005e+01,2.505046958631469778e+01,2.504182167305432216e+01,2.503452932143911625e+01,2.502840466480604320e+01,2.502328124907675999e+01,2.501901244056346130e+01,2.501546979095919099e+01,2.501254139956758848e+01,2.501013030562004502e+01,2.500815293677577245e+01,2.500653763371829541e+01,2.500522326522557748e+01,2.500415794324061736e+01,2.500329784331489336e+01,2.500260613232385154e+01,2.500205200252771220e+01,2.500160980882419182e+01,2.500125830435451846e+01,2.500097996841664028e+01,2.500076041984485542e+01,2.500058790856735769e+01,2.500045287789107107e+01,2.500034759012811492e+01,2.500026580841839063e+01,2.500020252797141751e+01,2.500015375040828758e+01,2.500011629539721625e+01,2.500008764431654029e+01,2.500006581122498162e+01,2.500004923695358983e+01,2.500003670264452538e+01,2.500002725954009009e+01,2.500002017226546869e+01,2.500001487324763971e+01,2.500001092626996524e+01,2.500000799747752467e+01,2.500000583242433549e+01,2.500000423799248495e+01,2.500000306821814888e+01,2.500000221323368166e+01
3.081468060936770570e+01,3.099789009751388846e+01,3.116433349551257237e+01,3.131231601148429178e+01,3.144030333156596768e+01,3.154694807193664730e+01,3.163111337838493853e+01,3.169189309575579472e+01,3.172862800703011033e+01,3.174091773513632475e+01,3.172862800703011033e+01,3.169189309575579472e+01,3.163111337838493853e+01,3.154694807193664730e+01,3.144030333156596768e+01,3.131231601148429178e+01,3.116433349551257237e+01,3.099789009751388846e+01,3.081468060936770570e+01,3.061653163341775041e+01,3.040537137592462358e+01,3.018319859720201137e+01,2.995205141278185579e+01,2.971397661884189745e+01,2.947100017562266316e+01,2.922509942664744287e+01,2.897817756172449322e+01,2.873204075082830755e+01,2.848837828714897213e+01,2.824874598410970350e+01,2.801455297621325613e+01,2.778705198028148260e+01,2.756733298484401473e+01,2.735632025361407571e+01,2.715477245624837366e+01,2.696328567754265038e+01,2.678229900598927316e+01,2.661210236484232183e+01,2.645284622363971394e+01,2.630455281521277655e+01,2.616712848186543283e+01,2.604037678358695729e+01,2.592401201956836942e+01,2.581767284042894772e+01,2.572093566081734295e+01,2.563332761878241683e+01,2.555433886788796016e+01,2.548343402893240395e+01,2.542006266892168043e+01,2.536366871439148696e+01,2.531369874324139246e+01,2.526960913309525480e+01,2.523087207422276634e+01,2.519698048083865416e+01,2.516745185593021006e+01,2.514183118161909647e+01,2.511969291956492256e+01,2.510064221431814957e+01,2.508431539718227299e+01,2.507037988947578100e+01,2.505853360256526585e+01,2.504850392816600291e+01,2.504004640666882153e+01,2.503294315412830073e+01,2.502700112048045966e+01,2.502205024294826075e+01,2.501794154979053886e+01,2.501454526084926044e+01,2.501174892299158259e+01,2.500945561071170786e+01,2.500758221498781353e+01,2.500605783706846097e+01,2.500482229823754921e+01,2.500382477178855467e+01,2.500302253941067931e+01,2.500237987091217562e+01,2.500186702362357138e+01,2.500145935586898105e+01,2.500113654749354453e+01,2.500088191951295258e+01,2.500068184443224695e+01,2.500052523859262976e+01,2.500040312798063979e+01,2.500030827921242604e+01,2.500023488783350345e+01,2.500017831660510836e+01,2.500013487704294590e+01,2.500010164810068858e+01,2.500007632652392786e+01,2.500005710402013293e+01,2.500004256698270311e+01,2.500003161506170812e+01,2.500002339538434981e+01,2.500001724969094852e+01,2.500001267206629763e+01,2.500000927531222672e+01,2.500000676432744839e+01,2.500000491513772616e+01,2.500000355845717692e+01,2.500000256686353239e+01
3.171397495908695419e+01,3.192551949580646564e+01,3.211770491085197676e+01,3.228857429704253690e+01,3.243635604462893696e+01,3.255949438437084353e+01,3.265667663699662171e+01,3.272685650204215335e+01,3.276927280845503532e+01,3.278346325713181386e+01,3.276927280845503532e+01,3.272685650204215335e+01,3.265667663699662171e+01,3.255949438437084353e+01,3.243635604462893696e+01,3.228857429704253690e+01,3.211770491085197676e+01,3.192551949580646564e+01,3.171397495908695419e+01,3.148518040405096130e+01,3.124136225196205530e+01,3.098482838997636080e+01,3.071793214711821918e+01,3.044303687560019256e+01,3.016248186922653574e+01,2.987855028605745389e+01,2.959343966187753239e+01,2.930923550761939822e+01,2.902788838135129623e+01,2.875119471748917377e+01,2.848078158627146195e+01,2.821809544880890286e+01,2.796439487047853945e+01,2.772074706095931518e+01,2.748802802521512945e+01,2.726692603809046744e+01,2.705794809719029459e+01,2.686142896509205968e+01,2.667754238284495827e+01,2.650631402179412177e+01,2.634763573921109980e+01,2.620128071381341428e+01,2.606691905850904689e+01,2.594413353788015542e+01,2.583243505516750460e+01,2.573127761592836649e+01,2.564007252124086733e+01,2.555820159053854468e+01,2.548502926125362578e+01,2.541991345799701918e+01,2.536221516680152988e+01,2.531130668904263814e+01,2.526657858431413572e+01,2.522744534130541894e+01,2.519334984036041902e+01,2.516376669086075424e+01,2.513820454101025703e+01,2.511620746729760256e+01,2.509735555628545711e+01,2.508126479291097155e+01,2.506758636772847382e+01,2.505600551105064255e+01,2.504623995531976632e+01,2.503803811881505936e+01,2.503117709448753203e+01,2.502546051777253311e+01,2.502071637706580276e+01,2.501679482050277770e+01,2.501356600302941047e+01,2.501091800871040149e+01,2.500875487494198168e+01,2.500699473782245974e+01,2.500556811143848535e+01,2.500441630826140482e+01,2.500349000319698689e+01,2.500274794004755208e+01,2.500215577616360818e+01,2.500168505880528613e+01,2.500131232511707680e+01,2.500101831655488382e+01,2.500078729800510757e+01,2.500060647161819460e+01,2.500046547546617859e+01,2.500035595745522343e+01,2.500027121541805641e+01,2.500020589492388723e+01,2.500015573703006666e+01,2.500011736892333403e+01,2.500008813112959771e+01,2.500006593568709690e+01,2.500004915036184272e+01,2.500003650462457117e+01,2.500002701369778180e+01,2.500001991751583219e+01,2.500001463191901863e+01,2.500001070982538920e+01,2.500000781049349996e+01,2.500000567530941709e+01,2.500000410880562285e+01,2.500000296385281473e+01
3.271812685989849712e+01,3.296131030649593185e+01,3.318223925290731557e+01,3.337866411405560285e+01,3.354854831565000950e+01,3.369010340533037606e+01,3.380182037759601599e+01,3.388249644575722641e+01,3.393125659690730345e+01,3.394756938981369387e+01,3.393125659690730345e+01,3.388249644575722641e+01,3.380182037759601599e+01,3.369010340533037606e+01,3.354854831565000950e+01,3.337866411405560285e+01,3.318223925290731557e+01,3.296131030649593185e+01,3.271812685989849712e+01,3.245511345705107686e+01,3.217482950603316283e+01,3.187992806497468479e+01,3.157311443022596009e+01,3.125710542040818751e+01,3.093459019752359040e+01,3.060819339208647349e+01,3.028044120654291760e+01,2.995373106388656836e+01,2.963030525049920527e+01,2.931222887815175682e+01,2.900137236408389541e+01,2.869939850424268002e+01,2.840775409688110642e+01,2.812766596511639250e+01,2.786014113049425944e+01,2.760597080725018060e+01,2.736573782029140034e+01,2.713982699977538005e+01,2.692843807171639270e+01,2.673160054690343301e+01,2.654919010862364459e+01,2.638094601187226118e+01,2.622648903116196806e+01,2.608533952873645845e+01,2.595693525781084077e+01,2.584064856421609235e+01,2.573580270235978418e+01,2.564168703568704899e+01,2.555757094596424039e+01,2.548271632806929432e+01,2.541638859617279422e+01,2.535786617212716010e+01,2.530644846672893422e+01,2.526146239874073984e+01,2.522226752487706491e+01,2.518825987633128705e+01,2.515887461401498371e+01,2.513358762583058237e+01,2.511191619547376774e+01,2.509341887402802485e+01,2.507769468359754583e+01,2.506438177708084325e+01,2.505315567057201420e+01,2.504372715542067240e+01,2.503583998627402707e+01,2.502926842999632484e+01,2.502381474867656053e+01,2.501930667838643529e+01,2.501559495425597746e+01,2.501255092203916064e+01,2.501006426682502237e+01,2.500804088102717770e+01,2.500640088631759284e+01,2.500507681777510882e+01,2.500401197317236779e+01,2.500315892597449974e+01,2.500247819719520592e+01,2.500193707866127468e+01,2.500150859837827255e+01,2.500117061746611213e+01,2.500090504744462194e+01,2.500069717639917855e+01,2.500053509265674023e+01,2.500040919497211078e+01,2.500031177879209920e+01,2.500023668886941763e+01,2.500017902928773950e+01,2.500013492279093086e+01,2.500010131215006126e+01,2.500007579712476158e+01,2.500005650136174751e+01,2.500004196430953840e+01,2.500003105390587521e+01,2.500002289640858777e+01,2.500001682029019534e+01,2.500001231160251791e+01,2.500000897864231675e+01,2.500000652411697999e+01,2.500000472332459367e+01,2.500000340713096847e+01
3.383328923529042243e+01,3.411160931994604795e+01,3.436445943753606969e+01,3.458926496911387005e+01,3.478369508362605700e+01,3.494570292213038698e+01,3.507356144874266590e+01,3.516589409076446771e+01,3.522169940804981536e+01,3.524036917347260101e+01,3.522169940804981536e+01,3.516589409076446771e+01,3.507356144874266590e+01,3.494570292213038698e+01,3.478369508362605700e+01,3.458926496911387005e+01,3.436445943753606969e+01,3.411160931994604795e+01,3.383328923529042243e+01,3.353227404050522154e+01,3.321149294266982110e+01,3.287398233004848436e+01,3.252283837682485057e+01,3.216117044426191285e+01,3.179205624100544014e+01,3.141849962030759258e+01,3.104339178586044312e+01,3.066947655505735781e+01,3.029932019358920314e+01,2.993528619326002627e+01,2.957951522068086092e+01,2.923391032277047330e+01,2.890012734008011108e+01,2.857957035466636242e+01,2.827339188873329689e+01,2.798249747600894466e+01,2.770755415152300571e+01,2.744900234805784223e+01,2.720707064926899221e+01,2.698179282984554206e+01,2.677302661103235693e+01,2.658047357378482900e+01,2.640369969978794629e+01,2.624215605027630005e+01,2.609519914159606913e+01,2.596211063224866678e+01,2.584211599628174127e+01,2.573440192000606430e+01,2.563813222097795474e+01,2.555246214811367977e+01,2.547655097811118452e+01,2.540957287478000737e+01,2.535072602348538595e+01,2.529924009207852720e+01,2.525438210209426870e+01,2.521546081960308072e+01,2.518182979409565192e+01,2.515288918653933692e+01,2.512808653481319965e+01,2.510691660674978110e+01,2.508892048870398028e+01,2.507368405168253034e+01,2.506083592835173945e+01,2.505004512341902512e+01,2.504101836762909272e+01,2.503349731253624455e+01,2.502725564984151774e+01,2.502209622586617499e+01,2.501784820903500872e+01,2.501436435634629163e+01,2.501151841391315500e+01,2.500920267690709764e+01,2.500732572568860945e+01,2.500581034759034793e+01,2.500459164769885589e+01,2.500361534700221355e+01,2.500283626234767809e+01,2.500221695968427937e+01,2.500172656993815679e+01,2.500133975546784271e+01,2.500103581425844723e+01,2.500079790872756647e+01,2.500061240613045754e+01,2.500046831797505931e+01,2.500035682650700508e+01,2.500027088713107304e+01,2.500020489653887523e+01,2.500015441726449339e+01,2.500011595035178402e+01,2.500008674875891046e+01,2.500006466502553693e+01,2.500004802757073463e+01,2.500003554076493728e+01,2.500002620462233693e+01,2.500001925058903751e+01,2.500001409045847112e+01,2.500001027593170733e+01,2.500000746676147401e+01,2.500000540577954311e+01,2.500000389941417822e+01
3.506494329837735791e+01,3.538207045183533239e+01,3.567017627841282490e+01,3.592632717172361367e+01,3.614786730540836857e+01,3.633246442036799806e+01,3.647815067452406623e+01,3.658335755519839694e+01,3.664694398820919474e+01,3.666821693935674631e+01,3.664694398820919474e+01,3.658335755519839694e+01,3.647815067452406623e+01,3.633246442036799806e+01,3.614786730540836857e+01,3.592632717172361367e+01,3.567017627841282490e+01,3.538207045183533239e+01,3.506494329837735791e+01,3.472195658224460146e+01,3.435644793932531371e+01,3.397187713131161502e+01,3.357177204195893694e+01,3.315967558081914035e+01,3.273909459140021028e+01,3.231345176392025564e+01,3.188604143194515217e+01,3.145998999219411019e+01,3.103822153307627119e+01,3.062342909569559168e+01,3.021805182672628831e+01,2.982425812106880159e+01,2.944393469847327438e+01,2.907868141669482398e+01,2.872981149783280941e+01,2.839835673710922848e+01,2.808507717640351231e+01,2.779047465946412387e+01,2.751480964210439595e+01,2.725812060832743455e+01,2.702024544099150560e+01,2.680084411152027002e+01,2.659942208502249628e+01,2.641535388242681748e+01,2.624790629707412037e+01,2.609626082678933656e+01,2.595953495096366481e+01,2.583680195295195503e+01,2.572710905869024955e+01,2.562949373072137504e+01,2.554299802097645866e+01,2.546668094425628226e+01,2.539962888632047822e+01,2.534096410511939723e+01,2.528985142063183744e+01,2.524550321794773566e+01,2.520718290987425192e+01,2.517420701988401177e+01,2.514594605427726748e+01,2.512182433473277854e+01,2.510131895979291272e+01,2.508395805712061133e+01,2.506931847843475225e+01,2.505702307669949391e+01,2.504673769117957249e+01,2.503816795107063342e+01,2.503105599317628105e+01,2.502517717404323960e+01,2.502033684249772350e+01,2.501636722497045895e+01,2.501312446358712904e+01,2.501048583588694996e+01,2.500834717529465223e+01,2.500662050313116325e+01,2.500523187597554298e+01,2.500411944651782292e+01,2.500323173157227075e+01,2.500252607753722600e+01,2.500196731116409055e+01,2.500152656190217826e+01,2.500118024118776461e+01,2.500090916371991412e+01,2.500069779589623309e+01,2.500053361706370580e+01,2.500040657997996973e+01,2.500030865779913825e+01,2.500023346592541884e+01,2.500017594816268485e+01,2.500013211768403210e+01,2.500009884441869801e+01,2.500007368147901587e+01,2.500005472421012342e+01,2.500004049632864422e+01,2.500002985841750913e+01,2.500002193476087697e+01,2.500001605513662639e+01,2.500001170873807155e+01,2.500000850787615647e+01,2.500000615952485461e+01,2.500000444312209780e+01
3.641769814266878313e+01,3.677744801941282304e+01,3.710427602663430235e+01,3.739485427353501734e+01,3.764616998370964041e+01,3.785557743630366190e+01,3.802084430608904597e+01,3.814019126815935579e+01,3.821232388496240873e+01,3.823645597667976403e+01,3.821232388496240873e+01,3.814019126815935579e+01,3.802084430608904597e+01,3.785557743630366190e+01,3.764616998370964041e+01,3.739485427353501734e+01,3.710427602663430235e+01,3.677744801941282304e+01,3.641769814266878313e+01,3.602861311003076139e+01,3.561397914442643042e+01,3.517772100861651552e+01,3.472384074320946468e+01,3.425635743411672252e+01,3.377924925383472043e+01,3.329639891114658212e+01,3.281154350671163655e+01,3.232822963318876219e+01,3.184977438415796769e+01,3.137923275252870425e+01,3.091937171270177132e+01,3.047265109755384671e+01,3.004121120693046976e+01,2.962686692367575603e+01,2.923110797039223385e+01,2.885510481829275875e+01,2.849971966088383724e+01,2.816552179103327092e+01,2.785280667050056991e+01,2.756161795564003114e+01,2.729177174033981146e+01,2.704288229528882681e+01,2.681438861880612023e+01,2.660558116578848598e+01,2.641562818467392049e+01,2.624360116444283264e+01,2.608849897139608132e+01,2.594927033573467767e+01,2.582483442805521889e+01,2.571409934333538061e+01,2.561597838276696848e+01,2.552940409026575352e+01,2.545334005943518108e+01,2.538679057738617217e+01,2.532880821370663682e+01,2.527849949597162649e+01,2.523502883773277716e+01,2.519762090142030075e+01,2.516556158772598906e+01,2.513819784564852355e+01,2.511493649439944420e+01,2.509524224075883225e+01,2.507863506420395794e+01,2.506468712814567468e+01,2.505301935976724792e+01,2.504329782405419991e+01,2.503523000031850287e+01,2.502856105243608198e+01,2.502307016760357428e+01,2.501856702304283786e+01,2.501488842600300089e+01,2.501189515980184908e+01,2.500946905760250516e+01,2.500751031616009357e+01,2.500593505386346749e+01,2.500467311096158340e+01,2.500366608479317421e+01,2.500286558900035416e+01,2.500223172295743623e+01,2.500173173583580777e+01,2.500133886870675326e+01,2.500103135771444585e+01,2.500079158149948810e+01,2.500060533660017015e+01,2.500046122539834670e+01,2.500035014221893448e+01,2.500026484435967689e+01,2.500019959605839048e+01,2.500014987464815874e+01,2.500011212936847471e+01,2.500008358446353540e+01,2.500006207928785784e+01,2.500004593914169604e+01,2.500003387146733402e+01,2.500002488285041480e+01,2.500001821298920746e+01,2.500001328242325727e+01,2.500000965135708242e+01,2.500000698738119098e+01,2.500000504028939119e+01
3.789508248722961525e+01,3.830138192494629124e+01,3.867049959293823491e+01,3.899867699051512204e+01,3.928251150536600278e+01,3.951901507560400262e+01,3.970566652598034807e+01,3.984045629719925330e+01,3.992192245894856484e+01,3.994917710427164081e+01,3.992192245894856484e+01,3.984045629719925330e+01,3.970566652598034807e+01,3.951901507560400262e+01,3.928251150536600278e+01,3.899867699051512204e+01,3.867049959293823491e+01,3.830138192494629124e+01,3.789508248722961525e+01,3.745565209349169322e+01,3.698736688208871470e+01,3.649465945746602102e+01,3.598204970122475288e+01,3.545407674583317714e+01,3.491523351638426220e+01,3.436990512180339863e+01,3.382231222203993326e+01,3.327646031840544083e+01,3.273609571727418910e+01,3.220466871003359444e+01,3.168530430162707745e+01,3.118078061313060800e+01,3.069351488685617824e+01,3.022555684102955809e+01,2.977858895977342968e+01,2.935393316653069817e+01,2.895256321767916319e+01,2.857512206930316623e+01,2.822194341421125685e+01,2.789307655763841254e+01,2.758831379708169962e+01,2.730721949207994470e+01,2.704916005056749384e+01,2.681333411639357678e+01,2.659880231413706753e+01,2.640451598880304473e+01,2.622934446576078571e+01,2.607210044695730744e+01,2.593156324989274708e+01,2.580649968332705058e+01,2.569568243588840772e+01,2.559790592882655957e+01,2.551199965072958520e+01,2.543683904919840799e+01,2.537135410178523642e+01,2.531453572588200984e+01,2.526544021496906467e+01,2.522319190726300064e+01,2.518698430312016256e+01,2.515607985050291262e+01,2.512980861444699343e+01,2.510756603787448427e+01,2.508880998837315701e+01,2.507305726976466431e+01,2.505987975939421375e+01,2.504890031298076991e+01,2.503978855934494518e+01,2.503225668803670700e+01,2.502605531434839037e+01,2.502096948883110983e+01,2.501681490253243112e+01,2.501343432493370855e+01,2.501069429909031427e+01,2.500848210779260938e+01,2.500670301563233267e+01,2.500527778459095885e+01,2.500414045503939775e+01,2.500323637970388901e+01,2.500252049504770469e+01,2.500195581247373866e+01,2.500151211060210343e+01,2.500116480945943920e+01,2.500089400758399094e+01,2.500068366366794947e+01,2.500052090530705939e+01,2.500039544860435115e+01,2.500029911369363944e+01,2.500022542263816305e+01,2.500016926756396884e+01,2.500012663826260351e+01,2.500009439981145576e+01,2.500007011198997375e+01,2.500005188340190543e+01,2.500003825424002102e+01,2.500002810254786922e+01,2.500002056964505570e+01,2.500001500109228658e+01,2.500001090018707472e+01,2.500000789150805147e+01,2.500000569247379190e+01
3.949933336176957255e+01,3.995617968268204123e+01,4.037121852584061799e+01,4.074022380316066005e+01,4.105936959028338151e+01,4.132529608664549414e+01,4.153516846273495844e+01,4.168672715408842322e+01,4.177832835462955074e+01,4.180897369471073688e+01,4.177832835462955074e+01,4.168672715408842322e+01,4.153516846273495844e+01,4.132529608664549414e+01,4.105936959028338151e+01,4.074022380316066005e+01,4.037121852584061799e+01,3.995617968268204123e+01,3.949933336176957255e+01,3.900523433026594944e+01,3.847869071216634040e+01,3.792468656318175135e+01,3.734830407415169873e+01,3.675464708174374806e+01,3.614876746668508645e+01,3.553559588034610783e+01,3.491987806635992797e+01,3.430611784227520644e+01,3.369852758479055410e+01,3.310098682899781863e+01,3.251700935532271330e+01,3.194971890521009072e+01,3.140183344515084940e+01,3.087565769462873533e+01,3.037308345217976324e+01,2.989559709904238716e+01,2.944429353463648980e+01,2.901989570389966389e+01,2.862277881368120092e+01,2.825299830317969096e+01,2.791032063004800889e+01,2.759425595668499298e+01,2.730409186713019309e+01,2.703892731015084294e+01,2.679770604454833105e+01,2.657924895430164014e+01,2.638228469985860514e+01,2.620547827384047679e+01,2.604745713113078764e+01,2.590683466168604454e+01,2.578223086683340526e+01,2.567229018423264719e+01,2.557569648153780051e+01,2.549118530308268760e+01,2.541755350711225958e+01,2.535366647311220234e+01,2.529846308996221893e+01,2.525095875658494293e+01,2.521024663836329438e+01,2.517549742591705453e+01,2.514595783904137960e+01,2.512094810894706853e+01,2.509985865763577095e+01,2.508214617547950098e+01,2.506732927795840382e+01,2.505498390104175144e+01,2.504473857274648907e+01,2.503626967671234382e+01,2.502929680278952418e+01,2.502357826010723940e+01,2.501890681021271945e+01,2.501510566185963569e+01,2.501202475499745859e+01,2.500953734949871787e+01,2.500753692411650775e+01,2.500593438299225468e+01,2.500465556059413430e+01,2.500363901109266962e+01,2.500283406468857805e+01,2.500219913110892733e+01,2.500170022919368762e+01,2.500130972102521199e+01,2.500100522924153879e+01,2.500076871686852087e+01,2.500058571007238228e+01,2.500044464555752910e+01,2.500033632581733656e+01,2.500025346700816087e+01,2.500019032579588085e+01,2.500014239307020247e+01,2.500010614389919184e+01,2.500007883447944579e+01,2.500005833810996592e+01,2.500004301337189005e+01,2.500003159872845160e+01,2.500002312867258425e+01,2.500001686734753648e+01,2.500001225625708301e+01,2.500000887327444943e+01,2.500000640066282998e+01
4.123118727116759885e+01,4.174260100336202584e+01,4.220721361830323559e+01,4.262029424834260993e+01,4.297755998659035015e+01,4.327524972549929316e+01,4.351019003305407296e+01,4.367985145406929348e+01,4.378239384020179159e+01,4.381669957284728412e+01,4.378239384020179159e+01,4.367985145406929348e+01,4.351019003305407296e+01,4.327524972549929316e+01,4.297755998659035015e+01,4.262029424834260993e+01,4.220721361830323559e+01,4.174260100336202584e+01,4.123118727116759885e+01,4.067807122708904188e+01,4.008863529520358782e+01,3.946845884523780512e+01,3.882323110366895236e+01,3.815866552825993097e+01,3.748041741502392910e+01,3.679400635053534074e+01,3.610474492756851816e+01,3.541767491626858089e+01,3.473751183515939545e+01,3.406859860532775031e+01,3.341486870610657434e+01,3.277981899015196632e+01,3.216649206790744842e+01,3.157746794306111582e+01,3.101486437755078285e+01,3.048034529147786742e+01,2.997513636309140139e+01,2.950004688854152590e+01,2.905549689076887887e+01,2.864154843083461799e+01,2.825794007123142393e+01,2.790412346634652963e+01,2.757930110662687895e+01,2.728246431595372101e+01,2.701243069177994016e+01,2.676788028011359089e+01,2.654738988791250875e+01,2.634946504958767832e+01,2.617256927816637102e+01,2.601515034178203578e+01,2.587566340962528244e+01,2.575259100598512418e+01,2.564445979480893456e+01,2.554985428917728640e+01,2.546742763964182643e+01,2.539590970242489476e+01,2.533411262337628500e+01,2.528093419703072797e+01,2.523535927309637472e+01,2.519645948641875677e+01,2.516339158222419314e+01,2.513539459762954564e+01,2.511178614438973256e+01,2.509195801796884950e+01,2.507537133550269459e+01,2.506155138118702297e+01,2.505008231305362543e+01,2.504060186080933903e+01,2.503279612108078567e+01,2.502639453454721874e+01,2.502116510942994054e+01,2.501690993788342965e+01,2.501346103613068550e+01,2.501067652573548017e+01,2.500843716215989332e+01,2.500664320760705550e+01,2.500521163794018875e+01,2.500407366801309195e+01,2.500317257583856900e+01,2.500246180344794311e+01,2.500190331084596096e+01,2.500146615894005464e+01,2.500112529753353385e+01,2.500086053524946195e+01,2.500065566944591211e+01,2.500049775566458976e+01,2.500037649781469895e+01,2.500028374204343606e+01,2.500021305901163871e+01,2.500015940102423073e+01,2.500011882211840231e+01,2.500008825076073293e+01,2.500006530622921019e+01,2.500004815104783518e+01,2.500003537299724243e+01,2.500002589124663288e+01,2.500001888204580425e+01,2.500001372018968127e+01,2.500000993313111053e+01,2.500000716518163202e+01
4.308968002627967309e+01,4.365965131808260935e+01,4.417746270181232404e+01,4.463784161911679860e+01,4.503601476451168395e+01,4.536779037858123331e+01,4.562963166707965001e+01,4.581871954880357123e+01,4.593300317595160465e+01,4.597123696108737079e+01,4.593300317595160465e+01,4.581871954880357123e+01,4.562963166707965001e+01,4.536779037858123331e+01,4.503601476451168395e+01,4.463784161911679860e+01,4.417746270181232404e+01,4.365965131808260935e+01,4.308968002627967309e+01,4.247323145183949578e+01,4.181630431362943057e+01,4.112511682670765367e+01,4.040600964162864273e+01,3.966535041474728018e+01,3.890944198107023055e+01,3.814443592725224619e+01,3.737625314507976526e+01,3.661051269415499831e+01,3.585247002620982215e+01,3.510696533263177344e+01,3.437838248142347908e+01,3.367061871956945396e+01,3.298706504049788890e+01,3.233059686178633285e+01,3.170357443196047953e+01,3.110785219220944242e+01,3.054479616258891994e+01,3.001530830474582601e+01,2.951985673481196315e+01,2.905851061992338913e+01,2.863097858762686343e+01,2.823664950600004886e+01,2.787463454957432063e+01,2.754380954745980148e+01,2.724285671042873602e+01,2.697030494798326572e+01,2.672456810956531115e+01,2.650398061126755067e+01,2.630683003629404482e+01,2.613138642014352797e+01,2.597592804680288481e+01,2.583876368755293740e+01,2.571825130738306342e+01,2.561281334421934019e+01,2.552094873254158003e+01,2.544124189540268333e+01,2.537236896775592854e+01,2.531310154012905400e+01,2.526230822615756466e+01,2.521895436162920134e+01,2.518210013796548452e+01,2.515089746101051560e+01,2.512458580814811171e+01,2.510248733460566584e+01,2.508400145470683640e+01,2.506859909704983380e+01,2.505581680520225163e+01,2.504525082843552397e+01,2.503655132101817316e+01,2.502941674422363150e+01,2.502358854290277179e+01,2.501884614849579691e+01,2.501500234285749613e+01,2.501189900228002827e+01,2.500940322856562759e+01,2.500740386380565283e+01,2.500580837748809060e+01,2.500454010847506225e+01,2.500353584003560670e+01,2.500274368325106877e+01,2.500212124249561896e+01,2.500163403610901369e+01,2.500125414561337323e+01,2.500095906769196930e+01,2.500073074447860222e+01,2.500055474935710009e+01,2.500041960732044544e+01,2.500031623088872124e+01,2.500023745455479229e+01,2.500017765265571867e+01,2.500013242741064090e+01,2.500009835559143312e+01,2.500007278388021703e+01,2.500005366440752042e+01,2.500003942325296435e+01,2.500002885582916434e+01,2.500002104406542358e+01,2.500001529116983789e+01,2.500001107048797166e+01,2.500000798560455806e+01
4.507196192733007223e+01,4.570439113846700252e+01,4.627894471623406503e+01,4.678977233103195488e+01,4.723157761466555371e+01,4.759970947130127428e+01,4.789024354189331234e+01,4.810005182801934609e+01,4.822685874830212072e+01,4.826928222281726022e+01,4.822685874830212072e+01,4.810005182801934609e+01,4.789024354189331234e+01,4.759970947130127428e+01,4.723157761466555371e+01,4.678977233103195488e+01,4.627894471623406503e+01,4.570439113846700252e+01,4.507196192733007223e+01,4.438796241499238704e+01,4.365904866483059266e+01,4.289212028898391793e+01,4.209421275166944554e+01,4.127239148222234633e+01,4.043364998545338551e+01,3.958481394390351227e+01,3.873245306551336142e+01,3.788280215102231807e+01,3.704169254885228213e+01,3.621449484251331796e+01,3.540607328784162178e+01,3.462075219532702164e+01,3.386229414622503953e+01,3.313388964871818132e+01,3.243815758929187609e+01,3.177715562031422181e+01,3.115239945143350297e+01,3.056488988199000190e+01,3.001514632466331989e+01,2.950324552598073069e+01,2.902886418465775975e+01,2.859132420043725631e+01,2.818963934963032614e+01,2.782256227378349323e+01,2.748863077924993092e+01,2.718621257223440324e+01,2.691354769050613882e+01,2.666878803411390564e+01,2.645003353823168979e+01,2.625536466743627173e+01,2.608287103866865664e+01,2.593067609698632836e+01,2.579695787184207134e+01,2.567996593062238375e+01,2.557803471982228771e+01,2.548959354241751640e+01,2.541317346314905024e+01,2.534741146243210963e+01,2.529105217566100094e+01,2.524294755927466127e+01,2.520205481970354455e+01,2.516743292794199505e+01,2.513823802268484897e+01,2.511371798037610148e+01,2.509320640267083391e+01,2.507611624209124557e+01,2.506193325627082658e+01,2.505020945114664954e+01,2.504055664460645758e+01,2.503264025506393509e+01,2.502617339468568503e+01,2.502091132482912172e+01,2.501664631183188447e+01,2.501320290466116347e+01,2.501043364202623209e+01,2.500821518524409015e+01,2.500644486423370338e+01,2.500503761726713847e+01,2.500392330027246146e+01,2.500304433830095974e+01,2.500235368997952534e+01,2.500181309511944860e+01,2.500139157591324945e+01,2.500106416311239244e+01,2.500081082005496214e+01,2.500061553924440716e+01,2.500046558823308018e+01,2.500035088372759517e+01,2.500026347501870561e+01,2.500019711997872562e+01,2.500014693891438000e+01,2.500010913347741592e+01,2.500008075959721410e+01,2.500005954499709659e+01,2.500004374328520029e+01,2.500003201787447793e+01,2.500002335009128629e+01,2.500001696678870999e+01,2.500001228360107675e+01,2.500000886067362416e+01
4.717313529807115202e+01,4.787176847183668826e+01,4.850646747445258455e+01,4.907076955204279045e+01,4.955882390193031739e+01,4.996549254220906278e+01,5.028644030403029319e+01,5.051821174380143731e+01,5.065829306770692142e+01,5.070515751691448258e+01,5.065829306770692142e+01,5.051821174380143731e+01,5.028644030403029319e+01,4.996549254220906278e+01,4.955882390193031739e+01,4.907076955204279045e+01,4.850646747445258455e+01,4.787176847183668826e+01,4.717313529807115202e+01,4.641753334018643073e+01,4.561231543166920943e+01,4.476510344994339619e+01,4.388366934577968692e+01,4.297581817187570863e+01,4.204927552720067752e+01,4.111158162048108977e+01,4.016999388990683428e+01,3.923139980770665147e+01,3.830224115959119047e+01,3.738845073256103291e+01,3.649540198254295831e+01,3.562787189755180606e+01,3.479001693342145529e+01,3.398536158715199917e+01,3.321679889553686849e+01,3.248660191013522081e+01,3.179644500813179064e+01,3.114743375455599761e+01,3.054014193525206977e+01,2.997465433072822094e+01,2.945061379587085426e+01,2.896727124552317179e+01,2.852353721611569881e+01,2.811803377320164898e+01,2.774914565776047581e+01,2.741506970419735012e+01,2.711386171389316146e+01,2.684348012407433615e+01,2.660182596730487603e+01,2.638677876733025229e+01,2.619622815834808449e+01,2.602810114386778650e+01,2.588038502579840738e+01,2.575114613271760433e+01,2.563854455762746554e+01,2.554084517977807423e+01,2.545642529281118271e+01,2.538377919350869405e+01,2.532152010317149049e+01,2.526837979872801299e+01,2.522320632487917536e+01,2.518496014380911419e+01,2.515270905711291860e+01,2.512562220742704255e+01,2.510296343648663964e+01,2.508408424350247046e+01,2.506841655418214643e+01,2.505546547754261510e+01,2.504480219578686828e+01,2.503605710265475892e+01,2.502891327831711976e+01,2.502310036439769902e+01,2.501838888125627847e+01,2.501458501129283718e+01,2.501152585667195183e+01,2.500907516736905833e+01,2.500711952559241524e+01,2.500556496518120753e+01,2.500433399924089173e+01,2.500336302576124226e+01,2.500260007898354431e+01,2.500200289356552830e+01,2.500153724888049211e+01,2.500117556184869727e+01,2.500089569833014380e+01,2.500067997513132667e+01,2.500051432694634812e+01,2.500038761494237960e+01,2.500029105611392310e+01,2.500021775489481257e+01,2.500016232077566158e+01,2.500012055778946873e+01,2.500008921367438575e+01,2.500006577828722953e+01,2.500004832242033004e+01,2.500003536957001415e+01,2.500002579442583439e+01,2.500001874290629544e+01,2.500001356947316111e+01,2.500000978822676956e+01
4.938612145735980619e+01,5.015448160131603572e+01,5.085252663457761457e+01,5.147314878916995440e+01,5.200991332400708700e+01,5.245716946173513406e+01,5.281014936268407212e+01,5.306505271327598905e+01,5.321911483091272288e+01,5.327065657884523375e+01,5.321911483091272288e+01,5.306505271327598905e+01,5.281014936268407212e+01,5.245716946173513406e+01,5.200991332400708700e+01,5.147314878916995440e+01,5.085252663457761457e+01,5.015448160131603572e+01,4.938612145735980619e+01,4.855510676905821299e+01,4.766952421824726116e+01,4.673775638258653942e+01,4.576835089112835675e+01,4.476989177858436619e+01,4.375087569607151750e+01,4.271959540162080771e+01,4.168403266085942960e+01,4.065176234906078179e+01,3.962986917330993464e+01,3.862487804144828374e+01,3.764269870629674131e+01,3.668858492238148017e+01,3.576710797993428059e+01,3.488214413780468703e+01,3.403687517185234412e+01,3.323380099517730457e+01,3.247476309590670951e+01,3.176097737980775548e+01,3.109307489932747615e+01,3.047114889647890124e+01,2.989480658133850000e+01,2.936322410642734937e+01,2.887520327444173063e+01,2.842922862641169246e+01,2.802352369265307175e+01,2.765610534292233069e+01,2.732483533817364929e+01,2.702746835779314338e+01,2.676169594724150613e+01,2.652518599647678599e+01,2.631561751498119861e+01,2.613071061118683147e+01,2.596825170999738575e+01,2.582611415022894974e+01,2.570227439326517072e+01,2.559482414491211344e+01,2.550197874486756788e+01,2.542208221344884578e+01,2.535360936473448845e+01,2.529516540085571208e+01,2.524548339580230660e+01,2.520342006085590469e+01,2.516795015970152605e+01,2.513815991139169270e+01,2.511323968550576424e+01,2.509247625773878809e+01,2.507524485723608620e+01,2.506100120050060553e+01,2.504927367164489382e+01,2.503965577591618086e+01,2.503179896335332799e+01,2.502540589250634895e+01,2.502022418055689101e+01,2.501604066597090892e+01,2.501267619292102395e+01,2.500998091297115877e+01,2.500783008868531709e+01,2.500612037562530432e+01,2.500476655332968079e+01,2.500369867199993834e+01,2.500285957944328175e+01,2.500220279203182372e+01,2.500169067375479059e+01,2.500129288860766152e+01,2.500098509335619212e+01,2.500074783993862937e+01,2.500056565926351126e+01,2.500042630078861094e+01,2.500032010492200030e+01,2.500023948788664541e+01,2.500017852117425576e+01,2.500013259004002464e+01,2.500009811763063539e+01,2.500007234327847883e+01,2.500005314523162525e+01,2.500003889962419379e+01,2.500002836883430746e+01,2.500002061353901084e+01,2.500001492377221979e+01,2.500001076513915166e+01
5.170156405009589662e+01,5.254287937091325489e+01,5.330720321790451521e+01,5.398675294625022048e+01,5.457448284138077810e+01,5.506420558918324559e+01,5.545070064745089411e+01,5.572980686589220056e+01,5.589849705752292408e+01,5.595493265291189999e+01,5.589849705752292408e+01,5.572980686589220056e+01,5.545070064745089411e+01,5.506420558918324559e+01,5.457448284138077810e+01,5.398675294625022048e+01,5.330720321790451521e+01,5.254287937091325489e+01,5.170156405009589662e+01,5.079164518640719450e+01,4.982197728561072836e+01,4.880173884436383958e+01,4.774028908221343670e+01,4.664702708105384232e+01,4.553125624218255041e+01,4.440205671432705969e+01,4.326816812533263601e+01,4.213788457877934945e+01,4.101896346898421086e+01,3.991854923853333048e+01,3.884311276651847322e+01,3.779840664722683385e+01,3.678943621121621277e+01,3.582044576499208688e+01,3.489491919146954046e+01,3.401559376848413763e+01,3.318448583197760371e+01,3.240292673699048720e+01,3.167160745389146115e+01,3.099063007794759272e+01,3.035956452414845685e+01,2.977750872136047633e+01,2.924315070441095088e+01,2.875483112272122099e+01,2.831060483224129598e+01,2.790830040610817164e+01,2.754557658120066321e+01,2.721997484552090540e+01,2.692896755863022307e+01,2.667000117851637242e+01,2.644053433848113599e+01,2.623807067308837304e+01,2.606018643006911262e+01,2.590455302347276501e+01,2.576895478132102824e+01,2.565130221842312963e+01,2.554964122241845459e+01,2.546215857968710239e+01,2.538718428913270486e+01,2.532319111795214894e+01,2.526879184653089183e+01,2.522273463180751207e+01,2.518389689210461313e+01,2.515127808370967699e+01,2.512399170244566804e+01,2.510125680393428027e+01,2.508238929583135146e+01,2.506679321536012495e+01,2.505395216708446426e+01,2.504342105990219025e+01,2.503481824931407118e+01,2.502781816153890304e+01,2.502214445021299483e+01,2.501756371428631454e+01,2.501387978722996053e+01,2.501092859261952839e+01,2.500857354929993903e+01,2.500670150036181383e+01,2.500521913372953620e+01,2.500404985792756563e+01,2.500313109420842395e+01,2.500241194536120304e+01,2.500185120186620225e+01,2.500141564733971578e+01,2.500107862717700513e+01,2.500081884673851818e+01,2.500061936815502150e+01,2.500046677770516368e+01,2.500035049862654191e+01,2.500026222706861034e+01,2.500019547161597444e+01,2.500014517935754199e+01,2.500010743382064504e+01,2.500007921221450857e+01,2.500005819132856644e+01,2.500004259311218036e+01,2.500003106243227791e+01,2.500002257077793644e+01,2.500001634077237256e+01,2.500001178728044238e+01
5.410777522020860175e+01,5.502490566251994153e+01,5.585810654513217344e+01,5.659889389026784556e+01,5.723958705886129650e+01,5.777344116705191368e+01,5.819476522352546510e+01,5.849902309597480610e+01,5.868291480249165204e+01,5.874443609097943408e+01,5.868291480249165204e+01,5.849902309597480610e+01,5.819476522352546510e+01,5.777344116705191368e+01,5.723958705886129650e+01,5.659889389026784556e+01,5.585810654513217344e+01,5.502490566251994153e+01,5.410777522020860175e+01,5.311585902746470822e+01,5.205880951374778931e+01,5.094663229584718067e+01,4.978952999928314682e+01,4.859774870411834513e+01,4.738143018756265690e+01,4.615047285585289671e+01,4.491440390830784679e+01,4.368226487156643145e+01,4.246251219745499839e+01,4.126293414992979791e+01,4.009058473128553146e+01,3.895173493078448956e+01,3.785184113429627928e+01,3.679553012396352329e+01,3.578659973277442674e+01,3.482803390832855683e+01,3.392203068866037086e+01,3.307004140385617319e+01,3.227281929107233083e+01,3.153047564588985452e+01,3.084254162619200557e+01,3.020803387071431700e+01,2.962552218655596548e+01,2.909319769077796991e+01,2.860893995269426426e+01,2.817038186733237382e+01,2.777497118866899939e+01,2.742002785592283942e+01,2.710279645036304075e+01,2.682049331756517319e+01,2.657034807559710288e+01,2.634963939907704500e+01,2.615572511932522204e+01,2.598606680989201223e+01,2.583824913354155228e+01,2.570999431114655920e+01,2.559917213553112347e+01,2.550380599534860337e+01,2.542207539737098543e+01,2.535231548222679265e+01,2.529301402102016283e+01,2.524280636086505680e+01,2.520046875864774805e+01,2.516491050666934015e+01,2.513516521343799326e+01,2.511038155978076958e+01,2.508981380637894532e+01,2.507281228527624606e+01,2.505881406606711792e+01,2.504733394826928361e+01,2.503795589549337564e+01,2.503032499488024953e+01,2.502413999711648529e+01,2.501914646821882116e+01,2.501513056411362257e+01,2.501191342263118500e+01,2.500934615460704080e+01,2.500730540599808549e+01,2.500568945591196268e+01,2.500441481083311146e+01,2.500341325273085857e+01,2.500262929779265519e+01,2.500201802290336062e+01,2.500154321838519422e+01,2.500117582765398438e+01,2.500089263710395215e+01,2.500067518250994780e+01,2.500050884137326790e+01,2.500038208380667371e+01,2.500028585765820566e+01,2.500021308653864338e+01,2.500015826219385318e+01,2.500011711521828772e+01,2.500008635042240712e+01,2.500006343523954300e+01,2.500004643139005012e+01,2.500003386162304508e+01,2.500002460474335919e+01,2.500001781332090900e+01,2.500001284949109959e+01
5.659073038352772755e+01,5.758609400408593615e+01,5.849036869491307300e+01,5.929434677687466149e+01,5.998969243604925339e+01,6.056908543563101688e+01,6.102634933063696820e+01,6.135656104702193403e+01,6.155613910739898387e+01,6.162290829270296655e+01,6.155613910739898387e+01,6.135656104702193403e+01,6.102634933063696820e+01,6.056908543563101688e+01,5.998969243604925339e+01,5.929434677687466149e+01,5.849036869491307300e+01,5.758609400408593615e+01,5.659073038352772755e+01,5.551420162889199617e+01,5.436698354241018905e+01,5.315993524127423342e+01,5.190412965667093914e+01,5.061068688109443769e+01,4.929061380693086392e+01,4.795465319553137817e+01,4.661314493658900915e+01,4.527590181820418280e+01,4.395210164553793675e+01,4.265019703803439199e+01,4.137784371939381600e+01,4.014184760760630866e+01,3.894813052986652480e+01,3.780171394267898677e+01,3.670671964226698947e+01,3.566638611330978392e+01,3.468309889116319766e+01,3.375843310745816694e+01,3.289320625208326021e+01,3.208753911436937045e+01,3.134092285896958785e+01,3.065229024181109807e+01,3.002008907149544470e+01,2.944235616351988583e+01,2.891679020994887850e+01,2.844082218671896101e+01,2.801168213579022748e+01,2.762646138149396791e+01,2.728216946201846937e+01,2.697578527129367387e+01,2.670430210791369774e+01,2.646476651165110283e+01,2.625431093121557069e+01,2.607018040697995076e+01,2.590975356830267273e+01,2.577055833665011875e+01,2.565028279364150521e+01,2.554678171877639414e+01,2.545807932688067510e+01,2.538236874253591324e+01,2.531800874050362538e+01,2.526351826010282764e+01,2.521756917032823253e+01,2.517897772379337340e+01,2.514669509375581313e+01,2.511979734170568435e+01,2.509747511517354823e+01,2.507902332814407131e+01,2.506383103105026677e+01,2.505137163477628448e+01,2.504119361414348788e+01,2.503291178147063434e+01,2.502619919023686279e+01,2.502077970269873575e+01,2.501642123342811530e+01,2.501292966293162223e+01,2.501014340148225301e+01,2.500792857267454394e+01,2.500617477860757276e+01,2.500479140359124131e+01,2.500370441045169656e+01,2.500285358248912360e+01,2.500219016455107379e+01,2.500167485819719104e+01,2.500127612825485457e+01,2.500096878094831609e+01,2.500073277701473629e+01,2.500055224662514775e+01,2.500041467636840054e+01,2.500031024192471207e+01,2.500023126327380396e+01,2.500017176229575000e+01,2.500012710539561311e+01,2.500009371629717947e+01,2.500006884640045612e+01,2.500005039208641833e+01,2.500003675009154236e+01,2.500002670358032120e+01,2.500001933283508748e+01,2.500001394558002943e+01
5.913411634894763580e+01,6.020961720698920772e+01,6.118669551867638745e+01,6.205540228988766671e+01,6.280673058603170489e+01,6.343277081426909092e+01,6.392684926085185992e+01,6.428364649250900698e+01,6.449929268526551596e+01,6.457143749204973915e+01,6.449929268526551596e+01,6.428364649250900698e+01,6.392684926085185992e+01,6.343277081426909092e+01,6.280673058603170489e+01,6.205540228988766671e+01,6.118669551867638745e+01,6.020961720698920772e+01,5.913411634894763580e+01,5.797091571010189170e+01,5.673133450491373253e+01,5.542710612369030798e+01,5.407019498500835653e+01,5.267261646573310685e+01,5.124626362882283104e+01,4.980274414087521961e+01,4.835323036142522568e+01,4.690832511119467085e+01,4.547794510516263244e+01,4.407122348751596519e+01,4.269643234821093358e+01,4.136092555319869746e+01,4.007110169902966845e+01,3.883238652225658427e+01,3.764923366703843755e+01,3.652514235012309030e+01,3.546269016754594361e+01,3.446357906559637030e+01,3.352869235069469767e+01,3.265816053698299015e+01,3.185143382251865773e+01,3.110735903885917963e+01,3.042425902687757855e+01,2.980001254507618569e+01,2.923213300603290321e+01,2.871784455223443899e+01,2.825415421489318035e+01,2.783791913936500251e+01,2.746590810021831075e+01,2.713485676057814189e+01,2.684151634796062780e+01,2.658269561753505528e+01,2.635529614998056402e+01,2.615634118245222339e+01,2.598299829640868097e+01,2.583259638500100763e+01,2.570263739610945919e+01,2.559080339642678581e+01,2.549495952929741804e+01,2.541315344683284749e+01,2.534361178790577185e+01,2.528473425087734938e+01,2.523508577623138294e+01,2.519338731246993746e+01,2.515850559126963404e+01,2.512944228735555541e+01,2.510532288687430480e+01,2.508538553697249185e+01,2.506897010021899419e+01,2.505550759153716101e+01,2.504451013322378117e+01,2.503556152593912643e+01,2.502830850052962219e+01,2.502245268725996397e+01,2.501774331538471685e+01,2.501397063675016597e+01,2.501096005195719840e+01,2.500856690614203615e+01,2.500667191321191396e+01,2.500517716196088358e+01,2.500400265444411474e+01,2.500308332588428684e+01,2.500236649582652859e+01,2.500180970189282803e+01,2.500137886999757697e+01,2.500104677800117514e+01,2.500079177326941249e+01,2.500059670828522229e+01,2.500044806217628590e+01,2.500033521966177474e+01,2.500024988239902868e+01,2.500018559096659843e+01,2.500013733871644206e+01,2.500010126144450595e+01,2.500007438925959846e+01,2.500005444917923825e+01,2.500003970886033144e+01,2.500002885349931958e+01,2.500002088933159072e+01,2.500001506834585641e+01
6.171943625648785314e+01,6.287639561049425652e+01,6.392747788890514471e+01,6.486198056022021774e+01,6.567021450411161254e+01,6.634367105472972526e+01,6.687517103086892689e+01,6.725899210508079307e+01,6.749097135270305614e+01,6.756858041124338854e+01,6.749097135270305614e+01,6.725899210508079307e+01,6.687517103086892689e+01,6.634367105472972526e+01,6.567021450411161254e+01,6.486198056022021774e+01,6.392747788890514471e+01,6.287639561049425652e+01,6.171943625648785314e+01,6.046813473530706773e+01,5.913466757935849216e+01,5.773165686659660878e+01,5.627197320133927860e+01,5.476854200577693632e+01,5.323415712413044787e+01,5.168130538832376430e+01,5.012200535303646376e+01,4.856766289723296381e+01,4.702894582844711380e+01,4.551567903572423290e+01,4.403676113758298527e+01,4.260010298219847158e+01,4.121258779618673884e+01,3.988005226169453010e+01,3.860728734214201552e+01,3.739805728515193550e+01,3.625513491402951161e+01,3.518035108057258498e+01,3.417465599287984190e+01,3.323819005024185458e+01,3.237036180868574320e+01,3.156993075872576426e+01,3.083509271310756361e+01,3.016356576738220596e+01,2.955267499985523472e+01,2.899943430940792410e+01,2.850062403962701651e+01,2.805286329587943328e+01,2.765267611953619209e+01,2.729655093266236321e+01,2.698099290056194732e+01,2.670256907333981644e+01,2.645794635722008792e+01,2.624392252917117929e+01,2.605745064311083681e+01,2.589565728240594567e+01,2.575585519232758358e+01,2.563555087916839170e+01,2.553244779210867677e+01,2.544444571232015306e+01,2.536963696420319891e+01,2.530630003918211912e+01,2.525289118625159190e+01,2.520803447848071599e+01,2.517051081373904609e+01,2.513924625353873665e+01,2.511330004829756035e+01,2.509185264238381663e+01,2.507419389951991562e+01,2.505971173966724663e+01,2.504788133323770083e+01,2.503825495792995426e+01,2.503045258796471728e+01,2.502415325506601107e+01,2.501908719509793144e+01,2.501502877356970345e+01,2.501179016691382984e+01,2.500921576409894342e+01,2.500717724429685873e+01,2.500556928050132655e+01,2.500430581571864508e+01,2.500331685716157537e+01,2.500254573435460159e+01,2.500194676881679356e+01,2.500148330568936927e+01,2.500112606102632995e+01,2.500085174222172668e+01,2.500064190300457767e+01,2.500048199843092078e+01,2.500036060921796377e+01,2.500026880850609956e+01,2.500019964763693281e+01,2.500014774075861368e+01,2.500010893099205589e+01,2.500008002350633873e+01,2.500005857316315883e+01,2.500004271641166298e+01,2.500003103886499645e+01,2.500002247149075174e+01,2.500001620962322590e+01
6.432617327865700929e+01,6.556526594103351613e+01,6.669096524431759576e+01,6.769180887723180717e+01,6.855741988239935836e+01,6.927868555816459661e+01,6.984791706850839432e+01,7.025898585417880327e+01,7.050743346174337489e+01,7.059055203858730465e+01,7.050743346174337489e+01,7.025898585417880327e+01,6.984791706850839432e+01,6.927868555816459661e+01,6.855741988239935836e+01,6.769180887723180717e+01,6.669096524431759576e+01,6.556526594103351613e+01,6.432617327865700929e+01,6.298604103637316598e+01,6.155791016666344007e+01,6.005529879712914720e+01,5.849199122478617596e+01,5.688183045607941324e+01,5.523851857867771287e+01,5.357542887294708578e+01,5.190543309869852351e+01,5.024074684577432492e+01,4.859279523640810794e+01,4.697210063500494925e+01,4.538819337888704553e+01,4.384954591256423839e+01,4.236353010745436620e+01,4.093639699562321255e+01,3.957327765414709120e+01,3.827820355707266486e+01,3.705414437226227165e+01,3.590306092489157663e+01,3.482597087895952370e+01,3.382302460079506545e+01,3.289358865942715227e+01,3.203633448078268486e+01,3.124932979716299997e+01,3.053013071021576863e+01,2.987587240378949005e+01,2.928335679147558324e+01,2.874913565132635185e+01,2.826958807676666652e+01,2.784099134856962365e+01,2.745958459956431952e+01,2.712162489443240077e+01,2.682343557589923222e+01,2.656144693166125137e+01,2.633222941075975143e+01,2.613251976239848418e+01,2.595924058420052205e+01,2.580951385144958721e+01,2.568066905567382818e+01,2.557024661239466568e+01,2.547599720686262614e+01,2.539587773632780809e+01,2.532804448118418961e+01,2.527084409852337998e+01,2.522280298345326699e+01,2.518261548897831048e+01,2.514913143700839271e+01,2.512134329352735662e+01,2.509837332210813088e+01,2.507946097342994918e+01,2.506395071548815778e+01,2.505128046069569692e+01,2.504097070264948144e+01,2.503261443728925428e+01,2.502586791058922699e+01,2.502044220767937688e+01,2.501609567612747398e+01,2.501262715864695707e+01,2.500986999727660987e+01,2.500768676160793902e+01,2.500596464740097602e+01,2.500461148841922920e+01,2.500355232304127995e+01,2.500272645771714153e+01,2.500208497122036277e+01,2.500158860653954207e+01,2.500120600084202138e+01,2.500091220796437241e+01,2.500068747212266018e+01,2.500051621581775052e+01,2.500038620910442333e+01,2.500028789139941310e+01,2.500021382075448528e+01,2.500015822897260520e+01,2.500011666407509736e+01,2.500008570442788525e+01,2.500006273131068113e+01,2.500004574887792685e+01,2.500003324233451352e+01,2.500002406675671551e+01,2.500001736035508060e+01
6.693201330854009257e+01,6.825321101677187130e+01,6.945350166880791676e+01,7.052066343503808810e+01,7.144363175772522823e+01,7.221269010725947624e+01,7.281964016818312757e+01,7.325794728922740262e+01,7.352285758988278985e+01,7.361148378917529556e+01,7.352285758988278985e+01,7.325794728922740262e+01,7.281964016818312757e+01,7.221269010725947624e+01,7.144363175772522823e+01,7.052066343503808810e+01,6.945350166880791676e+01,6.825321101677187130e+01,6.693201330854009257e+01,6.550308091228410490e+01,6.398031890310821268e+01,6.237814114992550429e+01,6.071124532804282836e+01,5.899439171241419189e+01,5.724219032162471876e+01,5.546890057945090291e+01,5.368824715724261409e+01,5.191325507709418474e+01,5.015610651534288422e+01,4.842802107174853177e+01,4.673916058505901105e+01,4.509855890287055047e+01,4.351407637325749533e+01,4.199237823562452832e+01,4.053893556366931250e+01,3.915804696590835476e+01,3.785287888702571735e+01,3.662552208085043759e+01,3.547706164406976370e+01,3.440765790662126733e+01,3.341663546498374870e+01,3.250257771080022451e+01,3.166342434000087636e+01,3.089656951607301494e+01,3.019895859375175462e+01,2.956718157428393212e+01,2.899756174883810900e+01,2.848623828148646098e+01,2.802924177731581779e+01,2.762256216570109757e+01,2.726220849607433649e+01,2.694426048764242054e+01,2.666491189099583536e+01,2.642050590547350097e+01,2.620756304999680708e+01,2.602280200663759047e+01,2.586315404633722181e+01,2.572577170677108782e+01,2.560803242590247919e+01,2.550753784436544436e+01,2.542210947886102801e+01,2.534978144080634266e+01,2.528879083310111042e+01,2.523756640650351102e+01,2.519471599893346081e+01,2.515901321893303688e+01,2.512938377103303367e+01,2.510489175803133932e+01,2.508472623491140396e+01,2.506818823265459883e+01,2.505467841849558042e+01,2.504368551286658473e+01,2.503477554270976668e+01,2.502758197609021451e+01,2.502179675399367653e+01,2.501716221155831477e+01,2.501346386236671293e+01,2.501052400532910980e+01,2.500819610359135936e+01,2.500635987825274142e+01,2.500491705593618619e+01,2.500378770789589922e+01,2.500290711889179107e+01,2.500222312606773656e+01,2.500169387115512265e+01,2.500128591314998872e+01,2.500097265290042614e+01,2.500073302556016230e+01,2.500055042143019080e+01,2.500041180018182274e+01,2.500030696772620331e+01,2.500022798899499321e+01,2.500016871357754766e+01,2.500012439449714563e+01,2.500009138339459724e+01,2.500006688802736576e+01,2.500004878030070543e+01,2.500003544504580688e+01,2.500002566147373884e+01,2.500001851069096404e+01
6.951312498857939204e+01,7.091564859955917655e+01,7.218982275913434421e+01,7.332267332687854378e+01,7.430245466973866542e+01,7.511885216022969303e+01,7.576316283820563058e+01,7.622844981402693065e+01,7.650966658358831296e+01,7.660374814025827561e+01,7.650966658358831296e+01,7.622844981402693065e+01,7.576316283820563058e+01,7.511885216022969303e+01,7.430245466973866542e+01,7.332267332687854378e+01,7.218982275913434421e+01,7.091564859955917655e+01,6.951312498857939204e+01,6.799623511528015740e+01,6.637973997722053809e+01,6.467894068440861588e+01,6.290943962285830082e+01,6.108690563153172803e+01,5.922684804403952796e+01,5.734440401843218638e+01,5.545414304381888115e+01,5.356989189336687218e+01,5.170458261338512784e+01,4.987012542251153491e+01,4.807730766823083002e+01,4.633571927374147492e+01,4.465370442833161491e+01,4.303833864808781584e+01,4.149542977690083490e+01,4.002954102276079595e+01,3.864403373984256262e+01,3.734112737765897805e+01,3.612197382567714499e+01,3.498674328289268232e+01,3.393471877153649530e+01,3.296439648437684866e+01,3.207358929598526487e+01,3.125953096841519852e+01,3.051897882868858147e+01,2.984831297666865524e+01,2.924363038488671407e+01,2.870083256489311907e+01,2.821570578693923181e+01,2.778399314178403046e+01,2.740145801717263296e+01,2.706393882068040568e+01,2.676739501043170577e+01,2.650794469256926789e+01,2.628189420766854667e+01,2.608576025732483572e+01,2.591628521784289774e+01,2.577044635226461367e+01,2.564545966758514695e+01,2.553877917419414700e+01,2.544809229294931896e+01,2.537131212562424309e+01,2.530656726055096328e+01,2.525218973074266060e+01,2.520670168002727607e+01,2.516880122681257248e+01,2.513734794771502834e+01,2.511134833667931687e+01,2.508994153122752735e+01,2.507238553752643995e+01,2.505804413107385642e+01,2.504637456065159640e+01,2.503691614012891264e+01,2.502927977581476426e+01,2.502313844622071315e+01,2.501821862600668567e+01,2.501429262611238258e+01,2.501117180711424837e+01,2.500870061212890150e+01,2.500675135852632280e+01,2.500521972374311730e+01,2.500402085904508809e+01,2.500308606566622061e+01,2.500235996988244835e+01,2.500179813685280905e+01,2.500136506712302875e+01,2.500103252423890510e+01,2.500077814671428200e+01,2.500058430244544283e+01,2.500043714841042686e+01,2.500032586302650017e+01,2.500024202278472885e+01,2.500017909868790156e+01,2.500013205156066576e+01,2.500009700847024874e+01,2.500007100529851556e+01,2.500005178295652897e+01,2.500003762685427233e+01,2.500002724105755547e+01,2.500001965011063021e+01
7.204449348346730631e+01,7.352677568437039213e+01,7.487340946850301293e+01,7.607068288315673499e+01,7.710618234564631734e+01,7.796900665715396883e+01,7.864995793835797144e+01,7.914170481318609518e+01,7.943891379337938474e+01,7.953834557177754050e+01,7.943891379337938474e+01,7.914170481318609518e+01,7.864995793835797144e+01,7.796900665715396883e+01,7.710618234564631734e+01,7.607068288315673499e+01,7.487340946850301293e+01,7.352677568437039213e+01,7.204449348346730631e+01,7.044134124965151500e+01,6.873291940759901308e+01,6.693539920950226474e+01,6.506527031649710580e+01,6.313909262170800929e+01,6.117325744217158956e+01,5.918376275451715429e+01,5.718600658428503181e+01,5.519460200436846264e+01,5.322321647955383384e+01,5.128443753774966751e+01,4.938966598037321631e+01,4.754903708953574437e+01,4.577136957115145321e+01,4.406414131113616861e+01,4.243349043333859072e+01,4.088423964586137060e+01,3.941994145607427669e+01,3.804294152895075598e+01,3.675445725950729781e+01,3.555466852560109459e+01,3.444281757643402386e+01,3.341731508639637127e+01,3.247584955280227348e+01,3.161549742752780645e+01,3.083283163355186929e+01,3.012402641457362762e+01,2.948495678610000681e+01,2.891129118719899793e+01,2.839857626210751818e+01,2.794231302004250495e+01,2.753802392145426836e+01,2.718131071284450329e+01,2.686790307515591536e+01,2.659369835933120996e+01,2.635479285524505499e+01,2.614750517658401563e+01,2.596839244539373937e+01,2.581426002797541486e+01,2.568216561145372623e+01,2.556941842110405716e+01,2.547357436623590488e+01,2.539242787107721355e+01,2.532400110068512333e+01,2.526653123427223946e+01,2.521845637307108490e+01,2.517840060020101589e+01,2.514515863878137125e+01,2.511768048414145227e+01,2.509505631835131823e+01,2.507650195193740217e+01,2.506134497963821062e+01,2.504901178510680992e+01,2.503901548395388943e+01,2.503094485554245807e+01,2.502445428135470706e+01,2.501925468123545926e+01,2.501510541792287512e+01,2.501180712446317145e+01,2.500919539777774148e+01,2.500713529419194003e+01,2.500551655853597310e+01,2.500424951690525432e+01,2.500326156377835574e+01,2.500249417644311833e+01,2.500190039314193413e+01,2.500144269564067301e+01,2.500109124173692976e+01,2.500082239829350783e+01,2.500061753050575675e+01,2.500046200812796116e+01,2.500034439417656529e+01,2.500025578611526100e+01,2.500018928365640747e+01,2.500013956105726010e+01,2.500010252513944309e+01,2.500007504322161367e+01,2.500005472774516591e+01,2.500003976661492899e+01,2.500002879019963231e+01,2.500002076757140301e+01
7.450030244292005932e+01,7.605996249699734335e+01,7.747689303782343018e+01,7.873666632357583239e+01,7.982622075975507414e+01,8.073408608494432315e+01,8.145058427362900488e+01,8.196800123844141694e+01,8.228072507324027640e+01,8.238534737308233957e+01,8.228072507324027640e+01,8.196800123844141694e+01,8.145058427362900488e+01,8.073408608494432315e+01,7.982622075975507414e+01,7.873666632357583239e+01,7.747689303782343018e+01,7.605996249699734335e+01,7.450030244292005932e+01,7.281346271822815197e+01,7.101585811841648876e+01,6.912450406474141573e+01,6.715675100893409422e+01,6.513002330095334003e+01,6.306156791468838207e+01,6.096821795052967730e+01,5.886617523923023043e+01,5.677081568292576463e+01,5.469652021316551327e+01,5.265653344993258855e+01,5.066285133741637026e+01,4.872613823806818800e+01,4.685567321044700861e+01,4.505932449984697286e+01,4.334355065145471997e+01,4.171342612759298873e+01,4.017268888304057128e+01,3.872380703079048203e+01,3.736806151611486371e+01,3.610564160682545065e+01,3.493574999614078536e+01,3.385671439273546923e+01,3.286610262923819903e+01,3.196083854294376891e+01,3.113731615711657952e+01,3.039151000395067470e+01,2.971907976718669886e+01,2.911546777045688117e+01,2.857598818464846602e+01,2.809590716339691241e+01,2.767051343136478181e+01,2.729517913814355623e+01,2.696541104617848461e+01,2.667689234059676195e+01,2.642551553043514190e+01,2.620740705425358286e+01,2.601894430954549620e+01,2.585676589686587334e+01,2.571777590920360979e+01,2.559914310845170959e+01,2.549829581789693833e+01,2.541291332666127900e+01,2.534091455318545982e+01,2.528044465419947784e+01,2.522986019695168380e+01,2.518771343917332572e+01,2.515273618631701780e+01,2.512382362153985582e+01,2.510001843274504196e+01,2.508049549432827519e+01,2.506454730023851596e+01,2.505157029030203120e+01,2.504105216387021215e+01,2.503256023383358553e+01,2.502573083975295987e+01,2.502025981095815865e+01,2.501589394848032200e+01,2.501242347804453559e+01,2.500967541442955522e+01,2.500750776965309186e+01,2.500580453302299233e+01,2.500447134949216377e+01,2.500343182339761228e+01,2.500262437703413099e+01,2.500199959715411424e+01,2.500151800700270144e+01,2.500114820655971926e+01,2.500086532899480218e+01,2.500064976673228401e+01,2.500048612580074092e+01,2.500036237218507651e+01,2.500026913862024003e+01,2.500019916461090119e+01,2.500014684640075657e+01,2.500010787714001381e+01,2.500007896061560331e+01,2.500005758463397498e+01,2.500004184250526151e+01,2.500003029310092728e+01,2.500002185167677027e+01
7.685435671489042875e+01,7.848818852614748209e+01,7.997250312783992854e+01,8.129218664724109544e+01,8.243355632794312271e+01,8.338459642463200794e+01,8.413516866011423190e+01,8.467719209309539963e+01,8.500478793559773294e+01,8.511438569134072907e+01,8.500478793559773294e+01,8.467719209309539963e+01,8.413516866011423190e+01,8.338459642463200794e+01,8.243355632794312271e+01,8.129218664724109544e+01,7.997250312783992854e+01,7.848818852614748209e+01,7.685435671489042875e+01,7.508729703064130945e+01,7.320420489684175891e+01,7.122290492627060132e+01,6.916157269501181304e+01,6.703846119170790985e+01,6.487163759357127901e+01,6.267873552199788634e+01,6.047672730785924955e+01,5.828172007524977261e+01,5.610877866049658280e+01,5.397177754951722051e+01,5.188328316995814760e+01,4.985446704254546546e+01,4.789504950410034212e+01,4.601327298503362329e+01,4.421590317544091420e+01,4.250825586060906858e+01,4.089424675884517768e+01,3.937646135761571031e+01,3.795624151928910095e+01,3.663378551256553806e+01,3.540825811365411369e+01,3.427790750313882739e+01,3.324018584861787673e+01,3.229187069628076756e+01,3.142918458225908651e+01,3.064791060214512797e+01,2.994350203003094890e+01,2.931118444304432558e+01,2.874604917108979762e+01,2.824313724329434550e+01,2.779751333320796292e+01,2.740432950669563539e+01,2.705887884417364475e+01,2.675663923876103212e+01,2.649330786216989253e+01,2.626482694047246369e+01,2.606740159336818508e+01,2.589751056548524843e+01,2.575191071973990020e+01,2.562763617464254295e+01,2.552199295389278433e+01,2.543254998204740147e+01,2.535712720888041360e+01,2.529378158152493938e+01,2.524079151154747080e+01,2.519664040732471477e+01,2.515999976359108814e+01,2.512971222243462677e+01,2.510477494547848920e+01,2.508432356714694933e+01,2.506761693497551136e+01,2.505402278566470642e+01,2.504300445541113262e+01,2.503410868008077017e+01,2.502695450486715956e+01,2.502122329384980759e+01,2.501664980683819195e+01,2.501301429345616256e+01,2.501013554193477972e+01,2.500786481185996024e+01,2.500608057549314367e+01,2.500468399060451929e+01,2.500359502843134152e+01,2.500274918285679249e+01,2.500209469071901225e+01,2.500159019789231607e+01,2.500120281108582532e+01,2.500090648089320311e+01,2.500068066727382288e+01,2.500050924417500298e+01,2.500037960528766945e+01,2.500028193787372999e+01,2.500020863615511146e+01,2.500015382988126333e+01,2.500011300738427167e+01,2.500008271569517504e+01,2.500006032314963988e+01,2.500004383238256267e+01,2.500003173373058374e+01,2.500002289086300777e+01
7.908053663852908244e+01,8.078451113030999409e+01,8.233254942999018056e+01,8.370888880518764097e+01,8.489925907966042473e+01,8.589112865537384778e+01,8.667392400474133751e+01,8.723921726037750091e+01,8.758087724972975252e+01,8.769518019012778609e+01,8.758087724972975252e+01,8.723921726037750091e+01,8.667392400474133751e+01,8.589112865537384778e+01,8.489925907966042473e+01,8.370888880518764097e+01,8.233254942999018056e+01,8.078451113030999409e+01,7.908053663852908244e+01,7.723761461517933924e+01,7.527367870723607268e+01,7.320731876298822272e+01,7.105749066137457248e+01,6.884323101732155692e+01,6.658338265718158766e+01,6.429633623833413480e+01,6.199979273750860642e+01,5.971055078012288675e+01,5.744432195695848264e+01,5.521557640498232189e+01,5.303742004612280425e+01,5.092150401008660054e+01,4.887796594132427686e+01,4.691540212929098175e+01,4.504086872460308655e+01,4.325990972663075240e+01,4.157660896093450020e+01,3.999366291356711400e+01,3.851247105492178235e+01,3.713324016565073293e+01,3.585509916463975344e+01,3.467622102441971066e+01,3.359394853058702068e+01,3.260492088489043283e+01,3.170519845166424489e+01,3.089038328890764262e+01,3.015573347342211719e+01,2.949626960969633416e+01,2.890687229157503424e+01,2.838236965264275824e+01,2.791761448599519468e+01,2.750755072891708153e+01,2.714726938719599048e+01,2.683205421358961118e+01,2.655741765338478899e+01,2.631912772675429579e+01,2.611322663388852305e+01,2.593604194700681731e+01,2.578419129662290032e+01,2.565458147181440651e+01,2.554440284011750606e+01,2.545111995662636772e+01,2.537245917851540611e+01,2.530639403494561179e+01,2.525112902728866260e+01,2.520508245452567309e+01,2.516686877680538359e+01,2.513528094922497402e+01,2.510927308015610393e+01,2.508794369560219906e+01,2.507051982438879634e+01,2.505634205927033520e+01,2.504485069671713404e+01,2.503557301333313490e+01,2.502811169939021241e+01,2.502213443948298632e+01,2.501736460628926650e+01,2.501357301524248911e+01,2.501057067489949048e+01,2.500820245921256557e+01,2.500634162308768538e+01,2.500488508086013084e+01,2.500374936802064241e+01,2.500286720911475769e+01,2.500218461871581610e+01,2.500165846730778441e+01,2.500125444944489317e+01,2.500094539738341837e+01,2.500070988927011584e+01,2.500053110673835377e+01,2.500039590227260788e+01,2.500029404186023996e+01,2.500021759319651338e+01,2.500016043401281607e+01,2.500011785894903937e+01,2.500008626679544221e+01,2.500006291290666383e+01,2.500004571416793908e+01,2.500003309610393742e+01,2.500002387359971223e+01
8.115327324846313672e+01,8.292255571481379661e+01,8.452992544603606007e+01,8.595901557387003322e+01,8.719500899117079484e+01,8.822489380322713259e+01,8.903769123244755690e+01,8.962465039783862153e+01,8.997940513831757414e+01,9.009808895035462228e+01,8.997940513831757414e+01,8.962465039783862153e+01,8.903769123244755690e+01,8.822489380322713259e+01,8.719500899117079484e+01,8.595901557387003322e+01,8.452992544603606007e+01,8.292255571481379661e+01,8.115327324846313672e+01,7.923971782935804242e+01,7.720051044466956114e+01,7.505495343301141986e+01,7.282272919244923060e+01,7.052360395139217530e+01,6.817714272236983675e+01,6.580244101872654028e+01,6.341787823986977202e+01,6.104089684961212470e+01,5.868781061451674219e+01,5.637364426631798864e+01,5.411200603564675760e+01,5.191499360330895740e+01,4.979313315773246273e+01,4.775535045706784842e+01,4.580897209195712350e+01,4.395975454580205621e+01,4.221193816433248003e+01,4.056832278141727244e+01,3.903036150474133592e+01,3.759826904020796690e+01,3.627114092090782549e+01,3.504708009516421896e+01,3.392332750591594248e+01,3.289639354610167743e+01,3.196218758623092171e+01,3.111614312503996871e+01,3.035333649635164832e+01,2.966859746011030552e+01,2.905661039944941848e+01,2.851200522660576198e+01,2.802943745844861567e+01,2.760365724930597509e+01,2.722956745868112094e+01,2.690227108043160698e+01,2.661710856600839747e+01,2.636968573712867325e+01,2.615589310398361889e+01,2.597191748620427276e+01,2.581424687873677826e+01,2.567966951762805650e+01,2.556526808605257983e+01,2.546840996348819530e+01,2.538673436554202212e+01,2.531813715313140278e+01,2.526075401182159297e+01,2.521294261897617872e+01,2.517326433136600627e+01,2.514046584185944511e+01,2.511346117309670589e+01,2.509131430042267041e+01,2.507322262711270255e+01,2.505850147291871011e+01,2.504656968263785544e+01,2.503693641487543431e+01,2.502918913227300735e+01,2.502298278282253818e+01,2.501803013694798494e+01,2.501409322616029485e+01,2.501097581556964045e+01,2.500851683363556788e+01,2.500658467752385405e+01,2.500507231062097802e+01,2.500389306948596513e+01,2.500297710020811337e+01,2.500226834826941058e+01,2.500172203113534408e+01,2.500130252854046731e+01,2.500098163148702213e+01,2.500073709708961545e+01,2.500055146238659276e+01,2.500041107595958323e+01,2.500030531155848124e+01,2.500022593285829231e+01,2.500016658294314098e+01,2.500012237611128540e+01,2.500008957312996216e+01,2.500006532416019667e+01,2.500004746624798813e+01,2.500003436457334516e+01,2.500002478859958543e+01
8.304803253124138962e+01,8.487701524626929483e+01,8.653862186419296165e+01,8.801593325552578051e+01,8.929363234491665935e+01,9.035826818206814437e+01,9.119849153652752705e+01,9.180525624953671127e+01,9.217198134897689954e+01,9.229466986530928807e+01,9.217198134897689954e+01,9.180525624953671127e+01,9.119849153652752705e+01,9.035826818206814437e+01,8.929363234491665935e+01,8.801593325552578051e+01,8.653862186419296165e+01,8.487701524626929483e+01,8.304803253124138962e+01,8.106990871418348377e+01,7.896189310340005818e+01,7.674393934923006100e+01,7.443639398567060539e+01,7.205969020571896522e+01,6.963405319693936235e+01,6.717922280557203862e+01,6.471419860035076965e+01,6.225701159974068588e+01,5.982452603974048344e+01,5.743227362609115971e+01,5.509432176695356986e+01,5.282317635073557938e+01,5.062971874717632659e+01,4.852317589300682243e+01,4.651112159732702622e+01,4.459950658244470389e+01,4.279271427451880072e+01,4.109363898118456149e+01,3.950378284180597177e+01,3.802336780702874819e+01,3.665145889084871555e+01,3.538609503007096180e+01,3.422442406978485963e+01,3.316283865439918799e+01,3.219711012581441167e+01,3.132251789699125766e+01,3.053397216429243599e+01,2.982612823015033499e+01,2.919349111479012038e+01,2.863050952954876394e+01,2.813165865436346635e+01,2.769151149994719319e+01,2.730479893486282350e+01,2.696645871508755832e+01,2.667167406663642026e+01,2.641590254008208660e+01,2.619489598060991042e+01,2.600471254110573227e+01,2.584172171221858250e+01,2.570260335662349860e+01,2.558434171954438696e+01,2.548421534891137341e+01,2.539978380125056745e+01,2.532887193828675976e+01,2.526955253870771756e+01,2.522012786358728320e+01,2.517911072608599810e+01,2.514520552918984819e+01,2.511728965180370210e+01,2.509439548533616104e+01,2.507569335133597832e+01,2.506047546664083114e+01,2.504814106634123760e+01,2.503818274676152100e+01,2.503017405044662524e+01,2.502375828242528399e+01,2.501863852123932830e+01,2.501456876871635160e+01,2.501134616848468184e+01,2.500880421402601073e+01,2.500680686188000479e+01,2.500524346373598306e+01,2.500402443190030510e+01,2.500307755540740473e+01,2.500234488831225121e+01,2.500178013699970947e+01,2.500134647928278753e+01,2.500101475431788600e+01,2.500076196868608491e+01,2.500057007017943533e+01,2.500042494674476146e+01,2.500031561357430476e+01,2.500023355642778000e+01,2.500017220389023009e+01,2.500012650540347892e+01,2.500009259556319918e+01,2.500006752836934965e+01,2.500004906788417003e+01,2.500003552412452734e+01,2.500002562503220105e+01
8.474179605460749087e+01,8.662414602555253396e+01,8.833423608997557608e+01,8.985465344094536988e+01,9.116963407145101428e+01,9.226533455055515276e+01,9.313007449252329195e+01,9.375454378385056486e+01,9.413196942850217397e+01,9.425823783074343964e+01,9.413196942850217397e+01,9.375454378385056486e+01,9.313007449252329195e+01,9.226533455055515276e+01,9.116963407145101428e+01,8.985465344094536988e+01,8.833423608997557608e+01,8.662414602555253396e+01,8.474179605460749087e+01,8.270595324484762045e+01,8.053642857350632767e+01,7.825375791160470840e+01,7.587888147763888469e+01,7.343282867769829636e+01,7.093641484312044554e+01,6.840995580231160034e+01,6.587300550586972747e+01,6.334412109312972916e+01,6.084065887581687804e+01,5.837860375395788282e+01,5.597243360376522503e+01,5.363501921865181288e+01,5.137755947209218021e+01,4.920955053042207794e+01,4.713878719630552894e+01,4.517139382612440102e+01,4.331188174851781270e+01,4.156322972312545971e+01,3.992698371971776794e+01,3.840337216516188334e+01,3.699143279181939903e+01,3.568914731530873041e+01,3.449358035867463457e+01,3.340101930854113732e+01,3.240711212025226473e+01,3.150700046638737817e+01,3.069544602968412050e+01,2.996694816148766449e+01,2.931585154590324294e+01,2.873644291513031845e+01,2.822303624228671382e+01,2.777004618583646334e+01,2.737204986817331331e+01,2.702383733580185066e+01,2.672045126775003254e+01,2.645721667202517935e+01,2.622976143836826779e+01,2.603402870186755180e+01,2.586628201979169006e+01,2.572310437767366054e+01,2.560139202506874057e+01,2.549834410159560250e+01,2.541144895492181988e+01,2.533846797916254800e+01,2.527741771927948378e+01,2.522655089860780464e+01,2.518433693619612868e+01,2.514944243125195555e+01,2.512071200610634847e+01,2.509714981865050376e+01,2.507790198153175965e+01,2.506224005942697985e+01,2.504954575791456151e+01,2.503929686796195497e+01,2.503105448865908755e+01,2.502445151715512850e+01,2.501918236822307762e+01,2.501499386579468620e+01,2.501167723442216939e+01,2.500906110915094516e+01,2.500700547695545239e+01,2.500539646095612767e+01,2.500414185941090039e+01,2.500316735433534276e+01,2.500241330899968162e+01,2.500183207900334281e+01,2.500138576773744603e+01,2.500104436348419057e+01,2.500078420190761364e+01,2.500058670406061267e+01,2.500043734611928414e+01,2.500032482275394941e+01,2.500024037129024279e+01,2.500017722856815894e+01,2.500013019666102210e+01,2.500009529737720726e+01,2.500006949875634987e+01,2.500005049961903936e+01,2.500003656067070423e+01,2.500002637273617623e+01
8.621352489047724532e+01,8.814224622811013887e+01,8.989446406615159901e+01,9.145233663617656816e+01,9.279971158758210947e+01,9.392240445889855494e+01,9.480844712010458863e+01,9.544830010465604175e+01,9.583502356492944330e+01,9.596440256746916475e+01,9.583502356492944330e+01,9.544830010465604175e+01,9.480844712010458863e+01,9.392240445889855494e+01,9.279971158758210947e+01,9.145233663617656816e+01,8.989446406615159901e+01,8.814224622811013887e+01,8.621352489047724532e+01,8.412752944443434444e+01,8.190455890722012100e+01,7.956565504749420370e+01,7.713227394242177581e+01,7.462596305388200335e+01,7.206805049530770191e+01,6.947935257203204173e+01,6.687990494285128307e+01,6.428872189902546097e+01,6.172358732202389575e+01,5.920087989712687460e+01,5.673543416052882549e+01,5.434043797541723819e+01,5.202736609758203912e+01,4.980594862977785908e+01,4.768417239828715282e+01,4.566831263195436463e+01,4.376299179522108318e+01,4.197126202895665870e+01,4.029470738763004078e+01,3.873356192536481046e+01,3.728683966922535120e+01,3.595247261474263212e+01,3.472745307245673985e+01,3.360797696940183954e+01,3.258958504905292131e+01,3.166729929993176640e+01,3.083575235973426487e+01,3.008930807227523729e+01,2.942217180392884757e+01,2.882848954152822074e+01,2.830243518390022928e+01,2.783828579558405636e+01,2.743048490731945321e+01,2.707369421930576436e+01,2.676283428782432239e+01,2.649311495326147536e+01,2.626005639917649503e+01,2.605950182049064523e+01,2.588762272785071161e+01,2.574091792922797239e+01,2.561620721382112720e+01,2.551062072253671786e+01,2.542158492892054866e+01,2.534680607941813335e+01,2.528425185691859411e+01,2.523213194089800737e+01,2.518887804480738879e+01,2.515312391975583139e+01,2.512368572554491308e+01,2.509954308766733533e+01,2.507982108340286587e+01,2.506377333254988926e+01,2.505076630911043267e+01,2.504026493952254384e+01,2.503181951062797594e+01,2.502505387606052523e+01,2.501965492255385826e+01,2.501536323709097331e+01,2.501196490107696135e+01,2.500928432801115520e+01,2.500717805567128238e+01,2.500552940184048722e+01,2.500424389340270537e+01,2.500324538156278820e+01,2.500247276045040934e+01,2.500187721195342050e+01,2.500141990588651097e+01,2.500107009119839319e+01,2.500080352058627398e+01,2.500060115741389666e+01,2.500044812006545669e+01,2.500033282470643670e+01,2.500024629279549870e+01,2.500018159456335098e+01,2.500013340403329920e+01,2.500009764501164966e+01,2.500007121084621886e+01,2.500005174366843974e+01,2.500003746133651816e+01,2.500002702242398200e+01
8.744459380625411882e+01,8.941210377581441549e+01,9.119956057318621845e+01,9.278876361305637488e+01,9.416323570391827502e+01,9.530850711973636180e+01,9.621236903869980495e+01,9.686509014547348784e+01,9.725959102473721885e+01,9.739157197625253559e+01,9.725959102473721885e+01,9.686509014547348784e+01,9.621236903869980495e+01,9.530850711973636180e+01,9.416323570391827502e+01,9.278876361305637488e+01,9.119956057318621845e+01,8.941210377581441549e+01,8.744459380625411882e+01,8.531664677914037043e+01,8.304896994648002817e+01,8.066302824921982051e+01,7.818070926899557094e+01,7.562399381000058440e+01,7.301463891665187589e+01,7.037387953226314607e+01,6.772215425398114519e+01,6.507885977063199334e+01,6.246213761640487405e+01,5.988869586931441091e+01,5.737366740381305874e+01,5.493050530500559603e+01,5.257091509819235142e+01,5.030482256881525416e+01,4.814037516670505568e+01,4.608397432221448753e+01,4.414033546244822048e+01,4.231257211006591490e+01,4.060230017655212720e+01,3.900975842310713659e+01,3.753394104783377827e+01,3.617273845649953046e+01,3.492308247181914282e+01,3.378109251688443493e+01,3.274221965479161156e+01,3.180138576097141723e+01,3.095311552977053893e+01,3.019165945592452971e+01,2.951110636957887223e+01,2.890548452715248118e+01,2.836885065839776132e+01,2.789536673355137708e+01,2.747936453686241975e+01,2.711539840965881609e+01,2.679828675522084680e+01,2.652314307874404520e+01,2.628539746992723636e+01,2.608080952593235224e+01,2.590547376242435007e+01,2.575581857468902314e+01,2.562859979451256720e+01,2.552088984689103768e+01,2.543006344902346427e+01,2.535378071753835272e+01,2.528996846327201453e+01,2.523680036045577069e+01,2.519267658263462906e+01,2.515620340420327494e+01,2.512617317668117778e+01,2.510154500474737560e+01,2.508142637005768094e+01,2.506505588191292944e+01,2.505178727343533041e+01,2.504107471016605047e+01,2.503245943473820390e+01,2.502555773608317580e+01,2.502005020389472634e+01,2.501567220808492209e+01,2.501220552792899454e+01,2.500947104569550561e+01,2.500732241398471700e+01,2.500564060397663013e+01,2.500432924260060474e+01,2.500331064962844607e+01,2.500252249028596907e+01,2.500191496467699537e+01,2.500144846170000790e+01,2.500109161186745510e+01,2.500081968023757284e+01,2.500061324732714496e+01,2.500045713223530086e+01,2.500033951816431710e+01,2.500025124600486137e+01,2.500018524662264241e+01,2.500013608692991340e+01,2.500009960875640758e+01,2.500007264297187248e+01,2.500005278428849920e+01,2.500003821472373389e+01,2.500002756587359087e+01
8.841918322055278168e+01,9.041740064246373265e+01,9.223275475435148962e+01,9.384676090951829508e+01,9.524268475253921906e+01,9.640583072450893098e+01,9.732379945728146708e+01,9.798670775629031482e+01,9.838736571589402047e+01,9.852140652928679287e+01,9.838736571589402047e+01,9.798670775629031482e+01,9.732379945728146708e+01,9.640583072450893098e+01,9.524268475253921906e+01,9.384676090951829508e+01,9.223275475435148962e+01,9.041740064246373265e+01,8.841918322055278168e+01,8.625802475718165852e+01,8.395495568795688257e+01,8.153177596287800100e+01,7.901071476889948997e+01,7.641409597048266278e+01,7.376401618003404792e+01,7.108204176028579013e+01,6.838893029901635146e+01,6.570438121434273171e+01,6.304681918021210407e+01,6.043321304206465783e+01,5.787893185715668665e+01,5.539763867647684492e+01,5.300122171657785231e+01,5.069976167727980965e+01,4.850153316783391233e+01,4.641303752742213362e+01,4.443906377807638819e+01,4.258277403603412381e+01,4.084580943274101372e+01,3.922841245580698910e+01,3.772956160551669313e+01,3.634711436263827977e+01,3.507795466402609463e+01,3.391814136757414389e+01,3.286305453990826209e+01,3.190753680081596499e+01,3.104602739008966950e+01,3.027268706840426660e+01,2.958151240870225251e+01,2.896643846480927209e+01,2.842142920827534525e+01,2.794055549365103985e+01,2.751806063983189077e+01,2.714841399629989738e+01,2.682635309577467453e+01,2.654691517862529437e+01,2.630545901074282966e+01,2.609767800819223993e+01,2.591960573270382540e+01,2.576761483657692509e+01,2.563841051899999357e+01,2.552901951352592391e+01,2.543677556386554883e+01,2.535930226746412686e+01,2.529449407834226804e+01,2.524049616677838870e+01,2.519568373739972600e+01,2.515864131235407797e+01,2.512814239506929681e+01,2.510312984469378961e+01,2.508269721311175360e+01,2.506607122639650598e+01,2.505259553121089056e+01,2.504171577411223382e+01,2.503296603778518659e+01,2.502595662248025121e+01,2.502036313276941826e+01,2.501591680841246301e+01,2.501239602285562569e+01,2.500961886282929569e+01,2.500743669685088122e+01,2.500572863838586812e+01,2.500439681024342775e+01,2.500336231981934176e+01,2.500256185946399512e+01,2.500194485204096395e+01,2.500147106822771192e+01,2.500110864894473650e+01,2.500083247320544899e+01,2.500062281844158463e+01,2.500046426681990397e+01,2.500034481711477596e+01,2.500025516726820740e+01,2.500018813781603910e+01,2.500013821087488708e+01,2.500010116337680799e+01,2.500007377673009046e+01,2.500005360810695265e+01,2.500003881115110715e+01,2.500002799610152593e+01
8.912461740222416040e+01,9.114506170881327307e+01,9.298060865159749255e+01,9.461256797256471884e+01,9.602401917408927545e+01,9.720010323332584790e+01,9.812828285953666807e+01,9.879856492385889055e+01,9.920367954476766670e+01,9.933921134190865132e+01,9.920367954476766670e+01,9.879856492385889055e+01,9.812828285953666807e+01,9.720010323332584790e+01,9.602401917408927545e+01,9.461256797256471884e+01,9.298060865159749255e+01,9.114506170881327307e+01,8.912461740222416040e+01,8.693941960288795201e+01,8.461073267544304599e+01,8.216059905850372047e+01,7.961149520219490228e+01,7.698599328727998170e+01,7.430643571466191588e+01,7.159462873741321687e+01,6.887156083736053347e+01,6.615715055627069319e+01,6.347002751230704831e+01,6.082734930142628116e+01,5.824465593638713301e+01,5.573576244716480943e+01,5.331268928718246514e+01,5.098562928747772105e+01,4.876294909873007555e+01,4.665122237683472406e+01,4.465529141382275213e+01,4.277835349927772768e+01,4.102206801953536797e+01,3.938668015948174883e+01,3.787115705689601697e+01,3.647333236054123518e+01,3.519005534619059006e+01,3.401734103300953649e+01,3.295051809845817559e+01,3.198437179494546712e+01,3.111327950794582975e+01,3.033133704619368842e+01,2.963247420437235391e+01,2.901055857374921132e+01,2.845948698497821283e+01,2.797326434061157485e+01,2.754606992592883330e+01,2.717231157101479866e+01,2.684666827228964792e+01,2.656412206757801897e+01,2.631998009666956406e+01,2.610988787196098215e+01,2.592983483507580189e+01,2.577615329003187483e+01,2.564551178677373500e+01,2.553490398615172907e+01,2.544163397415755767e+01,2.536329891466375841e+01,2.529776984095245496e+01,2.524317129136989379e+01,2.519786039736519356e+01,2.516040593622144073e+01,2.512956776860791308e+01,2.510427699471848229e+01,2.508361708369184484e+01,2.506680616019978203e+01,2.505318057005300503e+01,2.504217979353789048e+01,2.503333273077470622e+01,2.502624534724472127e+01,2.502058963915395395e+01,2.501609385674622033e+01,2.501253390823659473e+01,2.500972585686933414e+01,2.500751941788087507e+01,2.500579236007269301e+01,2.500444571753107326e+01,2.500339972010124256e+01,2.500259035594002555e+01,2.500196648532348576e+01,2.500148743144399077e+01,2.500112098084214551e+01,2.500084173310165880e+01,2.500062974627312329e+01,2.500046943102523755e+01,2.500034865263845774e+01,2.500025800558468703e+01,2.500019023054003142e+01,2.500013974824371843e+01,2.500010228865311035e+01,2.500007459737495807e+01,2.500005420440903592e+01,2.500003924286137647e+01,2.500002830751214233e+01
8.955163880878123450e+01,9.158553774488117938e+01,9.343330804070930640e+01,9.507613497528438984e+01,9.649698537327637382e+01,9.768090126199669498e+01,9.861526186184258336e+01,9.929000749727823916e+01,9.969781987487151298e+01,9.983425421117760834e+01,9.969781987487151298e+01,9.929000749727823916e+01,9.861526186184258336e+01,9.768090126199669498e+01,9.649698537327637382e+01,9.507613497528438984e+01,9.343330804070930640e+01,9.158553774488117938e+01,8.955163880878123450e+01,8.735188924639868446e+01,8.500769502694211610e+01,8.254124537498005054e+01,7.997516641677930238e+01,7.733218064673913261e+01,7.463477924923813589e+01,7.190491369048592674e+01,6.916371221970899796e+01,6.643122602108292085e+01,6.372620877192459687e+01,6.106593232479066558e+01,5.846604017716032331e+01,5.594043935664977596e+01,5.350123036380192332e+01,5.115867390619266075e+01,4.892119235006106948e+01,4.679540312687402093e+01,4.478618077466171599e+01,4.289674387453581517e+01,4.112876286308882356e+01,3.948248455795253165e+01,3.795686921882561649e+01,3.654973606821195631e+01,3.525791340044658284e+01,3.407738969773944149e+01,3.300346253007896280e+01,3.203088242360290394e+01,3.115398932142955601e+01,3.036683971484925237e+01,2.966332297557331543e+01,2.903726585766951374e+01,2.848252454930433686e+01,2.799306403021954637e+01,2.756302482414121968e+01,2.718677752153605454e+01,2.685896568496863424e+01,2.657453793643435347e+01,2.632877016482656884e+01,2.611727888495109084e+01,2.593602683114884400e+01,2.578132188335905539e+01,2.564981040659096223e+01,2.553846604175210544e+01,2.544457492208782412e+01,2.536571821040110564e+01,2.529975276266746675e+01,2.524479062807834850e+01,2.519917799782205137e+01,2.516147411832186265e+01,2.513043059185796579e+01,2.510497140056073206e+01,2.508417391016717701e+01,2.506725103865131743e+01,2.505353471238937502e+01,2.504246067903077133e+01,2.503355470152722617e+01,2.502642012138841210e+01,2.502072675056339435e+01,2.501620102964834302e+01,2.501261737457669199e+01,2.500979062371315464e+01,2.500756949151140773e+01,2.500583093280569003e+01,2.500447532264421469e+01,2.500342235966336801e+01,2.500260760574956365e+01,2.500197958062701886e+01,2.500149733661135443e+01,2.500112844572591797e+01,2.500084733840688500e+01,2.500063393990655669e+01,2.500047255708048510e+01,2.500035097440108345e+01,2.500025972370655936e+01,2.500019149733141788e+01,2.500014067886122504e+01,2.500010296981810143e+01,2.500007509413700291e+01,2.500005456536936421e+01,2.500003950418912524e+01,2.500002849601874289e+01
8.969461026492687949e+01,9.173301395873572517e+01,9.358487676739061101e+01,9.523134229834165865e+01,9.665533965052594567e+01,9.784187772176065323e+01,9.877830777945440843e+01,9.945454786751446363e+01,9.986326348367052219e+01,1.000000000000000000e+02,9.986326348367052219e+01,9.945454786751446363e+01,9.877830777945440843e+01,9.784187772176065323e+01,9.665533965052594567e+01,9.523134229834165865e+01,9.358487676739061101e+01,9.173301395873572517e+01,8.969461026492687949e+01,8.748998861247974901e+01,8.514060238136822534e+01,8.266868994170997098e+01,8.009692753298796219e+01,7.744808797625714192e+01,7.474471227023779818e+01,7.200880050009237721e+01,6.926152771070761105e+01,6.652298949639421721e+01,6.381198107083591253e+01,6.114581254095372742e+01,5.854016205204759871e+01,5.600896743355436769e+01,5.356435598667142983e+01,5.121661114478525434e+01,4.897417392831594896e+01,4.684367642527251974e+01,4.483000396999985071e+01,4.293638227224691661e+01,4.116448546835364652e+01,3.951456092261292952e+01,3.798556659186662188e+01,3.657531686854856900e+01,3.528063302217798736e+01,3.409749465010062863e+01,3.302118890718180921e+01,3.204645469282242232e+01,3.116761941402868530e+01,3.037872639817893017e+01,2.967365148292957500e+01,2.904620774960548601e+01,2.849023777882204911e+01,2.799969318372570015e+01,2.756870151024876137e+01,2.719162088062483917e+01,2.686308299377456876e+01,2.657802528370674722e+01,2.633171317617149754e+01,2.611975347726276553e+01,2.593809997942997470e+01,2.578305238516263032e+01,2.565124963171000161e+01,2.553965865708294558e+01,2.544555958375017113e+01,2.536652821718087125e+01,2.530041666663262134e+01,2.524533279979068467e+01,2.519961914492390775e+01,2.516183175741906197e+01,2.513071947455696531e+01,2.510520389526216434e+01,2.508436034178577501e+01,2.506739998884221521e+01,2.505365328313251894e+01,2.504255472257826298e+01,2.503362901977268606e+01,2.502647863769096048e+01,2.502077265696893349e+01,2.501623691231286983e+01,2.501264532002392471e+01,2.500981230836368496e+01,2.500758625671278423e+01,2.500584384738027310e+01,2.500448523476119433e+01,2.500342993963737825e+01,2.500261338117522314e+01,2.500198396507844478e+01,2.500150065297015800e+01,2.500113094505097777e+01,2.500084921512462799e+01,2.500063534398108089e+01,2.500047360371810967e+01,2.500035175175270652e+01,2.500026029895262880e+01,2.500019192146708136e+01,2.500014099044218341e+01,2.500010319787962132e+01,2.500007526045838802e+01,2.500005468622284610e+01,2.500003959168452283e+01,2.500002855913282218e+01
8.955163880878123450e+01,9.158553774488117938e+01,9.343330804070930640e+01,9.507613497528438984e+01,9.649698537327637382e+01,9.768090126199669498e+01,9.861526186184258336e+01,9.929000749727823916e+01,9.969781987487151298e+01,9.983425421117760834e+01,9.969781987487151298e+01,9.929000749727823916e+01,9.861526186184258336e+01,9.768090126199669498e+01,9.649698537327637382e+01,9.507613497528438984e+01,9.343330804070930640e+01,9.158553774488117938e+01,8.955163880878123450e+01,8.735188924639868446e+01,8.500769502694211610e+01,8.254124537498005054e+01,7.997516641677930238e+01,7.733218064673913261e+01,7.463477924923813589e+01,7.190491369048592674e+01,6.916371221970899796e+01,6.643122602108292085e+01,6.372620877192459687e+01,6.106593232479066558e+01,5.846604017716032331e+01,5.594043935664977596e+01,5.350123036380192332e+01,5.115867390619266075e+01,4.892119235006106948e+01,4.679540312687402093e+01,4.478618077466171599e+01,4.289674387453581517e+01,4.112876286308882356e+01,3.948248455795253165e+01,3.795686921882561649e+01,3.654973606821195631e+01,3.525791340044658284e+01,3.407738969773944149e+01,3.300346253007896280e+01,3.203088242360290394e+01,3.115398932142955601e+01,3.036683971484925237e+01,2.966332297557331543e+01,2.903726585766951374e+01,2.848252454930433686e+01,2.799306403021954637e+01,2.756302482414121968e+01,2.718677752153605454e+01,2.685896568496863424e+01,2.657453793643435347e+01,2.632877016482656884e+01,2.611727888495109084e+01,2.593602683114884400e+01,2.578132188335905539e+01,2.564981040659096223e+01,2.553846604175210544e+01,2.544457492208782412e+01,2.536571821040110564e+01,2.529975276266746675e+01,2.524479062807834850e+01,2.519917799782205137e+01,2.516147411832186265e+01,2.513043059185796579e+01,2.510497140056073206e+01,2.508417391016717701e+01,2.506725103865131743e+01,2.505353471238937502e+01,2.504246067903077133e+01,2.503355470152722617e+01,2.502642012138841210e+01,2.502072675056339435e+01,2.501620102964834302e+01,2.501261737457669199e+01,2.500979062371315464e+01,2.500756949151140773e+01,2.500583093280569003e+01,2.500447532264421469e+01,2.500342235966336801e+01,2.500260760574956365e+01,2.500197958062701886e+01,2.500149733661135443e+01,2.500112844572591797e+01,2.500084733840688500e+01,2.500063393990655669e+01,2.500047255708048510e+01,2.500035097440108345e+01,2.500025972370655936e+01,2.500019149733141788e+01,2.500014067886122504e+01,2.500010296981810143e+01,2.500007509413700291e+01,2.500005456536936421e+01,2.500003950418912524e+01,2.500002849601874289e+01
8.912461740222416040e+01,9.114506170881327307e+01,9.298060865159749255e+01,9.461256797256471884e+01,9.602401917408927545e+01,9.720010323332584790e+01,9.812828285953666807e+01,9.879856492385889055e+01,9.920367954476766670e+01,9.933921134190865132e+01,9.920367954476766670e+01,9.879856492385889055e+01,9.812828285953666807e+01,9.720010323332584790e+01,9.602401917408927545e+01,9.461256797256471884e+01,9.298060865159749255e+01,9.114506170881327307e+01,8.912461740222416040e+01,8.693941960288795201e+01,8.461073267544304599e+01,8.216059905850372047e+01,7.961149520219490228e+01,7.698599328727998170e+01,7.430643571466191588e+01,7.159462873741321687e+01,6.887156083736053347e+01,6.615715055627069319e+01,6.347002751230704831e+01,6.082734930142628116e+01,5.824465593638713301e+01,5.573576244716480943e+01,5.331268928718246514e+01,5.098562928747772105e+01,4.876294909873007555e+01,4.665122237683472406e+01,4.465529141382275213e+01,4.277835349927772768e+01,4.102206801953536797e+01,3.938668015948174883e+01,3.787115705689601697e+01,3.647333236054123518e+01,3.519005534619059006e+01,3.401734103300953649e+01,3.295051809845817559e+01,3.198437179494546712e+01,3.111327950794582975e+01,3.033133704619368842e+01,2.963247420437235391e+01,2.901055857374921132e+01,2.845948698497821283e+01,2.797326434061157485e+01,2.754606992592883330e+01,2.717231157101479866e+01,2.684666827228964792e+01,2.656412206757801897e+01,2.631998009666956406e+01,2.610988787196098215e+01,2.592983483507580189e+01,2.577615329003187483e+01,2.564551178677373500e+01,2.553490398615172907e+01,2.544163397415755767e+01,2.536329891466375841e+01,2.529776984095245496e+01,2.524317129136989379e+01,2.519786039736519356e+01,2.516040593622144073e+01,2.512956776860791308e+01,2.510427699471848229e+01,2.508361708369184484e+01,2.506680616019978203e+01,2.505318057005300503e+01,2.504217979353789048e+01,2.503333273077470622e+01,2.502624534724472127e+01,2.502058963915395395e+01,2.501609385674622033e+01,2.501253390823659473e+01,2.500972585686933414e+01,2.500751941788087507e+01,2.500579236007269301e+01,2.500444571753107326e+01,2.500339972010124256e+01,2.500259035594002555e+01,2.500196648532348576e+01,2.500148743144399077e+01,2.500112098084214551e+01,2.500084173310165880e+01,2.500062974627312329e+01,2.500046943102523755e+01,2.500034865263845774e+01,2.500025800558468703e+01,2.500019023054003142e+01,2.500013974824371843e+01,2.500010228865311035e+01,2.500007459737495807e+01,2.500005420440903592e+01,2.500003924286137647e+01,2.500002830751214233e+01
8.841918322055278168e+01,9.041740064246373265e+01,9.223275475435148962e+01,9.384676090951829508e+01,9.524268475253921906e+01,9.640583072450893098e+01,9.732379945728146708e+01,9.798670775629031482e+01,9.838736571589402047e+01,9.852140652928679287e+01,9.838736571589402047e+01,9.798670775629031482e+01,9.732379945728146708e+01,9.640583072450893098e+01,9.524268475253921906e+01,9.384676090951829508e+01,9.223275475435148962e+01,9.041740064246373265e+01,8.841918322055278168e+01,8.625802475718165852e+01,8.395495568795688257e+01,8.153177596287800100e+01,7.901071476889948997e+01,7.641409597048266278e+01,7.376401618003404792e+01,7.108204176028579013e+01,6.838893029901635146e+01,6.570438121434273171e+01,6.304681918021210407e+01,6.043321304206465783e+01,5.787893185715668665e+01,5.539763867647684492e+01,5.300122171657785231e+01,5.069976167727980965e+01,4.850153316783391233e+01,4.641303752742213362e+01,4.443906377807638819e+01,4.258277403603412381e+01,4.084580943274101372e+01,3.922841245580698910e+01,3.772956160551669313e+01,3.634711436263827977e+01,3.507795466402609463e+01,3.391814136757414389e+01,3.286305453990826209e+01,3.190753680081596499e+01,3.104602739008966950e+01,3.027268706840426660e+01,2.958151240870225251e+01,2.896643846480927209e+01,2.842142920827534525e+01,2.794055549365103985e+01,2.751806063983189077e+01,2.714841399629989738e+01,2.682635309577467453e+01,2.654691517862529437e+01,2.630545901074282966e+01,2.609767800819223993e+01,2.591960573270382540e+01,2.576761483657692509e+01,2.563841051899999357e+01,2.552901951352592391e+01,2.543677556386554883e+01,2.535930226746412686e+01,2.529449407834226804e+01,2.524049616677838870e+01,2.519568373739972600e+01,2.515864131235407797e+01,2.512814239506929681e+01,2.510312984469378961e+01,2.508269721311175360e+01,2.506607122639650598e+01,2.505259553121089056e+01,2.504171577411223382e+01,2.503296603778518659e+01,2.502595662248025121e+01,2.502036313276941826e+01,2.501591680841246301e+01,2.501239602285562569e+01,2.500961886282929569e+01,2.500743669685088122e+01,2.500572863838586812e+01,2.500439681024342775e+01,2.500336231981934176e+01,2.500256185946399512e+01,2.500194485204096395e+01,2.500147106822771192e+01,2.500110864894473650e+01,2.500083247320544899e+01,2.500062281844158463e+01,2.500046426681990397e+01,2.500034481711477596e+01,2.500025516726820740e+01,2.500018813781603910e+01,2.500013821087488708e+01,2.500010116337680799e+01,2.500007377673009046e+01,2.500005360810695265e+01,2.500003881115110715e+01,2.500002799610152593e+01
8.744459380625411882e+01,8.941210377581441549e+01,9.119956057318621845e+01,9.278876361305637488e+01,9.416323570391827502e+01,9.530850711973636180e+01,9.621236903869980495e+01,9.686509014547348784e+01,9.725959102473721885e+01,9.739157197625253559e+01,9.725959102473721885e+01,9.686509014547348784e+01,9.621236903869980495e+01,9.530850711973636180e+01,9.416323570391827502e+01,9.278876361305637488e+01,9.119956057318621845e+01,8.941210377581441549e+01,8.744459380625411882e+01,8.531664677914037043e+01,8.304896994648002817e+01,8.066302824921982051e+01,7.818070926899557094e+01,7.562399381000058440e+01,7.301463891665187589e+01,7.037387953226314607e+01,6.772215425398114519e+01,6.507885977063199334e+01,6.246213761640487405e+01,5.988869586931441091e+01,5.737366740381305874e+01,5.493050530500559603e+01,5.257091509819235142e+01,5.030482256881525416e+01,4.814037516670505568e+01,4.608397432221448753e+01,4.414033546244822048e+01,4.231257211006591490e+01,4.060230017655212720e+01,3.900975842310713659e+01,3.753394104783377827e+01,3.617273845649953046e+01,3.492308247181914282e+01,3.378109251688443493e+01,3.274221965479161156e+01,3.180138576097141723e+01,3.095311552977053893e+01,3.019165945592452971e+01,2.951110636957887223e+01,2.890548452715248118e+01,2.836885065839776132e+01,2.789536673355137708e+01,2.747936453686241975e+01,2.711539840965881609e+01,2.679828675522084680e+01,2.652314307874404520e+01,2.628539746992723636e+01,2.608080952593235224e+01,2.590547376242435007e+01,2.575581857468902314e+01,2.562859979451256720e+01,2.552088984689103768e+01,2.543006344902346427e+01,2.535378071753835272e+01,2.528996846327201453e+01,2.523680036045577069e+01,2.519267658263462906e+01,2.515620340420327494e+01,2.512617317668117778e+01,2.510154500474737560e+01,2.508142637005768094e+01,2.506505588191292944e+01,2.505178727343533041e+01,2.504107471016605047e+01,2.503245943473820390e+01,2.502555773608317580e+01,2.502005020389472634e+01,2.501567220808492209e+01,2.501220552792899454e+01,2.500947104569550561e+01,2.500732241398471700e+01,2.500564060397663013e+01,2.500432924260060474e+01,2.500331064962844607e+01,2.500252249028596907e+01,2.500191496467699537e+01,2.500144846170000790e+01,2.500109161186745510e+01,2.500081968023757284e+01,2.500061324732714496e+01,2.500045713223530086e+01,2.500033951816431710e+01,2.500025124600486137e+01,2.500018524662264241e+01,2.500013608692991340e+01,2.500009960875640758e+01,2.500007264297187248e+01,2.500005278428849920e+01,2.500003821472373389e+01,2.500002756587359087e+01
8.621352489047724532e+01,8.814224622811013887e+01,8.989446406615159901e+01,9.145233663617656816e+01,9.279971158758210947e+01,9.392240445889855494e+01,9.480844712010458863e+01,9.544830010465604175e+01,9.583502356492944330e+01,9.596440256746916475e+01,9.583502356492944330e+01,9.544830010465604175e+01,9.480844712010458863e+01,9.392240445889855494e+01,9.279971158758210947e+01,9.145233663617656816e+01,8.989446406615159901e+01,8.814224622811013887e+01,8.621352489047724532e+01,8.412752944443434444e+01,8.190455890722012100e+01,7.956565504749420370e+01,7.713227394242177581e+01,7.462596305388200335e+01,7.206805049530770191e+01,6.947935257203204173e+01,6.687990494285128307e+01,6.428872189902546097e+01,6.172358732202389575e+01,5.920087989712687460e+01,5.673543416052882549e+01,5.434043797541723819e+01,5.202736609758203912e+01,4.980594862977785908e+01,4.768417239828715282e+01,4.566831263195436463e+01,4.376299179522108318e+01,4.197126202895665870e+01,4.029470738763004078e+01,3.873356192536481046e+01,3.728683966922535120e+01,3.595247261474263212e+01,3.472745307245673985e+01,3.360797696940183954e+01,3.258958504905292131e+01,3.166729929993176640e+01,3.083575235973426487e+01,3.008930807227523729e+01,2.942217180392884757e+01,2.882848954152822074e+01,2.830243518390022928e+01,2.783828579558405636e+01,2.743048490731945321e+01,2.707369421930576436e+01,2.676283428782432239e+01,2.649311495326147536e+01,2.626005639917649503e+01,2.605950182049064523e+01,2.588762272785071161e+01,2.574091792922797239e+01,2.561620721382112720e+01,2.551062072253671786e+01,2.542158492892054866e+01,2.534680607941813335e+01,2.528425185691859411e+01,2.523213194089800737e+01,2.518887804480738879e+01,2.515312391975583139e+01,2.512368572554491308e+01,2.509954308766733533e+01,2.507982108340286587e+01,2.506377333254988926e+01,2.505076630911043267e+01,2.504026493952254384e+01,2.503181951062797594e+01,2.502505387606052523e+01,2.501965492255385826e+01,2.501536323709097331e+01,2.501196490107696135e+01,2.500928432801115520e+01,2.500717805567128238e+01,2.500552940184048722e+01,2.500424389340270537e+01,2.500324538156278820e+01,2.500247276045040934e+01,2.500187721195342050e+01,2.500141990588651097e+01,2.500107009119839319e+01,2.500080352058627398e+01,2.500060115741389666e+01,2.500044812006545669e+01,2.500033282470643670e+01,2.500024629279549870e+01,2.500018159456335098e+01,2.500013340403329920e+01,2.500009764501164966e+01,2.500007121084621886e+01,2.500005174366843974e+01,2.500003746133651816e+01,2.500002702242398200e+01
8.474179605460749087e+01,8.662414602555253396e+01,8.833423608997557608e+01,8.985465344094536988e+01,9.116963407145101428e+01,9.226533455055515276e+01,9.313007449252329195e+01,9.375454378385056486e+01,9.413196942850217397e+01,9.425823783074343964e+01,9.413196942850217397e+01,9.375454378385056486e+01,9.313007449252329195e+01,9.226533455055515276e+01,9.116963407145101428e+01,8.985465344094536988e+01,8.833423608997557608e+01,8.662414602555253396e+01,8.474179605460749087e+01,8.270595324484762045e+01,8.053642857350632767e+01,7.825375791160470840e+01,7.587888147763888469e+01,7.343282867769829636e+01,7.093641484312044554e+01,6.840995580231160034e+01,6.587300550586972747e+01,6.334412109312972916e+01,6.084065887581687804e+01,5.837860375395788282e+01,5.597243360376522503e+01,5.363501921865181288e+01,5.137755947209218021e+01,4.920955053042207794e+01,4.713878719630552894e+01,4.517139382612440102e+01,4.331188174851781270e+01,4.156322972312545971e+01,3.992698371971776794e+01,3.840337216516188334e+01,3.699143279181939903e+01,3.568914731530873041e+01,3.449358035867463457e+01,3.340101930854113732e+01,3.240711212025226473e+01,3.150700046638737817e+01,3.069544602968412050e+01,2.996694816148766449e+01,2.931585154590324294e+01,2.873644291513031845e+01,2.822303624228671382e+01,2.777004618583646334e+01,2.737204986817331331e+01,2.702383733580185066e+01,2.672045126775003254e+01,2.645721667202517935e+01,2.622976143836826779e+01,2.603402870186755180e+01,2.586628201979169006e+01,2.572310437767366054e+01,2.560139202506874057e+01,2.549834410159560250e+01,2.541144895492181988e+01,2.533846797916254800e+01,2.527741771927948378e+01,2.522655089860780464e+01,2.518433693619612868e+01,2.514944243125195555e+01,2.512071200610634847e+01,2.509714981865050376e+01,2.507790198153175965e+01,2.506224005942697985e+01,2.504954575791456151e+01,2.503929686796195497e+01,2.503105448865908755e+01,2.502445151715512850e+01,2.501918236822307762e+01,2.501499386579468620e+01,2.501167723442216939e+01,2.500906110915094516e+01,2.500700547695545239e+01,2.500539646095612767e+01,2.500414185941090039e+01,2.500316735433534276e+01,2.500241330899968162e+01,2.500183207900334281e+01,2.500138576773744603e+01,2.500104436348419057e+01,2.500078420190761364e+01,2.500058670406061267e+01,2.500043734611928414e+01,2.500032482275394941e+01,2.500024037129024279e+01,2.500017722856815894e+01,2.500013019666102210e+01,2.500009529737720726e+01,2.500006949875634987e+01,2.500005049961903936e+01,2.500003656067070423e+01,2.500002637273617623e+01
8.304803253124138962e+01,8.487701524626929483e+01,8.653862186419296165e+01,8.801593325552578051e+01,8.929363234491665935e+01,9.035826818206814437e+01,9.119849153652752705e+01,9.180525624953671127e+01,9.217198134897689954e+01,9.229466986530928807e+01,9.217198134897689954e+01,9.180525624953671127e+01,9.119849153652752705e+01,9.035826818206814437e+01,8.929363234491665935e+01,8.801593325552578051e+01,8.653862186419296165e+01,8.487701524626929483e+01,8.304803253124138962e+01,8.106990871418348377e+01,7.896189310340005818e+01,7.674393934923006100e+01,7.443639398567060539e+01,7.205969020571896522e+01,6.963405319693936235e+01,6.717922280557203862e+01,6.471419860035076965e+01,6.225701159974068588e+01,5.982452603974048344e+01,5.743227362609115971e+01,5.509432176695356986e+01,5.282317635073557938e+01,5.062971874717632659e+01,4.852317589300682243e+01,4.651112159732702622e+01,4.459950658244470389e+01,4.279271427451880072e+01,4.109363898118456149e+01,3.950378284180597177e+01,3.802336780702874819e+01,3.665145889084871555e+01,3.538609503007096180e+01,3.422442406978485963e+01,3.316283865439918799e+01,3.219711012581441167e+01,3.132251789699125766e+01,3.053397216429243599e+01,2.982612823015033499e+01,2.919349111479012038e+01,2.863050952954876394e+01,2.813165865436346635e+01,2.769151149994719319e+01,2.730479893486282350e+01,2.696645871508755832e+01,2.667167406663642026e+01,2.641590254008208660e+01,2.619489598060991042e+01,2.600471254110573227e+01,2.584172171221858250e+01,2.570260335662349860e+01,2.558434171954438696e+01,2.548421534891137341e+01,2.539978380125056745e+01,2.532887193828675976e+01,2.526955253870771756e+01,2.522012786358728320e+01,2.517911072608599810e+01,2.514520552918984819e+01,2.511728965180370210e+01,2.509439548533616104e+01,2.507569335133597832e+01,2.506047546664083114e+01,2.504814106634123760e+01,2.503818274676152100e+01,2.503017405044662524e+01,2.502375828242528399e+01,2.501863852123932830e+01,2.501456876871635160e+01,2.501134616848468184e+01,2.500880421402601073e+01,2.500680686188000479e+01,2.500524346373598306e+01,2.500402443190030510e+01,2.500307755540740473e+01,2.500234488831225121e+01,2.500178013699970947e+01,2.500134647928278753e+01,2.500101475431788600e+01,2.500076196868608491e+01,2.500057007017943533e+01,2.500042494674476146e+01,2.500031561357430476e+01,2.500023355642778000e+01,2.500017220389023009e+01,2.500012650540347892e+01,2.500009259556319918e+01,2.500006752836934965e+01,2.500004906788417003e+01,2.500003552412452734e+01,2.500002562503220105e+01
8.115327324846313672e+01,8.292255571481379661e+01,8.452992544603606007e+01,8.595901557387003322e+01,8.719500899117079484e+01,8.822489380322713259e+01,8.903769123244755690e+01,8.962465039783862153e+01,8.997940513831757414e+01,9.009808895035462228e+01,8.997940513831757414e+01,8.962465039783862153e+01,8.903769123244755690e+01,8.822489380322713259e+01,8.719500899117079484e+01,8.595901557387003322e+01,8.452992544603606007e+01,8.292255571481379661e+01,8.115327324846313672e+01,7.923971782935804242e+01,7.720051044466956114e+01,7.505495343301141986e+01,7.282272919244923060e+01,7.052360395139217530e+01,6.817714272236983675e+01,6.580244101872654028e+01,6.341787823986977202e+01,6.104089684961212470e+01,5.868781061451674219e+01,5.637364426631798864e+01,5.411200603564675760e+01,5.191499360330895740e+01,4.979313315773246273e+01,4.775535045706784842e+01,4.580897209195712350e+01,4.395975454580205621e+01,4.221193816433248003e+01,4.056832278141727244e+01,3.903036150474133592e+01,3.759826904020796690e+01,3.627114092090782549e+01,3.504708009516421896e+01,3.392332750591594248e+01,3.289639354610167743e+01,3.196218758623092171e+01,3.111614312503996871e+01,3.035333649635164832e+01,2.966859746011030552e+01,2.905661039944941848e+01,2.851200522660576198e+01,2.802943745844861567e+01,2.760365724930597509e+01,2.722956745868112094e+01,2.690227108043160698e+01,2.661710856600839747e+01,2.636968573712867325e+01,2.615589310398361889e+01,2.597191748620427276e+01,2.581424687873677826e+01,2.567966951762805650e+01,2.556526808605257983e+01,2.546840996348819530e+01,2.538673436554202212e+01,2.531813715313140278e+01,2.526075401182159297e+01,2.521294261897617872e+01,2.517326433136600627e+01,2.514046584185944511e+01,2.511346117309670589e+01,2.509131430042267041e+01,2.507322262711270255e+01,2.505850147291871011e+01,2.504656968263785544e+01,2.503693641487543431e+01,2.502918913227300735e+01,2.502298278282253818e+01,2.501803013694798494e+01,2.501409322616029485e+01,2.501097581556964045e+01,2.500851683363556788e+01,2.500658467752385405e+01,2.500507231062097802e+01,2.500389306948596513e+01,2.500297710020811337e+01,2.500226834826941058e+01,2.500172203113534408e+01,2.500130252854046731e+01,2.500098163148702213e+01,2.500073709708961545e+01,2.500055146238659276e+01,2.500041107595958323e+01,2.500030531155848124e+01,2.500022593285829231e+01,2.500016658294314098e+01,2.500012237611128540e+01,2.500008957312996216e+01,2.500006532416019667e+01,2.500004746624798813e+01,2.500003436457334516e+01,2.500002478859958543e+01
7.908053663852908244e+01,8.078451113030999409e+01,8.233254942999018056e+01,8.370888880518764097e+01,8.489925907966042473e+01,8.589112865537384778e+01,8.667392400474133751e+01,8.723921726037750091e+01,8.758087724972975252e+01,8.769518019012778609e+01,8.758087724972975252e+01,8.723921726037750091e+01,8.667392400474133751e+01,8.589112865537384778e+01,8.489925907966042473e+01,8.370888880518764097e+01,8.233254942999018056e+01,8.078451113030999409e+01,7.908053663852908244e+01,7.723761461517933924e+01,7.527367870723607268e+01,7.320731876298822272e+01,7.105749066137457248e+01,6.884323101732155692e+01,6.658338265718158766e+01,6.429633623833413480e+01,6.199979273750860642e+01,5.971055078012288675e+01,5.744432195695848264e+01,5.521557640498232189e+01,5.303742004612280425e+01,5.092150401008660054e+01,4.887796594132427686e+01,4.691540212929098175e+01,4.504086872460308655e+01,4.325990972663075240e+01,4.157660896093450020e+01,3.999366291356711400e+01,3.851247105492178235e+01,3.713324016565073293e+01,3.585509916463975344e+01,3.467622102441971066e+01,3.359394853058702068e+01,3.260492088489043283e+01,3.170519845166424489e+01,3.089038328890764262e+01,3.015573347342211719e+01,2.949626960969633416e+01,2.890687229157503424e+01,2.838236965264275824e+01,2.791761448599519468e+01,2.750755072891708153e+01,2.714726938719599048e+01,2.683205421358961118e+01,2.655741765338478899e+01,2.631912772675429579e+01,2.611322663388852305e+01,2.593604194700681731e+01,2.578419129662290032e+01,2.565458147181440651e+01,2.554440284011750606e+01,2.545111995662636772e+01,2.537245917851540611e+01,2.530639403494561179e+01,2.525112902728866260e+01,2.520508245452567309e+01,2.516686877680538359e+01,2.513528094922497402e+01,2.510927308015610393e+01,2.508794369560219906e+01,2.507051982438879634e+01,2.505634205927033520e+01,2.504485069671713404e+01,2.503557301333313490e+01,2.502811169939021241e+01,2.502213443948298632e+01,2.501736460628926650e+01,2.501357301524248911e+01,2.501057067489949048e+01,2.500820245921256557e+01,2.500634162308768538e+01,2.500488508086013084e+01,2.500374936802064241e+01,2.500286720911475769e+01,2.500218461871581610e+01,2.500165846730778441e+01,2.500125444944489317e+01,2.500094539738341837e+01,2.500070988927011584e+01,2.500053110673835377e+01,2.500039590227260788e+01,2.500029404186023996e+01,2.500021759319651338e+01,2.500016043401281607e+01,2.500011785894903937e+01,2.500008626679544221e+01,2.500006291290666383e+01,2.500004571416793908e+01,2.500003309610393742e+01,2.500002387359971223e+01
7.685435671489042875e+01,7.848818852614748209e+01,7.997250312783992854e+01,8.129218664724109544e+01,8.243355632794312271e+01,8.338459642463200794e+01,8.413516866011423190e+01,8.467719209309539963e+01,8.500478793559773294e+01,8.511438569134072907e+01,8.500478793559773294e+01,8.467719209309539963e+01,8.413516866011423190e+01,8.338459642463200794e+01,8.243355632794312271e+01,8.129218664724109544e+01,7.997250312783992854e+01,7.848818852614748209e+01,7.685435671489042875e+01,7.508729703064130945e+01,7.320420489684175891e+01,7.122290492627060132e+01,6.916157269501181304e+01,6.703846119170790985e+01,6.487163759357127901e+01,6.267873552199788634e+01,6.047672730785924955e+01,5.828172007524977261e+01,5.610877866049658280e+01,5.397177754951722051e+01,5.188328316995814760e+01,4.985446704254546546e+01,4.789504950410034212e+01,4.601327298503362329e+01,4.421590317544091420e+01,4.250825586060906858e+01,4.089424675884517768e+01,3.937646135761571031e+01,3.795624151928910095e+01,3.663378551256553806e+01,3.540825811365411369e+01,3.427790750313882739e+01,3.324018584861787673e+01,3.229187069628076756e+01,3.142918458225908651e+01,3.064791060214512797e+01,2.994350203003094890e+01,2.931118444304432558e+01,2.874604917108979762e+01,2.824313724329434550e+01,2.779751333320796292e+01,2.740432950669563539e+01,2.705887884417364475e+01,2.675663923876103212e+01,2.649330786216989253e+01,2.626482694047246369e+01,2.606740159336818508e+01,2.589751056548524843e+01,2.575191071973990020e+01,2.562763617464254295e+01,2.552199295389278433e+01,2.543254998204740147e+01,2.535712720888041360e+01,2.529378158152493938e+01,2.524079151154747080e+01,2.519664040732471477e+01,2.515999976359108814e+01,2.512971222243462677e+01,2.510477494547848920e+01,2.508432356714694933e+01,2.506761693497551136e+01,2.505402278566470642e+01,2.504300445541113262e+01,2.503410868008077017e+01,2.502695450486715956e+01,2.502122329384980759e+01,2.501664980683819195e+01,2.501301429345616256e+01,2.501013554193477972e+01,2.500786481185996024e+01,2.500608057549314367e+01,2.500468399060451929e+01,2.500359502843134152e+01,2.500274918285679249e+01,2.500209469071901225e+01,2.500159019789231607e+01,2.500120281108582532e+01,2.500090648089320311e+01,2.500068066727382288e+01,2.500050924417500298e+01,2.500037960528766945e+01,2.500028193787372999e+01,2.500020863615511146e+01,2.500015382988126333e+01,2.500011300738427167e+01,2.500008271569517504e+01,2.500006032314963988e+01,2.500004383238256267e+01,2.500003173373058374e+01,2.500002289086300777e+01
7.450030244292005932e+01,7.605996249699734335e+01,7.747689303782343018e+01,7.873666632357583239e+01,7.982622075975507414e+01,8.073408608494432315e+01,8.145058427362900488e+01,8.196800123844141694e+01,8.228072507324027640e+01,8.238534737308233957e+01,8.228072507324027640e+01,8.196800123844141694e+01,8.145058427362900488e+01,8.073408608494432315e+01,7.982622075975507414e+01,7.873666632357583239e+01,7.747689303782343018e+01,7.605996249699734335e+01,7.450030244292005932e+01,7.281346271822815197e+01,7.101585811841648876e+01,6.912450406474141573e+01,6.715675100893409422e+01,6.513002330095334003e+01,6.306156791468838207e+01,6.096821795052967730e+01,5.886617523923023043e+01,5.677081568292576463e+01,5.469652021316551327e+01,5.265653344993258855e+01,5.066285133741637026e+01,4.872613823806818800e+01,4.685567321044700861e+01,4.505932449984697286e+01,4.334355065145471997e+01,4.171342612759298873e+01,4.017268888304057128e+01,3.872380703079048203e+01,3.736806151611486371e+01,3.610564160682545065e+01,3.493574999614078536e+01,3.385671439273546923e+01,3.286610262923819903e+01,3.196083854294376891e+01,3.113731615711657952e+01,3.039151000395067470e+01,2.971907976718669886e+01,2.911546777045688117e+01,2.857598818464846602e+01,2.809590716339691241e+01,2.767051343136478181e+01,2.729517913814355623e+01,2.696541104617848461e+01,2.667689234059676195e+01,2.642551553043514190e+01,2.620740705425358286e+01,2.601894430954549620e+01,2.585676589686587334e+01,2.571777590920360979e+01,2.559914310845170959e+01,2.549829581789693833e+01,2.541291332666127900e+01,2.534091455318545982e+01,2.528044465419947784e+01,2.522986019695168380e+01,2.518771343917332572e+01,2.515273618631701780e+01,2.512382362153985582e+01,2.510001843274504196e+01,2.508049549432827519e+01,2.506454730023851596e+01,2.505157029030203120e+01,2.504105216387021215e+01,2.503256023383358553e+01,2.502573083975295987e+01,2.502025981095815865e+01,2.501589394848032200e+01,2.501242347804453559e+01,2.500967541442955522e+01,2.500750776965309186e+01,2.500580453302299233e+01,2.500447134949216377e+01,2.500343182339761228e+01,2.500262437703413099e+01,2.500199959715411424e+01,2.500151800700270144e+01,2.500114820655971926e+01,2.500086532899480218e+01,2.500064976673228401e+01,2.500048612580074092e+01,2.500036237218507651e+01,2.500026913862024003e+01,2.500019916461090119e+01,2.500014684640075657e+01,2.500010787714001381e+01,2.500007896061560331e+01,2.500005758463397498e+01,2.500004184250526151e+01,2.500003029310092728e+01,2.500002185167677027e+01
7.204449348346730631e+01,7.352677568437039213e+01,7.487340946850301293e+01,7.607068288315673499e+01,7.710618234564631734e+01,7.796900665715396883e+01,7.864995793835797144e+01,7.914170481318609518e+01,7.943891379337938474e+01,7.953834557177754050e+01,7.943891379337938474e+01,7.914170481318609518e+01,7.864995793835797144e+01,7.796900665715396883e+01,7.710618234564631734e+01,7.607068288315673499e+01,7.487340946850301293e+01,7.352677568437039213e+01,7.204449348346730631e+01,7.044134124965151500e+01,6.873291940759901308e+01,6.693539920950226474e+01,6.506527031649710580e+01,6.313909262170800929e+01,6.117325744217158956e+01,5.918376275451715429e+01,5.718600658428503181e+01,5.519460200436846264e+01,5.322321647955383384e+01,5.128443753774966751e+01,4.938966598037321631e+01,4.754903708953574437e+01,4.577136957115145321e+01,4.406414131113616861e+01,4.243349043333859072e+01,4.088423964586137060e+01,3.941994145607427669e+01,3.804294152895075598e+01,3.675445725950729781e+01,3.555466852560109459e+01,3.444281757643402386e+01,3.341731508639637127e+01,3.247584955280227348e+01,3.161549742752780645e+01,3.083283163355186929e+01,3.012402641457362762e+01,2.948495678610000681e+01,2.891129118719899793e+01,2.839857626210751818e+01,2.794231302004250495e+01,2.753802392145426836e+01,2.718131071284450329e+01,2.686790307515591536e+01,2.659369835933120996e+01,2.635479285524505499e+01,2.614750517658401563e+01,2.596839244539373937e+01,2.581426002797541486e+01,2.568216561145372623e+01,2.556941842110405716e+01,2.547357436623590488e+01,2.539242787107721355e+01,2.532400110068512333e+01,2.526653123427223946e+01,2.521845637307108490e+01,2.517840060020101589e+01,2.514515863878137125e+01,2.511768048414145227e+01,2.509505631835131823e+01,2.507650195193740217e+01,2.506134497963821062e+01,2.504901178510680992e+01,2.503901548395388943e+01,2.503094485554245807e+01,2.502445428135470706e+01,2.501925468123545926e+01,2.501510541792287512e+01,2.501180712446317145e+01,2.500919539777774148e+01,2.500713529419194003e+01,2.500551655853597310e+01,2.500424951690525432e+01,2.500326156377835574e+01,2.500249417644311833e+01,2.500190039314193413e+01,2.500144269564067301e+01,2.500109124173692976e+01,2.500082239829350783e+01,2.500061753050575675e+01,2.500046200812796116e+01,2.500034439417656529e+01,2.500025578611526100e+01,2.500018928365640747e+01,2.500013956105726010e+01,2.500010252513944309e+01,2.500007504322161367e+01,2.500005472774516591e+01,2.500003976661492899e+01,2.500002879019963231e+01,2.500002076757140301e+01
6.951312498857939204e+01,7.091564859955917655e+01,7.218982275913434421e+01,7.332267332687854378e+01,7.430245466973866542e+01,7.511885216022969303e+01,7.576316283820563058e+01,7.622844981402693065e+01,7.650966658358831296e+01,7.660374814025827561e+01,7.650966658358831296e+01,7.622844981402693065e+01,7.576316283820563058e+01,7.511885216022969303e+01,7.430245466973866542e+01,7.332267332687854378e+01,7.218982275913434421e+01,7.091564859955917655e+01,6.951312498857939204e+01,6.799623511528015740e+01,6.637973997722053809e+01,6.467894068440861588e+01,6.290943962285830082e+01,6.108690563153172803e+01,5.922684804403952796e+01,5.734440401843218638e+01,5.545414304381888115e+01,5.356989189336687218e+01,5.170458261338512784e+01,4.987012542251153491e+01,4.807730766823083002e+01,4.633571927374147492e+01,4.465370442833161491e+01,4.303833864808781584e+01,4.149542977690083490e+01,4.002954102276079595e+01,3.864403373984256262e+01,3.734112737765897805e+01,3.612197382567714499e+01,3.498674328289268232e+01,3.393471877153649530e+01,3.296439648437684866e+01,3.207358929598526487e+01,3.125953096841519852e+01,3.051897882868858147e+01,2.984831297666865524e+01,2.924363038488671407e+01,2.870083256489311907e+01,2.821570578693923181e+01,2.778399314178403046e+01,2.740145801717263296e+01,2.706393882068040568e+01,2.676739501043170577e+01,2.650794469256926789e+01,2.628189420766854667e+01,2.608576025732483572e+01,2.591628521784289774e+01,2.577044635226461367e+01,2.564545966758514695e+01,2.553877917419414700e+01,2.544809229294931896e+01,2.537131212562424309e+01,2.530656726055096328e+01,2.525218973074266060e+01,2.520670168002727607e+01,2.516880122681257248e+01,2.513734794771502834e+01,2.511134833667931687e+01,2.508994153122752735e+01,2.507238553752643995e+01,2.505804413107385642e+01,2.504637456065159640e+01,2.503691614012891264e+01,2.502927977581476426e+01,2.502313844622071315e+01,2.501821862600668567e+01,2.501429262611238258e+01,2.501117180711424837e+01,2.500870061212890150e+01,2.500675135852632280e+01,2.500521972374311730e+01,2.500402085904508809e+01,2.500308606566622061e+01,2.500235996988244835e+01,2.500179813685280905e+01,2.500136506712302875e+01,2.500103252423890510e+01,2.500077814671428200e+01,2.500058430244544283e+01,2.500043714841042686e+01,2.500032586302650017e+01,2.500024202278472885e+01,2.500017909868790156e+01,2.500013205156066576e+01,2.500009700847024874e+01,2.500007100529851556e+01,2.500005178295652897e+01,2.500003762685427233e+01,2.500002724105755547e+01,2.500001965011063021e+01
6.693201330854009257e+01,6.825321101677187130e+01,6.945350166880791676e+01,7.052066343503808810e+01,7.144363175772522823e+01,7.221269010725947624e+01,7.281964016818312757e+01,7.325794728922740262e+01,7.352285758988278985e+01,7.361148378917529556e+01,7.352285758988278985e+01,7.325794728922740262e+01,7.281964016818312757e+01,7.221269010725947624e+01,7.144363175772522823e+01,7.052066343503808810e+01,6.945350166880791676e+01,6.825321101677187130e+01,6.693201330854009257e+01,6.550308091228410490e+01,6.398031890310821268e+01,6.237814114992550429e+01,6.071124532804282836e+01,5.899439171241419189e+01,5.724219032162471876e+01,5.546890057945090291e+01,5.368824715724261409e+01,5.191325507709418474e+01,5.015610651534288422e+01,4.842802107174853177e+01,4.673916058505901105e+01,4.509855890287055047e+01,4.351407637325749533e+01,4.199237823562452832e+01,4.053893556366931250e+01,3.915804696590835476e+01,3.785287888702571735e+01,3.662552208085043759e+01,3.547706164406976370e+01,3.440765790662126733e+01,3.341663546498374870e+01,3.250257771080022451e+01,3.166342434000087636e+01,3.089656951607301494e+01,3.019895859375175462e+01,2.956718157428393212e+01,2.899756174883810900e+01,2.848623828148646098e+01,2.802924177731581779e+01,2.762256216570109757e+01,2.726220849607433649e+01,2.694426048764242054e+01,2.666491189099583536e+01,2.642050590547350097e+01,2.620756304999680708e+01,2.602280200663759047e+01,2.586315404633722181e+01,2.572577170677108782e+01,2.560803242590247919e+01,2.550753784436544436e+01,2.542210947886102801e+01,2.534978144080634266e+01,2.528879083310111042e+01,2.523756640650351102e+01,2.519471599893346081e+01,2.515901321893303688e+01,2.512938377103303367e+01,2.510489175803133932e+01,2.508472623491140396e+01,2.506818823265459883e+01,2.505467841849558042e+01,2.504368551286658473e+01,2.503477554270976668e+01,2.502758197609021451e+01,2.502179675399367653e+01,2.501716221155831477e+01,2.501346386236671293e+01,2.501052400532910980e+01,2.500819610359135936e+01,2.500635987825274142e+01,2.500491705593618619e+01,2.500378770789589922e+01,2.500290711889179107e+01,2.500222312606773656e+01,2.500169387115512265e+01,2.500128591314998872e+01,2.500097265290042614e+01,2.500073302556016230e+01,2.500055042143019080e+01,2.500041180018182274e+01,2.500030696772620331e+01,2.500022798899499321e+01,2.500016871357754766e+01,2.500012439449714563e+01,2.500009138339459724e+01,2.500006688802736576e+01,2.500004878030070543e+01,2.500003544504580688e+01,2.500002566147373884e+01,2.500001851069096404e+01
6.432617327865700929e+01,6.556526594103351613e+01,6.669096524431759576e+01,6.769180887723180717e+01,6.855741988239935836e+01,6.927868555816459661e+01,6.984791706850839432e+01,7.025898585417880327e+01,7.050743346174337489e+01,7.059055203858730465e+01,7.050743346174337489e+01,7.025898585417880327e+01,6.984791706850839432e+01,6.927868555816459661e+01,6.855741988239935836e+01,6.769180887723180717e+01,6.669096524431759576e+01,6.556526594103351613e+01,6.432617327865700929e+01,6.298604103637316598e+01,6.155791016666344007e+01,6.005529879712914720e+01,5.849199122478617596e+01,5.688183045607941324e+01,5.523851857867771287e+01,5.357542887294708578e+01,5.190543309869852351e+01,5.024074684577432492e+01,4.859279523640810794e+01,4.697210063500494925e+01,4.538819337888704553e+01,4.384954591256423839e+01,4.236353010745436620e+01,4.093639699562321255e+01,3.957327765414709120e+01,3.827820355707266486e+01,3.705414437226227165e+01,3.590306092489157663e+01,3.482597087895952370e+01,3.382302460079506545e+01,3.289358865942715227e+01,3.203633448078268486e+01,3.124932979716299997e+01,3.053013071021576863e+01,2.987587240378949005e+01,2.928335679147558324e+01,2.874913565132635185e+01,2.826958807676666652e+01,2.784099134856962365e+01,2.745958459956431952e+01,2.712162489443240077e+01,2.682343557589923222e+01,2.656144693166125137e+01,2.633222941075975143e+01,2.613251976239848418e+01,2.595924058420052205e+01,2.580951385144958721e+01,2.568066905567382818e+01,2.557024661239466568e+01,2.547599720686262614e+01,2.539587773632780809e+01,2.532804448118418961e+01,2.527084409852337998e+01,2.522280298345326699e+01,2.518261548897831048e+01,2.514913143700839271e+01,2.512134329352735662e+01,2.509837332210813088e+01,2.507946097342994918e+01,2.506395071548815778e+01,2.505128046069569692e+01,2.504097070264948144e+01,2.503261443728925428e+01,2.502586791058922699e+01,2.502044220767937688e+01,2.501609567612747398e+01,2.501262715864695707e+01,2.500986999727660987e+01,2.500768676160793902e+01,2.500596464740097602e+01,2.500461148841922920e+01,2.500355232304127995e+01,2.500272645771714153e+01,2.500208497122036277e+01,2.500158860653954207e+01,2.500120600084202138e+01,2.500091220796437241e+01,2.500068747212266018e+01,2.500051621581775052e+01,2.500038620910442333e+01,2.500028789139941310e+01,2.500021382075448528e+01,2.500015822897260520e+01,2.500011666407509736e+01,2.500008570442788525e+01,2.500006273131068113e+01,2.500004574887792685e+01,2.500003324233451352e+01,2.500002406675671551e+01,2.500001736035508060e+01
6.171943625648785314e+01,6.287639561049425652e+01,6.392747788890514471e+01,6.486198056022021774e+01,6.567021450411161254e+01,6.634367105472972526e+01,6.687517103086892689e+01,6.725899210508079307e+01,6.749097135270305614e+01,6.756858041124338854e+01,6.749097135270305614e+01,6.725899210508079307e+01,6.687517103086892689e+01,6.634367105472972526e+01,6.567021450411161254e+01,6.486198056022021774e+01,6.392747788890514471e+01,6.287639561049425652e+01,6.171943625648785314e+01,6.046813473530706773e+01,5.913466757935849216e+01,5.773165686659660878e+01,5.627197320133927860e+01,5.476854200577693632e+01,5.323415712413044787e+01,5.168130538832376430e+01,5.012200535303646376e+01,4.856766289723296381e+01,4.702894582844711380e+01,4.551567903572423290e+01,4.403676113758298527e+01,4.260010298219847158e+01,4.121258779618673884e+01,3.988005226169453010e+01,3.860728734214201552e+01,3.739805728515193550e+01,3.625513491402951161e+01,3.518035108057258498e+01,3.417465599287984190e+01,3.323819005024185458e+01,3.237036180868574320e+01,3.156993075872576426e+01,3.083509271310756361e+01,3.016356576738220596e+01,2.955267499985523472e+01,2.899943430940792410e+01,2.850062403962701651e+01,2.805286329587943328e+01,2.765267611953619209e+01,2.729655093266236321e+01,2.698099290056194732e+01,2.670256907333981644e+01,2.645794635722008792e+01,2.624392252917117929e+01,2.605745064311083681e+01,2.589565728240594567e+01,2.575585519232758358e+01,2.563555087916839170e+01,2.553244779210867677e+01,2.544444571232015306e+01,2.536963696420319891e+01,2.530630003918211912e+01,2.525289118625159190e+01,2.520803447848071599e+01,2.517051081373904609e+01,2.513924625353873665e+01,2.511330004829756035e+01,2.509185264238381663e+01,2.507419389951991562e+01,2.505971173966724663e+01,2.504788133323770083e+01,2.503825495792995426e+01,2.503045258796471728e+01,2.502415325506601107e+01,2.501908719509793144e+01,2.501502877356970345e+01,2.501179016691382984e+01,2.500921576409894342e+01,2.500717724429685873e+01,2.500556928050132655e+01,2.500430581571864508e+01,2.500331685716157537e+01,2.500254573435460159e+01,2.500194676881679356e+01,2.500148330568936927e+01,2.500112606102632995e+01,2.500085174222172668e+01,2.500064190300457767e+01,2.500048199843092078e+01,2.500036060921796377e+01,2.500026880850609956e+01,2.500019964763693281e+01,2.500014774075861368e+01,2.500010893099205589e+01,2.500008002350633873e+01,2.500005857316315883e+01,2.500004271641166298e+01,2.500003103886499645e+01,2.500002247149075174e+01,2.500001620962322590e+01
5.913411634894763580e+01,6.020961720698920772e+01,6.118669551867638745e+01,6.205540228988766671e+01,6.280673058603170489e+01,6.343277081426909092e+01,6.392684926085185992e+01,6.428364649250900698e+01,6.449929268526551596e+01,6.457143749204973915e+01,6.449929268526551596e+01,6.428364649250900698e+01,6.392684926085185992e+01,6.343277081426909092e+01,6.280673058603170489e+01,6.205540228988766671e+01,6.118669551867638745e+01,6.020961720698920772e+01,5.913411634894763580e+01,5.797091571010189170e+01,5.673133450491373253e+01,5.542710612369030798e+01,5.407019498500835653e+01,5.267261646573310685e+01,5.124626362882283104e+01,4.980274414087521961e+01,4.835323036142522568e+01,4.690832511119467085e+01,4.547794510516263244e+01,4.407122348751596519e+01,4.269643234821093358e+01,4.136092555319869746e+01,4.007110169902966845e+01,3.883238652225658427e+01,3.764923366703843755e+01,3.652514235012309030e+01,3.546269016754594361e+01,3.446357906559637030e+01,3.352869235069469767e+01,3.265816053698299015e+01,3.185143382251865773e+01,3.110735903885917963e+01,3.042425902687757855e+01,2.980001254507618569e+01,2.923213300603290321e+01,2.871784455223443899e+01,2.825415421489318035e+01,2.783791913936500251e+01,2.746590810021831075e+01,2.713485676057814189e+01,2.684151634796062780e+01,2.658269561753505528e+01,2.635529614998056402e+01,2.615634118245222339e+01,2.598299829640868097e+01,2.583259638500100763e+01,2.570263739610945919e+01,2.559080339642678581e+01,2.549495952929741804e+01,2.541315344683284749e+01,2.534361178790577185e+01,2.528473425087734938e+01,2.523508577623138294e+01,2.519338731246993746e+01,2.515850559126963404e+01,2.512944228735555541e+01,2.510532288687430480e+01,2.508538553697249185e+01,2.506897010021899419e+01,2.505550759153716101e+01,2.504451013322378117e+01,2.503556152593912643e+01,2.502830850052962219e+01,2.502245268725996397e+01,2.501774331538471685e+01,2.501397063675016597e+01,2.501096005195719840e+01,2.500856690614203615e+01,2.500667191321191396e+01,2.500517716196088358e+01,2.500400265444411474e+01,2.500308332588428684e+01,2.500236649582652859e+01,2.500180970189282803e+01,2.500137886999757697e+01,2.500104677800117514e+01,2.500079177326941249e+01,2.500059670828522229e+01,2.500044806217628590e+01,2.500033521966177474e+01,2.500024988239902868e+01,2.500018559096659843e+01,2.500013733871644206e+01,2.500010126144450595e+01,2.500007438925959846e+01,2.500005444917923825e+01,2.500003970886033144e+01,2.500002885349931958e+01,2.500002088933159072e+01,2.500001506834585641e+01
5.659073038352772755e+01,5.758609400408593615e+01,5.849036869491307300e+01,5.929434677687466149e+01,5.998969243604925339e+01,6.056908543563101688e+01,6.102634933063696820e+01,6.135656104702193403e+01,6.155613910739898387e+01,6.162290829270296655e+01,6.155613910739898387e+01,6.135656104702193403e+01,6.102634933063696820e+01,6.056908543563101688e+01,5.998969243604925339e+01,5.929434677687466149e+01,5.849036869491307300e+01,5.758609400408593615e+01,5.659073038352772755e+01,5.551420162889199617e+01,5.436698354241018905e+01,5.315993524127423342e+01,5.190412965667093914e+01,5.061068688109443769e+01,4.929061380693086392e+01,4.795465319553137817e+01,4.661314493658900915e+01,4.527590181820418280e+01,4.395210164553793675e+01,4.265019703803439199e+01,4.137784371939381600e+01,4.014184760760630866e+01,3.894813052986652480e+01,3.780171394267898677e+01,3.670671964226698947e+01,3.566638611330978392e+01,3.468309889116319766e+01,3.375843310745816694e+01,3.289320625208326021e+01,3.208753911436937045e+01,3.134092285896958785e+01,3.065229024181109807e+01,3.002008907149544470e+01,2.944235616351988583e+01,2.891679020994887850e+01,2.844082218671896101e+01,2.801168213579022748e+01,2.762646138149396791e+01,2.728216946201846937e+01,2.697578527129367387e+01,2.670430210791369774e+01,2.646476651165110283e+01,2.625431093121557069e+01,2.607018040697995076e+01,2.590975356830267273e+01,2.577055833665011875e+01,2.565028279364150521e+01,2.554678171877639414e+01,2.545807932688067510e+01,2.538236874253591324e+01,2.531800874050362538e+01,2.526351826010282764e+01,2.521756917032823253e+01,2.517897772379337340e+01,2.514669509375581313e+01,2.511979734170568435e+01,2.509747511517354823e+01,2.507902332814407131e+01,2.506383103105026677e+01,2.505137163477628448e+01,2.504119361414348788e+01,2.503291178147063434e+01,2.502619919023686279e+01,2.502077970269873575e+01,2.501642123342811530e+01,2.501292966293162223e+01,2.501014340148225301e+01,2.500792857267454394e+01,2.500617477860757276e+01,2.500479140359124131e+01,2.500370441045169656e+01,2.500285358248912360e+01,2.500219016455107379e+01,2.500167485819719104e+01,2.500127612825485457e+01,2.500096878094831609e+01,2.500073277701473629e+01,2.500055224662514775e+01,2.500041467636840054e+01,2.500031024192471207e+01,2.500023126327380396e+01,2.500017176229575000e+01,2.500012710539561311e+01,2.500009371629717947e+01,2.500006884640045612e+01,2.500005039208641833e+01,2.500003675009154236e+01,2.500002670358032120e+01,2.500001933283508748e+01,2.500001394558002943e+01
5.410777522020860175e+01,5.502490566251994153e+01,5.585810654513217344e+01,5.659889389026784556e+01,5.723958705886129650e+01,5.777344116705191368e+01,5.819476522352546510e+01,5.849902309597480610e+01,5.868291480249165204e+01,5.874443609097943408e+01,5.868291480249165204e+01,5.849902309597480610e+01,5.819476522352546510e+01,5.777344116705191368e+01,5.723958705886129650e+01,5.659889389026784556e+01,5.585810654513217344e+01,5.502490566251994153e+01,5.410777522020860175e+01,5.311585902746470822e+01,5.205880951374778931e+01,5.094663229584718067e+01,4.978952999928314682e+01,4.859774870411834513e+01,4.738143018756265690e+01,4.615047285585289671e+01,4.491440390830784679e+01,4.368226487156643145e+01,4.246251219745499839e+01,4.126293414992979791e+01,4.009058473128553146e+01,3.895173493078448956e+01,3.785184113429627928e+01,3.679553012396352329e+01,3.578659973277442674e+01,3.482803390832855683e+01,3.392203068866037086e+01,3.307004140385617319e+01,3.227281929107233083e+01,3.153047564588985452e+01,3.084254162619200557e+01,3.020803387071431700e+01,2.962552218655596548e+01,2.909319769077796991e+01,2.860893995269426426e+01,2.817038186733237382e+01,2.777497118866899939e+01,2.742002785592283942e+01,2.710279645036304075e+01,2.682049331756517319e+01,2.657034807559710288e+01,2.634963939907704500e+01,2.615572511932522204e+01,2.598606680989201223e+01,2.583824913354155228e+01,2.570999431114655920e+01,2.559917213553112347e+01,2.550380599534860337e+01,2.542207539737098543e+01,2.535231548222679265e+01,2.529301402102016283e+01,2.524280636086505680e+01,2.520046875864774805e+01,2.516491050666934015e+01,2.513516521343799326e+01,2.511038155978076958e+01,2.508981380637894532e+01,2.507281228527624606e+01,2.505881406606711792e+01,2.504733394826928361e+01,2.503795589549337564e+01,2.503032499488024953e+01,2.502413999711648529e+01,2.501914646821882116e+01,2.501513056411362257e+01,2.501191342263118500e+01,2.500934615460704080e+01,2.500730540599808549e+01,2.500568945591196268e+01,2.500441481083311146e+01,2.500341325273085857e+01,2.500262929779265519e+01,2.500201802290336062e+01,2.500154321838519422e+01,2.500117582765398438e+01,2.500089263710395215e+01,2.500067518250994780e+01,2.500050884137326790e+01,2.500038208380667371e+01,2.500028585765820566e+01,2.500021308653864338e+01,2.500015826219385318e+01,2.500011711521828772e+01,2.500008635042240712e+01,2.500006343523954300e+01,2.500004643139005012e+01,2.500003386162304508e+01,2.500002460474335919e+01,2.500001781332090900e+01,2.500001284949109959e+01
5.170156405009589662e+01,5.254287937091325489e+01,5.330720321790451521e+01,5.398675294625022048e+01,5.457448284138077810e+01,5.506420558918324559e+01,5.545070064745089411e+01,5.572980686589220056e+01,5.589849705752292408e+01,5.595493265291189999e+01,5.589849705752292408e+01,5.572980686589220056e+01,5.545070064745089411e+01,5.506420558918324559e+01,5.457448284138077810e+01,5.398675294625022048e+01,5.330720321790451521e+01,5.254287937091325489e+01,5.170156405009589662e+01,5.079164518640719450e+01,4.982197728561072836e+01,4.880173884436383958e+01,4.774028908221343670e+01,4.664702708105384232e+01,4.553125624218255041e+01,4.440205671432705969e+01,4.326816812533263601e+01,4.213788457877934945e+01,4.101896346898421086e+01,3.991854923853333048e+01,3.884311276651847322e+01,3.779840664722683385e+01,3.678943621121621277e+01,3.582044576499208688e+01,3.489491919146954046e+01,3.401559376848413763e+01,3.318448583197760371e+01,3.240292673699048720e+01,3.167160745389146115e+01,3.099063007794759272e+01,3.035956452414845685e+01,2.977750872136047633e+01,2.924315070441095088e+01,2.875483112272122099e+01,2.831060483224129598e+01,2.790830040610817164e+01,2.754557658120066321e+01,2.721997484552090540e+01,2.692896755863022307e+01,2.667000117851637242e+01,2.644053433848113599e+01,2.623807067308837304e+01,2.606018643006911262e+01,2.590455302347276501e+01,2.576895478132102824e+01,2.565130221842312963e+01,2.554964122241845459e+01,2.546215857968710239e+01,2.538718428913270486e+01,2.532319111795214894e+01,2.526879184653089183e+01,2.522273463180751207e+01,2.518389689210461313e+01,2.515127808370967699e+01,2.512399170244566804e+01,2.510125680393428027e+01,2.508238929583135146e+01,2.506679321536012495e+01,2.505395216708446426e+01,2.504342105990219025e+01,2.503481824931407118e+01,2.502781816153890304e+01,2.502214445021299483e+01,2.501756371428631454e+01,2.501387978722996053e+01,2.501092859261952839e+01,2.500857354929993903e+01,2.500670150036181383e+01,2.500521913372953620e+01,2.500404985792756563e+01,2.500313109420842395e+01,2.500241194536120304e+01,2.500185120186620225e+01,2.500141564733971578e+01,2.500107862717700513e+01,2.500081884673851818e+01,2.500061936815502150e+01,2.500046677770516368e+01,2.500035049862654191e+01,2.500026222706861034e+01,2.500019547161597444e+01,2.500014517935754199e+01,2.500010743382064504e+01,2.500007921221450857e+01,2.500005819132856644e+01,2.500004259311218036e+01,2.500003106243227791e+01,2.500002257077793644e+01,2.500001634077237256e+01,2.500001178728044238e+01
4.938612145735980619e+01,5.015448160131603572e+01,5.085252663457761457e+01,5.147314878916995440e+01,5.200991332400708700e+01,5.245716946173513406e+01,5.281014936268407212e+01,5.306505271327598905e+01,5.321911483091272288e+01,5.327065657884523375e+01,5.321911483091272288e+01,5.306505271327598905e+01,5.281014936268407212e+01,5.245716946173513406e+01,5.200991332400708700e+01,5.147314878916995440e+01,5.085252663457761457e+01,5.015448160131603572e+01,4.938612145735980619e+01,4.855510676905821299e+01,4.766952421824726116e+01,4.673775638258653942e+01,4.576835089112835675e+01,4.476989177858436619e+01,4.375087569607151750e+01,4.271959540162080771e+01,4.168403266085942960e+01,4.065176234906078179e+01,3.962986917330993464e+01,3.862487804144828374e+01,3.764269870629674131e+01,3.668858492238148017e+01,3.576710797993428059e+01,3.488214413780468703e+01,3.403687517185234412e+01,3.323380099517730457e+01,3.247476309590670951e+01,3.176097737980775548e+01,3.109307489932747615e+01,3.047114889647890124e+01,2.989480658133850000e+01,2.936322410642734937e+01,2.887520327444173063e+01,2.842922862641169246e+01,2.802352369265307175e+01,2.765610534292233069e+01,2.732483533817364929e+01,2.702746835779314338e+01,2.676169594724150613e+01,2.652518599647678599e+01,2.631561751498119861e+01,2.613071061118683147e+01,2.596825170999738575e+01,2.582611415022894974e+01,2.570227439326517072e+01,2.559482414491211344e+01,2.550197874486756788e+01,2.542208221344884578e+01,2.535360936473448845e+01,2.529516540085571208e+01,2.524548339580230660e+01,2.520342006085590469e+01,2.516795015970152605e+01,2.513815991139169270e+01,2.511323968550576424e+01,2.509247625773878809e+01,2.507524485723608620e+01,2.506100120050060553e+01,2.504927367164489382e+01,2.503965577591618086e+01,2.503179896335332799e+01,2.502540589250634895e+01,2.502022418055689101e+01,2.501604066597090892e+01,2.501267619292102395e+01,2.500998091297115877e+01,2.500783008868531709e+01,2.500612037562530432e+01,2.500476655332968079e+01,2.500369867199993834e+01,2.500285957944328175e+01,2.500220279203182372e+01,2.500169067375479059e+01,2.500129288860766152e+01,2.500098509335619212e+01,2.500074783993862937e+01,2.500056565926351126e+01,2.500042630078861094e+01,2.500032010492200030e+01,2.500023948788664541e+01,2.500017852117425576e+01,2.500013259004002464e+01,2.500009811763063539e+01,2.500007234327847883e+01,2.500005314523162525e+01,2.500003889962419379e+01,2.500002836883430746e+01,2.500002061353901084e+01,2.500001492377221979e+01,2.500001076513915166e+01
4.717313529807115202e+01,4.787176847183668826e+01,4.850646747445258455e+01,4.907076955204279045e+01,4.955882390193031739e+01,4.996549254220906278e+01,5.028644030403029319e+01,5.051821174380143731e+01,5.065829306770692142e+01,5.070515751691448258e+01,5.065829306770692142e+01,5.051821174380143731e+01,5.028644030403029319e+01,4.996549254220906278e+01,4.955882390193031739e+01,4.907076955204279045e+01,4.850646747445258455e+01,4.787176847183668826e+01,4.717313529807115202e+01,4.641753334018643073e+01,4.561231543166920943e+01,4.476510344994339619e+01,4.388366934577968692e+01,4.297581817187570863e+01,4.204927552720067752e+01,4.111158162048108977e+01,4.016999388990683428e+01,3.923139980770665147e+01,3.830224115959119047e+01,3.738845073256103291e+01,3.649540198254295831e+01,3.562787189755180606e+01,3.479001693342145529e+01,3.398536158715199917e+01,3.321679889553686849e+01,3.248660191013522081e+01,3.179644500813179064e+01,3.114743375455599761e+01,3.054014193525206977e+01,2.997465433072822094e+01,2.945061379587085426e+01,2.896727124552317179e+01,2.852353721611569881e+01,2.811803377320164898e+01,2.774914565776047581e+01,2.741506970419735012e+01,2.711386171389316146e+01,2.684348012407433615e+01,2.660182596730487603e+01,2.638677876733025229e+01,2.619622815834808449e+01,2.602810114386778650e+01,2.588038502579840738e+01,2.575114613271760433e+01,2.563854455762746554e+01,2.554084517977807423e+01,2.545642529281118271e+01,2.538377919350869405e+01,2.532152010317149049e+01,2.526837979872801299e+01,2.522320632487917536e+01,2.518496014380911419e+01,2.515270905711291860e+01,2.512562220742704255e+01,2.510296343648663964e+01,2.508408424350247046e+01,2.506841655418214643e+01,2.505546547754261510e+01,2.504480219578686828e+01,2.503605710265475892e+01,2.502891327831711976e+01,2.502310036439769902e+01,2.501838888125627847e+01,2.501458501129283718e+01,2.501152585667195183e+01,2.500907516736905833e+01,2.500711952559241524e+01,2.500556496518120753e+01,2.500433399924089173e+01,2.500336302576124226e+01,2.500260007898354431e+01,2.500200289356552830e+01,2.500153724888049211e+01,2.500117556184869727e+01,2.500089569833014380e+01,2.500067997513132667e+01,2.500051432694634812e+01,2.500038761494237960e+01,2.500029105611392310e+01,2.500021775489481257e+01,2.500016232077566158e+01,2.500012055778946873e+01,2.500008921367438575e+01,2.500006577828722953e+01,2.500004832242033004e+01,2.500003536957001415e+01,2.500002579442583439e+01,2.500001874290629544e+01,2.500001356947316111e+01,2.500000978822676956e+01
