2.500001219138873765e+01,2.500001774388711695e+01,2.500002615418545560e+01,2.500003904809248922e+01,2.500005900644677581e+01,2.500009010620277650e+01,2.500013874223484578e+01,2.500021485742153260e+01,2.500033375687776527e+01,2.500051874495910198e+01,2.500080490456429771e+01,2.500124444253411582e+01,2.500191416018395429e+01,2.500292578477049688e+01,2.500444012869354538e+01,2.500668633907796945e+01,2.500998785878974218e+01,2.501479710528172973e+01,2.502174118546264836e+01,2.503168099928974399e+01,2.504578550343912369e+01,2.506562123761035821e+01,2.509325392708619873e+01,2.513135364979286379e+01,2.518328768802658146e+01,2.525317654319116301e+01,2.534588053342792335e+01,2.546687992609331275e+01,2.562201442817158892e+01,2.581706154532812292e+01,2.605715950207678944e+01,2.634611732683023178e+01,2.668569607307746594e+01,2.707498047147180742e+01,2.750997698693934979e+01,2.798356140103044609e+01,2.848585196159022814e+01,2.900500782862194171e+01,2.952836238755454801e+01,3.004371973770854254e+01,3.054059395682645217e+01,3.101117133103705825e+01,3.145082906108429199e+01,3.185813790579553384e+01,3.223438628141468598e+01,3.258276016902757988e+01,3.290737200293209952e+01,3.321233990544743619e+01,3.350107893029817774e+01,3.377589428428469631e+01,3.403788560248899131e+01,3.428710316637732802e+01,3.452285617404578488e+01,3.474406430181660710e+01,3.494956191865107797e+01,3.513829858947592300e+01,3.530941763739952677e+01,3.546222654191065260e+01,3.559609320145565192e+01,3.571030950380004754e+01,3.580396053841118942e+01,3.587582813916682767e+01,3.592434534787217615e+01,3.594760699151000694e+01,3.594343269305639410e+01,3.590947288433329732e+01,3.584334549780074042e+01,3.574279028545632997e+01,3.560582836084325464e+01,3.543091592326747019e+01,3.521708275432676771e+01,3.496404774138686378e+01,3.467230530895825780e+01,3.434317825098079879e+01,3.397883411200915305e+01,3.358226400662623234e+01,3.315722459566877944e+01,3.270814580504378455e+01,3.224000868187793145e+01,3.175819940724137425e+01,3.126834679029924402e+01,3.077615143575904000e+01,3.028721511964545243e+01,2.980687869059132211e+01,2.934007605179606060e+01,2.889121054128165156e+01,2.846405842669052078e+01,2.806170240618865819e+01,2.768649611207014871e+01,2.734005879723632404e+01,2.702329777691623747e+01,2.673645489913946705e+01,2.647917239163742309e+01,2.625057290595711024e+01,2.604934844169782693e+01,2.587385304478691239e+01,2.572219467106766189e+01,2.559232231409183100e+01,2.548210533297996605e+01,2.538940280455186738e+01
2.500001508660758986e+01,2.500002177595189679e+01,2.500003180616779019e+01,2.500004703398767703e+01,2.500007039235641670e+01,2.500010649642778304e+01,2.500016256324491337e+01,2.500024978763908479e+01,2.500038537096840585e+01,2.500059546969500346e+01,2.500091942170191217e+01,2.500141572568487902e+01,2.500217040165398430e+01,2.500330856067161278e+01,2.500501027405464427e+01,2.500753216866100104e+01,2.501123658333876776e+01,2.501663056228743898e+01,2.502441732092674442e+01,2.503556286926855989e+01,2.505137983487253805e+01,2.507362865998956281e+01,2.510463265375205566e+01,2.514739738892879473e+01,2.520571663366285264e+01,2.528423726427120855e+01,2.538844650361058441e+01,2.552453975456884905e+01,2.569913047007215923e+01,2.591877883665936011e+01,2.618934544130166842e+01,2.651521756068753533e+01,2.689850220451783613e+01,2.733831974833996981e+01,2.783035073282078997e+01,2.836677393829056726e+01,2.893668089698767076e+01,2.952696620875241962e+01,3.012359171347633691e+01,3.071303134569233606e+01,3.128364898293888530e+01,3.182676262220833507e+01,3.233720861175575578e+01,3.281332575472625024e+01,3.325640322862253129e+01,3.366974536107052529e+01,3.405757242539756646e+01,3.442398555328450982e+01,3.477217869306708309e+01,3.510399921536109247e+01,3.541986699291165053e+01,3.571898429552337006e+01,3.599972226324064906e+01,3.626005919102713904e+01,3.649796589542734182e+01,3.671167187209894678e+01,3.689978896916520057e+01,3.706130564636642077e+01,3.719548819902897208e+01,3.730173433659619064e+01,3.737942176170814434e+01,3.742778432037736991e+01,3.744583541888388822e+01,3.743234621699964038e+01,3.738587661532315565e+01,3.730485089678246169e+01,3.718766674939351446e+01,3.703282550804829043e+01,3.683907194195232648e+01,3.660553306928522233e+01,3.633184683900838507e+01,3.601827286241582726e+01,3.566577866744592740e+01,3.527609625372382141e+01,3.485174514276278757e+01,3.439601971815828563e+01,3.391294045060445939e+01,3.340717055033930905e+01,3.288390157306049133e+01,3.234871337178088879e+01,3.180741536984691464e+01,3.126587727651276083e+01,3.072985796096425304e+01,3.020484118318066180e+01,2.969588625274433014e+01,2.920750051295815908e+01,2.874353894212572769e+01,2.830713427714661634e+01,2.790065906437317267e+01,2.752571909478919920e+01,2.718317593211735783e+01,2.687319480899261848e+01,2.659531312399851899e+01,2.634852415527156921e+01,2.613137040878616091e+01,2.594204120165699479e+01,2.577846957771411596e+01,2.563842438333074369e+01,2.551959420901707531e+01,2.541966084212894472e+01
2.500001865004700363e+01,2.500002671473970750e+01,2.500003868929402273e+01,2.500005669446747447e+01,2.500008406268583983e+01,2.500012601570195514e+01,2.500019069214778256e+01,2.500029068394358944e+01,2.500044530097488860e+01,2.500068386222075389e+01,2.500105041346161983e+01,2.500161040369622256e+01,2.500246002446809257e+01,2.500373914233539452e+01,2.500564905147038530e+01,2.500847665502179495e+01,2.501262714828841993e+01,2.501866777945111764e+01,2.502738567768514244e+01,2.503986280569223055e+01,2.505757038425519312e+01,2.508248305092227071e+01,2.511720887517405032e+01,2.516512462596340072e+01,2.523049635947013769e+01,2.531855443068644007e+01,2.543548177469492089e+01,2.558826855185254345e+01,2.578438974654605786e+01,2.603127945459149473e+01,2.633560852142038300e+01,2.670241868490595039e+01,2.713421851786012340e+01,2.763019099838557935e+01,2.818568355049835361e+01,2.879213514810522767e+01,2.943753565714011700e+01,3.010741633841510989e+01,3.078625682964850085e+01,3.145909172950915078e+01,3.211303902450497816e+01,3.273847415086285650e+01,3.332964173478028158e+01,3.388461659161316675e+01,3.440466525910154871e+01,3.489318198788623704e+01,3.535444728525824587e+01,3.579246681966436228e+01,3.621009722432089006e+01,3.660857328728179994e+01,3.698744712871974372e+01,3.734486211083699914e+01,3.767803115432243999e+01,3.798377669777102028e+01,3.825901163852905995e+01,3.850108360990022049e+01,3.870795336927713493e+01,3.887821925063452966e+01,3.901102639146826334e+01,3.910591030917460387e+01,3.916262216649455752e+01,3.918097262434694983e+01,3.916071755001710386e+01,3.910149588054400738e+01,3.900281983375442252e+01,3.886411109528255992e+01,3.868477322545521702e+01,3.846428945174928060e+01,3.820233529056714872e+01,3.789889631295039152e+01,3.755438235880357212e+01,3.716973041743302275e+01,3.674648923725376903e+01,3.628687962401703260e+01,3.579382548023634314e+01,3.527095203625198394e+01,3.472254945845055829e+01,3.415350203905399695e+01,3.356918534403361321e+01,3.297533583746231045e+01,3.237789940734369765e+01,3.178286669736715808e+01,3.119610405036093326e+01,3.062318910393599225e+01,3.006925963083768139e+01,2.953888314138922055e+01,2.903595317995636194e+01,2.856361631235263232e+01,2.812423170007038919e+01,2.771936307474500794e+01,2.734980102855356776e+01,2.701561195617546218e+01,2.671620881161281602e+01,2.645043812246955994e+01,2.621667743479418888e+01,2.601293750481929123e+01,2.583696404251449508e+01,2.568633456016302929e+01,2.555854679389333839e+01,2.545109615587477592e+01
2.500002302073660587e+01,2.500003274605750647e+01,2.500004705101335745e+01,2.500006835802420468e+01,2.500010045229707956e+01,2.500014923835982117e+01,2.500022388611387569e+01,2.500033854332838601e+01,2.500051485891072289e+01,2.500078564927465763e+01,2.500120015421435937e+01,2.500183147675198470e+01,2.500278699490504053e+01,2.500422278809044485e+01,2.500636345610062961e+01,2.500952914056297516e+01,2.501417208555654170e+01,2.502092564605923641e+01,2.503066912795842569e+01,2.504461193168993915e+01,2.506439969048102867e+01,2.509224277008792470e+01,2.513106286709368220e+01,2.518464590711093365e+01,2.525777898210453287e+01,2.535633675581440372e+01,2.548727123068967870e+01,2.565845226624764308e+01,2.587831008210236661e+01,2.615525010736873668e+01,2.649684734688230847e+01,2.690887944655159458e+01,2.739431599270310613e+01,2.795243142413837489e+01,2.857823244846396094e+01,2.926237264319989606e+01,2.999166038242736931e+01,3.075015847658449886e+01,3.152074679539674307e+01,3.228690490326938800e+01,3.303440388475551259e+01,3.375259872228856040e+01,3.443508954738581451e+01,3.507965448278633858e+01,3.568751366729636487e+01,3.626212164285314543e+01,3.680776830953787737e+01,3.732827918191429006e+01,3.782604762454226233e+01,3.830152779354085624e+01,3.875319968348907906e+01,3.917791829955265825e+01,3.957149865608098338e+01,3.992937368776996720e+01,4.024718648504693164e+01,4.052122630440120332e+01,4.074867218874388897e+01,4.092765458069385431e+01,4.105717593806606658e+01,4.113694436147638100e+01,4.116717267470735919e+01,4.114838466371236336e+01,4.108125582126325526e+01,4.096650220385205188e+01,4.080482029014623890e+01,4.059687376115002166e+01,4.034331947594273515e+01,4.004486361914268144e+01,3.970233900680180739e+01,3.931679504111781398e+01,3.888959232111982800e+01,3.842249428258256216e+01,3.791774852029597298e+01,3.737815082286363122e+01,3.680708562755037860e+01,3.620853772981537588e+01,3.558707171261630720e+01,3.494777763936953363e+01,3.429618392988673747e+01,3.363814079124539091e+01,3.297967985656350010e+01,3.232685755573694308e+01,3.168559101055652150e+01,3.106149579014876494e+01,3.045973464286359800e+01,2.988488538274559403e+01,2.934083457040930298e+01,2.883070166064022288e+01,2.835679609290714609e+01,2.792060758138347865e+01,2.752282780553927566e+01,2.716339996327066331e+01,2.684159133199730007e+01,2.655608314451797369e+01,2.630507173183415404e+01,2.608637497816663497e+01,2.589753860480873371e+01,2.573593755895517532e+01,2.559886873148038688e+01,2.548363226523836289e+01
2.500002836157232622e+01,2.500004008725873561e+01,2.500005718018936918e+01,2.500008240711899532e+01,2.500012006581413004e+01,2.500017682810415209e+01,2.500026301563860898e+01,2.500039450481599346e+01,2.500059553235854537e+01,2.500090277105732284e+01,2.500137117259155772e+01,2.500208224000908785e+01,2.500315560948973115e+01,2.500476510748757519e+01,2.500716082709961086e+01,2.501069925524663518e+01,2.501588407823335913e+01,2.502342094240773207e+01,2.503428999003086375e+01,2.504984010361061664e+01,2.507190793392952344e+01,2.510296220255105837e+01,2.514626860278275089e+01,2.520606219896627920e+01,2.528770251538856684e+01,2.539777271494063626e+01,2.554407132405233938e+01,2.573543762455900463e+01,2.598135605020983263e+01,2.629130622245334692e+01,2.667386632214858011e+01,2.713563555891392198e+01,2.768010666571767331e+01,2.830667501589910984e+01,2.900999721200173198e+01,2.977989162833315362e+01,3.060189903054572014e+01,3.145850102017432803e+01,3.233085211090016742e+01,3.320075380323712722e+01,3.405252355946456078e+01,3.487441451262081671e+01,3.565932832340801184e+01,3.640471436963798624e+01,3.711172423847148139e+01,3.778384450889512891e+01,3.842532355461429461e+01,3.903971948241907342e+01,3.962883074311417175e+01,4.019215383899289407e+01,4.072688035620631553e+01,4.122833340670389646e+01,4.169067518892691737e+01,4.210770029241706425e+01,4.247355608956407025e+01,4.278328509537734448e+01,4.303314512680213255e+01,4.322071558385752610e+01,4.334483312408247002e+01,4.340541544059114898e+01,4.340323112048751852e+01,4.333966261014243315e+01,4.321649425549833268e+01,4.303574288347654431e+01,4.279953706934205115e+01,4.251004386210192365e+01,4.216943782090445580e+01,4.177990566548054119e+01,4.134367952644871025e+01,4.086309182933720763e+01,4.034064477820123074e+01,3.977908709829506506e+01,3.918149028421322555e+01,3.855131633899844701e+01,3.789246915173738017e+01,3.720932244458649762e+01,3.650671870292920573e+01,3.578993562825620245e+01,3.506461924673856601e+01,3.433668560700326822e+01,3.361219570880075480e+01,3.289721062874527746e+01,3.219763550856275458e+01,3.151906198387417035e+01,3.086661869216234777e+01,3.024483873926001110e+01,2.965755154204288857e+01,2.910780448266114462e+01,2.859781752534212274e+01,2.812897158823114552e+01,2.770182924096427257e+01,2.731618438792692061e+01,2.697113612170085517e+01,2.666518095961360757e+01,2.639631722267969849e+01,2.616215534700833700e+01,2.596002836239862788e+01,2.578709753646322156e+01,2.564044915887015819e+01,2.551717952306910675e+01
2.500003486212034076e+01,2.500004899091381816e+01,2.500006941185716514e+01,2.500009928427651928e+01,2.500014348532455344e+01,2.500020954757574998e+01,2.500030907618348053e+01,2.500045986322819758e+01,2.500068900013702233e+01,2.500103739804298897e+01,2.500156626781169322e+01,2.500236629639364239e+01,2.500357049899680817e+01,2.500537204786867562e+01,2.500804880306252187e+01,2.501199681984007128e+01,2.501777577990268853e+01,2.502617002838113791e+01,2.503826951818405178e+01,2.505557510537238031e+01,2.508013169887873417e+01,2.511468990015403691e+01,2.516289101482999868e+01,2.522946092192149337e+01,2.532038521152066934e+01,2.544302258617207713e+01,2.560609903079640048e+01,2.581951700205896927e+01,2.609391850660439260e+01,2.643996460097625345e+01,2.686733955801505758e+01,2.738355263160794095e+01,2.799268297309165376e+01,2.869427529687461487e+01,2.948262314000794149e+01,3.034665382674818090e+01,3.127054632465483763e+01,3.223507898142159434e+01,3.321954596586444808e+01,3.420393936280368052e+01,3.517101010597752975e+01,3.610782473525104308e+01,3.700653214270357694e+01,3.786422323877452101e+01,3.868196301910484891e+01,3.946324655371704893e+01,4.021223380380016721e+01,4.093213045943656425e+01,4.162400810632435366e+01,4.228622540699577570e+01,4.291446339467458415e+01,4.350226174577503002e+01,4.404186560041807041e+01,4.452517263703191475e+01,4.494459939872086807e+01,4.529374541399707255e+01,4.556780181355982506e+01,4.576371019047489597e+01,4.588011720507893187e+01,4.591718863308632592e+01,4.587634683511713973e+01,4.575998453944366418e+01,4.557119209893704692e+01,4.531352012706220478e+01,4.499078749617319772e+01,4.460693690467427075e+01,4.416593601544023784e+01,4.367172033177099166e+01,4.312817326991616795e+01,4.253913838830342797e+01,4.190845796561832515e+01,4.124003101119171788e+01,4.053788255277986252e+01,3.980623502485237708e+01,3.904957212376412201e+01,3.827268585952557345e+01,3.748069882352956483e+01,3.667905585042452543e+01,3.587348207798092403e+01,3.506990759484436637e+01,3.427436205562278104e+01,3.349284548422060936e+01,3.273118368252059440e+01,3.199487800571609242e+01,3.128895966118454197e+01,3.061785815072677153e+01,2.998529212228060814e+01,2.939418891905919295e+01,2.884663674957030111e+01,2.834387090323937031e+01,2.788629304028906120e+01,2.747352048958259019e+01,2.710446083889842939e+01,2.677740598222179358e+01,2.649013922155508283e+01,2.624004897676151060e+01,2.602424306467346327e+01,2.583965826882043260e+01,2.568316092059088973e+01,2.555163533750289417e+01
2.500004274145020844e+01,2.500005974851965362e+01,2.500008413203261171e+01,2.500011949824881086e+01,2.500017137817263446e+01,2.500024826804423128e+01,2.500036319997683520e+01,2.500053608316654774e+01,2.500079714824489585e+01,2.500119194815599855e+01,2.500178852648794248e+01,2.500268757003093967e+01,2.500403663328935266e+01,2.500604988203471279e+01,2.500903527891460243e+01,2.501343175104449301e+01,2.501985963639820909e+01,2.502918853513469344e+01,2.504262739649724878e+01,2.506184184747192134e+01,2.508910274125502582e+01,2.512746672853482721e+01,2.518098326199657322e+01,2.525491198654403036e+01,2.535591990056976286e+01,2.549221048101980358e+01,2.567352078100043755e+01,2.591091324596941448e+01,2.621629404458488466e+01,2.660161595124277056e+01,2.707777460158779448e+01,2.765327885660533269e+01,2.833285677073571662e+01,2.911622766147615238e+01,2.999730329028314912e+01,3.096405583882382473e+01,3.199919807602338651e+01,3.308167181152934688e+01,3.418876484612402322e+01,3.529851900571190981e+01,3.639199904535382757e+01,3.745499701199391751e+01,3.847885547202150036e+01,3.946028149993603051e+01,4.040024261254217919e+01,4.130222759865896620e+01,4.217027020677167570e+01,4.300714689734164153e+01,4.381307684256697144e+01,4.458510479443501140e+01,4.531718084517478928e+01,4.600080937833349992e+01,4.662605237501814770e+01,4.718264927034483946e+01,4.766104761554639424e+01,4.805320489579311527e+01,4.835309790397506902e+01,4.855694231958839424e+01,4.866317020834304685e+01,4.867223444722389303e+01,4.858631055325542292e+01,4.840895524683105577e+01,4.814476469688435145e+01,4.779905938513873309e+01,4.737761000225390262e+01,4.688641060395733007e+01,4.633150075187002415e+01,4.571883620689241923e+01,4.505420658368912257e+01,4.434319723804713931e+01,4.359119107579974184e+01,4.280340393113151976e+01,4.198494496544313392e+01,4.114089163100354796e+01,4.027636756362465320e+01,3.939661163433261493e+01,3.850702744000172117e+01,3.761320468956930085e+01,3.672090701394129297e+01,3.583602433634385420e+01,3.496449166476389792e+01,3.411217959018445356e+01,3.328476453377663802e+01,3.248758862510058520e+01,3.172551987914467020e+01,3.100282306959616463e+01,3.032305048209819631e+01,2.968895977718153034e+01,2.910246375663992779e+01,2.856461418771343119e+01,2.807561926157100629e+01,2.763489197126755670e+01,2.724112485668412020e+01,2.689238528051983934e+01,2.658622470438895746e+01,2.631979530259907207e+01,2.608996761155624000e+01,2.589344366143168585e+01,2.572686105384341460e+01,2.558688461280903681e+01
2.500005225091576833e+01,2.500007269414333777e+01,2.500010178244076897e+01,2.500014363008341078e+01,2.500020450464498012e+01,2.500029397898814310e+01,2.500042666771948419e+01,2.500062481294865435e+01,2.500092208587426157e+01,2.500136910423555392e+01,2.500204134011625356e+01,2.500305032102374625e+01,2.500455932860342401e+01,2.500680520011340491e+01,2.501012836973896825e+01,2.501501397775526669e+01,2.502214772499516826e+01,2.503249108353302432e+01,2.504738127297116179e+01,2.506866162576822887e+01,2.509884684364042329e+01,2.514132413969237945e+01,2.520058417424685615e+01,2.528246407953542985e+01,2.539436867526033481e+01,2.554541684712228999e+01,2.574644202786594960e+01,2.600976535380613441e+01,2.634866558408938175e+01,2.677649891308640306e+01,2.730547811123445001e+01,2.794520021318380998e+01,2.870110159407693828e+01,2.957309585168464139e+01,3.055468597398480313e+01,3.163281411108642160e+01,3.278860976683201045e+01,3.399903146002437637e+01,3.523920171029779169e+01,3.648506042824347162e+01,3.771585917246461861e+01,3.891602467382246289e+01,4.007604158718100962e+01,4.119221447832906335e+01,4.226541317820144172e+01,4.329911893492885611e+01,4.429721648893560371e+01,4.526199145955521885e+01,4.619269939460361485e+01,4.708490782421485221e+01,4.793062634672124744e+01,4.871908107265285537e+01,4.943789181869559002e+01,5.007438402781238551e+01,5.061680243276025237e+01,5.105526670179032322e+01,5.138239396913328960e+01,5.159358728735439570e+01,5.168703994726743645e+01,5.166353033405338380e+01,5.152608483280495477e+01,5.127957515304298397e+01,5.093029941161059071e+01,5.048557953662349007e+01,4.995339441532345859e+01,4.934205960535854985e+01,4.865995960957350519e+01,4.791533620270647020e+01,4.711613462761893345e+01,4.626990761728688994e+01,4.538377469035122402e+01,4.446443106993348948e+01,4.351819729201133669e+01,4.255109765742553662e+01,4.156895367647254602e+01,4.057747794717280243e+01,3.958235467253670237e+01,3.858929520096629773e+01,3.760406030351377638e+01,3.663244496822242979e+01,3.568022580387072651e+01,3.475307520960014074e+01,3.385644985404693585e+01,3.299546340266456923e+01,3.217475466197456058e+01,3.139836234939145854e+01,3.066961665563734485e+01,2.999105585687096109e+01,2.936437373556415054e+01,2.879040078927029356e+01,2.826911944002669586e+01,2.779971095806381598e+01,2.738062977347007632e+01,2.700969938777429036e+01,2.668422326040568393e+01,2.640110381355864178e+01,2.615696300168431776e+01,2.594825862110327108e+01,2.577139156431202238e+01,2.562280042203982688e+01
2.500006367678244956e+01,2.500008820786925412e+01,2.500012286499708836e+01,2.500017233888784673e+01,2.500024372529491856e+01,2.500034779726484402e+01,2.500050091985751877e+01,2.500072789814689855e+01,2.500106616117173886e+01,2.500157183158898277e+01,2.500232842332095373e+01,2.500345916219139042e+01,2.500514425884189862e+01,2.500764490879203450e+01,2.501133638730730624e+01,2.501675337831407830e+01,2.502465162720538316e+01,2.503609105503548093e+01,2.505254637379288241e+01,2.507605150049040077e+01,2.510938284768312556e+01,2.515628270240379649e+01,2.522171606733348170e+01,2.531214147239020917e+01,2.543575830589331233e+01,2.560267197884147805e+01,2.582489819243685147e+01,2.611611600934643462e+01,2.649108544369726914e+01,2.696467736868653020e+01,2.755052584100539192e+01,2.825940127281490888e+01,2.909750213056659263e+01,3.006494764246502882e+01,3.115479390552899375e+01,3.235286452687041958e+01,3.363857331061446132e+01,3.498673282388953965e+01,3.637012648258882308e+01,3.776242838287195980e+01,3.914094183802180282e+01,4.048863479201189364e+01,4.179508574768259166e+01,4.305618739028153641e+01,4.427272626744655071e+01,4.544819363417281011e+01,4.658632406878388110e+01,4.768887382357669935e+01,4.875404691024203174e+01,4.977579287937448527e+01,5.074399243153675343e+01,5.164536976659412915e+01,5.246486083730189165e+01,5.318713646245512194e+01,5.379801750760618972e+01,5.428560030279888338e+01,5.464100450553102206e+01,5.485873835067329907e+01,5.493673352662827369e+01,5.487613041785637336e+01,5.468089883662339190e+01,5.435736827369548507e+01,5.391372400672682375e+01,5.335950782985821661e+01,5.270514838538792901e+01,5.196153703660648659e+01,5.113966006492509564e+01,5.025029507529015405e+01,4.930377725790884114e+01,4.830983848999059660e+01,4.727751872731580107e+01,4.621514486572417013e+01,4.513036776401540351e+01,4.403024409071495882e+01,4.292134673185474014e+01,4.180988614398957282e+01,4.070182547122584538e+01,3.960297441034740018e+01,3.851905040616554032e+01,3.745570031554466794e+01,3.641848062552560350e+01,3.541279907416412698e+01,3.444382459746108793e+01,3.351637553450426310e+01,3.263479774809457723e+01,3.180284470973052890e+01,3.102357075868311398e+01,3.029924689866213328e+01,2.963130594469127743e+01,2.902032091329284924e+01,2.846601758845912400e+01,2.796731947889673364e+01,2.752242112695301302e+01,2.712888407615386654e+01,2.678374881219791703e+01,2.648365564913127201e+01,2.622496776761801129e+01,2.600389031436802867e+01,2.581658050720580988e+01,2.565924492000113588e+01
2.500007734257889425e+01,2.500010671889111080e+01,2.500014794583866262e+01,2.500020636703518306e+01,2.500029000759070996e+01,2.500041097549168256e+01,2.500058756698429363e+01,2.500084739425004088e+01,2.500123197626946236e+01,2.500180339524101569e+01,2.500265383270248520e+01,2.500391907810769965e+01,2.500579747212626458e+01,2.500857624073301011e+01,2.501266783471418975e+01,2.501865974826752037e+01,2.502738235107227993e+01,2.504000044061373487e+01,2.505813523776271623e+01,2.508402385664173195e+01,2.512072195560629595e+01,2.517235102561425109e+01,2.524438312301435161e+01,2.534394163330093264e+01,2.548007678154267452e+01,2.566395108814293735e+01,2.590884774513741107e+01,2.622990201293596257e+01,2.664346229178553216e+01,2.716602289967584483e+01,2.781273938524061151e+01,2.859563479911369654e+01,2.952171502694281813e+01,3.059130499898422784e+01,3.179696165804666208e+01,3.312328493609162194e+01,3.454782228774189434e+01,3.604305920656379669e+01,3.757924917313967228e+01,3.912762285427699283e+01,4.066339157209070265e+01,4.216796868738794046e+01,4.362998313666783190e+01,4.504491844058581762e+01,4.641351107764003814e+01,4.773930433687733199e+01,4.902591025253078527e+01,5.027454876682909912e+01,5.148231742971766778e+01,5.264144022297485037e+01,5.373951289739764547e+01,5.476056483448886070e+01,5.568663485450923645e+01,5.649952403379896992e+01,5.718243031163914480e+01,5.772125901750793986e+01,5.810550766192616123e+01,5.832871540759236240e+01,5.838853188268927141e+01,5.828649261642563317e+01,5.802759444702748226e+01,5.761975323087214917e+01,5.707320778727876132e+01,5.639991558232107849e+01,5.561297118226337943e+01,5.472606899473662168e+01,5.375302629826924061e+01,5.270737924429430166e+01,5.160206166957865292e+01,5.044917302468483200e+01,4.925983708050196697e+01,4.804414753599782273e+01,4.681119085440528238e+01,4.556913141197004791e+01,4.432534011422622910e+01,4.308654557316365441e+01,4.185898700374056602e+01,4.064855013488933366e+01,3.946087130451951452e+01,3.830139998121909173e+01,3.717541557839285815e+01,3.608799993849930132e+01,3.504397168012391717e+01,3.404779227392400287e+01,3.310345597900300163e+01,3.221437655169229686e+01,3.138328302972836070e+01,3.061213513026941513e+01,2.990206620561227524e+01,2.925335864282958198e+01,2.866545343430609805e+01,2.813699270274722508e+01,2.766589148322004377e+01,2.724943320771843247e+01,2.688438217903174277e+01,2.656710585542056435e+01,2.629369992640224041e+01,2.606010982788549057e+01,2.586224338138289269e+01,2.569607049940182364e+01
2.500009361102964078e+01,2.500012870806239107e+01,2.500017765866518360e+01,2.500024654450535877e+01,2.500034443150617136e+01,2.500048490917234645e+01,2.500068839881749483e+01,2.500098557781477737e+01,2.500142240090491086e+01,2.500206737621886077e+01,2.500302198577779578e+01,2.500443544630655524e+01,2.500652541323153955e+01,2.500960677615909589e+01,2.501413142340622286e+01,2.502074280666026240e+01,2.503035031686605905e+01,2.504422979059906140e+01,2.506415760728012287e+01,2.509258620208411728e+01,2.513286738591883918e+01,2.518952520104295800e+01,2.526857051904910989e+01,2.537783390687222251e+01,2.552727135233875444e+01,2.572917145983896603e+01,2.599816814784422903e+01,2.635094859364925668e+01,2.680555330879827736e+01,2.738020416693546011e+01,2.809167202648231054e+01,2.895330320013611569e+01,2.997294497792921320e+01,3.115111374688342494e+01,3.247979779678442469e+01,3.394224859609091993e+01,3.551397552696639082e+01,3.716493488510893428e+01,3.886264030437956762e+01,4.057568625771170190e+01,4.227703901248596452e+01,4.394645959656929790e+01,4.557159033079167898e+01,4.714752323626618136e+01,4.867500105310125491e+01,5.015769142884673215e+01,5.159914757352445491e+01,5.300008651744532528e+01,5.435648742085825091e+01,5.565878527300634460e+01,5.689217880487749568e+01,5.803785224248777297e+01,5.907477401720964849e+01,5.998169668976289870e+01,6.073902780418468694e+01,6.133033981371700349e+01,6.174340244041106018e+01,6.197072300816780910e+01,6.200965204643539863e+01,6.186214852503122330e+01,6.153430696159701085e+01,6.103573768037261971e+01,6.037887232536538562e+01,5.957824735412266648e+01,5.864980300309544248e+01,5.761022518450891994e+01,5.647635186504977867e+01,5.526466171687722806e+01,5.399085934207751336e+01,5.266956692432223974e+01,5.131412634591203670e+01,4.993650892617826287e+01,4.854732275446576750e+01,4.715590105668427867e+01,4.577045003388194289e+01,4.439823178872693177e+01,4.304575761776287379e+01,4.171896904146353791e+01,4.042338809947774081e+01,3.916422404902067456e+01,3.794642993580278301e+01,3.677470880721322288e+01,3.565347493543983148e+01,3.458677979756474485e+01,3.357821540288129114e+01,3.263080875786053525e+01,3.174692090378766096e+01,3.092816229488609281e+01,3.017533365484090879e+01,2.948839825597754327e+01,2.886648820466330179e+01,2.830794414033670847e+01,2.781038504014468060e+01,2.737080275109979510e+01,2.698567453695071450e+01,2.665108633087812962e+01,2.636285946005648029e+01,2.611667423575860170e+01,2.590818483557398721e+01,2.573312118599070075e+01
2.500011288540522614e+01,2.500015470969085740e+01,2.500021270711179966e+01,2.500029379200615409e+01,2.500040819360345168e+01,2.500057114200797770e+01,2.500080539106851774e+01,2.500114495529733460e+01,2.500164058370422637e+01,2.500236768587277680e+01,2.500343767902817049e+01,2.500501405985482961e+01,2.500733495158393893e+01,2.501074447725401484e+01,2.501573611498898941e+01,2.502301224617227859e+01,2.503356541620535225e+01,2.504878828284429204e+01,2.507062050445963308e+01,2.510174124851581468e+01,2.514581445284197869e+01,2.520778886941540975e+01,2.529424446273528915e+01,2.541375948420174780e+01,2.557724839000942652e+01,2.579819213678895906e+01,2.609265527419725217e+01,2.647896844881075751e+01,2.697696270396522422e+01,2.760668474108434722e+01,2.838660570555768459e+01,2.933145447073708567e+01,3.044993950495692303e+01,3.174273711294708278e+01,3.320117720147436557e+01,3.480701542057714448e+01,3.653352757503687087e+01,3.834791525613146490e+01,4.021472134717572544e+01,4.209969491723980184e+01,4.397339427859416361e+01,4.581382884818527401e+01,4.760762518449999448e+01,4.934951922966055804e+01,5.104034363604088753e+01,5.268399871221929232e+01,5.428408583754035277e+01,5.584090146243562458e+01,5.734934727689906708e+01,5.879806086641632845e+01,6.016978734966303222e+01,6.144276975345899672e+01,6.259278435517152417e+01,6.359540351495060406e+01,6.442811802703275248e+01,6.507205924247509188e+01,6.551318830991806408e+01,6.574293294675705113e+01,6.575833198761594645e+01,6.556178977409174990e+01,6.516055223144019237e+01,6.456600551879677141e+01,6.379287806076894896e+01,6.285840631684423130e+01,6.178150854491610744e+01,6.058200019895691923e+01,5.927987826210851097e+01,5.789469759257595882e+01,5.644505820934304552e+01,5.494821705825580693e+01,5.341983077693996762e+01,5.187382770714224023e+01,5.032239878310308256e+01,4.877608904796367284e+01,4.724396543168596452e+01,4.573383280289041863e+01,4.425246954041772085e+01,4.280585590992474465e+01,4.139937296811213230e+01,4.003795587741311834e+01,3.872619257492657852e+01,3.746836585501055339e+01,3.626844333538255682e+01,3.513002489141089768e+01,3.405626059112369575e+01,3.304975380624586023e+01,3.211246409051013018e+01,3.124562285900612579e+01,3.044967224431845310e+01,2.972423417821039848e+01,2.906811318446772674e+01,2.847933295587803926e+01,2.795520383299955824e+01,2.749241601291124937e+01,2.708715179880835677e+01,2.673520946814025478e+01,2.643213132243944941e+01,2.617332906460110209e+01,2.595420067489294169e+01,2.577023426011539797e+01
2.500013561010776186e+01,2.500018531233770958e+01,2.500025386584121989e+01,2.500034912246933771e+01,2.500048260908985753e+01,2.500067136873773777e+01,2.500094070938654767e+01,2.500132826856290791e+01,2.500188995992707675e+01,2.500270857683180381e+01,2.500390610348726383e+01,2.500566114964204090e+01,2.500823341325513027e+01,2.501199773419672567e+01,2.501749118751554590e+01,2.502547782848838764e+01,2.503703714891055654e+01,2.505368391827287411e+01,2.507752850893403718e+01,2.511148730329763268e+01,2.515955111434196922e+01,2.522711397985716886e+01,2.532135323273565319e+01,2.545163281757925233e+01,2.562987528945345872e+01,2.587081645133502761e+01,2.619202675027415950e+01,2.661356612013304712e+01,2.715714741481468053e+01,2.784473049554495105e+01,2.869656058803339960e+01,2.972879455640151036e+01,3.095100492611621590e+01,3.236397633870519286e+01,3.395826763282663308e+01,3.571396611564234291e+01,3.760189234768309063e+01,3.958624227633188042e+01,4.162833452860972727e+01,4.369084606628716472e+01,4.574175415459122007e+01,4.775721627532985281e+01,4.972282345034464157e+01,5.163301132458651921e+01,5.348881730441424054e+01,5.529452386659067997e+01,5.705393743818970620e+01,5.876707310148719898e+01,6.042785798174171674e+01,6.202318895684418010e+01,6.353336714410413322e+01,6.493366357994020177e+01,6.619660285899603025e+01,6.729450260710569864e+01,6.820186055062241337e+01,6.889729972373285705e+01,6.936492222090555515e+01,6.959504665310454641e+01,6.958439293660228486e+01,6.933582489703843521e+01,6.885777290238016235e+01,6.816344767868747567e+01,6.726993530844410429e+01,6.619724171146071967e+01,6.496733780603801733e+01,6.360324525840950827e+01,6.212819591615626535e+01,6.056489331889613936e+01,5.893489986867185593e+01,5.725816692022369381e+01,5.555271682161404101e+01,5.383447626963372556e+01,5.211725027178412972e+01,5.041281676772248943e+01,4.873111470526855271e+01,4.708049392694107382e+01,4.546799401241571559e+01,4.389962119742268953e+01,4.238059720535873254e+01,4.091556054035973489e+01,3.950870858876596259e+01,3.816387681840074464e+01,3.688455860187616508e+01,3.567387505522933822e+01,3.453450835001921604e+01,3.346861405529938338e+01,3.247772826391864243e+01,3.156268381807759127e+01,3.072354726859213514e+01,2.995958474517292203e+01,2.926926115049522181e+01,2.865027344105463669e+01,2.809961556064296317e+01,2.761367008063430717e+01,2.718831989808290928e+01,2.681907246898671104e+01,2.650118894675645009e+01,2.622981113049907975e+01,2.600008014324328798e+01,2.580724208264422259e+01
2.500016227029536253e+01,2.500022115836111070e+01,2.500030198001287829e+01,2.500041364047502057e+01,2.500056911126949188e+01,2.500078743476390386e+01,2.500109670942820728e+01,2.500153849587547228e+01,2.500217425417985950e+01,2.500309464875766352e+01,2.500443285564590923e+01,2.500638340374884550e+01,2.500922861390264273e+01,2.501337541942092102e+01,2.501940632263124087e+01,2.502814952133480020e+01,2.504077483456455511e+01,2.505892384211294299e+01,2.508488423817513180e+01,2.512181897730318525e+01,2.517405900093173088e+01,2.524746226536179350e+01,2.534982926811079551e+01,2.549134454191475996e+01,2.568498450634430341e+01,2.594679754369177260e+01,2.629592941878947343e+01,2.675424799351505811e+01,2.734543038745145438e+01,2.809342710465654491e+01,2.902031795501730826e+01,3.014371710129411497e+01,3.147404477308699811e+01,3.301211998343513443e+01,3.474759259777534481e+01,3.665868178276782885e+01,3.871350316353701970e+01,4.087296912563259355e+01,4.309489677746113045e+01,4.533864609159381587e+01,4.756942987767592967e+01,4.976145285353533154e+01,5.189926143334766095e+01,5.397706935914649762e+01,5.599626811973419649e+01,5.796171750894851016e+01,5.987764139029668087e+01,6.174397635949711116e+01,6.355384771555565493e+01,6.529254213845051424e+01,6.693800184251563223e+01,6.846256984656989175e+01,6.983553111232725996e+01,7.102593990498669996e+01,7.200528236409647320e+01,7.274965340120908763e+01,7.324128060141303820e+01,7.346936505053182032e+01,7.343030666269396534e+01,7.312743372436214884e+01,7.257037005232821514e+01,7.177416184250219544e+01,7.075826382815378679e+01,6.954546119415988414e+01,6.816078541339490471e+01,6.663047009612634497e+01,6.498098560490615228e+01,6.323818599946681474e+01,6.142659642605739378e+01,5.956886184232127590e+01,5.768536856849405581e+01,5.579403912607179450e+01,5.391028932458102929e+01,5.204712597192757073e+01,5.021535519469402686e+01,4.842386609884073323e+01,4.667995284304946324e+01,4.498964010090294607e+01,4.335798187400412473e+01,4.178931087437323555e+01,4.028742422226571307e+01,3.885569996884220956e+01,3.749714701214534784e+01,3.621439758806724285e+01,3.500965620357535357e+01,3.388462143461688214e+01,3.284039749383025963e+01,3.187741115497010469e+01,3.099534692170292871e+01,3.019310974480908172e+01,2.946882062922944812e+01,2.881984658824983114e+01,2.824286296519462169e+01,2.773394341050506995e+01,2.728867091363190767e+01,2.690226227499185185e+01,2.656969820256683334e+01,2.628585170325870735e+01,2.604560844337709469e+01,2.584397409294208003e+01
2.500019339033924481e+01,2.500026294192979037e+01,2.500035796276586453e+01,2.500048853912550939e+01,2.500066924776161059e+01,2.500092133174140940e+01,2.500127593198689269e+01,2.500177884698928565e+01,2.500249747632188502e+01,2.500353084662106440e+01,2.500502394076923451e+01,2.500718798020362499e+01,2.501032888798630083e+01,2.501488694421480119e+01,2.502149170618855223e+01,2.503103766794769669e+01,2.504478788727768190e+01,2.506451477653957483e+01,2.509268901267551755e+01,2.513272818703240929e+01,2.518931489851456007e+01,2.526878740161972203e+01,2.537959226465497053e+01,2.553276585439373036e+01,2.574237967200811283e+01,2.602584679634034615e+01,2.640395084138824444e+01,2.690043781986745941e+01,2.754102131447908874e+01,2.835170749919981148e+01,2.935645624114431840e+01,3.057435036753971502e+01,3.201662039828879358e+01,3.368402160604408380e+01,3.556513013678171831e+01,3.763606853076898062e+01,3.986196860343223847e+01,4.220015341466411485e+01,4.460463698455337322e+01,4.703119902677577358e+01,4.944209433860655167e+01,5.180947414392258565e+01,5.411684300309615026e+01,5.635829550607819272e+01,5.853576351892006358e+01,6.065492825950621381e+01,6.272070314611065101e+01,6.473321797105701592e+01,6.668504475936501308e+01,6.856007100397650333e+01,7.033404777920182482e+01,7.197651621048304094e+01,7.345361253215004638e+01,7.473119175942332504e+01,7.577777377757465160e+01,7.656695795526242421e+01,7.707912059166136487e+01,7.730236005755455153e+01,7.723276185652437675e+01,7.687411347497899783e+01,7.623721447015027763e+01,7.533891544275897445e+01,7.420099548946788559e+01,7.284896280794329471e+01,7.131084345137018943e+01,6.961601023042646830e+01,6.779409583522632943e+01,6.587402857722446470e+01,6.388322310594657694e+01,6.184695039999969168e+01,5.978790083978775272e+01,5.772594185384912180e+01,5.567805877131746684e+01,5.365845563732499812e+01,5.167878326795833743e+01,4.974845577298133037e+01,4.787501467809406108e+01,4.606450160782954839e+01,4.432180573270228763e+01,4.265095996365960218e+01,4.105536910987495958e+01,3.953796277458010877e+01,3.810127462088519934e+01,3.674745698014501727e+01,3.547824506341591899e+01,3.429488803713860534e+01,3.319806498501161940e+01,3.218780257894685093e+01,3.126340856542570279e+01,3.042343146757263384e+01,2.966565274836502653e+01,2.898711356839165632e+01,2.838417460136610160e+01,2.785260442311176377e+01,2.738768992088445486e+01,2.698436101883747185e+01,2.663732172382128383e+01,2.634117993348194631e+01,2.609056944194075456e+01,2.588025893610456407e+01
2.500022953090515898e+01,2.500031140522780859e+01,2.500042279034348169e+01,2.500057509387337618e+01,2.500078467282828498e+01,2.500107518826068542e+01,2.500148109202885394e+01,2.500205275081664880e+01,2.500286390854611440e+01,2.500402244882704750e+01,2.500568576507978946e+01,2.500808250841251379e+01,2.501154310797569025e+01,2.501654230925689859e+01,2.502375813105796709e+01,2.503415317380303406e+01,2.504908613318482580e+01,2.507046353703685071e+01,2.510094366848469249e+01,2.514420540014718597e+01,2.520529261637186735e+01,2.529103775595650561e+01,2.541055315260133440e+01,2.557575418281997415e+01,2.580184355823389808e+01,2.610764488099803060e+01,2.651563443619333071e+01,2.705149722523985290e+01,2.774304413308058059e+01,2.861838837041144146e+01,2.970339904340972126e+01,3.101861981413481573e+01,3.257603184413662945e+01,3.437620338515633023e+01,3.640644446801439216e+01,3.864052327853381286e+01,4.104027947903520612e+01,4.355911316214597662e+01,4.614690957089801771e+01,4.875558687102219579e+01,5.134423866142753923e+01,5.388286270746811368e+01,5.635393714151086186e+01,5.875156560593794097e+01,6.107844504819497189e+01,6.334137306741722995e+01,6.554628691305026678e+01,6.769385307159731724e+01,6.977641824926416803e+01,7.177676635687231510e+01,7.366871221785947910e+01,7.541920798414533067e+01,7.699141553070745658e+01,7.834813180617331341e+01,7.945502346348297351e+01,8.028328243125596941e+01,8.081149789746081069e+01,8.102670484677733498e+01,8.092468688160269608e+01,8.050967437330049847e+01,7.979359636254491761e+01,7.879503205931808907e+01,7.753798179566774706e+01,7.605055027818295343e+01,7.436361365510890664e+01,7.250952782595409474e+01,7.052092683890460023e+01,6.842965407398537536e+01,6.626586233793355518e+01,6.405731021446008810e+01,6.182887055293730327e+01,5.960225350253789856e+01,5.739593239631469146e+01,5.522524772122065428e+01,5.310265391319273931e+01,5.103806692433659720e+01,4.903926799790595226e+01,4.711232084167875200e+01,4.526196487042437155e+01,4.349195545750177416e+01,4.180533203157922628e+01,4.020460516255822370e+01,3.869186339119614360e+01,3.726880858436694410e+01,3.593673445479632989e+01,3.469646630508540142e+01,3.354828107850858032e+01,3.249182571109825801e+01,3.152604904463919766e+01,3.064915873631527532e+01,2.985861026184477396e+01,2.915113077950091736e+01,2.852277673004035563e+01,2.796902089572733985e+01,2.748486240174848305e+01,2.706495186296009337e+01,2.670372350197822087e+01,2.639552645833207123e+01,2.613474849276421352e+01,2.591592666658671718e+01
2.500027128445742619e+01,2.500036733257881494e+01,2.500049749449406988e+01,2.500067465281289714e+01,2.500091713515170966e+01,2.500125125473668319e+01,2.500171506044065595e+01,2.500236383405733420e+01,2.500327808144584552e+01,2.500457504221053284e+01,2.500642511273341384e+01,2.500907507366587268e+01,2.501288068582129398e+01,2.501835213837242122e+01,2.502621708721985172e+01,2.503750768978763830e+01,2.505368014155990863e+01,2.507677759173927612e+01,2.510964946012366283e+01,2.515624104488653501e+01,2.522196512956506353e+01,2.531415957283266138e+01,2.544261874379090926e+01,2.562015985182753397e+01,2.586314749537562108e+01,2.619185488084708524e+01,2.663049752795024361e+01,2.720675024564112121e+01,2.795057000573211070e+01,2.889221404409921945e+01,3.005947291387558806e+01,3.147432350959552139e+01,3.314941535390896377e+01,3.508498107888502204e+01,3.726684469886731677e+01,3.966613352451884111e+01,4.224105797861246003e+01,4.494073459980069174e+01,4.771057108441875982e+01,5.049832577114563037e+01,5.325971916108767346e+01,5.596249709119136639e+01,5.858813988104999737e+01,6.113091421710101514e+01,6.359454546510193751e+01,6.598729362960037292e+01,6.831651654498863024e+01,7.058383321746777028e+01,7.278177315568876793e+01,7.489239790935758379e+01,7.688792931012658016e+01,7.873303164197878345e+01,8.038815168770648256e+01,8.181324795984778575e+01,8.297131579882136521e+01,8.383128427384849601e+01,8.437006122303095879e+01,8.457368236823501206e+01,8.443764873733638865e+01,8.396660574718561065e+01,8.317353630104243223e+01,8.207862657240799820e+01,8.070793478835000201e+01,7.909196384602802254e+01,7.726421530456498488e+01,7.525978692776723733e+01,7.311406663491541735e+01,7.086156911306515838e+01,6.853495433804775416e+01,6.616425788407690334e+01,6.377635064053394842e+01,6.139463109181095746e+01,5.903893813377220567e+01,5.672565827959080309e+01,5.446798970348424973e+01,5.227631810886985875e+01,5.015865651880418596e+01,4.812110277101881195e+01,4.616827419300126678e+01,4.430368764558399164e+01,4.253006362210321356e+01,4.084954408087665456e+01,3.926382398577676014e+01,3.777420518321748943e+01,3.638158761868889002e+01,3.508641669836564603e+01,3.388860685959256358e+01,3.278746042308252839e+01,3.178159804294170954e+01,3.086891313376375834e+01,3.004655814197260355e+01,2.931096599613775666e+01,2.865790597228668091e+01,2.808256986959423074e+01,2.757968199486096239e+01,2.714362505616371024e+01,2.676857361271846258e+01,2.644862708383568872e+01,2.617793529897747717e+01,2.595081096646985230e+01
2.500031926900132007e+01,2.500043154223973119e+01,2.500058315180882929e+01,2.500078862297380411e+01,2.500106846043344078e+01,2.500145188164633936e+01,2.500198083731142162e+01,2.500271588916704602e+01,2.500374473681699428e+01,2.500519448076249418e+01,2.500724910318173855e+01,2.501017417850378521e+01,2.501435154787390758e+01,2.502032768296422915e+01,2.502888082123661206e+01,2.504111376623896845e+01,2.505858153301915436e+01,2.508346561164851352e+01,2.511880897975420623e+01,2.516882697830966364e+01,2.523930684757521803e+01,2.533810038807231635e+01,2.547569675864182770e+01,2.566583334604231936e+01,2.592606169294857565e+01,2.627813673721199805e+01,2.674805129559435102e+01,2.736551052535137885e+01,2.816265397388472991e+01,2.917190533974238420e+01,3.042297182016850243e+01,3.193921634322588332e+01,3.373385234562307033e+01,3.580660373801100604e+01,3.814156230446978668e+01,4.070690071878547656e+01,4.345683616917515479e+01,4.633581609467902496e+01,4.928440075806959442e+01,5.224587514826355061e+01,5.517236739850939387e+01,5.802927523217661587e+01,6.079712310854352353e+01,6.347052002359070855e+01,6.605452060585588470e+01,6.855924272121805529e+01,7.099392200733561253e+01,7.336161589168622754e+01,7.565552260666817119e+01,7.785744579715607472e+01,7.993844360772007462e+01,8.186127952598465640e+01,8.358402732795212842e+01,8.506410325590158550e+01,8.626208044635296801e+01,8.714482470122439395e+01,8.768770867797958601e+01,8.787585690701484964e+01,8.770451351000012608e+01,8.717869950535398971e+01,8.631234699674504895e+01,8.512708233633213695e+01,8.365079915828574997e+01,8.191612978279417234e+01,7.995889789502243161e+01,7.781661854036585169e+01,7.552710133620541910e+01,7.312720576718578513e+01,7.065179010674283688e+01,6.813288573285575467e+01,6.559911575552145280e+01,6.307536164508695720e+01,6.058266549823256497e+01,5.813834058753662504e+01,5.575625067237294274e+01,5.344721051519707089e+01,5.121945683285510142e+01,4.907914053422511813e+01,4.703079697176266905e+01,4.507776003232831386e+01,4.322249691589001941e+01,4.146685203668965869e+01,3.981219937752339888e+01,3.825951182690847219e+01,3.680936285350795600e+01,3.546188000337656376e+01,3.421667116347846616e+01,3.307274362095055409e+01,3.202843316304755916e+01,3.108135641810907401e+01,3.022839496603575071e+01,2.946571502962395073e+01,2.878882227356393386e+01,2.819264772878207026e+01,2.767165832425146021e+01,2.721998400825654230e+01,2.683155292347247922e+01,2.650022642682398910e+01,2.621992672440308780e+01,2.598475130968843771e+01
2.500037411990910030e+01,2.500050487565210844e+01,2.500068086970566483e+01,2.500091845221651710e+01,2.500124052826052079e+01,2.500167949034189263e+01,2.500228151566702905e+01,2.500311283013714814e+01,2.500426877502528100e+01,2.500588682498197457e+01,2.500816512445420159e+01,2.501138867448185366e+01,2.501596607388092153e+01,2.502248078349174065e+01,2.503176234527837707e+01,2.504498494902915340e+01,2.506380322299866492e+01,2.509053795127291764e+01,2.512842700559665943e+01,2.518195788882213648e+01,2.525729583200950756e+01,2.536281242152002591e+01,2.550970088192732632e+01,2.571263268187161799e+01,2.599036578890618898e+01,2.636616209878897976e+01,2.686782136685130951e+01,2.752710949773411286e+01,2.837837304487908341e+01,2.945621045721402709e+01,3.079222440419223972e+01,3.241109801793784584e+01,3.432648340363945749e+01,3.653739996880973706e+01,3.902593702809151921e+01,4.175697431427267503e+01,4.468034786334263231e+01,4.773542858889108231e+01,5.085754123775564040e+01,5.398517116955336803e+01,5.706662928984118111e+01,6.006487215470723129e+01,6.295952340938954706e+01,6.574573749782027221e+01,6.843023412756244284e+01,7.102543034309864822e+01,7.354295281909888615e+01,7.598784824123140424e+01,7.835454165179586994e+01,8.062512054622349922e+01,8.276998867976834617e+01,8.475047578960433725e+01,8.652270179243163284e+01,8.804190801675071043e+01,8.926655693675928660e+01,9.016170169729115003e+01,9.070136328175310325e+01,9.086986503480974875e+01,9.066222531995187239e+01,9.008379004321540151e+01,8.914930832357848089e+01,8.788163739915827932e+01,8.631022829380120243e+01,8.446950796604534162e+01,8.239724538034383272e+01,8.013297034054956214e+01,7.771650286690905318e+01,7.518664347013933025e+01,7.258006717195013380e+01,6.993045414971285823e+01,6.726787669540318859e+01,6.461844644981287900e+01,6.200420920361848687e+01,5.944325891716443522e+01,5.695002985390698313e+01,5.453571723813362837e+01,5.220877337198030688e+01,4.997542771683168183e+01,4.784018546863696031e+01,4.580626856855457163e+01,4.387597454357745619e+01,4.205094064665896525e+01,4.033231215368989808e+01,3.872082332035901686e+01,3.721680669213603210e+01,3.582015085524525944e+01,3.453022832889281091e+01,3.334581443649430810e+01,3.226501517303765354e+01,3.128521793905432347e+01,3.040307419578944348e+01,2.961451821636569548e+01,2.891482166219828542e+01,2.829868006115119172e+01,2.776032461250666472e+01,2.729365116084056453e+01,2.689235761413155856e+01,2.655008138971333409e+01,2.626052945817492912e+01,2.601759499935863928e+01
2.500043647971794414e+01,2.500058818399527993e+01,2.500079176884110765e+01,2.500106560642149134e+01,2.500143524280215246e+01,2.500193653581523279e+01,2.500262023475455919e+01,2.500355863477384943e+01,2.500485518501655591e+01,2.500665825902213157e+01,2.500918073816836440e+01,2.501272765811723886e+01,2.501773499081815544e+01,2.502482377427484295e+01,2.503487537536476637e+01,2.504913578765275517e+01,2.506935955633153057e+01,2.509800699508469179e+01,2.513851118570572396e+01,2.519563249748603084e+01,2.527591576930100814e+01,2.538825567237875802e+01,2.554455545884378154e+01,2.576043034523902264e+01,2.605585887628764752e+01,2.645562854265453723e+01,2.698936765857291675e+01,2.769092366103767588e+01,2.859686319313779634e+01,2.974395456060845433e+01,3.116565967636069701e+01,3.288789916298437532e+01,3.492462000913864983e+01,3.727392147502317243e+01,3.991559950730280093e+01,4.281088188038840769e+01,4.590481575779805468e+01,4.913127037559556243e+01,5.241993255018856246e+01,5.570415218836676274e+01,5.892819472637673783e+01,6.205248652808729304e+01,6.505581792988863299e+01,6.793411355298496801e+01,7.069612503995162456e+01,7.335705030925976189e+01,7.593146946684333898e+01,7.842702623747194934e+01,8.083999386519798236e+01,8.315335330987991824e+01,8.533743350256750659e+01,8.735266774392503919e+01,8.915370892688898152e+01,9.069405329078635702e+01,9.193041886975129273e+01,9.282634130307768316e+01,9.335470581640386456e+01,9.349916335206582119e+01,9.325454190767983675e+01,9.262645104254841044e+01,9.163029988611971532e+01,9.028992929115752020e+01,8.863602026327666294e+01,8.670440105579025669e+01,8.453434393604490538e+01,8.216692203245150949e+01,7.964348459370148703e+01,7.700430121132706063e+01,7.428741802983161335e+01,7.152775903946603364e+01,6.875649230957422731e+01,6.600066509392883063e+01,6.328309474396359491e+01,6.062248633266700182e+01,5.803373474951559530e+01,5.552836023304158175e+01,5.311502264696764541e+01,5.080006133849448702e+01,4.858801355053633131e+01,4.648207400443953929e+01,4.448447004368479440e+01,4.259673916940656113e+01,4.081990755345582045e+01,3.915457809156104219e+01,3.760094401659951302e+01,3.615874867343423205e+01,3.482721377055515433e+01,3.360495758236083930e+01,3.248992170902113230e+01,3.147932075822104636e+01,3.056962437111049624e+01,2.975657599769725792e+01,2.903524824915509939e+01,2.840013088697218535e+01,2.784524476808804749e+01,2.736427342189747236e+01,2.695070333689922748e+01,2.659796433763759183e+01,2.629956243462917698e+01,2.604919900457462845e+01
2.500050698584449194e+01,2.500068231196065582e+01,2.500091696183074319e+01,2.500123154179430074e+01,2.500165449706771881e+01,2.500222546100409460e+01,2.500300012225060797e+01,2.500405727251366628e+01,2.500550895548501629e+01,2.500751498333853107e+01,2.501030355273632821e+01,2.501420032558504047e+01,2.501966921324386206e+01,2.502736931896000172e+01,2.503823417965218567e+01,2.505358172649487614e+01,2.507526628991224271e+01,2.510588730612240838e+01,2.514907246363991788e+01,2.520985442211511440e+01,2.529515750228934579e+01,2.541440043702852947e+01,2.558019943476093516e+01,2.580911923918646877e+01,2.612236823497821092e+01,2.654627210480924759e+01,2.711230201565023989e+01,2.785639899646107409e+01,2.881735266582760246e+01,3.003408460431907301e+01,3.154186661516711254e+01,3.336775968258012171e+01,3.552584643925050045e+01,3.801307423151154552e+01,4.080663844785743777e+01,4.386374005306488755e+01,4.712421498936514297e+01,5.051599308992130943e+01,5.396271123165751504e+01,5.739224238654072252e+01,6.074457749960657083e+01,6.397752868581036978e+01,6.706913193239117277e+01,7.001632525149409503e+01,7.283028488214101515e+01,7.552950442707719958e+01,7.813211988879882597e+01,8.064902612133673188e+01,8.307901742353087116e+01,8.540663301041584532e+01,8.760276370231970589e+01,8.962754081083907920e+01,9.143469201862882301e+01,9.297644893386468823e+01,9.420819554286229902e+01,9.509228091155357276e+01,9.560069620097060294e+01,9.571656330945332058e+01,9.543455793402755205e+01,9.476048267380194545e+01,9.371022864865699376e+01,9.230834136413977831e+01,9.058636348131521743e+01,8.858108290242786609e+01,8.633277966039972284e+01,8.388354223009601185e+01,8.127571067610955424e+01,7.855049596617132579e+01,7.574681740214822412e+01,7.290039049660805404e+01,7.004308465239475368e+01,6.720255421343472335e+01,6.440212945522529253e+01,6.166093794031254305e+01,5.899421336234208724e+01,5.641374005666839508e+01,5.392837759525329488e+01,5.154461139546991433e+01,4.926708147123432013e+01,4.709905124256866316e+01,4.504279029295116743e+01,4.309985763219103916e+01,4.127128400543082876e+01,3.955766196795983092e+01,3.795916006022231670e+01,3.647548209983182232e+01,3.510579436293920708e+01,3.384864257279886601e+01,3.270187768850446020e+01,3.166260515478873927e+01,3.072716722556366520e+01,2.989116284769882270e+01,2.914950491360732698e+01,2.849651084111177823e+01,2.792601963856264646e+01,2.743152693487888172e+01,2.700632884472077677e+01,2.664366585099124762e+01,2.633685891390594236e+01,2.607943152615347415e+01
2.500058625623071151e+01,2.500078807875949494e+01,2.500105752828260464e+01,2.500141767227176359e+01,2.500190013067304662e+01,2.500254864251435549e+01,2.500342422513807605e+01,2.500461261729590845e+01,2.500623496634418075e+01,2.500846308136642548e+01,2.501154106229596152e+01,2.501581578210920398e+01,2.502177962363941432e+01,2.503013016628598209e+01,2.504185332057361535e+01,2.505833885431294306e+01,2.508154038543767683e+01,2.511419551956115725e+01,2.516012516100752805e+01,2.522463257916056278e+01,2.531501993892501190e+01,2.544122898787193776e+01,2.561658916654327101e+01,2.585861711727648427e+01,2.618975603812712549e+01,2.663787711252268053e+01,2.723630227226183109e+01,2.802307066772918986e+01,2.903918910198378001e+01,3.032570609923459060e+01,3.191964333714827973e+01,3.384909370443267562e+01,3.612810457761073479e+01,3.875222803417749873e+01,4.169574065456652079e+01,4.491143169622348807e+01,4.833349498931620758e+01,5.188347668400928114e+01,5.547854760890182035e+01,5.904076112763744533e+01,6.250560683117091543e+01,6.582820446825527938e+01,6.898592476077334368e+01,7.197697698350970086e+01,7.481537407338279877e+01,7.752344443912002703e+01,8.012351149944534257e+01,8.263040872932919001e+01,8.504616139212797066e+01,8.735757147169550763e+01,8.953676952411048262e+01,9.154422039748848761e+01,9.333330780780860891e+01,9.485551534539956720e+01,9.606533466068090377e+01,9.692428426441588840e+01,9.740372064987397493e+01,9.748638952305316252e+01,9.716685317289059753e+01,9.645102873148539402e+01,9.535509502644194413e+01,9.390399935864064673e+01,9.212974726672470638e+01,9.006960900026773231e+01,8.776433750473267992e+01,8.525646729157446657e+01,8.258874912820962777e+01,7.980276714282665296e+01,7.693777789484926188e+01,7.402980192211424537e+01,7.111098590848575896e+01,6.820923832069044579e+01,6.534812470322390254e+01,6.254699287061117019e+01,5.982128501796447750e+01,5.718298484290809824e+01,5.464114400434255003e+01,5.220243375296693955e+01,4.987167378686397967e+01,4.765230021967597906e+01,4.554674659098220957e+01,4.355672459714197942e+01,4.168340328200766010e+01,3.992749566943174244e+01,3.828926947290995031e+01,3.676850320859789178e+01,3.536441077092620588e+01,3.407555662553008347e+01,3.289978077874136630e+01,3.183414826843066692e+01,3.087493278794146079e+01,3.001763885001568255e+01,2.925706215412120770e+01,2.858738392272166351e+01,2.800229214378593667e+01,2.749512097075115236e+01,2.705899893188425764e+01,2.668699693775305803e+01,2.637226813774889678e+01,2.610817322805372598e+01
2.500067487301811653e+01,2.500090625648700993e+01,2.500121448629537468e+01,2.500162533221113748e+01,2.500217388132308116e+01,2.500290832798018315e+01,2.500389542945756816e+01,2.500522834562624652e+01,2.500703786046073063e+01,2.500950835983954335e+01,2.501290045034581055e+01,2.501758280393401179e+01,2.502407678881099429e+01,2.503311881930671134e+01,2.504574727940242695e+01,2.506342349343710296e+01,2.508819958302973419e+01,2.512294993610987248e+01,2.517168664833046421e+01,2.523998102090720508e+01,2.533551018712375935e+01,2.546873619377841891e+01,2.565369979056023197e+01,2.590886905639070292e+01,2.625792340770622957e+01,2.673028245181397367e+01,2.736112154775232952e+01,2.819057639178073771e+01,2.926185830421946577e+01,3.061810894899939228e+01,3.229803206337187760e+01,3.433063621481036876e+01,3.672975530186978688e+01,3.948929633882467272e+01,4.258029369387120511e+01,4.595073647145829909e+01,4.952874376070120377e+01,5.322903389410551256e+01,5.696189753431367819e+01,6.064322949509944749e+01,6.420379651128847343e+01,6.759595477799145158e+01,7.079650736587031190e+01,7.380520294362705158e+01,7.663931543044640193e+01,7.932556146475249648e+01,8.189109993933652731e+01,8.435540917732321020e+01,8.672447599890210768e+01,8.898809181660965351e+01,9.112032767818209322e+01,9.308264029807682505e+01,9.482867240297419187e+01,9.630969586005100780e+01,9.747976840358435879e+01,9.829994694719638915e+01,9.874122126756893181e+01,9.878611749155503219e+01,9.842912218171063898e+01,9.767618236495694362e+01,9.654355951658732238e+01,9.505628493011110436e+01,9.324640978310294770e+01,9.115118818358997999e+01,8.881128810368608129e+01,8.626909682657912981e+01,8.356717174737161713e+01,8.074687882754517432e+01,7.784725448033596251e+01,7.490411849645234099e+01,7.194945420296859595e+01,6.901105761681877482e+01,6.611244139064697833e+01,6.327296390769277679e+01,6.050814099950445524e+01,5.783008902641095972e+01,5.524804438176293075e+01,5.276890600712013679e+01,5.039775369568336316e+01,4.813830474167622953e+01,4.599328346841133452e+01,4.396469084272130345e+01,4.205397336685786058e+01,4.026210060027396054e+01,3.858956823236855627e+01,3.703634823032091106e+01,3.560180922972329398e+01,3.428462934295843922e+01,3.308272048130110932e+01,3.199317879750373095e+01,3.101227066033533220e+01,3.013545832099257993e+01,2.935746465851420339e+01,2.867237248208028433e+01,2.807375104550880707e+01,2.755480076382868404e+01,2.710850655516559726e+01,2.672779060898133707e+01,2.640565648964124534e+01,2.613531808251662980e+01
2.500077336443994369e+01,2.500103754609006401e+01,2.500138876074021610e+01,2.500185573476811740e+01,2.500247733051926247e+01,2.500330656568562304e+01,2.500441636967856240e+01,2.500590782068962170e+01,2.500792189658745457e+01,2.501065616368291700e+01,2.501438835885442202e+01,2.501950955320596748e+01,2.502657061177414732e+01,2.503634711583449501e+01,2.504992995817388746e+01,2.506885161901044512e+01,2.509526173879033806e+01,2.513216978712541305e+01,2.518377655935603698e+01,2.525591813841995403e+01,2.535664281045123758e+01,2.549692892581757064e+01,2.569152491941567007e+01,2.595984764161293867e+01,2.632681135595949939e+01,2.682338362310670021e+01,2.748659188486813321e+01,2.835866226451704009e+01,2.948499302443646997e+01,3.091078017243663112e+01,3.267633700242465977e+01,3.481146762112402371e+01,3.732961159126622874e+01,4.022278017589336940e+01,4.345844331853645315e+01,4.697940494611682993e+01,5.070728232198172947e+01,5.454952912917516272e+01,5.840915022921499400e+01,6.219555190460892646e+01,6.583456526611193738e+01,6.927571969334231028e+01,7.249535497083007840e+01,7.549503276292369947e+01,7.829571658302134551e+01,8.092906821850085919e+01,8.342773313894609544e+01,8.581654368222476137e+01,8.810618187629276576e+01,9.029015846060067929e+01,9.234518904609767276e+01,9.423438370974471923e+01,9.591224989336959084e+01,9.733038603473683281e+01,9.844287540845580509e+01,9.921068221668748777e+01,9.960469624109755671e+01,9.960737829876234173e+01,9.921317356473392124e+01,9.842797014466357552e+01,9.726790227869690852e+01,9.575776218121951899e+01,9.392922390940825039e+01,9.181902135152402877e+01,8.946717412942157921e+01,8.691532378883690058e+01,8.420522540737160000e+01,8.137743106142691829e+01,7.847019578107726545e+01,7.551862961384644279e+01,7.255410930084524068e+01,6.960394987144771051e+01,6.669132155342450119e+01,6.383538277956428431e+01,6.105158777805996095e+01,5.835211887152361498e+01,5.574639011584105219e+01,5.324157047202042747e+01,5.084308081747954589e+01,4.855502872821659821e+01,4.638055673383276911e+01,4.432209219293178393e+01,4.238149868448149959e+01,4.056013874475023329e+01,3.885886513877692039e+01,3.727796227352717295e+01,3.581706084692875436e+01,3.447504770781439731e+01,3.324998972683844300e+01,3.213908592270043840e+01,3.113865685379735737e+01,3.024417501989013246e+01,2.945033525326139312e+01,2.875116019520912047e+01,2.814013317070196862e+01,2.761034915796956923e+01,2.715467403836277782e+01,2.676590274692624405e+01,2.643690810817624026e+01,2.616077379202141984e+01
2.500088218522089534e+01,2.500118255132047906e+01,2.500158114882660243e+01,2.500210992661352094e+01,2.500281184432796877e+01,2.500374512751336553e+01,2.500498932903218119e+01,2.500665396417844377e+01,2.500889078552881983e+01,2.501191116790964486e+01,2.501601062566832212e+01,2.502160324892583532e+01,2.502926992246214155e+01,2.503982572331833723e+01,2.505441406150916706e+01,2.507463810924630110e+01,2.510274392428422630e+01,2.514187416430429423e+01,2.519641553335551976e+01,2.527246520184603895e+01,2.537843815677449300e+01,2.552582417185284669e+01,2.573007454995283894e+01,2.601155068796111536e+01,2.639639835743256313e+01,2.691713022047746762e+01,2.761262171874489013e+01,2.852718033475566983e+01,2.970837080056845281e+01,3.120340221714583606e+01,3.305412342934986469e+01,3.529101398203155071e+01,3.792694041798065996e+01,4.095177236627412043e+01,4.432910085168637693e+01,4.799617019127113338e+01,5.186768177683112668e+01,5.584340247683314828e+01,5.981866087137423449e+01,6.369605905383701128e+01,6.739629192043865658e+01,7.086600768493909186e+01,7.408119208426775515e+01,7.704549387424796691e+01,7.978399097685897345e+01,8.233383959684843489e+01,8.473381204127413469e+01,8.701479054319659667e+01,8.919287097654908791e+01,9.126599718717253040e+01,9.321421670551336547e+01,9.500293758276768585e+01,9.658812102286081824e+01,9.792221431162975875e+01,9.895977080748218668e+01,9.966201758682960588e+01,1.000000000000000000e+02,9.995625930740479248e+01,9.952522817464398486e+01,9.871264484129368100e+01,9.753430773583809810e+01,9.601445157571517086e+01,9.418395826661046044e+01,9.207854776519634754e+01,8.973704040860013720e+01,8.719974737134094767e+01,8.450702710037478482e+01,8.169803679311890221e+01,7.880970306399368042e+01,7.587593037644695926e+01,7.292705733783084554e+01,6.998955935217087188e+01,6.708598261999084400e+01,6.423508099241730918e+01,6.145211572949889955e+01,5.874927039461961442e+01,5.613612990236393330e+01,5.362017435293384438e+01,5.120724427452505267e+01,4.890194326463652175e+01,4.670795545224861200e+01,4.462826726618646234e+01,4.266529435314743068e+01,4.082092405261548151e+01,3.909649086419673836e+01,3.749270648173029485e+01,3.600956723394104131e+01,3.464626048925403978e+01,3.340108830004257356e+01,3.227142194825153609e+01,3.125369580482305309e+01,3.034344366853575181e+01,2.953537602915593396e+01,2.882349287834854579e+01,2.820122398165857547e+01,2.766158698632857593e+01,2.719735330544817842e+01,2.680121222701333039e+01,2.646592492650955109e+01,2.618446176924371116e+01
2.500100169587756938e+01,2.500134175119577762e+01,2.500179228364075712e+01,2.500238873989246713e+01,2.500317851038932560e+01,2.500422542674963466e+01,2.500561613277501394e+01,2.500746911835553021e+01,2.500994751273806216e+01,2.501327715055067102e+01,2.501777199524851625e+01,2.502386980018878404e+01,2.503218201486056316e+01,2.504356355733607842e+01,2.505921036926275036e+01,2.508079583947314006e+01,2.511066130257077234e+01,2.515208063025300689e+01,2.520962350295748067e+01,2.528964425605675004e+01,2.540091977695826841e+01,2.555544587410710733e+01,2.576937119066539950e+01,2.606399649686350628e+01,2.646669453340431843e+01,2.701151879240745046e+01,2.773918710029987267e+01,2.869607780233627636e+01,2.993190065531663890e+01,3.149583658827784660e+01,3.343119756992573599e+01,3.576902236539846314e+01,3.852143269112153945e+01,4.167592106401034613e+01,4.519189925124273088e+01,4.900069521332160605e+01,5.300970089287464759e+01,5.711059615409741497e+01,6.119066459527489599e+01,6.514540810803913473e+01,6.889020036872679498e+01,7.236876394659110190e+01,7.555684275844390640e+01,7.846044228972736789e+01,8.110916783440512745e+01,8.354620062083517951e+01,8.581705553723787716e+01,8.795933137806811430e+01,8.999522380147504919e+01,9.192778852703354175e+01,9.374105614300724199e+01,9.540334092194852644e+01,9.687261142063677255e+01,9.810265259046184383e+01,9.904890208192338719e+01,9.967317935997697020e+01,9.994692018254222887e+01,9.985287756665928782e+01,9.938549309251379782e+01,9.855026410533795911e+01,9.736245195015148113e+01,9.584542975730290948e+01,9.402889287311219846e+01,9.194707949258030055e+01,8.963708960408769144e+01,8.713735182507761579e+01,8.448626722741312278e+01,8.172105041489751898e+01,7.887678426031095569e+01,7.598570084323100104e+01,7.307669460739170120e+01,7.017506408918015381e+01,6.730246679560488587e+01,6.447705975340242901e+01,6.171378786341291089e+01,5.902477508348685120e+01,5.641977061575870778e+01,5.390660395974555996e+01,5.149160850943476930e+01,4.917998239093667223e+01,4.697606619987441690e+01,4.488352883349152478e+01,4.290546343393728534e+01,4.104440451711288063e+01,3.930228394370647038e+01,3.768034715954955516e+01,3.617905211542264254e+01,3.479797179772580051e+01,3.353571790207673331e+01,3.238989852059463459e+01,3.135711747227852442e+01,3.043301770970678177e+01,2.961236659447062181e+01,2.888917710960084406e+01,2.825685647179664173e+01,2.770837217187433765e+01,2.723642513536203680e+01,2.683362029072034005e+01,2.649262613759027474e+01,2.620631667643227658e+01
2.500113214141514106e+01,2.500151547162748500e+01,2.500202259653231351e+01,2.500269274258221230e+01,2.500357807268641608e+01,2.500474843273562442e+01,2.500629803698014442e+01,2.500835490172521958e+01,2.501109415171418959e+01,2.501475675225596973e+01,2.501967580999215812e+01,2.502631341102814133e+01,2.503531214250049430e+01,2.504756713895811515e+01,2.506432691947772184e+01,2.508733464482810049e+01,2.511902581249458066e+01,2.516280355038623284e+01,2.522341757914100668e+01,2.530747543757681584e+01,2.542411101795099171e+01,2.558582059771773132e+01,2.580944434703312140e+01,2.611721682521234200e+01,2.653773267719003925e+01,2.710658137758936803e+01,2.786631705093457256e+01,2.886537832348751209e+01,3.015559927440736843e+01,3.178809357878124331e+01,3.380756828650070389e+01,3.624551258876654458e+01,3.911314282266690867e+01,4.239535457397535367e+01,4.604710025345045210e+01,4.999345914775193478e+01,5.413414773376918276e+01,5.835238765529400951e+01,6.252707696239418311e+01,6.654634608430760068e+01,7.032008132535612788e+01,7.378904592195721079e+01,7.692885538413705149e+01,7.974813238601377918e+01,8.228140305619828609e+01,8.457837517542199635e+01,8.669188456389522912e+01,8.866686910240152031e+01,9.053226097254216143e+01,9.229685397531164881e+01,9.394925863454488990e+01,9.546124936570957686e+01,9.679330292926270829e+01,9.790098129899087098e+01,9.874097617256911974e+01,9.927599117776168214e+01,9.947805787563994784e+01,9.933025254241680102e+01,9.882703788056745964e+01,9.797358117370671948e+01,9.678441828899772759e+01,9.528177995306370462e+01,9.349381306986130369e+01,9.145284642938881348e+01,8.919378453512049987e+01,8.675267081248043155e+01,8.416543921312839416e+01,8.146686438381907180e+01,7.868971793238210921e+01,7.586413639850061941e+01,7.301720226174944628e+01,7.017273189698934743e+01,6.735125464625835434e+01,6.457015681006038221e+01,6.184395525527423843e+01,5.918465908089591210e+01,5.660217538161930406e+01,5.410471691809919292e+01,5.169917510381326053e+01,4.939143029681994790e+01,4.718658175998628224e+01,4.508909052764107628e+01,4.310283856666157476e+01,4.123111604808694608e+01,3.947655457672366452e+01,3.784102754787620881e+01,3.632553944649711752e+01,3.493012419948645686e+01,3.365376916826397036e+01,3.249437666980976047e+01,3.144876970407459993e+01,3.051274345050989467e+01,2.968115956894857987e+01,2.894807674593259605e+01,2.830690845618886442e+01,2.775059760307103573e+01,2.727179748164619255e+01,2.686304920392211315e+01,2.651694711305379215e+01,2.622628554684676061e+01
2.500127363001211478e+01,2.500170385700727493e+01,2.500227227940037267e+01,2.500302218864183956e+01,2.500401086591556776e+01,2.500531458479029823e+01,2.500703561604165870e+01,2.500931206249119043e+01,2.501233167367045596e+01,2.501635122972536251e+01,2.502172369150092734e+01,2.502893616910899510e+01,2.503866298834405058e+01,2.505183991200418703e+01,2.506976812926034981e+01,2.509426018794500379e+01,2.512784470919063295e+01,2.517405220957662593e+01,2.523780961745457319e+01,2.532597382443544021e+01,2.544803093870557831e+01,2.561697222781785044e+01,2.585032362763403668e+01,2.617124791644751625e+01,2.660955658407166879e+01,2.720237032956645606e+01,2.799407385792182978e+01,2.903515648592307485e+01,3.037955805157427847e+01,3.208028990115645485e+01,3.418339288510188823e+01,3.672070830946376674e+01,3.970240168037612705e+01,4.311057218199991325e+01,4.689545850489763268e+01,5.097558952073406147e+01,5.524267429494636872e+01,5.957114046236862492e+01,6.383119397073220824e+01,6.790335201090761075e+01,7.169186924898735924e+01,7.513452755189487675e+01,7.820692697977503371e+01,8.092055437048887256e+01,8.331522370321719961e+01,8.544763235959641179e+01,8.737846650264276605e+01,8.916056819091869556e+01,9.083017908187605371e+01,9.240238929616951680e+01,9.387091616335520428e+01,9.521147824572393858e+01,9.638749368094131853e+01,9.735667758336077782e+01,9.807728887994331046e+01,9.851315940754925293e+01,9.863708504696043633e+01,9.843255247811768527e+01,9.789404707994361843e+01,9.702632052464196022e+01,9.584301256716585726e+01,9.436496177646694150e+01,9.261844759190796594e+01,9.063351434743236723e+01,8.844245576581718637e+01,8.607849180470071815e+01,8.357464563275024716e+01,8.096281969155954528e+01,7.827306851524869558e+01,7.553306620382076630e+01,7.276776467153122496e+01,6.999923388422965331e+01,6.724666785266182956e+01,6.452653170426269469e+01,6.185281751691579899e+01,5.923737132507577030e+01,5.669025182144260100e+01,5.422008313932930434e+01,5.183436944580543582e+01,4.953974713425971288e+01,4.734216008701172029e+01,4.524695357288403841e+01,4.325889170431343445e+01,4.138211106785999505e+01,3.962002853096486632e+01,3.797522403100542476e+01,3.644931941576346901e+01,3.504287245012535124e+01,3.375530145160215056e+01,3.258485129177938688e+01,3.152860634348567004e+01,3.058255094758614945e+01,2.974167358957978990e+01,2.900010754155809423e+01,2.835129841388647520e+01,2.778818790493890845e+01,2.730340294938654466e+01,2.688944027224155064e+01,2.653883783146762809e+01,2.624432653188478781e+01
2.500142611236935153e+01,2.500190684265518826e+01,2.500254124808393641e+01,2.500337696955493527e+01,2.500447675157935734e+01,2.500592370820966792e+01,2.500782865259557752e+01,2.501034033468398121e+01,2.501365975991070556e+01,2.501806021145526060e+01,2.502391522299586413e+01,2.503173763307597355e+01,2.504223412867299103e+01,2.505638154623845537e+01,2.507553388826448071e+01,2.510157277798024467e+01,2.513711902289313826e+01,2.518582879695628662e+01,2.525280357771974593e+01,2.534514597025946259e+01,2.547268975303925487e+01,2.564891597038005600e+01,2.589203084176275382e+01,2.622612009197901628e+01,2.668220735362291407e+01,2.729894032155621630e+01,2.812252949462048690e+01,2.920550701807131233e+01,3.060390305414327017e+01,3.237259689868028545e+01,3.455891050956353183e+01,3.719495191420144664e+01,4.028970859368804014e+01,4.382230814994579049e+01,4.773805163210555946e+01,5.194865167445577470e+01,5.633751777482007128e+01,6.076998891036417660e+01,6.510731161312088489e+01,6.922218176714008564e+01,7.301310273488904556e+01,7.641486541810611754e+01,7.940316551125313538e+01,8.199258377312492030e+01,8.422855660985138115e+01,8.617518752764286205e+01,8.790148372302463997e+01,8.946868795591765888e+01,9.092084844361662022e+01,9.227982927336846330e+01,9.354489867605188635e+01,9.469612091873216286e+01,9.570020910067465536e+01,9.651733343689855360e+01,9.710756713731328205e+01,9.743605872976138471e+01,9.747649425371862719e+01,9.721283007637023843e+01,9.663956411786830358e+01,9.576095200345500302e+01,9.458958847781346435e+01,9.314470754310741540e+01,9.145045331509479070e+01,8.953427315600777092e+01,8.742550568774720432e+01,8.515418532316603262e+01,8.275005891562327065e+01,8.024180135166511718e+01,7.765641708970011337e+01,7.501881719187585418e+01,7.235156233142198801e+01,6.967476008940485599e+01,6.700609991861165327e+01,6.436100282105741144e+01,6.175285676561017567e+01,5.919330468703834924e+01,5.669255058900035493e+01,5.425965123451621253e+01,5.190276596010019716e+01,4.962934461960929866e+01,4.744624256213702296e+01,4.535976076191719386e+01,4.337561768734157397e+01,4.149886635560201853e+01,3.973377469034419818e+01,3.808368952767404636e+01,3.655090445914520814e+01,3.513654947872708334e+01,3.384051661877989403e+01,3.266143101979348984e+01,3.159667179491809108e+01,3.064244217922297508e+01,2.979388424063422036e+01,2.904523017998562295e+01,2.838998011887750295e+01,2.782109528563884737e+01,2.733119556702262187e+01,2.691275131894117223e+01,2.655826089731913697e+01,2.626040733700660468e+01
2.500158936246651820e+01,2.500212412912455662e+01,2.500282910818388160e+01,2.500375656903081634e+01,2.500497505814590227e+01,2.500657493544809995e+01,2.500867603396732264e+01,2.501143830239520938e+01,2.501507662410747201e+01,2.501988146532832147e+01,2.502624764551554293e+01,2.503471443535443797e+01,2.504602151337451943e+01,2.506118725644785172e+01,2.508161866495932912e+01,2.510926619504768453e+01,2.514684200904181566e+01,2.519812635765519815e+01,2.526839281115834623e+01,2.536498630440229718e+01,2.549808404621957436e+01,2.568165199157465040e+01,2.593457154182906166e+01,2.628184651504730951e+01,2.675570848801620372e+01,2.739632863465310919e+01,2.825173963547981870e+01,2.937651067941346028e+01,3.082875047096454324e+01,3.266518268256883317e+01,3.493436746078164390e+01,3.766860878637846355e+01,4.087560952511329049e+01,4.453137786574232848e+01,4.857608751064861963e+01,5.291440933631355392e+01,5.742120567643323170e+01,6.195247816113989359e+01,6.636029027882185005e+01,7.050934585343338767e+01,7.429230421138139207e+01,7.764096883812896976e+01,8.053123913050797000e+01,8.298099925847500913e+01,8.504160533642878761e+01,8.678493056179273424e+01,8.828870744327851128e+01,8.962299880250417061e+01,9.084007148834281509e+01,9.196895124548288436e+01,9.301480923224040964e+01,9.396236556564338116e+01,9.478189390059507957e+01,9.543623974752013339e+01,9.588746493625156120e+01,9.610216225305022419e+01,9.605498714747778877e+01,9.573039479391061946e+01,9.512287324825969392e+01,9.423610795267157414e+01,9.308152439476532436e+01,9.167658147024241089e+01,9.004307721037061185e+01,8.820561910411797157e+01,8.619032523443084415e+01,8.402376698102693808e+01,8.173213600303731141e+01,7.934060950152993996e+01,7.687288948334349925e+01,7.435089674319763731e+01,7.179460408694586704e+01,6.922199406191393223e+01,6.664912420169383722e+01,6.409027872188968900e+01,6.155818131893675371e+01,5.906424070613125110e+01,5.661879981032188169e+01,5.423136161448689307e+01,5.191076936053516278e+01,4.966532565129280385e+01,4.750284303220109905e+01,4.543062688597785836e+01,4.345539897297091869e+01,4.158317590835304856e+01,3.981912076187163763e+01,3.816738757606126597e+01,3.663097799621738204e+01,3.521162670573791331e+01,3.390972845109456557e+01,3.272431469802365456e+01,3.165308296942087196e+01,3.069247720151806291e+01,2.983781343558604604e+01,2.908344211917128774e+01,2.842293636250242628e+01,2.784929468872130087e+01,2.735514702852112379e+01,2.693295375973459471e+01,2.657518925411289601e+01,2.627450342634967839e+01
2.500176296051311198e+01,2.500235515941764675e+01,2.500313512472337862e+01,2.500416002273757243e+01,2.500550452776327859e+01,2.500726663578279485e+01,2.500957565952069928e+01,2.501260327791490212e+01,2.501657885216492261e+01,2.502181068824236121e+01,2.502871558145497843e+01,2.503785991847670545e+01,2.505001698678563926e+01,2.506624716981442091e+01,2.508801066930667290e+01,2.511732657897985277e+01,2.515699766949123983e+01,2.521092681984028516e+01,2.528455742233589731e+01,2.538547359875975573e+01,2.552419203840752004e+01,2.571515906704038557e+01,2.597792651452616752e+01,2.633841180889517730e+01,2.683005070527115876e+01,2.749453496205298819e+01,2.838171691019013210e+01,2.954819901202750287e+01,3.105416041356091128e+01,3.295815194807418891e+01,3.530993930932173441e+01,3.814196721467644835e+01,4.146056939799132124e+01,4.523851625417304945e+01,4.941070140041962588e+01,5.387457206439471236e+01,5.849624410033377586e+01,6.312218289037610219e+01,6.759509250949270154e+01,7.177155420545918219e+01,7.553831937370762262e+01,7.882422138278769808e+01,8.160546753922791652e+01,8.390343235055834725e+01,8.577564801720694732e+01,8.730206336832024760e+01,8.856946867570371751e+01,8.965708318359698126e+01,9.062571347166441171e+01,9.151183883312049261e+01,9.232678776117411701e+01,9.306014982438198047e+01,9.368593221198179322e+01,9.416979011091497398e+01,9.447587218875754900e+01,9.457227946052610434e+01,9.443466756376389526e+01,9.404798841819216193e+01,9.340668544180748256e+01,9.251380690117922256e+01,9.137951119965289593e+01,9.001935608590446236e+01,8.845264322837658710e+01,8.670097094971498564e+01,8.478705466886580666e+01,8.273381451008052068e+01,8.056369944269859218e+01,7.829820866878779384e+01,7.595757429348131495e+01,7.356057684780601846e+01,7.112447202024344506e+01,6.866501072567635333e+01,6.619653517360958972e+01,6.373213188727938672e+01,6.128382015517111370e+01,5.886275259796689596e+01,5.647940445553081190e+01,5.414373035836541703e+01,5.186527172772320426e+01,4.965320408450826051e+01,4.751632067753740785e+01,4.546295607484875489e+01,4.350085983473893236e+01,4.163703538067328225e+01,3.987756228282774629e+01,3.822742111397863596e+01,3.669033898393078630e+01,3.526867107535613144e+01,3.396332947313376138e+01,3.277376584713942265e+01,3.169800966718308644e+01,3.073275909105362302e+01,2.987351785949267224e+01,2.911476871141633538e+01,2.845017211796722734e+01,2.787277851797895778e+01,2.737524260976401536e+01,2.695002943077102842e+01,2.658960371183968263e+01,2.628659608898536959e+01
2.500194627889749555e+01,2.500259910018796461e+01,2.500345819708318729e+01,2.500458588497965806e+01,2.500606327207056978e+01,2.500799635683364741e+01,2.501052436337826279e+01,2.501383119969594659e+01,2.501816126752220626e+01,2.502384132820830231e+01,2.503131079931994307e+01,2.504116382343830693e+01,2.505420787385183345e+01,2.507154577481101754e+01,2.509469111660527574e+01,2.512573144290248806e+01,2.516755942681078295e+01,2.522419920845311836e+01,2.530126185753309542e+01,2.540656770778042528e+01,2.555096917619663444e+01,2.574938862364799519e+01,2.602204374010829113e+01,2.639576123208082237e+01,2.690517741483913383e+01,2.759350200027066791e+01,2.851240509264416190e+01,2.972052020162832520e+01,3.128009203133999350e+01,3.325148734036469023e+01,3.568565482283675294e+01,3.861514040428043870e+01,4.204484682477404078e+01,4.594421887615499145e+01,5.024275601968233929e+01,5.483054580957664825e+01,5.956480921947593998e+01,6.428232906754615783e+01,6.881632356443017784e+01,7.301516330524222553e+01,7.675965815028492045e+01,7.997570289862989057e+01,8.263991257183555206e+01,8.477731485227417352e+01,8.645183117162494568e+01,8.775173144197819397e+01,8.877312123157022938e+01,8.960462654494949675e+01,9.031582109602685193e+01,9.095083154665064740e+01,9.152729875805175652e+01,9.203979755657061901e+01,9.246614821862824840e+01,9.277486371897381900e+01,9.293220147249516572e+01,9.290777110275389816e+01,9.267821089337861906e+01,9.222893654057295976e+01,9.155430006895201700e+01,9.065665321793504461e+01,8.954481650718524577e+01,8.823236571124638772e+01,8.673601714739891122e+01,8.507426516604891731e+01,8.326632463054909294e+01,8.133136638132705798e+01,7.928800148545902005e+01,7.715396148698158640e+01,7.494592681110793819e+01,7.267946559467615941e+01,7.036905503972838005e+01,6.802816425143646484e+01,6.566938090723809296e+01,6.330456480707197642e+01,6.094501073904696398e+01,5.860160254080976472e+01,5.628494079931663663e+01,5.400542888259583663e+01,5.177330600724678789e+01,4.959862146278338457e+01,4.749115029778131714e+01,4.546025694959007524e+01,4.351471871174841510e+01,4.166252496125841986e+01,3.991067030969556129e+01,3.826496014957700709e+01,3.672984553911915384e+01,3.530830130915888532e+01,3.400175713322947502e+01,3.281008659352335144e+01,3.173165451937288850e+01,3.076341852872624116e+01,2.990107712219858982e+01,2.913925409311080017e+01,2.847170752436210606e+01,2.789155122322828717e+01,2.739147698006016185e+01,2.696396733962614789e+01,2.660149041986374385e+01,2.629667046831011845e+01
2.500213847192193839e+01,2.500285482798414094e+01,2.500379684062000507e+01,2.500503220419454564e+01,2.500664873959559031e+01,2.500876078124054303e+01,2.501151785688808360e+01,2.501511655594028483e+01,2.501981682957509534e+01,2.502596444910219731e+01,2.503402203323238595e+01,2.504461204811686059e+01,2.505857665569458703e+01,2.507706148392009027e+01,2.510163363594893227e+01,2.513444887025482544e+01,2.517848903103632097e+01,2.523789815332589370e+01,2.531845286589833677e+01,2.542820678075846530e+01,2.557834432305277872e+01,2.578425954172511325e+01,2.606683131875913162e+01,2.645379108556325320e+01,2.698097176411441822e+01,2.769309804530792007e+01,2.864365584850908775e+01,2.989330819978817289e+01,3.150636277299874166e+01,3.354499607112182957e+01,3.606132650761599479e+01,3.908797676454183545e+01,4.262837911163799731e+01,4.664859567717924449e+01,5.107265704444171206e+01,5.578320210668672985e+01,6.062846103225920302e+01,6.543544211996677973e+01,7.002780293873203732e+01,7.424565927819287481e+01,7.796387714873424102e+01,8.110545895615624090e+01,8.364752258630325343e+01,8.561888686390733483e+01,8.709003127359039809e+01,8.815773065470594361e+01,8.892758764115230008e+01,8.949779899389673687e+01,8.994683965174127138e+01,9.032658054334780218e+01,9.066103242600119927e+01,9.094977584416149341e+01,9.117443311312196386e+01,9.130633980120418869e+01,9.131381054110167383e+01,9.116790291929889634e+01,9.084617409771614405e+01,9.033444117767918158e+01,8.962690689987717008e+01,8.872517493231021035e+01,8.763668364271674704e+01,8.637299010832344948e+01,8.494819595043917104e+01,8.337766914011601216e+01,8.167710790450560410e+01,7.986192332348029765e+01,7.794688288514306862e+01,7.594594872874702673e+01,7.387225085666349855e+01,7.173814830262023179e+01,6.955534411258850014e+01,6.733502995930055590e+01,6.508804245766745566e+01,6.282501637097243474e+01,6.055652113954041482e+01,5.829316785231200271e+01,5.604567497856777436e+01,5.382488350796378995e+01,5.164171577304844618e+01,4.950707691061948879e+01,4.743170313876711930e+01,4.542596613177668274e+01,4.349964711491293201e+01,4.166169734215677067e+01,3.992000302247755883e+01,3.828117241264023818e+01,3.675036080844083841e+01,3.533114583931992314e+01,3.402546122923075700e+01,3.283359251590097472e+01,3.175423360295770081e+01,3.078459887665047390e+01,2.992058227382386093e+01,2.915695234277263026e+01,2.848757107210210293e+01,2.790562404027580001e+01,2.740385013456832297e+01,2.697476051367391037e+01,2.661083842032811120e+01,2.630471365956763208e+01
2.500233847006155230e+01,2.500312092152309162e+01,2.500414917628542710e+01,2.500549650902131305e+01,2.500725769706571100e+01,2.500955570158038910e+01,2.501255069491553584e+01,2.501645233920091016e+01,2.502153657235094286e+01,2.502816864751719805e+01,2.503683486971138805e+01,2.504818649239627248e+01,2.506310075676243088e+01,2.508276633981153481e+01,2.510880386303444212e+01,2.514343694870543899e+01,2.518973577098164185e+01,2.525196278919522896e+01,2.533605796550766343e+01,2.545030512560441949e+01,2.560621679171530474e+01,2.581965404715446510e+01,2.611215180968760663e+01,2.651234095277416003e+01,2.705724606402924337e+01,2.779310267525268330e+01,2.877520948109816956e+01,3.006625701257685890e+01,3.173261429907222464e+01,3.383826505616505642e+01,3.643649200186794701e+01,3.955998392090990734e+01,4.321068448574099108e+01,4.735124616692782240e+01,5.190019503947740986e+01,5.673267956635633169e+01,6.168789622279169294e+01,6.658304200723245003e+01,7.123219163878071925e+01,7.546720667085354251e+01,7.915703879745225890e+01,8.222185909290615768e+01,8.463937879943874520e+01,8.644232087853794155e+01,8.770784740601459362e+01,8.854136086221228652e+01,8.905806814885384881e+01,8.936581657678236468e+01,8.955202628305833912e+01,8.967631667675577489e+01,8.976903356867015304e+01,8.983469411283287798e+01,8.985862710250407304e+01,8.981487823235730161e+01,8.967369999534732017e+01,8.940748112837798089e+01,8.899459151108831634e+01,8.842116048343746115e+01,8.768117373685592497e+01,8.677544300198017879e+01,8.571000527171864292e+01,8.449440356320913281e+01,8.314015125492505831e+01,8.165953518249298781e+01,8.006479724806783338e+01,7.836766000277347644e+01,7.657912519790426131e+01,7.470946578214710598e+01,7.276833995854227055e+01,7.076497116876362270e+01,6.870835374415102592e+01,6.660745698497791523e+01,6.447140949521275388e+01,6.230965110481448477e+01,6.013204277851177437e+01,5.794892681507232624e+01,5.577113145179510667e+01,5.360991638531999115e+01,5.147685895268320166e+01,4.938368465971831966e+01,4.734205000194311452e+01,4.536328956216275543e+01,4.345814264536400628e+01,4.163647677776841505e+01,3.990702597477560687e+01,3.827716069619587813e+01,3.675270398023749863e+01,3.533780466994618763e+01,3.403487432008057567e+01,3.284458975295046912e+01,3.176595876376749317e+01,3.079644254509784673e+01,2.993212529602152827e+01,2.916791937999110118e+01,2.849779335441102646e+01,2.791501016695248438e+01,2.741236366608094244e+01,2.698240311557329463e+01,2.661763741430339181e+01,2.631071297875489279e+01
2.500254497939937792e+01,2.500339566086470100e+01,2.500451292940828552e+01,2.500597580648646812e+01,2.500788622668026662e+01,2.501037601623353979e+01,2.501361626953893591e+01,2.501783003672225902e+01,2.502330958966686225e+01,2.503044002993724604e+01,2.503973171259199759e+01,2.505186500437167751e+01,2.506775246263343249e+01,2.508862589034000834e+01,2.511615925114848125e+01,2.515264348622512713e+01,2.520123605084049601e+01,2.526631612930547277e+01,2.535398452443293849e+01,2.547275187266748020e+01,2.563445441913098932e+01,2.585541496397775774e+01,2.615781834759427582e+01,2.657118826282709989e+01,2.713373425044360943e+01,2.789319639557557551e+01,2.890668083907423025e+01,3.023890169199869860e+01,3.195828706178004097e+01,3.413062720205688549e+01,3.681036972146924313e+01,4.003027081839694290e+01,4.379078710898149751e+01,4.805116305985417569e+01,5.272442262744251451e+01,5.767822860344246294e+01,6.274275358792785795e+01,6.772540162198961866e+01,7.243069505348678661e+01,7.668228666191515686e+01,8.034327535604221282e+01,8.333107695378481594e+01,8.562408209210923360e+01,8.725900636441819813e+01,8.831977570436825431e+01,8.892048366186521946e+01,8.918597698860223488e+01,8.923375337070531543e+01,8.916013758358366204e+01,8.903241589530026090e+01,8.888714984413097397e+01,8.873364309088208302e+01,8.856075966045918335e+01,8.834507423738855891e+01,8.805859789641303337e+01,8.767488432419878563e+01,8.717297285456953659e+01,8.653919263659534522e+01,8.576723628103141550e+01,8.485708701988610869e+01,8.381338398240333731e+01,8.264369801429259610e+01,8.135703081764995659e+01,7.996269401498220475e+01,7.846960195957403528e+01,7.688593309224171435e+01,7.521907603509487217e+01,7.347576808432202711e+01,7.166234342721929806e+01,6.978502613577543912e+01,6.785022177759083206e+01,6.586477747489465173e+01,6.383619204164347849e+01,6.177276563864430869e+01,5.968368321462190096e+01,5.757902907373179602e+01,5.546973230175858305e+01,5.336744522747515873e+01,5.128435993152983485e+01,4.923297102728908214e+01,4.722579625078564902e+01,4.527506939357969884e+01,4.339242235323328600e+01,4.158857419769776698e+01,3.987304492328768646e+01,3.825390998949418986e+01,3.673760887206017145e+01,3.532881706946098177e+01,3.403038660671865756e+01,3.284335552600806096e+01,3.176702254450745855e+01,3.079907934585067864e+01,2.993579010995610545e+01,2.917220602587541833e+01,2.850240171234180409e+01,2.791972063066748433e+01,2.741701757581636301e+01,2.698688798220931773e+01,2.662187586332375844e+01,2.631465449926233191e+01
2.500275648676843332e+01,2.500367703419751564e+01,2.500488543858500634e+01,2.500646659356069890e+01,2.500852974100344639e+01,2.501121574838932915e+01,2.501470683403341155e+01,2.501923966031249336e+01,2.502512307175607376e+01,2.503276225678101952e+01,2.504269183468750271e+01,2.505562143895520677e+01,2.507249898338316996e+01,2.509459925205106856e+01,2.512364912638970083e+01,2.516200604388900786e+01,2.521291337807080168e+01,2.528086497393297805e+01,2.537211953877415027e+01,2.549541054828835129e+01,2.566289283081722417e+01,2.589134452424577759e+01,2.620359279977336797e+01,2.663004552852390461e+01,2.721008784982000250e+01,2.799295486907994146e+01,2.903755120815015545e+01,3.041060711162281294e+01,3.218260496651760150e+01,3.442114068001200877e+01,3.718183113153149577e+01,4.049751095874798068e+01,4.436716874832192303e+01,4.874666926120629284e+01,5.354357301047552653e+01,5.861810699170161598e+01,6.379148137052853684e+01,6.886137990815414867e+01,7.362285518974215393e+01,7.789144119635130892e+01,8.152447736083985319e+01,8.443671532779231370e+01,8.660730706332395812e+01,8.807702571730894192e+01,8.893660086414499233e+01,8.930882420542572220e+01,8.932815064291243345e+01,8.912165398489418067e+01,8.879444600917354080e+01,8.842132127144081721e+01,8.804486324800438979e+01,8.767894174230420390e+01,8.731572001223383950e+01,8.693406250304468585e+01,8.650750933887522365e+01,8.601057181753948555e+01,8.542278476739855364e+01,8.473054569673232095e+01,8.392717171685762878e+01,8.301178774719875264e+01,8.198765835875363450e+01,8.086045621432255359e+01,7.963679092880386179e+01,7.832315683733921219e+01,7.692532813899163102e+01,7.544814619645559617e+01,7.389560302699359795e+01,7.227111644273161062e+01,7.057790341010962720e+01,6.881937829099970827e+01,6.699952420810879516e+01,6.512320460475291384e+01,6.319639647648511271e+01,6.122633675574865464e+01,5.922157982828378664e+01,5.719196833211877617e+01,5.514852231929692294e+01,5.310325433273268914e+01,5.106892039063420441e+01,4.905871937025311524e+01,4.708595568153423017e+01,4.516368211554730294e+01,4.330434100265497932e+01,4.151942203784668095e+01,3.981915416309099953e+01,3.821224672933774968e+01,3.670569193760436377e+01,3.530463655073459961e+01,3.401232643080336970e+01,3.283012298112721083e+01,3.175758642919794994e+01,3.079261739173249524e+01,2.993164554159956126e+01,2.916985257209741178e+01,2.850141604705245513e+01,2.791976106358868392e+01,2.741780779402568768e+01,2.698820472220700140e+01,2.662353953325568057e+01,2.631652194090583308e+01
2.500297127097720207e+01,2.500396275273771707e+01,2.500526367534574845e+01,2.500696488297074538e+01,2.500918301664441756e+01,2.501206808972530027e+01,2.501581355915575600e+01,2.502066981838132165e+01,2.502696239680134838e+01,2.503511665780021644e+01,2.504569152203650972e+01,2.505942583648896260e+01,2.507730267242476430e+01,2.510063937510744125e+01,2.513121500397354424e+01,2.517145230742563200e+01,2.522467879138786273e+01,2.529550039164495345e+01,2.539033015734825227e+01,2.551811962348905993e+01,2.569133598084453141e+01,2.592720484876254972e+01,2.624918611369664490e+01,2.668856045657769016e+01,2.728587570887565050e+01,2.809184807132018946e+01,2.916716663269035337e+01,3.058056510760304292e+01,3.240457086918107166e+01,3.470858216087739123e+01,3.754939089408418340e+01,4.095992836697899975e+01,4.493774912589567805e+01,4.943539074612157691e+01,5.435502302889807424e+01,5.954953019500129585e+01,6.483127135987176359e+01,6.998833562835773137e+01,7.480643944839023618e+01,7.909313164771631932e+01,8.270011673007383024e+01,8.553958811734958090e+01,8.759153736845777871e+01,8.890083779286845811e+01,8.956502325357031680e+01,8.971553806851697743e+01,8.949635164248589092e+01,8.904397263582995947e+01,8.847211388348854655e+01,8.786285299791076397e+01,8.726453861724525041e+01,8.669532825584326474e+01,8.615039600273779286e+01,8.561061063971598628e+01,8.505077239655868482e+01,8.444611093822224746e+01,8.377645908535002661e+01,8.302813695462270971e+01,8.219399941466795667e+01,8.127228933036724356e+01,8.026493645962877110e+01,7.917581552766876030e+01,7.800929864867588037e+01,7.676926299124313857e+01,7.545857748774825779e+01,7.407900412833376436e+01,7.263140652052118185e+01,7.111614972673399393e+01,6.953358785557594501e+01,6.788455820587557810e+01,6.617082497645657213e+01,6.439543705470659063e+01,6.256298125456417836e+01,6.067972443191580112e+01,5.875364595840223103e+01,5.679436722259762860e+01,5.481298824259488356e+01,5.282184395286879663e+01,5.083419477795114005e+01,4.886386791938870999e+01,4.692486731083271678e+01,4.503097124178553656e+01,4.319533696822043112e+01,4.143013101002773624e+01,3.974620217124402188e+01,3.815281162892433997e+01,3.665743087157690638e+01,3.526561408921503471e+01,3.398094715655788889e+01,3.280507096640241116e+01,3.173777289953574865e+01,3.077713694087628582e+01,2.991974056492239598e+01,2.916088511636523251e+01,2.849484600667294387e+01,2.791512955210417601e+01,2.741472454426972405e+01,2.698633847941034603e+01,2.662261056652871005e+01,2.631629598013255844e+01
2.500318742031120678e+01,2.500425027399781541e+01,2.500564427493555897e+01,2.500746624371339877e+01,2.500984024731074484e+01,2.501292546952467433e+01,2.501692662272270695e+01,2.502210783142518835e+01,2.502881127902317715e+01,2.503748242093919885e+01,2.504870431341608850e+01,2.506324472476037002e+01,2.508212140509876775e+01,2.510669351499885593e+01,2.513879117231089566e+01,2.518090080581996304e+01,2.523643173912895321e+01,2.531009878590939621e+01,2.540846496847049707e+01,2.554069405659346259e+01,2.571955799020936340e+01,2.596272012617891889e+01,2.629426088802105355e+01,2.674631896938831233e+01,2.736058753496784846e+01,2.818924442683455212e+01,2.929474273251079097e+01,3.074780006196454352e+01,3.262297299980232879e+01,3.499145411785798387e+01,3.791121501818658146e+01,4.141530643786171595e+01,4.549989512996721430e+01,5.011426555165088814e+01,5.515530102648339295e+01,6.046867680799351064e+01,6.585806017266769175e+01,7.110212229509401993e+01,7.597742657997096671e+01,8.028371279930689752e+01,8.386720549966334204e+01,8.663766042167596027e+01,8.857598376384177641e+01,8.973117071134691969e+01,9.020752362076727593e+01,9.014504548636872983e+01,8.969707055490715675e+01,8.900934179673755864e+01,8.820392835546672927e+01,8.736991006848396069e+01,8.656109322231203862e+01,8.579959949254265439e+01,8.508328606220044321e+01,8.439470698966744067e+01,8.370962568247536240e+01,8.300372874348846608e+01,8.225693346598004041e+01,8.145532748255246247e+01,8.059121451058784658e+01,7.966193696260378942e+01,7.866814241404816244e+01,7.761202797376562046e+01,7.649590935374004630e+01,7.532127850367605504e+01,7.408836971074589428e+01,7.279616135336608806e+01,7.144269555664220661e+01,7.002558919004411564e+01,6.854262335218490421e+01,6.699232288380682121e+01,6.537446411372448551e+01,6.369047302300570834e+01,6.194369513647163927e+01,6.013953239923322514e+01,5.828545177279196565e+01,5.639087639349214953e+01,5.446697397893845505e+01,5.252635963124763663e+01,5.058273185458098453e+01,4.865046176766854558e+01,4.674415620315217268e+01,4.487821554715047512e+01,4.306640662703698297e+01,4.132146956477853905e+01,3.965477521574126740e+01,3.807604665437141733e+01,3.659315430559273352e+01,3.521199000396070744e+01,3.393642080047125376e+01,3.276831905636074538e+01,3.170766156858152129e+01,3.075268741061302080e+01,2.990010201261645051e+01,2.914531382344518562e+01,2.848268968058038553e+01,2.790581567083544812e+01,2.740775164241358652e+01,2.698126943707780256e+01,2.661906714374802263e+01,2.631395403092068364e+01
2.500340285629630799e+01,2.500453683340435518e+01,2.500602357818102561e+01,2.500796585622851609e+01,2.501049511617155474e+01,2.501377964913776708e+01,2.501803533234158650e+01,2.502353989074727991e+01,2.503065197300073308e+01,2.503983685416707061e+01,2.505170133437723123e+01,2.506704154328916445e+01,2.508690911529748391e+01,2.511270390844221723e+01,2.514630554095928261e+01,2.519026197113390708e+01,2.524806139931475713e+01,2.532452353425433955e+01,2.542635603007747847e+01,2.556292780253172836e+01,2.574730624432994475e+01,2.599758043432417765e+01,2.633843608753748811e+01,2.680285102678744025e+01,2.743364109200229350e+01,2.828441971233059959e+01,2.941937572305218751e+01,3.091118253390560966e+01,3.283640178530184528e+01,3.526800549939237328e+01,3.826514609922481469e+01,4.186101847972526002e+01,4.605045737197874445e+01,5.077958696275771899e+01,5.594013711780752374e+01,6.137074612590328826e+01,6.686659405983445481e+01,7.219715983030855000e+01,7.713008449279850254e+01,8.145751580878450682e+01,8.502038272885724268e+01,8.772613803179059744e+01,8.955667480202693298e+01,9.056511242254518379e+01,9.086245233688057965e+01,9.059711827849869792e+01,8.993160981646839502e+01,8.902065238435993422e+01,8.799437758955667732e+01,8.694854228601226964e+01,8.594206453355708675e+01,8.500067454002061140e+01,8.412455863671216605e+01,8.329761605990799467e+01,8.249625993503815380e+01,8.169635992715323880e+01,8.087769580615690757e+01,8.002596325985699366e+01,7.913282595152281829e+01,7.819471206753384251e+01,7.721104896470376389e+01,7.618249034672592757e+01,7.510949463642766943e+01,7.399142195221112672e+01,7.282616650883099396e+01,7.161024424433767877e+01,7.033920849524433550e+01,6.900825754817026336e+01,6.761291271920225654e+01,6.614967190733136704e+01,6.461657247774886059e+01,6.301362357918863921e+01,6.134308918674437194e+01,5.960961882296486891e+01,5.782023366664581943e+01,5.598418268356802230e+01,5.411268762211064143e+01,5.221859814214370488e+01,5.031597964565664682e+01,4.841965693061078468e+01,4.654473674382055037e+01,4.470613165864218530e+01,4.291810637186578958e+01,4.119386542663504969e+01,3.954519850620820876e+01,3.798219587537651165e+01,3.651304243319543730e+01,3.514389442048880596e+01,3.387883838432609451e+01,3.271992783673539407e+01,3.166728942880952857e+01,3.071928761135448127e+01,2.987273481065498970e+01,2.912313316888634418e+01,2.846493385577809931e+01,2.789180075145249305e+01,2.739686677511373958e+01,2.697297310173288309e+01,2.661288376787676313e+01,2.630947052417610976e+01
2.500361536348619396e+01,2.500481948394626741e+01,2.500639768401626384e+01,2.500845858166227487e+01,2.501114088677253733e+01,2.501462184077798057e+01,2.501912827994896560e+01,2.502495125862084535e+01,2.503246553183440781e+01,2.504215571708330401e+01,2.505465172151080822e+01,2.507077718410775802e+01,2.509161648231469854e+01,2.511860864287704587e+01,2.515368073801670690e+01,2.519943951982489239e+01,2.525944841438325383e+01,2.533862716286528993e+01,2.544382159217146011e+01,2.558459721867502523e+01,2.577430565328668166e+01,2.603144707161881399e+01,2.638129372136332407e+01,2.685763900162867301e+01,2.750439271819618270e+01,2.837657027696952028e+01,2.954005903623880869e+01,3.106945013730191363e+01,3.304327601273953974e+01,3.553626438589594727e+01,3.860874384769247314e+01,4.229407764023382299e+01,4.658583113873419990e+01,5.142707716713725574e+01,5.670455120072853816e+01,6.225006207834340444e+01,6.785055017170856217e+01,7.326657437378064230e+01,7.825712959802135060e+01,8.260702787225784505e+01,8.615211508531410800e+01,8.879768940374560771e+01,9.052670057299954465e+01,9.139637654309528614e+01,9.152431761762807128e+01,9.106719068403562289e+01,9.019641730188666884e+01,8.907540999905799595e+01,8.784202933702380278e+01,8.659835045880988957e+01,8.540803089015855676e+01,8.430003419927045627e+01,8.327650831163640532e+01,8.232234858454006599e+01,8.141429884921990379e+01,8.052813485073428978e+01,7.964327560296344188e+01,7.874486580575441508e+01,7.782384227700799784e+01,7.687570916637076834e+01,7.589874153558722014e+01,7.489219188673095573e+01,7.385487036639679559e+01,7.278427016150797613e+01,7.167625267097619712e+01,7.052520587889924286e+01,6.932454038932728224e+01,6.806737835341340315e+01,6.674730633208440622e+01,6.535909114565433242e+01,6.389928869966362157e+01,6.236670406648354259e+01,6.076268413787558131e+01,5.909124134922677030e+01,5.735901886119800253e+01,5.557511521765525941e+01,5.375079100960350331e+01,5.189908244103398260e+01,5.003434763937858776e+01,4.817177154063371347e+01,4.632685444215863413e+01,4.451490793224390075e+01,4.275057987029491358e+01,4.104742738676917924e+01,3.941755351773812066e+01,3.787131917277494608e+01,3.641713781953114193e+01,3.506135577976401407e+01,3.380821663336438121e+01,3.265990418837048281e+01,3.161665503864495719e+01,3.067692908577962640e+01,2.983762466493757870e+01,2.909432412310618332e+01,2.844155581260095289e+01,2.787305937605335160e+01,2.738204275520432063e+01,2.696142136839889858e+01,2.660403217485928096e+01,2.630281769026898786e+01
2.500382262480650297e+01,2.500509514322829574e+01,2.500676251183448429e+01,2.500893904411240598e+01,2.501177051103325155e+01,2.501544284870785617e+01,2.502019352558843224e+01,2.502632650650443935e+01,2.503423211467390530e+01,2.504441361638600583e+01,2.505752312912906987e+01,2.507441063868394693e+01,2.509619175417815384e+01,2.512434270126035685e+01,2.516083543252770482e+01,2.520833212284107105e+01,2.527046699664421325e+01,2.535225399743637809e+01,2.546066943173424235e+01,2.560546525933038353e+01,2.580026392902619392e+01,2.606395920164543156e+01,2.642238721874741358e+01,2.691012825175405254e+01,2.757215068622240395e+01,2.846482993932787053e+01,2.965570469094945238e+01,3.122123454001734899e+01,3.324187685734914055e+01,3.579408070759136251e+01,3.893933842174188698e+01,4.271120302733602614e+01,4.710203768956571935e+01,5.205198627769911468e+01,5.744297234818699138e+01,6.310021565728438020e+01,6.880270464379503892e+01,7.430239454822425671e+01,7.934995364068622337e+01,8.372315185966104423e+01,8.725299137900887558e+01,8.984277705291961524e+01,9.147658279443896845e+01,9.221571283839024602e+01,9.218423790843655752e+01,9.154685489711170021e+01,9.048362587830533244e+01,8.916631884837552491e+01,8.774015891452185656e+01,8.631315731463220686e+01,8.495332331173537455e+01,8.369247066613586128e+01,8.253433932472367474e+01,8.146447385626747462e+01,8.045963432846582464e+01,7.949523107255615173e+01,7.855010455129300340e+01,7.760869428002743575e+01,7.666112752650965945e+01,7.570197799453572429e+01,7.472843928291064231e+01,7.373850751798502756e+01,7.272955607481866025e+01,7.169747854485464700e+01,7.063641314196389942e+01,6.953895662518220888e+01,6.839672492642969814e+01,6.720110815936541826e+01,6.594408435390624845e+01,6.461898579003505461e+01,6.322114454595295285e+01,6.174837397456644794e+01,6.020126748531853167e+01,5.858331452498034508e+01,5.690084651019754602e+01,5.516283369650331281e+01,5.338055871802301056e+01,5.156719481882294076e+01,4.973731740777631671e+01,4.790637703774321210e+01,4.609016054966269849e+01,4.430426508475876801e+01,4.256360701336714669e+01,4.088198458863419660e+01,3.927170936031870951e+01,3.774331718147822556e+01,3.630536517171802302e+01,3.496431647818212696e+01,3.372451034162740058e+01,3.258821107242757620e+01,3.155572628494783416e+01,3.062558229127758835e+01,2.979474301181564755e+01,2.905885814132238565e+01,2.841252656387492337e+01,2.784956202678878867e+01,2.736324970514454691e+01,2.694658433206043213e+01,2.659248284509147098e+01,2.629396682579231737e+01
2.500402226176031562e+01,2.500536064700084182e+01,2.500711387242900585e+01,2.500940172421573138e+01,2.501237675215848100e+01,2.501623322995562759e+01,2.502121880666401665e+01,2.502764978636475846e+01,2.503593133712283247e+01,2.504658445669118905e+01,2.506028230719637762e+01,2.507789973632625191e+01,2.510058168819377755e+01,2.512983915678230318e+01,2.516768584840614764e+01,2.521683532017771867e+01,2.528098734567718964e+01,2.536524321213144972e+01,2.547670069600236786e+01,2.562528631997219364e+01,2.582487769396222888e+01,2.609474156294448122e+01,2.646125117141568239e+01,2.695973944689216495e+01,2.763619081851576809e+01,2.854828978247272175e+01,2.976516838515943775e+01,3.136509323466670196e+01,3.343038801182242992e+01,3.603917673542069622e+01,3.925409361647106010e+01,4.310889825899521099e+01,4.759482112454386993e+01,5.264921072367540944e+01,5.814938210757387083e+01,6.391423661728848060e+01,6.971513622519904629e+01,7.529579051574341975e+01,8.039890161084903752e+01,8.479552640604845237e+01,8.831208804313509120e+01,9.085007150529165187e+01,9.239474016138588297e+01,9.301142669618224090e+01,9.283051791895863403e+01,9.202449568428430382e+01,9.078174804990254643e+01,8.928203709866582471e+01,8.767756498570832946e+01,8.608188230180087430e+01,8.456695663540564567e+01,8.316707096259600007e+01,8.188719587340901285e+01,8.071319016868014273e+01,7.962152912275932692e+01,7.858699923294210521e+01,7.758765595969313722e+01,7.660708822560550857e+01,7.563453692077570167e+01,7.466364185994575564e+01,7.369058629598458765e+01,7.271225276345043653e+01,7.172478540239507083e+01,7.072274005013949250e+01,6.969883472091910903e+01,6.864420422593508420e+01,6.754900994160355765e+01,6.640324589366446162e+01,6.519759971505504836e+01,6.392425789073132592e+01,6.257757902048891907e+01,6.115459050376250616e+01,5.965529011920428104e+01,5.808275362688824828e+01,5.644306320126048604e+01,5.474508022580798183e+01,5.300009090696153180e+01,5.122135535368961712e+01,4.942359106336476060e+01,4.762242075349188042e+01,4.583381256467451692e+01,4.407353805013603676e+01,4.235667017736739837e+01,4.069713987280800183e+01,3.910736552139979949e+01,3.759796540496007822e+01,3.617755848763848547e+01,3.485265443354263226e+01,3.362762949221340136e+01,3.250478112973830491e+01,3.148445120589380508e+01,3.056520523988520210e+01,2.974405394419971316e+01,2.901670274377367775e+01,2.837781537600067594e+01,2.782127877019288320e+01,2.734045807654315396e+01,2.692843277522066359e+01,2.657820706181115966e+01,2.628289000269396425e+01
2.500421187858525585e+01,2.500561280795188779e+01,2.500744754590934349e+01,2.500984106193973133e+01,2.501295231964109433e+01,2.501698347084779783e+01,2.502219176779462728e+01,2.502890512872407669e+01,2.503754265617726915e+01,2.504864193581293463e+01,2.506289573630414935e+01,2.508120195554557696e+01,2.510473258452946510e+01,2.513503048593468847e+01,2.517414742859151744e+01,2.522484362581215578e+01,2.529087830668352055e+01,2.537743218328341044e+01,2.549171413105356265e+01,2.564381156877413304e+01,2.584783920627216958e+01,2.612341296005027047e+01,2.649741206682510253e+01,2.700588215401069903e+01,2.769577370260316940e+01,2.862601998481642340e+01,2.986727717857144171e+01,3.149954460336895323e+01,3.360693999705281954e+01,3.626920286533677285e+01,3.955007672838422650e+01,4.348353838938416516e+01,4.805975570267959540e+01,5.321342459200246822e+01,5.881747373219086938e+01,6.468478462465699863e+01,7.057945345833147144e+01,7.623734131940796033e+01,8.139358334465536871e+01,8.581288579961963592e+01,8.931738124002617951e+01,9.180691942856692833e+01,9.326801614369095716e+01,9.376996999287936774e+01,9.344930560934537311e+01,9.248601603391959713e+01,9.107647211060016446e+01,8.940804444925075245e+01,8.763950833014581576e+01,8.588954997891474363e+01,8.423370444657243183e+01,8.270835372795127682e+01,8.131935446653335475e+01,8.005256487418816391e+01,7.888389533049434021e+01,7.778726955044507463e+01,7.673976788618485045e+01,7.572399541144778823e+01,7.472823725612451540e+01,7.374519857293319092e+01,7.277012153995686106e+01,7.179891199683348191e+01,7.082668306109928835e+01,6.984690256764892524e+01,6.885115715759187083e+01,6.782943343627897548e+01,6.677076209802389428e+01,6.566406070539281359e+01,6.449902879054378957e+01,6.326698093442251292e+01,6.196153914903769078e+01,6.057913890354947029e+01,5.911933039211726282e+01,5.758487724689945253e+01,5.598166925247721082e+01,5.431847472800174614e+01,5.260656328859467123e+01,5.085923177265009087e+01,4.909126611928595452e+01,4.731837055799246627e+01,4.555659307267680447e+01,4.382177299893018585e+01,4.212903297092505284e+01,4.049233336407992567e+01,3.892410298475643771e+01,3.743495516332500728e+01,3.603349376962398765e+01,3.472620917722518641e+01,3.351746005639098769e+01,3.240953326960293879e+01,3.140277124338979675e+01,3.049575411344992304e+01,2.968552274433123017e+01,2.896782840346741139e+01,2.833739535453469571e+01,2.778818380830766799e+01,2.731364237540974571e+01,2.690694122977699720e+01,2.656117943646166779e+01,2.626956215661327931e+01
2.500438910926106217e+01,2.500584847829236423e+01,2.500775936464170357e+01,2.501025156599728660e+01,2.501349001295442420e+01,2.501768417488905527e+01,2.502310020541784397e+01,2.503007675979139890e+01,2.503904577974447321e+01,2.505056007156294839e+01,2.506533030288830943e+01,2.508427528658086914e+01,2.510859138458536677e+01,2.513984996330004762e+01,2.518013660191511605e+01,2.523225276130402506e+01,2.530001018954768099e+01,2.538866004333142357e+01,2.550551055939689249e+01,2.566079458737030450e+01,2.586884346894866127e+01,2.614959523076059611e+01,2.653039961278378911e+01,2.704796915785684064e+01,2.775016282181661964e+01,2.869709279258171719e+01,2.996085860104803089e+01,3.162310476488588762e+01,3.376965670126172370e+01,3.648179618592962470e+01,3.982433188887941355e+01,4.383146114409770178e+01,4.849235848814522143e+01,5.373921751988181228e+01,5.944081941609860564e+01,6.540435011522993136e+01,7.138703354820808045e+01,7.711731619185188435e+01,8.232320168492285006e+01,8.676343935245901662e+01,9.025618171555261426e+01,9.269983812655098632e+01,9.408223710960267283e+01,9.447656658631377979e+01,9.402528841771771795e+01,9.291560693809779536e+01,9.135150754289387010e+01,8.952756421697750966e+01,8.760871044919811368e+01,8.571836352731602915e+01,8.393524426274731809e+01,8.229748111623493401e+01,8.081149583511103174e+01,7.946285793430061517e+01,7.822665969719099621e+01,7.707574769656677915e+01,7.598605743711880223e+01,7.493909177501103613e+01,7.392211946158974456e+01,7.292691273029231525e+01,7.194783849936456477e+01,7.097995394931066926e+01,7.001752588520503195e+01,6.905316663347272765e+01,6.807760022681408429e+01,6.707995691143079853e+01,6.604843779517392477e+01,6.497118083897861140e+01,6.383717783426172332e+01,6.263712494177917023e+01,6.136412616944240739e+01,6.001420330045677076e+01,5.858659401926645671e+01,5.708384135855673236e+01,5.551169247483741032e+01,5.387883415960338596e+01,5.219649760303526875e+01,5.047796687505685043e+01,4.873802531073624067e+01,4.699237219154465350e+01,4.525703929481974086e+01,4.354783336341708377e+01,4.187982653121488852e+01,4.026691236921234918e+01,3.872144061272689441e+01,3.725393892313721267e+01,3.587292538057299396e+01,3.458481097066920995e+01,3.339388730140056794e+01,3.230239133787731021e+01,3.131063621755842874e+01,3.041719530386741965e+01,2.961912559477493900e+01,2.891221640698523387e+01,2.829124983232181378e+01,2.775026069066960588e+01,2.728278543056118011e+01,2.688209148432620310e+01,2.654138079842586606e+01,2.625396347244449657e+01
2.500455166610827717e+01,2.500606461445634210e+01,2.500804529898576689e+01,2.501062792693954862e+01,2.501398287005705967e+01,2.501832625690433787e+01,2.502393232049691107e+01,2.503114942901873263e+01,2.504042108949443346e+01,2.505231374549638801e+01,2.506755399584725552e+01,2.508707912076823376e+01,2.511210680279696561e+01,2.514423309767090231e+01,2.518557260065955461e+01,2.523896195106060603e+01,2.530825766226020335e+01,2.539877132361683820e+01,2.551789746274226189e+01,2.567599713490130853e+01,2.588759548192554405e+01,2.617292237779921393e+01,2.655975824912818339e+01,2.708543099239006935e+01,2.779864292178981344e+01,2.876060575399396413e+01,3.004477004991803923e+01,3.173432473930066777e+01,3.391670226729750937e+01,3.667463942730655901e+01,4.007395381488283448e+01,4.414905861127500941e+01,4.888820249360620096e+01,5.422123312707070397e+01,6.001303811115315057e+01,6.606545577477373854e+01,7.212926189091092510e+01,7.792595655478682204e+01,8.317688136006827904e+01,8.763525151539731439e+01,9.111557042706708387e+01,9.351501084818242759e+01,9.482277132721783630e+01,9.511583878364395161e+01,9.454239060646558812e+01,9.329651849479810721e+01,9.158943200509850158e+01,8.962248734933562844e+01,8.756635451356110877e+01,8.554878108736305364e+01,8.365130608402409962e+01,8.191347465133679862e+01,8.034198142452940772e+01,7.892185069012901977e+01,7.762713476985224759e+01,7.642941713995145392e+01,7.530334211075094686e+01,7.422920893107354345e+01,7.319321917797270771e+01,7.218621640113184412e+01,7.120175352121177070e+01,7.023415612781882089e+01,6.927701291957683338e+01,6.832229221142105757e+01,6.736009984234084413e+01,6.637897502013493067e+01,6.536656282166148912e+01,6.431049101229123721e+01,6.319929762615530677e+01,6.202328944455683057e+01,6.077524923431851533e+01,5.945094464601917394e+01,5.804942068842332503e+01,5.657307967190678255e+01,5.502756779744621696e+01,5.342149716637810286e+01,5.176603711207761194e+01,5.007441056464335105e+01,4.836133062800682580e+01,4.664241042657135239e+01,4.493357610322621554e+01,4.325050898536171928e+01,4.160813861925346657e+01,4.002020377156887321e+01,3.849889374480493132e+01,3.705457758487428066e+01,3.569562412052961520e+01,3.442831142625264107e+01,3.325682040702407960e+01,3.218330391778144417e+01,3.120802027649226318e+01,3.032951828863462396e+01,2.954486000109201171e+01,2.884986731842645824e+01,2.823937926606152615e+01,2.770750795261246680e+01,2.724788301758152542e+01,2.685387638642195185e+01,2.651880132813417745e+01,2.623608196964475781e+01
2.500469738860235225e+01,2.500625834208310749e+01,2.500830154339666223e+01,2.501096513071630412e+01,2.501442431648739628e+01,2.501890113791197834e+01,2.502467697211377029e+01,2.503210873769950595e+01,2.504165006488617706e+01,2.505387924789846466e+01,2.506953660432782272e+01,2.508957514075120443e+01,2.511523045851994951e+01,2.514811906678981046e+01,2.519037927418015244e+01,2.524487620943581945e+01,2.531550262946868557e+01,2.540761957200214027e+01,2.552869352415900295e+01,2.568919484883720017e+01,2.590381739849106069e+01,2.619304955890372355e+01,2.658505845413973390e+01,2.711773017986536516e+01,2.784053796722970020e+01,2.881570438772310894e+01,3.011792741684419639e+01,3.183182657708953656e+01,3.404632660493441421e+01,3.684551810560005691e+01,4.029615921799049261e+01,4.443286592666895274e+01,4.924302600413657416e+01,5.465430264398744953e+01,6.052795736051945852e+01,6.666085063915292608e+01,7.279776258658068855e+01,7.865374711104662708e+01,8.394398479324841844e+01,8.841660648314547188e+01,9.188281594458372581e+01,9.423876088536844975e+01,9.547506352280001352e+01,9.567240591731518862e+01,9.498443909234667615e+01,9.361179574593883501e+01,9.177249924394797631e+01,8.967425355893684014e+01,8.749303970981959822e+01,8.536054193207269236e+01,8.336076746034837015e+01,8.153437459850627533e+01,7.988807079776418618e+01,7.840611340145991903e+01,7.706132719844154622e+01,7.582387758304955128e+01,7.466699677686682435e+01,7.356969747392788861e+01,7.251707390003952014e+01,7.149904773985991824e+01,7.050841400882052312e+01,6.953887151791064980e+01,6.858348067409484372e+01,6.763375389779204738e+01,6.667939614556028971e+01,6.570859139646978520e+01,6.470867163691627866e+01,6.366699335909215307e+01,6.257186558746014526e+01,6.141340773355435800e+01,6.018425402691368475e+01,5.888005701074290954e+01,5.749977220163255964e+01,5.604572843256254799e+01,5.452350396045937231e+01,5.294163813550052566e+01,5.131121352821591586e+01,4.964534507467779179e+01,4.795861203638379777e+01,4.626646616666678824e+01,4.458464600352407103e+01,4.292862306580386189e+01,4.131310118180635982e+01,3.975158541125288991e+01,3.825603217811635659e+01,3.683658744742993463e+01,3.550141519341009655e+01,3.425661416616089383e+01,3.310621721718111132e+01,3.205226432413373772e+01,3.109493806923984494e+01,3.023274873896626858e+01,2.946275544235971466e+01,2.878080965740240771e+01,2.818180832779964007e+01,2.765994492678526484e+01,2.720894863364266314e+01,2.682230377400329502e+01,2.649344379914368020e+01,2.621591617826842935e+01
2.500482429096003756e+01,2.500642701935928613e+01,2.500852460034442970e+01,2.501125856934142533e+01,2.501480831063015486e+01,2.501940093494793516e+01,2.502532392441709419e+01,2.503294145883539201e+01,2.504271569573265310e+01,2.505523480773281619e+01,2.507125039577662662e+01,2.509172818477413713e+01,2.511791797383611780e+01,2.515145210720252678e+01,2.519448684328755306e+01,2.524990854948718777e+01,2.532163700721443078e+01,2.541507083267979183e+01,2.553773298705462835e+01,2.570018270213689959e+01,2.591725535757810661e+01,2.620966164610032223e+01,2.660590747927177802e+01,2.714437471316875516e+01,2.787522810031164155e+01,2.886160353961032143e+01,3.017933199970972780e+01,3.191433725845907787e+01,3.415690802212337474e+01,3.699237396994483618e+01,4.048835350243889764e+01,4.467964400176632722e+01,4.955283442892677215e+01,5.503356924407980699e+01,6.097976366559736761e+01,6.718369017189642989e+01,7.338461195369606571e+01,7.929166651166798374e+01,8.461440358708527754e+01,8.909634408854149967e+01,9.254575826528116522e+01,9.485798673047763430e+01,9.602512469439314202e+01,9.613143196583445160e+01,9.533577176787053986e+01,9.384495019208075917e+01,9.188337570849253666e+01,8.966465414043682358e+01,8.736965033872080255e+01,8.513360069229018734e+01,8.304265028933788528e+01,8.113829527431506961e+01,7.942702985874538513e+01,7.789215929560825202e+01,7.650512916230513838e+01,7.523456416014570891e+01,7.405219014480164219e+01,7.293566962524346309e+01,7.186896045978070902e+01,7.084107204934079505e+01,6.984409223297640779e+01,6.887118504451477463e+01,6.791501314049932603e+01,6.696679662722412729e+01,6.601602842380333414e+01,6.505074208686303905e+01,6.405816729572931933e+01,6.302559619248691547e+01,6.194130288297731823e+01,6.079539311823169356e+01,5.958050015927966570e+01,5.829227908366944888e+01,5.692968182539654975e+01,5.549501795919185554e+01,5.399382197071279421e+01,5.243455751442865420e+01,5.082819419561842267e+01,4.918769392653608463e+01,4.752744293292002453e+01,4.586266284175996333e+01,4.420883056774277975e+01,4.258113235671402208e+01,4.099397262716367152e+01,3.946055337413838515e+01,3.799253501535751809e+01,3.659978479975920607e+01,3.529021439566381702e+01,3.406970416321004080e+01,3.294210802487788925e+01,3.190932989600604230e+01,3.097146041461672894e+01,3.012696126884916126e+01,2.937288376790115763e+01,2.870510839859870700e+01,2.811859287121730588e+01,2.760761746658033644e+01,2.716601820979758486e+01,2.678740036171990013e+01,2.646532678690477525e+01,2.619347778965284235e+01
2.500493060704151205e+01,2.500656829678215232e+01,2.500871135948191792e+01,2.501150414527534949e+01,2.501512948070657316e+01,2.501981864002722133e+01,2.502586407936002644e+01,2.503363583846927298e+01,2.504360287065615509e+01,2.505636109129723366e+01,2.507267075344803331e+01,2.509350705851620589e+01,2.512013000354007275e+01,2.515418281647015775e+01,2.519783354137227604e+01,2.525398204531368407e+01,2.532656530825359908e+01,2.542100688073577430e+01,2.554486969633594384e+01,2.570878004820088947e+01,2.592768578109615163e+01,2.622248109052616982e+01,2.662195918255674343e+01,2.716493036925042404e+01,2.790216508533472251e+01,2.889760678334604549e+01,3.022809489435135077e+01,3.198071935786800779e+01,3.424699172285118465e+01,3.711335319568344460e+01,4.064819082504897807e+01,4.488645392015408220e+01,4.981399176991010336e+01,5.535459953482160955e+01,6.136313709729871135e+01,6.762769716897125249e+01,7.388252890780677262e+01,7.983141034260729896e+01,8.517881717328347690e+01,8.966415708021035869e+01,9.309314760004438938e+01,9.536054517777401429e+01,9.645996225671842694e+01,9.647910536219082189e+01,9.558176941265909932e+01,9.398054594686117014e+01,9.190578262689808753e+01,8.957653099613600034e+01,8.717811196001787266e+01,8.484893974381810722e+01,8.267698736433132467e+01,8.070434236631763270e+01,7.893709420950551703e+01,7.735744791907195861e+01,7.593535447258010151e+01,7.463780801952978550e+01,7.343496075494104502e+01,7.230308103288044208e+01,7.122497279111102841e+01,7.018874573098895553e+01,6.918582604085952426e+01,6.820892223856273517e+01,6.725041047881833833e+01,6.630135749877803164e+01,6.535120439809803372e+01,6.438800791431029324e+01,6.339907383272846175e+01,6.237180466665142831e+01,6.129460286740136610e+01,6.015770581253015337e+01,5.895386816579465972e+01,5.767884379888521806e+01,5.633164976379801203e+01,5.491461769305813334e+01,5.343325380618271936e+01,5.189593844142867596e+01,5.031350097106439989e+01,4.869870731929202634e+01,4.706569613953765696e+01,4.542939686140092448e+01,4.380495891312560275e+01,4.220721690609396148e+01,4.065021173689851253e+01,3.914678262903581185e+01,3.770824025485538300e+01,3.634412637905717247e+01,3.506206107045307618e+01,3.386767456001614107e+01,3.276461739643102788e+01,3.175463976704502045e+01,3.083772878828804309e+01,3.001229126572699002e+01,2.927536887855832859e+01,2.862287291189614535e+01,2.804982645838297017e+01,2.755060332229788500e+01,2.711915454724417174e+01,2.674921540649038221e+01,2.643448769991221425e+01,2.616879416344341891e+01
2.500501483115512258e+01,2.500668017146355382e+01,2.500885916957065191e+01,2.501169836624171694e+01,2.501538324918162814e+01,2.502014828261906842e+01,2.502628968791852415e+01,2.503418186902798936e+01,2.504429872925498302e+01,2.505724165396983594e+01,2.507377675343060730e+01,2.509488526911912842e+01,2.512183316521583976e+01,2.515626932727189313e+01,2.520036709143032283e+01,2.525703168433025425e+01,2.533020695855476845e+01,2.542532811269110837e+01,2.554998069921305515e+01,2.571483510195030675e+01,2.593492094894523348e+01,2.623127486169149591e+01,2.663292267593171658e+01,2.717903150304334403e+01,2.792088580816592014e+01,2.892312333434967186e+01,3.026345821363222299e+01,3.202999767227429118e+01,3.431532318867169096e+01,3.720684812104956052e+01,4.077362605013964725e+01,4.505072122032514415e+01,5.002329955432908548e+01,5.561347962160080272e+01,6.167336706724223916e+01,6.798729983836500423e+01,7.428503791282042812e+01,8.026558142688014641e+01,8.562891283737889125e+01,9.011084313537048729e+01,9.351493055323633996e+01,9.573557378906652104e+01,9.676794086904402548e+01,9.670304020961104641e+01,9.570929922548477009e+01,9.400468732514401893e+01,9.182502906834005785e+01,8.939435610194912840e+01,8.690201752643487509e+01,8.448924143469881187e+01,8.224553913729936028e+01,8.021337159185978294e+01,7.839826594162505558e+01,7.678121519664995276e+01,7.533059601691255125e+01,7.401171439613926850e+01,7.279310823455513457e+01,7.164962730132555180e+01,7.056291560666485907e+01,6.952019901142821823e+01,6.851228281322431712e+01,6.753148711001450977e+01,6.656999419569096688e+01,6.561883251654191440e+01,6.466752377229778403e+01,6.370429114853983066e+01,6.271666346418972893e+01,6.169229700760834589e+01,6.061985587859547309e+01,5.948982677665626539e+01,5.829518372202630871e+01,5.703185497425722872e+01,5.569897483523422466e+01,5.429892596426678608e+01,5.283719361834138795e+01,5.132206289665374754e+01,4.976419488684824444e+01,4.817611881897839510e+01,4.657167600362342341e+01,4.496544831959791111e+01,4.337219996737081829e+01,4.180635657477304790e+01,4.028154084651170308e+01,3.881017900386299857e+01,3.740318742120494022e+01,3.606974425716538235e+01,3.481714661357757734e+01,3.365074994372786676e+01,3.257398317428878443e+01,3.158843039013532206e+01,3.069396802102291844e+01,2.988894529396329958e+01,2.917039526663578641e+01,2.853426398721092738e+01,2.797564615018956147e+01,2.748901692303575217e+01,2.706845127243891369e+01,2.670782398238996791e+01,2.640098549289658081e+01,2.614191057537983554e+01
2.500507575345170963e+01,2.500676103422777175e+01,2.500896590085225313e+01,2.501183842743190411e+01,2.501556594059456984e+01,2.502038507042548332e+01,2.502659453302587522e+01,2.503457152593515644e+01,2.504479296674442068e+01,2.505786333066792437e+01,2.507455166288454862e+01,2.509584165820897894e+01,2.512300084014530910e+01,2.515767831667450949e+01,2.520204597311191108e+01,2.525900595242898561e+01,2.533249827434890378e+01,2.542795600597181860e+01,2.555296929879225942e+01,2.571822872637023849e+01,2.593881369249310609e+01,2.623586026776118985e+01,2.663856955213110211e+01,2.718639003854009317e+01,2.793102348853894412e+01,2.893768206479280636e+01,3.028481263796271961e+01,3.206138121720289291e+01,3.436087572915662491e+01,3.727153167219479002e+01,4.086295757983293697e+01,4.517028885473440880e+01,5.017806180286036977e+01,5.580689406985808887e+01,6.190644731047209604e+01,6.825774480648163944e+01,7.458660193395738247e+01,8.058784452821632271e+01,8.595756384488723256e+01,9.042850796048658424e+01,9.380247966347701549e+01,9.597374829659065654e+01,9.693906911507473012e+01,9.679259366051675784e+01,9.570706431026086136e+01,9.390540176633861336e+01,9.162842945152158336e+01,8.910468442980366888e+01,8.652711607607336930e+01,8.403941228000746833e+01,8.173235239442983868e+01,7.964857998555783070e+01,7.779293477400096890e+01,7.614512077296220127e+01,7.467189483388557392e+01,7.333684823219402915e+01,7.210688970994090141e+01,7.095544504941594255e+01,6.986300375823773834e+01,6.881592726626203671e+01,6.780443661140532186e+01,6.682051935895511008e+01,6.585623920078073468e+01,6.490267894381284464e+01,6.394954710662042174e+01,6.298534795222990823e+01,6.199795051892711939e+01,6.097537869229749674e+01,5.990666324185486502e+01,5.878263187276942858e+01,5.759655294228753064e+01,5.634458530584574021e+01,5.502601717506032486e+01,5.364329975961305763e+01,5.220189715962929000e+01,5.070998351997522491e+01,4.917802313529443126e+01,4.761827025371002264e+01,4.604422385131113060e+01,4.447006950782783008e+01,4.291013636125386910e+01,4.137839242396532313e+01,3.988799662710827931e+01,3.845092104241790310e+01,3.707765196544563935e+01,3.577697405106626150e+01,3.455583757507810816e+01,3.341930525113257033e+01,3.237057194851377773e+01,3.141104820760853045e+01,3.054049668777425453e+01,2.975720962782202150e+01,2.905821503820906315e+01,2.843949962570316359e+01,2.789623729211642100e+01,2.742301333891142789e+01,2.701403612246482311e+01,2.666332970766721644e+01,2.636490293154038156e+01,2.611289209791825172e+01
2.500511248874943604e+01,2.500680970796192426e+01,2.500902999582582353e+01,2.501192227841194793e+01,2.501567486929459960e+01,2.502052550387736218e+01,2.502677407827616918e+01,2.503479895982111003e+01,2.504507808122372836e+01,2.505821655244563573e+01,2.507498334352189673e+01,2.509636091374342470e+01,2.512361381971450669e+01,2.515838581892503001e+01,2.520284044049347116e+01,2.525986810350093492e+01,2.533339404016403762e+01,2.542883507461601411e+01,2.555376747227269618e+01,2.571887741815723771e+01,2.593926107896115596e+01,2.623610950471482539e+01,2.663873951061018275e+01,2.718680244381835820e+01,2.793231635451798667e+01,2.894094232620764018e+01,3.029171095484895915e+01,3.207428019279829101e+01,3.438287174105241206e+01,3.730638394691814597e+01,4.091486045407543770e+01,4.524345813799735083e+01,5.027613526156562784e+01,5.593218690928330972e+01,6.205914914377645175e+01,6.843518404606466277e+01,7.478272433448972834e+01,8.079304436916565635e+01,8.615896458229047994e+01,9.061071842857938918e+01,9.394876532795906598e+01,9.606747407899560187e+01,9.696521132255810471e+01,9.673909893312995223e+01,9.556585880645484110e+01,9.367291802136485046e+01,9.130560567995475196e+01,8.869648076314189211e+01,8.604166467263794971e+01,8.348696005416979915e+01,8.112416199548407292e+01,7.899593116150251149e+01,7.710632504622506644e+01,7.543371427261385520e+01,7.394322254057951227e+01,7.259672911428255304e+01,7.135952314502554827e+01,7.020361922389965059e+01,6.910836892584555358e+01,6.805929246299018587e+01,6.704605987772788467e+01,6.606037209932947007e+01,6.509423370216173055e+01,6.413885399997677439e+01,6.318421050188668175e+01,6.221917684279524963e+01,6.123205209400703808e+01,6.021131433740919903e+01,5.914644002761080088e+01,5.802866567814209731e+01,5.685160792452300882e+01,5.561169473835857957e+01,5.430839086445917019e+01,5.294422330101310337e+01,5.152462818189076899e+01,5.005764980510191720e+01,4.855352707285460667e+01,4.702420352320994823e+01,4.548279553172490353e+01,4.394305002022451845e+01,4.241881879115791776e+01,4.092357188430708703e+01,3.946996745375904680e+01,3.806949080641821581e+01,3.673217058019089620e+01,3.546637568337088453e+01,3.427869266102224088e+01,3.317387968405167697e+01,3.215489044810722419e+01,3.122295898462039787e+01,3.037773476641091364e+01,2.961745654856328969e+01,2.893915310271104246e+01,2.833885932724797385e+01,2.781183706508307907e+01,2.735279122845035715e+01,2.695607339609980713e+01,2.661586678587312704e+01,2.632634829355381356e+01,2.608182501807817744e+01
2.500512449783274249e+01,2.500682547594750460e+01,2.500905050674963803e+01,2.501194867251899367e+01,2.501570840418485986e+01,2.502056746057590431e+01,2.502682557751073844e+01,2.503486063803584472e+01,2.504514955550657263e+01,2.505829557896179338e+01,2.507506454732859424e+01,2.509643394432498553e+01,2.512366077686351673e+01,2.515837781636236414e+01,2.520273325924020114e+01,2.525959707495452733e+01,2.533286864122963422e+01,2.542793426503059706e+01,2.555233758658823717e+01,2.571673541290185838e+01,2.593620699330573842e+01,2.623195282575917631e+01,2.663334425742836586e+01,2.718015454748631399e+01,2.792461361845356649e+01,2.893270140064222318e+01,3.028387739050464944e+01,3.206831770635243828e+01,3.438079744882524835e+01,3.731071072064489158e+01,4.092840948218455566e+01,4.526901745542910760e+01,5.031596469430028407e+01,5.598740452439949422e+01,6.212907292137391835e+01,6.851673576311495140e+01,7.487001991682612356e+01,8.087728738380599225e+01,8.622872341738383284e+01,9.065260681347560023e+01,9.394847160185730672e+01,9.601101370975922578e+01,9.684022710360197550e+01,9.653601719603621234e+01,9.527873260139764966e+01,9.329984429285258329e+01,9.084867937522307102e+01,8.816132667059520145e+01,8.543665064614924631e+01,8.282223159583654137e+01,8.041064421020037400e+01,7.824442373936220463e+01,7.632677833329258021e+01,7.463473072662277730e+01,7.313178773509270059e+01,7.177814640491446596e+01,7.053750861544310169e+01,6.938050767998208812e+01,6.828538451987822100e+01,6.723684535589794109e+01,6.622403995302718727e+01,6.523841988329763808e+01,6.427197616013803838e+01,6.331609847431941773e+01,6.236109396446566677e+01,6.139627029506351619e+01,6.041042179408128732e+01,5.939254288634523249e+01,5.833261139324650202e+01,5.722231905627350557e+01,5.605566595283214326e+01,5.482937198177684479e+01,5.354308867284385087e+01,5.219941710109171140e+01,5.080375301597871385e+01,4.936398948824587762e+01,4.789011173265761556e+01,4.639371954136775855e+01,4.488751105512194073e+01,4.338475828733533035e+01,4.189880056461662150e+01,4.044257733340690208e+01,3.902821693276005988e+01,3.766669316578475701e+01,3.636755696380166114e+01,3.513874623366454841e+01,3.398647319466688543e+01,3.291518522061678453e+01,3.192759246933109196e+01,3.102475345724901956e+01,3.020620825305271495e+01,2.947014812761805302e+01,2.881361028538684721e+01,2.823268666131689031e+01,2.772273661760433328e+01,2.727859461369268601e+01,2.689476543669444908e+01,2.656560124802825484e+01,2.628545641123833221e+01,2.604881771340840046e+01
2.500511160051217985e+01,2.500680809922537406e+01,2.500902711861450101e+01,2.501191719710029204e+01,2.501566600832094522e+01,2.502051024687842329e+01,2.502674814166596917e+01,2.503475543080975285e+01,2.504500596756778918e+01,2.505809863926910808e+01,2.507479309501148990e+01,2.509605810406814896e+01,2.512313854778379962e+01,2.515765059022023564e+01,2.520172014090333690e+01,2.525818802231908933e+01,2.533091671805399514e+01,2.542524775372752543e+01,2.554867336706532654e+01,2.571179585871420414e+01,2.592964355982170233e+01,2.622338026693162405e+01,2.662236960969961075e+01,2.716642412353137104e+01,2.790787868046844267e+01,2.891289850937960182e+01,3.026121267103701129e+01,3.204333620486546863e+01,3.435441110636744355e+01,3.728415389417980919e+01,4.090309248304124168e+01,4.524625888992680700e+01,5.029660350447620942e+01,5.597132084939992325e+01,6.211467830220168196e+01,6.850052011109420391e+01,7.484625629873156072e+01,8.083798879729090459e+01,8.616391536100601911e+01,9.055092878847067084e+01,9.379805922576352373e+01,9.580055471704353920e+01,9.656004363776628452e+01,9.617901431464106565e+01,9.484107266655503565e+01,9.278125447838787920e+01,9.025236350525361217e+01,8.749351809858690388e+01,8.470589575016646222e+01,8.203852406197628966e+01,7.958453544789330181e+01,7.738621770283748447e+01,7.544588731050447450e+01,7.373923151998303638e+01,7.222818330099363493e+01,7.087131189799248432e+01,6.963078506916517085e+01,6.847590061449434984e+01,6.738382622859711546e+01,6.633848552842815138e+01,6.532853699658139135e+01,6.434521294263200275e+01,6.338052440737263993e+01,6.242607943886611110e+01,6.147255661583634634e+01,6.050974156433055384e+01,5.952696750959029970e+01,5.851378591116618111e+01,5.746071119727991316e+01,5.635991807688556321e+01,5.520580890093483362e+01,5.399540473453268419e+01,5.272854356731023984e+01,5.140789132639811498e+01,5.003878642808559363e+01,4.862894758128919648e+01,4.718807873764269800e+01,4.572740573013567911e+01,4.425917734789199187e+01,4.279616023776686262e+01,4.135115276872331691e+01,3.993653831856708791e+01,3.856389366962465459e+01,3.724366354493199083e+01,3.598490792093261348e+01,3.479512471476526514e+01,3.368014683920443275e+01,3.264410950923743826e+01,3.168948112468971701e+01,3.081714908458938496e+01,3.002655053484316028e+01,2.931583731195954812e+01,2.868206419603286506e+01,2.812138997272257157e+01,2.762928164856093716e+01,2.720071336939260576e+01,2.683035304909033769e+01,2.651273131248714776e+01,2.624238898509831230e+01,2.601400092700019329e+01
2.500507398000566184e+01,2.500675782241085088e+01,2.500896015681862039e+01,2.501182828358376398e+01,2.501554825204464194e+01,2.502035461491735191e+01,2.502654276067706363e+01,2.503448463923939116e+01,2.504464902601960929e+01,2.505762797640286621e+01,2.507417193151821522e+01,2.509523726102224472e+01,2.512205221528918386e+01,2.515621082094184402e+01,2.519980986195731631e+01,2.525565245836668637e+01,2.532755332637862722e+01,2.542079512812090059e+01,2.554280009841088273e+01,2.570409103655517669e+01,2.591961138189430613e+01,2.621044190937013951e+01,2.660587578989912672e+01,2.714568123856369297e+01,2.788218956747747512e+01,2.888161540832370733e+01,3.022379487270753273e+01,3.199939871958439852e+01,3.430374481971972500e+01,3.722669412070749217e+01,4.083881397397304625e+01,4.517498324117285335e+01,5.021772033314100270e+01,5.588344573523401948e+01,6.201529447605062018e+01,6.838567122815470611e+01,7.471036754952351089e+01,8.067388747773789248e+01,8.596309759752588775e+01,9.030407898725356119e+01,9.349578052227526825e+01,9.543422315239428144e+01,9.612266736022858993e+01,9.566597028609980669e+01,9.425061009392210565e+01,9.211469290921934316e+01,8.951396516027597272e+01,8.669006671384843798e+01,8.384605673439736506e+01,8.113208545748835832e+01,7.864163346282401790e+01,7.641663692784014472e+01,7.445850013032801940e+01,7.274161098958515481e+01,7.122639543035225529e+01,6.986987130351985797e+01,6.863274415538441531e+01,6.748303648977912417e+01,6.639688968402813884e+01,6.535748037451131154e+01,6.435300381293208716e+01,6.337449737602093336e+01,6.241401572178133250e+01,6.146340976329175732e+01,6.051375525406295708e+01,5.955534195930926700e+01,5.857806713422718303e+01,5.757206157932410662e+01,5.652839409167149398e+01,5.543973417830881090e+01,5.430089147142354733e+01,5.310918606088424099e+01,5.186463333480425320e+01,5.056994880675825499e+01,4.923039318462630831e+01,4.785348667710411519e+01,4.644862553913526426e+01,4.502663438445415522e+01,4.359928593075026981e+01,4.217881646519916217e+01,4.077746108625218113e+01,3.940702816434732370e+01,3.807852779092364415e+01,3.680186446165873093e+01,3.558560000146934499e+01,3.443678887588534110e+01,3.336088461198049515e+01,3.236171312519382326e+01,3.144150635974867214e+01,3.060098783232250241e+01,2.983950043759169546e+01,2.915516622597015939e+01,2.854506776994001527e+01,2.800544114285995434e+01,2.753187136777199484e+01,2.711948236097145681e+01,2.676311479298988516e+01,2.645748681249409628e+01,2.619733412562993635e+01,2.597752740520020609e+01
2.500501217849452829e+01,2.500667536776503752e+01,2.500885057928955746e+01,2.501168319704855847e+01,2.501535679922426780e+01,2.502010274450336880e+01,2.502621227974169926e+01,2.503405196422577461e+01,2.504408352953901229e+01,2.505688979445805842e+01,2.507320905706842495e+01,2.509398170733849298e+01,2.512041499183214199e+01,2.515407543584865735e+01,2.519702406546250373e+01,2.525201799498177735e+01,2.532281360157023897e+01,2.541462095102880880e+01,2.553477406137652039e+01,2.569369163493689001e+01,2.590619861415206771e+01,2.619324670221589102e+01,2.658399594791866605e+01,2.711808641885420101e+01,2.784773669192905388e+01,2.883907369040150215e+01,3.017187622971656680e+01,3.193678515413964547e+01,3.422910030449250485e+01,3.713864603132991959e+01,4.073588986239721521e+01,4.505549416192292256e+01,5.007959257268791475e+01,5.572401769579244757e+01,6.183111188609938580e+01,6.817232753971275372e+01,7.446244251848645490e+01,8.038503157836305490e+01,8.562629159261481959e+01,8.991206863812455197e+01,9.304165159087250458e+01,9.491204943087772961e+01,9.552814266163937873e+01,9.499693021428036843e+01,9.350736301545781259e+01,9.130010916597703385e+01,8.863331250067838596e+01,8.575061948001439305e+01,8.285653826472929495e+01,8.010202177703311577e+01,7.758069970161344031e+01,7.533406776955243345e+01,7.336261628631504550e+01,7.163949056881244815e+01,7.012369699390380617e+01,6.877079771361570693e+01,6.754012457418917847e+01,6.639849796998575471e+01,6.532108860401572770e+01,6.429036598448172413e+01,6.329408994218594131e+01,6.232312283023655652e+01,6.136957841439090799e+01,6.042556385791261420e+01,5.948256443627726497e+01,5.853138538788803658e+01,5.756249764106014055e+01,5.656661827489124050e+01,5.553537365539658310e+01,5.446192673843828658e+01,5.334148809260136659e+01,5.217166547146601374e+01,5.095263567944742533e+01,4.968714396342870288e+01,4.838035061169529172e+01,4.703955293217047995e+01,4.567381461024109512e+01,4.429353486351823221e+01,4.290998789748991271e+01,4.153485978913296606e+01,4.017980573956220525e+01,3.885604610866460007e+01,3.757401509027173603e+01,3.634307150978956713e+01,3.517127715584179271e+01,3.406524437588055321e+01,3.303005143008580546e+01,3.206922135196417400e+01,3.118475784240568416e+01,3.037723005078141014e+01,2.964589698196905587e+01,2.898886170342703750e+01,2.840324548149669681e+01,2.788537239874404605e+01,2.743095582207171290e+01,2.703527921678344370e+01,2.669336513782145914e+01,2.640012767698778617e+01,2.615050510995866517e+01,2.593957088611152173e+01
2.500492708400671660e+01,2.500656191772632653e+01,2.500869995332523388e+01,2.501148400565740459e+01,2.501509436708182932e+01,2.501975819054887040e+01,2.502576133078532905e+01,2.503346341747876025e+01,2.504331725171921263e+01,2.505589411010535272e+01,2.507191733628287267e+01,2.509230791461859411e+01,2.511824790674509345e+01,2.515127121028179857e+01,2.519339675355023900e+01,2.524732769878739447e+01,2.531675194226562198e+01,2.540679372884392606e+01,2.552468123201188988e+01,2.568070511524983246e+01,2.588953891578420397e+01,2.617195991155020351e+01,2.655693299825685472e+01,2.708388675338775897e+01,2.780481808401340160e+01,2.878562899717903534e+01,3.010587616379415365e+01,3.185598395953610407e+01,3.413103902102162124e+01,3.702064662744670187e+01,4.059503386487158139e+01,4.488858233001778331e+01,4.988308795410626573e+01,5.549398248430696867e+01,6.156315725562752306e+01,6.786160256435182703e+01,7.410369060739620295e+01,7.997273832894082091e+01,8.515493584607024502e+01,8.937647015549534046e+01,9.243738761185277042e+01,9.423589329006073001e+01,9.477846558861256199e+01,9.417400605066026742e+01,9.261352594975826946e+01,9.033973489681356739e+01,8.761261922392012025e+01,8.467731125204512921e+01,8.173933439759692021e+01,7.895012834574512794e+01,7.640328168493152816e+01,7.413977380144598328e+01,7.215919512402652458e+01,7.043352254473332152e+01,6.892044804581158246e+01,6.757419035525367690e+01,6.635281055282860052e+01,6.522201155027092057e+01,6.415605693808802812e+01,6.313675308737109049e+01,6.215145257748127250e+01,6.119085945500435031e+01,6.024715575396845679e+01,5.931270935995774352e+01,5.837941657075320734e+01,5.743859734796077987e+01,5.648129331435852407e+01,5.549880226734401134e+01,5.448329955799269442e+01,5.342842966401705951e+01,5.232978875155524889e+01,5.118525372104137716e+01,4.999514162552401331e+01,4.876220439466494128e+01,4.749147789407672349e+01,4.619001257911438074e+01,4.486651665545051060e+01,4.353094297684643976e+01,4.219404896318442866e+01,4.086695546551847968e+01,3.956072638493481008e+01,3.828598642764009696e+01,3.705258995891521323e+01,3.586934970071415307e+01,3.474383012315718133e+01,3.368220688366342586e+01,3.268919061778994717e+01,3.176801081808206106e+01,3.092045347760882379e+01,3.014694464026620935e+01,2.944667099469844729e+01,2.881772816067962140e+01,2.825728731465949295e+01,2.776177123373658517e+01,2.732703163546831249e+01,2.694852077174680005e+01,2.662145150748201061e+01,2.634094148650389755e+01,2.610213837023728800e+01,2.590032445204703748e+01
2.500481990907194785e+01,2.500641908649489764e+01,2.500851041794067697e+01,2.501123353099028890e+01,2.501476466097502893e+01,2.501932579780530119e+01,2.502519622147118383e+01,2.503272717763791988e+01,2.504236075530483774e+01,2.505465451367174623e+01,2.507031419203064004e+01,2.509023814297880861e+01,2.511557930869059163e+01,2.514783413633710651e+01,2.518897348887044174e+01,2.524163908381989074e+01,2.530944074316857240e+01,2.539740432174790286e+01,2.551263529275328779e+01,2.566527323089531620e+01,2.586980836603015632e+01,2.614679929913631184e+01,2.652495490508858822e+01,2.704341010241542520e+01,2.775383231320751065e+01,2.872176241384786977e+01,3.002637088263094256e+01,3.175767963369672131e+01,3.401036723718903687e+01,3.687363752816899876e+01,4.041733651125694848e+01,4.467550072064803146e+01,4.962963552336184136e+01,5.519495911858951587e+01,6.121325390094736463e+01,6.745553863767821667e+01,7.363638791226614444e+01,7.943953149822667115e+01,8.455181350075000069e+01,8.870033368690063469e+01,9.168630714463344589e+01,9.340933473899031014e+01,9.387746049571946116e+01,9.320123821667318964e+01,9.157331592808642995e+01,8.923791428176248530e+01,8.645629952065408474e+01,8.347456469628791353e+01,8.049881423972479411e+01,7.768066227138254476e+01,7.511347354781256058e+01,7.283764594487816169e+01,7.085189722765534270e+01,6.912712449792695679e+01,6.761982520421506138e+01,6.628300085435719780e+01,6.507355695615279956e+01,6.395617346146897830e+01,6.290427746490247074e+01,6.189906015678166540e+01,6.092749588012315343e+01,5.998014498413623130e+01,5.904926220124542624e+01,5.812747371759100190e+01,5.720707984195301066e+01,5.627990497039133544e+01,5.533754847065534221e+01,5.437187345817206108e+01,5.337558647630994813e+01,5.234279343430499409e+01,5.126945395290948682e+01,5.015369032416035111e+01,4.899593510964808729e+01,4.779892196663183768e+01,4.656753801424262917e+01,4.530856401344848905e+01,4.403033211627874266e+01,4.274233117013898209e+01,4.145478759755870612e+01,4.017824655376814746e+01,3.892317402814616401e+01,3.769959625067995290e+01,3.651678849211691613e+01,3.538302129645796867e+01,3.430536847095645214e+01,3.328957784895911942e+01,3.234000297562718629e+01,3.145959147291043223e+01,3.064992393677987437e+01,2.991129581702028872e+01,2.924283382718922653e+01,2.864263801453233782e+01,2.810794065454734181e+01,2.763527357270990237e+01,2.722063627081578119e+01,2.685965826939086298e+01,2.654775028556452909e+01,2.628024016148423314e+01,2.605249076033027933e+01,2.585999828369814679e+01
2.500469216186688470e+01,2.500624888162628423e+01,2.500828463298771709e+01,2.501093528095156415e+01,2.501437228633080068e+01,2.501881158578776621e+01,2.502452478549780324e+01,2.503185339636594975e+01,2.504122714208688905e+01,2.505318784786778252e+01,2.506842119436611682e+01,2.508779991709748813e+01,2.511244420024441126e+01,2.514380858072458125e+01,2.518381033232848054e+01,2.523502277586279874e+01,2.530096872075351655e+01,2.538656385119253045e+01,2.549877502493927750e+01,2.564756878779625993e+01,2.584722145188262132e+01,2.611803016902990393e+01,2.648838858814575303e+01,2.699705762770324924e+01,2.769526936886536461e+01,2.864806938323589947e+01,2.993407996375765734e+01,3.164273656114288613e+01,3.386811665500066937e+01,3.669884185496530904e+01,4.020423769257074298e+01,4.441793214943336210e+01,4.932118743102374481e+01,5.482919508091372052e+01,6.078396941317664925e+01,6.695704605589989455e+01,7.306380672460434766e+01,7.878906008193604293e+01,8.382095900755574291e+01,8.788808054537260261e+01,9.079321116598381991e+01,9.243753764268832640e+01,9.283062727398561265e+01,9.208442578344836704e+01,9.039278518661710393e+01,8.800089908631116487e+01,8.517074564668408243e+01,8.214885085363560790e+01,7.914146628648028070e+01,7.630007163824589611e+01,7.371763144311117344e+01,7.143390568097034077e+01,6.944677725117061584e+01,6.772616373955992231e+01,6.622749981805510799e+01,6.490270735250956591e+01,6.370766162703550606e+01,6.260612251782298898e+01,6.157075739623382304e+01,6.058219394159690552e+01,5.962705848707703638e+01,5.869578111089532513e+01,5.778069035051065327e+01,5.687466317568292595e+01,5.597039047746787332e+01,5.506018355036783873e+01,5.413617897926850731e+01,5.319078235994160764e+01,5.221720675653389776e+01,5.120999344233142381e+01,5.016543852946711013e+01,4.908188244515125120e+01,4.795984640824678991e+01,4.680202011414389318e+01,4.561311816896399307e+01,4.439963050340875839e+01,4.316949531208276625e+01,4.193172321801314695e+01,4.069599939326189997e+01,3.947228710291023646e+01,3.827045220218366239e+01,3.709992394415612438e+01,3.596940334038033882e+01,3.488662644112670108e+01,3.385818637246368468e+01,3.288941484397649617e+01,3.198432115697799105e+01,3.114558451841266162e+01,3.037459371214685433e+01,2.967152690152748207e+01,2.903546353000170654e+01,2.846451993262158453e+01,2.795600033783219374e+01,2.750655537786112248e+01,2.711234097489457184e+01,2.676917145579227508e+01,2.647266189098962030e+01,2.621835587338478746e+01,2.600183617498760213e+01,2.581881687680326465e+01
2.500454561081046378e+01,2.500605365691205861e+01,2.500802571674092079e+01,2.501059336748341977e+01,2.501392264066152293e+01,2.501822260771718831e+01,2.502375619916727345e+01,2.503085396086946091e+01,2.503993174678346278e+01,2.505151381485695694e+01,2.506626355824174723e+01,2.508502538669240067e+01,2.510888342677149865e+01,2.513924625980369854e+01,2.517797255250725286e+01,2.522756089296928295e+01,2.529143888773865001e+01,2.537440117454472244e+01,2.548326116999488633e+01,2.562779175492103434e+01,2.582202626297204517e+01,2.608595944936887889e+01,2.644761265634673109e+01,2.694529489983696280e+01,2.762969981420538801e+01,2.856524652483168936e+01,2.982985039654748505e+01,3.151217976998886172e+01,3.370552130358412768e+01,3.649773660626350136e+01,3.995749378393441731e+01,4.411795032950422524e+01,4.896017302812892069e+01,5.439951247860909689e+01,6.027855283675054920e+01,6.636983016308559513e+01,7.239013137163934175e+01,7.802600171527689099e+01,8.296754793262354610e+01,8.694537827025598631e+01,8.976424231823250466e+01,9.132709220730279753e+01,9.164496627985401744e+01,9.083093324839305183e+01,8.907960942676037064e+01,8.663661830304157263e+01,8.376407912645376541e+01,8.070842238140373581e+01,7.767561447906265926e+01,7.481669545288107770e+01,7.222405873307161528e+01,6.993677710998910868e+01,6.795194470567065537e+01,6.623860889252432571e+01,6.475128257538779053e+01,6.344095450060112285e+01,6.226260320168635332e+01,6.117917821927562017e+01,6.016266921013386337e+01,5.919319540246045364e+01,5.825706680384197966e+01,5.734459622683035462e+01,5.644818500173602160e+01,5.556094983440403468e+01,5.467595418805834129e+01,5.378597349020807883e+01,5.288365554888213182e+01,5.196192028935328011e+01,5.101445780813466513e+01,5.003621463295715444e+01,4.902379333932148597e+01,4.797572326822772482e+01,4.689258662378077958e+01,4.577700374682553530e+01,4.463349429146531833e+01,4.346823844667319747e+01,4.228876550050905792e+01,4.110359713307333607e+01,3.992187086590871559e+01,3.875296590049779866e+01,3.760614975291932893e+01,3.649026006272361400e+01,3.541343200408257985e+01,3.438287803034845069e+01,3.340472333883120371e+01,3.248389750371995177e+01,3.162408021826753313e+01,3.082769702579950533e+01,3.009595930856166035e+01,2.942894164331126916e+01,2.882568891418449297e+01,2.828434527714712132e+01,2.780229716358910608e+01,2.737632294694259372e+01,2.700274261663868458e+01,2.667756173976653855e+01,2.639660506866874812e+01,2.615563629823899561e+01,2.595046162022853764e+01,2.577701580251785529e+01
2.500438224377085561e+01,2.500583605809339360e+01,2.500773717399703955e+01,2.501021241178450794e+01,2.501342178920490511e+01,2.501756678810460599e+01,2.502290077023628356e+01,2.502974222062804444e+01,2.503849178493155847e+01,2.504965452452870167e+01,2.506386956642591102e+01,2.508195059232877000e+01,2.510494274607793841e+01,2.513420506522140485e+01,2.517153314880863491e+01,2.521934519484246451e+01,2.528096624209869958e+01,2.536106000875660271e+01,2.546627286085524133e+01,2.560616485046831770e+01,2.579449904861492371e+01,2.605092899996938627e+01,2.640304920299560010e+01,2.688864186859496286e+01,2.755776256257875190e+01,2.847407678319455471e+01,2.971463859703418819e+01,3.136717322859983526e+01,3.352399144875573711e+01,3.627202142320699352e+01,3.967914042150284359e+01,4.377797572945199533e+01,4.854944679726004608e+01,5.390924697454131831e+01,5.970086347607507093e+01,6.569830888154011461e+01,7.162036331218979512e+01,7.715595419595032922e+01,8.199777381580135227e+01,8.587900180343410739e+01,8.860672948643779989e+01,9.008584216882711360e+01,9.032878749931998641e+01,8.944948121703360755e+01,8.764285975966915032e+01,8.515443132926742464e+01,8.224588538030781137e+01,7.916303010975551047e+01,7.611111744475661567e+01,7.324044660366118364e+01,7.064267398268266618e+01,6.835614156150995768e+01,6.637720701881686125e+01,6.467416345421278834e+01,6.320074980941122789e+01,6.190717489126434714e+01,6.074766014696775329e+01,5.968445991591959654e+01,5.868897245529959150e+01,5.774086660637013324e+01,5.682616932628301498e+01,5.593508934776092190e+01,5.506009866641299055e+01,5.419454047533970709e+01,5.333182979328567797e+01,5.246517992542587194e+01,5.158772026855767479e+01,5.069285345204967541e+01,4.977471408466347214e+01,4.882862147147956478e+01,4.785145307605959175e+01,4.684189729202203978e+01,4.580056992537518568e+01,4.472999774835560061e+01,4.363448500447272238e+01,4.251988588598830177e+01,4.139330900693104809e+01,4.026277992893007251e+01,3.913688586175879180e+01,3.802442354653545209e+01,3.693406762695789780e+01,3.587407293693688359e+01,3.485202035374318541e+01,3.387461235011309668e+01,3.294752121904451769e+01,3.207529018754888739e+01,3.126128530076844925e+01,3.050769405284172819e+01,2.981556526605599444e+01,2.918488367011823215e+01,2.861467199693159813e+01,2.810311316192929354e+01,2.764768521832199610e+01,2.724530220106745304e+01,2.689245466748157654e+01,2.658534462731683590e+01,2.632001056844409348e+01,2.609243935650777146e+01,2.589866285394246859e+01,2.573483810960229690e+01
2.500420422319815117e+01,2.500559896315592212e+01,2.500742281700332370e+01,2.500979744008530048e+01,2.501287632819026641e+01,2.501685274420334437e+01,2.502196970584056501e+01,2.502853268711473333e+01,2.503692596609872822e+01,2.504763399846971339e+01,2.506126993612231857e+01,2.507861466005776663e+01,2.510067180856821878e+01,2.512874777760611167e+01,2.516457123530680207e+01,2.521047505980218162e+01,2.526967524373131369e+01,2.534669579374616788e+01,2.544800373570448215e+01,2.558292874174367881e+01,2.576493830645084415e+01,2.601330835300925060e+01,2.635515491534000887e+01,2.682766200371498044e+01,2.748015164849019598e+01,2.837541335577889967e+01,2.958949093756895365e+01,3.120899633262405715e+01,3.332508529771383365e+01,3.602358467477932891e+01,3.937145203584495334e+01,4.340072753632999536e+01,4.809223165503773600e+01,5.336218128873737498e+01,5.905529343219004090e+01,6.494752312548934015e+01,7.076021830611213659e+01,7.618531835381531891e+01,8.091871577578866948e+01,8.469668497599036527e+01,8.732902243827513189e+01,8.872270199449457095e+01,8.889150986471202032e+01,8.794992754411217106e+01,8.609276554747218313e+01,8.356487256632951244e+01,8.062694034019790479e+01,7.752363215243481420e+01,7.445906082041801710e+01,7.158248836870706100e+01,6.898467288566038746e+01,6.670318643292426941e+01,6.473370702963029544e+01,6.304389391846628143e+01,6.158686441332228867e+01,6.031220508655674450e+01,5.917352432765267167e+01,5.813250039672223579e+01,5.716002984452897806e+01,5.623539175588874173e+01,5.534436493298628079e+01,5.447706784573709626e+01,5.362604072305046543e+01,5.278483889736555312e+01,5.194720624093601913e+01,5.110676565925247417e+01,5.025709640814561396e+01,4.939205027846931984e+01,4.850617235095187141e+01,4.759512127921065883e+01,4.665601757168123243e+01,4.568767928621417695e+01,4.469072966165006733e+01,4.366757959463198802e+01,4.262229997045760399e+01,4.156040572606372052e+01,4.048857637886074201e+01,3.941433774523023459e+01,3.834572767159625784e+01,3.729096557911045551e+01,3.625814205269465162e+01,3.525494098692718836e+01,3.428840319663512304e+01,3.336473706652995475e+01,3.248917883726042533e+01,3.166590254500803781e+01,3.089797746289759672e+01,3.018736913694553436e+01,2.953497876263863020e+01,2.894071470160480075e+01,2.840358937667692274e+01,2.792183458562717036e+01,2.749302840693059835e+01,2.711422729264496922e+01,2.678209760180903487e+01,2.649304166332239419e+01,2.624331440687659978e+01,2.602912760111438928e+01,2.584673973090840349e+01,2.569253047923721667e+01
2.500401383859493976e+01,2.500534541908489317e+01,2.500708668170272375e+01,2.500935377325866682e+01,2.501229324003093524e+01,2.501608959694103973e+01,2.502097486678302474e+01,2.502724071593393873e+01,2.503525408454508039e+01,2.504547764517262110e+01,2.505849714910506165e+01,2.507505895003695784e+01,2.509612307969230116e+01,2.512294070830861514e+01,2.515717033541298520e+01,2.520105535183651213e+01,2.525769715642116608e+01,2.533147239155999486e+01,2.542865785243613530e+01,2.555833700410482123e+01,2.573365858049939447e+01,2.597348710354931711e+01,2.630441176175631313e+01,2.676295092474024884e+01,2.739760237785576180e+01,2.827016286250845667e+01,2.945552334541598327e+01,3.103901924420792469e+01,3.311047928649337280e+01,3.575446779612980919e+01,3.903689924443964543e+01,4.298917302000222662e+01,4.759205914272487092e+01,5.276247503667248395e+01,5.834668591342482813e+01,6.412304245090092536e+01,6.981601834954366836e+01,7.512117532897138972e+01,7.973820032239311217e+01,8.340696619210054052e+01,8.594032086534605241e+01,8.724746891042698849e+01,8.734345603236843658e+01,8.634304475287871128e+01,8.444047448241141751e+01,8.187939431032162929e+01,7.891893645257428602e+01,7.580210349314717178e+01,7.273145108933090341e+01,6.985491338931919358e+01,6.726219349721554863e+01,6.499005804903254102e+01,6.303356508349910570e+01,6.135986293964216287e+01,5.992160210439368484e+01,5.866790717255078391e+01,5.755192015623844526e+01,5.653486500316280683e+01,5.558722871201928228e+01,5.468796332861165865e+01,5.382263595374750764e+01,5.298128955547123553e+01,5.215653049184970769e+01,5.134211167730724412e+01,5.053208253255321125e+01,4.972044647493837033e+01,4.890120007246741096e+01,4.806861010660837508e+01,4.721759781877793216e+01,4.634412799688065121e+01,4.544553313176516696e+01,4.452073293492969697e+01,4.357033386776847550e+01,4.259661112726917054e+01,4.160338721085619795e+01,4.059582778288498872e+01,3.958017828202252275e+01,3.856346466448099619e+01,3.755317982192856618e+01,3.655697429251132746e+01,3.558236645294260825e+01,3.463648382516854696e+01,3.372584370339593107e+01,3.285617815539924180e+01,3.203230565480844660e+01,3.125804919299412532e+01,3.053619870977256667e+01,2.986851406868899517e+01,2.925576357660118276e+01,2.869779219646134649e+01,2.819361310986270652e+01,2.774151612891437679e+01,2.733918660394827072e+01,2.698382888408907121e+01,2.667228901316061140e+01,2.640117212878586628e+01,2.616695091964417585e+01,2.596606242680368126e+01,2.579499139593567847e+01,2.565033925124413727e+01
2.500381345777855557e+01,2.500507857701470371e+01,2.500673294185659046e+01,2.500888691363962835e+01,2.501167974486677892e+01,2.501528677710495785e+01,2.501992851568377674e+01,2.502588218106892981e+01,2.503349659980434083e+01,2.504321172244733518e+01,2.505558476571650317e+01,2.507132618494446774e+01,2.509135073727620835e+01,2.511685231016086206e+01,2.514941663862231991e+01,2.519119424161484844e+01,2.524516733433871707e+01,2.531555871919071876e+01,2.540844552422377944e+01,2.553265098646103937e+01,2.570098414860837721e+01,2.593186716867083419e+01,2.625131752153737352e+01,2.669512483973177197e+01,2.731087724209639944e+01,2.815926821806884561e+01,2.931390052089642140e+01,3.085867773876515230e+01,3.288193772736189402e+01,3.546682879806792243e+01,3.867810518284521493e+01,4.254647556238635531e+01,4.705270797609769318e+01,5.211459260733188614e+01,5.758025127960218725e+01,6.323086818141226217e+01,6.879458091916055196e+01,7.397116112585388237e+01,7.846466058686067413e+01,8.201903188101337605e+01,8.445050177060137742e+01,8.567063408532463598e+01,8.569564734464398725e+01,8.464029885543899923e+01,8.269781542903587024e+01,8.011011386135189127e+01,7.713421439359251508e+01,7.401095276274676849e+01,7.094091802405836233e+01,6.807043256141980692e+01,6.548799256304045002e+01,6.322952664066487927e+01,6.128953409999129320e+01,5.963477614709098873e+01,5.821759183771471413e+01,5.698680478605081134e+01,5.589523836497021847e+01,5.490378534957386591e+01,5.398261690524096679e+01,5.311042233356700137e+01,5.227259490506024520e+01,5.145911798081034760e+01,5.066266274250067170e+01,4.987716561535120263e+01,4.909695852332970389e+01,4.831639646975479252e+01,4.752986100170264194e+01,4.673200013112891327e+01,4.591807768158570013e+01,4.508433250728155173e+01,4.422827963007974006e+01,4.334891448975478312e+01,4.244680508953267406e+01,4.152407401352016336e+01,4.058428354529821291e+01,3.963224345093114209e+01,3.867376357481379046e+01,3.771537332714219559e+01,3.676402833946472271e+01,3.582682175377431122e+01,3.491071432589119183e+01,3.402229413674645286e+01,3.316757345522177758e+01,3.235182732429968411e+01,3.157947582086782745e+01,3.085400969785446534e+01,3.017795726045687843e+01,2.955288884923362502e+01,2.897945418974266119e+01,2.845744710623723606e+01,2.798589166720697108e+01,2.756314370958503446e+01,2.718700184567052958e+01,2.685482245403235879e+01,2.656363374750912243e+01,2.631024474713414563e+01,2.609134581692389432e+01,2.590359827800646286e+01,2.574371147232072943e+01,2.560850644347142335e+01
2.500360547837333058e+01,2.500480162768626613e+01,2.500636582357821069e+01,2.500840243239192873e+01,2.501104315283311053e+01,2.501445383249068044e+01,2.501884306640696920e+01,2.502447315082128654e+01,2.503167421950833571e+01,2.504086280281062216e+01,2.505256674282544083e+01,2.506745958366945715e+01,2.508640957589576814e+01,2.511055179765022416e+01,2.514139726985508005e+01,2.518100104433408504e+01,2.523222253097721435e+01,2.529912541115289670e+01,2.538757919424567078e+01,2.550613472770951518e+01,2.566724277517238306e+01,2.588885512863410909e+01,2.619637641524511906e+01,2.662480910353978203e+01,2.722075196896293647e+01,2.804369165293950061e+01,2.916581530674392297e+01,3.066944819081929197e+01,3.264128256348357127e+01,3.516290582848671420e+01,3.829780180784530330e+01,4.207594255767841673e+01,4.647814235432643670e+01,5.142323069528772805e+01,5.676148266860334246e+01,6.227733611229218980e+01,6.770310789679811592e+01,7.274334109764265577e+01,7.710699591796024777e+01,8.054256096543861076e+01,8.286994875508653990e+01,8.400319682988263992e+01,8.395960314176178940e+01,8.285363404302796653e+01,8.087706879764591861e+01,7.826956991339294234e+01,7.528550584554292868e+01,7.216305183417455282e+01,6.910043162925194338e+01,6.624207999235747479e+01,6.367513932863752046e+01,6.143467004336404358e+01,5.951467440824034583e+01,5.788164957212415374e+01,5.648777746960207935e+01,5.528174081939987161e+01,5.421619167797391015e+01,5.325181496452803742e+01,5.235856042583480985e+01,5.151491996255579409e+01,5.070615209805025358e+01,4.992219769902705195e+01,4.915579259168620752e+01,4.840104364915576696e+01,4.765254317875969292e+01,4.690496976555205322e+01,4.615305862250940550e+01,4.539180645367107303e+01,4.461678759769586833e+01,4.382448476907174495e+01,4.301256830858528701e+01,4.218008606743654809e+01,4.132754884720208821e+01,4.045691290456370126e+01,3.957147185662081768e+01,3.867567639508002486e+01,3.777490267838413018e+01,3.687519018403318682e+01,3.598296806266817072e+01,3.510478634035887069e+01,3.424706518104719777e+01,3.341587220334703545e+01,3.261673477332940507e+01,3.185449140027247594e+01,3.113318391202159319e+01,3.045599000507580811e+01,2.982519405279105484e+01,2.924219270285215799e+01,2.870753078742978204e+01,2.822096238894943454e+01,2.778153153132598518e+01,2.738766687692222845e+01,2.703728497378300943e+01,2.672789697983992241e+01,2.645671434864686944e+01,2.622074964805909403e+01,2.601690945014739142e+01,2.584207702921682426e+01,2.569318339028667353e+01,2.556726588409097900e+01
2.500339228090201260e+01,2.500451773903361286e+01,2.500598952268832420e+01,2.500790586059791210e+01,2.501039072122037155e+01,2.501360024144753424e+01,2.501773084181895968e+01,2.502302957455760435e+01,2.502980749617624312e+01,2.503845725685380685e+01,2.504947677484909718e+01,2.506350202449267428e+01,2.508135394883818492e+01,2.510410781485773057e+01,2.513319861931190147e+01,2.517058413399881900e+01,2.521899830431665990e+01,2.528234160275779630e+01,2.536626946114634507e+01,2.547905006043113119e+01,2.563275969497881235e+01,2.584485485104781333e+01,2.614009007827191766e+01,2.655262718751689377e+01,2.712800206000536107e+01,2.792439830125761091e+01,2.901246870658240340e+01,3.047282328986463540e+01,3.239036392963517130e+01,3.484498160862487737e+01,3.789878713711590308e+01,4.158097430803165651e+01,4.587245133071569114e+01,5.069324698585535316e+01,5.589607291692138347e+01,6.126902073062363741e+01,6.654907635007511146e+01,7.144608678133937474e+01,7.567443451230576557e+01,7.898757326264336598e+01,8.120938636454998516e+01,8.225648521056362483e+01,8.214714805231790251e+01,8.099526709631246035e+01,7.899074851118494678e+01,7.637049248987113970e+01,7.338569179365454431e+01,7.027138287939374095e+01,6.722303840457124124e+01,6.438293900921952684e+01,6.183673197006137912e+01,5.961858139954188118e+01,5.772205376130695953e+01,5.611350321066478131e+01,5.474510628764566178e+01,5.356556249444615503e+01,5.252749812758250414e+01,5.159151262815004202e+01,5.072742860216359162e+01,4.991360640326256970e+01,4.913520984612759435e+01,4.838215562699061678e+01,4.764724536788651221e+01,4.692474470522293473e+01,4.620948562599106424e+01,4.549644378285965729e+01,4.478067836711003480e+01,4.405750406483247161e+01,4.332277575069629449e+01,4.257319217585568794e+01,4.180655447192808083e+01,4.102194254837301912e+01,4.021979445667697206e+01,3.940188976838013701e+01,3.857124841595950215e+01,3.773196226138411902e+01,3.688897900040334576e+01,3.604785791398182937e+01,3.521451530588095125e+01,3.439497489121598051e+01,3.359513541960625815e+01,3.282056476896377006e+01,3.207632684927886402e+01,3.136684503476359609e+01,3.069580355808533412e+01,3.006608637234231907e+01,2.947975141241161978e+01,2.893803695407609666e+01,2.844139585948541082e+01,2.798955289195298235e+01,2.758157996100697673e+01,2.721598409605922697e+01,2.689080311552932656e+01,2.660370432389956363e+01,2.635208209297243442e+01,2.613315082266799649e+01,2.594403048633959585e+01,2.578182270184122160e+01,2.564367599180732782e+01,2.552683956977652002e+01
2.500317618472739412e+01,2.500422999756399989e+01,2.500560812709587211e+01,2.500740258697414475e+01,2.500972952032961416e+01,2.501273523778461438e+01,2.501660384632217671e+01,2.502156698858924955e+01,2.502791644867286891e+01,2.503602076828414269e+01,2.504634767527690187e+01,2.505949525985262838e+01,2.507623677551394437e+01,2.509758718612610906e+01,2.512490477651364884e+01,2.516004898841945803e+01,2.520562658537530609e+01,2.526537191679681982e+01,2.534472135663737546e+01,2.545165202562547435e+01,2.559785197864972162e+01,2.580026058024206748e+01,2.608294909740528311e+01,2.647919032491854807e+01,2.703339013135201085e+01,2.780234073383476812e+01,2.885505100313304183e+01,3.027028902124811083e+01,3.213103215195570783e+01,3.451534949005036879e+01,3.748388430014899342e+01,4.106501493474982567e+01,4.523979042697447994e+01,4.992959135182616848e+01,5.498983432271168681e+01,6.021264270043136690e+01,6.534013312439105903e+01,7.008795724768263824e+01,7.417640144963345961e+01,7.736428438917124595e+01,7.947972225726884687e+01,8.044198601734589715e+01,8.027023036687069180e+01,7.907749477133927485e+01,7.705139895948774154e+01,7.442558994566242347e+01,7.144757998078020478e+01,6.834880663430166692e+01,6.532162077501482145e+01,6.250589316086940528e+01,5.998564067701133951e+01,5.779410497730035701e+01,5.592447671784692886e+01,5.434308497704576979e+01,5.300224872096617901e+01,5.185083816729901685e+01,5.084159641349040726e+01,4.993515782902690603e+01,4.910131122944150661e+01,4.831835124879067678e+01,4.757138769158835601e+01,4.685033253833073275e+01,4.614805578735980873e+01,4.545897177076081164e+01,4.477813320694123433e+01,4.410078819399281969e+01,4.342229226909633155e+01,4.273824964532988702e+01,4.204476823961243781e+01,4.133873774567430814e+01,4.061806852292282599e+01,3.988185535418850236e+01,3.913045131036776070e+01,3.836545231771759745e+01,3.758960300276272903e+01,3.680663995410151301e+01,3.602109077262385028e+01,3.523804718162308802e+01,3.446292886956727841e+01,3.370125228885459023e+01,3.295841580770276380e+01,3.223950973453833768e+01,3.154915701097041492e+01,3.089138791772937509e+01,3.026955001313839233e+01,2.968625274206896236e+01,2.914334470942896615e+01,2.864192049034845056e+01,2.818235302997544167e+01,2.776434714870234544e+01,2.738700939220855091e+01,2.704892942619776619e+01,2.674826834581570623e+01,2.648284961774600532e+01,2.625024886290236736e+01,2.604787928022415144e+01,2.587307016666996518e+01,2.572313666521932518e+01,2.559543953477223610e+01,2.548743435166217353e+01
2.500295940793610328e+01,2.500394135498397929e+01,2.500522554612648563e+01,2.500689776474536075e+01,2.500906631134362357e+01,2.501186765136813506e+01,2.501547355878642520e+01,2.502010024844725677e+01,2.502602021767119567e+01,2.503357789258162924e+01,2.504321081389744208e+01,2.505547920195387945e+01,2.507110863859313810e+01,2.509105377990806574e+01,2.511659610653912367e+01,2.514949641215491027e+01,2.519223346854406742e+01,2.524837372550366510e+01,2.532313096329267310e+01,2.542418470590483537e+01,2.556282341018713566e+01,2.575545064980126497e+01,2.602542530090914852e+01,2.640508806104934791e+01,2.693765433241543406e+01,2.767844476468928505e+01,2.869472436775521018e+01,3.006330337780494233e+01,3.186511173885663695e+01,3.417628178438052799e+01,3.705590316671970896e+01,4.053150620027012963e+01,4.458432652955291786e+01,4.913724075645470890e+01,5.404862261260090861e+01,5.911498114760160405e+01,6.408399495747431729e+01,6.867758685140984198e+01,7.262239418609787833e+01,7.568296937869452279e+01,7.769189954450575897e+01,7.857118656203036267e+01,7.834075407882508557e+01,7.711251683597537010e+01,7.507140969104854378e+01,7.244735584809654938e+01,6.948370438491966183e+01,6.640785478159126853e+01,6.340868263870845567e+01,6.062340520071467154e+01,5.813428041033318294e+01,5.597360316172739658e+01,5.413424647945736723e+01,5.258262816843324572e+01,5.127135237931136658e+01,5.014960903904022160e+01,4.917039650309246213e+01,4.829450155813258050e+01,4.749177090895430808e+01,4.674049874339304012e+01,4.602578189243347850e+01,4.533754806664715886e+01,4.466873966146548725e+01,4.401391138172432704e+01,4.336831969395099406e+01,4.272746266989986452e+01,4.208696689302450977e+01,4.144270017387319172e+01,4.079099870500466096e+01,4.012892095415902816e+01,3.945446804851817291e+01,3.876673570019587345e+01,3.806598309112617073e+01,3.735361887678031678e+01,3.663211402788337523e+01,3.590485654760953338e+01,3.517596522902585576e+01,3.445007951970010396e+01,3.373214103964218680e+01,3.302717997656022675e+01,3.234011691182526960e+01,3.167558792108415133e+01,3.103779824023601464e+01,3.043040750007774520e+01,2.985644756162524160e+01,2.931827234177925590e+01,2.881753769762048023e+01,2.835520841952681437e+01,2.793158864760316007e+01,2.754637155111040414e+01,2.719870387478971452e+01,2.688726093586912924e+01,2.661032782505751015e+01,2.636588289439252009e+01,2.615168007129740246e+01,2.596532708583101368e+01,2.580435729999007322e+01,2.566629344799602563e+01,2.554870220161511085e+01,2.544923903626677486e+01
2.500274403206449136e+01,2.500365458126853468e+01,2.500484544838350587e+01,2.500639622976413179e+01,2.500840743894979568e+01,2.501100576797903940e+01,2.501435075051007573e+01,2.501864329353562511e+01,2.502413676280940535e+01,2.503115166910657408e+01,2.504009562224544538e+01,2.505149129506824934e+01,2.506601699084022172e+01,2.508456751084038316e+01,2.510834799971177844e+01,2.513902097620450959e+01,2.517893727165726148e+01,2.523149474677827087e+01,2.530168244476269024e+01,2.539687756521061601e+01,2.552795998357712648e+01,2.571078194769790315e+01,2.596796495829119777e+01,2.633087989607290424e+01,2.684149806813573491e+01,2.755359680142217371e+01,2.853260728460846352e+01,2.985327718804161634e+01,3.159437782223767854e+01,3.383000091021992262e+01,3.661760519548074200e+01,3.998384499458471453e+01,4.391018694510144371e+01,4.832113887388202045e+01,5.307826626556473570e+01,5.798279204427683453e+01,6.278835556219440406e+01,6.722358096822799212e+01,7.102186722220889692e+01,7.395383684506126087e+01,7.585676123292309114e+01,7.665543031358629378e+01,7.637042665580732148e+01,7.511227685751505589e+01,7.306284996371839213e+01,7.044789786571982404e+01,6.750614884603064070e+01,6.446054856977278291e+01,6.149616313946489754e+01,5.874732614661056829e+01,5.629441542132092735e+01,5.416875670014115229e+01,5.236296126294526232e+01,5.084364452071110207e+01,4.956383250702774745e+01,4.847317786680665108e+01,4.752506757838987284e+01,4.668055455797870223e+01,4.590963271843455829e+01,4.519066001037801072e+01,4.450876132827943366e+01,4.385390136432329200e+01,4.321910031208983582e+01,4.259904670620920797e+01,4.198918584350427352e+01,4.138524558538210840e+01,4.078310074326022061e+01,4.017885945896122735e+01,3.956906427033393925e+01,3.895092324297439745e+01,3.832251293038687834e+01,3.768291923004080957e+01,3.703230175101523258e+01,3.637188143518319805e+01,3.570386031850730291e+01,3.503128739694840732e+01,3.435788658946745500e+01,3.368786269960562407e+01,3.302569983751569538e+01,3.237596457073065892e+01,3.174312355639427352e+01,3.113138286413302325e+01,3.054455381147026571e+01,2.998594800503174795e+01,2.945830245638778777e+01,2.896373413101909833e+01,2.850372208247790695e+01,2.807911440215343291e+01,2.769015655612226112e+01,2.733653726220370572e+01,2.701744786053846070e+01,2.673165112698848489e+01,2.647755564567964726e+01,2.625329216756783524e+01,2.605678880563682398e+01,2.588584242169834582e+01,2.573818411139388829e+01,2.561153726040738476e+01,2.550366719627743350e+01,2.541242197102182843e+01
2.500253197235234737e+01,2.500337222508538204e+01,2.500447120934867584e+01,2.500590243146635316e+01,2.500775874079891636e+01,2.501015721114895385e+01,2.501324533173867692e+01,2.501720894871851542e+01,2.502228260739603272e+01,2.502876329414237588e+01,2.503702917679065010e+01,2.504756598658233457e+01,2.506100548682852036e+01,2.507818349906943567e+01,2.510022981845979118e+01,2.512870970388738812e+01,2.516584690215185205e+01,2.521487101935373332e+01,2.528054554308458890e+01,2.536994236169015338e+01,2.549352609937608349e+01,2.566658523199967945e+01,2.591098300808274146e+01,2.625708816314036298e+01,2.674558119653777055e+01,2.742863294610383207e+01,2.836976103788500225e+01,2.964155735920804347e+01,3.132053540656771773e+01,3.347865378447750828e+01,3.617167201053073455e+01,3.942534508581225339e+01,4.322141331706409062e+01,4.748614123996632941e+01,5.208450212357210773e+01,5.682273374096070029e+01,6.146080084144142575e+01,6.573442098969158565e+01,6.938412731073469786e+01,7.218691513230638179e+01,7.398492826626650753e+01,7.470578790086631216e+01,7.437062408247882672e+01,7.308832227242744750e+01,7.103732465791767936e+01,6.843879012772639214e+01,6.552639625560141212e+01,6.251824502807819783e+01,5.959527996973898212e+01,5.688873567230984207e+01,5.447699674130029734e+01,5.239039937070905495e+01,5.062134634566130131e+01,4.913675397080243101e+01,4.789019995179164368e+01,4.683193576778262468e+01,4.591586442187509931e+01,4.510341412580746123e+01,4.436481232449986578e+01,4.367854338987700658e+01,4.302980097335854026e+01,4.240860858748028761e+01,4.180807088905519464e+01,4.122300543972915676e+01,4.064903352498161837e+01,4.008209493641360410e+01,3.951829241753586786e+01,3.895395386560664974e+01,3.838580906803505854e+01,3.781119946366077755e+01,3.722826472282262955e+01,3.663607324964078060e+01,3.603468243858209519e+01,3.542512803203320004e+01,3.480935066037694980e+01,3.419007248938484622e+01,3.357063883355797884e+01,3.295483951374162501e+01,3.234672338097465882e+01,3.175041736380839907e+01,3.116995903421502945e+01,3.060914930628879915e+01,3.007142965583793170e+01,2.955978627309389140e+01,2.907668187640552304e+01,2.862401452906451382e+01,2.820310170252599491e+01,2.781468699691984980e+01,2.745896634112337509e+01,2.713563012724945267e+01,2.684391756628854608e+01,2.658267956074016780e+01,2.635044655299241967e+01,2.614549809946817405e+01,2.596593131239491470e+01,2.580972577398810941e+01,2.567480303178572498e+01,2.555907929964631364e+01,2.546051048980757159e+01,2.537712916456650092e+01
2.500232495398372023e+01,2.500309658218534992e+01,2.500410586953104541e+01,2.500542037772726900e+01,2.500712547519506401e+01,2.500932884779394527e+01,2.501216622910165199e+01,2.501580876588884195e+01,2.502047263457776793e+01,2.502643185987616548e+01,2.503403586622928145e+01,2.504373430483729379e+01,2.505611344966019871e+01,2.507195139950533758e+01,2.509230405714042789e+01,2.511864102247974984e+01,2.515306055345210012e+01,2.519862528653825251e+01,2.525987357931373012e+01,2.534357067785877859e+01,2.545976151486977912e+01,2.562316136210587914e+01,2.585485839228284988e+01,2.618419223707080690e+01,2.665051281700752028e+01,2.730432998670671552e+01,2.820717843225454757e+01,2.942941274210754443e+01,3.104520167711596557e+01,3.312428976249508850e+01,3.572067807286875052e+01,3.885920357366384792e+01,4.252192092250970035e+01,4.663696653964753125e+01,5.107291798581319142e+01,5.564130043345976162e+01,6.010873310726749708e+01,6.421837952276359829e+01,6.771824021036228203e+01,7.039195149655299133e+01,7.208669222750049244e+01,7.273294453594834863e+01,7.235227419650047409e+01,7.105168470712246176e+01,6.900585245091033926e+01,6.643094986951871306e+01,6.355520403376024774e+01,6.059151140876367236e+01,5.771640274413893223e+01,5.505781428483194162e+01,5.269203301838366826e+01,5.064838738399606655e+01,4.891912203733859599e+01,4.747155133444456965e+01,4.625992682440866588e+01,4.523522727114206532e+01,4.435199238610314865e+01,4.357212961546308350e+01,4.286618269114326552e+01,4.221282305824193770e+01,4.159735313341212759e+01,4.100987743483909753e+01,4.044359285269942461e+01,3.989344281386843960e+01,3.935521376550443051e+01,3.882504184983385187e+01,3.829923992282737544e+01,3.777433768866222863e+01,3.724723583157269502e+01,3.671539576234114577e+01,3.617701082149736180e+01,3.563112709555876023e+01,3.507769991472527948e+01,3.451758500867344992e+01,3.395247162813517150e+01,3.338476955449638695e+01,3.281746376400084841e+01,3.225395044653962628e+01,3.169786680702594950e+01,3.115292514074405261e+01,3.062275946289754813e+01,3.011079075025075014e+01,2.962011478249024421e+01,2.915341474150916312e+01,2.871289917549832893e+01,2.830026466632346427e+01,2.791668154004356595e+01,2.756280021048135609e+01,2.723877522129379969e+01,2.694430373037452853e+01,2.667867504004208712e+01,2.644082779603812483e+01,2.622941163586168400e+01,2.604285033885998502e+01,2.587940389149136777e+01,2.573722730463643416e+01,2.561442447872995842e+01,2.550909588067942124e+01,2.541937925015488631e+01,2.534348297152542173e+01
2.500212449454591734e+01,2.500282967206602081e+01,2.500375210357060496e+01,2.500495359415331365e+01,2.500651226771784863e+01,2.500852671855984255e+01,2.501112129515187021e+01,2.501445290704654312e+01,2.501871993693071161e+01,2.502417416181983612e+01,2.503113714605480666e+01,2.504002354777132666e+01,2.505137547772647721e+01,2.506591490729108429e+01,2.508462572263468715e+01,2.510888399025191831e+01,2.514066474342980229e+01,2.518286580303215061e+01,2.523980197515601631e+01,2.531793208955229346e+01,2.542687907394381952e+01,2.558077847731915355e+01,2.579993053629242539e+01,2.611262412121989485e+01,2.655684570811246914e+01,2.718139835222585532e+01,2.804577483801703508e+01,2.921802273254915150e+01,3.076989151173838621e+01,3.276884230788176211e+01,3.526706767165671152e+01,3.828847232225021457e+01,4.181546368379004264e+01,4.577815442828381265e+01,5.004890264848483383e+01,5.444476408879363305e+01,5.873930488335508926e+01,6.268344641564421948e+01,6.603294963183893174e+01,6.857832497015547801e+01,7.017192333111390212e+01,7.074710444195983428e+01,7.032575883138105155e+01,6.901278097188691163e+01,6.697876656552902830e+01,6.443453855709732636e+01,6.160250595964140530e+01,5.869002779472973685e+01,5.586895625764749695e+01,5.326374698614263536e+01,5.094849429499862481e+01,4.895150301923762015e+01,4.726490700258469246e+01,4.585650926060952770e+01,4.468134916266918566e+01,4.369125289720813043e+01,4.284151020649419195e+01,4.209460589109615114e+01,4.142147864355595743e+01,4.080104520601817342e+01,4.021875575149125837e+01,3.966481808267179332e+01,3.913253000862228959e+01,3.861695915619294794e+01,3.811404820406616523e+01,3.762011623667798688e+01,3.713167076400994659e+01,3.664542784199438330e+01,3.615844527972160449e+01,3.566829368554844848e+01,3.517321325340390104e+01,3.467222551353233939e+01,3.416518637311910567e+01,3.365277908089287706e+01,3.313645368399686220e+01,3.261832393710452749e+01,3.210103438287409716e+01,3.158761027218826456e+01,3.108130180526043063e+01,3.058543236453819603e+01,3.010325834680885748e+01,2.963784613345942631e+01,2.919196981760999421e+01,2.876803161725388591e+01,2.836800547817222196e+01,2.799340321205531978e+01,2.764526160982849490e+01,2.732414829608171658e+01,2.703018362440406719e+01,2.676307563282626134e+01,2.652216496233451082e+01,2.630647666913349525e+01,2.611477601236150292e+01,2.594562555163156503e+01,2.579744122011788221e+01,2.566854542494227331e+01,2.555721564313067873e+01,2.546172740507121190e+01,2.538039096695332120e+01,2.531158135101193807e+01
2.500193189271755045e+01,2.500257322292298667e+01,2.500341220031541312e+01,2.500450509783408748e+01,2.500592307680823723e+01,2.500775599291897322e+01,2.501011725005814768e+01,2.501315006894845538e+01,2.501703571955064476e+01,2.502200457476148188e+01,2.502835138051221264e+01,2.503645708248135904e+01,2.504682119163212661e+01,2.506011143960871124e+01,2.507724193581770322e+01,2.509949779897321065e+01,2.512873369494487363e+01,2.516768556473427054e+01,2.522044729540678887e+01,2.529317297337857795e+01,2.539506321635358077e+01,2.553967012261895420e+01,2.574649697478816179e+01,2.604276541429778291e+01,2.646507241923250575e+01,2.706047704008376442e+01,2.788638157650322924e+01,2.900846863544707688e+01,3.049600623714165337e+01,3.241411445315338824e+01,3.481313632230300925e+01,3.771603449079486836e+01,4.110560504986841579e+01,4.491403008089530147e+01,4.901760362297200402e+01,5.323912509761949252e+01,5.735936258412326794e+01,6.113726591495159113e+01,6.433660867468108790e+01,6.675497317650237505e+01,6.824999391921991787e+01,6.875791241845155355e+01,6.830083479429285376e+01,6.698133462984597486e+01,6.496563785241673372e+01,6.245888709563099184e+01,5.967733980171596642e+01,5.682251716137690778e+01,5.406135276566279657e+01,5.151465741460648928e+01,4.925424759329233382e+01,4.730739124948001972e+01,4.566615559185981965e+01,4.429891604130537530e+01,4.316160511618748075e+01,4.220700773598647970e+01,4.139126910130593728e+01,4.067754316433510553e+01,4.003723772173628959e+01,3.944957022596085494e+01,3.890017626425125030e+01,3.837938903940813873e+01,3.788061667060174642e+01,3.739905063878842384e+01,3.693078266098051188e+01,3.647230336945199980e+01,3.602030166381111798e+01,3.557166680253934032e+01,3.512360231340294092e+01,3.467377960819910498e+01,3.422048126789471212e+01,3.376270430313827120e+01,3.330020999362783840e+01,3.283351862727687376e+01,3.236385500506002444e+01,3.189305475217959440e+01,3.142344315389387432e+01,3.095769820121173055e+01,3.049870842832210727e+01,3.004943443746848786e+01,2.961278108705688084e+01,2.919148539894324301e+01,2.878802346445360882e+01,2.840453807214179704e+01,2.804278747376239878e+01,2.770411464955135017e+01,2.738943561482734168e+01,2.709924470541166741e+01,2.683363436618659037e+01,2.659232672311046031e+01,2.637471412364723378e+01,2.617990586439659140e+01,2.600677846844879326e+01,2.585402710876172705e+01,2.572021607686874134e+01,2.560382654694751992e+01,2.550330026209806178e+01,2.541707815183020003e+01,2.534363325837589187e+01,2.528149768849112888e+01
2.500174822299267419e+01,2.500232866463202441e+01,2.500308805353218133e+01,2.500407738510613598e+01,2.500536117772963962e+01,2.500702094824970345e+01,2.500915965445129174e+01,2.501190744803603039e+01,2.501542925497448522e+01,2.501993499510652441e+01,2.502569376919969457e+01,2.503305425222086100e+01,2.504247511686803662e+01,2.505457198824611353e+01,2.507019174689250463e+01,2.509053154310444000e+01,2.511732904752405915e+01,2.515316194797361149e+01,2.520190679448632665e+01,2.526941593223634541e+01,2.536446924163861993e+01,2.550003429198101657e+01,2.569481208850294962e+01,2.597494561645645561e+01,2.637562296975409737e+01,2.694213046459172034e+01,2.772974159076776601e+01,2.880172773492406435e+01,3.022482557415515814e+01,3.206176800045221142e+01,3.436101652935415984e+01,3.714458613277361110e+01,4.039569473326579896e+01,4.404867547169018849e+01,4.798389254929925585e+01,5.203007167872689820e+01,5.597540009430703378e+01,5.958708496112748776e+01,6.263712372459139743e+01,6.493033300550854392e+01,6.632971728583123650e+01,6.677439225719973592e+01,6.628657325602793549e+01,6.496631756171728966e+01,6.297521945441195612e+01,6.051244418886611243e+01,5.778779962918240898e+01,5.499670159062469565e+01,5.230095180830367951e+01,4.981757082517334823e+01,4.761602251911412509e+01,4.572252743544216003e+01,4.412912714864340558e+01,4.280484615160366246e+01,4.170660645360137408e+01,4.078825377212800873e+01,4.000688587020098907e+01,3.932641090879084800e+01,3.871877501752073414e+01,3.816354862094713951e+01,3.764658875023727092e+01,3.715837570728611183e+01,3.669243779787782245e+01,3.624409113187187614e+01,3.580957081919174811e+01,3.538552946817618050e+01,3.496882609363647276e+01,3.455651208834787980e+01,3.414592740685370131e+01,3.373483796975906301e+01,3.332156631932041080e+01,3.290508692248550915e+01,3.248507302384129503e+01,3.206189308701343776e+01,3.163656202697069020e+01,3.121065639949118875e+01,3.078620431375289712e+01,3.036556081930572759e+01,2.995127849805785658e+01,2.954598142655934367e+01,2.915224889289848420e+01,2.877251347555059624e+01,2.840897645247748216e+01,2.806354207833396330e+01,2.773777107286933230e+01,2.743285270422013156e+01,2.714959411149933288e+01,2.688842497021917310e+01,2.664941523874075457e+01,2.643230351247202137e+01,2.623653343512201630e+01,2.606129565451330521e+01,2.590557294631756236e+01,2.576818634443986156e+01,2.564784039286617201e+01,2.554316595134632806e+01,2.545275932707789579e+01,2.537521684817352963e+01,2.530916432543666872e+01,2.525328115268422025e+01
2.500157433606831248e+01,2.500209712926614358e+01,2.500278116259342553e+01,2.500367243246290982e+01,2.500482916376882159e+01,2.500632497141659272e+01,2.500825291149754648e+01,2.501073074314960820e+01,2.501390788672554422e+01,2.501797484549781458e+01,2.502317635307283084e+01,2.502983038417158568e+01,2.503835669380670836e+01,2.504932113231642532e+01,2.506350615128965487e+01,2.508202423908491596e+01,2.510649987957005536e+01,2.513935673270122351e+01,2.518425843577826484e+01,2.524675980068228043e+01,2.533522328133471291e+01,2.546203333349895104e+01,2.564508688550394666e+01,2.590944169640679817e+01,2.628886406482380522e+01,2.682684712215274203e+01,2.757650728394406059e+01,2.859866994013122010e+01,2.995750263042760864e+01,3.171331631143364405e+01,3.391266775623715546e+01,3.657662270056826515e+01,3.968885113591644398e+01,4.318590721268657262e+01,4.695233812568218923e+01,5.082294784122295539e+01,5.459352202783577468e+01,5.803971235794743677e+01,6.094191048413804879e+01,6.311229473535026102e+01,6.441930130234925400e+01,6.480490134342016972e+01,6.429131672640197337e+01,6.297591051808640827e+01,6.101541184848456822e+01,5.860274643977132314e+01,5.594101118746428369e+01,5.321928281653515569e+01,5.059404556392740915e+01,4.817840371223589102e+01,4.603940452426159169e+01,4.420221358251367860e+01,4.265888466224242848e+01,4.137916078531227981e+01,4.032104057456553647e+01,3.943952307660423173e+01,3.869274706994768565e+01,3.804545290852070849e+01,3.747018904888224711e+01,3.694692770116478897e+01,3.646178147243337264e+01,3.600539880246494562e+01,3.557143832235854575e+01,3.515534245574654193e+01,3.475348540046659451e+01,3.436267377835092418e+01,3.397992720722638893e+01,3.360244997830962177e+01,3.322771102175335045e+01,3.285356627168928867e+01,3.247837752076316065e+01,3.210110025932021927e+01,3.172132772115633870e+01,3.133928892359880791e+01,3.095580528136909848e+01,3.057221413252494813e+01,3.019026903956033792e+01,2.981202673282634663e+01,2.943972962356251344e+01,2.907569136548971045e+01,2.872219129672953386e+01,2.838138195358635585e+01,2.805521233932554637e+01,2.774536831975546036e+01,2.745323042741283714e+01,2.717984848599812864e+01,2.692593180092218930e+01,2.669185317900738852e+01,2.647766471814595235e+01,2.628312312505595116e+01,2.610772225718892869e+01,2.595073062591475122e+01,2.581123172570942970e+01,2.568816525163948938e+01,2.558036751808672093e+01,2.548660967821552603e+01,2.540563264909414798e+01,2.533617795536704875e+01,2.527701400021322797e+01,2.522695754355478925e+01
2.500141086437192328e+01,2.500187945845108572e+01,2.500249264221914558e+01,2.500329170939574652e+01,2.500432896308305075e+01,2.500567058077098181e+01,2.500740029549728760e+01,2.500962419253537306e+01,2.501247707698608380e+01,2.501613113595466587e+01,2.502080809250632143e+01,2.502679688866584939e+01,2.503448040323926804e+01,2.504437719630986336e+01,2.505720828757454655e+01,2.507400507158138581e+01,2.509628301240262971e+01,2.512631647421506642e+01,2.516756134026763547e+01,2.522528017703253056e+01,2.530742291504764196e+01,2.542579463869369505e+01,2.559748973423293350e+01,2.584647880976947931e+01,2.620509969899097058e+01,2.671503992411813400e+01,2.742724035463058030e+01,2.840005681402419668e+01,2.969506172565412072e+01,3.137012044978485292e+01,3.346987034440438435e+01,3.601443017776438893e+01,3.898794916520953535e+01,4.232926062965388070e+01,4.592718620447172384e+01,4.962272951838390611e+01,5.321941623120002163e+01,5.650148831582268372e+01,5.925786155028518465e+01,6.130816890438139666e+01,6.252631601347568591e+01,6.285710045203179419e+01,6.232265244245029834e+01,6.101748128539144744e+01,5.909324667662362174e+01,5.673640838148855892e+01,5.414312830336218951e+01,5.149594484943722250e+01,4.894586727032752549e+01,4.660197741978490882e+01,4.452885299563671140e+01,4.275060017365625953e+01,4.125931964457220147e+01,4.002553515228328251e+01,3.900839970243741561e+01,3.816414847297652102e+01,3.745204082880506036e+01,3.683771997682851662e+01,3.629439520321497525e+01,3.580248561739233537e+01,3.534839139585393752e+01,3.492294926617396555e+01,3.451995836675505558e+01,3.413498981582831959e+01,3.376455371870788724e+01,3.340560413276766383e+01,3.305531328920580592e+01,3.271103071444234445e+01,3.237034842091132703e+01,3.203120935361259569e+01,3.169201523054651304e+01,3.135170737622958370e+01,3.100980810933709719e+01,3.066642025346677514e+01,3.032218876882715364e+01,2.997823206255801409e+01,2.963605198801173302e+01,2.929743156606246757e+01,2.896432859988081887e+01,2.863877201896449165e+01,2.832276626921882468e+01,2.801820755598370738e+01,2.772681436228376128e+01,2.745007346537566661e+01,2.718920168254797431e+01,2.694512278968834806e+01,2.671845845787326823e+01,2.650953162321176038e+01,2.631838042165813718e+01,2.614478066326876160e+01,2.598827477129276886e+01,2.584820515418738296e+01,2.572375009777451282e+01,2.561396044526076921e+01,2.551779555958644252e+01,2.543415732028515919e+01,2.536192118064805356e+01,2.529996358615928997e+01,2.524718531896096607e+01,2.520253057458421608e+01
2.500125823208771791e+01,2.500167621670642149e+01,2.500222324014365682e+01,2.500293620167783715e+01,2.500386186924201581e+01,2.500505946602524077e+01,2.500660400370080794e+01,2.500859064086825256e+01,2.501114049289414254e+01,2.501440857448272936e+01,2.501859500842823181e+01,2.502396143845763632e+01,2.503085599305185482e+01,2.503975253536862056e+01,2.505131379469569453e+01,2.506649383845914159e+01,2.508670356111476707e+01,2.511407318020916790e+01,2.515185661143583928e+01,2.520503041744200701e+01,2.528113835180426960e+01,2.539141202127344599e+01,2.555214793493146530e+01,2.578623203407271447e+01,2.612457298940136496e+01,2.660704801282823340e+01,2.728241341662830166e+01,2.820654274253996618e+01,2.943839877569767083e+01,3.103338837084417889e+01,3.303422304379402874e+01,3.546008046751308029e+01,3.829561303330734034e+01,4.148197962962266416e+01,4.491234656388157021e+01,4.843400832843548187e+01,5.185833491940881146e+01,5.497826367291941096e+01,5.759132473830359089e+01,5.952466500524734272e+01,6.065767412381075729e+01,6.093793748370725183e+01,6.038740071710692092e+01,5.909757879864827856e+01,5.721488747163847677e+01,5.491913031106776089e+01,5.239934795867251438e+01,4.983137608946491071e+01,4.736061990763090535e+01,4.509205273127397362e+01,4.308774098063413760e+01,4.137073022517562038e+01,3.993319973761228425e+01,3.874650892656215717e+01,3.777103355232481618e+01,3.696431790121967254e+01,3.628681247333484805e+01,3.570512649194132848e+01,3.519318289036931446e+01,3.473188888608750347e+01,3.430796187075078763e+01,3.391244591126153551e+01,3.353929066960671435e+01,3.318419882481733652e+01,3.284381411764554315e+01,3.251523262108589307e+01,3.219577247089687688e+01,3.188292207756734342e+01,3.157439191895907982e+01,3.126821013860071830e+01,3.096282011939184642e+01,3.065715473804409541e+01,3.035067521896891307e+01,3.004337196979776792e+01,2.973573085647025493e+01,2.942867174283415110e+01,2.912346750265832540e+01,2.882165175280009706e+01,2.852492276991205955e+01,2.823504982537905406e+01,2.795378677644217191e+01,2.768279636527880783e+01,2.742358741003825529e+01,2.717746597781248141e+01,2.694550072858734779e+01,2.672850190821862171e+01,2.652701293207584854e+01,2.634131311885389692e+01,2.617142988522313729e+01,2.601715857710197355e+01,2.587808807520084642e+01,2.575363035578557458e+01,2.564305229820137200e+01,2.554550819496041569e+01,2.546007162459002515e+01,2.538576557844201886e+01,2.532158997699565717e+01,2.526654595626231625e+01,2.521965653938307383e+01,2.517998352284313057e+01
2.500111666895791274e+01,2.500148770980900537e+01,2.500197336143240179e+01,2.500260644341082283e+01,2.500342858326109763e+01,2.500449254312508529e+01,2.500586522760619346e+01,2.500763163146249823e+01,2.500990012525248218e+01,2.501280971919957352e+01,2.501654037638684613e+01,2.502132821517754380e+01,2.502748878979398839e+01,2.503545392735997055e+01,2.504583130301530858e+01,2.505950156264053774e+01,2.507777569277832797e+01,2.510264524445863543e+01,2.513716847664919385e+01,2.518604301899637221e+01,2.525641408810905020e+01,2.535894767849793396e+01,2.550915000143958622e+01,2.572882896817416665e+01,2.604746905900369214e+01,2.650313985094224023e+01,2.714241315992580184e+01,2.801867796530644839e+01,2.918828391875956640e+01,3.070417680156735685e+01,3.260714375608891658e+01,3.491543059451387876e+01,3.761421355034104863e+01,4.064701181901811822e+01,4.391138575611650907e+01,4.726098229458402500e+01,5.051508369529893372e+01,5.347538794655070404e+01,5.594809118636386813e+01,5.776788089526845482e+01,5.881962310596920673e+01,5.905364368594599966e+01,5.849161658797749652e+01,5.722194131873402512e+01,5.538564516279464556e+01,5.315572157270308651e+01,5.071394144148183614e+01,4.822930810761722853e+01,4.584152210135544436e+01,4.365138219359396032e+01,4.171841311781268047e+01,4.006460196994937917e+01,3.868223531388512981e+01,3.754355598841196695e+01,3.661022152136926877e+01,3.584114845288648610e+01,3.519803989112561027e+01,3.464852664510961944e+01,3.416729229487944508e+01,3.373576931081355923e+01,3.334101942147990627e+01,3.297431179922271838e+01,3.262975628576533893e+01,3.230319027129888099e+01,3.199138955873723233e+01,3.169158775384828886e+01,3.140124323352832647e+01,3.111797800081859222e+01,3.083961738782453210e+01,3.056427382583517982e+01,3.029043486222962400e+01,3.001703123464849199e+01,2.974347329590386835e+01,2.946965301651074753e+01,2.919591452466180925e+01,2.892299932365225956e+01,2.865197364232850674e+01,2.838414543217631092e+01,2.812097781023767951e+01,2.786400462223235408e+01,2.761475251962041000e+01,2.737467267511035729e+01,2.714508410325333543e+01,2.692712955709014366e+01,2.672174415555979721e+01,2.652963625581810447e+01,2.635127960472296493e+01,2.618691546490543942e+01,2.603656319299800970e+01,2.590003763228954625e+01,2.577697165309479743e+01,2.566684221718714198e+01,2.556899844477620221e+01,2.548269031141350638e+01,2.540709678581809072e+01,2.534135242598833315e+01,2.528457166844829374e+01,2.523587026305645153e+01,2.519438351358667916e+01,2.515928117394697949e+01
2.500098622708695473e+01,2.500131400715187269e+01,2.500174309808895146e+01,2.500230255604246210e+01,2.500302926477667143e+01,2.500397002105389532e+01,2.500518423975716331e+01,2.500674751852245592e+01,2.500875643302719453e+01,2.501133516349576880e+01,2.501464496274169491e+01,2.501889820925963548e+01,2.502438007782364693e+01,2.503148304998255469e+01,2.504076303188989527e+01,2.505303123693544620e+01,2.506950354995861474e+01,2.509203858527855147e+01,2.512350568138166906e+01,2.516833131408456126e+01,2.523327094831847006e+01,2.532843462122144729e+01,2.546854851675134057e+01,2.567435303343269126e+01,2.597391877754016321e+01,2.640351735875247385e+01,2.700754479111808593e+01,2.783691316631312418e+01,2.894536603924896312e+01,3.038339542087365430e+01,3.218987305235297924e+01,3.438212523057623571e+01,3.694586936582982162e+01,3.982700826573305619e+01,4.292752535669442437e+01,4.610745277042592249e+01,4.919401760650150379e+01,5.199770526111007030e+01,5.433339216015350104e+01,5.604330169475636581e+01,5.701774753279040198e+01,5.720974077205085706e+01,5.664060297111308273e+01,5.539551665661987556e+01,5.361000611144130801e+01,5.145013680416093393e+01,4.909029885378807734e+01,4.669256814476857187e+01,4.439086807940901735e+01,4.228177680777281466e+01,4.042225822276216007e+01,3.883324645586482404e+01,3.750716121741023557e+01,3.641716948992609559e+01,3.552626033606509992e+01,3.479477594028693943e+01,3.418572444253064901e+01,3.366780618684715165e+01,3.321650650742193989e+01,3.281381609548690648e+01,3.244716547237280224e+01,3.210806523448052729e+01,3.179079452310875809e+01,3.149132868693939713e+01,3.120657451890901157e+01,3.093389940261404547e+01,3.067089711553736819e+01,3.041531878393371358e+01,3.016510173561409403e+01,2.991844241251169834e+01,2.967387550547498876e+01,2.943033622279669714e+01,2.918719437612681489e+01,2.894425738603619536e+01,2.870174471024888518e+01,2.846023919702598803e+01,2.822062211645143037e+01,2.798399869643536420e+01,2.775162034411913581e+01,2.752480870611811170e+01,2.730488555016401975e+01,2.709311129161955023e+01,2.689063393348280684e+01,2.669844928447832544e+01,2.651737258197045932e+01,2.634802107060203369e+01,2.619080665915355155e+01,2.604593747834166706e+01,2.591342697202112433e+01,2.579310905605236925e+01,2.568465785770395726e+01,2.558761059061846410e+01,2.550139221422392666e+01,2.542534066094355083e+01,2.535873157893048457e+01,2.530080172182250564e+01,2.525077030997395511e+01,2.520785788018208251e+01,2.517130232447419047e+01,2.514037198582839849e+01
2.500086679996212169e+01,2.500115496705194218e+01,2.500153226256657391e+01,2.500202429252956549e+01,2.500266358996934457e+01,2.500349147744488221e+01,2.500456049198313835e+01,2.500593759418842055e+01,2.500770850688802227e+01,2.500998374559085846e+01,2.501290729196631801e+01,2.501666955936989112e+01,2.502152752838840044e+01,2.502783702073294947e+01,2.503610546605933962e+01,2.504707866729537002e+01,2.506188229671336032e+01,2.508224793592599156e+01,2.511086307141686547e+01,2.515189139684446218e+01,2.521170841112113337e+01,2.529987945642222869e+01,2.543036342287785700e+01,2.562284731038844043e+01,2.590400316356330279e+01,2.630832086838483974e+01,2.687803748399426595e+01,2.766160531336645434e+01,2.871017883264240567e+01,3.007181293459376192e+01,3.178348000659796213e+01,3.386160202869398006e+01,3.629245158192891552e+01,3.902432726142577479e+01,4.196364489610779458e+01,4.497682676661681000e+01,4.789904333795350055e+01,5.054955713710630505e+01,5.275190341117375681e+01,5.435580687694526603e+01,5.525698016788134481e+01,5.541105728423759302e+01,5.483893346171946348e+01,5.362249236942783170e+01,5.189167037617835376e+01,4.980552261742616338e+01,4.753098421998181777e+01,4.522314235366400226e+01,4.301009849995277534e+01,4.098418371022162887e+01,3.919979297766715121e+01,3.767681635239157600e+01,3.640782980348228648e+01,3.536695828969862987e+01,3.451856311118587683e+01,3.382445588534279324e+01,3.324899325997029109e+01,3.276198548423293033e+01,3.233975484385634047e+01,3.196487897374922582e+01,3.162517887073817846e+01,3.131242129095321758e+01,3.102106310356898788e+01,3.074722079046310341e+01,3.048793138221294541e+01,3.024069282055999608e+01,3.000323006142067328e+01,2.977341949006239474e+01,2.954930809434135242e+01,2.932917644174934679e+01,2.911160957364296564e+01,2.889555382189337251e+01,2.868034863529223699e+01,2.846573042290622269e+01,2.825181050108963632e+01,2.803903205574012958e+01,2.782811221830048964e+01,2.761997544270433735e+01,2.741568378877837020e+01,2.721636878245269742e+01,2.702316845560676484e+01,2.683717211262662161e+01,2.665937441210500580e+01,2.649063953323796028e+01,2.633167553097851510e+01,2.618301846748686756e+01,2.604502552578871644e+01,2.591787604691603875e+01,2.580157926605667740e+01,2.569598743991541312e+01,2.560081304233142419e+01,2.551564874594404131e+01,2.543998899354056320e+01,2.537325208371626672e+01,2.531480184213818774e+01,2.526396811281305332e+01,2.522006547442382285e+01,2.518240975668199866e+01,2.515033209328380792e+01,2.512319039519865527e+01
2.500075814291951204e+01,2.500101026398093396e+01,2.500134042382644850e+01,2.500177108485696564e+01,2.500233081388886092e+01,2.500305593993910591e+01,2.500399272110479743e+01,2.500520022523712882e+01,2.500675424517714163e+01,2.500875277401622299e+01,2.501132393427030109e+01,2.501463791764523492e+01,2.501892566135447282e+01,2.502450897800260421e+01,2.503185008365679565e+01,2.504163338063132471e+01,2.505489924510233024e+01,2.507325823515870766e+01,2.509922329944554775e+01,2.513670420400583794e+01,2.519170712773335907e+01,2.527326540815996125e+01,2.539458560801643117e+01,2.557431874744390043e+01,2.583775825366851464e+01,2.621763466681245447e+01,2.675405057391729713e+01,2.749302443759755477e+01,2.848314805621828327e+01,2.977006463949237158e+01,3.138886988518884635e+01,3.335509924647136160e+01,3.565559115507261367e+01,3.824104143001680001e+01,4.102228874132502057e+01,4.387212385799810477e+01,4.663362661885075511e+01,4.913479110575264031e+01,5.120775592278184263e+01,5.270968423614809240e+01,5.354162033640460550e+01,5.366175254182965659e+01,5.309048292769220723e+01,5.190633386828939422e+01,5.023359793485622049e+01,4.822427222598129504e+01,4.603779849622547715e+01,4.382224687852578882e+01,4.169987905026457042e+01,3.975877156436465043e+01,3.805075328082349984e+01,3.659468237648299294e+01,3.538331156309780567e+01,3.439175093737104305e+01,3.358576591679384649e+01,3.292867196094902482e+01,3.238620892454171241e+01,3.192932985621427378e+01,3.153522331588751371e+01,3.118707833502626059e+01,3.087312522290336503e+01,3.058539994026095954e+01,3.031854468849985196e+01,3.006882003531392655e+01,2.983339265422146269e+01,2.960988818800157674e+01,2.939615898448492004e+01,2.919020323604447498e+01,2.899017557510726917e+01,2.879444099010341063e+01,2.860163808949815589e+01,2.841073080240113313e+01,2.822103801822281355e+01,2.803223810561900819e+01,2.784435002047664298e+01,2.765769536913964544e+01,2.747284691848543048e+01,2.729056914623748398e+01,2.711175590367200527e+01,2.693736941423294340e+01,2.676838386096688893e+01,2.660573585653465756e+01,2.645028322047044966e+01,2.630277274832992873e+01,2.616381705848228023e+01,2.603388013998088368e+01,2.591327088571170734e+01,2.580214366191052378e+01,2.570050482109661516e+01,2.560822399504788649e+01,2.552504899435720631e+01,2.545062318006345947e+01,2.538450425101914476e+01,2.532618349914409706e+01,2.527510471514341361e+01,2.523068207157827558e+01,2.519231646064628904e+01,2.515940991343797606e+01,2.513137786934503382e+01,2.510765919330742335e+01
2.500065989432660984e+01,2.500087941674979675e+01,2.500116694465861755e+01,2.500154209322090537e+01,2.500202983496254205e+01,2.500266197039469063e+01,2.500347905834540896e+01,2.500453299457705469e+01,2.500589053605405709e+01,2.500763826101861298e+01,2.500988980333655221e+01,2.501279682779802371e+01,2.501656632323695462e+01,2.502148868275736149e+01,2.502798411012918578e+01,2.503667956517295679e+01,2.504853502250635344e+01,2.506504606895896714e+01,2.508855859589140636e+01,2.512273767660237311e+01,2.517323154241691441e+01,2.524855546886827184e+01,2.536118066107306390e+01,2.552874258626768977e+01,2.577518025460560125e+01,2.613149291034151034e+01,2.663568024155494030e+01,2.733136105729236931e+01,2.826459962439587414e+01,2.947866108522099537e+01,3.100679324656208280e+01,3.286366515413254064e+01,3.503668851652564342e+01,3.747894754175850096e+01,4.010567620765880292e+01,4.279598686357995518e+01,4.540080393730407593e+01,4.775677413055429099e+01,4.970455189956746267e+01,5.110864944905750917e+01,5.187535813559466646e+01,5.196534656482215553e+01,5.139846410530945775e+01,5.024982845753778804e+01,4.863806068789517667e+01,4.670808564692249831e+01,4.461184791551052342e+01,4.249040402038069431e+01,4.046018388825117995e+01,3.860502057092297434e+01,3.697419001631205759e+01,3.558553396686981785e+01,3.443199984794614465e+01,3.348970362944584167e+01,3.272583819911788083e+01,3.210524817400305153e+01,3.159508277134693088e+01,3.116746341921457386e+01,3.080046848485589450e+01,3.047791859585592178e+01,3.018846932628462199e+01,2.992443711563395325e+01,2.968065616938973506e+01,2.945353374388820811e+01,2.924036557778624612e+01,2.903890236985707674e+01,2.884712035023743582e+01,2.866313631249828831e+01,2.848521066503467480e+01,2.831179311372902063e+01,2.814157887670467417e+01,2.797355558932381925e+01,2.780703082629336365e+01,2.764163714064202537e+01,2.747731599029314964e+01,2.731428441716100153e+01,2.715298940936922278e+01,2.699405499039760770e+01,2.683822661412593646e+01,2.668631667702828736e+01,2.653915407870509924e+01,2.639753989276158919e+01,2.626221042404593575e+01,2.613380826102569188e+01,2.601286139432390954e+01,2.589977005951128319e+01,2.579480066133232441e+01,2.569808593165192434e+01,2.560963034853653753e+01,2.552931978460818740e+01,2.545693434680591949e+01,2.539216340657984006e+01,2.533462189042787216e+01,2.528386699762538115e+01,2.523941462761866816e+01,2.520075492683160334e+01,2.516736649688483851e+01,2.513872893722581026e+01,2.511433351937262515e+01,2.509369190274869155e+01
2.500057159681630736e+01,2.500076181676175580e+01,2.500101101909415391e+01,2.500133625533315040e+01,2.500175925966294344e+01,2.500230774930541244e+01,2.500301713901685829e+01,2.500393284310314002e+01,2.500511344011029280e+01,2.500663515657728198e+01,2.500859845486026956e+01,2.501113810426997830e+01,2.501443916660912947e+01,2.501876312204102248e+01,2.502449127459375688e+01,2.503219701412628950e+01,2.504276474349387271e+01,2.505758111866335369e+01,2.507883254897637926e+01,2.510994893532222250e+01,2.515623253353164301e+01,2.522569558200733297e+01,2.533009267442309920e+01,2.548606686140103506e+01,2.571623080879134093e+01,2.604988571032883726e+01,2.652296645094663319e+01,2.717673397207628483e+01,2.805476823143863641e+01,2.919799746921594519e+01,3.063785603383792377e+01,3.238816875223127312e+01,3.443692487393110468e+01,3.673957842561082998e+01,3.921571421705062477e+01,4.175069553022292723e+01,4.420319769853202274e+01,4.641840986571472172e+01,4.824538491194590506e+01,4.955587001077943654e+01,5.026130312417267731e+01,5.032475445845703632e+01,4.976546851989198217e+01,4.865513345842946791e+01,4.710669822279260188e+01,4.525803328412122539e+01,4.325361530405648125e+01,4.122752095961099172e+01,3.929038124324677028e+01,3.752181427035220906e+01,3.596856628782615672e+01,3.464748113626776416e+01,3.355171652698254547e+01,3.265840888542348353e+01,3.193619373922372873e+01,3.135146142579935002e+01,3.087278842783969779e+01,3.047348303258659641e+01,3.013253128977998330e+01,2.983440142514960414e+01,2.956818733915613606e+01,2.932649540106581654e+01,2.910435747548897822e+01,2.889832965524575314e+01,2.870583606475510763e+01,2.852474989859904397e+01,2.835316790298163880e+01,2.818932237408679953e+01,2.803157763154518634e+01,2.787846825000571371e+01,2.772874877756634859e+01,2.758143615224892642e+01,2.743583517477108558e+01,2.729154392154075026e+01,2.714844016584034492e+01,2.700665221333426658e+01,2.686651856568360586e+01,2.672854094898995925e+01,2.659333483125938713e+01,2.646158086073728555e+01,2.633397986115324940e+01,2.621121323425393967e+01,2.609390991084879730e+01,2.598262039136242763e+01,2.587779793507426618e+01,2.577978658919730037e+01,2.568881548257430936e+01,2.560499862906554469e+01,2.552833937771789863e+01,2.545873859712711251e+01,2.539600567864199121e+01,2.533987147771204462e+01,2.529000237670712536e+01,2.524601473887454972e+01,2.520748912527265873e+01,2.517398375843106706e+01,2.514504683236949489e+01,2.512022738311319969e+01,2.509908454222222929e+01,2.508119509413515758e+01
2.500049271798750183e+01,2.500065675555588030e+01,2.500087170887824684e+01,2.500115233448828533e+01,2.500151746555461685e+01,2.500199115810549699e+01,2.500260420946275630e+01,2.500339620801021567e+01,2.500441836843492638e+01,2.500573757660728091e+01,2.500744237769667322e+01,2.500965220204033201e+01,2.501253211776142393e+01,2.501631709779522339e+01,2.502135254796933950e+01,2.502816204688585700e+01,2.503755915430169310e+01,2.505082757606749766e+01,2.507000184555950639e+01,2.509828641020454043e+01,2.514065000293535590e+01,2.520461776862897807e+01,2.530124798953099940e+01,2.544621684777550286e+01,2.566084222273821780e+01,2.597276521189023768e+01,2.641589993209179354e+01,2.702919818201914026e+01,2.785380621621068897e+01,2.892836343488066930e+01,3.028253028159235072e+01,3.192931136620045862e+01,3.385727470137865680e+01,3.602421642176000205e+01,3.835401187213621199e+01,4.073818250930934681e+01,4.304303402737085804e+01,4.512215885445885277e+01,4.683286319171655521e+01,4.805399242422718231e+01,4.870201624279842889e+01,4.874232387608002171e+01,4.819351020703049926e+01,4.712382674662761417e+01,4.564057552048119959e+01,4.387462092504654265e+01,4.196303225689170091e+01,4.003296878468408693e+01,3.818931879439091404e+01,3.650753063525355913e+01,3.503185350574489121e+01,3.377815479476848992e+01,3.273981578573572193e+01,3.189500208750648369e+01,3.121379923928763844e+01,3.066415150072921492e+01,3.021607261177161519e+01,2.984406936048406322e+01,2.952804787031660538e+01,2.925313586190237203e+01,2.900887575780873817e+01,2.878817145937322408e+01,2.858625706814576617e+01,2.839983912364993657e+01,2.822646925913512206e+01,2.806414058595246175e+01,2.791106703524287980e+01,2.776559330342693954e+01,2.762618564757213946e+01,2.749146340340374195e+01,2.736024273363049630e+01,2.723157485126813881e+01,2.710476951229921028e+01,2.697940066842671314e+01,2.685529507955610740e+01,2.673250687398934033e+01,2.661128199564006280e+01,2.649201660853544027e+01,2.637521316459552878e+01,2.626143721825244270e+01,2.615127735378043639e+01,2.604530988280741965e+01,2.594406933116536607e+01,2.584802519549786481e+01,2.575756501928660924e+01,2.567298351063003281e+01,2.559447718879902922e+01,2.552214388931749767e+01,2.545598636416809057e+01,2.539591917227991757e+01,2.534177805522628901e+01,2.529333102537706424e+01,2.525029045136889394e+01,2.521232550240614856e+01,2.517907440292129451e+01,2.515015604722652043e+01,2.512518062502140026e+01,2.510375900840953989e+01,2.508551074536275038e+01,2.507007058997060511e+01
2.500042267007876262e+01,2.500056345098458266e+01,2.500074797813491045e+01,2.500098896524869829e+01,2.500130266121777112e+01,2.500170985740011886e+01,2.500223722871218257e+01,2.500291915427296274e+01,2.500380025189494404e+01,2.500493901992373225e+01,2.500641327070138686e+01,2.500832856831145534e+01,2.501083182152285644e+01,2.501413378705279200e+01,2.501854684542611906e+01,2.502454838604344189e+01,2.503288572293001479e+01,2.504474549214859991e+01,2.506201793172111891e+01,2.508769187444589122e+01,2.512641535250284264e+01,2.518524312358166739e+01,2.527455879577223286e+01,2.540909934846237306e+01,2.560892252975422068e+01,2.590005151274414175e+01,2.631442902745450496e+01,2.688875271948397483e+01,2.766179242114353798e+01,2.866995298517874957e+01,2.994116510423950572e+01,3.148763873556770676e+01,3.329851898089643214e+01,3.533390787657184973e+01,3.752189638164830399e+01,3.976005098866042431e+01,4.192216249709161247e+01,4.387006086174685038e+01,4.546913517821235473e+01,4.660517164052130568e+01,4.719954385465066338e+01,4.721987433518431487e+01,4.668407089079939709e+01,4.565695823873886638e+01,4.424024101697285971e+01,4.255785444413177743e+01,4.073955034830588318e+01,3.890565989085192200e+01,3.715540678551781184e+01,3.556013031535280788e+01,3.416162410342871425e+01,3.297480324440373778e+01,3.199328370363704011e+01,3.119626346616518120e+01,3.055527807772557480e+01,3.003982599553896193e+01,2.962136068400742772e+01,2.927559254032777858e+01,2.898335488139706229e+01,2.873044284007329452e+01,2.850685474478716941e+01,2.830579778236407762e+01,2.812271175456684347e+01,2.795445465953718056e+01,2.779870449083783512e+01,2.765357159786296748e+01,2.751738371691114082e+01,2.738859475392705178e+01,2.726577073643672833e+01,2.714761531177660103e+01,2.703300802576811179e+01,2.692103863774362082e+01,2.681102870475167776e+01,2.670253735313441723e+01,2.659535180121359232e+01,2.648946524157650728e+01,2.638504558814346268e+01,2.628239873048770292e+01,2.618192961788721007e+01,2.608410393774234137e+01,2.598941250747580511e+01,2.589833986186860315e+01,2.581133794457788966e+01,2.572880533011420923e+01,2.565107201826918626e+01,2.557838955245708590e+01,2.551092600599209348e+01,2.544876524296571318e+01,2.539190978024126011e+01,2.534028654267879688e+01,2.529375480541843757e+01,2.525211564699625555e+01,2.521512228873722350e+01,2.518249076371163397e+01,2.515391043761293233e+01,2.512905398965984460e+01,2.510758654980038074e+01,2.508917377519845004e+01,2.507348873076478668e+01,2.506021751247850560e+01
2.500036082821905126e+01,2.500048107149808274e+01,2.500063872552557598e+01,2.500084469582790447e+01,2.500111294184314659e+01,2.500146135954788562e+01,2.500191296279978204e+01,2.500249749664942911e+01,2.500325369822922283e+01,2.500423256961029139e+01,2.500550229970816574e+01,2.500715596902098525e+01,2.500932405433536232e+01,2.501219526229627732e+01,2.501605167911571570e+01,2.502132797268668440e+01,2.502870965311335283e+01,2.503929203252762647e+01,2.505482856000053005e+01,2.507810234174746000e+01,2.511345379824092205e+01,2.516748462116306939e+01,2.524992650961980090e+01,2.537460673491078822e+01,2.556036028170326446e+01,2.583163829663341460e+01,2.621846625327561853e+01,2.675534821752452785e+01,2.747874083827158387e+01,2.842287426937160078e+01,2.961399768415387967e+01,3.106355327159930724e+01,3.276125881974931531e+01,3.466947824975580517e+01,3.672042984694314072e+01,3.881759342402988722e+01,4.084207715795308502e+01,4.266375863860672268e+01,4.415591653107421166e+01,4.521110188073474490e+01,4.575545294696452459e+01,4.575873733503295426e+01,4.523814547304846201e+01,4.425510108705131529e+01,4.290578368515873819e+01,4.130730278530699451e+01,3.958220986091168925e+01,3.784412214830972232e+01,3.618669719758428727e+01,3.467724028440180462e+01,3.335513906804246176e+01,3.223438297442773859e+01,3.130883169194388316e+01,3.055871357630104157e+01,2.995700724942773263e+01,2.947475818635596667e+01,2.908485494381903891e+01,2.876421044522265191e+01,2.849458729581517957e+01,2.826245213475700879e+01,2.805826384877967072e+01,2.787553683836134510e+01,2.770991893868922062e+01,2.755841998028368778e+01,2.741884284371050384e+01,2.728941227877896125e+01,2.716856633778150965e+01,2.705486479741237815e+01,2.694697103817416917e+01,2.684367217372448522e+01,2.674391233533338408e+01,2.664682335375737310e+01,2.655174450999995628e+01,2.645822831907029737e+01,2.636603270491949758e+01,2.627510183210920047e+01,2.618553870352166157e+01,2.609757277541368836e+01,2.601152556154972828e+01,2.592777669973015620e+01,2.584673237496147635e+01,2.576879742182536148e+01,2.569435191505092675e+01,2.562373262617372660e+01,2.555721938206070121e+01,2.549502610374432265e+01,2.543729612150321984e+01,2.538410124241875820e+01,2.533544397784997315e+01,2.529126230986184609e+01,2.525143637881052072e+01,2.521579650188093424e+01,2.518413197855540275e+01,2.515620019886354441e+01,2.513173563952296163e+01,2.511045840780922944e+01,2.509208206957138287e+01,2.507632057292286021e+01,2.506289414986430941e+01,2.505153414200254502e+01
2.500030654695806831e+01,2.500040875814021746e+01,2.500054281337767037e+01,2.500071802648175279e+01,2.500094633959263746e+01,2.500124309441349268e+01,2.500162807021679257e+01,2.500212691022257516e+01,2.500277313440051330e+01,2.500361107551762174e+01,2.500470033046817164e+01,2.500612278487803053e+01,2.500799409887802227e+01,2.501048296354482403e+01,2.501384375060750997e+01,2.501847170679028309e+01,2.502499480576334179e+01,2.503442261936341495e+01,2.504837919824536741e+01,2.506945179644264599e+01,2.510168648435750782e+01,2.515124968432898456e+01,2.522724487845257002e+01,2.534262067221362713e+01,2.551502898848382372e+01,2.576739808361239881e+01,2.612789445876812167e+01,2.662889407548640719e+01,2.730460887698757233e+01,2.818715904760707147e+01,2.930116403003178505e+01,3.065732621514930401e+01,3.224592913192083188e+01,3.403154747400360947e+01,3.595042649719182037e+01,3.791181090064331016e+01,3.980393833495215716e+01,4.150452252315923118e+01,4.289451794762980086e+01,4.387304810791403042e+01,4.437086669226070512e+01,4.435979640406280566e+01,4.385628689191698015e+01,4.291840157180057247e+01,4.163688805925312408e+01,4.012215808201125355e+01,3.848970483077562221e+01,3.684656858035305049e+01,3.528095766676359801e+01,3.385623152976037176e+01,3.260942888482183122e+01,3.155364232034067129e+01,3.068298232568820438e+01,2.997870077442067682e+01,2.941520598525389829e+01,2.896507631824308859e+01,2.860262414890475924e+01,2.830595802687755125e+01,2.805776719231186433e+01,2.784519024467141790e+01,2.765914865489439123e+01,2.749346618544130649e+01,2.734399991269507879e+01,2.720791121460947437e+01,2.708312602667616531e+01,2.696798046322525977e+01,2.686101925425730386e+01,2.676090452315128587e+01,2.666639430223678531e+01,2.657635790212447802e+01,2.648980465290866704e+01,2.640591121879276315e+01,2.632403959422746098e+01,2.624374280793800196e+01,2.616475851564586463e+01,2.608699243847948424e+01,2.601049439660629758e+01,2.593542983276703850e+01,2.586204947753730821e+01,2.579065936419355864e+01,2.572159288296044366e+01,2.565518605271296693e+01,2.559175672915520749e+01,2.553158808410114489e+01,2.547491638656963886e+01,2.542192288893026486e+01,2.537272946109069949e+01,2.532739751160824682e+01,2.528592967572254580e+01,2.524827372698682026e+01,2.521432817339545096e+01,2.518394902419810322e+01,2.515695725474123634e+01,2.513314654936863590e+01,2.511229096291006258e+01,2.509415220623385778e+01,2.507848632765651686e+01,2.506504962688904925e+01,2.505360369918873786e+01,2.504391956242910311e+01
2.500025917487470650e+01,2.500034564398739434e+01,2.500045909342805572e+01,2.500060744343953800e+01,2.500080086811176727e+01,2.500105246748898580e+01,2.500137917745148286e+01,2.500180302813282651e+01,2.500235293247106227e+01,2.500306731566870155e+01,2.500399813471367594e+01,2.500521727331900834e+01,2.500682707568099516e+01,2.500897811642397528e+01,2.501189947582167861e+01,2.501595010368843575e+01,2.502170451666223983e+01,2.503009194575539453e+01,2.504261428285510149e+01,2.506167273518141414e+01,2.509103237119946428e+01,2.513644248548395765e+01,2.520640276988823203e+01,2.531301548170326754e+01,2.547279114716216597e+01,2.570718702667284106e+01,2.604257249773709404e+01,2.650926511854849110e+01,2.713930512916384785e+01,2.796277168423414139e+01,2.900270932758234821e+01,3.026910948377672383e+01,3.175281213550062276e+01,3.342054527729442981e+01,3.521247003806016806e+01,3.704343274097872296e+01,3.880859475986183327e+01,4.039327539077569895e+01,4.168587324412833084e+01,4.259187755589891822e+01,4.304649972441632144e+01,4.302352638295099752e+01,4.253864960882614810e+01,4.164662690659015709e+01,4.043288637704589661e+01,3.900129205261522713e+01,3.746044351253679849e+01,3.591096162465429131e+01,3.443573919377496395e+01,3.309428980601281722e+01,3.192136689540880923e+01,3.092919697023255310e+01,3.011214654008005454e+01,2.945247965819983804e+01,2.892601500738435405e+01,2.850684327346757385e+01,2.817068322033074779e+01,2.789682670763132677e+01,2.766888251046973579e+01,2.747465820914125700e+01,2.730553738432371702e+01,2.715565359392200762e+01,2.702107326067435622e+01,2.689910836321791265e+01,2.678780568446207155e+01,2.668560944745757979e+01,2.659116725136318138e+01,2.650323983944116080e+01,2.642067689899095484e+01,2.634242823833958980e+01,2.626756841166950451e+01,2.619532092323373362e+01,2.612507455157360781e+01,2.605638889660565738e+01,2.598898917900390870e+01,2.592275197246501506e+01,2.585768429251034206e+01,2.579389861233491743e+01,2.573158616652410302e+01,2.567099050925349246e+01,2.561238283124415460e+01,2.555604008283293282e+01,2.550222654111401965e+01,2.545117911711527725e+01,2.540309642954668945e+01,2.535813147098200560e+01,2.531638755191216106e+01,2.527791711775596184e+01,2.524272298363538169e+01,2.521076151270236210e+01,2.518194726874925138e+01,2.515615869691196593e+01,2.513324442283474269e+01,2.511302980691327136e+01,2.509532344293742767e+01,2.507992334674682411e+01,2.506662263778543220e+01,2.505521457233533411e+01,2.504549683965231566e+01,2.503727507949989217e+01
2.500021806715149353e+01,2.500029087088147861e+01,2.500038642898373809e+01,2.500051144811449433e+01,2.500067456085217898e+01,2.500088690993732499e+01,2.500116294403871464e+01,2.500152152575045506e+01,2.500198751803398167e+01,2.500259413532925734e+01,2.500338656775981150e+01,2.500442779436431451e+01,2.500580822917032009e+01,2.500766209298713605e+01,2.501019543839303338e+01,2.501373386152878098e+01,2.501880230402962724e+01,2.502625485470039735e+01,2.503747830651835926e+01,2.505469750786922845e+01,2.508140988178887909e+01,2.512296595990860126e+01,2.518728662313645827e+01,2.528566111170469455e+01,2.543350182453291808e+01,2.565084920970569371e+01,2.596234035673523621e+01,2.639630768188750665e+01,2.698269654590388100e+01,2.774961756427447312e+01,2.871859775338421628e+01,2.989894705141091080e+01,3.128205047774801173e+01,3.283672624445123489e+01,3.450693085217387335e+01,3.621293605656482839e+01,3.785660569369667883e+01,3.933061756803016351e+01,4.053056727548374027e+01,4.136809085226158800e+01,4.178269263323262805e+01,4.175003141765822079e+01,4.128503117355279528e+01,4.043921038643135546e+01,3.929280725352361969e+01,3.794330807260652705e+01,3.649260365674420825e+01,3.503507136327134219e+01,3.364843702547231175e+01,3.238847883076563505e+01,3.128773444708228979e+01,3.035759669550040130e+01,2.959269157028238695e+01,2.897627985099862258e+01,2.848556580866583943e+01,2.809612601425934386e+01,2.778506253793664627e+01,2.753283323903860946e+01,2.732395520388270427e+01,2.714689880705337544e+01,2.699350690874295822e+01,2.685822166300483005e+01,2.673731788038527668e+01,2.662825654394745811e+01,2.652920269957817823e+01,2.643870519707495603e+01,2.635551052076050738e+01,2.627847410362810621e+01,2.620653400120068710e+01,2.613871840352712184e+01,2.607416654670935685e+01,2.601215005442488604e+01,2.595208767654744975e+01,2.589355061637320432e+01,2.583625834830849044e+01,2.578006636011505037e+01,2.572494794918043937e+01,2.567097234950977480e+01,2.561828128625630541e+01,2.556706570566019110e+01,2.551754401674655170e+01,2.546994277411735297e+01,2.542448036686888457e+01,2.538135397505288537e+01,2.534072981673847025e+01,2.530273653204897855e+01,2.526746142773767545e+01,2.523494922761336312e+01,2.520520293131052370e+01,2.517818636849671066e+01,2.515382804101583503e+01,2.513202586643268432e+01,2.511265246883657554e+01,2.509556070325218968e+01,2.508058914580437460e+01,2.506756733044669616e+01,2.505632056239255334e+01,2.504667418640232412e+01,2.503845723304780080e+01,2.503150540656143619e+01
2.500018259608329174e+01,2.500024360341437557e+01,2.500032371344378035e+01,2.500042858151973846e+01,2.500056550310705106e+01,2.500074392043101668e+01,2.500097611695283817e+01,2.500127819107255789e+01,2.500167146092175585e+01,2.500218456338387796e+01,2.500285671718204483e+01,2.500374299978288306e+01,2.500492316738464282e+01,2.500651671431893419e+01,2.500870877022755323e+01,2.501179433812790975e+01,2.501625246394485558e+01,2.502286708002295512e+01,2.503291673713362897e+01,2.504845945359635806e+01,2.507273830143604343e+01,2.511072352462929302e+01,2.516978255293789246e+01,2.526042570399922127e+01,2.539701177660865383e+01,2.559822042487359539e+01,2.588702371062337804e+01,2.628984508089534700e+01,2.683461497520093886e+01,2.754755086701199929e+01,2.844872166703635230e+01,2.954678575316557954e+01,3.083365985429330891e+01,3.228018445506997836e+01,3.383398285672517147e+01,3.542056501609082630e+01,3.694826277895510458e+01,3.831685141854520538e+01,3.942886337364770810e+01,4.020185239217830286e+01,4.057944531672348631e+01,4.053908129039535879e+01,4.009491149043449099e+01,3.929529350252082054e+01,3.821542051619437785e+01,3.694658856416932480e+01,3.558418225325915074e+01,3.421652739026627899e+01,3.291634439349195418e+01,3.173579562355305939e+01,3.070527754971983470e+01,2.983538303827195293e+01,2.912099938196302418e+01,2.854636489347929640e+01,2.809003973266879228e+01,2.772905459130404182e+01,2.744186663205146104e+01,2.721007784758997872e+01,2.701909862703119103e+01,2.685805298815134634e+01,2.671923804474397457e+01,2.659740181169238582e+01,2.648902551782903458e+01,2.639171693039515176e+01,2.630375640828190953e+01,2.622379372652806140e+01,2.615067010323100760e+01,2.608333154079470617e+01,2.602080090666495238e+01,2.596218226824949582e+01,2.590667847061646256e+01,2.585360985369217346e+01,2.580242749471489816e+01,2.575271826623914961e+01,2.570420150562836881e+01,2.565671851133230774e+01,2.561021673072842830e+01,2.556473065069764417e+01,2.552036124888026691e+01,2.547725555563744138e+01,2.543558751140848528e+01,2.539554094244246940e+01,2.535729515443649973e+01,2.532101337464554902e+01,2.528683406258116761e+01,2.525486495416367916e+01,2.522517959699443324e+01,2.519781606678061081e+01,2.517277751858054557e+01,2.515003421416735918e+01,2.512952667246483784e+01,2.511116960898589312e+01,2.509485635883032728e+01,2.508046351316329492e+01,2.506785553879665684e+01,2.505688919245758939e+01,2.504741758370434468e+01,2.503929378158459329e+01,2.503237389858411888e+01,2.502651961999097452e+01
2.500015215955797032e+01,2.500020304021445838e+01,2.500026988524877680e+01,2.500035744397690607e+01,2.500047185787350656e+01,2.500062109893442752e+01,2.500081557453622949e+01,2.500106898159218716e+01,2.500139954850878965e+01,2.500183190642092512e+01,2.500240002307890919e+01,2.500315198620424795e+01,2.500415805616104947e+01,2.500552449590609427e+01,2.500741746045969194e+01,2.501010393869379556e+01,2.501402055538109437e+01,2.501988585135121568e+01,2.502887677031114677e+01,2.504289383425942361e+01,2.506493893336004675e+01,2.509962050573034986e+01,2.515377810886887389e+01,2.523717775808199448e+01,2.536317010569068842e+01,2.554913142754495325e+01,2.581643789970174296e+01,2.618968245566942343e+01,2.669486304031532242e+01,2.735638166516744008e+01,2.819291013542838797e+01,2.921248545103462035e+01,3.040754103681260290e+01,3.175086758798416042e+01,3.319361988238322425e+01,3.466634966751626479e+01,3.608361143405125659e+01,3.735200539090563154e+01,3.838073007739013320e+01,3.909301972501229017e+01,3.943644894941002121e+01,3.939014585132392199e+01,3.896748956093016858e+01,3.821376481853741325e+01,3.719927802236675518e+01,3.600933755324842167e+01,3.473303962337973871e+01,3.345286423332816383e+01,3.223669905993847351e+01,3.113321797026408433e+01,3.017075505352844189e+01,2.935913799704590588e+01,2.869351566035418344e+01,2.815908133409237024e+01,2.773571696822251553e+01,2.740187085187435301e+01,2.713732242384376292e+01,2.692479183669451359e+01,2.675056434022702589e+01,2.660440573470407699e+01,2.647906033841556095e+01,2.636957786453189456e+01,2.627264304393762728e+01,2.618600762033190321e+01,2.610806397211680618e+01,2.603755889561976034e+01,2.597342404249189229e+01,2.591469169804171813e+01,2.586046574735264869e+01,2.580992328258252400e+01,2.576232920287781880e+01,2.571705253591860085e+01,2.567357827603715492e+01,2.563151213622674618e+01,2.559057792360881223e+01,2.555060856035915862e+01,2.551153237752389558e+01,2.547335645362784717e+01,2.543614864046090318e+01,2.540001964756845254e+01,2.536510623347181337e+01,2.533155623095094455e+01,2.529951584718734026e+01,2.526911944179437697e+01,2.524048180033480904e+01,2.521369278476950626e+01,2.518881414889091275e+01,2.516587824845786514e+01,2.514488834494760638e+01,2.512582019199855310e+01,2.510862459935843560e+01,2.509323068626701314e+01,2.507954956143955982e+01,2.506747819763547014e+01,2.505690330313137792e+01,2.504770502851424041e+01,2.503976038352023892e+01,2.503294627379469617e+01,2.502714210024108610e+01,2.502223189307746765e+01
2.500012618760412053e+01,2.500016842266126105e+01,2.500022393942519372e+01,2.500029671033782463e+01,2.500039188583083671e+01,2.500051617280625038e+01,2.500067836045185743e+01,2.500089006826985027e+01,2.500116684241705656e+01,2.500152982155957204e+01,2.500200837123278319e+01,2.500264441383690439e+01,2.500349976987428491e+01,2.500466883837960452e+01,2.500630059604298339e+01,2.500863641840215479e+01,2.501207377973273438e+01,2.501727036906720159e+01,2.502530792258782100e+01,2.503793857435766768e+01,2.505793602026750477e+01,2.508956528558121235e+01,2.513916370295089564e+01,2.521578790739125964e+01,2.533182646996207765e+01,2.550341068368213016e+01,2.575039134202184954e+01,2.609561100037737091e+01,2.656321936421332808e+01,2.717588234700374628e+01,2.795093677537470356e+01,2.889582853237045512e+01,3.000349126369459185e+01,3.124859042698828659e+01,3.258567148712073447e+01,3.395012420690662225e+01,3.526247166388588994e+01,3.643585738798050500e+01,3.738586700438116850e+01,3.804117180390195330e+01,3.835311642530609788e+01,3.830242742750683504e+01,3.790171760601280226e+01,3.719329554700094320e+01,3.624275043850624201e+01,3.512961842037366011e+01,3.393693793563291194e+01,3.274156045359159606e+01,3.160672284247080910e+01,3.057774423128046237e+01,2.968097860837322699e+01,2.892552401036106602e+01,2.830678969280007706e+01,2.781089838481240406e+01,2.741901585260787755e+01,2.711096726617843800e+01,2.686781745407442656e+01,2.667337510282010626e+01,2.651477880568491230e+01,2.638242183885466119e+01,2.626948683473656843e+01,2.617131973333115269e+01,2.608480497813692267e+01,2.600783493944968328e+01,2.593891040855818986e+01,2.587687112182042171e+01,2.582073474186184825e+01,2.576961541612901385e+01,2.572269405476388471e+01,2.567921762232375471e+01,2.563851109271071138e+01,2.559999159362740428e+01,2.556317893376081329e+01,2.552770002346468203e+01,2.549328682965660064e+01,2.545976871700786859e+01,2.542706059074140867e+01,2.539514839795694101e+01,2.536407343585763741e+01,2.533391667775420686e+01,2.530478404200284004e+01,2.527679324537183803e+01,2.525006262905739973e+01,2.522470213581794951e+01,2.520080645364265237e+01,2.517845022219276885e+01,2.515768511704819588e+01,2.513853857657585422e+01,2.512101391022079966e+01,2.510509151927526972e+01,2.509073096687955129e+01,2.507787364939326480e+01,2.506644584347469618e+01,2.505636193000432144e+01,2.504752762561760804e+01,2.503984308359023458e+01,2.503320575685578930e+01,2.502751294589413078e+01,2.502266398212136878e+01,2.501856202242918314e+01
2.500010414714582652e+01,2.500013904121461294e+01,2.500018493597102776e+01,2.500024514104380913e+01,2.500032395985987321e+01,2.500042701577687509e+01,2.500056170837975600e+01,2.500073786753705107e+01,2.500096871981933333e+01,2.500127236954601528e+01,2.500167416111085572e+01,2.500221059325046724e+01,2.500293600182256881e+01,2.500393416750057796e+01,2.500533853879502644e+01,2.500736710579314348e+01,2.501038126217358837e+01,2.501498215819172799e+01,2.502216247621185730e+01,2.503353481999922892e+01,2.505165744737376343e+01,2.508047018813771700e+01,2.512583372653071478e+01,2.519613033125544277e+01,2.530283287186123076e+01,2.546088663785238637e+01,2.568868840992820779e+01,2.600741160589092615e+01,2.643944316573546160e+01,2.700579338172705235e+01,2.772252692672883256e+01,2.859652874194886252e+01,2.962121498037103251e+01,3.077304773824740280e+01,3.200981815823880083e+01,3.327154463092348635e+01,3.448445820998232847e+01,3.556795737265377966e+01,3.644372977937078417e+01,3.704563601994890121e+01,3.732861121516424419e+01,3.727489117721673750e+01,3.689633257514000064e+01,3.623237187991982466e+01,3.534406009033556018e+01,3.430538701303567706e+01,3.319357437444694625e+01,3.208007171433057181e+01,3.102365446905698576e+01,3.006642589983319880e+01,2.923284486310275909e+01,2.853131574388223513e+01,2.795750569206470004e+01,2.749843872622036756e+01,2.713652309945628360e+01,2.685291651529423973e+01,2.662992876654411489e+01,2.645242425080581583e+01,2.630837067440110744e+01,2.618877230604097406e+01,2.608723954900066744e+01,2.599940791506974236e+01,2.592235697825411123e+01,2.585411589548435174e+01,2.579328998782775173e+01,2.573880770407095397e+01,2.568976820484095924e+01,2.564536298192914288e+01,2.560484582461513270e+01,2.556753017157796748e+01,2.553279873061812566e+01,2.550011565404879832e+01,2.546903584900919526e+01,2.543920905167646040e+01,2.541037825281533458e+01,2.538237317813654315e+01,2.535510004985820132e+01,2.532852899378163869e+01,2.530268036609927407e+01,2.527761106657990098e+01,2.525340165307400397e+01,2.523014482196177610e+01,2.520793559578277865e+01,2.518686337463952540e+01,2.516700586487389657e+01,2.514842479439959888e+01,2.513116325359588288e+01,2.511524445752990431e+01,2.510067170336280995e+01,2.508742929077881456e+01,2.507548417883558400e+01,2.506478816642244212e+01,2.505528040299813242e+01,2.504689005953615322e+01,2.503953901511995994e+01,2.503314444115683557e+01,2.502762119164627563e+01,2.502288393340901251e+01,2.501884897384730877e+01,2.501543576500179356e+01
2.500008554513700432e+01,2.500011423958784462e+01,2.500015200538666704e+01,2.500020158942290038e+01,2.500026657462828794e+01,2.500035166048511925e+01,2.500046305834592175e+01,2.500060906247935932e+01,2.500080090081486972e+01,2.500105405000494230e+01,2.500139035110654007e+01,2.500184154326067087e+01,2.500245533808844911e+01,2.500330602818759473e+01,2.500451304487703652e+01,2.500627305440098169e+01,2.500891424397890717e+01,2.501298531238425227e+01,2.501939578908466189e+01,2.502962733349560409e+01,2.504603524642105938e+01,2.507225212540302195e+01,2.511368738332205197e+01,2.517808383338020306e+01,2.527604505988124117e+01,2.542138953988923689e+01,2.563113181136779062e+01,2.592485795735364817e+01,2.632327826835200923e+01,2.684582846579031568e+01,2.750736418751953138e+01,2.831423937017326509e+01,2.926033394023336598e+01,3.032382651680881125e+01,3.146560588592539176e+01,3.263010574345319270e+01,3.374900000123263055e+01,3.474764916733947473e+01,3.555355398019197111e+01,3.610551399695333430e+01,3.636187463920624907e+01,3.630629342749148236e+01,3.594988512716028595e+01,3.532932421591505090e+01,3.450131008993990633e+01,3.353452039466326084e+01,3.250060930761223688e+01,3.146585823487211542e+01,3.048477624663531671e+01,2.959639345853377890e+01,2.882336051126966581e+01,2.817342433985071182e+01,2.764250626578134273e+01,2.721850120768626624e+01,2.688501573163495095e+01,2.662449264993283649e+01,2.642044327916040203e+01,2.625875215991485234e+01,2.612818952920551396e+01,2.602035225895246739e+01,2.592926651925091974e+01,2.585084968501602631e+01,2.578237117144106350e+01,2.572199264880654823e+01,2.566841984931298271e+01,2.562066559497662510e+01,2.557790597633895757e+01,2.553940525490246216e+01,2.550448584748929903e+01,2.547252407909479999e+01,2.544295775444699004e+01,2.541529656140936311e+01,2.538913025822554914e+01,2.536413239499140104e+01,2.534005911725199311e+01,2.531674362593106054e+01,2.529408735230143890e+01,2.527204904024440424e+01,2.525063285409234481e+01,2.522987644952920405e+01,2.520983972385839778e+01,2.519059474156453149e+01,2.517221713450578235e+01,2.515477911386516396e+01,2.513834410566122557e+01,2.512296293083487697e+01,2.510867138987601876e+01,2.509548907497100956e+01,2.508341921424865006e+01,2.507244934810495707e+01,2.506255264293496055e+01,2.505368965992232333e+01,2.504581041360673765e+01,2.503885657509281515e+01,2.503276369669179147e+01,2.502746335745371908e+01,2.502288515156678983e+01,2.501895846320351424e+01,2.501561399142045516e+01,2.501278500662906623e+01
2.500006993026905633e+01,2.500009341702262944e+01,2.500012435169198710e+01,2.500016500567425837e+01,2.500021835183068930e+01,2.500028830534260393e+01,2.500038006568082238e+01,2.500050061448735406e+01,2.500065946353371871e+01,2.500086982096510013e+01,2.500115048371841198e+01,2.500152902333359251e+01,2.500204729918044677e+01,2.500277113798472328e+01,2.500380733344304574e+01,2.500533313097222177e+01,2.500764619611806339e+01,2.501124664069198644e+01,2.501696648524128719e+01,2.502616474212434028e+01,2.504100592293714200e+01,2.506483303139931706e+01,2.510262926944120565e+01,2.516153262242235655e+01,2.525132358406187905e+01,2.538475287486722110e+01,2.557752452427099499e+01,2.584771913735521309e+01,2.621445657272256824e+01,2.669567909951938489e+01,2.730509635602075846e+01,2.804856083501561059e+01,2.892039669391337497e+01,2.990041761847869140e+01,3.095246011275869691e+01,3.202515751047599224e+01,3.305535889285866347e+01,3.397409143463632120e+01,3.471437809725937740e+01,3.521970616114139574e+01,3.545165160019514161e+01,3.539520808213200098e+01,3.506076622393268849e+01,3.448235348784570675e+01,3.371251001453066465e+01,3.281484158015256725e+01,3.185568987961777765e+01,3.089640713313569975e+01,2.998743512032752179e+01,2.916487617915274200e+01,2.844966089076412530e+01,2.784891489223224781e+01,2.735880884433617410e+01,2.696807629712106547e+01,2.666147560923198512e+01,2.642268473958177211e+01,2.623637058573390846e+01,2.608939996170714082e+01,2.597131705768358145e+01,2.587429132317208058e+01,2.579275142331441373e+01,2.572288796621042550e+01,2.566215430011726895e+01,2.560883996176563926e+01,2.556174678379323595e+01,2.551996754738103235e+01,2.548275068647560815e+01,2.544942864191521537e+01,2.541938814898504617e+01,2.539206469830444846e+01,2.536694832391320276e+01,2.534359242045661986e+01,2.532162089999407328e+01,2.530073156201693507e+01,2.528069519703790746e+01,2.526135088616500823e+01,2.524259840704793945e+01,2.522438878517803218e+01,2.520671396960375077e+01,2.518959645513766077e+01,2.517307947930035539e+01,2.515721822867135060e+01,2.514207231668521203e+01,2.512769965270932104e+01,2.511415171268910740e+01,2.510147014263699461e+01,2.508968457345179459e+01,2.507881149391234743e+01,2.506885401327868479e+01,2.505980234149116725e+01,2.505163482004436659e+01,2.504431934759618272e+01,2.503781505929712026e+01,2.503207413624124555e+01,2.502704364025015948e+01,2.502266728853017241e+01,2.501888710186107545e+01,2.501564487825562111e+01,2.501288346093656756e+01,2.501054778457595518e+01
2.500005689345608317e+01,2.500007602893723657e+01,2.500010125328942578e+01,2.500013443801365653e+01,2.500017804170487068e+01,2.500023531653631892e+01,2.500031060366003999e+01,2.500040976673522763e+01,2.500054084871795013e+01,2.500071510489575033e+01,2.500094869351481464e+01,2.500126554411783530e+01,2.500170235400551277e+01,2.500231740567823380e+01,2.500320611158271333e+01,2.500452804911656557e+01,2.500655286503528174e+01,2.500973573044375087e+01,2.501483654219550701e+01,2.502309966080816395e+01,2.503651063041568747e+01,2.505814011176230238e+01,2.509256973341316765e+01,2.514636683279238127e+01,2.522853454855922095e+01,2.535081444477161128e+01,2.552767133670629107e+01,2.577576179054516814e+01,2.611270105027908883e+01,2.655501865040917409e+01,2.711534083260618644e+01,2.779904770433235583e+01,2.860088750495794585e+01,2.950222680491974359e+01,3.046969907666386135e+01,3.145592077208075210e+01,3.240264769794193711e+01,3.324627784545302944e+01,3.392506552374582185e+01,3.438693512469229319e+01,3.459651484922702025e+01,3.454005121827979252e+01,3.422723151199625846e+01,3.368955483324104705e+01,3.297559845351743490e+01,3.214414065349306782e+01,3.125646950691238857e+01,3.036925021220868004e+01,2.952905875449108208e+01,2.876921656753711076e+01,2.810902290338443876e+01,2.755501797059198310e+01,2.710361593988023898e+01,2.674435519541712125e+01,2.646309750323225884e+01,2.624470399150590438e+01,2.607494919065508654e+01,2.594164244867757319e+01,2.583507168510624297e+01,2.574795753045588143e+01,2.567511679701333804e+01,2.561300390749271827e+01,2.555924970585996547e+01,2.551226663580116849e+01,2.547094817212863660e+01,2.543446260342845733e+01,2.540212613861898916e+01,2.537333483206325369e+01,2.534753541783453201e+01,2.532421875353728069e+01,2.530292406773043723e+01,2.528324636508271794e+01,2.526484264335465113e+01,2.524743491951468499e+01,2.523080956821024756e+01,2.521481333891187404e+01,2.519934683138830067e+01,2.518435633236541804e+01,2.516982486842965372e+01,2.515576319441076691e+01,2.514220126704579172e+01,2.512918058409251998e+01,2.511674761779749687e+01,2.510494844721863217e+01,2.509382459833146939e+01,2.508341003221545762e+01,2.507372917605640694e+01,2.506479586468078935e+01,2.505661304747193441e+01,2.504917311300807370e+01,2.504245868855303314e+01,2.503644378129627057e+01,2.503109514126473201e+01,2.502637374086250333e+01,2.502223628210077422e+01,2.501863665903193379e+01,2.501552731909888294e+01,2.501286048254561223e+01,2.501058919327589081e+01,2.500866818724252028e+01
2.500004606730349366e+01,2.500006158622206343e+01,2.500008206203560235e+01,2.500010903145773256e+01,2.500014452145038391e+01,2.500019122598642340e+01,2.500025276088777559e+01,2.500033404085765554e+01,2.500044185554238751e+01,2.500058578350967409e+01,2.500077970075679090e+01,2.500104435974539285e+01,2.500141191076389546e+01,2.500193392082431387e+01,2.500269556275276273e+01,2.500384035732699317e+01,2.500561226165715922e+01,2.500842493984225356e+01,2.501297129168215250e+01,2.502038870872771525e+01,2.503249521544897505e+01,2.505210593752192239e+01,2.508342504970544695e+01,2.513248282456936167e+01,2.520755010561970622e+01,2.531941715143032923e+01,2.548138004699090686e+01,2.570875190734964377e+01,2.601772831729563507e+01,2.642350596216251191e+01,2.693768953751861872e+01,2.756521520910892065e+01,2.830123473456353267e+01,2.912858523527395249e+01,3.001654657118927005e+01,3.092150232789706621e+01,3.178984752435639649e+01,3.256305645062811749e+01,3.318432560461484115e+01,3.360576793424431230e+01,3.379488787041258036e+01,3.373910400493507211e+01,3.344742368424810763e+01,3.294893886778280034e+01,3.228846275966191826e+01,3.152019268316269773e+01,3.070062377204908088e+01,2.988197776779727732e+01,2.910716728856544577e+01,2.840688017717176450e+01,2.779887304163846906e+01,2.728913603637683494e+01,2.687432012894577937e+01,2.654473354938989260e+01,2.628729168290006513e+01,2.608798533509896700e+01,2.593364719310860877e+01,2.581298794553924836e+01,2.571700770884094212e+01,2.563895578534496522e+01,2.557402189830989769e+01,2.551891420892683371e+01,2.547143417941228094e+01,2.543011194923318286e+01,2.539392807371543270e+01,2.536212189572377440e+01,2.533407288378855782e+01,2.530923620269459917e+01,2.528711429916763365e+01,2.526724957290834084e+01,2.524922730486722244e+01,2.523268181279334854e+01,2.521730181620274180e+01,2.520283313118606472e+01,2.518907819003979043e+01,2.517589266998217568e+01,2.516317989580057102e+01,2.515088379872825186e+01,2.513898117646484209e+01,2.512747388215237265e+01,2.511638142239845095e+01,2.510573429613177510e+01,2.509556827382388278e+01,2.508591970800040727e+01,2.507682188275354207e+01,2.506830235046080801e+01,2.506038116466636012e+01,2.505306989505330151e+01,2.504637129972763177e+01,2.504027952827091141e+01,2.503478073349397803e+01,2.502985397848609850e+01,2.502547233690378548e+01,2.502160409739880009e+01,2.501821399685399783e+01,2.501526442107215686e+01,2.501271652525842981e+01,2.501053123964136304e+01,2.500867013754466939e+01,2.500709615387237506e+01
2.500003712475996664e+01,2.500004965344835028e+01,2.500006620087353326e+01,2.500008802471080216e+01,2.500011679115764096e+01,2.500015472605281985e+01,2.500020483445366537e+01,2.500027122815658487e+01,2.500035963038735431e+01,2.500047818352457440e+01,2.500063879347123574e+01,2.500085944544044381e+01,2.500116828923140133e+01,2.500161091979305894e+01,2.500226330569862654e+01,2.500325439006968153e+01,2.500480460437946562e+01,2.500728933346520932e+01,2.501133934992116536e+01,2.501799243940500617e+01,2.502891015728550528e+01,2.504666841099323094e+01,2.507511743862513498e+01,2.511978330061220532e+01,2.518824873441751677e+01,2.529040952935785924e+01,2.543846237700104496e+01,2.564645628353391871e+01,2.592925084805643365e+01,2.630078856782344943e+01,2.677171340016574774e+01,2.734654529794365274e+01,2.802081873814367796e+01,2.877875943813610249e+01,2.959214414794825387e+01,3.042090941367421664e+01,3.121582443185298672e+01,3.192314827437984093e+01,3.249073377529061446e+01,3.287463723830492057e+01,3.304506647332089386e+01,3.299053407921689285e+01,3.271939301552947654e+01,3.225845082327563773e+01,3.164895634028824745e+01,3.094077284993660015e+01,3.018586321119395066e+01,2.943224898927448407e+01,2.871938141473879824e+01,2.807546150701260501e+01,2.751679130013562258e+01,2.704884558321867161e+01,2.666850463690088091e+01,2.636681068060967448e+01,2.613168196630597251e+01,2.595018444640942334e+01,2.581015841481985973e+01,2.570117365050643343e+01,2.561490994949089739e+01,2.554512191306324809e+01,2.548735623309461928e+01,2.543856420334489954e+01,2.539671067399866544e+01,2.536043807705101472e+01,2.532880942604847974e+01,2.530113069810032300e+01,2.527684019154255779e+01,2.525544777612313752e+01,2.523650739890769046e+01,2.521960919784742217e+01,2.520438131181582264e+01,2.519049493713448129e+01,2.517766892486785579e+01,2.516567216081845615e+01,2.515432322250710584e+01,2.514348752783335783e+01,2.513307253980101663e+01,2.512302170315646777e+01,2.511330776027235601e+01,2.510392599301679084e+01,2.509488780889738280e+01,2.508621496041102361e+01,2.507793457115378288e+01,2.507007504761912386e+01,2.506266288330481018e+01,2.505572031025097246e+01,2.504926371938212171e+01,2.504330275143918527e+01,2.503783995140355856e+01,2.503287087814355516e+01,2.502838456516307986e+01,2.502436423599802851e+01,2.502078818767911272e+01,2.501763076682757259e+01,2.501486337470243271e+01,2.501245544937160403e+01,2.501037538473734756e+01,2.500859135708056868e+01,2.500707203982311100e+01,2.500578719612104450e+01
2.500002977714075669e+01,2.500003984624028774e+01,2.500005316035663228e+01,2.500007074559061593e+01,2.500009396781960547e+01,2.500012466173698300e+01,2.500016531983235524e+01,2.500021937659085580e+01,2.500029165017495814e+01,2.500038905544584367e+01,2.500052180060258422e+01,2.500070546376865721e+01,2.500096467863451011e+01,2.500133973361000628e+01,2.500189833046577448e+01,2.500275619014817963e+01,2.500411222617777796e+01,2.500630657314527383e+01,2.500991249263294947e+01,2.501587520272162379e+01,2.502571042400919410e+01,2.504177063019817950e+01,2.506757496366195781e+01,2.510817727693121171e+01,2.517051534591676187e+01,2.526364607458592459e+01,2.539873464908626133e+01,2.558864370928037957e+01,2.584697888247336905e+01,2.618650556197263057e+01,2.661696647212041356e+01,2.714249227967854239e+01,2.775897931319897793e+01,2.845196079454628801e+01,2.919556278306856001e+01,2.995306358383350442e+01,3.067934542112414675e+01,3.132516514478534475e+01,3.184275081711988520e+01,3.219186142303153275e+01,3.234523917637515922e+01,3.229241550884243139e+01,3.204111625663432505e+01,3.161598779970514173e+01,3.105491380988695482e+01,3.040366918403646679e+01,2.970994346847543710e+01,2.901779950261482810e+01,2.836342739654053702e+01,2.777268666780621587e+01,2.726051171407632978e+01,2.683189579467805075e+01,2.648394036107937310e+01,2.620838520308398145e+01,2.599410013618022219e+01,2.582917113781484986e+01,2.570239491314517011e+01,2.560415739970212101e+01,2.552678487804211116e+01,2.546451324927866722e+01,2.541322969988673108e+01,2.537011764358102184e+01,2.533329781963317728e+01,2.530151941451977038e+01,2.527392325758328084e+01,2.524987760504512480e+01,2.522887527001299546e+01,2.521047655037001434e+01,2.519428279069838439e+01,2.517992812648244438e+01,2.516708035700792934e+01,2.515544504164573425e+01,2.514476940977360897e+01,2.513484444532216600e+01,2.512550464582274756e+01,2.511662561214198419e+01,2.510811994571325556e+01,2.509993203539356799e+01,2.509203229505673249e+01,2.508441132694919418e+01,2.507707437443644949e+01,2.507003631520127840e+01,2.506331734551941892e+01,2.505693942396663232e+01,2.505092348020117399e+01,2.504528734998233119e+01,2.504004436861712080e+01,2.503520253839988641e+01,2.503076417826252609e+01,2.502672596314454978e+01,2.502307926441447705e+01,2.501981070944299290e+01,2.501690288700325482e+01,2.501433513475269876e+01,2.501208435506613625e+01,2.501012581552699743e+01,2.500843390012052225e+01,2.500698278634769878e+01,2.500574703187528769e+01,2.500470206178100341e+01
2.500002377169411716e+01,2.500003182803895996e+01,2.500004249436706516e+01,2.500005660539167707e+01,2.500007527794887707e+01,2.500010002106127516e+01,2.500013289841178477e+01,2.500017677469374533e+01,2.500023570174209908e+01,2.500031554725681104e+01,2.500042505864655595e+01,2.500057772257541799e+01,2.500079508496621372e+01,2.500111272242909877e+01,2.500159091754364482e+01,2.500233340985780117e+01,2.500351945513999752e+01,2.500545677566461222e+01,2.500866548877942819e+01,2.501400495582290162e+01,2.502285526572787333e+01,2.503736067609473537e+01,2.506073133484292725e+01,2.509757993946062982e+01,2.515424125156593504e+01,2.523898741175968397e+01,2.536201827276014598e+01,2.553508593681013750e+01,2.577062207850350717e+01,2.608029018166351420e+01,2.647298971051263194e+01,2.695248809548081681e+01,2.751502273231857743e+01,2.814735455703182510e+01,2.882581402383580738e+01,2.951681400904564612e+01,3.017909376057862403e+01,3.076762676975608102e+01,3.123874124899825588e+01,3.155566375651130784e+01,3.169350645293086544e+01,3.164274745513103326e+01,3.141051405380034112e+01,3.101941435972809913e+01,3.050416429996764478e+01,2.990669327851872339e+01,2.927067325587439228e+01,2.863644656390443899e+01,2.803713960306180653e+01,2.749641345202304166e+01,2.702792021376353304e+01,2.663620445501722145e+01,2.631858010763206579e+01,2.606744783732075632e+01,2.587257755455046393e+01,2.572301996616816311e+01,2.560847674712691102e+01,2.552010673148968323e+01,2.545084910025866876e+01,2.539539665298629245e+01,2.534996023055982306e+01,2.531194406442002887e+01,2.527961709561698456e+01,2.525182964642883121e+01,2.522779573701366473e+01,2.520694164107817770e+01,2.518881051170208707e+01,2.517300895327343468e+01,2.515918174513599226e+01,2.514700337910874239e+01,2.513617815742888695e+01,2.512644345591899864e+01,2.511757302234532219e+01,2.510937878682440427e+01,2.510171069491588014e+01,2.509445467081075520e+01,2.508752911137984398e+01,2.508088041094569931e+01,2.507447800190701059e+01,2.506830932296372794e+01,2.506237503034098779e+01,2.505668466968578301e+01,2.505125293907193651e+01,2.504609660216705436e+01,2.504123205633566229e+01,2.503667352210040065e+01,2.503243179556332620e+01,2.502851349130158098e+01,2.502492069719587420e+01,2.502165096229888164e+01,2.501869754235071852e+01,2.501604983351257161e+01,2.501369393232607052e+01,2.501161326812500363e+01,2.500978926264984636e+01,2.500820198010096007e+01,2.500683073905516451e+01,2.500565466535493186e+01,2.500465317209076233e+01,2.500380635900001636e+01
2.500001888886352575e+01,2.500002530646129628e+01,2.500003381529732849e+01,2.500004509254046070e+01,2.500006004926470027e+01,2.500007992423205394e+01,2.500010642343769618e+01,2.500014193343652735e+01,2.500018985855995979e+01,2.500025517469379821e+01,2.500034537390378020e+01,2.500047212732510715e+01,2.500065427116739514e+01,2.500092320094122300e+01,2.500133254552532236e+01,2.500197519762913601e+01,2.500301247671245619e+01,2.500472234746810685e+01,2.500757590550693976e+01,2.501235303805006538e+01,2.502030796299064264e+01,2.503339134431344348e+01,2.505452564363182688e+01,2.508791241684222229e+01,2.513932402957054890e+01,2.521630033716868624e+01,2.532814008218700508e+01,2.548555846991083484e+01,2.569989095359703413e+01,2.598177213928793705e+01,2.633931447174304807e+01,2.677594725475969284e+01,2.728822838814815910e+01,2.786406842270209694e+01,2.848186062462303880e+01,2.911095019058346267e+01,2.971368364878376411e+01,3.024897705833041783e+01,3.067699086448158852e+01,3.096419056957232030e+01,3.108789889691562891e+01,3.103947163250383667e+01,3.082546703822273670e+01,3.046657666661938535e+01,2.999454318939816488e+01,2.944768930753973279e+01,2.886592051326566022e+01,2.828609236216027156e+01,2.773846107779131742e+01,2.724462938127294720e+01,2.681705041756394436e+01,2.645985177722264936e+01,2.617055074131441472e+01,2.594217214844604058e+01,2.576533472619464504e+01,2.562999882620975356e+01,2.552671977498196654e+01,2.544738603624075068e+01,2.538551598664123787e+01,2.533623472971192214e+01,2.529605970951807237e+01,2.526260449347722670e+01,2.523427842399067345e+01,2.521002731024247012e+01,2.518913378985326901e+01,2.517107801093649044e+01,2.515544945340644034e+01,2.514189708363968023e+01,2.513010531833591088e+01,2.511978549445544573e+01,2.511067533644087035e+01,2.510254150199062906e+01,2.509518233983692426e+01,2.508842944846691125e+01,2.508214756134448464e+01,2.507623282579058355e+01,2.507060981051641591e+01,2.506522766967937699e+01,2.506005588181083965e+01,2.505507991966899439e+01,2.505029712396210684e+01,2.504571296924956769e+01,2.504133783471932873e+01,2.503718433073516891e+01,2.503326518515751431e+01,2.502959166043681094e+01,2.502617245125173540e+01,2.502301300055119526e+01,2.502011516688467196e+01,2.501747717582434305e+01,2.501509379147006484e+01,2.501295664927173235e+01,2.501105469784285162e+01,2.500937470448237931e+01,2.500790178636607308e+01,2.500661993653218218e+01,2.500551252066164665e+01,2.500456272707788585e+01,2.500375395823422409e+01,2.500307015711483771e+01
