2.660545857177765683e+01,2.681246178977541561e+01,2.703746686335585281e+01,2.728067912410457652e+01,2.754208318982222536e+01,2.782141693367704960e+01,2.811814794286603814e+01,2.843145338337242833e+01,2.876020418355295050e+01,2.910295441246423565e+01,2.945793665698470676e+01,2.982306409418799831e+01,3.019593981287023965e+01,3.057387376304183491e+01,3.095390750863483831e+01,3.133284673232517292e+01,3.170730119936361291e+01,3.207373163802768090e+01,3.242850274704737501e+01,3.276794130496831059e+01,3.308839814284601033e+01,3.338631255950572552e+01,3.365827761660180784e+01,3.390110465631765635e+01,3.411188534349277290e+01,3.428804954991390730e+01,3.442741747281480968e+01,3.452824451118177507e+01,3.458925760866796395e+01,3.460968200480709100e+01,3.458925760866796395e+01,3.452824451118177507e+01,3.442741747281480968e+01,3.428804954991390730e+01,3.411188534349277290e+01,3.390110465631765635e+01,3.365827761660180784e+01,3.338631255950572552e+01,3.308839814284601033e+01,3.276794130496831059e+01,3.242850274704737501e+01,3.207373163802768090e+01,3.170730119936361291e+01,3.133284673232517292e+01,3.095390750863483831e+01,3.057387376304183491e+01,3.019593981287023965e+01,2.982306409418799831e+01,2.945793665698470676e+01,2.910295441246423565e+01,2.876020418355295050e+01,2.843145338337242833e+01,2.811814794286603814e+01,2.782141693367704960e+01,2.754208318982222536e+01,2.728067912410457652e+01,2.703746686335585281e+01,2.681246178977541561e+01,2.660545857177765683e+01,2.641605879369833687e+01,2.624369934539465632e+01,2.608768080556145108e+01,2.594719514150245132e+01,2.582135214809100887e+01,2.570920415483406885e+01,2.560976863776901169e+01,2.552204847833267465e+01,2.544504971091765100e+01,2.537779669182880937e+01,2.531934470273953508e+01,2.526879007018900936e+01,2.522527793848454181e+01,2.518800787649360018e+01,2.515623752965385052e+01,2.512928454793264876e+01,2.510652702957900573e+01,2.508740272069290000e+01,2.507140720337143946e+01,2.505809129199894159e+01,2.504705783961520282e+01,2.503795813561962547e+01,2.503048805361176576e+01,2.502438408503206446e+01,2.501941937137262428e+01,2.501539982581467925e+01,2.501216041477636054e+01,2.500956165141155552e+01,2.500748633682812283e+01,2.500583657080039757e+01,2.500453104203707255e+01,2.500350259854619139e+01,2.500269609116430303e+01,2.500206647769298129e+01,2.500157717109230759e+01,2.500119861258562537e+01,2.500090704910074990e+01,2.500068349398824452e+01,2.500051285021194758e+01,2.500038317601634930e+01,2.500028507427931146e+01
2.681493733275050317e+01,2.704895014064727121e+01,2.730331366972123774e+01,2.757826004303483813e+01,2.787377187133347434e+01,2.818955282571695165e+01,2.852500102464837539e+01,2.887918627148366468e+01,2.925083217434776373e+01,2.963830413855490065e+01,3.003960414054149552e+01,3.045237307064101628e+01,3.087390127087557090e+01,3.130114769600182001e+01,3.173076789592890634e+01,3.215915076173997278e+01,3.258246370396729219e+01,3.299670564996232258e+01,3.339776696768177544e+01,3.378149515710714468e+01,3.414376490907926609e+01,3.448055092540209188e+01,3.478800173354143510e+01,3.506251262253535117e+01,3.530079578032081145e+01,3.549994573071415971e+01,3.565749825228478187e+01,3.577148111007988973e+01,3.584045514052893111e+01,3.586354449313099479e+01,3.584045514052893111e+01,3.577148111007988973e+01,3.565749825228478187e+01,3.549994573071415971e+01,3.530079578032081145e+01,3.506251262253535117e+01,3.478800173354143510e+01,3.448055092540209188e+01,3.414376490907926609e+01,3.378149515710714468e+01,3.339776696768177544e+01,3.299670564996232258e+01,3.258246370396729219e+01,3.215915076173997278e+01,3.173076789592890634e+01,3.130114769600182001e+01,3.087390127087557090e+01,3.045237307064101628e+01,3.003960414054149552e+01,2.963830413855490065e+01,2.925083217434776373e+01,2.887918627148366468e+01,2.852500102464837539e+01,2.818955282571695165e+01,2.787377187133347434e+01,2.757826004303483813e+01,2.730331366972123774e+01,2.704895014064727121e+01,2.681493733275050317e+01,2.660082484545648285e+01,2.640597609452779437e+01,2.622960039880929983e+01,2.607078429424012356e+01,2.592852142254571035e+01,2.580174046205683425e+01,2.568933068998597946e+01,2.559016488465501382e+01,2.550311938873632300e+01,2.542709125744087117e+01,2.536101250646183658e+01,2.530386155185462016e+01,2.525467199714032063e+01,2.521253897166686642e+01,2.517662325912995414e+01,2.514615347709092674e+01,2.512042657862910744e+01,2.509880694747162622e+01,2.508072434973057696e+01,2.506567099046339564e+01,2.505319790333901153e+01,2.504291087831770568e+01,2.503446610686541973e+01,2.502756569806759401e+01,2.502195319312643207e+01,2.501740918095318023e+01,2.501374709453568101e+01,2.501080924691215301e+01,2.500846314718657482e+01,2.500659812120169079e+01,2.500512224824353069e+01,2.500395961438984926e+01,2.500304787466497913e+01,2.500233610980577126e+01,2.500178295892892066e+01,2.500135500645572506e+01,2.500102540003493701e+01,2.500077267565652761e+01,2.500057976643691404e+01,2.500043317247128982e+01,2.500032227050963840e+01
2.704402083234440823e+01,2.730757100884086697e+01,2.759404059819461708e+01,2.790369102231083431e+01,2.823650269704298310e+01,2.859214189051267141e+01,2.896993075099587855e+01,2.936882167134695365e+01,2.978737715202487024e+01,3.022375627790275132e+01,3.067570883256058067e+01,3.114057793676778019e+01,3.161531191636711924e+01,3.209648588185014262e+01,3.258033324274832410e+01,3.306278709178026531e+01,3.353953108558106067e+01,3.400605913146213766e+01,3.445774287484720588e+01,3.488990568233909073e+01,3.529790154346178355e+01,3.567719708220242580e+01,3.602345468868715983e+01,3.633261466114669247e+01,3.660097419605813229e+01,3.682526108465688708e+01,3.700270006861930483e+01,3.713106997520462471e+01,3.720874998794362654e+01,3.723475370546727703e+01,3.720874998794362654e+01,3.713106997520462471e+01,3.700270006861930483e+01,3.682526108465688708e+01,3.660097419605813229e+01,3.633261466114669247e+01,3.602345468868715983e+01,3.567719708220242580e+01,3.529790154346178355e+01,3.488990568233909073e+01,3.445774287484720588e+01,3.400605913146213766e+01,3.353953108558106067e+01,3.306278709178026531e+01,3.258033324274832410e+01,3.209648588185014262e+01,3.161531191636711924e+01,3.114057793676778019e+01,3.067570883256058067e+01,3.022375627790275132e+01,2.978737715202487024e+01,2.936882167134695365e+01,2.896993075099587855e+01,2.859214189051267141e+01,2.823650269704298310e+01,2.790369102231083431e+01,2.759404059819461708e+01,2.730757100884086697e+01,2.704402083234440823e+01,2.680288281804680395e+01,2.658344003130829236e+01,2.638480199027936024e+01,2.620593993240365904e+01,2.604572047569556403e+01,2.590293707501959375e+01,2.577633881086702061e+01,2.566465618232936308e+01,2.556662370274511176e+01,2.548099921235204235e+01,2.540657992462283232e+01,2.534221531010003403e+01,2.528681699261796822e+01,2.523936588769914025e+01,2.519891685218192379e+01,2.516460113883970351e+01,2.513562696135233310e+01,2.511127847522222467e+01,2.509091347097736957e+01,2.507396005920735860e+01,2.505991260452898928e+01,2.504832713925315701e+01,2.503881645893302732e+01,2.503104507251657651e+01,2.502472415067846967e+01,2.501960658800732773e+01,2.501548226878586334e+01,2.501217360262070954e+01,2.500953137546095917e+01,2.500743094372859332e+01,2.500576878437028228e+01,2.500445940152029323e+01,2.500343258094765631e+01,2.500263097630065445e+01,2.500200800607721519e+01,2.500152603694545306e+01,2.500115482721913907e+01,2.500087020367595514e+01,2.500065294523042780e+01,2.500048784800408086e+01,2.500036294786793079e+01
2.729334902112707439e+01,2.758904685831241466e+01,2.791045980182609298e+01,2.825788116162896912e+01,2.863128896471442530e+01,2.903030877082994365e+01,2.945418004438646165e+01,2.990172739187331530e+01,3.037133796859092172e+01,3.086094630591127697e+01,3.136802770763634385e+01,3.188960121032076600e+01,3.242224289879180787e+01,3.296211011798578028e+01,3.350497683144195094e+01,3.404628005345820441e+01,3.458117693621515798e+01,3.510461173708386440e+01,3.561139153813073932e+01,3.609626925358544725e+01,3.655403215596078326e+01,3.697959389130330976e+01,3.736808775121117776e+01,3.771495883441757258e+01,3.801605267209308181e+01,3.826769791380504415e+01,3.846678077721855260e+01,3.861080915254186152e+01,3.869796451728042541e+01,3.872714014953663764e+01,3.869796451728042541e+01,3.861080915254186152e+01,3.846678077721855260e+01,3.826769791380504415e+01,3.801605267209308181e+01,3.771495883441757258e+01,3.736808775121117776e+01,3.697959389130330976e+01,3.655403215596078326e+01,3.609626925358544725e+01,3.561139153813073932e+01,3.510461173708386440e+01,3.458117693621515798e+01,3.404628005345820441e+01,3.350497683144195094e+01,3.296211011798578028e+01,3.242224289879180787e+01,3.188960121032076600e+01,3.136802770763634385e+01,3.086094630591127697e+01,3.037133796859092172e+01,2.990172739187331530e+01,2.945418004438646165e+01,2.903030877082994365e+01,2.863128896471442530e+01,2.825788116162896912e+01,2.791045980182609298e+01,2.758904685831241466e+01,2.729334902112707439e+01,2.702279716554170008e+01,2.677658690574559941e+01,2.655371913955467633e+01,2.635303961669701067e+01,2.617327670606875500e+01,2.601307668902789771e+01,2.587103605980511389e+01,2.574573046468553272e+01,2.563574005385623522e+01,2.553967114980195063e+01,2.545617425096114772e+01,2.538395848712190173e+01,2.532180272277782507e+01,2.526856356626092648e+01,2.522318058652751915e+01,2.518467906719006777e+01,2.515217064040343331e+01,2.512485214347384854e+01,2.510200303068050331e+01,2.508298165395464707e+01,2.506722070087326060e+01,2.505422204888830606e+01,2.504355126263344999e+01,2.503483192809979840e+01,2.502773998476896011e+01,2.502199818548946553e+01,2.501737078478019427e+01,2.501365852989950866e+01,2.501069400577405588e+01,2.500833736489195758e+01,2.500647245653240702e+01,2.500500335610554714e+01,2.500385128469909901e+01,2.500295190089466857e+01,2.500225294121210950e+01,2.500171218183282917e+01,2.500129569221148884e+01,2.500097635049352363e+01,2.500073259101930745e+01,2.500054735535221084e+01,2.500040721998742299e+01
2.756339860618976090e+01,2.789391586139660362e+01,2.825317626346545907e+01,2.864150766059469433e+01,2.905888549238203922e+01,2.950489122697185707e+01,2.997867477314341755e+01,3.047892233083435798e+01,3.100383113743993846e+01,3.155109250843225155e+01,3.211788445611755094e+01,3.270087499854691515e+01,3.329623704298367670e+01,3.389967544876510885e+01,3.450646654937852986e+01,3.511151005215969434e+01,3.570939284761859511e+01,3.629446386237355426e+01,3.686091869488319617e+01,3.740289239732393156e+01,3.791455842595904357e+01,3.839023149149557668e+01,3.882447181419693294e+01,3.921218813780382106e+01,3.954873679076479220e+01,3.983001410874656756e+01,4.005253965103829472e+01,4.021352785351176351e+01,4.031094605651297513e+01,4.034355721790677762e+01,4.031094605651297513e+01,4.021352785351176351e+01,4.005253965103829472e+01,3.983001410874656756e+01,3.954873679076479220e+01,3.921218813780382106e+01,3.882447181419693294e+01,3.839023149149557668e+01,3.791455842595904357e+01,3.740289239732393156e+01,3.686091869488319617e+01,3.629446386237355426e+01,3.570939284761859511e+01,3.511151005215969434e+01,3.450646654937852986e+01,3.389967544876510885e+01,3.329623704298367670e+01,3.270087499854691515e+01,3.211788445611755094e+01,3.155109250843225155e+01,3.100383113743993846e+01,3.047892233083435798e+01,2.997867477314341755e+01,2.950489122697185707e+01,2.905888549238203922e+01,2.864150766059469433e+01,2.825317626346545907e+01,2.789391586139660362e+01,2.756339860618976090e+01,2.726098835675953325e+01,2.698578600815200801e+01,2.673667481052990880e+01,2.651236459675731894e+01,2.631143399687740470e+01,2.613236988731056343e+01,2.597360349474766394e+01,2.583354274301809639e+01,2.571060059020287270e+01,2.560321924855697517e+01,2.550989030815674852e+01,2.542917089446738999e+01,2.535969607915647472e+01,2.530018783232927859e+01,2.524946085360879877e+01,2.520642565046413708e+01,2.517008924673901760e+01,2.513955390462258777e+01,2.511401423170426384e+01,2.509275302369027472e+01,2.507513616520564881e+01,2.506060687809164378e+01,2.504867957075174090e+01,2.503893350515746619e+01,2.503100646157100329e+01,2.502458854605335503e+01,2.501941625329758523e+01,2.501526686787944342e+01,2.501195326103583128e+01,2.500931911773849237e+01,2.500723461012735171e+01,2.500559251816844153e+01,2.500430478646676136e+01,2.500329949718481259e+01,2.500251823264132511e+01,2.500191379702059535e+01,2.500144826434109291e+01,2.500109131905837145e+01,2.500081885608361532e+01,2.500061180829172613e+01,2.500045517151491481e+01
2.785445556139744028e+01,2.822250086460736895e+01,2.862255290887354775e+01,2.905497676738864499e+01,2.951974509107915168e+01,3.001639182656575855e+01,3.054397036039285496e+01,3.110101771919158864e+01,3.168552644858850798e+01,3.229492572819916774e+01,3.292607315229422937e+01,3.357525841441514558e+01,3.423821988076058886e+01,3.491017472585740222e+01,3.558586294210675760e+01,3.625960513235013138e+01,3.692537356432187323e+01,3.757687552263888620e+01,3.820764755436005800e+01,3.881115878563232258e+01,3.938092110721935057e+01,3.991060370283641134e+01,4.039414914174118110e+01,4.082588808920409207e+01,4.120064961548628446e+01,4.151386411231452911e+01,4.176165595795798424e+01,4.194092330590775219e+01,4.204940270145188919e+01,4.208571664450366256e+01,4.204940270145188919e+01,4.194092330590775219e+01,4.176165595795798424e+01,4.151386411231452911e+01,4.120064961548628446e+01,4.082588808920409207e+01,4.039414914174118110e+01,3.991060370283641134e+01,3.938092110721935057e+01,3.881115878563232258e+01,3.820764755436005800e+01,3.757687552263888620e+01,3.692537356432187323e+01,3.625960513235013138e+01,3.558586294210675760e+01,3.491017472585740222e+01,3.423821988076058886e+01,3.357525841441514558e+01,3.292607315229422937e+01,3.229492572819916774e+01,3.168552644858850798e+01,3.110101771919158864e+01,3.054397036039285496e+01,3.001639182656575855e+01,2.951974509107915168e+01,2.905497676738864499e+01,2.862255290887354775e+01,2.822250086460736895e+01,2.785445556139744028e+01,2.751770862854614208e+01,2.721125887367948337e+01,2.693386274740331388e+01,2.668408359263770180e+01,2.646033865226938531e+01,2.626094299754540629e+01,2.608414973132458670e+01,2.592818600771851933e+01,2.579128458669636359e+01,2.567171080401920946e+01,2.556778497979449583e+01,2.547790041062840061e+01,2.540053718960516704e+01,2.533427217498951833e+01,2.527778548338723397e+01,2.522986391759737757e+01,2.518940175558952888e+01,2.515539932736281870e+01,2.512695979352600162e+01,2.510328451598195798e+01,2.508366737974946759e+01,2.506748838819288494e+01,2.505420681400201133e+01,2.504335414712837959e+01,2.503452704017896124e+01,2.502738041280790426e+01,2.502162084042371148e+01,2.501700031973894767e+01,2.501331047475729363e+01,2.501037724191303013e+01,2.500805605225136929e+01,2.500622751161273882e+01,2.500479356649449869e+01,2.500367413326443256e+01,2.500280416129998784e+01,2.500213109601278205e+01,2.500161270517695655e+01,2.500121523111852540e+01,2.500091183177529075e+01,2.500068127507622506e+01,2.500050685322953825e+01
2.816658814493755614e+01,2.857487892714680555e+01,2.901867636363978775e+01,2.949838544809009733e+01,3.001397584082346270e+01,3.056493052587167369e+01,3.115019937830479080e+01,3.176815944970883976e+01,3.241658377207406971e+01,3.309262040772723878e+01,3.379278333121968814e+01,3.451295651685298083e+01,3.524841232435279892e+01,3.599384492985295481e+01,3.674341914785260599e+01,3.749083454335605836e+01,3.822940425607678350e+01,3.895214746690479046e+01,3.965189394914766297e+01,4.032139868277462824e+01,4.095346408865059828e+01,4.154106708045881646e+01,4.207748785192980279e+01,4.255643713081595081e+01,4.297217855007382070e+01,4.331964281817872120e+01,4.359453051705836657e+01,4.379340061560500885e+01,4.391374215202462494e+01,4.395402699762486520e+01,4.391374215202462494e+01,4.379340061560500885e+01,4.359453051705836657e+01,4.331964281817872120e+01,4.297217855007382070e+01,4.255643713081595081e+01,4.207748785192980279e+01,4.154106708045881646e+01,4.095346408865059828e+01,4.032139868277462824e+01,3.965189394914766297e+01,3.895214746690479046e+01,3.822940425607678350e+01,3.749083454335605836e+01,3.674341914785260599e+01,3.599384492985295481e+01,3.524841232435279892e+01,3.451295651685298083e+01,3.379278333121968814e+01,3.309262040772723878e+01,3.241658377207406971e+01,3.176815944970883976e+01,3.115019937830479080e+01,3.056493052587167369e+01,3.001397584082346270e+01,2.949838544809009733e+01,2.901867636363978775e+01,2.857487892714680555e+01,2.816658814493755614e+01,2.779301818650773725e+01,2.745305837984509623e+01,2.714532919435807656e+01,2.686823687558815976e+01,2.662002559311395800e+01,2.639882617248191821e+01,2.620270069465329499e+01,2.602968245436599659e+01,2.587781096521181112e+01,2.574516187871300588e+01,2.562987184323536738e+01,2.553015846356908014e+01,2.544433563211241633e+01,2.537082458764433923e+01,2.530816111850734984e+01,2.525499936529276823e+01,2.521011269609205030e+01,2.517239212773642265e+01,2.514084275211709496e+01,2.511457860065754844e+01,2.509281634523080484e+01,2.507486819303219505e+01,2.506013428862405235e+01,2.504809489073404549e+01,2.503830254623300533e+01,2.503037444049700255e+01,2.502398506317463855e+01,2.501885929200423320e+01,2.501476596522991613e+01,2.501151198556507538e+01,2.500893697554769446e+01,2.500690848535603195e+01,2.500531773941018088e+01,2.500407589699255340e+01,2.500311079424361083e+01,2.500236412976998324e+01,2.500178905328346701e+01,2.500134811573363791e+01,2.500101153989883684e+01,2.500075577199694266e+01,2.500056227725159985e+01
2.849962112730810659e+01,2.895085222592411967e+01,2.944132424625269451e+01,2.997148477552386581e+01,3.054130028321198154e+01,3.115019937830479080e+01,3.179702149326937999e+01,3.247997299271710148e+01,3.319659269636805021e+01,3.394372872564562726e+01,3.471752842660432492e+01,3.551344288734412658e+01,3.632624725732275550e+01,3.715007769430691553e+01,3.797848532097940222e+01,3.880450707981182745e+01,3.962075284728228297e+01,4.041950762512598772e+01,4.119284708732656952e+01,4.193276424844505357e+01,4.263130455334085411e+01,4.328070629126153079e+01,4.387354292774300291e+01,4.440286374200124442e+01,4.486232906800454145e+01,4.524633647218455224e+01,4.555013436272302840e+01,4.576991981211163107e+01,4.590291777839911447e+01,4.594743941819568533e+01,4.590291777839911447e+01,4.576991981211163107e+01,4.555013436272302840e+01,4.524633647218455224e+01,4.486232906800454145e+01,4.440286374200124442e+01,4.387354292774300291e+01,4.328070629126153079e+01,4.263130455334085411e+01,4.193276424844505357e+01,4.119284708732656952e+01,4.041950762512598772e+01,3.962075284728228297e+01,3.880450707981182745e+01,3.797848532097940222e+01,3.715007769430691553e+01,3.632624725732275550e+01,3.551344288734412658e+01,3.471752842660432492e+01,3.394372872564562726e+01,3.319659269636805021e+01,3.247997299271710148e+01,3.179702149326937999e+01,3.115019937830479080e+01,3.054130028321198154e+01,2.997148477552386581e+01,2.944132424625269451e+01,2.895085222592411967e+01,2.849962112730810659e+01,2.808676247338474141e+01,2.771104878174656605e+01,2.737095543530320185e+01,2.706472106297654534e+01,2.679040517204780159e+01,2.654594200527008496e+01,2.632918983088020326e+01,2.613797510341805364e+01,2.597013115032001096e+01,2.582353123761222591e+01,2.569611604325843501e+01,2.558591571590821445e+01,2.549106681847540301e+01,2.540982454997191908e+01,2.534057070625598840e+01,2.528181788264931740e+01,2.523221044123939905e+01,2.519052276607947505e+01,2.515565531366155128e+01,2.512662893728052538e+01,2.510257792547115585e+01,2.508274214962805715e+01,2.506645866696647218e+01,2.505315307454729279e+01,2.504233086018496479e+01,2.503356894829010670e+01,2.502650759428881599e+01,2.502084274105857631e+01,2.501631891534941943e+01,2.501272271165582595e+01,2.500987688547086663e+01,2.500763505710343892e+01,2.500587701094603688e+01,2.500450456282123923e+01,2.500343795933015656e+01,2.500261276746834227e+01,2.500197720965977410e+01,2.500148989830301360e+01,2.500111792447866677e+01,2.500083525723171718e+01,2.500062141246636216e+01
2.885311198038664315e+01,2.934992117451153604e+01,2.988993494995303379e+01,3.047364610397562856e+01,3.110101771919158864e+01,3.177142068934205810e+01,3.248357721991660441e+01,3.323551250342802632e+01,3.402451675990950264e+01,3.484711974482242169e+01,3.569907965411606909e+01,3.657538809793850731e+01,3.747029247236842053e+01,3.837733663831572528e+01,3.928942032819524144e+01,4.019887715773079861e+01,4.109757053943391725e+01,4.197700619602112937e+01,4.282845937861259245e+01,4.364311432961649473e+01,4.441221301763570750e+01,4.512720973454910478e+01,4.577992780411791074e+01,4.636271442492432016e+01,4.686858957191692099e+01,4.729138491912105735e+01,4.762586892440834418e+01,4.786785453294913850e+01,4.801428640046491125e+01,4.806330509633115611e+01,4.801428640046491125e+01,4.786785453294913850e+01,4.762586892440834418e+01,4.729138491912105735e+01,4.686858957191692099e+01,4.636271442492432016e+01,4.577992780411791074e+01,4.512720973454910478e+01,4.441221301763570750e+01,4.364311432961649473e+01,4.282845937861259245e+01,4.197700619602112937e+01,4.109757053943391725e+01,4.019887715773079861e+01,3.928942032819524144e+01,3.837733663831572528e+01,3.747029247236842053e+01,3.657538809793850731e+01,3.569907965411606909e+01,3.484711974482242169e+01,3.402451675990950264e+01,3.323551250342802632e+01,3.248357721991660441e+01,3.177142068934205810e+01,3.110101771919158864e+01,3.047364610397562856e+01,2.988993494995303379e+01,2.934992117451153604e+01,2.885311198038664315e+01,2.839855116715311567e+01,2.798488726646684555e+01,2.761044166222549023e+01,2.727327507021624342e+01,2.697125099180950158e+01,2.670209501108795180e+01,2.646344906355965065e+01,2.625292005758765157e+01,2.606812246865122162e+01,2.590671474494928717e+01,2.576642955578496341e+01,2.564509807843093370e+01,2.554066865315027712e+01,2.545122023953718582e+01,2.537497118136701602e+01,2.531028383371274515e+01,2.525566562795288306e+01,2.520976715073208396e+01,2.517137779549910448e+01,2.513941951358446758e+01,2.511293914946162431e+01,2.509109979521127087e+01,2.507317154531125070e+01,2.505852197734618869e+01,2.504660662928510106e+01,2.503695969138381372e+01,2.502918508187314117e+01,2.502294803133122869e+01,2.501796726158415041e+01,2.501400781139465224e+01,2.501087453308580422e+01,2.500840626139973821e+01,2.500647063795230096e+01,2.500495956114720286e+01,2.500378522182865382e+01,2.500287667872264308e+01,2.500217692428713789e+01,2.500164039042858377e+01,2.500123084415290364e+01,2.500091962516202670e+01,2.500068418029603734e+01
2.922632980730811880e+01,2.977126063630106501e+01,3.036358090291226830e+01,3.100383113743993846e+01,3.169197084662642894e+01,3.242730998809890508e+01,3.320844699837968506e+01,3.403321578736053254e+01,3.489864410198896394e+01,3.580092556497650946e+01,3.673540750518681364e+01,3.769659641310711606e+01,3.867818247953751865e+01,3.967308421470674773e+01,4.067351360915963454e+01,4.167106170189384784e+01,4.265680378415259355e+01,4.362142281104920016e+01,4.455534894229872123e+01,4.544891251367286600e+01,4.629250717857824782e+01,4.707675947962746221e+01,4.779270073626087623e+01,4.843193688598920943e+01,4.898681180875142616e+01,4.945055970587345939e+01,4.981744230072391844e+01,5.008286697447370983e+01,5.024348243791519053e+01,5.029724915336738178e+01,5.024348243791519053e+01,5.008286697447370983e+01,4.981744230072391844e+01,4.945055970587345939e+01,4.898681180875142616e+01,4.843193688598920943e+01,4.779270073626087623e+01,4.707675947962746221e+01,4.629250717857824782e+01,4.544891251367286600e+01,4.455534894229872123e+01,4.362142281104920016e+01,4.265680378415259355e+01,4.167106170189384784e+01,4.067351360915963454e+01,3.967308421470674773e+01,3.867818247953751865e+01,3.769659641310711606e+01,3.673540750518681364e+01,3.580092556497650946e+01,3.489864410198896394e+01,3.403321578736053254e+01,3.320844699837968506e+01,3.242730998809890508e+01,3.169197084662642894e+01,3.100383113743993846e+01,3.036358090291226830e+01,2.977126063630106501e+01,2.922632980730811880e+01,2.872773959659477327e+01,2.827400763069891454e+01,2.786329270040977590e+01,2.749346767972761540e+01,2.716218912577106437e+01,2.686696231950923419e+01,2.660520079101845070e+01,2.637427965045166900e+01,2.617158230803953956e+01,2.599454040599163207e+01,2.584066699678187717e+01,2.570758318247378327e+01,2.559303857669271665e+01,2.549492606436664488e+01,2.541129141555183679e+01,2.534033836073833257e+01,2.528042975901598055e+01,2.523008549096051567e+01,2.518797768897335487e+01,2.515292388307990734e+01,2.512387859377339083e+01,2.509992384906042417e+01,2.508025904374694548e+01,2.506419049809603194e+01,2.505112101272126068e+01,2.504053965889375633e+01,2.503201198980903186e+01,2.502517080980980779e+01,2.501970759572400738e+01,2.501536462763961310e+01,2.501192785560218468e+01,2.500922050366108706e+01,2.500709739301357359e+01,2.500543995119121377e+01,2.500415186372032395e+01,2.500315531785565426e+01,2.500238778422475505e+01,2.500179928094465964e+01,2.500135006544269700e+01,2.500100870134416198e+01,2.500075045095845638e+01
2.961823780046940868e+01,3.021370012069455413e+01,3.086094630591127697e+01,3.156056700984740360e+01,3.231251798430133704e+01,3.311604519920080492e+01,3.396961712394421795e+01,3.487086680666708105e+01,3.581654637698895272e+01,3.680249649186794159e+01,3.782363303749968964e+01,3.887395309067530746e+01,3.994656173294553270e+01,4.103372080727193350e+01,4.212692012128992758e+01,4.321697095018763690e+01,4.429412099605694664e+01,4.534818924349058022e+01,4.636871843994006781e+01,4.734514225222912387e+01,4.826696353626699931e+01,4.912393963300884536e+01,4.990627019523393670e+01,5.060478277818405957e+01,5.121111130900574437e+01,5.171786259582528800e+01,5.211876625103521121e+01,5.240880378179515020e+01,5.258431313350794767e+01,5.264306564195607052e+01,5.258431313350794767e+01,5.240880378179515020e+01,5.211876625103521121e+01,5.171786259582528800e+01,5.121111130900574437e+01,5.060478277818405957e+01,4.990627019523393670e+01,4.912393963300884536e+01,4.826696353626699931e+01,4.734514225222912387e+01,4.636871843994006781e+01,4.534818924349058022e+01,4.429412099605694664e+01,4.321697095018763690e+01,4.212692012128992758e+01,4.103372080727193350e+01,3.994656173294553270e+01,3.887395309067530746e+01,3.782363303749968964e+01,3.680249649186794159e+01,3.581654637698895272e+01,3.487086680666708105e+01,3.396961712394421795e+01,3.311604519920080492e+01,3.231251798430133704e+01,3.156056700984740360e+01,3.086094630591127697e+01,3.021370012069455413e+01,2.961823780046940868e+01,2.907341326877320142e+01,2.857760669150179922e+01,2.812880612392692825e+01,2.772468719143842009e+01,2.736268914345799530e+01,2.704008592540515821e+01,2.675405122373696187e+01,2.650171674230370300e+01,2.628022325470042020e+01,2.608676423905738417e+01,2.591862213295132733e+01,2.577319744299800064e+01,2.564803110426521471e+01,2.554082060868586268e+01,2.544943051037464343e+01,2.537189797156712245e+01,2.530643403910993072e+01,2.525142134195395727e+01,2.520540887920305551e+01,2.516710453032155215e+01,2.513536586838159081e+01,2.510918979775342663e+01,2.508770147304186793e+01,2.507014288951738479e+01,2.505586146943368320e+01,2.504429890558884964e+01,2.503498046488200401e+01,2.502750490156520158e+01,2.502153508308121133e+01,2.501678939112435174e+01,2.501303392686611815e+01,2.501007552190398542e+01,2.500775553499004999e+01,2.500594439841881922e+01,2.500453686646565998e+01,2.500344791080154039e+01,2.500260920369893114e+01,2.500196612844977651e+01,2.500147525714860208e+01,2.500110223832246348e+01,2.500082004035220962e+01
3.002747999850392802e+01,3.067570883256058067e+01,3.138031032578691537e+01,3.214192747231422231e+01,3.296051210291476252e+01,3.383524336962217660e+01,3.476445402622711356e+01,3.574556737493487901e+01,3.677504773740205479e+01,3.784836719305523189e+01,3.895999110258698295e+01,4.010338459757575436e+01,4.127104177077021063e+01,4.245453875327999071e+01,4.364461122747023580e+01,4.483125621553884343e+01,4.600385722591667559e+01,4.715133105900773103e+01,4.826229379949667475e+01,4.932524278533002615e+01,5.032875067468656027e+01,5.126166716182099492e+01,5.211332344799261307e+01,5.287373427809926341e+01,5.353379222507606983e+01,5.408544895406529918e+01,5.452187843105978970e+01,5.483761745267590726e+01,5.502867945368353020e+01,5.509263827820635129e+01,5.502867945368353020e+01,5.483761745267590726e+01,5.452187843105978970e+01,5.408544895406529918e+01,5.353379222507606983e+01,5.287373427809926341e+01,5.211332344799261307e+01,5.126166716182099492e+01,5.032875067468656027e+01,4.932524278533002615e+01,4.826229379949667475e+01,4.715133105900773103e+01,4.600385722591667559e+01,4.483125621553884343e+01,4.364461122747023580e+01,4.245453875327999071e+01,4.127104177077021063e+01,4.010338459757575436e+01,3.895999110258698295e+01,3.784836719305523189e+01,3.677504773740205479e+01,3.574556737493487901e+01,3.476445402622711356e+01,3.383524336962217660e+01,3.296051210291476252e+01,3.214192747231422231e+01,3.138031032578691537e+01,3.067570883256058067e+01,3.002747999850392802e+01,2.943437618831932667e+01,2.889463402733633757e+01,2.840606328362744648e+01,2.796613360960844474e+01,2.757205733542133785e+01,2.722086683889714465e+01,2.690948535452041313e+01,2.663479041390700175e+01,2.639366942212715017e+01,2.618306715916512672e+01,2.600002524753627853e+01,2.584171384140758576e+01,2.570545596737583338e+01,2.558874508208965182e+01,2.548925650848821078e+01,2.540485347319010856e+01,2.533358849609895813e+01,2.527370088386138391e+01,2.522361105606201193e+01,2.518191239172777074e+01,2.514736122849702227e+01,2.511886558206037989e+01,2.509547308315576686e+01,2.507635855694786642e+01,2.506081159792947943e+01,2.504822442486199563e+01,2.503808023647347980e+01,2.502994223087988601e+01,2.502344340073737783e+01,2.501827717231368098e+01,2.501418891998474336e+01,2.501096835785321204e+01,2.500844278677815424e+01,2.500647115749447025e+01,2.500493889799474445e+01,2.500375344521878063e+01,2.500284041662104784e+01,2.500214035566872184e+01,2.500160598612017893e+01,2.500119991246860707e+01,2.500089270770515171e+01
3.045237307064101628e+01,3.115538639729280135e+01,3.191953666906792009e+01,3.274552122218392469e+01,3.363328781643297560e+01,3.458194623060119710e+01,3.558968831262501453e+01,3.665371959735065843e+01,3.777020559167389280e+01,3.893423570177675685e+01,4.013980753315455274e+01,4.137983392870025057e+01,4.264617462598015862e+01,4.392969382019700220e+01,4.522034422801903020e+01,4.650727747872947759e+01,4.777897983726554543e+01,4.902343141711726560e+01,5.022828620132924016e+01,5.138106939043140642e+01,5.246938787080961220e+01,5.348114897838686943e+01,5.440478225023396419e+01,5.522945853615281919e+01,5.594530070285061640e+01,5.654358021749291652e+01,5.701689414978241643e+01,5.735931757848279489e+01,5.756652701729245081e+01,5.763589126589450018e+01,5.756652701729245081e+01,5.735931757848279489e+01,5.701689414978241643e+01,5.654358021749291652e+01,5.594530070285061640e+01,5.522945853615281919e+01,5.440478225023396419e+01,5.348114897838686943e+01,5.246938787080961220e+01,5.138106939043140642e+01,5.022828620132924016e+01,4.902343141711726560e+01,4.777897983726554543e+01,4.650727747872947759e+01,4.522034422801903020e+01,4.392969382019700220e+01,4.264617462598015862e+01,4.137983392870025057e+01,4.013980753315455274e+01,3.893423570177675685e+01,3.777020559167389280e+01,3.665371959735065843e+01,3.558968831262501453e+01,3.458194623060119710e+01,3.363328781643297560e+01,3.274552122218392469e+01,3.191953666906792009e+01,3.115538639729280135e+01,3.045237307064101628e+01,2.980914361100966659e+01,2.922378561366129901e+01,2.869392374113389010e+01,2.821681379573163895e+01,2.778943251011823179e+01,2.740856145613425099e+01,2.707086383811943264e+01,2.677295329500686094e+01,2.651145417363035861e+01,2.628305304472841897e+01,2.608454150613239264e+01,2.591285055006528637e+01,2.576507696105953826e+01,2.563850235744611794e+01,2.553060559411689212e+01,2.543906931015819595e+01,2.536178143589767586e+01,2.529683247452412331e+01,2.524250934876576835e+01,2.519728655830904529e+01,2.515981533375624224e+01,2.512891140269974954e+01,2.510354190722279810e+01,2.508281193356103600e+01,2.506595103690755977e+01,2.505230006992428216e+01,2.504129855433207652e+01,2.503247277231793788e+01,2.502542469923356450e+01,2.501982185153600469e+01,2.501538808413943116e+01,2.501189533901791862e+01,2.500915632151377466e+01,2.500701806170670594e+01,2.500535630463635783e+01,2.500407066435651515e+01,2.500308047194590699e+01,2.500232124595487448e+01,2.500174171463160278e+01,2.500130132202075472e+01,2.500096815411557571e+01
3.089090378742449872e+01,3.165046000541014948e+01,3.247607037209625958e+01,3.336848830998568616e+01,3.432765737722558441e+01,3.535261575270568812e+01,3.644140985590215820e+01,3.759102046469924829e+01,3.879730468027877066e+01,4.005495695304868065e+01,4.135749211993164920e+01,4.269725300851806082e+01,4.406544464051491161e+01,4.545219642445971431e+01,4.684665298074702378e+01,4.823709341146414431e+01,4.961107793954344913e+01,5.095561992704780607e+01,5.225738037514129530e+01,5.350288114458206223e+01,5.467873235192251258e+01,5.577186872820777808e+01,5.676978920591927391e+01,5.766079365355649600e+01,5.843421052660663406e+01,5.908060926218149689e+01,5.959199151725479027e+01,5.996195583314059974e+01,6.018583098842787393e+01,6.026077415711930030e+01,6.018583098842787393e+01,5.996195583314059974e+01,5.959199151725479027e+01,5.908060926218149689e+01,5.843421052660663406e+01,5.766079365355649600e+01,5.676978920591927391e+01,5.577186872820777808e+01,5.467873235192251258e+01,5.350288114458206223e+01,5.225738037514129530e+01,5.095561992704780607e+01,4.961107793954344913e+01,4.823709341146414431e+01,4.684665298074702378e+01,4.545219642445971431e+01,4.406544464051491161e+01,4.269725300851806082e+01,4.135749211993164920e+01,4.005495695304868065e+01,3.879730468027877066e+01,3.759102046469924829e+01,3.644140985590215820e+01,3.535261575270568812e+01,3.432765737722558441e+01,3.336848830998568616e+01,3.247607037209625958e+01,3.165046000541014948e+01,3.089090378742449872e+01,3.019593981287022899e+01,2.956350186357683896e+01,2.899102355528005148e+01,2.847553997630008027e+01,2.801378469993224485e+01,2.760228044199437392e+01,2.723742203058456113e+01,2.691555074188178409e+01,2.663301942119504417e+01,2.638624814236502303e+01,2.617177045358402765e+01,2.598627050883367318e+01,2.582661158896945963e+01,2.568985667470413858e+01,2.557328184691593975e+01,2.547438336090393207e+01,2.539087927464562355e+01,2.532070651177931353e+01,2.526201421337483310e+01,2.521315418414940979e+01,2.517266917408541715e+01,2.513927966053813634e+01,2.511186971351984809e+01,2.508947244195109860e+01,2.507125543466482398e+01,2.505650652954371438e+01,2.504462016941577218e+01,2.503508453566135472e+01,2.502746959077610001e+01,2.502141610978822683e+01,2.501662573744748030e+01,2.501285207317354775e+01,2.500989275832477787e+01,2.500758251971256740e+01,2.500578710863327103e+01,2.500439806516620322e+01,2.500332823224274748e+01,2.500250794221340911e+01,2.500188179957368817e+01,2.500140598647990586e+01,2.500104602210310389e+01
3.134073274021242028e+01,3.215828861163823404e+01,3.304694252139667299e+01,3.400750542327394044e+01,3.503991656552177147e+01,3.614314068244509315e+01,3.731507501826393991e+01,3.855246980329779660e+01,3.985086578729850260e+01,4.120455228932183900e+01,4.260654893974479762e+01,4.404861386507090515e+01,4.552128050315228336e+01,4.701392454493370821e+01,4.851486169487152722e+01,5.001147604820449999e+01,5.149037792746039344e+01,5.293758903604420141e+01,5.433875181021149103e+01,5.567935892106116569e+01,5.694499803469223309e+01,5.812160621923356985e+01,5.919572782662788768e+01,6.015476930424777180e+01,6.098724422927549682e+01,6.168300192177778030e+01,6.223343328587997547e+01,6.263164804801125740e+01,6.287261829265867874e+01,6.295328411585399664e+01,6.287261829265867874e+01,6.263164804801125740e+01,6.223343328587997547e+01,6.168300192177778030e+01,6.098724422927549682e+01,6.015476930424777180e+01,5.919572782662788768e+01,5.812160621923356985e+01,5.694499803469223309e+01,5.567935892106116569e+01,5.433875181021149103e+01,5.293758903604420141e+01,5.149037792746039344e+01,5.001147604820449999e+01,4.851486169487152722e+01,4.701392454493370821e+01,4.552128050315228336e+01,4.404861386507090515e+01,4.260654893974479762e+01,4.120455228932183900e+01,3.985086578729850260e+01,3.855246980329779660e+01,3.731507501826393991e+01,3.614314068244509315e+01,3.503991656552177147e+01,3.400750542327394044e+01,3.304694252139667299e+01,3.215828861163823404e+01,3.134073274021242028e+01,3.059270137087801089e+01,2.991197050920650824e+01,2.929577780203178605e+01,2.874093193724995388e+01,2.824391706406843028e+01,2.780099037315666877e+01,2.740827140196811840e+01,2.706182204681673298e+01,2.675771665656436582e+01,2.649210194216997394e+01,2.626124675383675822e+01,2.606158204780352250e+01,2.588973158529706353e+01,2.574253407646689595e+01,2.561705760394002240e+01,2.551060723726581614e+01,2.542072678550731624e+01,2.534519563595308256e+01,2.528202159822969008e+01,2.522943062099140477e+01,2.518585417872314736e+01,2.514991504453104554e+01,2.512041207610073812e+01,2.509630455062551846e+01,2.507669649408666501e+01,2.506082136372324953e+01,2.504802736206494629e+01,2.503776358806232594e+01,2.502956716658080083e+01,2.502305144225782030e+01,2.501789527745953734e+01,2.501383345647658984e+01,2.501064816857726214e+01,2.500816152032518858e+01,2.500622901179620072e+01,2.500473390107855209e+01,2.500358237579667531e+01,2.500269944848480819e+01,2.500202549364205851e+01,2.500151334749762455e+01,2.500112589626914072e+01
3.179920474917072681e+01,3.267587468487985802e+01,3.362878346232758986e+01,3.465880067199510961e+01,3.576586116942795002e+01,3.694885483317499109e+01,3.820552686593264013e+01,3.953239252069281662e+01,4.092467011737102922e+01,4.237623605943863936e+01,4.387960525578137094e+01,4.542593989731390991e+01,4.700508893415732814e+01,4.860565985766259445e+01,5.021512352947820546e+01,5.181995184124805576e+01,5.340578696361868083e+01,5.495763988751366469e+01,5.646011491347735500e+01,5.789765574800180303e+01,5.925480796127239813e+01,6.051649178931183570e+01,6.166827866212332054e+01,6.269666443967400937e+01,6.358933216369242558e+01,6.433539720080280233e+01,6.492562796721898621e+01,6.535263598234980975e+01,6.561102978302598387e+01,6.569752821635168516e+01,6.561102978302598387e+01,6.535263598234980975e+01,6.492562796721898621e+01,6.433539720080280233e+01,6.358933216369242558e+01,6.269666443967400937e+01,6.166827866212332054e+01,6.051649178931183570e+01,5.925480796127239813e+01,5.789765574800180303e+01,5.646011491347735500e+01,5.495763988751366469e+01,5.340578696361868083e+01,5.181995184124805576e+01,5.021512352947820546e+01,4.860565985766259445e+01,4.700508893415732814e+01,4.542593989731390991e+01,4.387960525578137094e+01,4.237623605943863936e+01,4.092467011737102922e+01,3.953239252069281662e+01,3.820552686593264013e+01,3.694885483317499109e+01,3.576586116942795002e+01,3.465880067199510961e+01,3.362878346232758986e+01,3.267587468487985802e+01,3.179920474917072681e+01,3.099708634309881461e+01,3.026713466444961398e+01,2.960638762579010930e+01,2.901142316451304026e+01,2.847847121327985320e+01,2.800351833578626071e+01,2.758240348938048569e+01,2.721090382248023332e+01,2.688480983644306122e+01,2.659998962692584357e+01,2.635244226021040959e+01,2.613834062982731510e+01,2.595406437522176901e+01,2.579622362682419023e+01,2.566167447251219969e+01,2.554752712262437342e+01,2.545114778927409205e+01,2.537015529648180134e+01,2.530241340687508611e+01,2.524601979483489345e+01,2.519929252129073305e+01,2.516075477780087866e+01,2.512911857244660041e+01,2.510326793208411544e+01,2.508224209854038733e+01,2.506521910353601967e+01,2.505150002083689742e+01,2.504049411603027053e+01,2.503170504540599239e+01,2.502471819616061310e+01,2.501918921053382050e+01,2.501483369617151098e+01,2.501141809335399557e+01,2.500875164591050392e+01,2.500667940572842340e+01,2.500507618977397684e+01,2.500384140248895903e+01,2.500289463437587401e+01,2.500217194866188919e+01,2.500162277136011824e+01,2.500120730514498391e+01
3.226336625266719693e+01,3.319988383974740032e+01,3.421784486773796630e+01,3.531817829147816212e+01,3.650081451929515453e+01,3.776456764504525410e+01,3.910702894311336308e+01,4.052447577316852545e+01,4.201180002403636138e+01,4.356246005945018851e+01,4.516845980336829314e+01,4.682035811574189665e+01,4.850731096468200576e+01,5.021714810882833291e+01,5.193648508278626963e+01,5.365087025444260860e+01,5.534496562810024045e+01,5.700275893957486772e+01,5.860780347075933605e+01,6.014348094621548313e+01,6.159328190813010906e+01,6.294109714185074722e+01,6.417151308178313229e+01,6.527010370038395592e+01,6.622371119724169830e+01,6.702070787740542812e+01,6.765123194429668274e+01,6.810739052771006641e+01,6.838342410530735549e+01,6.847582752963475627e+01,6.838342410530735549e+01,6.810739052771006641e+01,6.765123194429668274e+01,6.702070787740542812e+01,6.622371119724169830e+01,6.527010370038395592e+01,6.417151308178313229e+01,6.294109714185074722e+01,6.159328190813010906e+01,6.014348094621548313e+01,5.860780347075933605e+01,5.700275893957486772e+01,5.534496562810024045e+01,5.365087025444260860e+01,5.193648508278626963e+01,5.021714810882833291e+01,4.850731096468200576e+01,4.682035811574189665e+01,4.516845980336829314e+01,4.356246005945018851e+01,4.201180002403636138e+01,4.052447577316852545e+01,3.910702894311336308e+01,3.776456764504525410e+01,3.650081451929515453e+01,3.531817829147816212e+01,3.421784486773796630e+01,3.319988383974740032e+01,3.226336625266719693e+01,3.140648960661288669e+01,3.062670629600954086e+01,2.992085202051730874e+01,2.928527110348384710e+01,2.871593610627665427e+01,2.820855960722139955e+01,2.775869650164954194e+01,2.736183565645003668e+01,2.701348020301718833e+01,2.670921616417686906e+01,2.644476947435526881e+01,2.621605176189702036e+01,2.601919551499063132e+01,2.585057944774445460e+01,2.570684502249805803e+01,2.558490517223722449e+01,2.548194630820295714e+01,2.539542469860756313e+01,2.532305827150131350e+01,2.526281483514815918e+01,2.521289762949536595e+01,2.517172902877742402e+01,2.513793311369474281e+01,2.511031772693328179e+01,2.508785652221454754e+01,2.506967141792729947e+01,2.505501577422035808e+01,2.504325852899807359e+01,2.503386945464015767e+01,2.502640563395913631e+01,2.502049920091370439e+01,2.501584634852886424e+01,2.501219757265690902e+01,2.500934909477014756e+01,2.500713538890877174e+01,2.500542272616528194e+01,2.500410364362164728e+01,2.500309224246293027e+01,2.500232022114280639e+01,2.500173355313859602e+01,2.500128972427956597e+01
3.272998980324616269e+01,3.372667249097821696e+01,3.481003082549421634e+01,3.598105344087716162e+01,3.723966627464660917e+01,3.858460723398230385e+01,4.001331284847729819e+01,4.152182132262270642e+01,4.310469638266900461e+01,4.475497613520779794e+01,4.646415080885784477e+01,4.822217273236448420e+01,5.001750121605144273e+01,5.183718416052766997e+01,5.366697723645283702e+01,5.549150038931926332e+01,5.729443025799981370e+01,5.905872589556088315e+01,6.076688399033628230e+01,6.240121865189782824e+01,6.394415979825971164e+01,6.537856330358957280e+01,6.668802538199386731e+01,6.785719322846001944e+01,6.887206374036667000e+01,6.972026221977341720e+01,7.039129331447841764e+01,7.087675708923353568e+01,7.117052401023889274e+01,7.126886374735099139e+01,7.117052401023889274e+01,7.087675708923353568e+01,7.039129331447841764e+01,6.972026221977341720e+01,6.887206374036667000e+01,6.785719322846001944e+01,6.668802538199386731e+01,6.537856330358957280e+01,6.394415979825971164e+01,6.240121865189782824e+01,6.076688399033628230e+01,5.905872589556088315e+01,5.729443025799981370e+01,5.549150038931926332e+01,5.366697723645283702e+01,5.183718416052766997e+01,5.001750121605144273e+01,4.822217273236448420e+01,4.646415080885784477e+01,4.475497613520779794e+01,4.310469638266900461e+01,4.152182132262270642e+01,4.001331284847729819e+01,3.858460723398230385e+01,3.723966627464660917e+01,3.598105344087716162e+01,3.481003082549421634e+01,3.372667249097821696e+01,3.272998980324616269e+01,3.181806446364108609e+01,3.098818519967144525e+01,3.023698442549472531e+01,2.956057161125691835e+01,2.895466058185968450e+01,2.841468847696084410e+01,2.793592462312790303e+01,2.751356807659228565e+01,2.714283307449153071e+01,2.681902207062449150e+01,2.653758641879122138e+01,2.629417509632419936e+01,2.608467212919337186e+01,2.590522358768580347e+01,2.575225517016698618e+01,2.562248148585367247e+01,2.551290819139857646e+01,2.542082813696276489e+01,2.534381264247035048e+01,2.527969896122078097e+01,2.522657490313532591e+01,2.518276149036039513e+01,2.514679440982324365e+01,2.511740491593666036e+01,2.509350072641838025e+01,2.507414734868394390e+01,2.505855017617828651e+01,2.504603760521311528e+01,2.503604534452792763e+01,2.502810202241658999e+01,2.502181613986207154e+01,2.501686437228768867e+01,2.501298118654386116e+01,2.500994971267162725e+01,2.500759379075600819e+01,2.500577110068600106e+01,2.500436727575727502e+01,2.500329089872052535e+01,2.500246928010391656e+01,2.500184492253572088e+01,2.500137258058911272e+01
3.319560561096334794e+01,3.425232346387650750e+01,3.540093786972144585e+01,3.664249701293884698e+01,3.797692236989593795e+01,3.940287582563231439e+01,4.091763949914363963e+01,4.251701295623406907e+01,4.419523246929498583e+01,4.594491679538379714e+01,4.775704357718110060e+01,4.962095992212082507e+01,5.152442998727514123e+01,5.345372150376083198e+01,5.539373213529576390e+01,5.732815541004382709e+01,5.923968472949086816e+01,6.111025268554703160e+01,6.292130165485806259e+01,6.465408043767887136e+01,6.628996061842624954e+01,6.781076539513239254e+01,6.919910290013234544e+01,7.043869555245798608e+01,7.151469677283353121e+01,7.241398647359319796e+01,7.312543711516917710e+01,7.364014279235280469e+01,7.395160475897742458e+01,7.405586798852499442e+01,7.395160475897742458e+01,7.364014279235280469e+01,7.312543711516917710e+01,7.241398647359319796e+01,7.151469677283353121e+01,7.043869555245798608e+01,6.919910290013234544e+01,6.781076539513239254e+01,6.628996061842624954e+01,6.465408043767887136e+01,6.292130165485806259e+01,6.111025268554703160e+01,5.923968472949086816e+01,5.732815541004382709e+01,5.539373213529576390e+01,5.345372150376083198e+01,5.152442998727514123e+01,4.962095992212082507e+01,4.775704357718110060e+01,4.594491679538379714e+01,4.419523246929498583e+01,4.251701295623406907e+01,4.091763949914363963e+01,3.940287582563231439e+01,3.797692236989593795e+01,3.664249701293884698e+01,3.540093786972144585e+01,3.425232346387650750e+01,3.319560561096334794e+01,3.222875046363722618e+01,3.134888343595297400e+01,3.055243409559066947e+01,2.983527756669501230e+01,2.919286949648161311e+01,2.862037218079121814e+01,2.811276999415547451e+01,2.766497280803748637e+01,2.727190658922805611e+01,2.692859083490843730e+01,2.663020291125021188e+01,2.637212971180757037e+01,2.615000733692296109e+01,2.595974971549103927e+01,2.579756724787756994e+01,2.565997664783991894e+01,2.554380320780888525e+01,2.544617671281984528e+01,2.536452219129278163e+01,2.529654662351546790e+01,2.524022263867146876e+01,2.519377012570400254e+01,2.515563656866665099e+01,2.512447679910277287e+01,2.509913274112493653e+01,2.507861361300334480e+01,2.506207694507024186e+01,2.504881067960031160e+01,2.503821653525831792e+01,2.502979474727122167e+01,2.502313023468518338e+01,2.501788019747300496e+01,2.501376310810024250e+01,2.501054903344954283e+01,2.500805120261637171e+01,2.500611872284019910e+01,2.500463033854015293e+01,2.500348912595042705e+01,2.500261801715005916e+01,2.500195605141409061e+01,2.500145525795815615e+01
3.365653987900270749e+01,3.477268927281444633e+01,3.598590363204287002e+01,3.729729009273645346e+01,3.870676571496488805e+01,4.021291712599318657e+01,4.181287358674262578e+01,4.350219842372615631e+01,4.527480374786453865e+01,4.712289318303605512e+01,4.903693693978458157e+01,5.100568298943728252e+01,5.301620732524155244e+01,5.505400535304553244e+01,5.710312535646611565e+01,5.914634376101300717e+01,6.116538061675687032e+01,6.314115237501762579e+01,6.505405770134223076e+01,6.688429079783389852e+01,6.861217555633987786e+01,7.021851288181147765e+01,7.168493275949202825e+01,7.299424213062886224e+01,7.413075942003777641e+01,7.508062664485746041e+01,7.583209043448951547e+01,7.637574400104587369e+01,7.670472309824297952e+01,7.681485026240090974e+01,7.670472309824297952e+01,7.637574400104587369e+01,7.583209043448951547e+01,7.508062664485746041e+01,7.413075942003777641e+01,7.299424213062886224e+01,7.168493275949202825e+01,7.021851288181147765e+01,6.861217555633987786e+01,6.688429079783389852e+01,6.505405770134223076e+01,6.314115237501762579e+01,6.116538061675687032e+01,5.914634376101300717e+01,5.710312535646611565e+01,5.505400535304553244e+01,5.301620732524155244e+01,5.100568298943728252e+01,4.903693693978458157e+01,4.712289318303605512e+01,4.527480374786453865e+01,4.350219842372615631e+01,4.181287358674262578e+01,4.021291712599318657e+01,3.870676571496488805e+01,3.729729009273645346e+01,3.598590363204287002e+01,3.477268927281444633e+01,3.365653987900270749e+01,3.263530721636072940e+01,3.170595502752681583e+01,3.086471207322593813e+01,3.010722148783615282e+01,2.942868333673766301e+01,2.882398783537453468e+01,2.828783727129624026e+01,2.781485523880920852e+01,2.739968233277515708e+01,2.703705793874842556e+01,2.672188819008398042e+01,2.644930053168219075e+01,2.621468563102918026e+01,2.601372760969559295e+01,2.584242373476376642e+01,2.569709481427391751e+01,2.557438758990915773e+01,2.547127042111941364e+01,2.538502351571020554e+01,2.531322489078918636e+01,2.525373315288830511e+01,2.520466807459258618e+01,2.516438982391877843e+01,2.513147757793546688e+01,2.510470812867263035e+01,2.508303497121501380e+01,2.506556825402241984e+01,2.505155587207809020e+01,2.504036589572568161e+01,2.503147045260366355e+01,2.502443111692626232e+01,2.501888580903191084e+01,2.501453716781702852e+01,2.501114232834956397e+01,2.500850401542374257e+01,2.500646284982331125e+01,2.500489075635514880e+01,2.500368536010228837e+01,2.500276525871780464e+01,2.500206606294582912e+01,2.500153710404660856e+01
3.410895947522106297e+01,3.528344255259759166e+01,3.656006353366343120e+01,3.793998741708318789e+01,3.942312692820965481e+01,4.100799482674284491e+01,4.269157033922160593e+01,4.446918491683044294e+01,4.633443249713707246e+01,4.827910923944544663e+01,5.029318729577281033e+01,5.236482656896404819e+01,5.448042760064284806e+01,5.662472773827357742e+01,5.878094157566350475e+01,6.093094537697299273e+01,6.305550382122606123e+01,6.513453598994951221e+01,6.714741611768859286e+01,6.907330328960460974e+01,7.089149305862079586e+01,7.258178292105728246e+01,7.412484278402300220e+01,7.550258102227000734e+01,7.669849648928297370e+01,7.769800693787574630e+01,7.848874472716937589e+01,7.906081143922054366e+01,7.940698407938043601e+01,7.952286685580807557e+01,7.940698407938043601e+01,7.906081143922054366e+01,7.848874472716937589e+01,7.769800693787574630e+01,7.669849648928297370e+01,7.550258102227000734e+01,7.412484278402300220e+01,7.258178292105728246e+01,7.089149305862079586e+01,6.907330328960460974e+01,6.714741611768859286e+01,6.513453598994951221e+01,6.305550382122606123e+01,6.093094537697299273e+01,5.878094157566350475e+01,5.662472773827357742e+01,5.448042760064284806e+01,5.236482656896404819e+01,5.029318729577281033e+01,4.827910923944544663e+01,4.633443249713707246e+01,4.446918491683044294e+01,4.269157033922160593e+01,4.100799482674284491e+01,3.942312692820965481e+01,3.793998741708318789e+01,3.656006353366343120e+01,3.528344255259759166e+01,3.410895947522106297e+01,3.303435379341259903e+01,3.205643056489147114e+01,3.117122145286174373e+01,3.037414188739777288e+01,2.966014107331504945e+01,2.902384217170358482e+01,2.845967059402135746e+01,2.796196894571237834e+01,2.752509772128157550e+01,2.714352136905704072e+01,2.681187979996271764e+01,2.652504580294619529e+01,2.627816914642953350e+01,2.606670838980686611e+01,2.588645160401104661e+01,2.573352731026053064e+01,2.560440699779404028e+01,2.549590058243244073e+01,2.540514612658556359e+01,2.532959506647105741e+01,2.526699409226841553e+01,2.521536470961769183e+01,2.517298138345634229e+01,2.513834903391588682e+01,2.511018052410510037e+01,2.508737465527748967e+01,2.506899506928859012e+01,2.505425035360931219e+01,2.504247555183545160e+01,2.503311520323829953e+01,2.502570796844077705e+01,2.501987284429263880e+01,2.501529692860897214e+01,2.501172466352774393e+01,2.500894846358409396e+01,2.500680061987327818e+01,2.500514636356615128e+01,2.500387796929172168e+01,2.500290978034538725e+01,2.500217404227437967e+01,2.500161743822190630e+01
3.454892228323053160e+01,3.578013290167122307e+01,3.711841468528222521e+01,3.856498890217204689e+01,4.011976406232736281e+01,4.178118109173105665e+01,4.354607331354210231e+01,4.540954668800372929e+01,4.736488573982222761e+01,4.940349038273704707e+01,5.151484842363589678e+01,5.368654788858621174e+01,5.590433246527442179e+01,5.815220231493795922e+01,6.041256129614454551e+01,6.266641029648344130e+01,6.489358492883752660e+01,6.707303436622723325e+01,6.918313661857841623e+01,7.120204415471613402e+01,7.310805250262123423e+01,7.487998337754115141e+01,7.649757304295948757e+01,7.794185604799903899e+01,7.919553424064935143e+01,8.024332105108058499e+01,8.107225148127059811e+01,8.167194901961840969e+01,8.203484180078177701e+01,8.215632171614231538e+01,8.203484180078177701e+01,8.167194901961840969e+01,8.107225148127059811e+01,8.024332105108058499e+01,7.919553424064935143e+01,7.794185604799903899e+01,7.649757304295948757e+01,7.487998337754115141e+01,7.310805250262123423e+01,7.120204415471613402e+01,6.918313661857841623e+01,6.707303436622723325e+01,6.489358492883752660e+01,6.266641029648344130e+01,6.041256129614454551e+01,5.815220231493795922e+01,5.590433246527442179e+01,5.368654788858621174e+01,5.151484842363589678e+01,4.940349038273704707e+01,4.736488573982222761e+01,4.540954668800372929e+01,4.354607331354210231e+01,4.178118109173105665e+01,4.011976406232736281e+01,3.856498890217204689e+01,3.711841468528222521e+01,3.578013290167122307e+01,3.454892228323053160e+01,3.342241313928047930e+01,3.239725621180525650e+01,3.146929149331316822e+01,3.063371297911827185e+01,2.988522592059243621e+01,2.921819377746772872e+01,2.862677270853554035e+01,2.810503206704225931e+01,2.764705995933691796e+01,2.724705346656214644e+01,2.689939360730106088e+01,2.659870552617061890e+01,2.633990472537287530e+01,2.611823041268811352e+01,2.592926722284502361e+01,2.576895668460913313e+01,2.563359986012408243e+01,2.551985258412198831e+01,2.542471468740654927e+01,2.534551451054643678e+01,2.527988990884064791e+01,2.522576682663745729e+01,2.518133638551841358e+01,2.514503129324667086e+01,2.511550224420991739e+01,2.509159485175430149e+01,2.507232753163026473e+01,2.505687064607788628e+01,2.504452712129386427e+01,2.503471466779231136e+01,2.502694966350091832e+01,2.502083270281455896e+01,2.501603577037053938e+01,2.501229096486025583e+01,2.500938067443941293e+01,2.500712908986195160e+01,2.500539493296332338e+01,2.500406527523633571e+01,2.500305032275694828e+01,2.500227904853183247e+01,2.500169556049962694e+01
3.497243238487192940e+01,3.625824917966337324e+01,3.765588591846103128e+01,3.916661803458337943e+01,4.079034998028750181e+01,4.252545353410947371e+01,4.436862157198385859e+01,4.631474299559866381e+01,4.835680448750166960e+01,5.048582453373835932e+01,5.269082470848022126e+01,5.495884254673539715e+01,5.727498944574991668e+01,5.962255594811104942e+01,6.198316549513886997e+01,6.433697633314966424e+01,6.666292975194106418e+01,6.893904128641079865e+01,7.114272997635782758e+01,7.325117931736872379e+01,7.524172220909014186e+01,7.709224107568914519e+01,7.878157345125796951e+01,8.028991273658974137e+01,8.159919357873771162e+01,8.269345142384933922e+01,8.355914625533307571e+01,8.418544134656553979e+01,8.456442900776636407e+01,8.469129675326897200e+01,8.456442900776636407e+01,8.418544134656553979e+01,8.355914625533307571e+01,8.269345142384933922e+01,8.159919357873771162e+01,8.028991273658974137e+01,7.878157345125796951e+01,7.709224107568914519e+01,7.524172220909014186e+01,7.325117931736872379e+01,7.114272997635782758e+01,6.893904128641079865e+01,6.666292975194106418e+01,6.433697633314966424e+01,6.198316549513886997e+01,5.962255594811104942e+01,5.727498944574991668e+01,5.495884254673539715e+01,5.269082470848022126e+01,5.048582453373835932e+01,4.835680448750166960e+01,4.631474299559866381e+01,4.436862157198385859e+01,4.252545353410947371e+01,4.079034998028750181e+01,3.916661803458337943e+01,3.765588591846103128e+01,3.625824917966337324e+01,3.497243238487192940e+01,3.379596074380405213e+01,3.272533645344999087e+01,3.175621500327747171e+01,3.088357723454266690e+01,3.010189356797759430e+01,2.940527747366407851e+01,2.878762592661225739e+01,2.824274524632137329e+01,2.776446133712364528e+01,2.734671391135272245e+01,2.698363477670483235e+01,2.666961069429333264e+01,2.639933166064378511e+01,2.616782573472437434e+01,2.597048172269389710e+01,2.580306115357403129e+01,2.566170103564965643e+01,2.554290888453053654e+01,2.544355146867850692e+01,2.536083863625820101e+01,2.529230347764198328e+01,2.523577994946539960e+01,2.518937894663518762e+01,2.515146366497640429e+01,2.512062495499698045e+01,2.509565723113342983e+01,2.507553537429183876e+01,2.505939295093978103e+01,2.504650197092669472e+01,2.503625431928900014e+01,2.502814492453561357e+01,2.502175666677873878e+01,2.501674698264540098e+01,2.501283608897194455e+01,2.500979672247786567e+01,2.500744527649354154e+01,2.500563420693999461e+01,2.500424557674864090e+01,2.500318560949009949e+01,2.500238012800936360e+01,2.500177076134200860e+01
3.537549904959408309e+01,3.671328610268543002e+01,3.816741264828837643e+01,3.973920567029942674e+01,4.142856575911841333e+01,4.323379888368056356e+01,4.515146425228395799e+01,4.717624418578755296e+01,4.930084190184660997e+01,5.151591287087170201e+01,5.381003494003655163e+01,5.616972172627903603e+01,5.857948285796646815e+01,6.102193351334087623e+01,6.347795438832861237e+01,6.592690176346985709e+01,6.834686577572821875e+01,7.071497338992327286e+01,7.300773096658346617e+01,7.520139980177775385e+01,7.727239663426188088e+01,7.919770993804326054e+01,8.095532190077280177e+01,8.252462537834423983e+01,8.388682485075838713e+01,8.502531050739611374e+01,8.592599507006349313e+01,8.657760381235041791e+01,8.697190943076316216e+01,8.710390492815889729e+01,8.697190943076316216e+01,8.657760381235041791e+01,8.592599507006349313e+01,8.502531050739611374e+01,8.388682485075838713e+01,8.252462537834423983e+01,8.095532190077280177e+01,7.919770993804326054e+01,7.727239663426188088e+01,7.520139980177775385e+01,7.300773096658346617e+01,7.071497338992327286e+01,6.834686577572821875e+01,6.592690176346985709e+01,6.347795438832861237e+01,6.102193351334087623e+01,5.857948285796646815e+01,5.616972172627903603e+01,5.381003494003655163e+01,5.151591287087170201e+01,4.930084190184660997e+01,4.717624418578755296e+01,4.515146425228395799e+01,4.323379888368056356e+01,4.142856575911841333e+01,3.973920567029942674e+01,3.816741264828837643e+01,3.671328610268543002e+01,3.537549904959408309e+01,3.415147667243650176e+01,3.303757979368783992e+01,3.202928830600026089e+01,3.112138018582261623e+01,3.030810235885709503e+01,2.958333037289244771e+01,2.894071453032850627e+01,2.837381081393164450e+01,2.787619558288279364e+01,2.744156360426624985e+01,2.706380950465647572e+01,2.673709316877509323e+01,2.645588997295196165e+01,2.621502701979762051e+01,2.600970673982546444e+01,2.583551935115780296e+01,2.568844572733461362e+01,2.556485222441897776e+01,2.546147897163997698e+01,2.537542304455562814e+01,2.530411782576416968e+01,2.524530972456656386e+01,2.519703328185079982e+01,2.515758553694429622e+01,2.512550038522467943e+01,2.509952351366325729e+01,2.507858836981081652e+01,2.506179350054687660e+01,2.504838149174980444e+01,2.503771964961099528e+01,2.502928248861462635e+01,2.502263602968395162e+01,2.501742386368891502e+01,2.501335489916491639e+01,2.501019268728384048e+01,2.500774620034525242e+01,2.500586193082038733e+01,2.500441717484967086e+01,2.500331436573960175e+01,2.500247632823628052e+01,2.500184233213242635e+01
3.575419835228223064e+01,3.714081380598634041e+01,3.864801507177460849e+01,4.027717756763561141e+01,4.202819825558019318e+01,4.389932127345669954e+01,4.588698024279278087e+01,4.798566339244523249e+01,5.018780761202367557e+01,5.248372730238401118e+01,5.486158340918126441e+01,5.730739730470698134e+01,5.980511322833778820e+01,6.233671182306611769e+01,6.488237594203661729e+01,6.742070838278800693e+01,6.992899958582458453e+01,7.238354166431858516e+01,7.475998347547813694e+01,7.703371986735055543e+01,7.918030680423180456e+01,8.117589285365295382e+01,8.299765656672251168e+01,8.462423865131046341e+01,8.603615756255445035e+01,8.721619724201349300e+01,8.814975623454621712e+01,8.882514829319701732e+01,8.923384582297961742e+01,8.937065907444988966e+01,8.923384582297961742e+01,8.882514829319701732e+01,8.814975623454621712e+01,8.721619724201349300e+01,8.603615756255445035e+01,8.462423865131046341e+01,8.299765656672251168e+01,8.117589285365295382e+01,7.918030680423180456e+01,7.703371986735055543e+01,7.475998347547813694e+01,7.238354166431858516e+01,6.992899958582458453e+01,6.742070838278800693e+01,6.488237594203661729e+01,6.233671182306611769e+01,5.980511322833778820e+01,5.730739730470698134e+01,5.486158340918126441e+01,5.248372730238401118e+01,5.018780761202367557e+01,4.798566339244523249e+01,4.588698024279278087e+01,4.389932127345669954e+01,4.202819825558019318e+01,4.027717756763561141e+01,3.864801507177460849e+01,3.714081380598634041e+01,3.575419835228223064e+01,3.448549991487072219e+01,3.333094648849651520e+01,3.228585298468725284e+01,3.134480677925965963e+01,3.050184481425977623e+01,2.975061909875588384e+01,2.908454817510985180e+01,2.849695282344179503e+01,2.798117494401290273e+01,2.753067916680302929e+01,2.713913727603005199e+01,2.680049599581744602e+01,2.650902905714561797e+01,2.625937475506753671e+01,2.604656041177548076e+01,2.586601529107871755e+01,2.571357357088546891e+01,2.558546898150091309e+01,2.547832266888576314e+01,2.538912575365007385e+01,2.531521793844322588e+01,2.525426337789850706e+01,2.520422487486107954e+01,2.516333731164634102e+01,2.513008107171932437e+01,2.510315606040102665e+01,2.508145679673703299e+01,2.506404892512509974e+01,2.505014738629628113e+01,2.503909639350900562e+01,2.503035128135089238e+01,2.502346223077712040e+01,2.501805982394466454e+01,2.501384234473038504e+01,2.501056471407006754e+01,2.500802893187028175e+01,2.500607588767234191e+01,2.500457839900163037e+01,2.500343533804063867e+01,2.500256671268639863e+01,2.500190957611659570e+01
3.610473611592125565e+01,3.753654890226205509e+01,3.909287804757759233e+01,4.077514380220286228e+01,4.258323976958075718e+01,4.451535285447057788e+01,4.656780043074545006e+01,4.873489106868924381e+01,5.100881513504515397e+01,5.337957132436059737e+01,5.583493468317500685e+01,5.836047094434156435e+01,6.093960100274966862e+01,6.355371815262808610e+01,6.618235929861717182e+01,6.880342978715289348e+01,7.139347983078972959e+01,7.392802877383729765e+01,7.638193173743370323e+01,7.872978155401736444e+01,8.094633742392943532e+01,8.300697046690589787e+01,8.488811535902190997e+01,8.656771659274856745e+01,8.802565761381183052e+01,8.924416119887244747e+01,9.020814995202032094e+01,9.090555670800732457e+01,9.132757591118684104e+01,9.146884864997878140e+01,9.132757591118684104e+01,9.090555670800732457e+01,9.020814995202032094e+01,8.924416119887244747e+01,8.802565761381183052e+01,8.656771659274856745e+01,8.488811535902190997e+01,8.300697046690589787e+01,8.094633742392943532e+01,7.872978155401736444e+01,7.638193173743370323e+01,7.392802877383729765e+01,7.139347983078972959e+01,6.880342978715289348e+01,6.618235929861717182e+01,6.355371815262808610e+01,6.093960100274966862e+01,5.836047094434156435e+01,5.583493468317500685e+01,5.337957132436059737e+01,5.100881513504515397e+01,4.873489106868924381e+01,4.656780043074545006e+01,4.451535285447057788e+01,4.258323976958075718e+01,4.077514380220286228e+01,3.909287804757759233e+01,3.753654890226205509e+01,3.610473611592125565e+01,3.479468390220635854e+01,3.360249730571332805e+01,3.252333852547728554e+01,3.155161851048009325e+01,3.068117983430526508e+01,2.990546759050100079e+01,2.921768579596050941e+01,2.861093751873248436e+01,2.807834763542687639e+01,2.761316775280076996e+01,2.720886338413157901e+01,2.685918394438786905e+01,2.655821651432562547e+01,2.630042462189755526e+01,2.608067350270420448e+01,2.589424343542455276e+01,2.573683281118737654e+01,2.560455259710223785e+01,2.549391380391569228e+01,2.540180947650793897e+01,2.532549260398139168e+01,2.526255120307563473e+01,2.521088167331022589e+01,2.516866136222340344e+01,2.513432112071959068e+01,2.510651847696935235e+01,2.508411191638668214e+01,2.506613662764288719e+01,2.505178196212134978e+01,2.504037075742698804e+01,2.503134059454187366e+01,2.502422699237414250e+01,2.501864849174582517e+01,2.501429354196576682e+01,2.501090907551127174e+01,2.500829063838991573e+01,2.500627393386853470e+01,2.500472763390455100e+01,2.500354731437533928e+01,2.500265037580060934e+01,2.500197181957905457e+01
3.642351078478945681e+01,3.789642546153829983e+01,3.949743088756585507e+01,4.122798808318361807e+01,4.308798759759460495e+01,4.507556428850099906e+01,4.718692981560936062e+01,4.941622936993856285e+01,5.175542913341304541e+01,5.419424070120189185e+01,5.672008818800330943e+01,5.931812297385013721e+01,6.197129003068442898e+01,6.466044852509695318e+01,6.736454794421726433e+01,7.006085938115026579e+01,7.272525989438796046e+01,7.533256608187758729e+01,7.785691125107786092e+01,8.027215889143877803e+01,8.255234363610151149e+01,8.467212960347677608e+01,8.660727499896518111e+01,8.833509118544017724e+01,8.983488413899127067e+01,9.108836631992195976e+01,9.208002751772491479e+01,9.279745416480933784e+01,9.323158793157190871e+01,9.337691607249664116e+01,9.323158793157190871e+01,9.279745416480933784e+01,9.208002751772491479e+01,9.108836631992195976e+01,8.983488413899127067e+01,8.833509118544017724e+01,8.660727499896518111e+01,8.467212960347677608e+01,8.255234363610151149e+01,8.027215889143877803e+01,7.785691125107786092e+01,7.533256608187758729e+01,7.272525989438796046e+01,7.006085938115026579e+01,6.736454794421726433e+01,6.466044852509695318e+01,6.197129003068442898e+01,5.931812297385013721e+01,5.672008818800330943e+01,5.419424070120189185e+01,5.175542913341304541e+01,4.941622936993856285e+01,4.718692981560936062e+01,4.507556428850099906e+01,4.308798759759460495e+01,4.122798808318361807e+01,3.949743088756585507e+01,3.789642546153829983e+01,3.642351078478945681e+01,3.507585196284293261e+01,3.384944223096344018e+01,3.273930491335064374e+01,3.173969051862396284e+01,3.084426486411202717e+01,3.004628487697065964e+01,2.933875948730826622e+01,2.871459377853205908e+01,2.816671526865118125e+01,2.768818184376163671e+01,2.727227143692105926e+01,2.691255403261424206e+01,2.660294697421173638e+01,2.633775485864574151e+01,2.611169552199246624e+01,2.591991375771220163e+01,2.575798447413060543e+01,2.562190699903875668e+01,2.550809218759352959e+01,2.541334389583000331e+01,2.533483625663284400e+01,2.527008804789100793e+01,2.521693528276821539e+01,2.517350298739417624e+01,2.513817696838066240e+01,2.510957621664635298e+01,2.508652644907022733e+01,2.506803515826593198e+01,2.505326842498334727e+01,2.504152964807476422e+01,2.503224026361486310e+01,2.502492245702914531e+01,2.501918381889985099e+01,2.501470385510238970e+01,2.501122223350957796e+01,2.500852863103376222e+01,2.500645403460848826e+01,2.500486334626337737e+01,2.500364914425707141e+01,2.500272645799287474e+01,2.500202842300725337e+01
3.670717478223996011e+01,3.821666428024833095e+01,3.985742522519146291e+01,4.163095491684599381e+01,4.353714118657710230e+01,4.557407257762812947e+01,4.773786667917227078e+01,5.002252329798099595e+01,5.241980912345887589e+01,5.491918027326944696e+01,5.750774858281573643e+01,6.017029671720774786e+01,6.288934614483185470e+01,6.564528073484879656e+01,6.841652725657027645e+01,7.117979240808196550e+01,7.391035423675349136e+01,7.658240399648235552e+01,7.916943268348472884e+01,8.164465477595621223e+01,8.398146014555484840e+01,8.615388378033148342e+01,8.813708192325216828e+01,8.990780254213409250e+01,9.144483774743837046e+01,9.272944589068261223e+01,9.374573161808815769e+01,9.448097311337670590e+01,9.492588711416955505e+01,9.507482398468482643e+01,9.492588711416955505e+01,9.448097311337670590e+01,9.374573161808815769e+01,9.272944589068261223e+01,9.144483774743837046e+01,8.990780254213409250e+01,8.813708192325216828e+01,8.615388378033148342e+01,8.398146014555484840e+01,8.164465477595621223e+01,7.916943268348472884e+01,7.658240399648235552e+01,7.391035423675349136e+01,7.117979240808196550e+01,6.841652725657027645e+01,6.564528073484879656e+01,6.288934614483185470e+01,6.017029671720774786e+01,5.750774858281573643e+01,5.491918027326944696e+01,5.241980912345887589e+01,5.002252329798099595e+01,4.773786667917227078e+01,4.557407257762812947e+01,4.353714118657710230e+01,4.163095491684599381e+01,3.985742522519146291e+01,3.821666428024833095e+01,3.670717478223996011e+01,3.532605144173739120e+01,3.406918799964471134e+01,3.293148420136186871e+01,3.190704778646474793e+01,3.098938728442092838e+01,3.017159218112984576e+01,2.944649780728122224e+01,2.880683306818425393e+01,2.824534986083708077e+01,2.775493368757226165e+01,2.732869556180111559e+01,2.696004580046496102e+01,2.664275070486619512e+01,2.637097344599259330e+01,2.613930069536316836e+01,2.594275668391399492e+01,2.577680643788483295e+01,2.563734994199326778e+01,2.552070892720374218e+01,2.542360788419766138e+01,2.534315077507093150e+01,2.527679476500903988e+01,2.522232213193021266e+01,2.517781134337169036e+01,2.514160812294819181e+01,2.511229716891969233e+01,2.508867503884187045e+01,2.506972457978655555e+01,2.505459116495823935e+01,2.504256089549138764e+01,2.503304084079539393e+01,2.502554132139758281e+01,2.501966018372831968e+01,2.501506897528259188e+01,2.501150089947117294e+01,2.500874041054860442e+01,2.500661429858435270e+01,2.500498411090990913e+01,2.500373975833069196e+01,2.500279416029453117e+01,2.500207879198659811e+01
3.695269289781176525e+01,3.849383879661027663e+01,4.016900911382290928e+01,4.197973254998925086e+01,4.392589458411940484e+01,4.600554367316179594e+01,4.821471598594632724e+01,5.054728549562857154e+01,5.299484622596661154e+01,5.554663317260520472e+01,5.818948788559298890e+01,6.090787389827198695e+01,6.368394612636112129e+01,6.649767705749076185e+01,6.932704103593883360e+01,7.214825626212217458e+01,7.493608232465862784e+01,7.766416922690271463e+01,8.030545202900776758e+01,8.283258347408303734e+01,8.521839537698058109e+01,8.743637819806426137e+01,8.946116716711620143e+01,9.126902261977636499e+01,9.283829190325862157e+01,9.414984032683898363e+01,9.518743918583400898e+01,9.593809986720043526e+01,9.639234442375064305e+01,9.654440473783519394e+01,9.639234442375064305e+01,9.593809986720043526e+01,9.518743918583400898e+01,9.414984032683898363e+01,9.283829190325862157e+01,9.126902261977636499e+01,8.946116716711620143e+01,8.743637819806426137e+01,8.521839537698058109e+01,8.283258347408303734e+01,8.030545202900776758e+01,7.766416922690271463e+01,7.493608232465862784e+01,7.214825626212217458e+01,6.932704103593883360e+01,6.649767705749076185e+01,6.368394612636112129e+01,6.090787389827198695e+01,5.818948788559298890e+01,5.554663317260520472e+01,5.299484622596661154e+01,5.054728549562857154e+01,4.821471598594632724e+01,4.600554367316179594e+01,4.392589458411940484e+01,4.197973254998925086e+01,4.016900911382290928e+01,3.849383879661027663e+01,3.695269289781176525e+01,3.554260519944833163e+01,3.425938332762572713e+01,3.309782006727549231e+01,3.205189958788056259e+01,3.111499428242455423e+01,3.028004871231132356e+01,2.953974795369519768e+01,2.888666842544012781e+01,2.831341002027133413e+01,2.781270903816531259e+01,2.737753201950406279e+01,2.700115108507168316e+01,2.667720180557282461e+01,2.639972494438738693e+01,2.616319364690768268e+01,2.596252779426151136e+01,2.579309730706044590e+01,2.565071618616649118e+01,2.553162902337950158e+01,2.543249161672956049e+01,2.535034719378164070e+01,2.528259959242207700e+01,2.522698458140215649e+01,2.518154033066058872e+01,2.514457787099950181e+01,2.511465221954548710e+01,2.509053469574797290e+01,2.507118681536060478e+01,2.505573602870177652e+01,2.504345346530882566e+01,2.503373375989157879e+01,2.502607696361830492e+01,2.502007248911801085e+01,2.501538499571312357e+01,2.501174209166468643e+01,2.500892371088939115e+01,2.500675301096838155e+01,2.500508863566000173e+01,2.500381818702378922e+01,2.500285275828959541e+01,2.500212238756800076e+01
3.715739628319980881e+01,3.872493604868243011e+01,4.042879555233754729e+01,4.227052967543055928e+01,4.425002193567009101e+01,4.636528736762247149e+01,4.861229425502535406e+01,5.098481165589555530e+01,5.347428963214014175e+01,5.606977881652815654e+01,5.875789540576948866e+01,6.152283685364157861e+01,6.434645245861071317e+01,6.720837171450511960e+01,7.008619175133560475e+01,7.295572347930186652e+01,7.579129421642781494e+01,7.856610269257126333e+01,8.125262045017804269e+01,8.382303187965104030e+01,8.624970350994203727e+01,8.850567179556412611e+01,9.056513756591974129e+01,9.240395458804511009e+01,9.400009938298411782e+01,9.533410955679119070e+01,9.638947846985912804e+01,9.715299506445508371e+01,9.761501907282547563e+01,9.776968359178187029e+01,9.761501907282547563e+01,9.715299506445508371e+01,9.638947846985912804e+01,9.533410955679119070e+01,9.400009938298411782e+01,9.240395458804511009e+01,9.056513756591974129e+01,8.850567179556412611e+01,8.624970350994203727e+01,8.382303187965104030e+01,8.125262045017804269e+01,7.856610269257126333e+01,7.579129421642781494e+01,7.295572347930186652e+01,7.008619175133560475e+01,6.720837171450511960e+01,6.434645245861071317e+01,6.152283685364157861e+01,5.875789540576948866e+01,5.606977881652815654e+01,5.347428963214014175e+01,5.098481165589555530e+01,4.861229425502535406e+01,4.636528736762247149e+01,4.425002193567009101e+01,4.227052967543055928e+01,4.042879555233754729e+01,3.872493604868243011e+01,3.715739628319980881e+01,3.572315923807270366e+01,3.441796074026197516e+01,3.323650439525133038e+01,3.217267134462166922e+01,3.121972047609008527e+01,3.037047551869415685e+01,2.961749627224356018e+01,2.895323201837859273e+01,2.837015591461723574e+01,2.786087986185722087e+01,2.741824994452914765e+01,2.703542306087574332e+01,2.670592578355125468e+01,2.642369681726806974e+01,2.618311465378199543e+01,2.597901217143910202e+01,2.580667999550441749e+01,2.566186043686998275e+01,2.554073377172255022e+01,2.543989852485088221e+01,2.535634728574764551e+01,2.528743943008649708e+01,2.523087194909755127e+01,2.518464941416072023e+01,2.514705393057024807e+01,2.511661576848662492e+01,2.509208520481510263e+01,2.507240597009200300e+01,2.505669057123548527e+01,2.504419765505180706e+01,2.503431148868547496e+01,2.502652356111553189e+01,2.502041625319785112e+01,2.501564848116644768e+01,2.501194318826574658e+01,2.500907653953184706e+01,2.500686866391944463e+01,2.500517578430135757e+01,2.500388357779526416e+01,2.500290161500202046e+01,2.500215873585570137e+01
3.731903071565810137e+01,3.890741116071120587e+01,4.063392373558705373e+01,4.250014399393393205e+01,4.450595390481067426e+01,4.664934211236629835e+01,4.892622329805763570e+01,5.133028367858023699e+01,5.385285964311395901e+01,5.648285625092535156e+01,5.920671175902418781e+01,6.200841352393263861e+01,6.486956952777978813e+01,6.776953843541642186e+01,7.068561952728984465e+01,7.359330211597222160e+01,7.646657219727633503e+01,7.927827217409762284e+01,8.200050759385217702e+01,8.460509303418314175e+01,8.706402763284233970e+01,8.934998935990503810e+01,9.143683604087708261e+01,9.330010041495530970e+01,9.491746619768161963e+01,9.626921223962312979e+01,9.733861244288875980e+01,9.811228010672397204e+01,9.858044679454937409e+01,9.873716760180637664e+01,9.858044679454937409e+01,9.811228010672397204e+01,9.733861244288875980e+01,9.626921223962312979e+01,9.491746619768161963e+01,9.330010041495530970e+01,9.143683604087708261e+01,8.934998935990503810e+01,8.706402763284233970e+01,8.460509303418314175e+01,8.200050759385217702e+01,7.927827217409762284e+01,7.646657219727633503e+01,7.359330211597222160e+01,7.068561952728984465e+01,6.776953843541642186e+01,6.486956952777978813e+01,6.200841352393263861e+01,5.920671175902418781e+01,5.648285625092535156e+01,5.385285964311395901e+01,5.133028367858023699e+01,4.892622329805763570e+01,4.664934211236629835e+01,4.450595390481067426e+01,4.250014399393393205e+01,4.063392373558705373e+01,3.890741116071120587e+01,3.731903071565810137e+01,3.586572527090005025e+01,3.454317396056888612e+01,3.334600997377772558e+01,3.226803310095430533e+01,3.130241260570267769e+01,3.044187680744665414e+01,2.967888658740288932e+01,2.900579083926276525e+01,2.841496265002881927e+01,2.789891569469764931e+01,2.745040094530440555e+01,2.706248432001326165e+01,2.672860632627743982e+01,2.644262508296668912e+01,2.619884434302980125e+01,2.599202828714464886e+01,2.581740492872297210e+01,2.567065997203261674e+01,2.554792290945134070e+01,2.544574704263768439e+01,2.536108497710426235e+01,2.529126098102272735e+01,2.523394142677135932e+01,2.518710435620310761e+01,2.514900903494085327e+01,2.511816619286335239e+01,2.509330949161725854e+01,2.507336861847573672e+01,2.505744428100145171e+01,2.504478526959721307e+01,2.503476766514557283e+01,2.502687619589421431e+01,2.502068769038898211e+01,2.501585653010334909e+01,2.501210197477003661e+01,2.500919721350526714e+01,2.500695998385082675e+01,2.500524459714076642e+01,2.500393521055266177e+01,2.500294019241474430e+01,2.500218743657719855e+01
3.743579790919068984e+01,3.903923398086828911e+01,4.078211148189946300e+01,4.266602089997898872e+01,4.469084308539736128e+01,4.685454761746130004e+01,4.915301045451765560e+01,5.157985796742069340e+01,5.412634442642838195e+01,5.678126972627590874e+01,5.953094357760401323e+01,6.235920155945475329e+01,6.524747732333334227e+01,6.817493388308254509e+01,7.111865534805600930e+01,7.405389870376626504e+01,7.695440336962488459e+01,7.979275433246340299e+01,8.254079273927403904e+01,8.517006600928925764e+01,8.765230787122206380e+01,8.995993732049066693e+01,9.206656439132402170e+01,9.394748990748335871e+01,9.558018605732408446e+01,9.694474476247988548e+01,9.802428138502887123e+01,9.880528233700324847e+01,9.927788659069756250e+01,9.943609289216705349e+01,9.927788659069756250e+01,9.880528233700324847e+01,9.802428138502887123e+01,9.694474476247988548e+01,9.558018605732408446e+01,9.394748990748335871e+01,9.206656439132402170e+01,8.995993732049066693e+01,8.765230787122206380e+01,8.517006600928925764e+01,8.254079273927403904e+01,7.979275433246340299e+01,7.695440336962488459e+01,7.405389870376626504e+01,7.111865534805600930e+01,6.817493388308254509e+01,6.524747732333334227e+01,6.235920155945475329e+01,5.953094357760401323e+01,5.678126972627590874e+01,5.412634442642838195e+01,5.157985796742069340e+01,4.915301045451765560e+01,4.685454761746130004e+01,4.469084308539736128e+01,4.266602089997898872e+01,4.078211148189946300e+01,3.903923398086828911e+01,3.743579790919068984e+01,3.596871716002380026e+01,3.463362991173008254e+01,3.342511848355636772e+01,3.233692389660933486e+01,3.136215066865894840e+01,3.049345819376042144e+01,2.972323589282135714e+01,2.904376013773887166e+01,2.844733172304002977e+01,2.792639336382361037e+01,2.747362732147124476e+01,2.708203378874270939e+01,2.674499109826972898e+01,2.645629915247311459e+01,2.621020771184095821e+01,2.600143132880177888e+01,2.582515278500401479e+01,2.567701689122182884e+01,2.555311645283032362e+01,2.544997210160503442e+01,2.536450755801800838e+01,2.529402172804288895e+01,2.523615886452970258e+01,2.518887784399413832e+01,2.515042143233011629e+01,2.511928624321711467e+01,2.509419393518409080e+01,2.507406405043548148e+01,2.505798877249853973e+01,2.504520977135901560e+01,2.503509721401824351e+01,2.502713094466786714e+01,2.502088378077978703e+01,2.501600682784690122e+01,2.501221668457657188e+01,2.500928439023484273e+01,2.500702595477013190e+01,2.500529430859156932e+01,2.500397251084866568e+01,2.500296806132948291e+01,2.500220817041869026e+01
3.750638881521685875e+01,3.911892667560807979e+01,4.087169749452595369e+01,4.276630078795349021e+01,4.480261672983641574e+01,4.697860337394544672e+01,4.929011326880385013e+01,5.173073660582156208e+01,5.429167801075536204e+01,5.696167380175404560e+01,5.972695597752249341e+01,6.257126836093816280e+01,6.547593921297394104e+01,6.842001326782991555e+01,7.138044455446647873e+01,7.433234960646677791e+01,7.724931877695880189e+01,8.010378143343776003e+01,8.286741888120639032e+01,8.551161703048362028e+01,8.800794915854083911e+01,9.032867769922161472e+01,9.244726288602595332e+01,9.433886533963013221e+01,9.598082937089867528e+01,9.735313389470046275e+01,9.843879842868953745e+01,9.922423267599482699e+01,9.969951963350150947e+01,9.985862398158138831e+01,9.969951963350150947e+01,9.922423267599482699e+01,9.843879842868953745e+01,9.735313389470046275e+01,9.598082937089867528e+01,9.433886533963013221e+01,9.244726288602595332e+01,9.032867769922161472e+01,8.800794915854083911e+01,8.551161703048362028e+01,8.286741888120639032e+01,8.010378143343776003e+01,7.724931877695880189e+01,7.433234960646677791e+01,7.138044455446647873e+01,6.842001326782991555e+01,6.547593921297394104e+01,6.257126836093816280e+01,5.972695597752249341e+01,5.696167380175404560e+01,5.429167801075536204e+01,5.173073660582156208e+01,4.929011326880385013e+01,4.697860337394544672e+01,4.480261672983641574e+01,4.276630078795349021e+01,4.087169749452595369e+01,3.911892667560807979e+01,3.750638881521685875e+01,3.603098028844748058e+01,3.468831451409783995e+01,3.347294305834240191e+01,3.237857141364753488e+01,3.139826495607782775e+01,3.052464141127057218e+01,2.975004699923240281e+01,2.906671424924502034e+01,2.846690025185331052e+01,2.794300482377573758e+01,2.748766868778073658e+01,2.709385230272932077e+01,2.675489641383805406e+01,2.646456572912295258e+01,2.621707736825404567e+01,2.600711588119956730e+01,2.582983670501693041e+01,2.568085992856413569e+01,2.555625617830901319e+01,2.545252633564540545e+01,2.536657665876745327e+01,2.529569072108422745e+01,2.523749940321769003e+01,2.518994999539392765e+01,2.515127528869474105e+01,2.511996336293606191e+01,2.509472862023408979e+01,2.507448446965284106e+01,2.505831794156512515e+01,2.504546640135129820e+01,2.503529644081130101e+01,2.502728495151000487e+01,2.502100232604863805e+01,2.501609768944569723e+01,2.501228603170163822e+01,2.500933709240348080e+01,2.500706583709344955e+01,2.500532436135078740e+01,2.500399506051874354e+01,2.500298490931462680e+01,2.500222070493811799e+01
3.753000805053601852e+01,3.914559130730413727e+01,4.090167236285740415e+01,4.279985375398243264e+01,4.484001542832467635e+01,4.702011158328918583e+01,4.933598693463190443e+01,5.178121956836786666e+01,5.434699749954235415e+01,5.702203577401252943e+01,5.979254038859997422e+01,6.264222446519564613e+01,6.555238100181966843e+01,6.850201515711123079e+01,7.146803743601888925e+01,7.442551737786894250e+01,7.734799545922841446e+01,8.020784897842472105e+01,8.297670575882253274e+01,8.562589767082702963e+01,8.812694430575260185e+01,9.045205571300851943e+01,9.257464200379342856e+01,9.446981688778834041e+01,9.611488188892219853e+01,9.748977811077178046e+01,9.857749300210099364e+01,9.936441059976337442e+01,9.984059517165415798e+01,1.000000000000000000e+02,9.984059517165415798e+01,9.936441059976337442e+01,9.857749300210099364e+01,9.748977811077178046e+01,9.611488188892219853e+01,9.446981688778834041e+01,9.257464200379342856e+01,9.045205571300851943e+01,8.812694430575260185e+01,8.562589767082702963e+01,8.297670575882253274e+01,8.020784897842472105e+01,7.734799545922841446e+01,7.442551737786894250e+01,7.146803743601888925e+01,6.850201515711123079e+01,6.555238100181966843e+01,6.264222446519564613e+01,5.979254038859997422e+01,5.702203577401252943e+01,5.434699749954235415e+01,5.178121956836786666e+01,4.933598693463190443e+01,4.702011158328918583e+01,4.484001542832467635e+01,4.279985375398243264e+01,4.090167236285740415e+01,3.914559130730413727e+01,3.753000805053601852e+01,3.605181310622432989e+01,3.470661160878564289e+01,3.348894483462632365e+01,3.239250638857220110e+01,3.141034855014042648e+01,3.053507510300003247e+01,2.975901781243113575e+01,2.907439453827553066e+01,2.847344774802398248e+01,2.794856290488973727e+01,2.749236683310477858e+01,2.709780669683880205e+01,2.675821066481582733e+01,2.646733166924424907e+01,2.621937590839917931e+01,2.600901789363042838e+01,2.583140391268189973e+01,2.568214578262718462e+01,2.555730670902314117e+01,2.545338096492070079e+01,2.536726896575501655e+01,2.529624915476370006e+01,2.523794793831248384e+01,2.519030872993403847e+01,2.515156098320611733e+01,2.512018992257215899e+01,2.509490752220218113e+01,2.507462513905328549e+01,2.505842807928797455e+01,2.504555226799501710e+01,2.503536310073637949e+01,2.502733648114816845e+01,2.502104199048643096e+01,2.501612809111645319e+01,2.501230923477633894e+01,2.500935472618937538e+01,2.500707918144660624e+01,2.500533441679888824e+01,2.500400260548443399e+01,2.500299054653545383e+01,2.500222489890276023e+01
3.750638881521685875e+01,3.911892667560807979e+01,4.087169749452595369e+01,4.276630078795349021e+01,4.480261672983641574e+01,4.697860337394544672e+01,4.929011326880385013e+01,5.173073660582156208e+01,5.429167801075536204e+01,5.696167380175404560e+01,5.972695597752249341e+01,6.257126836093816280e+01,6.547593921297394104e+01,6.842001326782991555e+01,7.138044455446647873e+01,7.433234960646677791e+01,7.724931877695880189e+01,8.010378143343776003e+01,8.286741888120639032e+01,8.551161703048362028e+01,8.800794915854083911e+01,9.032867769922161472e+01,9.244726288602595332e+01,9.433886533963013221e+01,9.598082937089867528e+01,9.735313389470046275e+01,9.843879842868953745e+01,9.922423267599482699e+01,9.969951963350150947e+01,9.985862398158138831e+01,9.969951963350150947e+01,9.922423267599482699e+01,9.843879842868953745e+01,9.735313389470046275e+01,9.598082937089867528e+01,9.433886533963013221e+01,9.244726288602595332e+01,9.032867769922161472e+01,8.800794915854083911e+01,8.551161703048362028e+01,8.286741888120639032e+01,8.010378143343776003e+01,7.724931877695880189e+01,7.433234960646677791e+01,7.138044455446647873e+01,6.842001326782991555e+01,6.547593921297394104e+01,6.257126836093816280e+01,5.972695597752249341e+01,5.696167380175404560e+01,5.429167801075536204e+01,5.173073660582156208e+01,4.929011326880385013e+01,4.697860337394544672e+01,4.480261672983641574e+01,4.276630078795349021e+01,4.087169749452595369e+01,3.911892667560807979e+01,3.750638881521685875e+01,3.603098028844748058e+01,3.468831451409783995e+01,3.347294305834240191e+01,3.237857141364753488e+01,3.139826495607782775e+01,3.052464141127057218e+01,2.975004699923240281e+01,2.906671424924502034e+01,2.846690025185331052e+01,2.794300482377573758e+01,2.748766868778073658e+01,2.709385230272932077e+01,2.675489641383805406e+01,2.646456572912295258e+01,2.621707736825404567e+01,2.600711588119956730e+01,2.582983670501693041e+01,2.568085992856413569e+01,2.555625617830901319e+01,2.545252633564540545e+01,2.536657665876745327e+01,2.529569072108422745e+01,2.523749940321769003e+01,2.518994999539392765e+01,2.515127528869474105e+01,2.511996336293606191e+01,2.509472862023408979e+01,2.507448446965284106e+01,2.505831794156512515e+01,2.504546640135129820e+01,2.503529644081130101e+01,2.502728495151000487e+01,2.502100232604863805e+01,2.501609768944569723e+01,2.501228603170163822e+01,2.500933709240348080e+01,2.500706583709344955e+01,2.500532436135078740e+01,2.500399506051874354e+01,2.500298490931462680e+01,2.500222070493811799e+01
3.743579790919068984e+01,3.903923398086828911e+01,4.078211148189946300e+01,4.266602089997898872e+01,4.469084308539736128e+01,4.685454761746130004e+01,4.915301045451765560e+01,5.157985796742069340e+01,5.412634442642838195e+01,5.678126972627590874e+01,5.953094357760401323e+01,6.235920155945475329e+01,6.524747732333334227e+01,6.817493388308254509e+01,7.111865534805600930e+01,7.405389870376626504e+01,7.695440336962488459e+01,7.979275433246340299e+01,8.254079273927403904e+01,8.517006600928925764e+01,8.765230787122206380e+01,8.995993732049066693e+01,9.206656439132402170e+01,9.394748990748335871e+01,9.558018605732408446e+01,9.694474476247988548e+01,9.802428138502887123e+01,9.880528233700324847e+01,9.927788659069756250e+01,9.943609289216705349e+01,9.927788659069756250e+01,9.880528233700324847e+01,9.802428138502887123e+01,9.694474476247988548e+01,9.558018605732408446e+01,9.394748990748335871e+01,9.206656439132402170e+01,8.995993732049066693e+01,8.765230787122206380e+01,8.517006600928925764e+01,8.254079273927403904e+01,7.979275433246340299e+01,7.695440336962488459e+01,7.405389870376626504e+01,7.111865534805600930e+01,6.817493388308254509e+01,6.524747732333334227e+01,6.235920155945475329e+01,5.953094357760401323e+01,5.678126972627590874e+01,5.412634442642838195e+01,5.157985796742069340e+01,4.915301045451765560e+01,4.685454761746130004e+01,4.469084308539736128e+01,4.266602089997898872e+01,4.078211148189946300e+01,3.903923398086828911e+01,3.743579790919068984e+01,3.596871716002380026e+01,3.463362991173008254e+01,3.342511848355636772e+01,3.233692389660933486e+01,3.136215066865894840e+01,3.049345819376042144e+01,2.972323589282135714e+01,2.904376013773887166e+01,2.844733172304002977e+01,2.792639336382361037e+01,2.747362732147124476e+01,2.708203378874270939e+01,2.674499109826972898e+01,2.645629915247311459e+01,2.621020771184095821e+01,2.600143132880177888e+01,2.582515278500401479e+01,2.567701689122182884e+01,2.555311645283032362e+01,2.544997210160503442e+01,2.536450755801800838e+01,2.529402172804288895e+01,2.523615886452970258e+01,2.518887784399413832e+01,2.515042143233011629e+01,2.511928624321711467e+01,2.509419393518409080e+01,2.507406405043548148e+01,2.505798877249853973e+01,2.504520977135901560e+01,2.503509721401824351e+01,2.502713094466786714e+01,2.502088378077978703e+01,2.501600682784690122e+01,2.501221668457657188e+01,2.500928439023484273e+01,2.500702595477013190e+01,2.500529430859156932e+01,2.500397251084866568e+01,2.500296806132948291e+01,2.500220817041869026e+01
3.731903071565810137e+01,3.890741116071120587e+01,4.063392373558705373e+01,4.250014399393393205e+01,4.450595390481067426e+01,4.664934211236629835e+01,4.892622329805763570e+01,5.133028367858023699e+01,5.385285964311395901e+01,5.648285625092535156e+01,5.920671175902418781e+01,6.200841352393263861e+01,6.486956952777978813e+01,6.776953843541642186e+01,7.068561952728984465e+01,7.359330211597222160e+01,7.646657219727633503e+01,7.927827217409762284e+01,8.200050759385217702e+01,8.460509303418314175e+01,8.706402763284233970e+01,8.934998935990503810e+01,9.143683604087708261e+01,9.330010041495530970e+01,9.491746619768161963e+01,9.626921223962312979e+01,9.733861244288875980e+01,9.811228010672397204e+01,9.858044679454937409e+01,9.873716760180637664e+01,9.858044679454937409e+01,9.811228010672397204e+01,9.733861244288875980e+01,9.626921223962312979e+01,9.491746619768161963e+01,9.330010041495530970e+01,9.143683604087708261e+01,8.934998935990503810e+01,8.706402763284233970e+01,8.460509303418314175e+01,8.200050759385217702e+01,7.927827217409762284e+01,7.646657219727633503e+01,7.359330211597222160e+01,7.068561952728984465e+01,6.776953843541642186e+01,6.486956952777978813e+01,6.200841352393263861e+01,5.920671175902418781e+01,5.648285625092535156e+01,5.385285964311395901e+01,5.133028367858023699e+01,4.892622329805763570e+01,4.664934211236629835e+01,4.450595390481067426e+01,4.250014399393393205e+01,4.063392373558705373e+01,3.890741116071120587e+01,3.731903071565810137e+01,3.586572527090005025e+01,3.454317396056888612e+01,3.334600997377772558e+01,3.226803310095430533e+01,3.130241260570267769e+01,3.044187680744665414e+01,2.967888658740288932e+01,2.900579083926276525e+01,2.841496265002881927e+01,2.789891569469764931e+01,2.745040094530440555e+01,2.706248432001326165e+01,2.672860632627743982e+01,2.644262508296668912e+01,2.619884434302980125e+01,2.599202828714464886e+01,2.581740492872297210e+01,2.567065997203261674e+01,2.554792290945134070e+01,2.544574704263768439e+01,2.536108497710426235e+01,2.529126098102272735e+01,2.523394142677135932e+01,2.518710435620310761e+01,2.514900903494085327e+01,2.511816619286335239e+01,2.509330949161725854e+01,2.507336861847573672e+01,2.505744428100145171e+01,2.504478526959721307e+01,2.503476766514557283e+01,2.502687619589421431e+01,2.502068769038898211e+01,2.501585653010334909e+01,2.501210197477003661e+01,2.500919721350526714e+01,2.500695998385082675e+01,2.500524459714076642e+01,2.500393521055266177e+01,2.500294019241474430e+01,2.500218743657719855e+01
3.715739628319980881e+01,3.872493604868243011e+01,4.042879555233754729e+01,4.227052967543055928e+01,4.425002193567009101e+01,4.636528736762247149e+01,4.861229425502535406e+01,5.098481165589555530e+01,5.347428963214014175e+01,5.606977881652815654e+01,5.875789540576948866e+01,6.152283685364157861e+01,6.434645245861071317e+01,6.720837171450511960e+01,7.008619175133560475e+01,7.295572347930186652e+01,7.579129421642781494e+01,7.856610269257126333e+01,8.125262045017804269e+01,8.382303187965104030e+01,8.624970350994203727e+01,8.850567179556412611e+01,9.056513756591974129e+01,9.240395458804511009e+01,9.400009938298411782e+01,9.533410955679119070e+01,9.638947846985912804e+01,9.715299506445508371e+01,9.761501907282547563e+01,9.776968359178187029e+01,9.761501907282547563e+01,9.715299506445508371e+01,9.638947846985912804e+01,9.533410955679119070e+01,9.400009938298411782e+01,9.240395458804511009e+01,9.056513756591974129e+01,8.850567179556412611e+01,8.624970350994203727e+01,8.382303187965104030e+01,8.125262045017804269e+01,7.856610269257126333e+01,7.579129421642781494e+01,7.295572347930186652e+01,7.008619175133560475e+01,6.720837171450511960e+01,6.434645245861071317e+01,6.152283685364157861e+01,5.875789540576948866e+01,5.606977881652815654e+01,5.347428963214014175e+01,5.098481165589555530e+01,4.861229425502535406e+01,4.636528736762247149e+01,4.425002193567009101e+01,4.227052967543055928e+01,4.042879555233754729e+01,3.872493604868243011e+01,3.715739628319980881e+01,3.572315923807270366e+01,3.441796074026197516e+01,3.323650439525133038e+01,3.217267134462166922e+01,3.121972047609008527e+01,3.037047551869415685e+01,2.961749627224356018e+01,2.895323201837859273e+01,2.837015591461723574e+01,2.786087986185722087e+01,2.741824994452914765e+01,2.703542306087574332e+01,2.670592578355125468e+01,2.642369681726806974e+01,2.618311465378199543e+01,2.597901217143910202e+01,2.580667999550441749e+01,2.566186043686998275e+01,2.554073377172255022e+01,2.543989852485088221e+01,2.535634728574764551e+01,2.528743943008649708e+01,2.523087194909755127e+01,2.518464941416072023e+01,2.514705393057024807e+01,2.511661576848662492e+01,2.509208520481510263e+01,2.507240597009200300e+01,2.505669057123548527e+01,2.504419765505180706e+01,2.503431148868547496e+01,2.502652356111553189e+01,2.502041625319785112e+01,2.501564848116644768e+01,2.501194318826574658e+01,2.500907653953184706e+01,2.500686866391944463e+01,2.500517578430135757e+01,2.500388357779526416e+01,2.500290161500202046e+01,2.500215873585570137e+01
3.695269289781176525e+01,3.849383879661027663e+01,4.016900911382290928e+01,4.197973254998925086e+01,4.392589458411940484e+01,4.600554367316179594e+01,4.821471598594632724e+01,5.054728549562857154e+01,5.299484622596661154e+01,5.554663317260520472e+01,5.818948788559298890e+01,6.090787389827198695e+01,6.368394612636112129e+01,6.649767705749076185e+01,6.932704103593883360e+01,7.214825626212217458e+01,7.493608232465862784e+01,7.766416922690271463e+01,8.030545202900776758e+01,8.283258347408303734e+01,8.521839537698058109e+01,8.743637819806426137e+01,8.946116716711620143e+01,9.126902261977636499e+01,9.283829190325862157e+01,9.414984032683898363e+01,9.518743918583400898e+01,9.593809986720043526e+01,9.639234442375064305e+01,9.654440473783519394e+01,9.639234442375064305e+01,9.593809986720043526e+01,9.518743918583400898e+01,9.414984032683898363e+01,9.283829190325862157e+01,9.126902261977636499e+01,8.946116716711620143e+01,8.743637819806426137e+01,8.521839537698058109e+01,8.283258347408303734e+01,8.030545202900776758e+01,7.766416922690271463e+01,7.493608232465862784e+01,7.214825626212217458e+01,6.932704103593883360e+01,6.649767705749076185e+01,6.368394612636112129e+01,6.090787389827198695e+01,5.818948788559298890e+01,5.554663317260520472e+01,5.299484622596661154e+01,5.054728549562857154e+01,4.821471598594632724e+01,4.600554367316179594e+01,4.392589458411940484e+01,4.197973254998925086e+01,4.016900911382290928e+01,3.849383879661027663e+01,3.695269289781176525e+01,3.554260519944833163e+01,3.425938332762572713e+01,3.309782006727549231e+01,3.205189958788056259e+01,3.111499428242455423e+01,3.028004871231132356e+01,2.953974795369519768e+01,2.888666842544012781e+01,2.831341002027133413e+01,2.781270903816531259e+01,2.737753201950406279e+01,2.700115108507168316e+01,2.667720180557282461e+01,2.639972494438738693e+01,2.616319364690768268e+01,2.596252779426151136e+01,2.579309730706044590e+01,2.565071618616649118e+01,2.553162902337950158e+01,2.543249161672956049e+01,2.535034719378164070e+01,2.528259959242207700e+01,2.522698458140215649e+01,2.518154033066058872e+01,2.514457787099950181e+01,2.511465221954548710e+01,2.509053469574797290e+01,2.507118681536060478e+01,2.505573602870177652e+01,2.504345346530882566e+01,2.503373375989157879e+01,2.502607696361830492e+01,2.502007248911801085e+01,2.501538499571312357e+01,2.501174209166468643e+01,2.500892371088939115e+01,2.500675301096838155e+01,2.500508863566000173e+01,2.500381818702378922e+01,2.500285275828959541e+01,2.500212238756800076e+01
3.670717478223996011e+01,3.821666428024833095e+01,3.985742522519146291e+01,4.163095491684599381e+01,4.353714118657710230e+01,4.557407257762812947e+01,4.773786667917227078e+01,5.002252329798099595e+01,5.241980912345887589e+01,5.491918027326944696e+01,5.750774858281573643e+01,6.017029671720774786e+01,6.288934614483185470e+01,6.564528073484879656e+01,6.841652725657027645e+01,7.117979240808196550e+01,7.391035423675349136e+01,7.658240399648235552e+01,7.916943268348472884e+01,8.164465477595621223e+01,8.398146014555484840e+01,8.615388378033148342e+01,8.813708192325216828e+01,8.990780254213409250e+01,9.144483774743837046e+01,9.272944589068261223e+01,9.374573161808815769e+01,9.448097311337670590e+01,9.492588711416955505e+01,9.507482398468482643e+01,9.492588711416955505e+01,9.448097311337670590e+01,9.374573161808815769e+01,9.272944589068261223e+01,9.144483774743837046e+01,8.990780254213409250e+01,8.813708192325216828e+01,8.615388378033148342e+01,8.398146014555484840e+01,8.164465477595621223e+01,7.916943268348472884e+01,7.658240399648235552e+01,7.391035423675349136e+01,7.117979240808196550e+01,6.841652725657027645e+01,6.564528073484879656e+01,6.288934614483185470e+01,6.017029671720774786e+01,5.750774858281573643e+01,5.491918027326944696e+01,5.241980912345887589e+01,5.002252329798099595e+01,4.773786667917227078e+01,4.557407257762812947e+01,4.353714118657710230e+01,4.163095491684599381e+01,3.985742522519146291e+01,3.821666428024833095e+01,3.670717478223996011e+01,3.532605144173739120e+01,3.406918799964471134e+01,3.293148420136186871e+01,3.190704778646474793e+01,3.098938728442092838e+01,3.017159218112984576e+01,2.944649780728122224e+01,2.880683306818425393e+01,2.824534986083708077e+01,2.775493368757226165e+01,2.732869556180111559e+01,2.696004580046496102e+01,2.664275070486619512e+01,2.637097344599259330e+01,2.613930069536316836e+01,2.594275668391399492e+01,2.577680643788483295e+01,2.563734994199326778e+01,2.552070892720374218e+01,2.542360788419766138e+01,2.534315077507093150e+01,2.527679476500903988e+01,2.522232213193021266e+01,2.517781134337169036e+01,2.514160812294819181e+01,2.511229716891969233e+01,2.508867503884187045e+01,2.506972457978655555e+01,2.505459116495823935e+01,2.504256089549138764e+01,2.503304084079539393e+01,2.502554132139758281e+01,2.501966018372831968e+01,2.501506897528259188e+01,2.501150089947117294e+01,2.500874041054860442e+01,2.500661429858435270e+01,2.500498411090990913e+01,2.500373975833069196e+01,2.500279416029453117e+01,2.500207879198659811e+01
3.642351078478945681e+01,3.789642546153829983e+01,3.949743088756585507e+01,4.122798808318361807e+01,4.308798759759460495e+01,4.507556428850099906e+01,4.718692981560936062e+01,4.941622936993856285e+01,5.175542913341304541e+01,5.419424070120189185e+01,5.672008818800330943e+01,5.931812297385013721e+01,6.197129003068442898e+01,6.466044852509695318e+01,6.736454794421726433e+01,7.006085938115026579e+01,7.272525989438796046e+01,7.533256608187758729e+01,7.785691125107786092e+01,8.027215889143877803e+01,8.255234363610151149e+01,8.467212960347677608e+01,8.660727499896518111e+01,8.833509118544017724e+01,8.983488413899127067e+01,9.108836631992195976e+01,9.208002751772491479e+01,9.279745416480933784e+01,9.323158793157190871e+01,9.337691607249664116e+01,9.323158793157190871e+01,9.279745416480933784e+01,9.208002751772491479e+01,9.108836631992195976e+01,8.983488413899127067e+01,8.833509118544017724e+01,8.660727499896518111e+01,8.467212960347677608e+01,8.255234363610151149e+01,8.027215889143877803e+01,7.785691125107786092e+01,7.533256608187758729e+01,7.272525989438796046e+01,7.006085938115026579e+01,6.736454794421726433e+01,6.466044852509695318e+01,6.197129003068442898e+01,5.931812297385013721e+01,5.672008818800330943e+01,5.419424070120189185e+01,5.175542913341304541e+01,4.941622936993856285e+01,4.718692981560936062e+01,4.507556428850099906e+01,4.308798759759460495e+01,4.122798808318361807e+01,3.949743088756585507e+01,3.789642546153829983e+01,3.642351078478945681e+01,3.507585196284293261e+01,3.384944223096344018e+01,3.273930491335064374e+01,3.173969051862396284e+01,3.084426486411202717e+01,3.004628487697065964e+01,2.933875948730826622e+01,2.871459377853205908e+01,2.816671526865118125e+01,2.768818184376163671e+01,2.727227143692105926e+01,2.691255403261424206e+01,2.660294697421173638e+01,2.633775485864574151e+01,2.611169552199246624e+01,2.591991375771220163e+01,2.575798447413060543e+01,2.562190699903875668e+01,2.550809218759352959e+01,2.541334389583000331e+01,2.533483625663284400e+01,2.527008804789100793e+01,2.521693528276821539e+01,2.517350298739417624e+01,2.513817696838066240e+01,2.510957621664635298e+01,2.508652644907022733e+01,2.506803515826593198e+01,2.505326842498334727e+01,2.504152964807476422e+01,2.503224026361486310e+01,2.502492245702914531e+01,2.501918381889985099e+01,2.501470385510238970e+01,2.501122223350957796e+01,2.500852863103376222e+01,2.500645403460848826e+01,2.500486334626337737e+01,2.500364914425707141e+01,2.500272645799287474e+01,2.500202842300725337e+01
3.610473611592125565e+01,3.753654890226205509e+01,3.909287804757759233e+01,4.077514380220286228e+01,4.258323976958075718e+01,4.451535285447057788e+01,4.656780043074545006e+01,4.873489106868924381e+01,5.100881513504515397e+01,5.337957132436059737e+01,5.583493468317500685e+01,5.836047094434156435e+01,6.093960100274966862e+01,6.355371815262808610e+01,6.618235929861717182e+01,6.880342978715289348e+01,7.139347983078972959e+01,7.392802877383729765e+01,7.638193173743370323e+01,7.872978155401736444e+01,8.094633742392943532e+01,8.300697046690589787e+01,8.488811535902190997e+01,8.656771659274856745e+01,8.802565761381183052e+01,8.924416119887244747e+01,9.020814995202032094e+01,9.090555670800732457e+01,9.132757591118684104e+01,9.146884864997878140e+01,9.132757591118684104e+01,9.090555670800732457e+01,9.020814995202032094e+01,8.924416119887244747e+01,8.802565761381183052e+01,8.656771659274856745e+01,8.488811535902190997e+01,8.300697046690589787e+01,8.094633742392943532e+01,7.872978155401736444e+01,7.638193173743370323e+01,7.392802877383729765e+01,7.139347983078972959e+01,6.880342978715289348e+01,6.618235929861717182e+01,6.355371815262808610e+01,6.093960100274966862e+01,5.836047094434156435e+01,5.583493468317500685e+01,5.337957132436059737e+01,5.100881513504515397e+01,4.873489106868924381e+01,4.656780043074545006e+01,4.451535285447057788e+01,4.258323976958075718e+01,4.077514380220286228e+01,3.909287804757759233e+01,3.753654890226205509e+01,3.610473611592125565e+01,3.479468390220635854e+01,3.360249730571332805e+01,3.252333852547728554e+01,3.155161851048009325e+01,3.068117983430526508e+01,2.990546759050100079e+01,2.921768579596050941e+01,2.861093751873248436e+01,2.807834763542687639e+01,2.761316775280076996e+01,2.720886338413157901e+01,2.685918394438786905e+01,2.655821651432562547e+01,2.630042462189755526e+01,2.608067350270420448e+01,2.589424343542455276e+01,2.573683281118737654e+01,2.560455259710223785e+01,2.549391380391569228e+01,2.540180947650793897e+01,2.532549260398139168e+01,2.526255120307563473e+01,2.521088167331022589e+01,2.516866136222340344e+01,2.513432112071959068e+01,2.510651847696935235e+01,2.508411191638668214e+01,2.506613662764288719e+01,2.505178196212134978e+01,2.504037075742698804e+01,2.503134059454187366e+01,2.502422699237414250e+01,2.501864849174582517e+01,2.501429354196576682e+01,2.501090907551127174e+01,2.500829063838991573e+01,2.500627393386853470e+01,2.500472763390455100e+01,2.500354731437533928e+01,2.500265037580060934e+01,2.500197181957905457e+01
3.575419835228223064e+01,3.714081380598634041e+01,3.864801507177460849e+01,4.027717756763561141e+01,4.202819825558019318e+01,4.389932127345669954e+01,4.588698024279278087e+01,4.798566339244523249e+01,5.018780761202367557e+01,5.248372730238401118e+01,5.486158340918126441e+01,5.730739730470698134e+01,5.980511322833778820e+01,6.233671182306611769e+01,6.488237594203661729e+01,6.742070838278800693e+01,6.992899958582458453e+01,7.238354166431858516e+01,7.475998347547813694e+01,7.703371986735055543e+01,7.918030680423180456e+01,8.117589285365295382e+01,8.299765656672251168e+01,8.462423865131046341e+01,8.603615756255445035e+01,8.721619724201349300e+01,8.814975623454621712e+01,8.882514829319701732e+01,8.923384582297961742e+01,8.937065907444988966e+01,8.923384582297961742e+01,8.882514829319701732e+01,8.814975623454621712e+01,8.721619724201349300e+01,8.603615756255445035e+01,8.462423865131046341e+01,8.299765656672251168e+01,8.117589285365295382e+01,7.918030680423180456e+01,7.703371986735055543e+01,7.475998347547813694e+01,7.238354166431858516e+01,6.992899958582458453e+01,6.742070838278800693e+01,6.488237594203661729e+01,6.233671182306611769e+01,5.980511322833778820e+01,5.730739730470698134e+01,5.486158340918126441e+01,5.248372730238401118e+01,5.018780761202367557e+01,4.798566339244523249e+01,4.588698024279278087e+01,4.389932127345669954e+01,4.202819825558019318e+01,4.027717756763561141e+01,3.864801507177460849e+01,3.714081380598634041e+01,3.575419835228223064e+01,3.448549991487072219e+01,3.333094648849651520e+01,3.228585298468725284e+01,3.134480677925965963e+01,3.050184481425977623e+01,2.975061909875588384e+01,2.908454817510985180e+01,2.849695282344179503e+01,2.798117494401290273e+01,2.753067916680302929e+01,2.713913727603005199e+01,2.680049599581744602e+01,2.650902905714561797e+01,2.625937475506753671e+01,2.604656041177548076e+01,2.586601529107871755e+01,2.571357357088546891e+01,2.558546898150091309e+01,2.547832266888576314e+01,2.538912575365007385e+01,2.531521793844322588e+01,2.525426337789850706e+01,2.520422487486107954e+01,2.516333731164634102e+01,2.513008107171932437e+01,2.510315606040102665e+01,2.508145679673703299e+01,2.506404892512509974e+01,2.505014738629628113e+01,2.503909639350900562e+01,2.503035128135089238e+01,2.502346223077712040e+01,2.501805982394466454e+01,2.501384234473038504e+01,2.501056471407006754e+01,2.500802893187028175e+01,2.500607588767234191e+01,2.500457839900163037e+01,2.500343533804063867e+01,2.500256671268639863e+01,2.500190957611659570e+01
3.537549904959408309e+01,3.671328610268543002e+01,3.816741264828837643e+01,3.973920567029942674e+01,4.142856575911841333e+01,4.323379888368056356e+01,4.515146425228395799e+01,4.717624418578755296e+01,4.930084190184660997e+01,5.151591287087170201e+01,5.381003494003655163e+01,5.616972172627903603e+01,5.857948285796646815e+01,6.102193351334087623e+01,6.347795438832861237e+01,6.592690176346985709e+01,6.834686577572821875e+01,7.071497338992327286e+01,7.300773096658346617e+01,7.520139980177775385e+01,7.727239663426188088e+01,7.919770993804326054e+01,8.095532190077280177e+01,8.252462537834423983e+01,8.388682485075838713e+01,8.502531050739611374e+01,8.592599507006349313e+01,8.657760381235041791e+01,8.697190943076316216e+01,8.710390492815889729e+01,8.697190943076316216e+01,8.657760381235041791e+01,8.592599507006349313e+01,8.502531050739611374e+01,8.388682485075838713e+01,8.252462537834423983e+01,8.095532190077280177e+01,7.919770993804326054e+01,7.727239663426188088e+01,7.520139980177775385e+01,7.300773096658346617e+01,7.071497338992327286e+01,6.834686577572821875e+01,6.592690176346985709e+01,6.347795438832861237e+01,6.102193351334087623e+01,5.857948285796646815e+01,5.616972172627903603e+01,5.381003494003655163e+01,5.151591287087170201e+01,4.930084190184660997e+01,4.717624418578755296e+01,4.515146425228395799e+01,4.323379888368056356e+01,4.142856575911841333e+01,3.973920567029942674e+01,3.816741264828837643e+01,3.671328610268543002e+01,3.537549904959408309e+01,3.415147667243650176e+01,3.303757979368783992e+01,3.202928830600026089e+01,3.112138018582261623e+01,3.030810235885709503e+01,2.958333037289244771e+01,2.894071453032850627e+01,2.837381081393164450e+01,2.787619558288279364e+01,2.744156360426624985e+01,2.706380950465647572e+01,2.673709316877509323e+01,2.645588997295196165e+01,2.621502701979762051e+01,2.600970673982546444e+01,2.583551935115780296e+01,2.568844572733461362e+01,2.556485222441897776e+01,2.546147897163997698e+01,2.537542304455562814e+01,2.530411782576416968e+01,2.524530972456656386e+01,2.519703328185079982e+01,2.515758553694429622e+01,2.512550038522467943e+01,2.509952351366325729e+01,2.507858836981081652e+01,2.506179350054687660e+01,2.504838149174980444e+01,2.503771964961099528e+01,2.502928248861462635e+01,2.502263602968395162e+01,2.501742386368891502e+01,2.501335489916491639e+01,2.501019268728384048e+01,2.500774620034525242e+01,2.500586193082038733e+01,2.500441717484967086e+01,2.500331436573960175e+01,2.500247632823628052e+01,2.500184233213242635e+01
3.497243238487192940e+01,3.625824917966337324e+01,3.765588591846103128e+01,3.916661803458337943e+01,4.079034998028750181e+01,4.252545353410947371e+01,4.436862157198385859e+01,4.631474299559866381e+01,4.835680448750166960e+01,5.048582453373835932e+01,5.269082470848022126e+01,5.495884254673539715e+01,5.727498944574991668e+01,5.962255594811104942e+01,6.198316549513886997e+01,6.433697633314966424e+01,6.666292975194106418e+01,6.893904128641079865e+01,7.114272997635782758e+01,7.325117931736872379e+01,7.524172220909014186e+01,7.709224107568914519e+01,7.878157345125796951e+01,8.028991273658974137e+01,8.159919357873771162e+01,8.269345142384933922e+01,8.355914625533307571e+01,8.418544134656553979e+01,8.456442900776636407e+01,8.469129675326897200e+01,8.456442900776636407e+01,8.418544134656553979e+01,8.355914625533307571e+01,8.269345142384933922e+01,8.159919357873771162e+01,8.028991273658974137e+01,7.878157345125796951e+01,7.709224107568914519e+01,7.524172220909014186e+01,7.325117931736872379e+01,7.114272997635782758e+01,6.893904128641079865e+01,6.666292975194106418e+01,6.433697633314966424e+01,6.198316549513886997e+01,5.962255594811104942e+01,5.727498944574991668e+01,5.495884254673539715e+01,5.269082470848022126e+01,5.048582453373835932e+01,4.835680448750166960e+01,4.631474299559866381e+01,4.436862157198385859e+01,4.252545353410947371e+01,4.079034998028750181e+01,3.916661803458337943e+01,3.765588591846103128e+01,3.625824917966337324e+01,3.497243238487192940e+01,3.379596074380405213e+01,3.272533645344999087e+01,3.175621500327747171e+01,3.088357723454266690e+01,3.010189356797759430e+01,2.940527747366407851e+01,2.878762592661225739e+01,2.824274524632137329e+01,2.776446133712364528e+01,2.734671391135272245e+01,2.698363477670483235e+01,2.666961069429333264e+01,2.639933166064378511e+01,2.616782573472437434e+01,2.597048172269389710e+01,2.580306115357403129e+01,2.566170103564965643e+01,2.554290888453053654e+01,2.544355146867850692e+01,2.536083863625820101e+01,2.529230347764198328e+01,2.523577994946539960e+01,2.518937894663518762e+01,2.515146366497640429e+01,2.512062495499698045e+01,2.509565723113342983e+01,2.507553537429183876e+01,2.505939295093978103e+01,2.504650197092669472e+01,2.503625431928900014e+01,2.502814492453561357e+01,2.502175666677873878e+01,2.501674698264540098e+01,2.501283608897194455e+01,2.500979672247786567e+01,2.500744527649354154e+01,2.500563420693999461e+01,2.500424557674864090e+01,2.500318560949009949e+01,2.500238012800936360e+01,2.500177076134200860e+01
3.454892228323053160e+01,3.578013290167122307e+01,3.711841468528222521e+01,3.856498890217204689e+01,4.011976406232736281e+01,4.178118109173105665e+01,4.354607331354210231e+01,4.540954668800372929e+01,4.736488573982222761e+01,4.940349038273704707e+01,5.151484842363589678e+01,5.368654788858621174e+01,5.590433246527442179e+01,5.815220231493795922e+01,6.041256129614454551e+01,6.266641029648344130e+01,6.489358492883752660e+01,6.707303436622723325e+01,6.918313661857841623e+01,7.120204415471613402e+01,7.310805250262123423e+01,7.487998337754115141e+01,7.649757304295948757e+01,7.794185604799903899e+01,7.919553424064935143e+01,8.024332105108058499e+01,8.107225148127059811e+01,8.167194901961840969e+01,8.203484180078177701e+01,8.215632171614231538e+01,8.203484180078177701e+01,8.167194901961840969e+01,8.107225148127059811e+01,8.024332105108058499e+01,7.919553424064935143e+01,7.794185604799903899e+01,7.649757304295948757e+01,7.487998337754115141e+01,7.310805250262123423e+01,7.120204415471613402e+01,6.918313661857841623e+01,6.707303436622723325e+01,6.489358492883752660e+01,6.266641029648344130e+01,6.041256129614454551e+01,5.815220231493795922e+01,5.590433246527442179e+01,5.368654788858621174e+01,5.151484842363589678e+01,4.940349038273704707e+01,4.736488573982222761e+01,4.540954668800372929e+01,4.354607331354210231e+01,4.178118109173105665e+01,4.011976406232736281e+01,3.856498890217204689e+01,3.711841468528222521e+01,3.578013290167122307e+01,3.454892228323053160e+01,3.342241313928047930e+01,3.239725621180525650e+01,3.146929149331316822e+01,3.063371297911827185e+01,2.988522592059243621e+01,2.921819377746772872e+01,2.862677270853554035e+01,2.810503206704225931e+01,2.764705995933691796e+01,2.724705346656214644e+01,2.689939360730106088e+01,2.659870552617061890e+01,2.633990472537287530e+01,2.611823041268811352e+01,2.592926722284502361e+01,2.576895668460913313e+01,2.563359986012408243e+01,2.551985258412198831e+01,2.542471468740654927e+01,2.534551451054643678e+01,2.527988990884064791e+01,2.522576682663745729e+01,2.518133638551841358e+01,2.514503129324667086e+01,2.511550224420991739e+01,2.509159485175430149e+01,2.507232753163026473e+01,2.505687064607788628e+01,2.504452712129386427e+01,2.503471466779231136e+01,2.502694966350091832e+01,2.502083270281455896e+01,2.501603577037053938e+01,2.501229096486025583e+01,2.500938067443941293e+01,2.500712908986195160e+01,2.500539493296332338e+01,2.500406527523633571e+01,2.500305032275694828e+01,2.500227904853183247e+01,2.500169556049962694e+01
3.410895947522106297e+01,3.528344255259759166e+01,3.656006353366343120e+01,3.793998741708318789e+01,3.942312692820965481e+01,4.100799482674284491e+01,4.269157033922160593e+01,4.446918491683044294e+01,4.633443249713707246e+01,4.827910923944544663e+01,5.029318729577281033e+01,5.236482656896404819e+01,5.448042760064284806e+01,5.662472773827357742e+01,5.878094157566350475e+01,6.093094537697299273e+01,6.305550382122606123e+01,6.513453598994951221e+01,6.714741611768859286e+01,6.907330328960460974e+01,7.089149305862079586e+01,7.258178292105728246e+01,7.412484278402300220e+01,7.550258102227000734e+01,7.669849648928297370e+01,7.769800693787574630e+01,7.848874472716937589e+01,7.906081143922054366e+01,7.940698407938043601e+01,7.952286685580807557e+01,7.940698407938043601e+01,7.906081143922054366e+01,7.848874472716937589e+01,7.769800693787574630e+01,7.669849648928297370e+01,7.550258102227000734e+01,7.412484278402300220e+01,7.258178292105728246e+01,7.089149305862079586e+01,6.907330328960460974e+01,6.714741611768859286e+01,6.513453598994951221e+01,6.305550382122606123e+01,6.093094537697299273e+01,5.878094157566350475e+01,5.662472773827357742e+01,5.448042760064284806e+01,5.236482656896404819e+01,5.029318729577281033e+01,4.827910923944544663e+01,4.633443249713707246e+01,4.446918491683044294e+01,4.269157033922160593e+01,4.100799482674284491e+01,3.942312692820965481e+01,3.793998741708318789e+01,3.656006353366343120e+01,3.528344255259759166e+01,3.410895947522106297e+01,3.303435379341259903e+01,3.205643056489147114e+01,3.117122145286174373e+01,3.037414188739777288e+01,2.966014107331504945e+01,2.902384217170358482e+01,2.845967059402135746e+01,2.796196894571237834e+01,2.752509772128157550e+01,2.714352136905704072e+01,2.681187979996271764e+01,2.652504580294619529e+01,2.627816914642953350e+01,2.606670838980686611e+01,2.588645160401104661e+01,2.573352731026053064e+01,2.560440699779404028e+01,2.549590058243244073e+01,2.540514612658556359e+01,2.532959506647105741e+01,2.526699409226841553e+01,2.521536470961769183e+01,2.517298138345634229e+01,2.513834903391588682e+01,2.511018052410510037e+01,2.508737465527748967e+01,2.506899506928859012e+01,2.505425035360931219e+01,2.504247555183545160e+01,2.503311520323829953e+01,2.502570796844077705e+01,2.501987284429263880e+01,2.501529692860897214e+01,2.501172466352774393e+01,2.500894846358409396e+01,2.500680061987327818e+01,2.500514636356615128e+01,2.500387796929172168e+01,2.500290978034538725e+01,2.500217404227437967e+01,2.500161743822190630e+01
3.365653987900270749e+01,3.477268927281444633e+01,3.598590363204287002e+01,3.729729009273645346e+01,3.870676571496488805e+01,4.021291712599318657e+01,4.181287358674262578e+01,4.350219842372615631e+01,4.527480374786453865e+01,4.712289318303605512e+01,4.903693693978458157e+01,5.100568298943728252e+01,5.301620732524155244e+01,5.505400535304553244e+01,5.710312535646611565e+01,5.914634376101300717e+01,6.116538061675687032e+01,6.314115237501762579e+01,6.505405770134223076e+01,6.688429079783389852e+01,6.861217555633987786e+01,7.021851288181147765e+01,7.168493275949202825e+01,7.299424213062886224e+01,7.413075942003777641e+01,7.508062664485746041e+01,7.583209043448951547e+01,7.637574400104587369e+01,7.670472309824297952e+01,7.681485026240090974e+01,7.670472309824297952e+01,7.637574400104587369e+01,7.583209043448951547e+01,7.508062664485746041e+01,7.413075942003777641e+01,7.299424213062886224e+01,7.168493275949202825e+01,7.021851288181147765e+01,6.861217555633987786e+01,6.688429079783389852e+01,6.505405770134223076e+01,6.314115237501762579e+01,6.116538061675687032e+01,5.914634376101300717e+01,5.710312535646611565e+01,5.505400535304553244e+01,5.301620732524155244e+01,5.100568298943728252e+01,4.903693693978458157e+01,4.712289318303605512e+01,4.527480374786453865e+01,4.350219842372615631e+01,4.181287358674262578e+01,4.021291712599318657e+01,3.870676571496488805e+01,3.729729009273645346e+01,3.598590363204287002e+01,3.477268927281444633e+01,3.365653987900270749e+01,3.263530721636072940e+01,3.170595502752681583e+01,3.086471207322593813e+01,3.010722148783615282e+01,2.942868333673766301e+01,2.882398783537453468e+01,2.828783727129624026e+01,2.781485523880920852e+01,2.739968233277515708e+01,2.703705793874842556e+01,2.672188819008398042e+01,2.644930053168219075e+01,2.621468563102918026e+01,2.601372760969559295e+01,2.584242373476376642e+01,2.569709481427391751e+01,2.557438758990915773e+01,2.547127042111941364e+01,2.538502351571020554e+01,2.531322489078918636e+01,2.525373315288830511e+01,2.520466807459258618e+01,2.516438982391877843e+01,2.513147757793546688e+01,2.510470812867263035e+01,2.508303497121501380e+01,2.506556825402241984e+01,2.505155587207809020e+01,2.504036589572568161e+01,2.503147045260366355e+01,2.502443111692626232e+01,2.501888580903191084e+01,2.501453716781702852e+01,2.501114232834956397e+01,2.500850401542374257e+01,2.500646284982331125e+01,2.500489075635514880e+01,2.500368536010228837e+01,2.500276525871780464e+01,2.500206606294582912e+01,2.500153710404660856e+01
3.319560561096334794e+01,3.425232346387650750e+01,3.540093786972144585e+01,3.664249701293884698e+01,3.797692236989593795e+01,3.940287582563231439e+01,4.091763949914363963e+01,4.251701295623406907e+01,4.419523246929498583e+01,4.594491679538379714e+01,4.775704357718110060e+01,4.962095992212082507e+01,5.152442998727514123e+01,5.345372150376083198e+01,5.539373213529576390e+01,5.732815541004382709e+01,5.923968472949086816e+01,6.111025268554703160e+01,6.292130165485806259e+01,6.465408043767887136e+01,6.628996061842624954e+01,6.781076539513239254e+01,6.919910290013234544e+01,7.043869555245798608e+01,7.151469677283353121e+01,7.241398647359319796e+01,7.312543711516917710e+01,7.364014279235280469e+01,7.395160475897742458e+01,7.405586798852499442e+01,7.395160475897742458e+01,7.364014279235280469e+01,7.312543711516917710e+01,7.241398647359319796e+01,7.151469677283353121e+01,7.043869555245798608e+01,6.919910290013234544e+01,6.781076539513239254e+01,6.628996061842624954e+01,6.465408043767887136e+01,6.292130165485806259e+01,6.111025268554703160e+01,5.923968472949086816e+01,5.732815541004382709e+01,5.539373213529576390e+01,5.345372150376083198e+01,5.152442998727514123e+01,4.962095992212082507e+01,4.775704357718110060e+01,4.594491679538379714e+01,4.419523246929498583e+01,4.251701295623406907e+01,4.091763949914363963e+01,3.940287582563231439e+01,3.797692236989593795e+01,3.664249701293884698e+01,3.540093786972144585e+01,3.425232346387650750e+01,3.319560561096334794e+01,3.222875046363722618e+01,3.134888343595297400e+01,3.055243409559066947e+01,2.983527756669501230e+01,2.919286949648161311e+01,2.862037218079121814e+01,2.811276999415547451e+01,2.766497280803748637e+01,2.727190658922805611e+01,2.692859083490843730e+01,2.663020291125021188e+01,2.637212971180757037e+01,2.615000733692296109e+01,2.595974971549103927e+01,2.579756724787756994e+01,2.565997664783991894e+01,2.554380320780888525e+01,2.544617671281984528e+01,2.536452219129278163e+01,2.529654662351546790e+01,2.524022263867146876e+01,2.519377012570400254e+01,2.515563656866665099e+01,2.512447679910277287e+01,2.509913274112493653e+01,2.507861361300334480e+01,2.506207694507024186e+01,2.504881067960031160e+01,2.503821653525831792e+01,2.502979474727122167e+01,2.502313023468518338e+01,2.501788019747300496e+01,2.501376310810024250e+01,2.501054903344954283e+01,2.500805120261637171e+01,2.500611872284019910e+01,2.500463033854015293e+01,2.500348912595042705e+01,2.500261801715005916e+01,2.500195605141409061e+01,2.500145525795815615e+01
3.272998980324616269e+01,3.372667249097821696e+01,3.481003082549421634e+01,3.598105344087716162e+01,3.723966627464660917e+01,3.858460723398230385e+01,4.001331284847729819e+01,4.152182132262270642e+01,4.310469638266900461e+01,4.475497613520779794e+01,4.646415080885784477e+01,4.822217273236448420e+01,5.001750121605144273e+01,5.183718416052766997e+01,5.366697723645283702e+01,5.549150038931926332e+01,5.729443025799981370e+01,5.905872589556088315e+01,6.076688399033628230e+01,6.240121865189782824e+01,6.394415979825971164e+01,6.537856330358957280e+01,6.668802538199386731e+01,6.785719322846001944e+01,6.887206374036667000e+01,6.972026221977341720e+01,7.039129331447841764e+01,7.087675708923353568e+01,7.117052401023889274e+01,7.126886374735099139e+01,7.117052401023889274e+01,7.087675708923353568e+01,7.039129331447841764e+01,6.972026221977341720e+01,6.887206374036667000e+01,6.785719322846001944e+01,6.668802538199386731e+01,6.537856330358957280e+01,6.394415979825971164e+01,6.240121865189782824e+01,6.076688399033628230e+01,5.905872589556088315e+01,5.729443025799981370e+01,5.549150038931926332e+01,5.366697723645283702e+01,5.183718416052766997e+01,5.001750121605144273e+01,4.822217273236448420e+01,4.646415080885784477e+01,4.475497613520779794e+01,4.310469638266900461e+01,4.152182132262270642e+01,4.001331284847729819e+01,3.858460723398230385e+01,3.723966627464660917e+01,3.598105344087716162e+01,3.481003082549421634e+01,3.372667249097821696e+01,3.272998980324616269e+01,3.181806446364108609e+01,3.098818519967144525e+01,3.023698442549472531e+01,2.956057161125691835e+01,2.895466058185968450e+01,2.841468847696084410e+01,2.793592462312790303e+01,2.751356807659228565e+01,2.714283307449153071e+01,2.681902207062449150e+01,2.653758641879122138e+01,2.629417509632419936e+01,2.608467212919337186e+01,2.590522358768580347e+01,2.575225517016698618e+01,2.562248148585367247e+01,2.551290819139857646e+01,2.542082813696276489e+01,2.534381264247035048e+01,2.527969896122078097e+01,2.522657490313532591e+01,2.518276149036039513e+01,2.514679440982324365e+01,2.511740491593666036e+01,2.509350072641838025e+01,2.507414734868394390e+01,2.505855017617828651e+01,2.504603760521311528e+01,2.503604534452792763e+01,2.502810202241658999e+01,2.502181613986207154e+01,2.501686437228768867e+01,2.501298118654386116e+01,2.500994971267162725e+01,2.500759379075600819e+01,2.500577110068600106e+01,2.500436727575727502e+01,2.500329089872052535e+01,2.500246928010391656e+01,2.500184492253572088e+01,2.500137258058911272e+01
3.226336625266719693e+01,3.319988383974740032e+01,3.421784486773796630e+01,3.531817829147816212e+01,3.650081451929515453e+01,3.776456764504525410e+01,3.910702894311336308e+01,4.052447577316852545e+01,4.201180002403636138e+01,4.356246005945018851e+01,4.516845980336829314e+01,4.682035811574189665e+01,4.850731096468200576e+01,5.021714810882833291e+01,5.193648508278626963e+01,5.365087025444260860e+01,5.534496562810024045e+01,5.700275893957486772e+01,5.860780347075933605e+01,6.014348094621548313e+01,6.159328190813010906e+01,6.294109714185074722e+01,6.417151308178313229e+01,6.527010370038395592e+01,6.622371119724169830e+01,6.702070787740542812e+01,6.765123194429668274e+01,6.810739052771006641e+01,6.838342410530735549e+01,6.847582752963475627e+01,6.838342410530735549e+01,6.810739052771006641e+01,6.765123194429668274e+01,6.702070787740542812e+01,6.622371119724169830e+01,6.527010370038395592e+01,6.417151308178313229e+01,6.294109714185074722e+01,6.159328190813010906e+01,6.014348094621548313e+01,5.860780347075933605e+01,5.700275893957486772e+01,5.534496562810024045e+01,5.365087025444260860e+01,5.193648508278626963e+01,5.021714810882833291e+01,4.850731096468200576e+01,4.682035811574189665e+01,4.516845980336829314e+01,4.356246005945018851e+01,4.201180002403636138e+01,4.052447577316852545e+01,3.910702894311336308e+01,3.776456764504525410e+01,3.650081451929515453e+01,3.531817829147816212e+01,3.421784486773796630e+01,3.319988383974740032e+01,3.226336625266719693e+01,3.140648960661288669e+01,3.062670629600954086e+01,2.992085202051730874e+01,2.928527110348384710e+01,2.871593610627665427e+01,2.820855960722139955e+01,2.775869650164954194e+01,2.736183565645003668e+01,2.701348020301718833e+01,2.670921616417686906e+01,2.644476947435526881e+01,2.621605176189702036e+01,2.601919551499063132e+01,2.585057944774445460e+01,2.570684502249805803e+01,2.558490517223722449e+01,2.548194630820295714e+01,2.539542469860756313e+01,2.532305827150131350e+01,2.526281483514815918e+01,2.521289762949536595e+01,2.517172902877742402e+01,2.513793311369474281e+01,2.511031772693328179e+01,2.508785652221454754e+01,2.506967141792729947e+01,2.505501577422035808e+01,2.504325852899807359e+01,2.503386945464015767e+01,2.502640563395913631e+01,2.502049920091370439e+01,2.501584634852886424e+01,2.501219757265690902e+01,2.500934909477014756e+01,2.500713538890877174e+01,2.500542272616528194e+01,2.500410364362164728e+01,2.500309224246293027e+01,2.500232022114280639e+01,2.500173355313859602e+01,2.500128972427956597e+01
3.179920474917072681e+01,3.267587468487985802e+01,3.362878346232758986e+01,3.465880067199510961e+01,3.576586116942795002e+01,3.694885483317499109e+01,3.820552686593264013e+01,3.953239252069281662e+01,4.092467011737102922e+01,4.237623605943863936e+01,4.387960525578137094e+01,4.542593989731390991e+01,4.700508893415732814e+01,4.860565985766259445e+01,5.021512352947820546e+01,5.181995184124805576e+01,5.340578696361868083e+01,5.495763988751366469e+01,5.646011491347735500e+01,5.789765574800180303e+01,5.925480796127239813e+01,6.051649178931183570e+01,6.166827866212332054e+01,6.269666443967400937e+01,6.358933216369242558e+01,6.433539720080280233e+01,6.492562796721898621e+01,6.535263598234980975e+01,6.561102978302598387e+01,6.569752821635168516e+01,6.561102978302598387e+01,6.535263598234980975e+01,6.492562796721898621e+01,6.433539720080280233e+01,6.358933216369242558e+01,6.269666443967400937e+01,6.166827866212332054e+01,6.051649178931183570e+01,5.925480796127239813e+01,5.789765574800180303e+01,5.646011491347735500e+01,5.495763988751366469e+01,5.340578696361868083e+01,5.181995184124805576e+01,5.021512352947820546e+01,4.860565985766259445e+01,4.700508893415732814e+01,4.542593989731390991e+01,4.387960525578137094e+01,4.237623605943863936e+01,4.092467011737102922e+01,3.953239252069281662e+01,3.820552686593264013e+01,3.694885483317499109e+01,3.576586116942795002e+01,3.465880067199510961e+01,3.362878346232758986e+01,3.267587468487985802e+01,3.179920474917072681e+01,3.099708634309881461e+01,3.026713466444961398e+01,2.960638762579010930e+01,2.901142316451304026e+01,2.847847121327985320e+01,2.800351833578626071e+01,2.758240348938048569e+01,2.721090382248023332e+01,2.688480983644306122e+01,2.659998962692584357e+01,2.635244226021040959e+01,2.613834062982731510e+01,2.595406437522176901e+01,2.579622362682419023e+01,2.566167447251219969e+01,2.554752712262437342e+01,2.545114778927409205e+01,2.537015529648180134e+01,2.530241340687508611e+01,2.524601979483489345e+01,2.519929252129073305e+01,2.516075477780087866e+01,2.512911857244660041e+01,2.510326793208411544e+01,2.508224209854038733e+01,2.506521910353601967e+01,2.505150002083689742e+01,2.504049411603027053e+01,2.503170504540599239e+01,2.502471819616061310e+01,2.501918921053382050e+01,2.501483369617151098e+01,2.501141809335399557e+01,2.500875164591050392e+01,2.500667940572842340e+01,2.500507618977397684e+01,2.500384140248895903e+01,2.500289463437587401e+01,2.500217194866188919e+01,2.500162277136011824e+01,2.500120730514498391e+01
3.134073274021242028e+01,3.215828861163823404e+01,3.304694252139667299e+01,3.400750542327394044e+01,3.503991656552177147e+01,3.614314068244509315e+01,3.731507501826393991e+01,3.855246980329779660e+01,3.985086578729850260e+01,4.120455228932183900e+01,4.260654893974479762e+01,4.404861386507090515e+01,4.552128050315228336e+01,4.701392454493370821e+01,4.851486169487152722e+01,5.001147604820449999e+01,5.149037792746039344e+01,5.293758903604420141e+01,5.433875181021149103e+01,5.567935892106116569e+01,5.694499803469223309e+01,5.812160621923356985e+01,5.919572782662788768e+01,6.015476930424777180e+01,6.098724422927549682e+01,6.168300192177778030e+01,6.223343328587997547e+01,6.263164804801125740e+01,6.287261829265867874e+01,6.295328411585399664e+01,6.287261829265867874e+01,6.263164804801125740e+01,6.223343328587997547e+01,6.168300192177778030e+01,6.098724422927549682e+01,6.015476930424777180e+01,5.919572782662788768e+01,5.812160621923356985e+01,5.694499803469223309e+01,5.567935892106116569e+01,5.433875181021149103e+01,5.293758903604420141e+01,5.149037792746039344e+01,5.001147604820449999e+01,4.851486169487152722e+01,4.701392454493370821e+01,4.552128050315228336e+01,4.404861386507090515e+01,4.260654893974479762e+01,4.120455228932183900e+01,3.985086578729850260e+01,3.855246980329779660e+01,3.731507501826393991e+01,3.614314068244509315e+01,3.503991656552177147e+01,3.400750542327394044e+01,3.304694252139667299e+01,3.215828861163823404e+01,3.134073274021242028e+01,3.059270137087801089e+01,2.991197050920650824e+01,2.929577780203178605e+01,2.874093193724995388e+01,2.824391706406843028e+01,2.780099037315666877e+01,2.740827140196811840e+01,2.706182204681673298e+01,2.675771665656436582e+01,2.649210194216997394e+01,2.626124675383675822e+01,2.606158204780352250e+01,2.588973158529706353e+01,2.574253407646689595e+01,2.561705760394002240e+01,2.551060723726581614e+01,2.542072678550731624e+01,2.534519563595308256e+01,2.528202159822969008e+01,2.522943062099140477e+01,2.518585417872314736e+01,2.514991504453104554e+01,2.512041207610073812e+01,2.509630455062551846e+01,2.507669649408666501e+01,2.506082136372324953e+01,2.504802736206494629e+01,2.503776358806232594e+01,2.502956716658080083e+01,2.502305144225782030e+01,2.501789527745953734e+01,2.501383345647658984e+01,2.501064816857726214e+01,2.500816152032518858e+01,2.500622901179620072e+01,2.500473390107855209e+01,2.500358237579667531e+01,2.500269944848480819e+01,2.500202549364205851e+01,2.500151334749762455e+01,2.500112589626914072e+01
3.089090378742449872e+01,3.165046000541014948e+01,3.247607037209625958e+01,3.336848830998568616e+01,3.432765737722558441e+01,3.535261575270568812e+01,3.644140985590215820e+01,3.759102046469924829e+01,3.879730468027877066e+01,4.005495695304868065e+01,4.135749211993164920e+01,4.269725300851806082e+01,4.406544464051491161e+01,4.545219642445971431e+01,4.684665298074702378e+01,4.823709341146414431e+01,4.961107793954344913e+01,5.095561992704780607e+01,5.225738037514129530e+01,5.350288114458206223e+01,5.467873235192251258e+01,5.577186872820777808e+01,5.676978920591927391e+01,5.766079365355649600e+01,5.843421052660663406e+01,5.908060926218149689e+01,5.959199151725479027e+01,5.996195583314059974e+01,6.018583098842787393e+01,6.026077415711930030e+01,6.018583098842787393e+01,5.996195583314059974e+01,5.959199151725479027e+01,5.908060926218149689e+01,5.843421052660663406e+01,5.766079365355649600e+01,5.676978920591927391e+01,5.577186872820777808e+01,5.467873235192251258e+01,5.350288114458206223e+01,5.225738037514129530e+01,5.095561992704780607e+01,4.961107793954344913e+01,4.823709341146414431e+01,4.684665298074702378e+01,4.545219642445971431e+01,4.406544464051491161e+01,4.269725300851806082e+01,4.135749211993164920e+01,4.005495695304868065e+01,3.879730468027877066e+01,3.759102046469924829e+01,3.644140985590215820e+01,3.535261575270568812e+01,3.432765737722558441e+01,3.336848830998568616e+01,3.247607037209625958e+01,3.165046000541014948e+01,3.089090378742449872e+01,3.019593981287022899e+01,2.956350186357683896e+01,2.899102355528005148e+01,2.847553997630008027e+01,2.801378469993224485e+01,2.760228044199437392e+01,2.723742203058456113e+01,2.691555074188178409e+01,2.663301942119504417e+01,2.638624814236502303e+01,2.617177045358402765e+01,2.598627050883367318e+01,2.582661158896945963e+01,2.568985667470413858e+01,2.557328184691593975e+01,2.547438336090393207e+01,2.539087927464562355e+01,2.532070651177931353e+01,2.526201421337483310e+01,2.521315418414940979e+01,2.517266917408541715e+01,2.513927966053813634e+01,2.511186971351984809e+01,2.508947244195109860e+01,2.507125543466482398e+01,2.505650652954371438e+01,2.504462016941577218e+01,2.503508453566135472e+01,2.502746959077610001e+01,2.502141610978822683e+01,2.501662573744748030e+01,2.501285207317354775e+01,2.500989275832477787e+01,2.500758251971256740e+01,2.500578710863327103e+01,2.500439806516620322e+01,2.500332823224274748e+01,2.500250794221340911e+01,2.500188179957368817e+01,2.500140598647990586e+01,2.500104602210310389e+01
3.045237307064101628e+01,3.115538639729280135e+01,3.191953666906792009e+01,3.274552122218392469e+01,3.363328781643297560e+01,3.458194623060119710e+01,3.558968831262501453e+01,3.665371959735065843e+01,3.777020559167389280e+01,3.893423570177675685e+01,4.013980753315455274e+01,4.137983392870025057e+01,4.264617462598015862e+01,4.392969382019700220e+01,4.522034422801903020e+01,4.650727747872947759e+01,4.777897983726554543e+01,4.902343141711726560e+01,5.022828620132924016e+01,5.138106939043140642e+01,5.246938787080961220e+01,5.348114897838686943e+01,5.440478225023396419e+01,5.522945853615281919e+01,5.594530070285061640e+01,5.654358021749291652e+01,5.701689414978241643e+01,5.735931757848279489e+01,5.756652701729245081e+01,5.763589126589450018e+01,5.756652701729245081e+01,5.735931757848279489e+01,5.701689414978241643e+01,5.654358021749291652e+01,5.594530070285061640e+01,5.522945853615281919e+01,5.440478225023396419e+01,5.348114897838686943e+01,5.246938787080961220e+01,5.138106939043140642e+01,5.022828620132924016e+01,4.902343141711726560e+01,4.777897983726554543e+01,4.650727747872947759e+01,4.522034422801903020e+01,4.392969382019700220e+01,4.264617462598015862e+01,4.137983392870025057e+01,4.013980753315455274e+01,3.893423570177675685e+01,3.777020559167389280e+01,3.665371959735065843e+01,3.558968831262501453e+01,3.458194623060119710e+01,3.363328781643297560e+01,3.274552122218392469e+01,3.191953666906792009e+01,3.115538639729280135e+01,3.045237307064101628e+01,2.980914361100966659e+01,2.922378561366129901e+01,2.869392374113389010e+01,2.821681379573163895e+01,2.778943251011823179e+01,2.740856145613425099e+01,2.707086383811943264e+01,2.677295329500686094e+01,2.651145417363035861e+01,2.628305304472841897e+01,2.608454150613239264e+01,2.591285055006528637e+01,2.576507696105953826e+01,2.563850235744611794e+01,2.553060559411689212e+01,2.543906931015819595e+01,2.536178143589767586e+01,2.529683247452412331e+01,2.524250934876576835e+01,2.519728655830904529e+01,2.515981533375624224e+01,2.512891140269974954e+01,2.510354190722279810e+01,2.508281193356103600e+01,2.506595103690755977e+01,2.505230006992428216e+01,2.504129855433207652e+01,2.503247277231793788e+01,2.502542469923356450e+01,2.501982185153600469e+01,2.501538808413943116e+01,2.501189533901791862e+01,2.500915632151377466e+01,2.500701806170670594e+01,2.500535630463635783e+01,2.500407066435651515e+01,2.500308047194590699e+01,2.500232124595487448e+01,2.500174171463160278e+01,2.500130132202075472e+01,2.500096815411557571e+01
3.002747999850392802e+01,3.067570883256058067e+01,3.138031032578691537e+01,3.214192747231422231e+01,3.296051210291476252e+01,3.383524336962217660e+01,3.476445402622711356e+01,3.574556737493487901e+01,3.677504773740205479e+01,3.784836719305523189e+01,3.895999110258698295e+01,4.010338459757575436e+01,4.127104177077021063e+01,4.245453875327999071e+01,4.364461122747023580e+01,4.483125621553884343e+01,4.600385722591667559e+01,4.715133105900773103e+01,4.826229379949667475e+01,4.932524278533002615e+01,5.032875067468656027e+01,5.126166716182099492e+01,5.211332344799261307e+01,5.287373427809926341e+01,5.353379222507606983e+01,5.408544895406529918e+01,5.452187843105978970e+01,5.483761745267590726e+01,5.502867945368353020e+01,5.509263827820635129e+01,5.502867945368353020e+01,5.483761745267590726e+01,5.452187843105978970e+01,5.408544895406529918e+01,5.353379222507606983e+01,5.287373427809926341e+01,5.211332344799261307e+01,5.126166716182099492e+01,5.032875067468656027e+01,4.932524278533002615e+01,4.826229379949667475e+01,4.715133105900773103e+01,4.600385722591667559e+01,4.483125621553884343e+01,4.364461122747023580e+01,4.245453875327999071e+01,4.127104177077021063e+01,4.010338459757575436e+01,3.895999110258698295e+01,3.784836719305523189e+01,3.677504773740205479e+01,3.574556737493487901e+01,3.476445402622711356e+01,3.383524336962217660e+01,3.296051210291476252e+01,3.214192747231422231e+01,3.138031032578691537e+01,3.067570883256058067e+01,3.002747999850392802e+01,2.943437618831932667e+01,2.889463402733633757e+01,2.840606328362744648e+01,2.796613360960844474e+01,2.757205733542133785e+01,2.722086683889714465e+01,2.690948535452041313e+01,2.663479041390700175e+01,2.639366942212715017e+01,2.618306715916512672e+01,2.600002524753627853e+01,2.584171384140758576e+01,2.570545596737583338e+01,2.558874508208965182e+01,2.548925650848821078e+01,2.540485347319010856e+01,2.533358849609895813e+01,2.527370088386138391e+01,2.522361105606201193e+01,2.518191239172777074e+01,2.514736122849702227e+01,2.511886558206037989e+01,2.509547308315576686e+01,2.507635855694786642e+01,2.506081159792947943e+01,2.504822442486199563e+01,2.503808023647347980e+01,2.502994223087988601e+01,2.502344340073737783e+01,2.501827717231368098e+01,2.501418891998474336e+01,2.501096835785321204e+01,2.500844278677815424e+01,2.500647115749447025e+01,2.500493889799474445e+01,2.500375344521878063e+01,2.500284041662104784e+01,2.500214035566872184e+01,2.500160598612017893e+01,2.500119991246860707e+01,2.500089270770515171e+01
2.961823780046940868e+01,3.021370012069455413e+01,3.086094630591127697e+01,3.156056700984740360e+01,3.231251798430133704e+01,3.311604519920080492e+01,3.396961712394421795e+01,3.487086680666708105e+01,3.581654637698895272e+01,3.680249649186794159e+01,3.782363303749968964e+01,3.887395309067530746e+01,3.994656173294553270e+01,4.103372080727193350e+01,4.212692012128992758e+01,4.321697095018763690e+01,4.429412099605694664e+01,4.534818924349058022e+01,4.636871843994006781e+01,4.734514225222912387e+01,4.826696353626699931e+01,4.912393963300884536e+01,4.990627019523393670e+01,5.060478277818405957e+01,5.121111130900574437e+01,5.171786259582528800e+01,5.211876625103521121e+01,5.240880378179515020e+01,5.258431313350794767e+01,5.264306564195607052e+01,5.258431313350794767e+01,5.240880378179515020e+01,5.211876625103521121e+01,5.171786259582528800e+01,5.121111130900574437e+01,5.060478277818405957e+01,4.990627019523393670e+01,4.912393963300884536e+01,4.826696353626699931e+01,4.734514225222912387e+01,4.636871843994006781e+01,4.534818924349058022e+01,4.429412099605694664e+01,4.321697095018763690e+01,4.212692012128992758e+01,4.103372080727193350e+01,3.994656173294553270e+01,3.887395309067530746e+01,3.782363303749968964e+01,3.680249649186794159e+01,3.581654637698895272e+01,3.487086680666708105e+01,3.396961712394421795e+01,3.311604519920080492e+01,3.231251798430133704e+01,3.156056700984740360e+01,3.086094630591127697e+01,3.021370012069455413e+01,2.961823780046940868e+01,2.907341326877320142e+01,2.857760669150179922e+01,2.812880612392692825e+01,2.772468719143842009e+01,2.736268914345799530e+01,2.704008592540515821e+01,2.675405122373696187e+01,2.650171674230370300e+01,2.628022325470042020e+01,2.608676423905738417e+01,2.591862213295132733e+01,2.577319744299800064e+01,2.564803110426521471e+01,2.554082060868586268e+01,2.544943051037464343e+01,2.537189797156712245e+01,2.530643403910993072e+01,2.525142134195395727e+01,2.520540887920305551e+01,2.516710453032155215e+01,2.513536586838159081e+01,2.510918979775342663e+01,2.508770147304186793e+01,2.507014288951738479e+01,2.505586146943368320e+01,2.504429890558884964e+01,2.503498046488200401e+01,2.502750490156520158e+01,2.502153508308121133e+01,2.501678939112435174e+01,2.501303392686611815e+01,2.501007552190398542e+01,2.500775553499004999e+01,2.500594439841881922e+01,2.500453686646565998e+01,2.500344791080154039e+01,2.500260920369893114e+01,2.500196612844977651e+01,2.500147525714860208e+01,2.500110223832246348e+01,2.500082004035220962e+01
2.922632980730811880e+01,2.977126063630106501e+01,3.036358090291226830e+01,3.100383113743993846e+01,3.169197084662642894e+01,3.242730998809890508e+01,3.320844699837968506e+01,3.403321578736053254e+01,3.489864410198896394e+01,3.580092556497650946e+01,3.673540750518681364e+01,3.769659641310711606e+01,3.867818247953751865e+01,3.967308421470674773e+01,4.067351360915963454e+01,4.167106170189384784e+01,4.265680378415259355e+01,4.362142281104920016e+01,4.455534894229872123e+01,4.544891251367286600e+01,4.629250717857824782e+01,4.707675947962746221e+01,4.779270073626087623e+01,4.843193688598920943e+01,4.898681180875142616e+01,4.945055970587345939e+01,4.981744230072391844e+01,5.008286697447370983e+01,5.024348243791519053e+01,5.029724915336738178e+01,5.024348243791519053e+01,5.008286697447370983e+01,4.981744230072391844e+01,4.945055970587345939e+01,4.898681180875142616e+01,4.843193688598920943e+01,4.779270073626087623e+01,4.707675947962746221e+01,4.629250717857824782e+01,4.544891251367286600e+01,4.455534894229872123e+01,4.362142281104920016e+01,4.265680378415259355e+01,4.167106170189384784e+01,4.067351360915963454e+01,3.967308421470674773e+01,3.867818247953751865e+01,3.769659641310711606e+01,3.673540750518681364e+01,3.580092556497650946e+01,3.489864410198896394e+01,3.403321578736053254e+01,3.320844699837968506e+01,3.242730998809890508e+01,3.169197084662642894e+01,3.100383113743993846e+01,3.036358090291226830e+01,2.977126063630106501e+01,2.922632980730811880e+01,2.872773959659477327e+01,2.827400763069891454e+01,2.786329270040977590e+01,2.749346767972761540e+01,2.716218912577106437e+01,2.686696231950923419e+01,2.660520079101845070e+01,2.637427965045166900e+01,2.617158230803953956e+01,2.599454040599163207e+01,2.584066699678187717e+01,2.570758318247378327e+01,2.559303857669271665e+01,2.549492606436664488e+01,2.541129141555183679e+01,2.534033836073833257e+01,2.528042975901598055e+01,2.523008549096051567e+01,2.518797768897335487e+01,2.515292388307990734e+01,2.512387859377339083e+01,2.509992384906042417e+01,2.508025904374694548e+01,2.506419049809603194e+01,2.505112101272126068e+01,2.504053965889375633e+01,2.503201198980903186e+01,2.502517080980980779e+01,2.501970759572400738e+01,2.501536462763961310e+01,2.501192785560218468e+01,2.500922050366108706e+01,2.500709739301357359e+01,2.500543995119121377e+01,2.500415186372032395e+01,2.500315531785565426e+01,2.500238778422475505e+01,2.500179928094465964e+01,2.500135006544269700e+01,2.500100870134416198e+01,2.500075045095845638e+01
2.885311198038664315e+01,2.934992117451153604e+01,2.988993494995303379e+01,3.047364610397562856e+01,3.110101771919158864e+01,3.177142068934205810e+01,3.248357721991660441e+01,3.323551250342802632e+01,3.402451675990950264e+01,3.484711974482242169e+01,3.569907965411606909e+01,3.657538809793850731e+01,3.747029247236842053e+01,3.837733663831572528e+01,3.928942032819524144e+01,4.019887715773079861e+01,4.109757053943391725e+01,4.197700619602112937e+01,4.282845937861259245e+01,4.364311432961649473e+01,4.441221301763570750e+01,4.512720973454910478e+01,4.577992780411791074e+01,4.636271442492432016e+01,4.686858957191692099e+01,4.729138491912105735e+01,4.762586892440834418e+01,4.786785453294913850e+01,4.801428640046491125e+01,4.806330509633115611e+01,4.801428640046491125e+01,4.786785453294913850e+01,4.762586892440834418e+01,4.729138491912105735e+01,4.686858957191692099e+01,4.636271442492432016e+01,4.577992780411791074e+01,4.512720973454910478e+01,4.441221301763570750e+01,4.364311432961649473e+01,4.282845937861259245e+01,4.197700619602112937e+01,4.109757053943391725e+01,4.019887715773079861e+01,3.928942032819524144e+01,3.837733663831572528e+01,3.747029247236842053e+01,3.657538809793850731e+01,3.569907965411606909e+01,3.484711974482242169e+01,3.402451675990950264e+01,3.323551250342802632e+01,3.248357721991660441e+01,3.177142068934205810e+01,3.110101771919158864e+01,3.047364610397562856e+01,2.988993494995303379e+01,2.934992117451153604e+01,2.885311198038664315e+01,2.839855116715311567e+01,2.798488726646684555e+01,2.761044166222549023e+01,2.727327507021624342e+01,2.697125099180950158e+01,2.670209501108795180e+01,2.646344906355965065e+01,2.625292005758765157e+01,2.606812246865122162e+01,2.590671474494928717e+01,2.576642955578496341e+01,2.564509807843093370e+01,2.554066865315027712e+01,2.545122023953718582e+01,2.537497118136701602e+01,2.531028383371274515e+01,2.525566562795288306e+01,2.520976715073208396e+01,2.517137779549910448e+01,2.513941951358446758e+01,2.511293914946162431e+01,2.509109979521127087e+01,2.507317154531125070e+01,2.505852197734618869e+01,2.504660662928510106e+01,2.503695969138381372e+01,2.502918508187314117e+01,2.502294803133122869e+01,2.501796726158415041e+01,2.501400781139465224e+01,2.501087453308580422e+01,2.500840626139973821e+01,2.500647063795230096e+01,2.500495956114720286e+01,2.500378522182865382e+01,2.500287667872264308e+01,2.500217692428713789e+01,2.500164039042858377e+01,2.500123084415290364e+01,2.500091962516202670e+01,2.500068418029603734e+01
2.849962112730810659e+01,2.895085222592411967e+01,2.944132424625269451e+01,2.997148477552386581e+01,3.054130028321198154e+01,3.115019937830479080e+01,3.179702149326937999e+01,3.247997299271710148e+01,3.319659269636805021e+01,3.394372872564562726e+01,3.471752842660432492e+01,3.551344288734412658e+01,3.632624725732275550e+01,3.715007769430691553e+01,3.797848532097940222e+01,3.880450707981182745e+01,3.962075284728228297e+01,4.041950762512598772e+01,4.119284708732656952e+01,4.193276424844505357e+01,4.263130455334085411e+01,4.328070629126153079e+01,4.387354292774300291e+01,4.440286374200124442e+01,4.486232906800454145e+01,4.524633647218455224e+01,4.555013436272302840e+01,4.576991981211163107e+01,4.590291777839911447e+01,4.594743941819568533e+01,4.590291777839911447e+01,4.576991981211163107e+01,4.555013436272302840e+01,4.524633647218455224e+01,4.486232906800454145e+01,4.440286374200124442e+01,4.387354292774300291e+01,4.328070629126153079e+01,4.263130455334085411e+01,4.193276424844505357e+01,4.119284708732656952e+01,4.041950762512598772e+01,3.962075284728228297e+01,3.880450707981182745e+01,3.797848532097940222e+01,3.715007769430691553e+01,3.632624725732275550e+01,3.551344288734412658e+01,3.471752842660432492e+01,3.394372872564562726e+01,3.319659269636805021e+01,3.247997299271710148e+01,3.179702149326937999e+01,3.115019937830479080e+01,3.054130028321198154e+01,2.997148477552386581e+01,2.944132424625269451e+01,2.895085222592411967e+01,2.849962112730810659e+01,2.808676247338474141e+01,2.771104878174656605e+01,2.737095543530320185e+01,2.706472106297654534e+01,2.679040517204780159e+01,2.654594200527008496e+01,2.632918983088020326e+01,2.613797510341805364e+01,2.597013115032001096e+01,2.582353123761222591e+01,2.569611604325843501e+01,2.558591571590821445e+01,2.549106681847540301e+01,2.540982454997191908e+01,2.534057070625598840e+01,2.528181788264931740e+01,2.523221044123939905e+01,2.519052276607947505e+01,2.515565531366155128e+01,2.512662893728052538e+01,2.510257792547115585e+01,2.508274214962805715e+01,2.506645866696647218e+01,2.505315307454729279e+01,2.504233086018496479e+01,2.503356894829010670e+01,2.502650759428881599e+01,2.502084274105857631e+01,2.501631891534941943e+01,2.501272271165582595e+01,2.500987688547086663e+01,2.500763505710343892e+01,2.500587701094603688e+01,2.500450456282123923e+01,2.500343795933015656e+01,2.500261276746834227e+01,2.500197720965977410e+01,2.500148989830301360e+01,2.500111792447866677e+01,2.500083525723171718e+01,2.500062141246636216e+01
2.816658814493755614e+01,2.857487892714680555e+01,2.901867636363978775e+01,2.949838544809009733e+01,3.001397584082346270e+01,3.056493052587167369e+01,3.115019937830479080e+01,3.176815944970883976e+01,3.241658377207406971e+01,3.309262040772723878e+01,3.379278333121968814e+01,3.451295651685298083e+01,3.524841232435279892e+01,3.599384492985295481e+01,3.674341914785260599e+01,3.749083454335605836e+01,3.822940425607678350e+01,3.895214746690479046e+01,3.965189394914766297e+01,4.032139868277462824e+01,4.095346408865059828e+01,4.154106708045881646e+01,4.207748785192980279e+01,4.255643713081595081e+01,4.297217855007382070e+01,4.331964281817872120e+01,4.359453051705836657e+01,4.379340061560500885e+01,4.391374215202462494e+01,4.395402699762486520e+01,4.391374215202462494e+01,4.379340061560500885e+01,4.359453051705836657e+01,4.331964281817872120e+01,4.297217855007382070e+01,4.255643713081595081e+01,4.207748785192980279e+01,4.154106708045881646e+01,4.095346408865059828e+01,4.032139868277462824e+01,3.965189394914766297e+01,3.895214746690479046e+01,3.822940425607678350e+01,3.749083454335605836e+01,3.674341914785260599e+01,3.599384492985295481e+01,3.524841232435279892e+01,3.451295651685298083e+01,3.379278333121968814e+01,3.309262040772723878e+01,3.241658377207406971e+01,3.176815944970883976e+01,3.115019937830479080e+01,3.056493052587167369e+01,3.001397584082346270e+01,2.949838544809009733e+01,2.901867636363978775e+01,2.857487892714680555e+01,2.816658814493755614e+01,2.779301818650773725e+01,2.745305837984509623e+01,2.714532919435807656e+01,2.686823687558815976e+01,2.662002559311395800e+01,2.639882617248191821e+01,2.620270069465329499e+01,2.602968245436599659e+01,2.587781096521181112e+01,2.574516187871300588e+01,2.562987184323536738e+01,2.553015846356908014e+01,2.544433563211241633e+01,2.537082458764433923e+01,2.530816111850734984e+01,2.525499936529276823e+01,2.521011269609205030e+01,2.517239212773642265e+01,2.514084275211709496e+01,2.511457860065754844e+01,2.509281634523080484e+01,2.507486819303219505e+01,2.506013428862405235e+01,2.504809489073404549e+01,2.503830254623300533e+01,2.503037444049700255e+01,2.502398506317463855e+01,2.501885929200423320e+01,2.501476596522991613e+01,2.501151198556507538e+01,2.500893697554769446e+01,2.500690848535603195e+01,2.500531773941018088e+01,2.500407589699255340e+01,2.500311079424361083e+01,2.500236412976998324e+01,2.500178905328346701e+01,2.500134811573363791e+01,2.500101153989883684e+01,2.500075577199694266e+01,2.500056227725159985e+01
2.785445556139744028e+01,2.822250086460736895e+01,2.862255290887354775e+01,2.905497676738864499e+01,2.951974509107915168e+01,3.001639182656575855e+01,3.054397036039285496e+01,3.110101771919158864e+01,3.168552644858850798e+01,3.229492572819916774e+01,3.292607315229422937e+01,3.357525841441514558e+01,3.423821988076058886e+01,3.491017472585740222e+01,3.558586294210675760e+01,3.625960513235013138e+01,3.692537356432187323e+01,3.757687552263888620e+01,3.820764755436005800e+01,3.881115878563232258e+01,3.938092110721935057e+01,3.991060370283641134e+01,4.039414914174118110e+01,4.082588808920409207e+01,4.120064961548628446e+01,4.151386411231452911e+01,4.176165595795798424e+01,4.194092330590775219e+01,4.204940270145188919e+01,4.208571664450366256e+01,4.204940270145188919e+01,4.194092330590775219e+01,4.176165595795798424e+01,4.151386411231452911e+01,4.120064961548628446e+01,4.082588808920409207e+01,4.039414914174118110e+01,3.991060370283641134e+01,3.938092110721935057e+01,3.881115878563232258e+01,3.820764755436005800e+01,3.757687552263888620e+01,3.692537356432187323e+01,3.625960513235013138e+01,3.558586294210675760e+01,3.491017472585740222e+01,3.423821988076058886e+01,3.357525841441514558e+01,3.292607315229422937e+01,3.229492572819916774e+01,3.168552644858850798e+01,3.110101771919158864e+01,3.054397036039285496e+01,3.001639182656575855e+01,2.951974509107915168e+01,2.905497676738864499e+01,2.862255290887354775e+01,2.822250086460736895e+01,2.785445556139744028e+01,2.751770862854614208e+01,2.721125887367948337e+01,2.693386274740331388e+01,2.668408359263770180e+01,2.646033865226938531e+01,2.626094299754540629e+01,2.608414973132458670e+01,2.592818600771851933e+01,2.579128458669636359e+01,2.567171080401920946e+01,2.556778497979449583e+01,2.547790041062840061e+01,2.540053718960516704e+01,2.533427217498951833e+01,2.527778548338723397e+01,2.522986391759737757e+01,2.518940175558952888e+01,2.515539932736281870e+01,2.512695979352600162e+01,2.510328451598195798e+01,2.508366737974946759e+01,2.506748838819288494e+01,2.505420681400201133e+01,2.504335414712837959e+01,2.503452704017896124e+01,2.502738041280790426e+01,2.502162084042371148e+01,2.501700031973894767e+01,2.501331047475729363e+01,2.501037724191303013e+01,2.500805605225136929e+01,2.500622751161273882e+01,2.500479356649449869e+01,2.500367413326443256e+01,2.500280416129998784e+01,2.500213109601278205e+01,2.500161270517695655e+01,2.500121523111852540e+01,2.500091183177529075e+01,2.500068127507622506e+01,2.500050685322953825e+01
2.756339860618976090e+01,2.789391586139660362e+01,2.825317626346545907e+01,2.864150766059469433e+01,2.905888549238203922e+01,2.950489122697185707e+01,2.997867477314341755e+01,3.047892233083435798e+01,3.100383113743993846e+01,3.155109250843225155e+01,3.211788445611755094e+01,3.270087499854691515e+01,3.329623704298367670e+01,3.389967544876510885e+01,3.450646654937852986e+01,3.511151005215969434e+01,3.570939284761859511e+01,3.629446386237355426e+01,3.686091869488319617e+01,3.740289239732393156e+01,3.791455842595904357e+01,3.839023149149557668e+01,3.882447181419693294e+01,3.921218813780382106e+01,3.954873679076479220e+01,3.983001410874656756e+01,4.005253965103829472e+01,4.021352785351176351e+01,4.031094605651297513e+01,4.034355721790677762e+01,4.031094605651297513e+01,4.021352785351176351e+01,4.005253965103829472e+01,3.983001410874656756e+01,3.954873679076479220e+01,3.921218813780382106e+01,3.882447181419693294e+01,3.839023149149557668e+01,3.791455842595904357e+01,3.740289239732393156e+01,3.686091869488319617e+01,3.629446386237355426e+01,3.570939284761859511e+01,3.511151005215969434e+01,3.450646654937852986e+01,3.389967544876510885e+01,3.329623704298367670e+01,3.270087499854691515e+01,3.211788445611755094e+01,3.155109250843225155e+01,3.100383113743993846e+01,3.047892233083435798e+01,2.997867477314341755e+01,2.950489122697185707e+01,2.905888549238203922e+01,2.864150766059469433e+01,2.825317626346545907e+01,2.789391586139660362e+01,2.756339860618976090e+01,2.726098835675953325e+01,2.698578600815200801e+01,2.673667481052990880e+01,2.651236459675731894e+01,2.631143399687740470e+01,2.613236988731056343e+01,2.597360349474766394e+01,2.583354274301809639e+01,2.571060059020287270e+01,2.560321924855697517e+01,2.550989030815674852e+01,2.542917089446738999e+01,2.535969607915647472e+01,2.530018783232927859e+01,2.524946085360879877e+01,2.520642565046413708e+01,2.517008924673901760e+01,2.513955390462258777e+01,2.511401423170426384e+01,2.509275302369027472e+01,2.507513616520564881e+01,2.506060687809164378e+01,2.504867957075174090e+01,2.503893350515746619e+01,2.503100646157100329e+01,2.502458854605335503e+01,2.501941625329758523e+01,2.501526686787944342e+01,2.501195326103583128e+01,2.500931911773849237e+01,2.500723461012735171e+01,2.500559251816844153e+01,2.500430478646676136e+01,2.500329949718481259e+01,2.500251823264132511e+01,2.500191379702059535e+01,2.500144826434109291e+01,2.500109131905837145e+01,2.500081885608361532e+01,2.500061180829172613e+01,2.500045517151491481e+01
2.729334902112707439e+01,2.758904685831241466e+01,2.791045980182609298e+01,2.825788116162896912e+01,2.863128896471442530e+01,2.903030877082994365e+01,2.945418004438646165e+01,2.990172739187331530e+01,3.037133796859092172e+01,3.086094630591127697e+01,3.136802770763634385e+01,3.188960121032076600e+01,3.242224289879180787e+01,3.296211011798578028e+01,3.350497683144195094e+01,3.404628005345820441e+01,3.458117693621515798e+01,3.510461173708386440e+01,3.561139153813073932e+01,3.609626925358544725e+01,3.655403215596078326e+01,3.697959389130330976e+01,3.736808775121117776e+01,3.771495883441757258e+01,3.801605267209308181e+01,3.826769791380504415e+01,3.846678077721855260e+01,3.861080915254186152e+01,3.869796451728042541e+01,3.872714014953663764e+01,3.869796451728042541e+01,3.861080915254186152e+01,3.846678077721855260e+01,3.826769791380504415e+01,3.801605267209308181e+01,3.771495883441757258e+01,3.736808775121117776e+01,3.697959389130330976e+01,3.655403215596078326e+01,3.609626925358544725e+01,3.561139153813073932e+01,3.510461173708386440e+01,3.458117693621515798e+01,3.404628005345820441e+01,3.350497683144195094e+01,3.296211011798578028e+01,3.242224289879180787e+01,3.188960121032076600e+01,3.136802770763634385e+01,3.086094630591127697e+01,3.037133796859092172e+01,2.990172739187331530e+01,2.945418004438646165e+01,2.903030877082994365e+01,2.863128896471442530e+01,2.825788116162896912e+01,2.791045980182609298e+01,2.758904685831241466e+01,2.729334902112707439e+01,2.702279716554170008e+01,2.677658690574559941e+01,2.655371913955467633e+01,2.635303961669701067e+01,2.617327670606875500e+01,2.601307668902789771e+01,2.587103605980511389e+01,2.574573046468553272e+01,2.563574005385623522e+01,2.553967114980195063e+01,2.545617425096114772e+01,2.538395848712190173e+01,2.532180272277782507e+01,2.526856356626092648e+01,2.522318058652751915e+01,2.518467906719006777e+01,2.515217064040343331e+01,2.512485214347384854e+01,2.510200303068050331e+01,2.508298165395464707e+01,2.506722070087326060e+01,2.505422204888830606e+01,2.504355126263344999e+01,2.503483192809979840e+01,2.502773998476896011e+01,2.502199818548946553e+01,2.501737078478019427e+01,2.501365852989950866e+01,2.501069400577405588e+01,2.500833736489195758e+01,2.500647245653240702e+01,2.500500335610554714e+01,2.500385128469909901e+01,2.500295190089466857e+01,2.500225294121210950e+01,2.500171218183282917e+01,2.500129569221148884e+01,2.500097635049352363e+01,2.500073259101930745e+01,2.500054735535221084e+01,2.500040721998742299e+01
2.704402083234440823e+01,2.730757100884086697e+01,2.759404059819461708e+01,2.790369102231083431e+01,2.823650269704298310e+01,2.859214189051267141e+01,2.896993075099587855e+01,2.936882167134695365e+01,2.978737715202487024e+01,3.022375627790275132e+01,3.067570883256058067e+01,3.114057793676778019e+01,3.161531191636711924e+01,3.209648588185014262e+01,3.258033324274832410e+01,3.306278709178026531e+01,3.353953108558106067e+01,3.400605913146213766e+01,3.445774287484720588e+01,3.488990568233909073e+01,3.529790154346178355e+01,3.567719708220242580e+01,3.602345468868715983e+01,3.633261466114669247e+01,3.660097419605813229e+01,3.682526108465688708e+01,3.700270006861930483e+01,3.713106997520462471e+01,3.720874998794362654e+01,3.723475370546727703e+01,3.720874998794362654e+01,3.713106997520462471e+01,3.700270006861930483e+01,3.682526108465688708e+01,3.660097419605813229e+01,3.633261466114669247e+01,3.602345468868715983e+01,3.567719708220242580e+01,3.529790154346178355e+01,3.488990568233909073e+01,3.445774287484720588e+01,3.400605913146213766e+01,3.353953108558106067e+01,3.306278709178026531e+01,3.258033324274832410e+01,3.209648588185014262e+01,3.161531191636711924e+01,3.114057793676778019e+01,3.067570883256058067e+01,3.022375627790275132e+01,2.978737715202487024e+01,2.936882167134695365e+01,2.896993075099587855e+01,2.859214189051267141e+01,2.823650269704298310e+01,2.790369102231083431e+01,2.759404059819461708e+01,2.730757100884086697e+01,2.704402083234440823e+01,2.680288281804680395e+01,2.658344003130829236e+01,2.638480199027936024e+01,2.620593993240365904e+01,2.604572047569556403e+01,2.590293707501959375e+01,2.577633881086702061e+01,2.566465618232936308e+01,2.556662370274511176e+01,2.548099921235204235e+01,2.540657992462283232e+01,2.534221531010003403e+01,2.528681699261796822e+01,2.523936588769914025e+01,2.519891685218192379e+01,2.516460113883970351e+01,2.513562696135233310e+01,2.511127847522222467e+01,2.509091347097736957e+01,2.507396005920735860e+01,2.505991260452898928e+01,2.504832713925315701e+01,2.503881645893302732e+01,2.503104507251657651e+01,2.502472415067846967e+01,2.501960658800732773e+01,2.501548226878586334e+01,2.501217360262070954e+01,2.500953137546095917e+01,2.500743094372859332e+01,2.500576878437028228e+01,2.500445940152029323e+01,2.500343258094765631e+01,2.500263097630065445e+01,2.500200800607721519e+01,2.500152603694545306e+01,2.500115482721913907e+01,2.500087020367595514e+01,2.500065294523042780e+01,2.500048784800408086e+01,2.500036294786793079e+01
2.681493733275050317e+01,2.704895014064727121e+01,2.730331366972123774e+01,2.757826004303483813e+01,2.787377187133347434e+01,2.818955282571695165e+01,2.852500102464837539e+01,2.887918627148366468e+01,2.925083217434776373e+01,2.963830413855490065e+01,3.003960414054149552e+01,3.045237307064101628e+01,3.087390127087557090e+01,3.130114769600182001e+01,3.173076789592890634e+01,3.215915076173997278e+01,3.258246370396729219e+01,3.299670564996232258e+01,3.339776696768177544e+01,3.378149515710714468e+01,3.414376490907926609e+01,3.448055092540209188e+01,3.478800173354143510e+01,3.506251262253535117e+01,3.530079578032081145e+01,3.549994573071415971e+01,3.565749825228478187e+01,3.577148111007988973e+01,3.584045514052893111e+01,3.586354449313099479e+01,3.584045514052893111e+01,3.577148111007988973e+01,3.565749825228478187e+01,3.549994573071415971e+01,3.530079578032081145e+01,3.506251262253535117e+01,3.478800173354143510e+01,3.448055092540209188e+01,3.414376490907926609e+01,3.378149515710714468e+01,3.339776696768177544e+01,3.299670564996232258e+01,3.258246370396729219e+01,3.215915076173997278e+01,3.173076789592890634e+01,3.130114769600182001e+01,3.087390127087557090e+01,3.045237307064101628e+01,3.003960414054149552e+01,2.963830413855490065e+01,2.925083217434776373e+01,2.887918627148366468e+01,2.852500102464837539e+01,2.818955282571695165e+01,2.787377187133347434e+01,2.757826004303483813e+01,2.730331366972123774e+01,2.704895014064727121e+01,2.681493733275050317e+01,2.660082484545648285e+01,2.640597609452779437e+01,2.622960039880929983e+01,2.607078429424012356e+01,2.592852142254571035e+01,2.580174046205683425e+01,2.568933068998597946e+01,2.559016488465501382e+01,2.550311938873632300e+01,2.542709125744087117e+01,2.536101250646183658e+01,2.530386155185462016e+01,2.525467199714032063e+01,2.521253897166686642e+01,2.517662325912995414e+01,2.514615347709092674e+01,2.512042657862910744e+01,2.509880694747162622e+01,2.508072434973057696e+01,2.506567099046339564e+01,2.505319790333901153e+01,2.504291087831770568e+01,2.503446610686541973e+01,2.502756569806759401e+01,2.502195319312643207e+01,2.501740918095318023e+01,2.501374709453568101e+01,2.501080924691215301e+01,2.500846314718657482e+01,2.500659812120169079e+01,2.500512224824353069e+01,2.500395961438984926e+01,2.500304787466497913e+01,2.500233610980577126e+01,2.500178295892892066e+01,2.500135500645572506e+01,2.500102540003493701e+01,2.500077267565652761e+01,2.500057976643691404e+01,2.500043317247128982e+01,2.500032227050963840e+01
2.660545857177765683e+01,2.681246178977541561e+01,2.703746686335585281e+01,2.728067912410457652e+01,2.754208318982222536e+01,2.782141693367704960e+01,2.811814794286603814e+01,2.843145338337242833e+01,2.876020418355295050e+01,2.910295441246423565e+01,2.945793665698470676e+01,2.982306409418799831e+01,3.019593981287023965e+01,3.057387376304183491e+01,3.095390750863483831e+01,3.133284673232517292e+01,3.170730119936361291e+01,3.207373163802768090e+01,3.242850274704737501e+01,3.276794130496831059e+01,3.308839814284601033e+01,3.338631255950572552e+01,3.365827761660180784e+01,3.390110465631765635e+01,3.411188534349277290e+01,3.428804954991390730e+01,3.442741747281480968e+01,3.452824451118177507e+01,3.458925760866796395e+01,3.460968200480709100e+01,3.458925760866796395e+01,3.452824451118177507e+01,3.442741747281480968e+01,3.428804954991390730e+01,3.411188534349277290e+01,3.390110465631765635e+01,3.365827761660180784e+01,3.338631255950572552e+01,3.308839814284601033e+01,3.276794130496831059e+01,3.242850274704737501e+01,3.207373163802768090e+01,3.170730119936361291e+01,3.133284673232517292e+01,3.095390750863483831e+01,3.057387376304183491e+01,3.019593981287023965e+01,2.982306409418799831e+01,2.945793665698470676e+01,2.910295441246423565e+01,2.876020418355295050e+01,2.843145338337242833e+01,2.811814794286603814e+01,2.782141693367704960e+01,2.754208318982222536e+01,2.728067912410457652e+01,2.703746686335585281e+01,2.681246178977541561e+01,2.660545857177765683e+01,2.641605879369833687e+01,2.624369934539465632e+01,2.608768080556145108e+01,2.594719514150245132e+01,2.582135214809100887e+01,2.570920415483406885e+01,2.560976863776901169e+01,2.552204847833267465e+01,2.544504971091765100e+01,2.537779669182880937e+01,2.531934470273953508e+01,2.526879007018900936e+01,2.522527793848454181e+01,2.518800787649360018e+01,2.515623752965385052e+01,2.512928454793264876e+01,2.510652702957900573e+01,2.508740272069290000e+01,2.507140720337143946e+01,2.505809129199894159e+01,2.504705783961520282e+01,2.503795813561962547e+01,2.503048805361176576e+01,2.502438408503206446e+01,2.501941937137262428e+01,2.501539982581467925e+01,2.501216041477636054e+01,2.500956165141155552e+01,2.500748633682812283e+01,2.500583657080039757e+01,2.500453104203707255e+01,2.500350259854619139e+01,2.500269609116430303e+01,2.500206647769298129e+01,2.500157717109230759e+01,2.500119861258562537e+01,2.500090704910074990e+01,2.500068349398824452e+01,2.500051285021194758e+01,2.500038317601634930e+01,2.500028507427931146e+01
2.641480871178199052e+01,2.659723008430352209e+01,2.679551557350444924e+01,2.700984612763296511e+01,2.724020819114174685e+01,2.748637076503045762e+01,2.774786466106516514e+01,2.802396475761659644e+01,2.831367606146275406e+01,2.861572434744998716e+01,2.892855208458642480e+01,2.925032026231887983e+01,2.957891660511922893e+01,2.991197050920651890e+01,3.024687485584486168e+01,3.058081465618449712e+01,3.091080226934667863e+01,3.123371871577355918e+01,3.154636038996752490e+01,3.184549026930755034e+01,3.212789252742216917e+01,3.239042930007081367e+01,3.263009822634761292e+01,3.284408930483792233e+01,3.302983956817891453e+01,3.318508409353145083e+01,3.330790193195427662e+01,3.339675565560209947e+01,3.345052338488128640e+01,3.346852236292936311e+01,3.345052338488128640e+01,3.339675565560209947e+01,3.330790193195427662e+01,3.318508409353145083e+01,3.302983956817891453e+01,3.284408930483792233e+01,3.263009822634761292e+01,3.239042930007081367e+01,3.212789252742216917e+01,3.184549026930755034e+01,3.154636038996752490e+01,3.123371871577355918e+01,3.091080226934667863e+01,3.058081465618449712e+01,3.024687485584486168e+01,2.991197050920651890e+01,2.957891660511922893e+01,2.925032026231887983e+01,2.892855208458642480e+01,2.861572434744998716e+01,2.831367606146275406e+01,2.802396475761659644e+01,2.774786466106516514e+01,2.748637076503045762e+01,2.724020819114174685e+01,2.700984612763296511e+01,2.679551557350444924e+01,2.659723008430352209e+01,2.641480871178199052e+01,2.624790035254635612e+01,2.609600876636361377e+01,2.595851758892942485e+01,2.583471474226296039e+01,2.572381573401381161e+01,2.562498543053665756e+01,2.553735798360202836e+01,2.546005468350378109e+01,2.539219959907477175e+01,2.533293294531416961e+01,2.528142219017028225e+01,2.523687097233709764e+01,2.519852595111645144e+01,2.516568174739772701e+01,2.513768416198794498e+01,2.511393187462406829e+01,2.509387683502898270e+01,2.507702355753275114e+01,2.506292752437830629e+01,2.505119289120476722e+01,2.504146967266274970e+01,2.503345056789487089e+01,2.502686756582416194e+01,2.502148844980409592e+01,2.501711330100837927e+01,2.501357108062801515e+01,2.501071635298905704e+01,2.500842619545212742e+01,2.500659732661430823e+01,2.500514347200263998e+01,2.500399297612544913e+01,2.500308666135902769e+01,2.500237592755993177e+01,2.500182108133721215e+01,2.500138988039965326e+01,2.500105627610578551e+01,2.500079933608522254e+01,2.500060232837272878e+01,2.500045194872073040e+01,2.500033767346950597e+01,2.500025122141484246e+01
2.624210268433459703e+01,2.640225583762102346e+01,2.657633657118596204e+01,2.676450374488299033e+01,2.696674545789359456e+01,2.718285890931895921e+01,2.741243218484164146e+01,2.765482867859777016e+01,2.790917485641861617e+01,2.817435203811045596e+01,2.844899282085067682e+01,2.873148268253065396e+01,2.901996719358569976e+01,2.931236513038798108e+01,2.960638762579010930e+01,2.989956331728381755e+01,3.018926926600508409e+01,3.047276722695377060e+01,3.074724465949804042e+01,3.100985968511866631e+01,3.125778903411490717e+01,3.148827788206150302e+01,3.169869036694437625e+01,3.188655950487305901e+01,3.204963519050486553e+01,3.218592898065673324e+01,3.229375441706999084e+01,3.237176174607284196e+01,3.241896603617375661e+01,3.243476787479873735e+01,3.241896603617375661e+01,3.237176174607284196e+01,3.229375441706999084e+01,3.218592898065673324e+01,3.204963519050486553e+01,3.188655950487305901e+01,3.169869036694437625e+01,3.148827788206150302e+01,3.125778903411490717e+01,3.100985968511866631e+01,3.074724465949804042e+01,3.047276722695377060e+01,3.018926926600508409e+01,2.989956331728381755e+01,2.960638762579010930e+01,2.931236513038798108e+01,2.901996719358569976e+01,2.873148268253065396e+01,2.844899282085067682e+01,2.817435203811045596e+01,2.790917485641861617e+01,2.765482867859777016e+01,2.741243218484164146e+01,2.718285890931895921e+01,2.696674545789359456e+01,2.676450374488299033e+01,2.657633657118596204e+01,2.640225583762102346e+01,2.624210268433459703e+01,2.609556886720582014e+01,2.596221872216197113e+01,2.584151112463224464e+01,2.573282092016001243e+01,2.563545937955795750e+01,2.554869331413843980e+01,2.547176256996610633e+01,2.540389570163235078e+01,2.534432370309067650e+01,2.529229174349463349e+01,2.524706891817308474e+01,2.520795607782926240e+01,2.517429184223868432e+01,2.514545693808229387e+01,2.512087702441426273e+01,2.510002418427547610e+01,2.508241726801319160e+01,2.506762127400807927e+01,2.505524594688873563e+01,2.504494376310717030e+01,2.503640746010674434e+01,2.502936724931698009e+01,2.502358783583520463e+01,2.501886534975476550e+01,2.501502427638684978e+01,2.501191445566951899e+01,2.500940820529527286e+01,2.500739760781981147e+01,2.500579198942502046e+01,2.500451560718284938e+01,2.500350555260410701e+01,2.500270987189134075e+01,2.500208589753187027e+01,2.500159878151619353e+01,2.500122021737704614e+01,2.500092733623667129e+01,2.500070176094398633e+01,2.500052880200862759e+01,2.500039677923561499e+01,2.500029645359079922e+01,2.500022055475849214e+01
2.608637166131971696e+01,2.622644530369701954e+01,2.637870032907602180e+01,2.654327567994935677e+01,2.672016094758660998e+01,2.690917875764333900e+01,2.710996884035521504e+01,2.732197440554806533e+01,2.754443144008670785e+01,2.777636152046727602e+01,2.801656868463701500e+01,2.826364083431493768e+01,2.851595604262459460e+01,2.877169402337013437e+01,2.902885288054344670e+01,2.928527110348384710e+01,2.953865460935327292e+01,2.978660846590705091e+01,3.002667276022715370e+01,3.025636191980242984e+01,3.047320664782365185e+01,3.067479751129847898e+01,3.085882912450368565e+01,3.102314380641875147e+01,3.116577356300411950e+01,3.128497925598123075e+01,3.137928587005280434e+01,3.144751287952049523e+01,3.148879884058079526e+01,3.150261949316890053e+01,3.148879884058079526e+01,3.144751287952049523e+01,3.137928587005280434e+01,3.128497925598123075e+01,3.116577356300411950e+01,3.102314380641875147e+01,3.085882912450368565e+01,3.067479751129847898e+01,3.047320664782365185e+01,3.025636191980242984e+01,3.002667276022715370e+01,2.978660846590705091e+01,2.953865460935327292e+01,2.928527110348384710e+01,2.902885288054344670e+01,2.877169402337013437e+01,2.851595604262459460e+01,2.826364083431493768e+01,2.801656868463701500e+01,2.777636152046727602e+01,2.754443144008670785e+01,2.732197440554806533e+01,2.710996884035521504e+01,2.690917875764333900e+01,2.672016094758660998e+01,2.654327567994935677e+01,2.637870032907602180e+01,2.622644530369701954e+01,2.608637166131971696e+01,2.595820980452525006e+01,2.584157869146545394e+01,2.573600504210768847e+01,2.564094208194273605e+01,2.555578743253533247e+01,2.547989983014562654e+01,2.541261442660603720e+01,2.535325649796601866e+01,2.530115345379739011e+01,2.525564510162894294e+01,2.521609217537432812e+01,2.518188318293018924e+01,2.515243966589505220e+01,2.512721999353829005e+01,2.510572183401942681e+01,2.508748345898769827e+01,2.507208404385736245e+01,2.505914312617726125e+01,2.504831937959690080e+01,2.503930885200433565e+01,2.503184280447939258e+01,2.502568527371468221e+01,2.502063046536040147e+01,2.501650007009319054e+01,2.501314057871733354e+01,2.501042065777867052e+01,2.500822863338560254e+01,2.500647011845184409e+01,2.500506580756435326e+01,2.500394945421096793e+01,2.500306603717583087e+01,2.500237011646918361e+01,2.500182437410016334e+01,2.500139833119575172e+01,2.500106723026670252e+01,2.500081106966496236e+01,2.500061377631027071e+01,2.500046250243548229e+01,2.500034703227262156e+01,2.500025928514929063e+01,2.500019290227967161e+01
2.594658694173749680e+01,2.606863714377874786e+01,2.620130133594167177e+01,2.634470058282493454e+01,2.649882581500170531e+01,2.666352248109308931e+01,2.683847666766913420e+01,2.702320322740233038e+01,2.721703645362632784e+01,2.741912381774044505e+01,2.762842324353607992e+01,2.784370432907915216e+01,2.806355384273229348e+01,2.828638571666571977e+01,2.851045564118555475e+01,2.873388022975044720e+01,2.895466058185968450e+01,2.917070992401772145e+01,2.937988486319533621e+01,2.958001964842021891e+01,2.976896271020825324e+01,2.994461464014450414e+01,3.010496668919861563e+01,3.024813880770509655e+01,3.037241622573245792e+01,3.047628358197021825e+01,3.055845565307448908e+01,3.061790381297720742e+01,3.065387746086239673e+01,3.066591979382448585e+01,3.065387746086239673e+01,3.061790381297720742e+01,3.055845565307448908e+01,3.047628358197021825e+01,3.037241622573245792e+01,3.024813880770509655e+01,3.010496668919861563e+01,2.994461464014450414e+01,2.976896271020825324e+01,2.958001964842021891e+01,2.937988486319533621e+01,2.917070992401772145e+01,2.895466058185968450e+01,2.873388022975044720e+01,2.851045564118555475e+01,2.828638571666571977e+01,2.806355384273229348e+01,2.784370432907915216e+01,2.762842324353607992e+01,2.741912381774044505e+01,2.721703645362632784e+01,2.702320322740233038e+01,2.683847666766913420e+01,2.666352248109308931e+01,2.649882581500170531e+01,2.634470058282493454e+01,2.620130133594167177e+01,2.606863714377874786e+01,2.594658694173749680e+01,2.583491582181607171e+01,2.573329177126913336e+01,2.564130240756257706e+01,2.555847131030646935e+01,2.548427360980739564e+01,2.541815055448524063e+01,2.535952284296822512e+01,2.530780256883020840e+01,2.526240368464458896e+01,2.522275094568201936e+01,2.518828734097546729e+01,2.515848005982982016e+01,2.513282507476657557e+01,2.511085044731835225e+01,2.509211848127348787e+01,2.507622685941124985e+01,2.506280890514036486e+01,2.505153311056081833e+01,2.504210206818513740e+01,2.503425093577716609e+01,2.502774555336971574e+01,2.502238031933172735e+01,2.501797591911445906e+01,2.501437698666494569e+01,2.501144976499625372e+01,2.500907981948426340e+01,2.500716984544837729e+01,2.500563760069971764e+01,2.500441398414603711e+01,2.500344127329181987e+01,2.500267152656577707e+01,2.500206515079507952e+01,2.500158962973864618e+01,2.500121840627591041e+01,2.500092990849288199e+01,2.500070670837709486e+01,2.500053480099043313e+01,2.500040299170305858e+01,2.500030237922188192e+01,2.500022592262412857e+01,2.500016808131643131e+01
2.582168194216330548e+01,2.592762725223762388e+01,2.604278600445099556e+01,2.616726328856344352e+01,2.630105123188635119e+01,2.644401567656101903e+01,2.659588413098056847e+01,2.675623546446940182e+01,2.692449181236193212e+01,2.709991313977550931e+01,2.728159487559763363e+01,2.746846897313732327e+01,2.765930868093066408e+01,2.785273721757773302e+01,2.804724044030537300e+01,2.824118348110209453e+01,2.843283120041209244e+01,2.862037218079121814e+01,2.880194585637971727e+01,2.897567225357273202e+01,2.913968370896351345e+01,2.929215783740419354e+01,2.943135095035248838e+01,2.955563107636194076e+01,2.966350971456111552e+01,2.975367146013110897e+01,2.982500067882136463e+01,2.987660447487336057e+01,2.990783129151077446e+01,2.991828460234801668e+01,2.990783129151077446e+01,2.987660447487336057e+01,2.982500067882136463e+01,2.975367146013110897e+01,2.966350971456111552e+01,2.955563107636194076e+01,2.943135095035248838e+01,2.929215783740419354e+01,2.913968370896351345e+01,2.897567225357273202e+01,2.880194585637971727e+01,2.862037218079121814e+01,2.843283120041209244e+01,2.824118348110209453e+01,2.804724044030537300e+01,2.785273721757773302e+01,2.765930868093066408e+01,2.746846897313732327e+01,2.728159487559763363e+01,2.709991313977550931e+01,2.692449181236193212e+01,2.675623546446940182e+01,2.659588413098056847e+01,2.644401567656101903e+01,2.630105123188635119e+01,2.616726328856344352e+01,2.604278600445099556e+01,2.592762725223762388e+01,2.582168194216330548e+01,2.572474616304494788e+01,2.563653171221950444e+01,2.555668062227099213e+01,2.548477933791565420e+01,2.542037224759786085e+01,2.536297432869233148e+01,2.531208272038906770e+01,2.526718709228655158e+01,2.522777872768222451e+01,2.519335828712231518e+01,2.516344225891549513e+01,2.513756813834353210e+01,2.511529840587263607e+01,2.509622339673842006e+01,2.507996317006338316e+01,2.506616849559648230e+01,2.505452108082766927e+01,2.504473316132335725e+01,2.503654657341031609e+01,2.502973142158356268e+01,2.502408444398924203e+01,2.501942716875110406e+01,2.501560394241550256e+01,2.501247989994836018e+01,2.500993893400025669e+01,2.500788170994058746e+01,2.500622376273458514e+01,2.500489370229805175e+01,2.500383154563608912e+01,2.500298718691042410e+01,2.500231901058457495e+01,2.500179264792418010e+01,2.500137987330416323e+01,2.500105763389604263e+01,2.500080720426489478e+01,2.500061345607701924e+01,2.500046423238807947e+01,2.500034981573339365e+01,2.500026247937231005e+01,2.500019611145303955e+01,2.500014590248020241e+01
2.571057206405566120e+01,2.580219118551076463e+01,2.590177788451852336e+01,2.600942304033995711e+01,2.612511984485099603e+01,2.624875228135263683e+01,2.638008470523155324e+01,2.651875293215066520e+01,2.666425723774327849e+01,2.681595765648617657e+01,2.697307193562495797e+01,2.713467645240150361e+01,2.729971033973931682e+01,2.746698298804739125e+01,2.763518500070837192e+01,2.780290258063392272e+01,2.796863521815926035e+01,2.813081644021723449e+01,2.828783727129624026e+01,2.843807195250316866e+01,2.857990537052738844e+01,2.871176156767824139e+01,2.883213264131970632e+01,2.893960729924773290e+01,2.903289831938489485e+01,2.911086816922711407e+01,2.917255207336497236e+01,2.921717787562762325e+01,2.924418212436834352e+01,2.925322191248670123e+01,2.924418212436834352e+01,2.921717787562762325e+01,2.917255207336497236e+01,2.911086816922711407e+01,2.903289831938489485e+01,2.893960729924773290e+01,2.883213264131970632e+01,2.871176156767824139e+01,2.857990537052738844e+01,2.843807195250316866e+01,2.828783727129624026e+01,2.813081644021723449e+01,2.796863521815926035e+01,2.780290258063392272e+01,2.763518500070837192e+01,2.746698298804739125e+01,2.729971033973931682e+01,2.713467645240150361e+01,2.697307193562495797e+01,2.681595765648617657e+01,2.666425723774327849e+01,2.651875293215066520e+01,2.638008470523155324e+01,2.624875228135263683e+01,2.612511984485099603e+01,2.600942304033995711e+01,2.590177788451852336e+01,2.580219118551076463e+01,2.571057206405566120e+01,2.562674418234801621e+01,2.555045830920646566e+01,2.548140488246031410e+01,2.541922626880097624e+01,2.536352846560179586e+01,2.531389203620452477e+01,2.526988211788995642e+01,2.523105738840412826e+01,2.519697792098364175e+01,2.516721189809896586e+01,2.514134118971355036e+01,2.511896583214874923e+01,2.509970746835150024e+01,2.508321182944687067e+01,2.506915035110882428e+01,2.505722102687040120e+01,2.504714860452727621e+01,2.503868423186906966e+01,2.503160465475724195e+01,2.502571106472939988e+01,2.502082768550567238e+01,2.501680017862128835e+01,2.501349393847015534e+01,2.501079233680390601e+01,2.500859496659800385e+01,2.500681592549792143e+01,2.500538217004120156e+01,2.500423196368858569e+01,2.500331343449509447e+01,2.500258325205866683e+01,2.500200542819927207e+01,2.500155024160839545e+01,2.500119328340025504e+01,2.500091461800723991e+01,2.500069805209435714e+01,2.500053050301885449e+01,2.500040145772868172e+01,2.500030251277892646e+01,2.500022698625804551e+01,2.500016959277406414e+01,2.500012617318354913e+01
2.561217229205783141e+01,2.569110402947708138e+01,2.577689999708393387e+01,2.586963848921098830e+01,2.596931364052082358e+01,2.607582550026651447e+01,2.618897105581873674e+01,2.630843655496058986e+01,2.643379147498167825e+01,2.656448447256157763e+01,2.669984162103493475e+01,2.683906720060155493e+01,2.698124725268827362e+01,2.712535604290566482e+01,2.727026549942399214e+01,2.741475760728341271e+01,2.755753964687500712e+01,2.769726206977649241e+01,2.783253871084485098e+01,2.796196894571237834e+01,2.808416132139727850e+01,2.819775811828111856e+01,2.830146024755985934e+01,2.839405185228241280e+01,2.847442396443641499e+01,2.854159657662282967e+01,2.859473851519500798e+01,2.863318455189974898e+01,2.865644926167815854e+01,2.866423722308568500e+01,2.865644926167815854e+01,2.863318455189974898e+01,2.859473851519500798e+01,2.854159657662282967e+01,2.847442396443641499e+01,2.839405185228241280e+01,2.830146024755985934e+01,2.819775811828111856e+01,2.808416132139727850e+01,2.796196894571237834e+01,2.783253871084485098e+01,2.769726206977649241e+01,2.755753964687500712e+01,2.741475760728341271e+01,2.727026549942399214e+01,2.712535604290566482e+01,2.698124725268827362e+01,2.683906720060155493e+01,2.669984162103493475e+01,2.656448447256157763e+01,2.643379147498167825e+01,2.630843655496058986e+01,2.618897105581873674e+01,2.607582550026651447e+01,2.596931364052082358e+01,2.586963848921098830e+01,2.577689999708393387e+01,2.569110402947708138e+01,2.561217229205783141e+01,2.553995286621884730e+01,2.547423103422597279e+01,2.541474010197011779e+01,2.536117196107873539e+01,2.531318717027170706e+01,2.527042437633316752e+01,2.523250893618184065e+01,2.519906064171581761e+01,2.516970048707670315e+01,2.514405645267608946e+01,2.512176831097928797e+01,2.510249148513860362e+01,2.508590001285392646e+01,2.507168868428076181e+01,2.505957443456653522e+01,2.504929707899466962e+01,2.504061948219024103e+01,2.503332725291031124e+01,2.502722805317170796e+01,2.502215060543867864e+01,2.501794347486938364e+01,2.501447369573590507e+01,2.501162530256961603e+01,2.500929781776136451e+01,2.500740473861641888e+01,2.500587205850838401e+01,2.500463684900805461e+01,2.500364592283062493e+01,2.500285459124000553e+01,2.500222552421310951e+01,2.500172771720055920e+01,2.500133556469028306e+01,2.500102803793051010e+01,2.500078796202408427e+01,2.500060138608340310e+01,2.500045703914553030e+01,2.500034586400220959e+01,2.500026062091463785e+01,2.500019555328007215e+01,2.500014610762576694e+01,2.500010870076502911e+01
2.552541245209172516e+01,2.559315762488596846e+01,2.566679419796308181e+01,2.574638936942693235e+01,2.583193810520239708e+01,2.592335462001673818e+01,2.602046467311328826e+01,2.612299897866554588e+01,2.623058802959864266e+01,2.634275862147375946e+01,2.645893233957600188e+01,2.657842623713234076e+01,2.670045588593316310e+01,2.682414092332936661e+01,2.694851315295877114e+01,2.707252718247833201e+01,2.719507350237839916e+01,2.731499382837370504e+01,2.743109844894634719e+01,2.754218524258078915e+01,2.764705995933691796e+01,2.774455730179237989e+01,2.783356229391366199e+01,2.791303139552368151e+01,2.798201280659779755e+01,2.803966541084036379e+01,2.808527583231215630e+01,2.811827312193195283e+01,2.813824065128678598e+01,2.814492486740210353e+01,2.813824065128678598e+01,2.811827312193195283e+01,2.808527583231215630e+01,2.803966541084036379e+01,2.798201280659779755e+01,2.791303139552368151e+01,2.783356229391366199e+01,2.774455730179237989e+01,2.764705995933691796e+01,2.754218524258078915e+01,2.743109844894634719e+01,2.731499382837370504e+01,2.719507350237839916e+01,2.707252718247833201e+01,2.694851315295877114e+01,2.682414092332936661e+01,2.670045588593316310e+01,2.657842623713234076e+01,2.645893233957600188e+01,2.634275862147375946e+01,2.623058802959864266e+01,2.612299897866554588e+01,2.602046467311328826e+01,2.592335462001673818e+01,2.583193810520239708e+01,2.574638936942693235e+01,2.566679419796308181e+01,2.559315762488596846e+01,2.552541245209172516e+01,2.546342829156860788e+01,2.540702085635578555e+01,2.535596124944561325e+01,2.530998502898466285e+01,2.526880086085402155e+01,2.523209860445817299e+01,2.519955671283632270e+01,2.517084886270706789e+01,2.514564976264509966e+01,2.512364011736916325e+01,2.510451075242825780e+01,2.508796592597187924e+01,2.507372587255881058e+01,2.506152863807110620e+01,2.505113127489380886e+01,2.504231047287109391e+01,2.503486270453131723e+01,2.502860396313303681e+01,2.502336916970635983e+01,2.501901132094647906e+01,2.501540044404570651e+01,2.501242241778350817e+01,2.500997771184461271e+01,2.500798008876337519e+01,2.500635530540017015e+01,2.500503984368410926e+01,2.500397969368902906e+01,2.500312920607389344e+01,2.500245002559342922e+01,2.500191011280512043e+01,2.500148285726525543e+01,2.500114628239133552e+01,2.500088233972187268e+01,2.500067628846421286e+01,2.500051615491395651e+01,2.500039226548027571e+01,2.500029684658363038e+01,2.500022368453391763e+01,2.500016783858029967e+01,2.500012540058888533e+01,2.500009329519848933e+01
2.544925012486216787e+01,2.550717514589176105e+01,2.557013756621052991e+01,2.563819484307217422e+01,2.571134267212708480e+01,2.578950770329699083e+01,2.587254095328053438e+01,2.596021217117539237e+01,2.605220541262422174e+01,2.614811606758708251e+01,2.624744956673685792e+01,2.634962196136461543e+01,2.645396253179153234e+01,2.655971853028873753e+01,2.666606210754495621e+01,2.677209940838265823e+01,2.687688175470377772e+01,2.697941876389041482e+01,2.707869318169623085e+01,2.717367714279599511e+01,2.726334951239821436e+01,2.734671391135272600e+01,2.742281698744971763e+01,2.749076646919278488e+01,2.754974852684071607e+01,2.759904396997588805e+01,2.763804283165045206e+01,2.766625692597347808e+01,2.768333001782757208e+01,2.768904530857193436e+01,2.768333001782757208e+01,2.766625692597347808e+01,2.763804283165045206e+01,2.759904396997588805e+01,2.754974852684071607e+01,2.749076646919278488e+01,2.742281698744971763e+01,2.734671391135272600e+01,2.726334951239821436e+01,2.717367714279599511e+01,2.707869318169623085e+01,2.697941876389041482e+01,2.687688175470377772e+01,2.677209940838265823e+01,2.666606210754495621e+01,2.655971853028873753e+01,2.645396253179153234e+01,2.634962196136461543e+01,2.624744956673685792e+01,2.614811606758708251e+01,2.605220541262422174e+01,2.596021217117539237e+01,2.587254095328053438e+01,2.578950770329699083e+01,2.571134267212708480e+01,2.563819484307217422e+01,2.557013756621052991e+01,2.550717514589176105e+01,2.544925012486216787e+01,2.539625101579341759e+01,2.534802024544979915e+01,2.530436209709703732e+01,2.526505046163704193e+01,2.522983623593421498e+01,2.519845423651087302e+01,2.517062952695904343e+01,2.514608308691227734e+01,2.512453677828525045e+01,2.510571758995230596e+01,2.508936116453067555e+01,2.507521463008566798e+01,2.506303877519605550e+01,2.505260961788400209e+01,2.504371942754488600e+01,2.503617726444176128e+01,2.502980910387900693e+01,2.502445761222047693e+01,2.501998163988445967e+01,2.501625549275621196e+01,2.501316803852463622e+01,2.501062169866380813e+01,2.500853137049604769e+01,2.500682331729879238e+01,2.500543405801137453e+01,2.500430928196573888e+01,2.500340280836434559e+01,2.500267560506763687e+01,2.500209487669997444e+01,2.500163322816728950e+01,2.500126790640175756e+01,2.500098012048512430e+01,2.500075443821067367e+01,2.500057825557004065e+01,2.500044133453370065e+01,2.500033540376763241e+01,2.500025381652876533e+01,2.500019125984622548e+01,2.500014350916666572e+01,2.500010722286841514e+01,2.500007977138608695e+01
2.538268126831758309e+01,2.543202309214396450e+01,2.548565588494802370e+01,2.554362859009896169e+01,2.560593754105584452e+01,2.567252025658733317e+01,2.574324982939709372e+01,2.581793012663517928e+01,2.589629201985687601e+01,2.597799085321305768e+01,2.606260534152893982e+01,2.614963806428041693e+01,2.623851768749744906e+01,2.632860300388888675e+01,2.641918883296200349e+01,2.650951376895616463e+01,2.659876970672526397e+01,2.668611301628377319e+01,2.677067717779419453e+01,2.685158663266554413e+01,2.692797155552549881e+01,2.699898320840869914e+01,2.706380950465647572e+01,2.712169038752308836e+01,2.717193261869802257e+01,2.721392357575570031e+01,2.724714367525627523e+01,2.727117706957815457e+01,2.728572030970932616e+01,2.729058872173598260e+01,2.728572030970932616e+01,2.727117706957815457e+01,2.724714367525627523e+01,2.721392357575570031e+01,2.717193261869802257e+01,2.712169038752308836e+01,2.706380950465647572e+01,2.699898320840869914e+01,2.692797155552549881e+01,2.685158663266554413e+01,2.677067717779419453e+01,2.668611301628377319e+01,2.659876970672526397e+01,2.650951376895616463e+01,2.641918883296200349e+01,2.632860300388888675e+01,2.623851768749744906e+01,2.614963806428041693e+01,2.606260534152893982e+01,2.597799085321305768e+01,2.589629201985687601e+01,2.581793012663517928e+01,2.574324982939709372e+01,2.567252025658733317e+01,2.560593754105584452e+01,2.554362859009896169e+01,2.548565588494802370e+01,2.543202309214396450e+01,2.538268126831758309e+01,2.533753544607801800e+01,2.529645140103141188e+01,2.525926241730178745e+01,2.522577589012032817e+01,2.519577962788464376e+01,2.516904774139857892e+01,2.514534603370260513e+01,2.512443682903035480e+01,2.510608320316217146e+01,2.509005259913692854e+01,2.507611983144451528e+01,2.506406949813548124e+01,2.505369783359017433e+01,2.504481404496822705e+01,2.503724118271114207e+01,2.503081660009572929e+01,2.502539205900795238e+01,2.502083353915020680e+01,2.501702080616314916e+01,2.501384679099862751e+01,2.501121682867736240e+01,2.500904779963634184e+01,2.500726721151811915e+01,2.500581225373912986e+01,2.500462885171716110e+01,2.500367074241480125e+01,2.500289858799952469e+01,2.500227914002497798e+01,2.500178446265933019e+01,2.500139122015091786e+01,2.500108003092949716e+01,2.500083488847213431e+01,2.500064264728121444e+01,2.500049257098152466e+01,2.500037593859135754e+01,2.500028570440405673e+01,2.500021620657574317e+01,2.500016291939942192e+01,2.500012224430640373e+01,2.500009133482888046e+01,2.500006795104444990e+01
2.532474865104353157e+01,2.536662080955834853e+01,2.541213434407595884e+01,2.546133078862073518e+01,2.551420703171501003e+01,2.557071005091615135e+01,2.563073215092600421e+01,2.569410689067801812e+01,2.576060588402787133e+01,2.582993665122453208e+01,2.590174168380459108e+01,2.597559886378741822e+01,2.605102334921332741e+01,2.612747100264974165e+01,2.620434339811473023e+01,2.628099439608141097e+01,2.635673822727433446e+01,2.643085897554483310e+01,2.650262130009724615e+01,2.657128218972389533e+01,2.663610349850624104e+01,2.669636497559284294e+01,2.675137747294126811e+01,2.680049599581744602e+01,2.684313225254150126e+01,2.687876636319567680e+01,2.690695740204054331e+01,2.692735247499600959e+01,2.693969407100660618e+01,2.694382547321851007e+01,2.693969407100660618e+01,2.692735247499600959e+01,2.690695740204054331e+01,2.687876636319567680e+01,2.684313225254150126e+01,2.680049599581744602e+01,2.675137747294126811e+01,2.669636497559284294e+01,2.663610349850624104e+01,2.657128218972389533e+01,2.650262130009724615e+01,2.643085897554483310e+01,2.635673822727433446e+01,2.628099439608141097e+01,2.620434339811473023e+01,2.612747100264974165e+01,2.605102334921332741e+01,2.597559886378741822e+01,2.590174168380459108e+01,2.582993665122453208e+01,2.576060588402787133e+01,2.569410689067801812e+01,2.563073215092600421e+01,2.557071005091615135e+01,2.551420703171501003e+01,2.546133078862073518e+01,2.541213434407595884e+01,2.536662080955834853e+01,2.532474865104353157e+01,2.528643727788172058e+01,2.525157278538394579e+01,2.522001369613724364e+01,2.519159656305382811e+01,2.516614131738629823e+01,2.514345626641852149e+01,2.512334266735072319e+01,2.510559882521923214e+01,2.509002368283336537e+01,2.507641988911882436e+01,2.506459634851725227e+01,2.505437026793604716e+01,2.504556872903404496e+01,2.503802982235116303e+01,2.503160338602900481e+01,2.502615139579429382e+01,2.502154805472006061e+01,2.501767963131625905e+01,2.501444409303192984e+01,2.501175057958246839e+01,2.500951875694876136e+01,2.500767808871265530e+01,2.500616705685055408e+01,2.500493235942695591e+01,2.500392810799869281e+01,2.500311504310826649e+01,2.500245978212342024e+01,2.500193410994979004e+01,2.500151431985161565e+01,2.500118060878522286e+01,2.500091652928031039e+01,2.500070849797872086e+01,2.500054535942819811e+01,2.500041800259128877e+01,2.500031902672152029e+01,2.500024245273415957e+01,2.500018347590967238e+01,2.500013825567011239e+01,2.500010373821999821e+01,2.500007750800712714e+01,2.500005766420216702e+01
2.527454823730811384e+01,2.530994769863178107e+01,2.534842564345255056e+01,2.539001718536717433e+01,2.543471969387755394e+01,2.548248834287551645e+01,2.553323208485653240e+01,2.558681020760736047e+01,2.564302962945345143e+01,2.570164308285471577e+01,2.576234832385066298e+01,2.582478848645541447e+01,2.588855367672491781e+01,2.595318387127650439e+01,2.601817315023038901e+01,2.608297525583432730e+01,2.614701042664768593e+01,2.620967341453149757e+01,2.627034254940761571e+01,2.632838967649630035e+01,2.638319075421905779e+01,2.643413686980274591e+01,2.648064540533751554e+01,2.652217107089917292e+01,2.655821651432562547e+01,2.658834221996507452e+01,2.661217542142063408e+01,2.662941777581287539e+01,2.663985157875367449e+01,2.664334433905073496e+01,2.663985157875367449e+01,2.662941777581287539e+01,2.661217542142063408e+01,2.658834221996507452e+01,2.655821651432562547e+01,2.652217107089917292e+01,2.648064540533751554e+01,2.643413686980274591e+01,2.638319075421905779e+01,2.632838967649630035e+01,2.627034254940761571e+01,2.620967341453149757e+01,2.614701042664768593e+01,2.608297525583432730e+01,2.601817315023038901e+01,2.595318387127650439e+01,2.588855367672491781e+01,2.582478848645541447e+01,2.576234832385066298e+01,2.570164308285471577e+01,2.564302962945345143e+01,2.558681020760736047e+01,2.553323208485653240e+01,2.548248834287551645e+01,2.543471969387755394e+01,2.539001718536717433e+01,2.534842564345255056e+01,2.530994769863178107e+01,2.527454823730811384e+01,2.524215912672480755e+01,2.521268406984882660e+01,2.518600345917996108e+01,2.516197911366742090e+01,2.514045880001620503e+01,2.512128045782314345e+01,2.510427606642000242e+01,2.508927510932712579e+01,2.507610760924938376e+01,2.506460672210780771e+01,2.505461089234693972e+01,2.504596558346230495e+01,2.503852460723845041e+01,2.503215108256216581e+01,2.502671805994990351e+01,2.502210885124664586e+01,2.501821710551160649e+01,2.501494667213717094e+01,2.501221129100517615e+01,2.500993414722847774e+01,2.500804732501043404e+01,2.500649119161905887e+01,2.500521373863219310e+01,2.500416990365345526e+01,2.500332089178363759e+01,2.500263351238493215e+01,2.500207954319125747e+01,2.500163513066418730e+01,2.500128023271119204e+01,2.500099810748987395e+01,2.500077485001875388e+01,2.500059897668725739e+01,2.500046105647930972e+01,2.500035338676314467e+01,2.500026971081717164e+01,2.500020497381768791e+01,2.500015511377007016e+01,2.500011688378198116e+01,2.500008770212085807e+01,2.500006552663626280e+01,2.500004875033355844e+01
2.523123369370589941e+01,2.526104830215987462e+01,2.529345571221777789e+01,2.532848549772337066e+01,2.536613544318331748e+01,2.540636779455239136e+01,2.544910586858184232e+01,2.549423115274674601e+01,2.554158102721304147e+01,2.559094723500122726e+01,2.564207521615466945e+01,2.569466440622289838e+01,2.574836957883826472e+01,2.580280328694589542e+01,2.585753942792837989e+01,2.591211792526508617e+01,2.596605048451020181e+01,2.601882734546946452e+01,2.606992491684306046e+01,2.611881414569893423e+01,2.616496944338047115e+01,2.620787796321614138e+01,2.624704900494637272e+01,2.628202330718762525e+01,2.631238198334044753e+01,2.633775485864574506e+01,2.635782797679591027e+01,2.637235006345505184e+01,2.638113776071749328e+01,2.638407948007667514e+01,2.638113776071749328e+01,2.637235006345505184e+01,2.635782797679591027e+01,2.633775485864574506e+01,2.631238198334044753e+01,2.628202330718762525e+01,2.624704900494637272e+01,2.620787796321614138e+01,2.616496944338047115e+01,2.611881414569893423e+01,2.606992491684306046e+01,2.601882734546946452e+01,2.596605048451020181e+01,2.591211792526508617e+01,2.585753942792837989e+01,2.580280328694589542e+01,2.574836957883826472e+01,2.569466440622289838e+01,2.564207521615466945e+01,2.559094723500122726e+01,2.554158102721304147e+01,2.549423115274674601e+01,2.544910586858184232e+01,2.540636779455239136e+01,2.536613544318331748e+01,2.532848549772337066e+01,2.529345571221777789e+01,2.526104830215987462e+01,2.523123369370589941e+01,2.520395450317290198e+01,2.517912962598392212e+01,2.515665832470812191e+01,2.513642421865011300e+01,2.511829909184518073e+01,2.510214645160994351e+01,2.508782478532673821e+01,2.507519047832218106e+01,2.506410037004211233e+01,2.505441393883164380e+01,2.504599511720698857e+01,2.503871374936349525e+01,2.503244671070431338e+01,2.502707871538490281e+01,2.502250284231086752e+01,2.501862081282138917e+01,2.501534305460264562e+01,2.501258858640206739e+01,2.501028475706757348e+01,2.500836687053605445e+01,2.500677772585560632e+01,2.500546709834798165e+01,2.500439118478326606e+01,2.500351203210641415e+01,2.500279696595780976e+01,2.500221803207392313e+01,2.500175146071979881e+01,2.500137716164881851e+01,2.500107825474136902e+01,2.500084063945870483e+01,2.500065260456108263e+01,2.500050447816819599e+01,2.500038831716336318e+01,2.500029763413289530e+01,2.500022715945692653e+01,2.500017263579414006e+01,2.500013064199701418e+01,2.500009844342439180e+01,2.500007386565490464e+01,2.500005518872125165e+01,2.500004105915888886e+01
2.519401920753774604e+01,2.521903548701060771e+01,2.524622728556303741e+01,2.527561941745821272e+01,2.530721002376176187e+01,2.534096742652130985e+01,2.537682728380244512e+01,2.541469015635044926e+01,2.545441959618133509e+01,2.549584086295567431e+01,2.553874036530506686e+01,2.558286591127791354e+01,2.562792783484327330e+01,2.567360104423210743e+01,2.571952801329485894e+01,2.576532270969986271e+01,2.581057542455087273e+01,2.585485843787621363e+01,2.589773242456094948e+01,2.593875347684674537e+01,2.597748059371419771e+01,2.601348346544846635e+01,2.604635036452846464e+01,2.607569594257240198e+01,2.610116872811099142e+01,2.612245812188743344e+01,2.613930069536316836e+01,2.615148561400649285e+01,2.615885902932333096e+01,2.616132731173373571e+01,2.615885902932333096e+01,2.615148561400649285e+01,2.613930069536316836e+01,2.612245812188743344e+01,2.610116872811099142e+01,2.607569594257240198e+01,2.604635036452846464e+01,2.601348346544846635e+01,2.597748059371419771e+01,2.593875347684674537e+01,2.589773242456094948e+01,2.585485843787621363e+01,2.581057542455087273e+01,2.576532270969986271e+01,2.571952801329485894e+01,2.567360104423210743e+01,2.562792783484327330e+01,2.558286591127791354e+01,2.553874036530506686e+01,2.549584086295567431e+01,2.545441959618133509e+01,2.541469015635044926e+01,2.537682728380244512e+01,2.534096742652130985e+01,2.530721002376176187e+01,2.527561941745821272e+01,2.524622728556303741e+01,2.521903548701060771e+01,2.519401920753774604e+01,2.517113029872580299e+01,2.515030070887565827e+01,2.513144591312336829e+01,2.511446826094953266e+01,2.509926017132014309e+01,2.508570711852815194e+01,2.507369036483471447e+01,2.506308940874770741e+01,2.505378412980880398e+01,2.504565662175751228e+01,2.503859271565525191e+01,2.503248320282369122e+01,2.502722477419776226e+01,2.502272069790486952e+01,2.501888126060925543e+01,2.501562400050534762e+01,2.501287376094506243e+01,2.501056259370598411e+01,2.500862954002934657e+01,2.500702031596243557e+01,2.500568692640911195e+01,2.500458722979340109e+01,2.500368447252710524e+01,2.500294680967645178e+01,2.500234682545587361e+01,2.500186106452904156e+01,2.500146958263496444e+01,2.500115552282832709e+01,2.500090472165665645e+01,2.500070534790578591e+01,2.500054757512950232e+01,2.500042328802885550e+01,2.500032582184326913e+01,2.500024973323599653e+01,2.500019060067376486e+01,2.500014485198689940e+01,2.500010961662344755e+01,2.500008260005227712e+01,2.500006197780089678e+01,2.500004630671158168e+01,2.500003445114482048e+01
2.516218081893867264e+01,2.518309194801293316e+01,2.520582159531751998e+01,2.523039050311591680e+01,2.525679711752331968e+01,2.528501495891266160e+01,2.531499024380679685e+01,2.534663985084898030e+01,2.537984972305451947e+01,2.541447379482654867e+01,2.545033352496039569e+01,2.548721810599137427e+01,2.552488540584033316e+01,2.556306368002382001e+01,2.560145407213238755e+01,2.563973389741497755e+01,2.567756067986025315e+01,2.571457688798376395e+01,2.575041528955203773e+01,2.578470482169613121e+01,2.581707685129260810e+01,2.584717168208852911e+01,2.587464515070236715e+01,2.589917514409731325e+01,2.592046786697627780e+01,2.593826368915898684e+01,2.595234241050825474e+01,2.596252779426151136e+01,2.596869123833303661e+01,2.597075447767810275e+01,2.596869123833303661e+01,2.596252779426151136e+01,2.595234241050825474e+01,2.593826368915898684e+01,2.592046786697627780e+01,2.589917514409731325e+01,2.587464515070236715e+01,2.584717168208852911e+01,2.581707685129260810e+01,2.578470482169613121e+01,2.575041528955203773e+01,2.571457688798376395e+01,2.567756067986025315e+01,2.563973389741497755e+01,2.560145407213238755e+01,2.556306368002382001e+01,2.552488540584033316e+01,2.548721810599137427e+01,2.545033352496039569e+01,2.541447379482654867e+01,2.537984972305451947e+01,2.534663985084898030e+01,2.531499024380679685e+01,2.528501495891266160e+01,2.525679711752331968e+01,2.523039050311591680e+01,2.520582159531751998e+01,2.518309194801293316e+01,2.516218081893867264e+01,2.514304796079105131e+01,2.512563648909748082e+01,2.510987574945301404e+01,2.509568411570627333e+01,2.508297166078034834e+01,2.507164265254029090e+01,2.506159783801023266e+01,2.505273648989144419e+01,2.504495819939166878e+01,2.503816440856849823e+01,2.503225968351003772e+01,2.502715273659012496e+01,2.502275721167428557e+01,2.501899225050877007e+01,2.501578286164068388e+01,2.501306011517732131e+01,2.501076118761326583e+01,2.500882928097219349e+01,2.500721343977632216e+01,2.500586828802387629e+01,2.500475370657358454e+01,2.500383446924660191e+01,2.500307985368761621e+01,2.500246324068966430e+01,2.500196171337451645e+01,2.500155566540678365e+01,2.500122842536190859e+01,2.500096590250511142e+01,2.500075625759454567e+01,2.500058960090832727e+01,2.500045771851179310e+01,2.500035382681971541e+01,2.500027235475311826e+01,2.500020875222223538e+01,2.500015932326367718e+01,2.500012108189780946e+01,2.500009162862783541e+01,2.500006904545324460e+01,2.500005180729595367e+01,2.500003870781920057e+01,2.500002879774096343e+01
2.513505647322410752e+01,2.515247026705241140e+01,2.517139843638016572e+01,2.519185825437796922e+01,2.521384842704444651e+01,2.523734690340547004e+01,2.526230889513903577e+01,2.528866518273222042e+01,2.531632078495235305e+01,2.534515406531676618e+01,2.537501634320103960e+01,2.540573206817389362e+01,2.543709960415482030e+01,2.546889265526128199e+01,2.550086234808811625e+01,2.553273996612047014e+01,2.556424031162314137e+01,2.559506564937890616e+01,2.562491016584808534e+01,2.565346485751996042e+01,2.568042274426031568e+01,2.570548428813567554e+01,2.572836288624918311e+01,2.574879029818243481e+01,2.576652186518394672e+01,2.578134137958674899e+01,2.579306546918858700e+01,2.580154737239484675e+01,2.580667999550441749e+01,2.580839816311009116e+01,2.580667999550441749e+01,2.580154737239484675e+01,2.579306546918858700e+01,2.578134137958674899e+01,2.576652186518394672e+01,2.574879029818243481e+01,2.572836288624918311e+01,2.570548428813567554e+01,2.568042274426031568e+01,2.565346485751996042e+01,2.562491016584808534e+01,2.559506564937890616e+01,2.556424031162314137e+01,2.553273996612047014e+01,2.550086234808811625e+01,2.546889265526128199e+01,2.543709960415482030e+01,2.540573206817389362e+01,2.537501634320103960e+01,2.534515406531676618e+01,2.531632078495235305e+01,2.528866518273222042e+01,2.526230889513903577e+01,2.523734690340547004e+01,2.521384842704444651e+01,2.519185825437796922e+01,2.517139843638016572e+01,2.515247026705241140e+01,2.513505647322410752e+01,2.511912353885476890e+01,2.510462409326087396e+01,2.509149929881406393e+01,2.507968118113735301e+01,2.506909485323771847e+01,2.505966059394588896e+01,2.505129575010370147e+01,2.504391644080703472e+01,2.503743905038881934e+01,2.503178150448169959e+01,2.502686433026237722e+01,2.502261150773712828e+01,2.501895112362396745e+01,2.501581584301453631e+01,2.501314321659320683e+01,2.501087584282341325e+01,2.500896140527752820e+01,2.500735260530198900e+01,2.500600700959817502e+01,2.500488683118974720e+01,2.500395866076378226e+01,2.500319316363378519e+01,2.500256475568330217e+01,2.500205126970270086e+01,2.500163362160563807e+01,2.500129548416842340e+01,2.500102297422151310e+01,2.500080435767110032e+01,2.500062977535960584e+01,2.500049099159696908e+01,2.500038116620902784e+01,2.500029465014861429e+01,2.500022680408610043e+01,2.500017383892310718e+01,2.500013267683710083e+01,2.500010083124623961e+01,2.500007630396370217e+01,2.500005749776988750e+01,2.500004314265228444e+01,2.500003223403101416e+01,2.500002398138914828e+01
2.511204499798321166e+01,2.512649175827388603e+01,2.514219486856194408e+01,2.515916865894440591e+01,2.517741205589715747e+01,2.519690676558138520e+01,2.521761563089288316e+01,2.523948122622294576e+01,2.526242475363045870e+01,2.528634530155502347e+01,2.531111952218616068e+01,2.533660177609431230e+01,2.536262478278048604e+01,2.538900080358174094e+01,2.541552336916334554e+01,2.544196954803118871e+01,2.546810273560866023e+01,2.549367592602468235e+01,2.551843541150340045e+01,2.554212483781825327e+01,2.556448952936800723e+01,2.558528098471951395e+01,2.560426143355170936e+01,2.562120833934766750e+01,2.563591872931636573e+01,2.564821323413894305e+01,2.565793972532025435e+01,2.566497644710745618e+01,2.566923455286301348e+01,2.567065997203261674e+01,2.566923455286301348e+01,2.566497644710745618e+01,2.565793972532025435e+01,2.564821323413894305e+01,2.563591872931636573e+01,2.562120833934766750e+01,2.560426143355170936e+01,2.558528098471951395e+01,2.556448952936800723e+01,2.554212483781825327e+01,2.551843541150340045e+01,2.549367592602468235e+01,2.546810273560866023e+01,2.544196954803118871e+01,2.541552336916334554e+01,2.538900080358174094e+01,2.536262478278048604e+01,2.533660177609431230e+01,2.531111952218616068e+01,2.528634530155502347e+01,2.526242475363045870e+01,2.523948122622294576e+01,2.521761563089288316e+01,2.519690676558138520e+01,2.517741205589715747e+01,2.515916865894440591e+01,2.514219486856194408e+01,2.512649175827388603e+01,2.511204499798321166e+01,2.509882678224973418e+01,2.508679781160106259e+01,2.507590927340502418e+01,2.506610477503747703e+01,2.505732218905808750e+01,2.504949537751701882e+01,2.504255577003983646e+01,2.503643377769452982e+01,2.503106003159395243e+01,2.502636644153772849e+01,2.502228707560779952e+01,2.501875886640842239e+01,2.501572215353723649e+01,2.501312107488343983e+01,2.501090382150165681e+01,2.500902277216430036e+01,2.500743452433102831e+01,2.500609983828665150e+01,2.500498351069182590e+01,2.500405419287005060e+01,2.500328416792402209e+01,2.500264909933131463e+01,2.500212776210205234e+01,2.500170176596660099e+01,2.500135527846344274e+01,2.500107475426814574e+01,2.500084867568247660e+01,2.500066730791560587e+01,2.500052247165361763e+01,2.500040733443706031e+01,2.500031622154867961e+01,2.500024444644909849e+01,2.500018816027668223e+01,2.500014421953516219e+01,2.500011007081401004e+01,2.500008365120539366e+01,2.500006330298174717e+01,2.500004770106428253e+01,2.500003579183043101e+01,2.500002674186474394e+01,2.500001989534181135e+01
2.509260420218401677e+01,2.510454432209067832e+01,2.511752280418455285e+01,2.513155149216438033e+01,2.514662949877194720e+01,2.516274170431089630e+01,2.517985739876246853e+01,2.519792912036776755e+01,2.521689174332375316e+01,2.523666186511616516e+01,2.525713753986802956e+01,2.527819839787588663e+01,2.529970618328334453e+01,2.532150573174203956e+01,2.534342639816862786e+01,2.536528393165030337e+01,2.538688278059222370e+01,2.540801879682143749e+01,2.542848229309984376e+01,2.544806139492117580e+01,2.546654561514818127e+01,2.548372956953907220e+01,2.549941674302149153e+01,2.551342321112779388e+01,2.552558121863716067e+01,2.553574251839025777e+01,2.554378137752817324e+01,2.554959716599552166e+01,2.555311645283032718e+01,2.555429454919656251e+01,2.555311645283032718e+01,2.554959716599552166e+01,2.554378137752817324e+01,2.553574251839025777e+01,2.552558121863716067e+01,2.551342321112779388e+01,2.549941674302149153e+01,2.548372956953907220e+01,2.546654561514818127e+01,2.544806139492117580e+01,2.542848229309984376e+01,2.540801879682143749e+01,2.538688278059222370e+01,2.536528393165030337e+01,2.534342639816862786e+01,2.532150573174203956e+01,2.529970618328334453e+01,2.527819839787588663e+01,2.525713753986802956e+01,2.523666186511616516e+01,2.521689174332375316e+01,2.519792912036776755e+01,2.517985739876246853e+01,2.516274170431089630e+01,2.514662949877194720e+01,2.513155149216438033e+01,2.511752280418455285e+01,2.510454432209067832e+01,2.509260420218401677e+01,2.508167946351359134e+01,2.507173762541223994e+01,2.506273834467018347e+01,2.505463501328114972e+01,2.504737628346390466e+01,2.504090749278648786e+01,2.503517196843946735e+01,2.503011219578456448e+01,2.502567084204865111e+01,2.502179163128191419e+01,2.501842007133584289e+01,2.501550403756434449e+01,2.501299422117129012e+01,2.501084445261500733e+01,2.500901191225929665e+01,2.500745724157974692e+01,2.500614456875973701e+01,2.500504146252090365e+01,2.500411882761389748e+01,2.500335075463420154e+01,2.500271433581076153e+01,2.500218945722252784e+01,2.500175857660265422e+01,2.500140649455556030e+01,2.500112012569149300e+01,2.500088827491933330e+01,2.500070142296312525e+01,2.500055152410413584e+01,2.500043181821159166e+01,2.500033665831804086e+01,2.500026135431974339e+01,2.500020203283326126e+01,2.500015551280841208e+01,2.500011919617326228e+01,2.500009097255654922e+01,2.500006913698314648e+01,2.500005231935584860e+01,2.500003942450873140e+01,2.500002958163203459e+01,2.500002210191524910e+01,2.500001644332445849e+01
2.507624828305617726e+01,2.508607951771828226e+01,2.509676571718865290e+01,2.510831663331087427e+01,2.512073153553585314e+01,2.513399797463493357e+01,2.514809066464756526e+01,2.516297052659524525e+01,2.517858393731026112e+01,2.519486222497897643e+01,2.521172144958677208e+01,2.522906250134161610e+01,2.524677154338271734e+01,2.526472081676528703e+01,2.528276981604453155e+01,2.530076683303204277e+01,2.531855085480395573e+01,2.533595379020123417e+01,2.535280298731925086e+01,2.536892399330439929e+01,2.538414349763251820e+01,2.539829239139240613e+01,2.541120886835381043e+01,2.542274148911614162e+01,2.543275212768447702e+01,2.544111872057680657e+01,2.544773774209570760e+01,2.545252633564540545e+01,2.545542403977121637e+01,2.545639405865893323e+01,2.545542403977121637e+01,2.545252633564540545e+01,2.544773774209570760e+01,2.544111872057680657e+01,2.543275212768447702e+01,2.542274148911614162e+01,2.541120886835381043e+01,2.539829239139240613e+01,2.538414349763251820e+01,2.536892399330439929e+01,2.535280298731925086e+01,2.533595379020123417e+01,2.531855085480395573e+01,2.530076683303204277e+01,2.528276981604453155e+01,2.526472081676528703e+01,2.524677154338271734e+01,2.522906250134161610e+01,2.521172144958677208e+01,2.519486222497897643e+01,2.517858393731026112e+01,2.516297052659524525e+01,2.514809066464756526e+01,2.513399797463493357e+01,2.512073153553585314e+01,2.510831663331087427e+01,2.509676571718865290e+01,2.508607951771828226e+01,2.507624828305617726e+01,2.506725309118786171e+01,2.505906719823946105e+01,2.505165738649075990e+01,2.504498527992456758e+01,2.503900859989622774e+01,2.503368233854986968e+01,2.502895983272860647e+01,2.502479372613201747e+01,2.502113681220347274e+01,2.501794275455165106e+01,2.501516668552836720e+01,2.501276568683536183e+01,2.501069915868390225e+01,2.500892908607900367e+01,2.500742021226486855e+01,2.500614013028977922e+01,2.500505930408125010e+01,2.500415103043107123e+01,2.500339135294465365e+01,2.500275893838265162e+01,2.500223492498533773e+01,2.500180275138822594e+01,2.500144797367087790e+01,2.500115807698203696e+01,2.500092228709679532e+01,2.500073138622096991e+01,2.500057753639006819e+01,2.500045411293454123e+01,2.500035554970994411e+01,2.500027719712628382e+01,2.500021519345429155e+01,2.500016634943440863e+01,2.500012804585920634e+01,2.500009814353284199e+01,2.500007490482158090e+01,2.500005692588604234e+01,2.500004307861803099e+01,2.500003246128177992e+01,2.500002435687149571e+01,2.500001819823561178e+01,2.500001353907520496e+01
2.506254471183859067e+01,2.507060904737918250e+01,2.507937469087612214e+01,2.508884964154227148e+01,2.509903330012502920e+01,2.510991545480862897e+01,2.512147536410155624e+01,2.513368097241708909e+01,2.514648829390482376e+01,2.515984099865642065e+01,2.517367023260966263e+01,2.518789469828301719e+01,2.520242101791938438e+01,2.521714439379655204e+01,2.523194957253170756e+01,2.524671211138925742e+01,2.526129993517324834e+01,2.527557516257432368e+01,2.528939617120846606e+01,2.530261986141466224e+01,2.531510407055845491e+01,2.532671008249180034e+01,2.533730517128777393e+01,2.534676511469125160e+01,2.535497661112738399e+01,2.536183953473100061e+01,2.536726896575501655e+01,2.537119693884074678e+01,2.537357385884836347e+01,2.537436954301826830e+01,2.537357385884836347e+01,2.537119693884074678e+01,2.536726896575501655e+01,2.536183953473100061e+01,2.535497661112738399e+01,2.534676511469125160e+01,2.533730517128777393e+01,2.532671008249180034e+01,2.531510407055845491e+01,2.530261986141466224e+01,2.528939617120846606e+01,2.527557516257432368e+01,2.526129993517324834e+01,2.524671211138925742e+01,2.523194957253170756e+01,2.521714439379655204e+01,2.520242101791938438e+01,2.518789469828301719e+01,2.517367023260966263e+01,2.515984099865642065e+01,2.514648829390482376e+01,2.513368097241708909e+01,2.512147536410155624e+01,2.510991545480862897e+01,2.509903330012502920e+01,2.508884964154227148e+01,2.507937469087612214e+01,2.507060904737918250e+01,2.506254471183859067e+01,2.505516616296133847e+01,2.504845146336315764e+01,2.504237336531261704e+01,2.503690038984599298e+01,2.503199785676405043e+01,2.502762884715842517e+01,2.502375508431540752e+01,2.502033772295160574e+01,2.501733804061500877e+01,2.501471802863018823e+01,2.501244088309790925e+01,2.501047139912581585e+01,2.500877627364155842e+01,2.500732432381961701e+01,2.500608662935459847e+01,2.500503660756981006e+01,2.500415003070472508e+01,2.500340499473218614e+01,2.500278184877304000e+01,2.500226309366200894e+01,2.500183325753166130e+01,2.500147875547584420e+01,2.500118773947904316e+01,2.500094994389677083e+01,2.500075653088029526e+01,2.500059993928518409e+01,2.500047373980954291e+01,2.500037249838939957e+01,2.500029164924456637e+01,2.500022737842337150e+01,2.500017651823816678e+01,2.500013645261273609e+01,2.500010503307150245e+01,2.500008050488134614e+01,2.500006144270130903e+01,2.500004669499424637e+01,2.500003533639897313e+01,2.500002662724239144e+01,2.500001997938114684e+01,2.500001492759386323e+01,2.500001110579180619e+01
2.505111075260835563e+01,2.505770082627964257e+01,2.506486400000057202e+01,2.507260681062737007e+01,2.508092876845834596e+01,2.508982152852597025e+01,2.509926814114400528e+01,2.510924241088977737e+01,2.511970839307904058e+01,2.513062005561851464e+01,2.514192113183373678e+01,2.515354518644435089e+01,2.516541591232059005e+01,2.517744767008069928e+01,2.518954627610845876e+01,2.520161003736403416e+01,2.521353102365688059e+01,2.522519656011353817e+01,2.523649091470134920e+01,2.524729714817545556e+01,2.525749908701732238e+01,2.526698337413380457e+01,2.527564154756518988e+01,2.528337209444550737e+01,2.529008242615147850e+01,2.529569072108422745e+01,2.530012758389348804e+01,2.530333747414216816e+01,2.530527986330518075e+01,2.530593008641064756e+01,2.530527986330518075e+01,2.530333747414216816e+01,2.530012758389348804e+01,2.529569072108422745e+01,2.529008242615147850e+01,2.528337209444550737e+01,2.527564154756518988e+01,2.526698337413380457e+01,2.525749908701732238e+01,2.524729714817545556e+01,2.523649091470134920e+01,2.522519656011353817e+01,2.521353102365688059e+01,2.520161003736403416e+01,2.518954627610845876e+01,2.517744767008069928e+01,2.516541591232059005e+01,2.515354518644435089e+01,2.514192113183373678e+01,2.513062005561851464e+01,2.511970839307904058e+01,2.510924241088977737e+01,2.509926814114400528e+01,2.508982152852597025e+01,2.508092876845834596e+01,2.507260681062737007e+01,2.506486400000057202e+01,2.505770082627964257e+01,2.505111075260835563e+01,2.504508109518108583e+01,2.503959392704307163e+01,2.503462698169056466e+01,2.503015453490996123e+01,2.502614824647822545e+01,2.502257794672733482e+01,2.501941235640782324e+01,2.501661973164220854e+01,2.501416842892927761e+01,2.501202738805706716e+01,2.501016653334158235e+01,2.500855709578715746e+01,2.500717186054153629e+01,2.500598534539153306e+01,2.500497391702698025e+01,2.500411585241851142e+01,2.500339135294465365e+01,2.500278251890965109e+01,2.500227329186198233e+01,2.500184937170366695e+01,2.500149811501905717e+01,2.500120842039354585e+01,2.500097060577772368e+01,2.500077628221591297e+01,2.500061822752918417e+01,2.500049026284531095e+01,2.500038713421957937e+01,2.500030440100318785e+01,2.500023833209793978e+01,2.500018581079045177e+01,2.500014424848618688e+01,2.500011150736053267e+01,2.500008583170623666e+01,2.500006578757745146e+01,2.500005021020345097e+01,2.500003815856255329e+01,2.500002887646122218e+01,2.500002175944789684e+01,2.500001632689922459e+01,2.500001219864213198e+01,2.500000907551351403e+01
2.504160975024024438e+01,2.504697479194934218e+01,2.505280639986439795e+01,2.505910989570229574e+01,2.506588488079222543e+01,2.507312456141668733e+01,2.508081513867475820e+01,2.508893528662348160e+01,2.509745574235324028e+01,2.510633903069869532e+01,2.511553934442455116e+01,2.512500259793664270e+01,2.513466666887423173e+01,2.514446183740140128e+01,2.515431142773961781e+01,2.516413265061709836e+01,2.517383763903829319e+01,2.518333466331613124e+01,2.519252950490112397e+01,2.520132696244084869e+01,2.520963245796796315e+01,2.521735370639386176e+01,2.522440240780464293e+01,2.523069591960978997e+01,2.523615886452970258e+01,2.524072463082184470e+01,2.524433672307096899e+01,2.524694992527852833e+01,2.524853124278644145e+01,2.524906059560631277e+01,2.524853124278644145e+01,2.524694992527852833e+01,2.524433672307096899e+01,2.524072463082184470e+01,2.523615886452970258e+01,2.523069591960978997e+01,2.522440240780464293e+01,2.521735370639386176e+01,2.520963245796796315e+01,2.520132696244084869e+01,2.519252950490112397e+01,2.518333466331613124e+01,2.517383763903829319e+01,2.516413265061709836e+01,2.515431142773961781e+01,2.514446183740140128e+01,2.513466666887423173e+01,2.512500259793664270e+01,2.511553934442455116e+01,2.510633903069869532e+01,2.509745574235324028e+01,2.508893528662348160e+01,2.508081513867475820e+01,2.507312456141668733e+01,2.506588488079222543e+01,2.505910989570229574e+01,2.505280639986439795e+01,2.504697479194934218e+01,2.504160975024024438e+01,2.503670094873021057e+01,2.503223379291470962e+01,2.502819015542108261e+01,2.502454909392215043e+01,2.502128753637256153e+01,2.501838092135838565e+01,2.501580378414486816e+01,2.501353028173917181e+01,2.501153465286573763e+01,2.500979161111032667e+01,2.500827667157230039e+01,2.500696641313842150e+01,2.500583867993840670e+01,2.500487272665991867e+01,2.500404931320018420e+01,2.500335075463420154e+01,2.500276093271575917e+01,2.500226527513215302e+01,2.500185070854512759e+01,2.500150559110879556e+01,2.500121962969811662e+01,2.500098378654577758e+01,2.500079017940319304e+01,2.500063197874168708e+01,2.500050330491664141e+01,2.500039912764935579e+01,2.500031516965342959e+01,2.500024781575439903e+01,2.500019402842969996e+01,2.500015127033330842e+01,2.500011743406575704e+01,2.500009077920368838e+01,2.500006987640911049e+01,2.500005355829306097e+01,2.500004087660459717e+01,2.500003106524901852e+01,2.500002350860196643e+01,2.500001771457366928e+01,2.500001329188408050e+01,2.500000993103068581e+01,2.500000738846194537e+01
2.503374730486625666e+01,2.503809858544668998e+01,2.504282827137447498e+01,2.504794067879188191e+01,2.505343548435966738e+01,2.505930717807946451e+01,2.506554456844655832e+01,2.507213035919998845e+01,2.507904081685597930e+01,2.508624554743662571e+01,2.509370739929536143e+01,2.510138250667897353e+01,2.510922048566940035e+01,2.511716479046801709e+01,2.512515323370625708e+01,2.513311866970844477e+01,2.514098983454559644e+01,2.514869233147902960e+01,2.515614974519514391e+01,2.516328486328470149e+01,2.517002097893068679e+01,2.517628324493979264e+01,2.518200004626754307e+01,2.518710435620310761e+01,2.519153504051665138e+01,2.519523807420753769e+01,2.519816763705356522e+01,2.520028705692670812e+01,2.520156957373399109e+01,2.520199890173742219e+01,2.520156957373399109e+01,2.520028705692670812e+01,2.519816763705356522e+01,2.519523807420753769e+01,2.519153504051665138e+01,2.518710435620310761e+01,2.518200004626754307e+01,2.517628324493979264e+01,2.517002097893068679e+01,2.516328486328470149e+01,2.515614974519514391e+01,2.514869233147902960e+01,2.514098983454559644e+01,2.513311866970844477e+01,2.512515323370625708e+01,2.511716479046801709e+01,2.510922048566940035e+01,2.510138250667897353e+01,2.509370739929536143e+01,2.508624554743662571e+01,2.507904081685597930e+01,2.507213035919998845e+01,2.506554456844655832e+01,2.505930717807946451e+01,2.505343548435966738e+01,2.504794067879188191e+01,2.504282827137447498e+01,2.503809858544668998e+01,2.503374730486625666e+01,2.502976605479552674e+01,2.502614299846088741e+01,2.502286343378005284e+01,2.501991037562104481e+01,2.501726511155843369e+01,2.501490772122453521e+01,2.501281755161946663e+01,2.501097364295968717e+01,2.500935510173790988e+01,2.500794141957988614e+01,2.500671273817351903e+01,2.500565006198425166e+01,2.500473542164420948e+01,2.500395199180895744e+01,2.500328416792402209e+01,2.500271760675128974e+01,2.500223923569682682e+01,2.500183723598554053e+01,2.500150100457538116e+01,2.500122109942643434e+01,2.500098917236966400e+01,2.500079789338537140e+01,2.500064086962946419e+01,2.500051256205917127e+01,2.500040820202871927e+01,2.500032370976479257e+01,2.500025561620335424e+01,2.500020098928174406e+01,2.500015736543795697e+01,2.500012268677475546e+01,2.500009524410014450e+01,2.500007362585559179e+01,2.500005667278624699e+01,2.500004343808923579e+01,2.500003315269207960e+01,2.500002519525888545e+01,2.500001906649169925e+01,2.500001436728446436e+01,2.500001078029215762e+01,2.500000805449487729e+01,2.500000599236179610e+01
2.502726743167658441e+01,2.503078321601559608e+01,2.503460474749488540e+01,2.503873551350744364e+01,2.504317525279890688e+01,2.504791951335437972e+01,2.505295925256759659e+01,2.505828049525992540e+01,2.506386406505121656e+01,2.506968540395915568e+01,2.507571449388337825e+01,2.508191589180307801e+01,2.508824888809570197e+01,2.509466779441052253e+01,2.510112236407361763e+01,2.510755834415631327e+01,2.511391815422893359e+01,2.512014168258782831e+01,2.512616718654419046e+01,2.513193227936515228e+01,2.513737498283052574e+01,2.514243482127453078e+01,2.514705393057024807e+01,2.515117815391121425e+01,2.515475809554740749e+01,2.515775010390370525e+01,2.516011715677097271e+01,2.516182962349428465e+01,2.516286588222828513e+01,2.516321277428520276e+01,2.516286588222828513e+01,2.516182962349428465e+01,2.516011715677097271e+01,2.515775010390370525e+01,2.515475809554740749e+01,2.515117815391121425e+01,2.514705393057024807e+01,2.514243482127453078e+01,2.513737498283052574e+01,2.513193227936515228e+01,2.512616718654419046e+01,2.512014168258782831e+01,2.511391815422893359e+01,2.510755834415631327e+01,2.510112236407361763e+01,2.509466779441052253e+01,2.508824888809570197e+01,2.508191589180307801e+01,2.507571449388337825e+01,2.506968540395915568e+01,2.506386406505121656e+01,2.505828049525992540e+01,2.505295925256759659e+01,2.504791951335437972e+01,2.504317525279890688e+01,2.503873551350744364e+01,2.503460474749488540e+01,2.503078321601559608e+01,2.502726743167658441e+01,2.502405062770597866e+01,2.502112324012771793e+01,2.501847338982951285e+01,2.501608735302133368e+01,2.501395001028004828e+01,2.501204526617916812e+01,2.501035643333386105e+01,2.500886657648165823e+01,2.500755881391052782e+01,2.500641657509148530e+01,2.500542381473823283e+01,2.500456518467873579e+01,2.500382616587176443e+01,2.500319316363378519e+01,2.500265356966541930e+01,2.500219579479630383e+01,2.500180927652187179e+01,2.500148446540865876e+01,2.500121279432143240e+01,2.500098663420123657e+01,2.500079923982412922e+01,2.500064468861904743e+01,2.500051781524196670e+01,2.500041414421044195e+01,2.500032982251390123e+01,2.500026155374272108e+01,2.500020653493332290e+01,2.500016239701301757e+01,2.500012714945222214e+01,2.500009912949379398e+01,2.500007695613037839e+01,2.500005948883903173e+01,2.500004579095525159e+01,2.500003509747326547e+01,2.500002678699143033e+01,2.500002035747752061e+01,2.500001540550458046e+01,2.500001160859953231e+01,2.500000871035127403e+01,2.500000650793862178e+01,2.500000484175896531e+01
2.502194878706661285e+01,2.502477880064267168e+01,2.502785492389850930e+01,2.503117996399421941e+01,2.503475371063436228e+01,2.503857258019111498e+01,2.504262929386236181e+01,2.504691260239574291e+01,2.505140706985693200e+01,2.505609292841700508e+01,2.506094601515145825e+01,2.506593780037234964e+01,2.507103551506616412e+01,2.507620238261627321e+01,2.508139795720585141e+01,2.508657856820271803e+01,2.509169786651887790e+01,2.509670746552961873e+01,2.510155766575660863e+01,2.510619824930138222e+01,2.511057932709576335e+01,2.511465221954548710e+01,2.511837034920183598e+01,2.512169012280573099e+01,2.512457177948743592e+01,2.512698018212295992e+01,2.512888552986437318e+01,2.513026397165949533e+01,2.513109810310862713e+01,2.513137733218977488e+01,2.513109810310862713e+01,2.513026397165949533e+01,2.512888552986437318e+01,2.512698018212295992e+01,2.512457177948743592e+01,2.512169012280573099e+01,2.511837034920183598e+01,2.511465221954548710e+01,2.511057932709576335e+01,2.510619824930138222e+01,2.510155766575660863e+01,2.509670746552961873e+01,2.509169786651887790e+01,2.508657856820271803e+01,2.508139795720585141e+01,2.507620238261627321e+01,2.507103551506616412e+01,2.506593780037234964e+01,2.506094601515145825e+01,2.505609292841700508e+01,2.505140706985693200e+01,2.504691260239574291e+01,2.504262929386236181e+01,2.503857258019111498e+01,2.503475371063436228e+01,2.503117996399421941e+01,2.502785492389850930e+01,2.502477880064267168e+01,2.502194878706661285e+01,2.501935943629007753e+01,2.501700304983686252e+01,2.501487006567305826e+01,2.501294943690035311e+01,2.501122899321232040e+01,2.500969577867336113e+01,2.500833636085387823e+01,2.500713710779636401e+01,2.500608443064847819e+01,2.500516499104317703e+01,2.500436587340495365e+01,2.500367472329707397e+01,2.500307985368761621e+01,2.500257032160190462e+01,2.500213597805042554e+01,2.500176749438662682e+01,2.500145636837360286e+01,2.500119491324114662e+01,2.500097623291523874e+01,2.500079418642182461e+01,2.500064334422555845e+01,2.500051893898154987e+01,2.500041681287114059e+01,2.500033336337641643e+01,2.500026548903516854e+01,2.500021053641844659e+01,2.500016624929428843e+01,2.500013072068910702e+01,2.500010234833575851e+01,2.500007979380592360e+01,2.500006194546443439e+01,2.500004788525286159e+01,2.500003685920765406e+01,2.500002825154112429e+01,2.500002156205901471e+01,2.500001638665293413e+01,2.500001240058630003e+01,2.500000934428597077e+01,2.500000701135506986e+01,2.500000523853367440e+01,2.500000389735042816e+01
2.501760102540665898e+01,2.501987045107935259e+01,2.502233723539028531e+01,2.502500362943862910e+01,2.502786946458565964e+01,2.503093186707237194e+01,2.503418499993016511e+01,2.503761984223337933e+01,2.504122401570017331e+01,2.504498166824459560e+01,2.504887342329486799e+01,2.505287640251330217e+01,2.505696432799043549e+01,2.506110770806634847e+01,2.506527410870050687e+01,2.506942850982987991e+01,2.507353374350195097e+01,2.507755100783631619e+01,2.508144044815771068e+01,2.508516179406285573e+01,2.508867503884187045e+01,2.509194114567814538e+01,2.509492276349365270e+01,2.509758493427189308e+01,2.509989577324053300e+01,2.510182710347070767e+01,2.510335502726455204e+01,2.510446041814487117e+01,2.510512931929116931e+01,2.510535323681958175e+01,2.510512931929116931e+01,2.510446041814487117e+01,2.510335502726455204e+01,2.510182710347070767e+01,2.509989577324053300e+01,2.509758493427189308e+01,2.509492276349365270e+01,2.509194114567814538e+01,2.508867503884187045e+01,2.508516179406285573e+01,2.508144044815771068e+01,2.507755100783631619e+01,2.507353374350195097e+01,2.506942850982987991e+01,2.506527410870050687e+01,2.506110770806634847e+01,2.505696432799043549e+01,2.505287640251330217e+01,2.504887342329486799e+01,2.504498166824459560e+01,2.504122401570017331e+01,2.503761984223337933e+01,2.503418499993016511e+01,2.503093186707237194e+01,2.502786946458565964e+01,2.502500362943862910e+01,2.502233723539028531e+01,2.501987045107935259e+01,2.501760102540665898e+01,2.501552459044621202e+01,2.501363497268714653e+01,2.501192450420681013e+01,2.501038432634993924e+01,2.500900467958532047e+01,2.500777517437520814e+01,2.500668503907495577e+01,2.500572334203583225e+01,2.500487918617570671e+01,2.500414187527994869e+01,2.500350105217612295e+01,2.500294680967645178e+01,2.500246977579398688e+01,2.500206117521123517e+01,2.500171286931799486e+01,2.500141737734803726e+01,2.500116788124407208e+01,2.500095821688243447e+01,2.500078285420929092e+01,2.500063686869555823e+01,2.500051590632434184e+01,2.500041614409812496e+01,2.500033424780660951e+01,2.500026732854258071e+01,2.500021289920208289e+01,2.500016883196501283e+01,2.500013331752883516e+01,2.500010482666596445e+01,2.500008207449698716e+01,2.500006398771837013e+01,2.500004967489502050e+01,2.500003839982363019e+01,2.500002955789075898e+01,2.500002265528803846e+01,2.500001729090302049e+01,2.500001314067578306e+01,2.500000994419572464e+01,2.500000749330768457e+01,2.500000562249924485e+01,2.500000420085009978e+01,2.500000312533734714e+01
2.501406133539531496e+01,2.501587436360254912e+01,2.501784506023768984e+01,2.501997522368803573e+01,2.502226471922929107e+01,2.502471125103560112e+01,2.502731015599381337e+01,2.503005422734986496e+01,2.503293357618145620e+01,2.503593553836862284e+01,2.503904463410446724e+01,2.504224258604592279e+01,2.504550840095596342e+01,2.504881851815490990e+01,2.505214702631591805e+01,2.505546594815695371e+01,2.505874559046218764e+01,2.506195495468228174e+01,2.506506220119750594e+01,2.506803515826593198e+01,2.507084186480843258e+01,2.507345113458679364e+01,2.507583312808750620e+01,2.507795991759707022e+01,2.507980603059514024e+01,2.508134895673143561e+01,2.508256960430323090e+01,2.508345269330242289e+01,2.508398707372328573e+01,2.508416595986174258e+01,2.508398707372328573e+01,2.508345269330242289e+01,2.508256960430323090e+01,2.508134895673143561e+01,2.507980603059514024e+01,2.507795991759707022e+01,2.507583312808750620e+01,2.507345113458679364e+01,2.507084186480843258e+01,2.506803515826593198e+01,2.506506220119750594e+01,2.506195495468228174e+01,2.505874559046218764e+01,2.505546594815695371e+01,2.505214702631591805e+01,2.504881851815490990e+01,2.504550840095596342e+01,2.504224258604592279e+01,2.503904463410446724e+01,2.503593553836862284e+01,2.503293357618145620e+01,2.503005422734986496e+01,2.502731015599381337e+01,2.502471125103560112e+01,2.502226471922929107e+01,2.501997522368803573e+01,2.501784506023768984e+01,2.501587436360254912e+01,2.501406133539531496e+01,2.501240248611063777e+01,2.501089288377411535e+01,2.500952640253626313e+01,2.500829596527971077e+01,2.500719377518361242e+01,2.500621153211934455e+01,2.500534063069576618e+01,2.500457233769559195e+01,2.500389794751655970e+01,2.500330891502803610e+01,2.500279696595780976e+01,2.500235418552325228e+01,2.500197308650990990e+01,2.500164665837836608e+01,2.500136839925016830e+01,2.500113233279380154e+01,2.500093301211125052e+01,2.500076551272747238e+01,2.500062541672136263e+01,2.500050878992127323e+01,2.500041215393373761e+01,2.500033245459291820e+01,2.500026702822166769e+01,2.500021356689233443e+01,2.500017008367505511e+01,2.500013487866932138e+01,2.500010650643605814e+01,2.500008374528610844e+01,2.500006556873834995e+01,2.500005111933812785e+01,2.500003968492422857e+01,2.500003067734900242e+01,2.500002361359102210e+01,2.500001809915026030e+01,2.500001381358080010e+01,2.500001049799345409e+01,2.500000794434802032e+01,2.500000598635080351e+01,2.500000449177510120e+01,2.500000335602959467e+01,2.500000249681002273e+01
2.501119119125105428e+01,2.501263415131425205e+01,2.501420259714970484e+01,2.501589796006500421e+01,2.501772013283525098e+01,2.501966728824947594e+01,2.502173571501073113e+01,2.502391967737908018e+01,2.502621130491991508e+01,2.502860051846333533e+01,2.503107499787936518e+01,2.503362019652390202e+01,2.503621940621638942e+01,2.503885387538986151e+01,2.504150298163498789e+01,2.504414445828184199e+01,2.504675467297632707e+01,2.504930895447034089e+01,2.505178196212134978e+01,2.505414809095609741e+01,2.505638190366446594e+01,2.505845857961979561e+01,2.506035437003199817e+01,2.506204704768196123e+01,2.506351633939939916e+01,2.506474432955766574e+01,2.506571582337685555e+01,2.506641865974366112e+01,2.506684396454740238e+01,2.506698633715507896e+01,2.506684396454740238e+01,2.506641865974366112e+01,2.506571582337685555e+01,2.506474432955766574e+01,2.506351633939939916e+01,2.506204704768196123e+01,2.506035437003199817e+01,2.505845857961979561e+01,2.505638190366446594e+01,2.505414809095609741e+01,2.505178196212134978e+01,2.504930895447034089e+01,2.504675467297632707e+01,2.504414445828184199e+01,2.504150298163498789e+01,2.503885387538986151e+01,2.503621940621638942e+01,2.503362019652390202e+01,2.503107499787936518e+01,2.502860051846333533e+01,2.502621130491991508e+01,2.502391967737908018e+01,2.502173571501073113e+01,2.501966728824947594e+01,2.501772013283525098e+01,2.501589796006500421e+01,2.501420259714970484e+01,2.501263415131425205e+01,2.501119119125105428e+01,2.500987093971878039e+01,2.500866947143812524e+01,2.500758191094377381e+01,2.500660262567154746e+01,2.500572541025681872e+01,2.500494365876037506e+01,2.500425052228947465e+01,2.500363905021658439e+01,2.500310231389252991e+01,2.500263351238493215e+01,2.500222606033328532e+01,2.500187365848907461e+01,2.500157034789843991e+01,2.500131054898552563e+01,2.500108908700958565e+01,2.500090120550424189e+01,2.500074256937076100e+01,2.500060925929845368e+01,2.500049775913479166e+01,2.500040493773567718e+01,2.500032802670355636e+01,2.500026459527683897e+01,2.500021252347761447e+01,2.500016997446329370e+01,2.500013536686827464e+01,2.500010734776901344e+01,2.500008476676374514e+01,2.500006665152966434e+01,2.500005218510691307e+01,2.500004068506109434e+01,2.500003158459451669e+01,2.500002441560990363e+01,2.500001879367825453e+01,2.500001440482332171e+01,2.500001099400734361e+01,2.500000835518456554e+01,2.500000632277913581e+01,2.500000476444056119e+01,2.500000357493173908e+01,2.500000267101011175e+01,2.500000198717103927e+01
2.500887334200624679e+01,2.501001744524377557e+01,2.501126104442852949e+01,2.501260527442466497e+01,2.501405005021502603e+01,2.501559392302911178e+01,2.501723395023048724e+01,2.501896558402964033e+01,2.502078258406695355e+01,2.502267695870689579e+01,2.502463893948743134e+01,2.502665699257402210e+01,2.502871787027952877e+01,2.503080670474377101e+01,2.503290714474131562e+01,2.503500153533506634e+01,2.503707113875567458e+01,2.503909639350900562e+01,2.504105720734724727e+01,2.504293327843839023e+01,2.504470443788822820e+01,2.504635100576240703e+01,2.504785415197108733e+01,2.504919625285717899e+01,2.505036123410209825e+01,2.505133489065126895e+01,2.505210517477216570e+01,2.505266244408489484e+01,2.505299966242884224e+01,2.505311254771620000e+01,2.505299966242884224e+01,2.505266244408489484e+01,2.505210517477216570e+01,2.505133489065126895e+01,2.505036123410209825e+01,2.504919625285717899e+01,2.504785415197108733e+01,2.504635100576240703e+01,2.504470443788822820e+01,2.504293327843839023e+01,2.504105720734724727e+01,2.503909639350900562e+01,2.503707113875567458e+01,2.503500153533506634e+01,2.503290714474131562e+01,2.503080670474377101e+01,2.502871787027952877e+01,2.502665699257402210e+01,2.502463893948743134e+01,2.502267695870689579e+01,2.502078258406695355e+01,2.501896558402964033e+01,2.501723395023048724e+01,2.501559392302911178e+01,2.501405005021502603e+01,2.501260527442466497e+01,2.501126104442852949e+01,2.501001744524377557e+01,2.500887334200624679e+01,2.500782653267939892e+01,2.500687390496312190e+01,2.500601159316785527e+01,2.500523513131073727e+01,2.500453959924329084e+01,2.500391975920694421e+01,2.500337018080859863e+01,2.500288535299105064e+01,2.500245978212342024e+01,2.500208807583973680e+01,2.500176501269799445e+01,2.500148559811047022e+01,2.500124510730440264e+01,2.500103911631064335e+01,2.500086352214825069e+01,2.500071455348029303e+01,2.500058877306645044e+01,2.500048307333905484e+01,2.500039466638900620e+01,2.500032106957510791e+01,2.500026008787290976e+01,2.500020979396490972e+01,2.500016850694970216e+01,2.500013477041999366e+01,2.500010733053269973e+01,2.500008511457330229e+01,2.500006721040402269e+01,2.500005284708344888e+01,2.500004137685532157e+01,2.500003225862676715e+01,2.500002504299166972e+01,2.500001935880212400e+01,2.500001490124964931e+01,2.500001142138678745e+01,2.500000871699759131e+01,2.500000662471121515e+01,2.500000501324483082e+01,2.500000377765955761e+01,2.500000283451432992e+01,2.500000211780727355e+01,2.500000157560065617e+01
2.500700905191998658e+01,2.500791277894730413e+01,2.500889509781289632e+01,2.500995690494584522e+01,2.501109813319110486e+01,2.501231763816501186e+01,2.501361309547935008e+01,2.501498091283566794e+01,2.501641616097455412e+01,2.501791252730393467e+01,2.501946229571668567e+01,2.502105635563810182e+01,2.502268424272151393e+01,2.502433421284571580e+01,2.502599335017945492e+01,2.502764770908977354e+01,2.502928248861462635e+01,2.503088223713184846e+01,2.503243108377700210e+01,2.503391299213511090e+01,2.503531203079875667e+01,2.503661265458985596e+01,2.503779998962242459e+01,2.503886011497156971e+01,2.503978033353473620e+01,2.504054942474079581e+01,2.504115787208709776e+01,2.504159805905876723e+01,2.504186442779328203e+01,2.504195359586992353e+01,2.504186442779328203e+01,2.504159805905876723e+01,2.504115787208709776e+01,2.504054942474079581e+01,2.503978033353473620e+01,2.503886011497156971e+01,2.503779998962242459e+01,2.503661265458985596e+01,2.503531203079875667e+01,2.503391299213511090e+01,2.503243108377700210e+01,2.503088223713184846e+01,2.502928248861462635e+01,2.502764770908977354e+01,2.502599335017945492e+01,2.502433421284571580e+01,2.502268424272151393e+01,2.502105635563810182e+01,2.501946229571668567e+01,2.501791252730393467e+01,2.501641616097455412e+01,2.501498091283566794e+01,2.501361309547935008e+01,2.501231763816501186e+01,2.501109813319110486e+01,2.500995690494584522e+01,2.500889509781289632e+01,2.500791277894730413e+01,2.500700905191998658e+01,2.500618217734251303e+01,2.500542969680935101e+01,2.500474855681272146e+01,2.500413522967322777e+01,2.500358582896610571e+01,2.500309621738641397e+01,2.500266210546720558e+01,2.500227914002497798e+01,2.500194298164127815e+01,2.500164937088678485e+01,2.500139418334500974e+01,2.500117347379163135e+01,2.500098351012914577e+01,2.500082079786478317e+01,2.500068209605432656e+01,2.500056442571913351e+01,2.500046507178343091e+01,2.500038157957984808e+01,2.500031174693927838e+01,2.500025361282369829e+01,2.500020544338353190e+01,2.500016571623087813e+01,2.500013310362189500e+01,2.500010645514061736e+01,2.500008478037652182e+01,2.500006723199252434e+01,2.500005308949108596e+01,2.500004174390567613e+01,2.500003268357367858e+01,2.500002548108589906e+01,2.500001978145649417e+01,2.500001529151576918e+01,2.500001177049553647e+01,2.500000902175222350e+01,2.500000688555548223e+01,2.500000523285869392e+01,2.500000395996156755e+01,2.500000298397288745e+01,2.500000223898257090e+01,2.500000167285574548e+01,2.500000124456679274e+01
2.500551559648442890e+01,2.500622676165650304e+01,2.500699977269187357e+01,2.500783533501278200e+01,2.500873339577326249e+01,2.500969305442946933e+01,2.501071248186277174e+01,2.501178885120458517e+01,2.501291828349863522e+01,2.501409581120994119e+01,2.501531536234276487e+01,2.501656976756031980e+01,2.501785079220913133e+01,2.501914919454947039e+01,2.502045481079395373e+01,2.502175666677873878e+01,2.502304311526036429e+01,2.502430199697479551e+01,2.502552082274587519e+01,2.502668697312163815e+01,2.502778791128315561e+01,2.502881140434493545e+01,2.502974574767784688e+01,2.503057998656144534e+01,2.503130412933137094e+01,2.503190934624241493e+01,2.503238814852302596e+01,2.503273454254908614e+01,2.503294415470097434e+01,2.503301432326808751e+01,2.503294415470097434e+01,2.503273454254908614e+01,2.503238814852302596e+01,2.503190934624241493e+01,2.503130412933137094e+01,2.503057998656144534e+01,2.502974574767784688e+01,2.502881140434493545e+01,2.502778791128315561e+01,2.502668697312163815e+01,2.502552082274587519e+01,2.502430199697479551e+01,2.502304311526036429e+01,2.502175666677873878e+01,2.502045481079395373e+01,2.501914919454947039e+01,2.501785079220913133e+01,2.501656976756031980e+01,2.501531536234276487e+01,2.501409581120994119e+01,2.501291828349863522e+01,2.501178885120458517e+01,2.501071248186277174e+01,2.500969305442946933e+01,2.500873339577326249e+01,2.500783533501278200e+01,2.500699977269187357e+01,2.500622676165650304e+01,2.500551559648442890e+01,2.500486490840783205e+01,2.500427276284653644e+01,2.500373675691967179e+01,2.500325411460898195e+01,2.500282177759060787e+01,2.500243649011684965e+01,2.500209487669997444e+01,2.500179351171211195e+01,2.500152898035744187e+01,2.500129793078557938e+01,2.500109711739107610e+01,2.500092343557924579e+01,2.500077394847015455e+01,2.500064590616093341e+01,2.500053675827233590e+01,2.500044416057231444e+01,2.500036597650052883e+01,2.500030027441844993e+01,2.500024532138468203e+01,2.500019957420985861e+01,2.500016166848482513e+01,2.500013040620484261e+01,2.500010474253542014e+01,2.500008377218574296e+01,2.500006671577725825e+01,2.500005290651943213e+01,2.500004177743491240e+01,2.500003284931286274e+01,2.500002571951329955e+01,2.500002005169734787e+01,2.500001556651785961e+01,2.500001203327234123e+01,2.500000926249434841e+01,2.500000709944018595e+01,2.500000541841408008e+01,2.500000411786605881e+01,2.500000311619179527e+01,2.500000234816214117e+01,2.500000176191081991e+01,2.500000131641160195e+01,2.500000097938042032e+01
2.500432401157712192e+01,2.500488153721300932e+01,2.500548754758299097e+01,2.500614259571046105e+01,2.500684664016625547e+01,2.500759897495928286e+01,2.500839816613218503e+01,2.500924199753072585e+01,2.501012742820514845e+01,2.501105056380261971e+01,2.501200664411634378e+01,2.501299004866713460e+01,2.501399432180924620e+01,2.501501221838076816e+01,2.501603577037053938e+01,2.501705637446401553e+01,2.501806489967858127e+01,2.501905181362755926e+01,2.502000732528609461e+01,2.502092154149818981e+01,2.502178463388893093e+01,2.502258701235529159e+01,2.502331950092655077e+01,2.502397351153101468e+01,2.502454121109523655e+01,2.502501567744487332e+01,2.502539103967638212e+01,2.502566259902325640e+01,2.502582692673904319e+01,2.502588193614689160e+01,2.502582692673904319e+01,2.502566259902325640e+01,2.502539103967638212e+01,2.502501567744487332e+01,2.502454121109523655e+01,2.502397351153101468e+01,2.502331950092655077e+01,2.502258701235529159e+01,2.502178463388893093e+01,2.502092154149818981e+01,2.502000732528609461e+01,2.501905181362755926e+01,2.501806489967858127e+01,2.501705637446401553e+01,2.501603577037053938e+01,2.501501221838076816e+01,2.501399432180924620e+01,2.501299004866713460e+01,2.501200664411634378e+01,2.501105056380261971e+01,2.501012742820514845e+01,2.500924199753072585e+01,2.500839816613218503e+01,2.500759897495928286e+01,2.500684664016625547e+01,2.500614259571046105e+01,2.500548754758299097e+01,2.500488153721300932e+01,2.500432401157712192e+01,2.500381389761496820e+01,2.500334967869148528e+01,2.500292947104219010e+01,2.500255109837752698e+01,2.500221216309138583e+01,2.500191011280512043e+01,2.500164230126857845e+01,2.500140604292369062e+01,2.500119866070431840e+01,2.500101752689105794e+01,2.500086009705638901e+01,2.500072393731968035e+01,2.500060674528212701e+01,2.500050636512759539e+01,2.500042079745866985e+01,2.500034820448925288e+01,2.500028691123973701e+01,2.500023540338118266e+01,2.500019232235542788e+01,2.500015645836245781e+01,2.500012674175894034e+01,2.500010223335609538e+01,2.500008211404460923e+01,2.500006567411195135e+01,2.500005230255586142e+01,2.500004147663868537e+01,2.500003275187239282e+01,2.500002575257445159e+01,2.500002016309089825e+01,2.500001571974522108e+01,2.500001220354020148e+01,2.500000943361412808e+01,2.500000726143272090e+01,2.500000556568299359e+01,2.500000424782437847e+01,2.500000322824567789e+01,2.500000244297229557e+01,2.500000184086713162e+01,2.500000138126906180e+01,2.500000103201512758e+01,2.500000076779588554e+01
2.500337708788574176e+01,2.500381251990005893e+01,2.500428581888240132e+01,2.500479741674850587e+01,2.500534728114185512e+01,2.500593486067771565e+01,2.500655903542384451e+01,2.500721807454591783e+01,2.500790960303767463e+01,2.500863057937816691e+01,2.500937728580753117e+01,2.501014533268622841e+01,2.501092967810291157e+01,2.501172466352774393e+01,2.501252406587980204e+01,2.501332116590110033e+01,2.501410883222063575e+01,2.501487961996759779e+01,2.501562588227267270e+01,2.501633989250131407e+01,2.501701397461350851e+01,2.501764063866150778e+01,2.501821271813824410e+01,2.501872350569051662e+01,2.501916688362484820e+01,2.501953744566728588e+01,2.501983060659486213e+01,2.502004269663306957e+01,2.502017103790329244e+01,2.502021400069410006e+01,2.502017103790329244e+01,2.502004269663306957e+01,2.501983060659486213e+01,2.501953744566728588e+01,2.501916688362484820e+01,2.501872350569051662e+01,2.501821271813824410e+01,2.501764063866150778e+01,2.501701397461350851e+01,2.501633989250131407e+01,2.501562588227267270e+01,2.501487961996759779e+01,2.501410883222063575e+01,2.501332116590110033e+01,2.501252406587980204e+01,2.501172466352774393e+01,2.501092967810291157e+01,2.501014533268622841e+01,2.500937728580753117e+01,2.500863057937816691e+01,2.500790960303767463e+01,2.500721807454591783e+01,2.500655903542384451e+01,2.500593486067771565e+01,2.500534728114185512e+01,2.500479741674850587e+01,2.500428581888240132e+01,2.500381251990005893e+01,2.500337708788574176e+01,2.500297868477067098e+01,2.500261612605063277e+01,2.500228794049039038e+01,2.500199242839026326e+01,2.500172771720055920e+01,2.500149181349298644e+01,2.500128265052484977e+01,2.500109813085366284e+01,2.500093616366919136e+01,2.500079469670141563e+01,2.500067174273192450e+01,2.500056540088034751e+01,2.500047387295465384e+01,2.500039547524507455e+01,2.500032864620611761e+01,2.500027195051202966e+01,2.500022407999023955e+01,2.500018385193764558e+01,2.500015020530937448e+01,2.500012219524186108e+01,2.500009898633505045e+01,2.500007984507493219e+01,2.500006413173053588e+01,2.500005129201065301e+01,2.500004084871759602e+01,2.500003239358904494e+01,2.500002557947626158e+01,2.500002011296816917e+01,2.500001574753646949e+01,2.500001227724769137e+01,2.500000953106323820e+01,2.500000736772865295e+01,2.500000567123747075e+01,2.500000434684326578e+01,2.500000331758507244e+01,2.500000252128588940e+01,2.500000190798104782e+01,2.500000143773206673e+01,2.500000107878226885e+01,2.500000080601212815e+01,2.500000059965477206e+01
