2.505342083431171218e+01,2.505690618089810329e+01,2.506046233366349085e+01,2.506407747311246936e+01,2.506773888069766443e+01,2.507143288113031332e+01,2.507514475194670922e+01,2.507885860240068965e+01,2.508255722762381268e+01,2.508622194815032103e+01,2.508983244902451659e+01,2.509336663641620291e+01,2.509680053256067112e+01,2.510010823151315762e+01,2.510326193831085462e+01,2.510623211240427466e+01,2.510898773251745553e+01,2.511149669444700905e+01,2.511372634591610975e+01,2.511564415384539117e+01,2.511721848984098671e+01,2.511841951001370887e+01,2.511922009619827989e+01,2.511959681801782551e+01,2.511953086976162197e+01,2.511900893330910023e+01,2.511802391874379481e+01,2.511657553801878606e+01,2.511467067395164676e+01,2.511232351656313355e+01,2.510955545070276429e+01,2.510639469220386033e+01,2.510287568353034615e+01,2.509903827302541757e+01,2.509492671350043125e+01,2.509058852519219940e+01,2.508607327444845936e+01,2.508143132250337359e+01,2.507671259828028099e+01,2.507196544548175154e+01,2.506723558771635751e+01,2.506256524668133423e+01,2.505799243821584099e+01,2.505355046016456910e+01,2.504926757523638159e+01,2.504516688211886688e+01,2.504126635959732283e+01,2.503757906174031689e+01,2.503411343758480356e+01,2.503087374623337169e+01,2.502786053775248121e+01,2.502507117149057336e+01,2.502250034608025686e+01,2.502014061905932252e+01,2.501798289833671518e+01,2.501601689225958580e+01,2.501423150947239904e+01,2.501261520383159365e+01,2.501115626315916174e+01,2.500984304347151266e+01,2.500866415246346364e+01,2.500760858747822368e+01,2.500666583401576304e+01,2.500582593111812102e+01,2.500507950983184102e+01,2.500441781049940815e+01,2.500383268398208259e+01,2.500331658116184030e+01,2.500286253428807726e+01,2.500246413298471637e+01,2.500211549705614189e+01,2.500181124764888452e+01,2.500154647785070594e+01,2.500131672343765032e+01,2.500111793420458284e+01,2.500094644612224570e+01,2.500079895443809974e+01,2.500067248776436912e+01,2.500056438315950302e+01,2.500047226219671259e+01,2.500039400801525602e+01,2.500032774335891261e+01,2.500027180961641449e+01,2.500022474688713103e+01,2.500018527510001221e+01,2.500015227621441483e+01,2.500012477752764539e+01,2.500010193610708598e+01,2.500008302435513130e+01,2.500006741670398469e+01,2.500005457742585691e+01,2.500004404953254777e+01,2.500003544472796335e+01,2.500002843436797306e+01,2.500002274137450087e+01,2.500001813304492870e+01,2.500001441469405350e+01,2.500001142406344457e+01,2.500000902643239442e+01,2.500000711036522105e+01
2.506430630516649316e+01,2.506850414758531187e+01,2.507278751098905190e+01,2.507714220918542836e+01,2.508155298090638397e+01,2.508600341924037380e+01,2.509047586087855208e+01,2.509495123764665081e+01,2.509940889751094062e+01,2.510382640731178938e+01,2.510817935450312532e+01,2.511244116970206619e+01,2.511658299538628469e+01,2.512057362813071038e+01,2.512437956191966393e+01,2.512796515798356012e+01,2.513129296212389718e+01,2.513432418363484899e+01,2.513701934094957480e+01,2.513933906850184741e+01,2.514124506766915346e+01,2.514270117288310757e+01,2.514367449298712032e+01,2.514413657863889640e+01,2.514406455987787936e+01,2.514344219463063368e+01,2.514226076940119370e+01,2.514051979788595048e+01,2.513822747163311533e+01,2.513540082867514514e+01,2.513206562053851911e+01,2.512825587417954765e+01,2.512401316205434298e+01,2.511938560949964128e+01,2.511442668272784573e+01,2.510919381202935341e+01,2.510374691247423584e+01,2.509814686806258166e+01,2.509245404476903119e+01,2.508672689347368845e+01,2.508102069587674876e+01,2.507538649590324553e+01,2.506987024672205422e+01,2.506451219030582322e+01,2.505934647340541943e+01,2.505440099176771085e+01,2.504969744409395460e+01,2.504525156912073314e+01,2.504107353358772414e+01,2.503716843579853091e+01,2.503353688884736528e+01,2.503017564907928616e+01,2.502707825856522561e+01,2.502423567483051769e+01,2.502163686628673034e+01,2.501926935731669133e+01,2.501711971234668752e+01,2.501517395318333570e+01,2.501341790816467991e+01,2.501183749513671728e+01,2.501041894286661815e+01,2.500914895726250009e+01,2.500801483976402650e+01,2.500700456561217067e+01,2.500610682953513120e+01,2.500531106583993335e+01,2.500460744910762401e+01,2.500398688077094178e+01,2.500344096590133702e+01,2.500296198361967726e+01,2.500254285372081497e+01,2.500217710139511595e+01,2.500185882135183491e+01,2.500158264219821902e+01,2.500134369159396996e+01,2.500113756246676999e+01,2.500096028042242580e+01,2.500080827239356296e+01,2.500067833652635585e+01,2.500056761329014776e+01,2.500047355779790692e+01,2.500039391333694283e+01,2.500032668612252351e+01,2.500027012129818615e+01,2.500022268021304939e+01,2.500018301900765394e+01,2.500014996853621341e+01,2.500012251564496424e+01,2.500009978581529779e+01,2.500008102716724778e+01,2.500006559580517518e+01,2.500005294247391774e+01,2.500004260048128657e+01,2.500003417483180002e+01,2.500002733250762432e+01,2.500002179382588352e+01,2.500001732479671190e+01,2.500001373040378283e+01,2.500001084872811319e+01,2.500000854583674226e+01
2.507718167645549912e+01,2.508222287814554363e+01,2.508736707782438558e+01,2.509259730051962123e+01,2.509789529000954644e+01,2.510324142274805936e+01,2.510861457259046148e+01,2.511399192926050716e+01,2.511934877923027543e+01,2.512465826384264034e+01,2.512989113561851795e+01,2.513501553920128373e+01,2.513999684769893150e+01,2.514479758769961748e+01,2.514937748643566096e+01,2.515369367206256257e+01,2.515770105260089551e+01,2.516135289079203474e+01,2.516460158124128554e+01,2.516739962332958314e+01,2.516970076927994882e+01,2.517146131247507057e+01,2.517264146776526346e+01,2.517320678423306646e+01,2.517312952276089177e+01,2.517238992666162645e+01,2.517097731417553064e+01,2.516889092704984421e+01,2.516614047954411504e+01,2.516274636648736518e+01,2.515873950653285718e+01,2.515416081630210599e+01,2.514906033128495011e+01,2.514349600870583146e+01,2.513753226468310586e+01,2.513123831169220423e+01,2.512468637168094432e+01,2.511794984462921576e+01,2.511110151174991501e+01,2.510421184714961740e+01,2.509734750221984356e+01,2.509057001421599153e+01,2.508393477549656225e+01,2.507749028392176527e+01,2.507127767911090999e+01,2.506533055467792792e+01,2.505967502405806968e+01,2.505433000771561325e+01,2.504930770272303775e+01,2.504461419200210059e+01,2.504025014975264085e+01,2.503621160140752622e+01,2.503249070034517132e+01,2.502907648899018866e+01,2.502595561824360715e+01,2.502311300584447551e+01,2.502053242078358863e+01,2.501819698687518567e+01,2.501608960376333002e+01,2.501419328782887419e+01,2.501249143860811586e+01,2.501096803846010630e+01,2.500960779441969706e+01,2.500839623158597647e+01,2.500731974718418016e+01,2.500636563377204880e+01,2.500552207909954916e+01,2.500477814901427820e+01,2.500412375864931036e+01,2.500354963602246983e+01,2.500304728117605890e+01,2.500260892312815741e+01,2.500222747620529873e+01,2.500189649677942327e+01,2.500161014102691226e+01,2.500136312404420025e+01,2.500115068047044886e+01,2.500096852665977565e+01,2.500081282439228758e+01,2.500068014609632527e+01,2.500056744155891053e+01,2.500047200611616560e+01,2.500039145033258947e+01,2.500032367119231935e+01,2.500026682483440155e+01,2.500021930086651523e+01,2.500017969828769537e+01,2.500014680304175485e+01,2.500011956721013817e+01,2.500009708983772327e+01,2.500007859936900445e+01,2.500006343765597450e+01,2.500005104548437984e+01,2.500004094955203016e+01,2.500003275082216447e+01,2.500002611416692133e+01,2.500002075921009137e+01,2.500001645227536429e+01,2.500001299934512033e+01,2.500001023993576155e+01
2.509236228727328211e+01,2.509839860258914612e+01,2.510455860858796484e+01,2.511082205486600571e+01,2.511716716921593218e+01,2.512357055294228658e+01,2.513000701609151477e+01,2.513644935608013853e+01,2.514286809015170476e+01,2.514923115956093724e+01,2.515550363080039276e+01,2.516164742587660186e+01,2.516762111888289510e+01,2.517337983918850597e+01,2.517887532183470611e+01,2.518405614272331050e+01,2.518886816965396847e+01,2.519325525025287860e+01,2.519716014469479859e+01,2.520052569553618937e+01,2.520329620993157960e+01,2.520541901221636394e+01,2.520684610867071029e+01,2.520753589262377048e+01,2.520745480820866291e+01,2.520657888610182695e+01,2.520489506519813361e+01,2.520240222067718250e+01,2.519911183111905828e+01,2.519504823455782372e+01,2.519024844450764178e+01,2.518476152059755080e+01,2.517864751281891600e+01,2.517197602175905757e+01,2.516482443787937839e+01,2.515727593943877594e+01,2.514941733995856055e+01,2.514133688151057555e+01,2.513312206941039051e+01,2.512485763741877065e+01,2.511662372103998564e+01,2.510849430104383018e+01,2.510053596125293396e+01,2.509280698535535947e+01,2.508535679842902510e+01,2.507822574126252135e+01,2.507144515045848721e+01,2.506503770544665954e+01,2.505901799532616181e+01,2.505339325399162576e+01,2.504816421107739899e+01,2.504332600844596257e+01,2.503886913665058955e+01,2.503478035232439680e+01,2.503104354507059170e+01,2.502764053047265591e+01,2.502455175371536811e+01,2.502175689553416404e+01,2.501923537845260981e+01,2.501696677632396870e+01,2.501493113398695911e+01,2.501310920640899482e+01,2.501148262813443424e+01,2.501003402434866274e+01,2.500874707460809532e+01,2.500760653947574497e+01,2.500659825913522383e+01,2.500570913170353293e+01,2.500492707756347599e+01,2.500424099469566741e+01,2.500364070877968814e+01,2.500311692079597492e+01,2.500266115401145584e+01,2.500226570157066064e+01,2.500192357542417909e+01,2.500162845698433856e+01,2.500137464967583156e+01,2.500115703341939621e+01,2.500097102102304447e+01,2.500081251643598534e+01,2.500067787482709036e+01,2.500056386446867762e+01,2.500046763042825049e+01,2.500038666008920885e+01,2.500031875053343100e+01,2.500026197782250748e+01,2.500021466821085880e+01,2.500017537131396850e+01,2.500014283524024705e+01,2.500011598367733257e+01,2.500009389490470824e+01,2.500007578268574093e+01,2.500006097897480828e+01,2.500004891835986953e+01,2.500003912414834772e+01,2.500003119599445967e+01,2.500002479895952234e+01,2.500001965389304459e+01,2.500001552902110902e+01,2.500001223262970740e+01
2.511020394816197765e+01,2.511741073876290287e+01,2.512476564297449499e+01,2.513224457588157890e+01,2.513982165119750434e+01,2.514746905432628310e+01,2.515515684222486925e+01,2.516285267417638849e+01,2.517052148598380867e+01,2.517812512912684397e+01,2.518562200540176832e+01,2.519296673567014722e+01,2.520010990770078507e+01,2.520699795183341507e+01,2.521357319355752580e+01,2.521977412850941747e+01,2.522553595754633093e+01,2.523079140750269289e+01,2.523547184740077398e+01,2.523950869110009165e+01,2.524283505680957873e+01,2.524538763302371791e+01,2.524710868092268257e+01,2.524794808677771840e+01,2.524786536598737285e+01,2.524683151432389039e+01,2.524483060266538459e+01,2.524186101928179227e+01,2.523793627840735354e+01,2.523308533456117431e+01,2.522735236753365839e+01,2.522079603137838077e+01,2.521348819010331610e+01,2.520551219091401762e+01,2.519696075079249908e+01,2.518793355214118179e+01,2.517853465684921943e+01,2.516886985464910964e+01,2.515904406081140721e+01,2.514915887044369569e+01,2.513931036280998299e+01,2.512958723048006604e+01,2.512006928634903957e+01,2.511082637835456310e+01,2.510191771875503619e+01,2.509339161363854487e+01,2.508528556015298250e+01,2.507762666466911838e+01,2.507043232520744880e+01,2.506371111608581614e+01,2.505746381164018288e+01,2.505168448851442875e+01,2.504636165168349038e+01,2.504147933723227126e+01,2.503701815409521458e+01,2.503295623665056979e+01,2.502927008954445398e+01,2.502593531482222744e+01,2.502292721896034422e+01,2.502022130347794970e+01,2.501779364737265610e+01,2.501562119270647244e+01,2.501368194640156872e+01,2.501195511189338561e+01,2.501042116396819281e+01,2.500906187912997680e+01,2.500786033243042183e+01,2.500680087006133689e+01,2.500586906531870923e+01,2.500505166392837353e+01,2.500433652326235645e+01,2.500371254872198179e+01,2.500316962954020639e+01,2.500269857545772467e+01,2.500229105513701455e+01,2.500193953676631153e+01,2.500163723103849378e+01,2.500137803653428037e+01,2.500115648746366759e+01,2.500096770369740895e+01,2.500080734302967045e+01,2.500067155563738197e+01,2.500055694072937484e+01,2.500046050540222353e+01,2.500037962573512473e+01,2.500031201016236793e+01,2.500025566515872555e+01,2.500020886326221969e+01,2.500017011344195694e+01,2.500013813379823091e+01,2.500011182656009723e+01,2.500009025532354556e+01,2.500007262445293676e+01,2.500005826055043556e+01,2.500004659588325140e+01,2.500003715364722368e+01,2.500002953493735802e+01,2.500002340729157524e+01,2.500001849467244242e+01,2.500001456875311590e+01
2.513110641413108226e+01,2.513968560618491210e+01,2.514844164621554867e+01,2.515734597481018398e+01,2.516636790757033282e+01,2.517547448165901613e+01,2.518463021339210073e+01,2.519379677170449128e+01,2.520293258244952028e+01,2.521199238938903875e+01,2.522092680856953706e+01,2.522968192257525288e+01,2.523819896884509717e+01,2.524641418079266586e+01,2.525425884095434981e+01,2.526165960111506337e+01,2.526853911496241878e+01,2.527481701434986405e+01,2.528041124122419347e+01,2.528523972468144976e+01,2.528922236788116962e+01,2.529228328443858587e+01,2.529435320040667889e+01,2.529537191807691343e+01,2.529529072344773155e+01,2.529407461188248973e+01,2.529170420725555246e+01,2.528817725919467918e+01,2.528350962060266482e+01,2.527773563251246713e+01,2.527090787389175830e+01,2.526309626814924059e+01,2.525438657336191994e+01,2.524487831708260188e+01,2.523468226655648650e+01,2.522391754916185036e+01,2.521270855428895530e+01,2.520118175572192243e+01,2.518946259263167420e+01,2.517767253796682070e+01,2.516592646641535325e+01,2.515433041177899298e+01,2.514297977746810275e+01,2.513195803595447586e+01,2.512133592544418548e+01,2.511117112658289585e+01,2.510150838017520059e+01,2.509237998975347850e+01,2.508380664096778645e+01,2.507579846331788431e+01,2.506835625842640525e+01,2.506147282223158257e+01,2.505513429529117175e+01,2.504932148483124976e+01,2.504401111320616025e+01,2.503917695907546559e+01,2.503479086899229955e+01,2.503082362754926038e+01,2.502724568325265864e+01,2.502402773460222818e+01,2.502114118633137707e+01,2.501855848945808702e+01,2.501625338087183792e+01,2.501420103888033353e+01,2.501237817074718706e+01,2.501076304706423770e+01,2.500933549610007489e+01,2.500807686929633533e+01,2.500696998704734142e+01,2.500599907194879989e+01,2.500514967494207497e+01,2.500440859827262585e+01,2.500376381794896119e+01,2.500320440742883576e+01,2.500272046354925237e+01,2.500230303522180719e+01,2.500194405509449069e+01,2.500163627419511769e+01,2.500137319948213843e+01,2.500114903420349322e+01,2.500095862097699850e+01,2.500079738753679592e+01,2.500066129512541480e+01,2.500054678954115062e+01,2.500045075487094692e+01,2.500037046994781420e+01,2.500030356756957062e+01,2.500024799650393348e+01,2.500020198628601875e+01,2.500016401479079065e+01,2.500013277853750893e+01,2.500010716565732238e+01,2.500008623143147446e+01,2.500006917628621039e+01,2.500005532611325876e+01,2.500004411477126709e+01,2.500003506861445146e+01,2.500002779288943344e+01,2.500002195983967823e+01,2.500001729835856779e+01
2.515551685933496628e+01,2.516570014352866735e+01,2.517609397499649049e+01,2.518666458984550616e+01,2.519737572611580845e+01,2.520818843885156468e+01,2.521906080733793587e+01,2.522994754015544316e+01,2.524079949588520577e+01,2.525156315041536459e+01,2.526218005485064566e+01,2.527258633983448988e+01,2.528271233138536189e+01,2.529248234887081281e+01,2.530181475638388378e+01,2.531062233371071102e+01,2.531881302184827831e+01,2.532629108070725366e+01,2.533295867383375111e+01,2.533871786789179836e+01,2.534347300497017841e+01,2.534713337563404423e+01,2.534961609240644975e+01,2.535084903946479074e+01,2.535077375702806890e+01,2.534934811005245692e+01,2.534654859171023844e+01,2.534237212321726673e+01,2.533683723257861686e+01,2.532998452458327776e+01,2.532187639097182696e+01,2.531259595059163914e+01,2.530224525161236215e+01,2.529094280843433040e+01,2.527882058185443981e+01,2.526602053982281149e+01,2.525269095580678780e+01,2.523898261122037923e+01,2.522504506726680162e+01,2.521102316040680691e+01,2.519705385578984291e+01,2.518326356625590989e+01,2.516976601322631879e+01,2.515666067242761628e+01,2.514403181436947321e+01,2.513194811901772852e+01,2.512046281795770142e+01,2.510961429680866530e+01,2.509942707644275117e+01,2.508991308384015539e+01,2.508107312183365423e+01,2.507289845081006874e+01,2.506537240360308516e+01,2.505847196612756989e+01,2.505216926952545364e+01,2.504643295353896093e+01,2.504122937447037955e+01,2.503652364360680593e+01,2.503228049279624301e+01,2.502846497260902581e+01,2.502504299507432250e+01,2.502198173740017140e+01,2.501924992556271476e+01,2.501681801747768219e+01,2.501465830498734988e+01,2.501274495246414631e+01,2.501105398778430811e+01,2.500956325905674049e+01,2.500825236804601914e+01,2.500710258888635806e+01,2.500609677857092805e+01,2.500521928389038351e+01,2.500445584801554944e+01,2.500379351876759060e+01,2.500322055976745261e+01,2.500272636506305446e+01,2.500230137744944159e+01,2.500193701047545858e+01,2.500162557402483543e+01,2.500136020333131270e+01,2.500113479130493843e+01,2.500094392408587041e+01,2.500078281978622385e+01,2.500064727041878143e+01,2.500053358703794615e+01,2.500043854813095834e+01,2.500035935129649189e+01,2.500029356823518611e+01,2.500023910305564456e+01,2.500019415387239263e+01,2.500015717764274470e+01,2.500012685815979907e+01,2.500010207709073384e+01,2.500008188792491737e+01,2.500006549267604328e+01,2.500005222116671533e+01,2.500004151271325625e+01,2.500003290002231537e+01,2.500002599510905910e+01,2.500002047704871799e+01
2.518393329430607963e+01,2.519598556688973900e+01,2.520828778228242939e+01,2.522080014244023971e+01,2.523347992291952124e+01,2.524628125072405282e+01,2.525915475175984071e+01,2.527204707447966570e+01,2.528490031091437373e+01,2.529765135203400916e+01,2.531023123005984843e+01,2.532256451454574275e+01,2.533456884023916800e+01,2.534615465141462209e+01,2.535722524821130008e+01,2.536767721449985658e+01,2.537740129342271445e+01,2.538628375606772281e+01,2.539420828148166720e+01,2.540105833382579448e+01,2.540671998695927414e+01,2.541108511064521736e+01,2.541405479874831386e+01,2.541554289113852505e+01,2.541547942023220941e+01,2.541381380241973886e+01,2.541051759556273382e+01,2.540558665691716556e+01,2.539904256087400469e+01,2.539093317142481609e+01,2.538133230795766337e+01,2.537033849183940504e+01,2.535807281174156813e+01,2.534467599415281924e+01,2.533030480848755772e+01,2.531512797061529696e+01,2.529932173219817315e+01,2.528306535455068271e+01,2.526653666445205104e+01,2.524990787607713116e+01,2.523334183949801712e+01,2.521698884430086096e+01,2.520098406950018344e+01,2.518544573107535101e+01,2.517047393901112784e+01,2.515615023931781380e+01,2.514253778527561423e+01,2.512968205762097895e+01,2.511761203642439000e+01,2.510634171818987070e+01,2.509587186982714968e+01,2.508619191571105489e+01,2.507728186380670010e+01,2.506911419036389077e+01,2.506165561848322909e+01,2.505486874252072482e+01,2.504871346659908227e+01,2.504314824044950427e+01,2.503813108871732851e+01,2.503362044030962608e+01,2.502957577218795393e+01,2.502595808727900462e+01,2.502273024912510735e+01,2.501985719687346688e+01,2.501730606361838838e+01,2.501504621938822126e+01,2.501304925761125375e+01,2.501128894105552547e+01,2.500974112030573693e+01,2.500838363503492090e+01,2.500719620579806701e+01,2.500616032190723814e+01,2.500525912917694527e+01,2.500447731995058476e+01,2.500380102679997307e+01,2.500321772058104131e+01,2.500271611307157116e+01,2.500228606415314303e+01,2.500191849337516459e+01,2.500160529570735690e+01,2.500133926131025675e+01,2.500111399920296407e+01,2.500092386476267947e+01,2.500076389103902841e+01,2.500062972390039917e+01,2.500051756104701184e+01,2.500042409492658635e+01,2.500034645957549273e+01,2.500028218138483282e+01,2.500022913376031042e+01,2.500018549561070813e+01,2.500014971356541693e+01,2.500012046778884667e+01,2.500009664123098574e+01,2.500007729212947538e+01,2.500006162956034217e+01,2.500004899182198770e+01,2.500003882742983663e+01,2.500003067849708671e+01,2.500002416627922130e+01
2.521690785792290512e+01,2.523113089664953890e+01,2.524564978436407259e+01,2.526041774923782057e+01,2.527538460334990233e+01,2.529049647668434631e+01,2.530569539385297873e+01,2.532091870117342580e+01,2.533609836922094161e+01,2.535116021482677340e+01,2.536602310528139270e+01,2.538059822452943948e+01,2.539478849459052512e+01,2.540848825350726159e+01,2.542158329221278734e+01,2.543395134562299020e+01,2.544546311736080213e+01,2.545598389288909402e+01,2.546537576334120345e+01,2.547350044368183575e+01,2.548022262643968716e+01,2.548541376915299850e+01,2.548895617325128526e+01,2.549074717782968946e+01,2.549070326688200794e+01,2.548876387570761537e+01,2.548489468321008289e+01,2.547909019240723083e+01,2.547137543123050918e+01,2.546180664796040105e+01,2.545047092768703578e+01,2.543748471439020165e+01,2.542299128342492764e+01,2.540715726700596022e+01,2.539016838652781516e+01,2.537222458661826607e+01,2.535353479395706700e+01,2.533431153744474784e+01,2.531476566483005897e+01,2.529510137514630941e+01,2.527551175809073314e+01,2.525617499349344897e+01,2.523725131952854639e+01,2.521888083084607857e+01,2.520118212081927922e+01,2.518425173873120571e+01,2.516816439552006202e+01,2.515297382248409619e+01,2.513871416713558915e+01,2.512540179941541396e+01,2.511303739924808198e+01,2.510160820186317920e+01,2.509109028895101190e+01,2.508145082984314556e+01,2.507265019573952358e+01,2.506464388986399783e+01,2.505738425585528617e+01,2.505082194451957989e+01,2.504490713444888783e+01,2.503959051444806150e+01,2.503482404502794978e+01,2.503056152248979771e+01,2.502675897262724547e+01,2.502337490222275562e+01,2.502037043580434528e+01,2.501770936306230553e+01,2.501535811938401110e+01,2.501328571856951299e+01,2.501146365328659016e+01,2.500986577547136847e+01,2.500846816585815802e+01,2.500724899923299560e+01,2.500618840989122660e+01,2.500526836013462528e+01,2.500447251342828281e+01,2.500378611299229448e+01,2.500319586605943911e+01,2.500268983371726961e+01,2.500225732610721963e+01,2.500188880271844027e+01,2.500157577754475824e+01,2.500131072893540463e+01,2.500108701403947009e+01,2.500089878780474706e+01,2.500074092653571967e+01,2.500060895603902011e+01,2.500049898438880192e+01,2.500040763933145271e+01,2.500033201032325891e+01,2.500026959516016589e+01,2.500021825111974749e+01,2.500017615049599584e+01,2.500014174036980918e+01,2.500011370642485886e+01,2.500009094059080184e+01,2.500007251227467364e+01,2.500005764292648891e+01,2.500004568367707236e+01,2.500003609578357100e+01,2.500002843362109672e+01
2.525504990778093273e+01,2.527178627164380842e+01,2.528887180370739785e+01,2.530625169793205842e+01,2.532386717475914395e+01,2.534165516365854032e+01,2.535954779645568280e+01,2.537747172023727060e+01,2.539534725951023830e+01,2.541308747980677296e+01,2.543059722738123796e+01,2.544777224001764893e+01,2.546449844008484575e+01,2.548065153069206445e+01,2.549609701720648403e+01,2.551069076805975655e+01,2.552428020993393076e+01,2.553670622316767336e+01,2.554780576459903685e+01,2.555741519906911208e+01,2.556537427034586685e+01,2.557153059089135283e+01,2.557574448172585235e+01,2.557789395276924793e+01,2.557787958430608199e+01,2.557562905479980486e+01,2.557110106133715988e+01,2.556428839740972592e+01,2.555521998801384953e+01,2.554396173222061606e+01,2.553061606518200932e+01,2.551532022070532690e+01,2.549824324708001555e+01,2.547958189757964576e+01,2.545955557801498870e+01,2.543840058257688597e+01,2.541636388271161451e+01,2.539369674994740222e+01,2.537064849190131355e+01,2.534746056202640574e+01,2.532436127017628280e+01,2.530156127595961735e+01,2.527924999401159667e+01,2.525759298391482943e+01,2.523673034168316676e+01,2.521677605819365908e+01,2.519781826574760686e+01,2.517992025922738719e+01,2.516312215430494703e+01,2.514744303212048493e+01,2.513288341720696550e+01,2.511942794191775263e+01,2.510704806445898640e+01,2.509570472679715536e+01,2.508535086109739964e+01,2.507593367695435660e+01,2.506739668476328475e+01,2.505968143175375573e+01,2.505272894547783480e+01,2.504648089431860924e+01,2.504088048564275581e+01,2.503587312965566625e+01,2.503140690116286748e+01,2.502743283279217934e+01,2.502390507236897932e+01,2.502078093466482756e+01,2.501802087422775500e+01,2.501558840195298217e+01,2.501344996387518904e+01,2.501157479666846584e+01,2.500993477073867055e+01,2.500850422870888323e+01,2.500725982458097718e+01,2.500618036689812129e+01,2.500524666778707683e+01,2.500444139875451555e+01,2.500374895346600468e+01,2.500315531736671915e+01,2.500264794383222622e+01,2.500221563649948209e+01,2.500184843746830765e+01,2.500153752114141170e+01,2.500127509355721500e+01,2.500105429714596283e+01,2.500086912089540903e+01,2.500071431594416893e+01,2.500058531662876860e+01,2.500047816699802183e+01,2.500038945278025793e+01,2.500031623875014830e+01,2.500025601139778075e+01,2.500020662675693472e+01,2.500016626320639901e+01,2.500013337901958366e+01,2.500010667440573542e+01,2.500008505776147416e+01,2.500006761583433246e+01,2.500005358749063333e+01,2.500004234077719545e+01,2.500003335296990770e+01
2.529902882460562097e+01,2.531866596073983189e+01,2.533871399198759988e+01,2.535910888553139131e+01,2.537978200331016509e+01,2.540065972444848441e+01,2.542166284060498427e+01,2.544270573433535887e+01,2.546369537541789185e+01,2.548453019691633514e+01,2.550509893952338203e+01,2.552527957704234041e+01,2.554493845513656325e+01,2.556392978715037856e+01,2.558209565261276452e+01,2.559926663426479365e+01,2.561526320719648453e+01,2.562989795903785861e+01,2.564297867435123379e+01,2.565431226179619273e+01,2.566370944272009424e+01,2.567099005884077201e+01,2.567598879942820744e+01,2.567856109976437651e+01,2.567858892723053899e+01,2.567598615291174724e+01,2.567070320769351355e+01,2.566273074352389472e+01,2.565210206221225420e+01,2.563889413352435653e+01,2.562322709755833472e+01,2.560526222835798649e+01,2.558519842055076055e+01,2.556326734231859987e+01,2.553972747032206314e+01,2.551485728019205013e+01,2.548894790599894478e+01,2.546229560136590209e+01,2.543519433296991750e+01,2.540792881511729817e+01,2.538076825445483564e+01,2.535396102046679090e+01,2.532773039481080346e+01,2.530227148573312590e+01,2.527774932766519811e+01,2.525429812504571814e+01,2.523202154703145084e+01,2.521099393862571247e+01,2.519126228530475231e+01,2.517284875278037859e+01,2.515575362041549923e+01,2.513995843450291190e+01,2.512542922403754275e+01,2.511211964434184196e+01,2.509997394044367525e+01,2.508892965009014375e+01,2.507891999364480640e+01,2.506987592321030434e+01,2.506172782496601670e+01,2.505440688621084533e+01,2.504784615169361928e+01,2.504198130260923705e+01,2.503675119653296477e+01,2.503209820814612030e+01,2.502796840956431623e+01,2.502431162612882787e+01,2.502108139934019704e+01,2.501823488379550398e+01,2.501573270002365845e+01,2.501353876036438706e+01,2.501162008075706211e+01,2.500994658764138379e+01,2.500849092618173941e+01,2.500722827370185897e+01,2.500613616050058852e+01,2.500519429902838553e+01,2.500438442164023556e+01,2.500369012670478952e+01,2.500309673265053689e+01,2.500259113948832379e+01,2.500216169740166450e+01,2.500179808209287557e+01,2.500149117668014043e+01,2.500123296003544482e+01,2.500101640152406546e+01,2.500083536214813407e+01,2.500068450211013982e+01,2.500055919480109168e+01,2.500045544718784640e+01,2.500036982653104900e+01,2.500029939331501438e+01,2.500024164021900219e+01,2.500019443690963072e+01,2.500015598038991627e+01,2.500012475060355754e+01,2.500009947096461715e+01,2.500007907346326874e+01,2.500006266798730081e+01,2.500004951549612286e+01,2.500003900468804119e+01
2.534957643910172465e+01,2.537255097414728056e+01,2.539600762934937350e+01,2.541987180858060213e+01,2.544406359779720006e+01,2.546849731751672508e+01,2.549308080347091732e+01,2.551771442695092063e+01,2.554228989587488741e+01,2.556668890948630235e+01,2.559078177142485089e+01,2.561442609485756350e+01,2.563746575634509028e+01,2.565973026911136401e+01,2.568103474869131020e+01,2.570118063251470275e+01,2.571995728876368759e+01,2.573714460892727018e+01,2.575251662431773880e+01,2.576584612222423587e+01,2.577691016642211252e+01,2.578549635449522626e+01,2.579140957653941157e+01,2.579447898211051537e+01,2.579456482017067387e+01,2.579156479474414354e+01,2.578541958007516044e+01,2.577611716455769653e+01,2.576369574186345091e+01,2.574824493780447199e+01,2.572990524797586787e+01,2.570886565811482072e+01,2.568535951941871787e+01,2.565965884749025960e+01,2.563206729913918380e+01,2.560291214992150799e+01,2.557253564244232180e+01,2.554128609831442276e+01,2.550950918448831928e+01,2.547753969868119839e+01,2.544569419186478498e+01,2.541426468269377992e+01,2.538351364480714167e+01,2.535367036898973936e+01,2.532492872402544037e+01,2.529744626791481821e+01,2.527134459922604393e+01,2.524671078973493010e+01,2.522359970589308631e+01,2.520203700842126082e+01,2.518202261564807642e+01,2.516353442532199836e+01,2.514653210904735303e+01,2.513096082037518286e+01,2.511675468896139307e+01,2.510384000629047918e+01,2.509213804081163346e+01,2.508156744999547882e+01,2.507204628240138078e+01,2.506349358352031587e+01,2.505583063461824622e+01,2.504898186418230566e+01,2.504287547733520114e+01,2.503744385042787712e+01,2.503262373676404806e+01,2.502835632589808412e+01,2.502458719398165599e+01,2.502126617691843435e+01,2.501834719219560910e+01,2.501578802963138060e+01,2.501355012620551577e+01,2.501159833579828273e+01,2.500990070112073127e+01,2.500842823236594725e+01,2.500715469507992594e+01,2.500605640834237775e+01,2.500511205344583132e+01,2.500430249274918992e+01,2.500361059815028497e+01,2.500302108857785299e+01,2.500252037596998633e+01,2.500209641932606175e+01,2.500173858655121606e+01,2.500143752393013230e+01,2.500118503315598772e+01,2.500097395589484961e+01,2.500079806588627207e+01,2.500065196857194749e+01,2.500053100821235930e+01,2.500043118240371953e+01,2.500034906385118205e+01,2.500028172919530078e+01,2.500022669463199421e+01,2.500018185801552661e+01,2.500014544709161157e+01,2.500011597347514680e+01,2.500009219196445542e+01,2.500007306477165869e+01,2.500005773024518163e+01,2.500004547566548041e+01
2.540748898349934493e+01,2.543429117018082408e+01,2.546165738883063057e+01,2.548950098726393776e+01,2.551772919514791838e+01,2.554624259544062426e+01,2.557493427127244345e+01,2.560368864133138089e+01,2.563238003177023572e+01,2.566087107043874127e+01,2.568901102700563399e+01,2.571663425691003724e+01,2.574355893443280152e+01,2.576958627691275794e+01,2.579450046505903771e+01,2.581806945101430983e+01,2.584004681501864908e+01,2.586017478333150876e+01,2.587818845619547048e+01,2.589382121838585249e+01,2.590681122108315293e+01,2.591690873840708420e+01,2.592388412166823741e+01,2.592753600609323783e+01,2.592769937485691401e+01,2.592425305899983456e+01,2.591712625283936688e+01,2.590630365431028181e+01,2.589182889746054883e+01,2.587380602687162678e+01,2.585239886570236223e+01,2.582782824327489379e+01,2.580036716641257755e+01,2.577033413249204941e+01,2.573808488314451992e+01,2.570400297859490379e+01,2.566848962833459780e+01,2.563195324090631644e+01,2.559479915312985199e+01,2.555741996856315268e+01,2.552018687994426571e+01,2.548344227606511936e+01,2.544749384640046586e+01,2.541261030378466046e+01,2.537901875331619195e+01,2.534690365062118644e+01,2.531640721964117446e+01,2.528763114281293767e+01,2.526063929688898213e+01,2.523546128615515372e+01,2.521209652048202443e+01,2.519051859639993651e+01,2.517067976230152482e+01,2.515251528057956065e+01,2.513594753651656433e+01,2.512088978275625806e+01,2.510724944632648814e+01,2.509493096014929492e+01,2.508383811112438622e+01,2.507387592123241049e+01,2.506495209631146892e+01,2.505697808937100390e+01,2.504986983207466267e+01,2.504354819017006406e+01,2.503793919713233151e+01,2.503297411611894319e+01,2.502858937445083853e+01,2.502472640807029691e+01,2.502133144645887697e+01,2.501835526184227376e+01,2.501575290051316003e+01,2.501348340897208189e+01,2.501150956340103093e+01,2.500979760773239491e+01,2.500831700317855422e+01,2.500704019042650117e+01,2.500594236464015196e+01,2.500500126281232127e+01,2.500419696274009596e+01,2.500351169285079322e+01,2.500292965219061259e+01,2.500243684003607214e+01,2.500202089475077827e+01,2.500167094165555781e+01,2.500137744979134879e+01,2.500113209752453969e+01,2.500092764697412662e+01,2.500075782723472884e+01,2.500061722633627781e+01,2.500050119182910535e+01,2.500040573982006364e+01,2.500032747221876761e+01,2.500026350188833035e+01,2.500021138533722365e+01,2.500016906254029792e+01,2.500013480343954697e+01,2.500010716064956640e+01,2.500008492787831926e+01,2.500006710357016715e+01,2.500005285928384424e+01
2.547362846537415848e+01,2.550480674811993609e+01,2.553664294940085000e+01,2.556903669938917290e+01,2.560188061590534403e+01,2.563505968239439170e+01,2.566845023937191783e+01,2.570191860405708795e+01,2.573531937420899496e+01,2.576849351685541478e+01,2.580126638728497568e+01,2.583344586439351431e+01,2.586482082094007495e+01,2.589516016723276692e+01,2.592421271045786924e+01,2.595170805643141065e+01,2.597735874446345861e+01,2.600086374941552236e+01,2.602191340990018276e+01,2.604019575182023161e+01,2.605540407771894706e+01,2.606724559175343714e+01,2.607545073540981306e+01,2.607978282844559814e+01,2.608004755051059931e+01,2.607610176770177546e+01,2.606786120922240357e+01,2.605530653413508801e+01,2.603848739595041195e+01,2.601752420971256541e+01,2.599260744602093354e+01,2.596399441071509173e+01,2.593200360808185678e+01,2.589700691928132059e+01,2.585941994653481046e+01,2.581969096906351169e+01,2.577828902241904885e+01,2.573569164484217708e+01,2.569237283154632578e+01,2.564879170204534020e+01,2.560538232102373968e+01,2.556254502597686340e+01,2.552063951246860185e+01,2.547997981851662175e+01,2.544083124134305507e+01,2.540340911975235727e+01,2.536787932962326408e+01,2.533436027264666635e+01,2.530292609187200981e+01,2.527361082237061396e+01,2.524641318026233705e+01,2.522130170601424481e+01,2.519822000488051472e+01,2.517709186464727367e+01,2.515782607437459362e+01,2.514032081370919869e+01,2.512446752718929943e+01,2.511015423907264577e+01,2.509726829965996586e+01,2.508569858271147979e+01,2.507533717493929970e+01,2.506608061288764588e+01,2.505783073043853193e+01,2.505049518266975994e+01,2.504398770998061963e+01,2.503822820146351802e+01,2.503314260955008663e+01,2.502866275997619283e+01,2.502472609289116434e+01,2.502127536308659828e+01,2.501825832025129159e+01,2.501562738411070441e+01,2.501333932437737673e+01,2.501135495160793809e+01,2.500963882223990709e+01,2.500815895912780817e+01,2.500688658765179184e+01,2.500579588676945519e+01,2.500486375407183104e+01,2.500406958385631384e+01,2.500339505733677825e+01,2.500282394429288857e+01,2.500234191565976616e+01,2.500193636673815334e+01,2.500159625084378590e+01,2.500131192330453445e+01,2.500107499575554826e+01,2.500087820068224431e+01,2.500071526612744321e+01,2.500058080042234820e+01,2.500047018673105725e+01,2.500037948712317259e+01,2.500030535581622715e+01,2.500024496116360950e+01,2.500019591590844925e+01,2.500015621518128484e+01,2.500012418168988759e+01,2.500009841753345796e+01,2.500007776206945209e+01,2.500006125526794776e+01
2.554892335843268114e+01,2.558508901464154661e+01,2.562201983759043245e+01,2.565959989644881034e+01,2.569770525383037807e+01,2.573620323647865504e+01,2.577495124679454719e+01,2.581379513167448536e+01,2.585256717379434477e+01,2.589108382315631118e+01,2.592914333945350691e+01,2.596652356392407768e+01,2.600298007780671838e+01,2.603824502827194820e+01,2.607202690734170858e+01,2.610401155145385133e+01,2.613386458716942684e+01,2.616123548220400252e+01,2.618576327282839955e+01,2.620708393330446029e+01,2.622483923702749919e+01,2.623868684070765411e+01,2.624831121152154978e+01,2.625343492221673358e+01,2.625382976951931369e+01,2.624932713422142427e+01,2.623982700204042118e+01,2.622530510486922850e+01,2.620581772125047593e+01,2.618150378839877135e+01,2.615258411846882680e+01,2.611935766923072677e+01,2.608219498252149648e+01,2.604152906089747788e+01,2.599784409242634098e+01,2.595166254565648245e+01,2.590353123397410329e+01,2.585400698625942084e+01,2.580364255771070603e+01,2.575297337290027855e+01,2.570250561747361928e+01,2.565270609266427826e+01,2.560399412681700682e+01,2.555673570995087474e+01,2.551123989046677920e+01,2.546775735589268308e+01,2.542648101899510138e+01,2.538754835161761392e+01,2.535104515401378578e+01,2.531701041784537054e+01,2.528544193510094473e+01,2.525630232006008669e+01,2.522952514306594196e+01,2.520502091862300986e+01,2.518268274139808227e+01,2.516239141751687569e+01,2.514401999114503283e+01,2.512743761454639824e+01,2.511251275136046246e+01,2.509911573638932936e+01,2.508712074023516791e+01,2.507640720389939659e+01,2.506686081771150754e+01,2.505837412183396040e+01,2.505084680342377723e+01,2.504418575970057503e+01,2.503830498798194171e+01,2.503312535434803010e+01,2.502857428292679032e+01,2.502458539855820518e+01,2.502109814728375170e+01,2.501805741199705935e+01,2.501541313479528128e+01,2.501311995306992131e+01,2.501113685306179946e+01,2.500942684231299040e+01,2.500795664098925286e+01,2.500669639122743249e+01,2.500561938330549694e+01,2.500470179738450582e+01,2.500392245970644467e+01,2.500326261235474234e+01,2.500270569592695935e+01,2.500223714468880587e+01,2.500184419394999580e+01,2.500151569951646735e+01,2.500124196913026253e+01,2.500101460581500490e+01,2.500082636301212347e+01,2.500067101133203451e+01,2.500054321666722856e+01,2.500043842933030902e+01,2.500035278379771597e+01,2.500028300856526542e+01,2.500022634555891088e+01,2.500018047849559011e+01,2.500014346955571654e+01,2.500011370371048969e+01,2.500008984004290369e+01,2.500007076940925899e+01
2.563436850420126234e+01,2.567620031039433925e+01,2.571891937660785388e+01,2.576239217268144088e+01,2.580647606227574187e+01,2.585101845098434481e+01,2.589585539041479834e+01,2.594080965652681314e+01,2.598568837771767193e+01,2.603028035011454122e+01,2.607435323962302576e+01,2.611765092699821622e+01,2.615989129760945886e+01,2.620076480578535794e+01,2.623993414942295743e+01,2.627703536995741729e+01,2.631168064367964021e+01,2.634346295291370765e+01,2.637196272245144968e+01,2.639675638324041529e+01,2.641742668939655303e+01,2.643357447585134068e+01,2.644483141322664821e+01,2.645087320501118811e+01,2.645143259018905013e+01,2.644631147075688560e+01,2.643539148397354310e+01,2.641864238621879934e+01,2.639612770769580052e+01,2.636800726974957598e+01,2.633453632064394867e+01,2.629606122978523075e+01,2.625301187132453151e+01,2.620589101188330261e+01,2.615526118049242399e+01,2.610172963014819913e+01,2.604593209086606720e+01,2.598851605842495260e+01,2.593012435964012496e+01,2.587137968629025053e+01,2.581287070149573282e+01,2.575514020289367423e+01,2.569867568672373537e+01,2.564390250711607777e+01,2.559117967647108571e+01,2.554079821576910447e+01,2.549298184605633821e+01,2.544788972001603611e+01,2.540562082870357230e+01,2.536621968393031423e+01,2.532968286988548101e+01,2.529596607500160488e+01,2.526499125209620189e+01,2.523665360601844299e+01,2.521082816776749880e+01,2.518737577700145991e+01,2.516614835637443193e+01,2.514699341751295947e+01,2.512975778702252327e+01,2.511429058012834403e+01,2.510044547882093724e+01,2.508808239095145964e+01,2.507706857750370588e+01,2.506727933858844892e+01,2.505859834612346759e+01,2.505091770429458364e+01,2.504413780926917710e+01,2.503816706859821650e+01,2.503292152939464188e+01,2.502832445354462720e+01,2.502430586845987293e+01,2.502080211354224204e+01,2.501775539573747409e+01,2.501511336228076487e+01,2.501282869485606497e+01,2.501085872670934762e+01,2.500916508255224002e+01,2.500771334013972691e+01,2.500647271199638411e+01,2.500541574571817449e+01,2.500451804144502077e+01,2.500375798537083227e+01,2.500311649845316353e+01,2.500257679975234382e+01,2.500212418404136372e+01,2.500174581347109282e+01,2.500143052315118553e+01,2.500116864052337462e+01,2.500095181837285452e+01,2.500077288125903152e+01,2.500062568506205096e+01,2.500050498924830222e+01,2.500040634136566098e+01,2.500032597319519923e+01,2.500026070791520283e+01,2.500020787757828700e+01,2.500016525016483371e+01,2.500013096545522018e+01,2.500010347895864626e+01,2.500008151314586513e+01
2.573102412025588492e+01,2.577927298497885999e+01,2.582854762351913891e+01,2.587869465969983551e+01,2.592955040157154301e+01,2.598093985018955365e+01,2.603267506545931198e+01,2.608455290918848846e+01,2.613635225254527938e+01,2.618783080783337880e+01,2.623872181741021947e+01,2.628873089926394258e+01,2.633753340226553874e+01,2.638477265753589407e+01,2.643005951958042132e+01,2.647297356718891237e+01,2.651306627705677244e+01,2.654986639281927907e+01,2.658288759187520256e+01,2.661163840825470217e+01,2.663563421092395700e+01,2.665441087463602798e+01,2.666753962745269746e+01,2.667464242841778344e+01,2.667540713272175879e+01,2.666960165014404538e+01,2.665708630251891975e+01,2.663782364039324690e+01,2.661188508643069639e+01,2.657945392747865654e+01,2.654082436846661253e+01,2.649639657608121368e+01,2.644666786296286887e+01,2.639222037772932694e+01,2.633370585687614351e+01,2.627182814802120348e+01,2.620732431976109211e+01,2.614094522535611276e+01,2.607343638379121131e+01,2.600551998515580721e+01,2.593787872443665421e+01,2.587114202862868595e+01,2.580587507860763097e+01,2.574257085252735422e+01,2.568164524445848329e+01,2.562343515216013401e+01,2.556819929073936848e+01,2.551612138126957063e+01,2.546731528900598462e+01,2.542183164550869279e+01,2.537966548096655828e+01,2.534076441335949070e+01,2.530503698431565951e+01,2.527236079126515378e+01,2.524259013519495554e+01,2.521556297675569880e+01,2.519110706523500909e+01,2.516904517066369351e+01,2.514919940597044246e+01,2.513139467181370179e+01,2.511546129081927248e+01,2.510123692073917212e+01,2.508856784857124467e+01,2.507730977149414997e+01,2.506732816740215242e+01,2.505849834975564150e+01,2.505070529018290060e+01,2.504384327934594978e+01,2.503781548330127293e+01,2.503253343991356772e+01,2.502791652847791681e+01,2.502389143595664578e+01,2.502039163529340016e+01,2.501735688510363076e+01,2.501473275550749165e+01,2.501247018174239045e+01,2.501052504520777120e+01,2.500885778049024566e+01,2.500743300644877820e+01,2.500621917939545469e+01,2.500518826661589955e+01,2.500431543880313967e+01,2.500357878033661763e+01,2.500295901666354581e+01,2.500243925829886749e+01,2.500200476113942827e+01,2.500164270288706447e+01,2.500134197540458558e+01,2.500109299280128283e+01,2.500088751497721873e+01,2.500071848626330606e+01,2.500057988869102843e+01,2.500046660932250475e+01,2.500037432097734680e+01,2.500029937561277649e+01,2.500023870955167382e+01,2.500018975971064350e+01,2.500015038995708849e+01,2.500011882671925534e+01,2.500009360298439276e+01
2.584001381506095996e+01,2.589550731319613774e+01,2.595218317982224576e+01,2.600986572415806108e+01,2.606836761670103186e+01,2.612748874043996139e+01,2.618701428421807975e+01,2.624671210021372048e+01,2.630632942592458434e+01,2.636558915613853671e+01,2.642418593579028396e+01,2.648178242282309824e+01,2.653800613306200873e+01,2.659244731860325572e+01,2.664465834015988577e+01,2.669415496671814125e+01,2.674041996979469715e+01,2.678290927470815319e+01,2.682106079126952025e+01,2.685430587842149563e+01,2.688208321217393149e+01,2.690385463688594925e+01,2.691912240136310075e+01,2.692744702858166406e+01,2.692846495531404116e+01,2.692190501728057228e+01,2.690760285479082370e+01,2.688551237662332483e+01,2.685571354440862279e+01,2.681841591907263833e+01,2.677395763323819011e+01,2.672279970331690180e+01,2.666551585430509164e+01,2.660277828008664613e+01,2.653533998419922924e+01,2.646401452479241101e+01,2.638965411090382673e+01,2.631312705792583984e+01,2.623529560615752843e+01,2.615699504074394000e+01,2.607901493187225128e+01,2.600208315234221246e+01,2.592685313959741222e+01,2.585389466618445198e+01,2.578368818135972518e+01,2.571662260067667916e+01,2.565299626087988116e+01,2.559302063218480328e+01,2.553682629345538047e+01,2.548447062890285864e+01,2.543594669563334065e+01,2.539119273507129293e+01,2.535010185159889673e+01,2.531253145128653159e+01,2.527831211470513395e+01,2.524725566327162340e+01,2.521916226207214962e+01,2.519382647859411151e+01,2.517104228268170019e+01,2.515060702617781985e+01,2.513232448034131750e+01,2.511600703558388403e+01,2.510147718257946181e+01,2.508856839817115514e+01,2.507712555586113368e+01,2.506700497121506643e+01,2.505807417932543757e+01,2.505021152638527582e+01,2.504330564191934627e+01,2.503725484343190644e+01,2.503196651192760314e+01,2.502735646539116132e+01,2.502334834804909747e+01,2.501987304605282958e+01,2.501686813494158912e+01,2.501427736060262674e+01,2.501205015314079461e+01,2.501014117179262186e+01,2.500850987848547291e+01,2.500712013760439234e+01,2.500593983978599510e+01,2.500494054795793630e+01,2.500409716427439122e+01,2.500338761699198287e+01,2.500279256664706651e+01,2.500229513111749924e+01,2.500188062928070920e+01,2.500153634302525418e+01,2.500125129735188523e+01,2.500101605823086004e+01,2.500082254778279278e+01,2.500066387623682829e+01,2.500053419000552779e+01,2.500042853511043717e+01,2.500034273510271277e+01,2.500027328255378478e+01,2.500021724314323279e+01,2.500017217134536196e+01,2.500013603671056117e+01,2.500010715975075826e+01
2.596252151687837184e+01,2.602616825317736371e+01,2.609117376885354389e+01,2.615733735438451646e+01,2.622444522334076922e+01,2.629226918638693178e+01,2.636056443428831741e+01,2.642906645362827689e+01,2.649748719040717759e+01,2.656551067603416527e+01,2.663278843003210383e+01,2.669893504529345307e+01,2.676352443546534587e+01,2.682608727060921439e+01,2.688611013830073659e+01,2.694303693643389153e+01,2.699627292769795162e+01,2.704519176417644744e+01,2.708914562802936388e+01,2.712747843919484936e+01,2.715954186575094198e+01,2.718471365234639947e+01,2.720241757418733997e+01,2.721214414614773247e+01,2.721347108517341695e+01,2.720608245297925265e+01,2.718978540453640136e+01,2.716452354006759862e+01,2.713038600224642138e+01,2.708761166798150910e+01,2.703658804195661247e+01,2.697784474893735407e+01,2.691204182279193091e+01,2.683995328020747095e+01,2.676244672513647416e+01,2.668045993777995051e+01,2.659497554546082299e+01,2.650699494359327346e+01,2.641751263068519151e+01,2.632749204551288358e+01,2.623784385629269522e+01,2.614940746420568374e+01,2.606293626330273483e+01,2.597908696325904288e+01,2.589841304802530786e+01,2.582136222779864809e+01,2.574827755670377982e+01,2.567940174328479586e+01,2.561488408049541476e+01,2.555478936750299113e+01,2.549910818486974051e+01,2.544776791220996515e+01,2.540064393583616820e+01,2.535757057462208408e+01,2.531835134645552543e+01,2.528276829683070304e+01,2.525059020801149501e+01,2.522157959593415555e+01,2.519549847843793344e+01,2.517211296004017740e+01,2.515119672439771037e+01,2.513253355622865115e+01,2.511591903123058955e+01,2.510116151752699665e+01,2.508808262787111687e+01,2.507651725078918759e+01,2.506631327346883964e+01,2.505733109161779382e+01,2.504944298346695675e+01,2.504253240788121104e+01,2.503649327106316491e+01,2.503122919310794359e+01,2.502665279489539785e+01,2.502268501745486518e+01,2.501925447980204709e+01,2.501629687702158833e+01,2.501375441769844343e+01,2.501157529832836346e+01,2.500971321173035022e+01,2.500812688645494219e+01,2.500677965449715501e+01,2.500563904510407554e+01,2.500467640298623806e+01,2.500386652971743828e+01,2.500318734749186689e+01,2.500261958468188084e+01,2.500214648280399032e+01,2.500175352456705724e+01,2.500142818266433054e+01,2.500115968890129281e+01,2.500093882314495275e+01,2.500075772145643427e+01,2.500060970264216209e+01,2.500048911234187088e+01,2.500039118367157442e+01,2.500031191336209702e+01,2.500024795228035401e+01,2.500019650919202263e+01,2.500015526661876208e+01,2.500012230765835852e+01
2.609978723472678652e+01,2.617258095808495355e+01,2.624693148510709051e+01,2.632261013412019324e+01,2.639937359311958787e+01,2.647696239559899922e+01,2.655509835156734511e+01,2.663348095901709911e+01,2.671178292751720917e+01,2.678964506127804057e+01,2.686667086537077864e+01,2.694242134559452850e+01,2.701641055874094732e+01,2.708810252477638514e+01,2.715691012599763354e+01,2.722219658308829082e+01,2.728328001014803661e+01,2.733944141035009778e+01,2.738993628581289030e+01,2.743400980930694999e+01,2.747091525577027937e+01,2.749993513605268447e+01,2.752040423385349044e+01,2.753173353998820616e+01,2.753343392509002285e+01,2.752513830854282162e+01,2.750662107883156438e+01,2.747781360332169243e+01,2.743881483150116196e+01,2.738989623564070186e+01,2.733150063091681048e+01,2.726423475239802130e+01,2.718885581465146828e+01,2.710625261560093691e+01,2.701742204523186786e+01,2.692344210058309173e+01,2.682544267501714330e+01,2.672457547218941443e+01,2.662198439060802357e+01,2.651877763732857929e+01,2.641600266957939525e+01,2.631462484642282007e+01,2.621551041778369395e+01,2.611941420572570038e+01,2.602697206283759357e+01,2.593869794313583199e+01,2.585498520681693790e+01,2.577611161209836865e+01,2.570224733122256211e+01,2.563346526481360854e+01,2.556975291637240488e+01,2.551102512060170113e+01,2.545713698689178983e+01,2.540789651274034711e+01,2.536307643085714503e+01,2.532242496849247004e+01,2.528567530964687293e+01,2.525255365349619652e+01,2.522278585077146218e+01,2.519610267110436652e+01,2.517224380743308743e+01,2.515096075893700345e+01,2.513201875328195101e+01,2.511519787464882114e+01,2.510029355894685210e+01,2.508711660473731087e+01,2.507549283051299582e+01,2.506526248855401207e+01,2.505627952462010199e+01,2.504841075276202744e+01,2.504153499657292770e+01,2.503554223285438596e+01,2.503033276117864148e+01,2.502581641314525029e+01,2.502191180802120485e+01,2.501854565656137552e+01,2.501565211172101755e+01,2.501317216327815984e+01,2.501105307269562061e+01,2.500924784453631133e+01,2.500771473113011467e+01,2.500641676776796274e+01,2.500532133632117393e+01,2.500439975575502771e+01,2.500362689847068509e+01,2.500298083174605068e+01,2.500244248375388523e+01,2.500199533372832406e+01,2.500162512585088592e+01,2.500131960635881256e+01,2.500106828326632424e+01,2.500086220795508751e+01,2.500069377775117019e+01,2.500055655847617331e+01,2.500044512584910450e+01,2.500035492452917296e+01,2.500028214353039502e+01,2.500022360670715926e+01,2.500017667700454638e+01,2.500013917318486278e+01
2.625310158309700270e+01,2.633612496757182697e+01,2.642092663583082413e+01,2.650724671758421636e+01,2.659480904584149741e+01,2.668331941246444217e+01,2.677246260172045567e+01,2.686189822836809427e+01,2.695125553028133680e+01,2.704012739997286729e+01,2.712806407463347114e+01,2.721456702865685173e+01,2.729908371327058347e+01,2.738100385215900445e+01,2.745965801852247523e+01,2.753431917923036565e+01,2.760420779085295351e+01,2.766850087055109597e+01,2.772634524770986530e+01,2.777687494108388577e+01,2.781923231750197445e+01,2.785259239241368334e+01,2.787618935288881872e+01,2.788934414386168825e+01,2.789149178064219115e+01,2.788220695344058697e+01,2.786122648560565906e+01,2.782846730198028240e+01,2.778403875468849193e+01,2.772824843007952822e+01,2.766160090431744933e+01,2.758478930208998747e+01,2.749867991509007936e+01,2.740429052485418993e+01,2.730276341999241652e+01,2.719533437629459982e+01,2.708329906093885597e+01,2.696797841768002968e+01,2.685068458515566903e+01,2.673268880006947157e+01,2.661519255300758502e+01,2.649930301484889839e+01,2.638601345791229846e+01,2.627618908170417100e+01,2.617055834160572303e+01,2.606970959101232665e+01,2.597409260042135770e+01,2.588402432300245337e+01,2.579969814215218094e+01,2.572119576399614260e+01,2.564850090352892664e+01,2.558151394995247330e+01,2.552006687488546532e+01,2.546393775500650491e+01,2.541286440650388911e+01,2.536655676120956926e+01,2.532470774370167987e+01,2.528700252715002250e+01,2.525312614767841524e+01,2.522276953922153098e+01,2.519563411204937609e+01,2.517143503887276523e+01,2.514990343463566447e+01,2.513078762256414223e+01,2.511385367308108485e+01,2.509888538722931628e+01,2.508568387550850431e+01,2.507406685936438606e+01,2.506386779829528422e+01,2.505493492241240716e+01,2.504713022950181411e+01,2.504032848787877441e+01,2.503441627187286400e+01,2.502929104558512208e+01,2.502486030234229375e+01,2.502104076162525104e+01,2.501775762169387818e+01,2.501494386418795557e+01,2.501253960620643824e+01,2.501049149536971328e+01,2.500875214383623302e+01,2.500727959793560373e+01,2.500603684082332379e+01,2.500499132624558385e+01,2.500411454206303574e+01,2.500338160259266118e+01,2.500277086908733537e+01,2.500226359779811958e+01,2.500184361508088315e+01,2.500149701894456200e+01,2.500121190632112445e+01,2.500097812519285512e+01,2.500078705056071371e+01,2.500063138309478816e+01,2.500050496918512621e+01,2.500040264101529530e+01,2.500032007521553368e+01,2.500025366861745368e+01,2.500020042962682609e+01,2.500015788375177195e+01
2.642379901904772765e+01,2.651822702309034341e+01,2.661468011418123325e+01,2.671286374004304065e+01,2.681246527742762353e+01,2.691315204438232556e+01,2.701456788700686928e+01,2.711632836806657565e+01,2.721801472773877961e+01,2.731916694242297083e+01,2.741927636440856375e+01,2.751777856961015090e+01,2.761404715774362728e+01,2.770738932454231218e+01,2.779704404578871646e+01,2.788218366804430204e+01,2.796191958547876055e+01,2.803531249626096411e+01,2.810138748205299208e+01,2.815915385320913344e+01,2.820762936925238051e+01,2.824586810278930926e+01,2.827299089192775128e+01,2.828821704890440714e+01,2.829089578664434512e+01,2.828053571167484392e+01,2.825683072593636069e+01,2.821968078799407920e+01,2.816920620307367429e+01,2.810575442893155795e+01,2.802989877994111367e+01,2.794242885714935554e+01,2.784433299514506999e+01,2.773677346345169070e+01,2.762105555827313808e+01,2.749859204150417824e+01,2.737086460638763441e+01,2.723938415991236539e+01,2.710565170716398242e+01,2.697112150780961315e+01,2.683716796352840106e+01,2.670505740801672800e+01,2.657592563325758306e+01,2.645076162417833032e+01,2.633039761536896961e+01,2.621550525231293705e+01,2.610659735531062609e+01,2.600403456105700783e+01,2.590803596259531005e+01,2.581869278491377173e+01,2.573598411707152422e+01,2.565979376423152303e+01,2.558992737294450492e+01,2.552612910726704243e+01,2.546809729815393908e+01,2.541549864111426871e+01,2.536798066608428215e+01,2.532518233984663425e+01,2.528674277869600928e+01,2.525230814361313136e+01,2.522153686056753585e+01,2.519410335536515433e+01,2.516970051788941376e+01,2.514804111790384411e+01,2.512885838759891399e+01,2.511190596871543690e+01,2.509695739808947934e+01,2.508380527811355165e+01,2.507226025057208929e+01,2.506214986560419433e+01,2.505331741354969566e+01,2.504562076694191930e+01,2.503893126323627527e+01,2.503313264595036003e+01,2.502812007242077641e+01,2.502379918987875485e+01,2.502008527746153987e+01,2.501690244955447184e+01,2.501418291498394098e+01,2.501186628660780187e+01,2.500989893641378004e+01,2.500823339205964402e+01,2.500682777167279269e+01,2.500564525454177911e+01,2.500465358600436261e+01,2.500382461533485667e+01,2.500313386575657404e+01,2.500256013587145532e+01,2.500208513183677894e+01,2.500169312956176881e+01,2.500137066607629777e+01,2.500110625906963691e+01,2.500089015343237620e+01,2.500071409347842888e+01,2.500057111938872367e+01,2.500045538631261621e+01,2.500036200449064339e+01,2.500028689872434029e+01,2.500022668551337546e+01,2.500017856620460321e+01
2.661324976029549916e+01,2.672035247233029054e+01,2.682975426564327037e+01,2.694112212175754451e+01,2.705410307733547626e+01,2.716832196957432188e+01,2.728337752303337282e+01,2.739883680548513922e+01,2.751422824536664535e+01,2.762903358328038195e+01,2.774267931146073707e+01,2.785452832242440380e+01,2.796387262407597163e+01,2.806992806638571736e+01,2.817183204924622686e+01,2.826864513065483919e+01,2.835935732255080666e+01,2.844289964855418873e+01,2.851816125091600895e+01,2.858401198807715815e+01,2.863933008110497269e+01,2.868303397420232415e+01,2.871411720218652874e+01,2.873168473788844324e+01,2.873498905434885486e+01,2.872346400505578146e+01,2.869675461727685928e+01,2.865474101624273118e+01,2.859755494827947331e+01,2.852558773489299782e+01,2.843948894331525423e+01,2.834015557022517484e+01,2.822871206716063597e+01,2.810648204954642182e+01,2.797495298886451920e+01,2.783573555676833777e+01,2.769051954606057464e+01,2.754102842127062445e+01,2.738897454663803543e+01,2.723601700785273039e+01,2.708372370175658261e+01,2.693353903892941403e+01,2.678675821643533794e+01,2.664450860314881453e+01,2.650773836872657085e+01,2.637721210714894227e+01,2.625351287947455248e+01,2.613704984424398248e+01,2.602807046694324100e+01,2.592667620417681462e+01,2.583284053944660741e+01,2.574642829627206453e+01,2.566721525772877754e+01,2.559490726416731832e+01,2.552915812721867539e+01,2.546958587335107538e+01,2.541578700126450485e+01,2.536734859395444630e+01,2.532385826097628367e+01,2.528491199493016239e+01,2.525012010686480934e+01,2.521911145890634387e+01,2.519153624148562542e+01,2.516706755080080171e+01,2.514540201398935437e+01,2.512625968942352372e+01,2.510938344186988402e+01,2.509453796073091070e+01,2.508150855728853657e+01,2.507009984611698528e+01,2.506013438820491501e+01,2.505145134974000953e+01,2.504390521132244274e+01,2.503736454751994245e+01,2.503171088579028236e+01,2.502683764632880781e+01,2.502264915971682058e+01,2.501905975671208182e+01,2.501599292354112691e+01,2.501338051611134006e+01,2.501116202723846982e+01,2.500928390196324358e+01,2.500769889707811089e+01,2.500636548195351239e+01,2.500524727855572138e+01,2.500431253914994301e+01,2.500353366058040550e+01,2.500288673423472829e+01,2.500235113086551664e+01,2.500190911939558802e+01,2.500154551871159114e+01,2.500124738128743829e+01,2.500100370730137911e+01,2.500080518774020533e+01,2.500064397483617995e+01,2.500051347806600077e+01,2.500040818386210617e+01,2.500032349714504676e+01,2.500025560278091064e+01,2.500020134509571434e+01
2.682285037573553055e+01,2.694399525228881487e+01,2.706774223509811961e+01,2.719371575036050714e+01,2.732151831793973429e+01,2.745072800616442166e+01,2.758089396194357690e+01,2.771153004320137114e+01,2.784210677060908878e+01,2.797204202292811104e+01,2.810069110968071016e+01,2.822733704820286960e+01,2.835118202973656665e+01,2.847134116155667982e+01,2.858683960174020555e+01,2.869661414669259614e+01,2.879952018152199500e+01,2.889434465984142975e+01,2.897982545103038277e+01,2.905467699643837776e+01,2.911762177640889604e+01,2.916742663862818219e+01,2.920294261042458572e+01,2.922314644951477902e+01,2.922718191323218662e+01,2.921439857372057247e+01,2.918438599550793455e+01,2.913700123090851335e+01,2.907238787417787762e+01,2.899098533119247634e+01,2.889352748021866546e+01,2.878103048453544943e+01,2.865477012677164126e+01,2.851624962311221978e+01,2.836715940012086534e+01,2.820933074051473000e+01,2.804468549831611313e+01,2.787518423099228926e+01,2.770277509134273686e+01,2.752934567208580674e+01,2.735667971944418397e+01,2.718642025549157637e+01,2.702004020554455366e+01,2.685882115214986143e+01,2.670384036641121384e+01,2.655596583226682839e+01,2.641585860582607026e+01,2.628398155857876617e+01,2.616061335065057847e+01,2.604586637068457833e+01,2.593970735751373624e+01,2.584197947477158763e+01,2.575242472797783932e+01,2.567070577706746448e+01,2.559642638784299251e+01,2.552914996641424139e+01,2.546841581651306896e+01,2.541375293879092467e+01,2.536469134538386072e+01,2.532077098716544938e+01,2.528154848337431204e+01,2.524660190455086450e+01,2.521553389285005764e+01,2.518797341309802462e+01,2.516357641844988535e+01,2.514202569137474796e+01,2.512303008885346145e+01,2.510632338443868150e+01,2.509166286271913648e+01,2.507882778640969335e+01,2.506761782456650067e+01,2.505785150335003664e+01,2.504936471873958581e+01,2.504200933356254666e+01,2.503565186872002712e+01,2.503017228993628507e+01,2.502546288600848001e+01,2.502142723164974214e+01,2.501797922692134435e+01,2.501504220534775058e+01,2.501254810362016201e+01,2.501043668695080058e+01,2.500865482537771101e+01,2.500715581746580440e+01,2.500589875880514867e+01,2.500484795343010802e+01,2.500397236677014590e+01,2.500324511901836999e+01,2.500264301790420518e+01,2.500214612982572149e+01,2.500173738817660052e+01,2.500140223753192004e+01,2.500112831216668496e+01,2.500090514719659396e+01,2.500072392046933700e+01,2.500057722320781650e+01,2.500045885732025042e+01,2.500036365724742993e+01,2.500028733421321192e+01,2.500022634077651418e+01
2.705401306512665016e+01,2.719066646735782911e+01,2.733025581045520980e+01,2.747235855696522933e+01,2.761652823038335214e+01,2.776229155603116894e+01,2.790914337429178005e+01,2.805653935154346712e+01,2.820388673232510968e+01,2.835053361465350008e+01,2.849575747144792359e+01,2.863875386389024413e+01,2.877862647467147283e+01,2.891437970801088042e+01,2.904491513900778799e+01,2.916903303189478081e+01,2.928543997652098341e+01,2.939276341488047706e+01,2.948957345432227939e+01,2.957441191068885544e+01,2.964582802155217678e+01,2.970241975274944579e+01,2.974287913093536773e+01,2.976603961238841833e+01,2.977092318270078053e+01,2.975678470562893096e+01,2.972315102476116166e+01,2.966985247871479103e+01,2.959704481521306718e+01,2.950521996330094510e+01,2.939520471484441444e+01,2.926814703457765532e+01,2.912549041373470970e+01,2.896893735462398567e+01,2.880040367331222839e+01,2.862196579220466219e+01,2.843580353111897452e+01,2.824414107451162792e+01,2.804918878790001457e+01,2.785308838628025541e+01,2.765786364212105042e+01,2.746537839109596746e+01,2.727730308772232348e+01,2.709509062126923595e+01,2.691996156487844516e+01,2.675289853408554208e+01,2.659464890450190211e+01,2.644573480355556683e+01,2.630646905983939021e+01,2.617697566852035607e+01,2.605721330687017456e+01,2.594700049797461361e+01,2.584604115594445872e+01,2.575394943264812753e+01,2.567027300359425368e+01,2.559451415968317178e+01,2.552614829517308337e+01,2.546463958684083551e+01,2.540945383531946788e+01,2.536006858125695373e+01,2.531598071417874252e+01,2.527671186172731765e+01,2.524181188461610503e+01,2.521086081307287330e+01,2.518346954949879546e+01,2.515927963546838697e+01,2.513796234465780799e+01,2.511921732174585742e+01,2.510277094481134696e+01,2.508837454829192026e+01,2.507580260724149213e+01,2.506485095262362250e+01,2.505533506217520312e+01,2.504708845187825972e+01,2.503996117880463501e+01,2.503381845632754121e+01,2.502853937659353178e+01,2.502401573187760420e+01,2.502015092522119488e+01,2.501685896090117467e+01,2.501406350624554165e+01,2.501169701767501863e+01,2.500969992530663077e+01,2.500801987180658159e+01,2.500661100231215173e+01,2.500543330310616241e+01,2.500445198732004926e+01,2.500363692628815571e+01,2.500296212531980089e+01,2.500240524264528830e+01,2.500194715017672920e+01,2.500157153454729198e+01,2.500126453669068027e+01,2.500101442802405316e+01,2.500081132112269700e+01,2.500064691263720462e+01,2.500051425610967826e+01,2.500040756229784833e+01,2.500032202461253306e+01,2.500025366731109955e+01
2.730815367196325383e+01,2.746188160784936017e+01,2.761891180962435755e+01,2.777877003406970857e+01,2.794095601615261515e+01,2.810494027373751180e+01,2.827015834077484868e+01,2.843600245127246851e+01,2.860181094631395027e+01,2.876685594978199489e+01,2.893033013519796270e+01,2.909133366237357166e+01,2.924886257251676014e+01,2.940180006832611070e+01,2.954891214842779945e+01,2.968884899556412549e+01,2.982015332533586971e+01,2.994127658691450833e+01,3.005060347987098979e+01,3.014648473426902697e+01,3.022727752696972203e+01,3.029139231654736619e+01,3.033734431842096058e+01,3.036380735819662391e+01,3.036966747921464460e+01,3.035407347693808333e+01,3.031648151385376622e+01,3.025669114542816018e+01,3.017487045579986216e+01,3.007156854050078110e+01,2.994771424695871787e+01,2.980460084428872847e+01,2.964385708655486340e+01,2.946740590000500148e+01,2.927741260878689289e+01,2.907622516664692469e+01,2.886630924685203325e+01,2.865018123626470725e+01,2.843034217532539287e+01,2.820921549276898332e+01,2.798909102571365182e+01,2.777207732735048751e+01,2.756006368868270329e+01,2.735469268405759635e+01,2.715734343840919607e+01,2.696912524852818294e+01,2.679088070511467734e+01,2.662319708105984262e+01,2.646642448797163638e+01,2.632069916054609138e+01,2.618597020066867032e+01,2.606202818609158101e+01,2.594853420266668564e+01,2.584504807181942354e+01,2.575105479284729171e+01,2.566598848057901350e+01,2.558925333362979515e+01,2.552024140151980447e+01,2.545834711930662664e+01,2.540297873961653963e+01,2.535356691167478971e+01,2.530957073624784215e+01,2.527048166811208318e+01,2.523582564934177697e+01,2.520516384391014242e+01,2.517809231358854305e+01,2.515424093331264288e+01,2.513327179668322842e+01,2.511487731367583010e+01,2.509877815641146626e+01,2.508472116734950674e+01,2.507247730886582815e+01,2.506183970440907061e+01,2.505262179917988874e+01,2.504465565200042576e+01,2.503779035890971016e+01,2.503189060208502426e+01,2.502683531398864147e+01,2.502251644528116969e+01,2.501883782525315780e+01,2.501571410467490963e+01,2.501306977256633957e+01,2.501083824009741718e+01,2.500896098641790743e+01,2.500738676255173587e+01,2.500607085051970557e+01,2.500497437556982305e+01,2.500406366982661410e+01,2.500330968586756342e+01,2.500268745875221654e+01,2.500217561492261353e+01,2.500175592621328491e+01,2.500141290699589192e+01,2.500113345227154937e+01,2.500090651433534461e+01,2.500072281548859721e+01,2.500057459417308081e+01,2.500045538185023020e+01,2.500035980794651991e+01,2.500028343022879440e+01
2.758667850224053808e+01,2.775914648493527892e+01,2.793531709012592756e+01,2.811465927790292696e+01,2.829661388036657854e+01,2.848059004982641440e+01,2.866595874631279628e+01,2.885204328194257073e+01,2.903810722529508226e+01,2.922334028170341469e+01,2.940684308233470290e+01,2.958761210891213977e+01,2.976452622236213585e+01,2.993633642315774779e+01,3.010166052234105649e+01,3.025898432487480960e+01,3.040667070971149499e+01,3.054297763353845596e+01,3.066608559988026173e+01,3.077413454727665254e+01,3.086526945659944943e+01,3.093769330473360313e+01,3.098972535232301340e+01,3.101986220111901460e+01,3.102683864230806066e+01,3.100968508328733719e+01,3.096777831611571230e+01,3.090088258944101085e+01,3.080917836200704230e+01,3.069327672632402937e+01,3.055421825530425650e+01,3.039345588858779124e+01,3.021282237595898934e+01,3.001448366640986620e+01,2.980088040937688021e+01,2.957466036404014531e+01,2.933860495092027776e+01,2.909555340134829748e+01,2.884832795689722929e+01,2.859966335284228123e+01,2.835214341380610392e+01,2.810814703573245055e+01,2.786980517489377007e+01,2.763896976454882548e+01,2.741719478518492537e+01,2.720572907200103785e+01,2.700551989185685997e+01,2.681722588886146852e+01,2.664123769860570334e+01,2.647770436933570437e+01,2.632656369695068577e+01,2.618757466366371389e+01,2.606035034532759909e+01,2.594438989412035568e+01,2.583910848493649581e+01,2.574386441028666894e+01,2.565798279782632463e+01,2.558077568929992296e+01,2.551155844722372379e+01,2.544966263865371658e+01,2.539444568120691414e+01,2.534529762639952821e+01,2.530164550364803944e+01,2.526295566130653469e+01,2.522873452633085023e+01,2.519852816926319861e+01,2.517192101350165245e+01,2.514853397364979060e+01,2.512802225235539311e+01,2.511007297238174019e+01,2.509440277339187730e+01,2.508075546261405364e+01,2.506889977580089024e+01,2.505862727957462610e+01,2.504975042773638805e+01,2.504210077146915125e+01,2.503552731549995514e+01,2.502989500811146684e+01,2.502508335138954365e+01,2.502098511837990813e+01,2.501750516518401923e+01,2.501455932789935233e+01,2.501207339630688509e+01,2.500998215806816205e+01,2.500822850876627612e+01,2.500676262434367558e+01,2.500554119334914205e+01,2.500452670693928425e+01,2.500368680484109518e+01,2.500299367553468599e+01,2.500242350882239961e+01,2.500195599876895258e+01,2.500157389477517711e+01,2.500126259832235931e+01,2.500100980272242523e+01,2.500080517304905214e+01,2.500064006331587052e+01,2.500050726791391043e+01,2.500040080432030720e+01,2.500031572413900349e+01
2.789097005119064221e+01,2.808394198930852070e+01,2.828105229403346499e+01,2.848170767343264131e+01,2.868528461063159796e+01,2.889112543802902522e+01,2.909853101173295897e+01,2.930674999685145821e+01,2.951496509979031302e+01,2.972227694057322367e+01,2.992768662032164073e+01,3.013007837541606193e+01,3.032820398682199681e+01,3.052067079708539765e+01,3.070593524853326528e+01,3.088230377109567826e+01,3.104794260382674764e+01,3.120089773025336655e+01,3.133912555801233424e+01,3.146053430634730219e+01,3.156303532289453884e+01,3.164460278658995662e+01,3.170333952611166239e+01,3.173754605445763133e+01,3.174578944762264499e+01,3.172696842696510089e+01,3.168037097425764870e+01,3.160572103065984706e+01,3.150321130030169314e+01,3.137351986922118385e+01,3.121780921527459896e+01,3.103770716310284072e+01,3.083527035891345136e+01,3.061293182755461828e+01,3.037343505687361045e+01,3.011975776875744160e+01,2.985502903438001709e+01,2.958244364347347499e+01,2.930517763494821182e+01,2.902630865049671272e+01,2.874874431407515374e+01,2.847516121341706707e+01,2.820795632014595711e+01,2.794921189242436199e+01,2.770067411741566232e+01,2.746374502341910784e+01,2.723948656696080306e+01,2.702863530960805605e+01,2.683162576041297598e+01,2.664862027675849987e+01,2.647954338086318415e+01,2.632411844326377803e+01,2.618190488312425046e+01,2.605233430911580683e+01,2.593474434376284421e+01,2.582840921004396506e+01,2.573256648680706604e+01,2.564643973935347887e+01,2.556925698922935553e+01,2.550026519446853612e+01,2.543874106521743172e+01,2.538399864129120687e+01,2.533539411265767072e+01,2.529232837833399472e+01,2.525424782215682384e+01,2.522064374407823095e+01,2.519105083130654066e+01,2.516504499200287626e+01,2.514224081128320876e+01,2.512228882942821073e+01,2.510487278850829185e+01,2.508970694784431288e+01,2.507653353153062881e+01,2.506512034250692267e+01,2.505525855666249058e+01,2.504676069612347078e+01,2.503945877198006542e+01,2.503320258201265602e+01,2.502785814731701208e+01,2.502330627210716685e+01,2.501944121257146492e+01,2.501616944284491240e+01,2.501340850848783148e+01,2.501108596003094320e+01,2.500913836098849430e+01,2.500751036617883472e+01,2.500615386721833389e+01,2.500502720270616308e+01,2.500409443095614748e+01,2.500332466322860014e+01,2.500269145534189974e+01,2.500217225536488996e+01,2.500174790486163801e+01,2.500140219092240912e+01,2.500112144599999553e+01,2.500089419239919053e+01,2.500071082815110657e+01,2.500056335094735616e+01,2.500044511681106840e+01,2.500035063023769766e+01
2.822237176932755531e+01,2.843770781213270382e+01,2.865765447432281121e+01,2.888155037587765506e+01,2.910870186330706844e+01,2.933837869642823293e+01,2.956980584143679280e+01,2.980215137136883996e+01,3.003451084509831759e+01,3.026588894218480519e+01,3.049517954355927429e+01,3.072114583199295978e+01,3.094240230324233210e+01,3.115740079058062051e+01,3.136442267790595295e+01,3.156157938335720559e+01,3.174682292140809636e+01,3.191796789616318364e+01,3.207272565766228922e+01,3.220875059860507150e+01,3.232369772851677681e+01,3.241528979577489622e+01,3.248139140266901848e+01,3.252008684439373098e+01,3.252975786488057253e+01,3.250915721522765267e+01,3.245747386228479314e+01,3.237438594291032246e+01,3.226009808731470940e+01,3.211536051278164905e+01,3.194146826521510008e+01,3.174024009119567324e+01,3.151397757682555678e+01,3.126540630655711794e+01,3.099760179367898516e+01,3.071390374295286918e+01,3.041782277048466199e+01,3.011294399275586997e+01,2.980283189560886470e+01,2.949094061788938603e+01,2.918053326740939113e+01,2.887461317978666386e+01,2.857586919586041319e+01,2.828663613837299451e+01,2.800887078015535536e+01,2.774414277440209631e+01,2.749363931206695710e+01,2.725818171727379635e+01,2.703825180882887835e+01,2.683402564906481302e+01,2.664541226119077777e+01,2.647209500268992244e+01,2.631357350671542505e+01,2.616920441299865985e+01,2.603823947046145904e+01,2.591985997329141966e+01,2.581320686258447950e+01,2.571740616434645332e+01,2.563158972569505423e+01,2.555491144506512313e+01,2.548655936565928570e+01,2.542576411595218744e+01,2.537180424229141806e+01,2.532400899470392730e+01,2.528175910746795552e+01,2.524448607072226025e+01,2.521167032769878347e+01,2.518283876228251472e+01,2.515756177022158369e+01,2.513545013948214901e+01,2.511615190440306833e+01,2.509934928643856722e+01,2.508475579215578222e+01,2.507211350661869886e+01,2.506119059652777281e+01,2.505177902128486167e+01,2.504369244012275075e+01,2.503676429816635718e+01,2.503084607246913151e+01,2.502580565955645753e+01,2.502152588787994247e+01,2.501790314112937352e+01,2.501484608105089080e+01,2.501227446094318907e+01,2.501011802315300869e+01,2.500831547558036405e+01,2.500681354342339091e+01,2.500556609318318024e+01,2.500453332637964721e+01,2.500368104058102503e+01,2.500297995530302231e+01,2.500240510016217144e+01,2.500193526243376851e+01,2.500155249091611154e+01,2.500124165277591004e+01,2.500099003986758817e+01,2.500078702089613714e+01,2.500062373573432239e+01,2.500049282820968699e+01,2.500038821374072739e+01
2.858217202741898788e+01,2.882182529711539587e+01,2.906659878108917994e+01,2.931575677721238549e+01,2.956852935607430410e+01,2.982410765221364812e+01,3.008163470771651049e+01,3.034019185655845163e+01,3.059878105765657708e+01,3.085630404571897856e+01,3.111153963808479972e+01,3.136312097292478640e+01,3.160951481599672164e+01,3.184900531637313748e+01,3.207968467733814322e+01,3.229945310696393790e+01,3.250603010663659376e+01,3.269697864417688038e+01,3.286974305870273838e+01,3.302170069327056723e+01,3.315022630219314692e+01,3.325276730028253525e+01,3.332692698745370308e+01,3.337055207286512371e+01,3.338182021193387072e+01,3.335932291892372348e+01,3.330213917056141781e+01,3.320989529191132306e+01,3.308280730769682521e+01,3.292170281673746501e+01,3.272802054596536436e+01,3.250378698558134261e+01,3.225157080727701242e+01,3.197441702712714573e+01,3.167576400146703008e+01,3.135934725738473361e+01,3.102909479772233681e+01,3.068901884577011430e+01,3.034310899550480656e+01,2.999523142384336438e+01,2.964903824021871515e+01,2.930789025314998142e+01,2.897479549360139117e+01,2.865236482700347764e+01,2.834278498506417421e+01,2.804780842286180942e+01,2.776875861179227556e+01,2.750654875458734239e+01,2.726171147730318012e+01,2.703443682013726956e+01,2.682461580386772937e+01,2.663188696866135885e+01,2.645568353498157776e+01,2.629527918526664720e+01,2.614983087157328256e+01,2.601841748215811378e+01,2.590007361730890167e+01,2.579381810634568239e+01,2.569867722557669509e+01,2.561370284046448376e+01,2.553798589046983381e+01,2.547066576386139403e+01,2.541093617846379615e+01,2.535804820207865262e+01,2.531131102393058896e+01,2.527009103710739524e+01,2.523380972211782591e+01,2.520194074263454453e+01,2.517400658377872347e+01,2.514957498663396152e+01,2.512825536392558590e+01,2.510969532320360642e+01,2.509357737629300900e+01,2.507961587704109263e+01,2.506755420257877276e+01,2.505716217505257148e+01,2.504823370950095907e+01,2.504058466764894675e+01,2.503405089539652550e+01,2.502848642239560206e+01,2.502376180429576991e+01,2.501976259118527324e+01,2.501638790887979980e+01,2.501354914263551876e+01,2.501116871536249775e+01,2.500917895439084759e+01,2.500752104228342176e+01,2.500614404814053415e+01,2.500500403638172386e+01,2.500406325020781750e+01,2.500328936693473381e+01,2.500265482223162650e+01,2.500213620006001491e+01,2.500171368485331058e+01,2.500137057223765780e+01,2.500109283440303187e+01,2.500086873610395344e+01,2.500068849720834052e+01,2.500054399772156088e+01,2.500042852128498083e+01
2.897158746639017579e+01,2.923759962084789166e+01,2.950927941646273212e+01,2.978581017873183612e+01,3.006633920064883725e+01,3.034997263714363669e+01,3.063576533256469858e+01,3.092270555304686397e+01,3.120969507014704902e+01,3.149552556431389760e+01,3.177885284868163751e+01,3.205817091022246501e+01,3.233178817734165023e+01,3.259780870160781774e+01,3.285412104248552367e+01,3.309839753361922021e+01,3.332810626793749975e+01,3.354053756547774867e+01,3.373284590194261767e+01,3.390210731833673208e+01,3.404539126289557061e+01,3.415984471196206584e+01,3.424278536254406902e+01,3.429179977475723717e+01,3.430484165057306711e+01,3.428032503600582004e+01,3.421720717594313754e+01,3.411505605656201823e+01,3.397409833219381170e+01,3.379524431390299810e+01,3.358008793055213204e+01,3.333088097203947342e+01,3.305048238631360391e+01,3.274228481870628826e+01,3.241012185019214797e+01,3.205816041979983311e+01,3.169078363607993865e+01,3.131246955048504788e+01,3.092767146850307469e+01,3.054070502867752168e+01,3.015564662818347585e+01,2.977624688079067283e+01,2.940586173776452483e+01,2.904740277020508188e+01,2.870330698708704631e+01,2.837552552325190902e+01,2.806552963836956849e+01,2.777433176627209832e+01,2.750251886936714385e+01,2.725029509098283498e+01,2.701753064792075065e+01,2.680381404039875193e+01,2.660850494099780050e+01,2.643078551650240371e+01,2.626970839350231302e+01,2.612423995945225030e+01,2.599329815993339210e+01,2.587578438168749528e+01,2.577060937935065965e+01,2.567671349972875916e+01,2.559308167659261457e+01,2.551875381343426596e+01,2.545283124846266531e+01,2.539448001569386193e+01,2.534293159044022659e+01,2.529748174936242222e+01,2.525748809637503811e+01,2.522236671650178153e+01,2.519158832875863041e+01,2.516467422271270138e+01,2.514119218587903504e+01,2.512075256309127269e+01,2.510300453539122856e+01,2.508763266461840047e+01,2.507435371970585436e+01,2.506291378016057081e+01,2.505308559954841030e+01,2.504466620521905540e+01,2.503747470832475130e+01,2.503135029895924291e+01,2.502615040378556799e+01,2.502174898692272009e+01,2.501803497846638891e+01,2.501491081839556330e+01,2.501229110651290100e+01,2.501010135136971613e+01,2.500827681282186177e+01,2.500676143400072959e+01,2.500550685915080606e+01,2.500447153408376977e+01,2.500361988603145136e+01,2.500292157953987626e+01,2.500235084481321124e+01,2.500188587465239110e+01,2.500150828588511231e+01,2.500120264098259071e+01,2.500095602542299744e+01,2.500075767629970969e+01,2.500059865768522371e+01,2.500047157834354294e+01
2.939174594173183408e+01,2.968624152391677384e+01,2.998699009435867424e+01,3.029308692015232651e+01,3.060358964115461688e+01,3.091751277495539796e+01,3.123381646457492522e+01,3.155138941966024646e+01,3.186902653726488310e+01,3.218540227813274868e+01,3.249904147605599292e+01,3.280828982045851916e+01,3.311128672045988708e+01,3.340594357704345185e+01,3.368993060888187330e+01,3.396067525832395972e+01,3.421537482488638204e+01,3.445102533283478863e+01,3.466446775889028231e+01,3.485245167141385281e+01,3.501171513128841184e+01,3.513907846258122447e+01,3.523154831466415260e+01,3.528642740663126887e+01,3.530142456338117540e+01,3.527475919919439917e+01,3.520525433414758254e+01,3.509241256657483632e+01,3.493647016285483176e+01,3.473842552194925304e+01,3.450003965312696863e+01,3.422380787284382109e+01,3.391290356592742938e+01,3.357109644583402996e+01,3.320264917215293110e+01,3.281219733897930269e+01,3.240461865715462153e+01,3.198489756851890320e+01,3.155799153622948694e+01,3.112870486999165465e+01,3.070157521676424750e+01,3.028077684828297933e+01,2.987004369506123425e+01,2.947261380844889800e+01,2.909119567272036733e+01,2.872795562374065170e+01,2.838452462970814594e+01,2.806202190311938693e+01,2.776109226985546030e+01,2.748195392782391977e+01,2.722445317096788031e+01,2.698812280576130007e+01,2.677224130624107801e+01,2.657589019344222336e+01,2.639800763742731249e+01,2.623743681912374015e+01,2.609296811494302659e+01,2.596337464776535597e+01,2.584744116062317332e+01,2.574398650089130314e+01,2.565188024813058476e+01,2.557005418030913901e+01,2.549750935885241532e+01,2.543331963448695632e+01,2.537663234676012536e+01,2.532666692450927570e+01,2.528271200572615030e+01,2.524412159489659047e+01,2.521031067352975796e+01,2.518075058241534947e+01,2.515496440705081937e+01,2.513252252348242877e+01,2.511303840159649070e+01,2.509616471644343960e+01,2.508158978430981634e+01,2.506903431723636544e+01,2.505824847551777523e+01,2.504900919039035401e+01,2.504111772674042413e+01,2.503439745661855298e+01,2.502869181729030146e+01,2.502386243146801448e+01,2.501978737151180709e+01,2.501635955327402172e+01,2.501348524860490130e+01,2.501108270821011814e+01,2.500908088853553934e+01,2.500741827770674419e+01,2.500604181636659717e+01,2.500490590964848181e+01,2.500397152660999467e+01,2.500320538333791021e+01,2.500257920570893688e+01,2.500206906752320180e+01,2.500165479947114022e+01,2.500131946418541062e+01,2.500104889248875750e+01,2.500083127588694509e+01,2.500065681037350984e+01,2.500051738670589074e+01
2.984366929182924366e+01,3.016884883674908480e+01,3.050090426441776259e+01,3.083883524087139349e+01,3.118160249093130432e+01,3.152812193150893449e+01,3.187725228056348925e+01,3.222777606607056811e+01,3.257837456167872858e+01,3.292759784030155146e+01,3.327383181570668569e+01,3.361526477799317547e+01,3.394985645933377327e+01,3.427531302927857837e+01,3.458907155825071555e+01,3.488829736010969640e+01,3.516989720471637071e+01,3.543055067738148978e+01,3.566676097815179958e+01,3.587492525110216235e+01,3.605142318793156164e+01,3.619272125695180620e+01,3.629548857647189664e+01,3.635671929262091595e+01,3.637385544110540536e+01,3.634490375853249589e+01,3.626853982376253782e+01,3.614419328192447267e+01,3.597210872437543117e+01,3.575337802009403276e+01,3.548994143597757045e+01,3.518455663530596667e+01,3.484073647668957108e+01,3.446265831445280980e+01,3.405504909498520760e+01,3.362305183811204756e+01,3.317208000043448379e+01,3.270766668478818673e+01,3.223531566950985905e+01,3.176036080319011035e+01,3.128783949865087877e+01,3.082238494461547518e+01,3.036814033385403988e+01,2.992869698992018002e+01,2.950705686706374209e+01,2.910561859541295604e+01,2.872618512460697104e+01,2.836999014005946407e+01,2.803773981876577537e+01,2.772966616353131641e+01,2.744558809125986443e+01,2.718497662018087269e+01,2.694702085754946808e+01,2.673069198115333833e+01,2.653480298080508604e+01,2.635806252864992061e+01,2.619912193488418950e+01,2.605661468269408942e+01,2.592918849749243648e+01,2.581553027585221471e+01,2.571438447348440803e+01,2.562456573184713093e+01,2.554496661836469684e+01,2.547456137880690363e+01,2.541240656737284809e+01,2.535763934618832494e+01,2.530947414615552660e+01,2.526719826846050765e+01,2.523016689122212597e+01,2.519779783680082019e+01,2.516956635764729455e+01,2.514500011541168689e+01,2.512367446057288589e+01,2.510520806781705261e+01,2.508925894448282179e+01,2.507552080365222480e+01,2.506371977766233528e+01,2.505361143967668980e+01,2.504497809838247235e+01,2.503762633204042132e+01,2.503138473151456012e+01,2.502610182639705272e+01,2.502164417309051814e+01,2.501789458816724476e+01,2.501475051417111217e+01,2.501212250811811444e+01,2.500993284526433058e+01,2.500811423230690878e+01,2.500660862517171168e+01,2.500536614704815719e+01,2.500434410248634620e+01,2.500350608329204505e+01,2.500282116174133407e+01,2.500226316636937440e+01,2.500181003532560453e+01,2.500144324207223789e+01,2.500114728805837672e+01,2.500090925694085442e+01,2.500071842494687147e+01,2.500056592207796413e+01
3.032825617490748016e+01,3.068638806080366166e+01,3.105205537766780211e+01,3.142415416887552837e+01,3.180154058228299974e+01,3.218302466225372171e+01,3.256735676761603315e+01,3.295320650724853806e+01,3.333913476096586237e+01,3.372356010025876571e+01,3.410472168740670185e+01,3.448064144832198963e+01,3.484908891420015209e+01,3.520755253974758148e+01,3.555322146845888653e+01,3.588298157913224884e+01,3.619342918415038213e+01,3.648090495657437771e+01,3.674154956664500560e+01,3.697138116572079980e+01,3.716639335160748203e+01,3.732267069065441945e+01,3.743651738020969333e+01,3.750459333535946627e+01,3.752405099421132206e+01,3.749266555522928712e+01,3.740895125789458575e+01,3.727225672657873190e+01,3.708283330740054851e+01,3.684187168687520852e+01,3.655150379823827222e+01,3.621476897380651394e+01,3.583554534615574028e+01,3.541844948576742524e+01,3.496870904220335774e+01,3.449201460241394557e+01,3.399435799555622850e+01,3.348186479813859506e+01,3.296062880729166977e+01,3.243655577574546101e+01,3.191522279934961759e+01,3.140175850652855161e+01,3.090074772920142010e+01,3.041616275625062116e+01,2.995132170198040811e+01,2.950887307018439287e+01,2.909080434709903074e+01,2.869847147654953901e+01,2.833264539354259171e+01,2.799357142683923527e+01,2.768103731058212702e+01,2.739444573383233816e+01,2.713288775463901459e+01,2.689521395372524992e+01,2.668010084167973162e+01,2.648611070554207458e+01,2.631174373600686422e+01,2.615548187536269253e+01,2.601582434040478020e+01,2.589131518718400571e+01,2.578056358953920935e+01,2.568225770388471929e+01,2.559517309858906842e+01,2.551817675203031754e+01,2.545022758606407365e+01,2.539037441877323786e+01,2.533775210860832061e+01,2.529157653596569943e+01,2.525113893980168811e+01,2.521580000502146390e+01,2.518498398721749609e+01,2.515817306837753620e+01,2.513490206179562492e+01,2.511475352629731717e+01,2.509735330756512894e+01,2.508236649564474519e+01,2.506949377012381674e+01,2.505846809546820708e+01,2.504905172622103748e+01,2.504103348317162059e+01,2.503422626551174091e+01,2.502846476912628404e+01,2.502360338658572658e+01,2.501951426950277479e+01,2.501608553832473447e+01,2.501321962819190148e+01,2.501083176217566617e+01,2.500884854508511523e+01,2.500720667221682447e+01,2.500585174806137090e+01,2.500473721021579721e+01,2.500382335371545750e+01,2.500307645080453867e+01,2.500246796090107892e+01,2.500197382524758183e+01,2.500157384051806631e+01,2.500125110550548868e+01,2.500099153495406412e+01,2.500078343463231079e+01,2.500061713185990442e+01
3.084626522925799463e+01,3.123967627677189540e+01,3.164131748371583086e+01,3.204997274645619854e+01,3.246438555892162015e+01,3.288325250862078519e+01,3.330520846025456905e+01,3.372880327871035888e+01,3.415247069991940521e+01,3.457449079532552361e+01,3.499294833336236366e+01,3.540569014751685017e+01,3.581028529688053652e+01,3.620399227324762848e+01,3.658373769818273047e+01,3.694611080902095068e+01,3.728737752244084902e+01,3.760351698500168993e+01,3.789028230151957644e+01,3.814328563756868107e+01,3.835810621594729497e+01,3.853041798792052219e+01,3.865613209374478743e+01,3.873154777326049469e+01,3.875350427785410545e+01,3.871952568039611009e+01,3.862795035778622577e+01,3.847803736788043238e+01,3.827004294853675503e+01,3.800526187355978891e+01,3.768603030722013614e+01,3.731568896936403945e+01,3.689850769723214796e+01,3.643957469927673998e+01,3.594465577795237010e+01,3.542003041065830615e+01,3.487231271152738543e+01,3.430826588395275678e+01,3.373461879309872558e+01,3.315789276371727823e+01,3.258424570762839068e+01,3.201933930704772280e+01,3.146823334719994136e+01,3.093530953764368974e+01,3.042422541818621085e+01,2.993789733128273411e+01,2.947851005598089458e+01,2.904754960881371417e+01,2.864585496417191735e+01,2.827368404001072122e+01,2.793078921643041923e+01,2.761649786467104306e+01,2.732979380648988865e+01,2.706939623390326588e+01,2.683383332973784974e+01,2.662150857676882509e+01,2.643075847195671813e+01,2.625990102817232597e+01,2.610727501731133771e+01,2.597127036724240057e+01,2.585035046389032587e+01,2.574306733225975918e+01,2.564807078737949553e+01,2.556411267419156985e+01,2.549004727326930464e+01,2.542482885649733504e+01,2.536750725199271628e+01,2.531722213683349310e+01,2.527319663285068074e+01,2.523473064482570294e+01,2.520119425870979768e+01,2.517202141385561376e+01,2.514670397923228151e+01,2.512478629884135373e+01,2.510586022442360132e+01,2.508956062161793099e+01,2.507556131621017315e+01,2.506357143716568103e+01,2.505333211014763961e+01,2.504461345690119600e+01,2.503721186036375101e+01,2.503094746120539327e+01,2.502566185767221185e+01,2.502121598640982469e+01,2.501748816698128053e+01,2.501437229687632424e+01,2.501177618690893567e+01,2.500962002909009385e+01,2.500783499047466307e+01,2.500636192727349538e+01,2.500515021385366410e+01,2.500415668126915847e+01,2.500334465979657494e+01,2.500268311969643875e+01,2.500214590415637161e+01,2.500171104814975820e+01,2.500136017679595568e+01,2.500107797675171994e+01,2.500085173420342599e+01,2.500067093316107147e+01
3.139829881546608448e+01,3.182936365625040054e+01,3.226938645496317548e+01,3.271702990861713545e+01,3.317091634879518836e+01,3.362962100428558898e+01,3.409165591837653864e+01,3.455544432433590885e+01,3.501928612748140779e+01,3.548131607846492130e+01,3.593945718281633361e+01,3.639137279620691601e+01,3.683442161574909335e+01,3.726562030742216791e+01,3.768161872939257506e+01,3.807869255892093463e+01,3.845275757064502642e+01,3.879940884250486732e+01,3.911398681509861319e+01,3.939167047087691031e+01,3.962759603593348601e+01,3.981699767184532845e+01,3.995536476858114838e+01,4.003860882763276408e+01,4.006323168386766298e+01,4.002648607840741590e+01,3.992651945013604831e+01,3.976249230111670130e+01,3.953466360021518256e+01,3.924443735581625248e+01,3.889436660050520089e+01,3.848811343665095563e+01,3.803036631470015294e+01,3.752671816831977480e+01,3.698351123168246346e+01,3.640765615632870578e+01,3.580643430667698368e+01,3.518729276903862768e+01,3.455764163478025353e+01,3.392466254108347812e+01,3.329513634591073412e+01,3.267529628794428476e+01,3.207071117344131750e+01,3.148620118803953716e+01,3.092578699874240655e+01,3.039267102181527491e+01,2.988924819447481340e+01,2.941714237982868241e+01,2.897726369953753078e+01,2.856988163762925126e+01,2.819470867205562570e+01,2.785098942354614238e+01,2.753759080209387378e+01,2.725308930806687613e+01,2.699585243299247495e+01,2.676411193395953347e+01,2.655602756378362628e+01,2.636974057747028510e+01,2.620341696913529361e+01,2.605528090176029110e+01,2.592363916753674502e+01,2.580689776278981995e+01,2.570357179082375865e+01,2.561228993648277097e+01,2.553179470881511293e+01,2.546093954469657916e+01,2.539868372716347267e+01,2.534408591555928325e+01,2.529629692513670136e+01,2.525455224257116882e+01,2.521816462847291973e+01,2.518651704276939185e+01,2.515905603543989599e+01,2.513528567313428752e+01,2.511476201987318646e+01,2.509708815460696840e+01,2.508190968679813793e+01,2.506891072024232159e+01,2.505781021213489979e+01,2.504835867638296065e+01,2.504033518527745983e+01,2.503354463027530485e+01,2.502781520963863215e+01,2.502299611727000084e+01,2.501895541281576030e+01,2.501557805777682475e+01,2.501276410593197497e+01,2.501042703892336050e+01,2.500849223952311107e+01,2.500689559606827572e+01,2.500558223199683994e+01,2.500450535450393019e+01,2.500362521620466083e+01,2.500290818345138533e+01,2.500232590469296312e+01,2.500185457204158723e+01,2.500147426906616843e+01,2.500116839777971478e+01,2.500092317783779805e+01,2.500072721111223473e+01
3.198478759706731722e+01,3.245591685142893823e+01,3.293676213191338320e+01,3.342585532927327563e+01,3.392168865501061248e+01,3.442270775325078347e+01,3.492729433380412729e+01,3.543373807212065429e+01,3.594019846276673746e+01,3.644465835727559266e+01,3.694487199004635158e+01,3.743831130808283092e+01,3.792211527422546169e+01,3.839304741155787326e+01,3.884746711069702485e+01,3.928132006277331811e+01,3.969015256856967255e+01,4.006915340386026969e+01,4.041322542834808473e+01,4.071708728817714018e+01,4.097540349570008544e+01,4.118293902206468715e+01,4.133473247527498984e+01,4.142628013156142686e+01,4.145372170407543422e+01,4.141401790717331721e+01,4.130510970381702407e+01,4.112604965370111643e+01,4.087709699886616477e+01,4.055976996152020320e+01,4.017685106161282249e+01,3.973234392196330589e+01,3.923138282017388434e+01,3.868009896161549221e+01,3.808544988628845118e+01,3.745502040931731358e+01,3.679680489544163180e+01,3.611898139838921651e+01,3.542968822942552265e+01,3.473681288531404476e+01,3.404780204534456090e+01,3.336949966230856290e+01,3.270801817377537191e+01,3.206864571140224740e+01,3.145579004910198506e+01,3.087295805205299359e+01,3.032276768773875730e+01,2.980698832359878025e+01,2.932660411224998143e+01,2.888189476628939190e+01,2.847252792862490622e+01,2.809765760201143081e+01,2.775602364442010739e+01,2.744604808544688979e+01,2.716592489075257078e+01,2.691370071844600531e+01,2.668734510526936177e+01,2.648480933707045537e+01,2.630407395866960840e+01,2.614318544001451627e+01,2.600028293024340798e+01,2.587361630306115146e+01,2.576155683924621442e+01,2.566260192507498417e+01,2.557537509227533334e+01,2.549862260987138995e+01,2.543120768371375817e+01,2.537210314557427537e+01,2.532038333672397101e+01,2.527521572318989485e+01,2.523585262974613741e+01,2.520162335193672121e+01,2.517192680189852183e+01,2.514622476401961393e+01,2.512403577850662018e+01,2.510492963174585768e+01,2.508852240848082360e+01,2.507447204880509162e+01,2.506247434954181941e+01,2.505225935193069731e+01,2.504358806336206200e+01,2.503624946840660215e+01,2.503005779230100103e+01,2.502484998751002365e+01,2.502048342049010898e+01,2.501683374109427760e+01,2.501379292114332387e+01,2.501126745163032439e+01,2.500917668998503274e+01,2.500745134999503350e+01,2.500603212755822113e+01,2.500486845560810067e+01,2.500391738146552001e+01,2.500314255965349020e+01,2.500251335296045241e+01,2.500200403431891516e+01,2.500159308192320395e+01,2.500126255996502067e+01,2.500099757742642836e+01,2.500078581753386686e+01
3.260597620719688905e+01,3.311960352844715061e+01,3.364373167483260829e+01,3.417675154173579699e+01,3.471701579430285989e+01,3.526283193394992566e+01,3.581244364622824605e+01,3.636400010706531560e+01,3.691551396959897602e+01,3.746480991556646245e+01,3.800946685060021935e+01,3.854675795262888016e+01,3.907359373847431527e+01,3.958647398715604737e+01,4.008145465121806694e+01,4.055413572272441769e+01,4.099967535304046606e+01,4.141283434948302755e+01,4.178805352665615658e+01,4.211956436116114588e+01,4.240153111343143877e+01,4.262822020233122089e+01,4.279419033173817866e+01,4.289449486505695575e+01,4.292488640402340394e+01,4.288201260429140405e+01,4.276359205986539536e+01,4.256855966264672020e+01,4.229717217974810239e+01,4.195106681261943038e+01,4.153326807181807112e+01,4.104814123469936504e+01,4.050129373367174423e+01,3.989942882065849972e+01,3.925015854778005320e+01,3.856178530147144556e+01,3.784306267810211466e+01,3.710294730087301218e+01,3.635035322013586523e+01,3.559391984474211057e+01,3.484180300970744781e+01,3.410149693022405870e+01,3.337969258984315957e+01,3.268217574209393916e+01,3.201376534851840461e+01,3.137829109368911418e+01,3.077860674173881250e+01,3.021663462444717396e+01,2.969343553193973051e+01,2.920929772654428191e+01,2.876383869433395901e+01,2.835611353323009354e+01,2.798472447558812348e+01,2.764792686911616215e+01,2.734372790181806323e+01,2.706997536824107087e+01,2.682443476047210495e+01,2.660485386808015917e+01,2.640901484385328146e+01,2.623477431153254713e+01,2.608009254873727656e+01,2.594305307746403599e+01,2.582187415092308314e+01,2.571491366106236853e+01,2.562066893165872017e+01,2.553777273391101232e+01,2.546498669018535921e+01,2.540119303899238190e+01,2.534538553842430986e+01,2.529666009970794960e+01,2.525420557645137265e+01,2.521729499387482321e+01,2.518527738785286374e+01,2.515757033547317434e+01,2.513365319479382265e+01,2.511306102823790809e+01,2.509537915778869888e+01,2.508023828698054558e+01,2.506731012103262302e+01,2.505630341922405080e+01,2.504696042020548319e+01,2.503905358941182513e+01,2.503238264665789004e+01,2.502677184041451852e+01,2.502206744261661697e+01,2.501813544388526367e+01,2.501485943370728293e+01,2.501213865350080212e+01,2.500988621278163393e+01,2.500802746004476163e+01,2.500649850070578850e+01,2.500524485470959490e+01,2.500422024638104546e+01,2.500338551890467542e+01,2.500270766558318769e+01,2.500215896981340435e+01,2.500171624558095473e+01,2.500136017023856638e+01,2.500107470140660837e+01,2.500084657001682942e+01
3.326191023336326680e+01,3.382047829420498175e+01,3.439035439079903256e+01,3.496977762349718688e+01,3.555695119588189357e+01,3.615003556695366171e+01,3.674712853286988690e+01,3.734623183428413995e+01,3.794520504339268996e+01,3.854170877402560791e+01,3.913314058675582885e+01,3.971656821915597391e+01,4.028866583882739860e+01,4.084565977327615371e+01,4.138329050713838342e+01,4.189679756817116640e+01,4.238093319809983939e+01,4.283000941604626632e+01,4.323798127372998579e+01,4.359856686678834592e+01,4.390540214650733475e+01,4.415222595038968478e+01,4.433308814239020990e+01,4.444257153579619768e+01,4.447601656318411045e+01,4.442973662684725866e+01,4.430121182895405241e+01,4.408924940053796604e+01,4.379410060911741454e+01,4.341752614174937719e+01,4.296280478350035992e+01,4.243468343734769377e+01,4.183926992171373627e+01,4.118387328351882815e+01,4.047679933389469653e+01,3.972711153705042619e+01,3.894436909556063142e+01,3.813835497496351934e+01,3.731880666338083330e+01,3.649516170327147080e+01,3.567632856025909405e+01,3.487049135650418918e+01,3.408495457594023037e+01,3.332603124465107669e+01,3.259897549838834152e+01,3.190795804868065844e+01,3.125608099512378146e+01,3.064542680914155071e+01,3.007713519325252349e+01,2.955150091405272406e+01,2.906808559040090856e+01,2.862583673113478255e+01,2.822320797581210883e+01,2.785827540079797870e+01,2.752884581138949116e+01,2.723255405372904292e+01,2.696694746525861319e+01,2.672955657337708502e+01,2.651795200178756673e+01,2.632978822503407557e+01,2.616283531395940898e+01,2.601500014330152766e+01,2.588433870391163438e+01,2.576906120037471837e+01,2.566753154849586949e+01,2.557826274546554046e+01,2.549990939621891783e+01,2.543125846685171254e+01,2.537121911977453337e+01,2.531881228051762633e+01,2.527316040288115317e+01,2.523347774329373294e+01,2.519906132902783114e+01,2.516928270778705112e+01,2.514358049564992470e+01,2.512145369276491280e+01,2.510245570733493992e+01,2.508618901404751966e+01,2.507230036923841610e+01,2.506047650827920137e+01,2.505044025813077013e+01,2.504194700752741554e+01,2.503478148727399955e+01,2.502875482260132856e+01,2.502370182781108454e+01,2.501947852026041730e+01,2.501595983603331419e+01,2.501303753352365078e+01,2.501061827380582869e+01,2.500862186832756606e+01,2.500697968536492510e+01,2.500563320705398240e+01,2.500453272884823974e+01,2.500363619310049756e+01,2.500290814825082819e+01,2.500231882490223967e+01,2.500184331993742859e+01,2.500146087980400011e+01,2.500115427418422698e+01,2.500090925146726306e+01
3.395242473072796230e+01,3.455837024381800404e+01,3.517644828178836747e+01,3.580473471121396756e+01,3.644127284873083994e+01,3.708406685856275686e+01,3.773106061047410265e+01,3.838010149944172156e+01,3.902889000815271459e+01,3.967491722052945136e+01,4.031539396753348825e+01,4.094717668407650990e+01,4.156669624507129157e+01,4.216989689627733640e+01,4.275219278092479414e+01,4.330844939127386795e+01,4.383299648872959153e+01,4.431967762875569861e+01,4.476193944426930216e+01,4.515296138636750811e+01,4.548582384919637889e+01,4.575370971390611174e+01,4.595013155964028329e+01,4.606917434038010128e+01,4.610574143522130441e+01,4.605579083192884582e+01,4.591654793138428658e+01,4.568668212729031808e+01,4.536643590747620181e+01,4.495769764800716928e+01,4.446401236446765637e+01,4.389052822309697888e+01,4.324388033571882772e+01,4.253201698893528260e+01,4.176397672164932828e+01,4.094962733078140360e+01,4.009937977176347346e+01,3.922389091490575908e+01,3.833376918366458597e+01,3.743929627465068677e+01,3.655017654905616098e+01,3.567532345363275681e+01,3.482268967682040994e+01,3.399914489032004639e+01,3.321040208427558582e+01,3.246099087074609457e+01,3.175427386565893073e+01,3.109250047920594184e+01,3.047689121409618451e+01,2.990774490610936454e+01,2.938456121318231595e+01,2.890617100250834781e+01,2.847086800848735066e+01,2.807653613173637197e+01,2.772076791084788994e+01,2.740097092003125923e+01,2.711446003634387836e+01,2.685853460741343568e+01,2.663054048278145913e+01,2.642791761882417489e+01,2.624823451769900728e+01,2.608921112046505897e+01,2.594873196159826634e+01,2.582485143321455823e+01,2.571579293357785545e+01,2.561994351807408776e+01,2.553584546219211404e+01,2.546218591185302316e+01,2.539778555845153463e+01,2.534158705062278116e+01,2.529264365316494434e+01,2.525010849213269637e+01,2.521322458631702190e+01,2.518131575854572901e+01,2.515377844274725305e+01,2.513007435048615079e+01,2.510972392907221362e+01,2.509230052767865260e+01,2.507742518381973440e+01,2.506476194624344345e+01,2.505401365868344499e+01,2.504491813958659918e+01,2.503724470415077619e+01,2.503079098561308413e+01,2.502538002203404943e+01,2.502085758250548508e+01,2.501708971270663184e+01,2.501396048415456974e+01,2.501136993455232727e+01,2.500923218858725150e+01,2.500747374963684777e+01,2.500603195334329953e+01,2.500485357413249332e+01,2.500389357564980131e+01,2.500311399589424255e+01,2.500248295764852813e+01,2.500197379468646375e+01,2.500156428422629773e+01,2.500123597620376259e+01,2.500097361016179320e+01
3.467713444671347389e+01,3.533287232711025183e+01,3.600157852942307102e+01,3.668115358057066544e+01,3.736946995306566066e+01,3.806436589912603097e+01,3.876362315380509926e+01,3.946492789828943160e+01,4.016581578526056262e+01,4.086360340393070345e+01,4.155531019144962102e+01,4.223757634598898392e+01,4.290658361835282619e+01,4.355798680639583154e+01,4.418686421648254736e+01,4.478769518368704894e+01,4.535437189451161544e+01,4.588025122294411062e+01,4.635825012329772221e+01,4.678098543401843301e+01,4.714095590546340730e+01,4.743076108814165082e+01,4.764334865283197473e+01,4.777227901639562901e+01,4.781199405893325860e+01,4.775807544352281298e+01,4.760747773467993227e+01,4.735872222632049500e+01,4.701203912006462815e+01,4.656944833960705665e+01,4.603477264668626390e+01,4.541358059461487073e+01,4.471306092915153130e+01,4.394183401931423560e+01,4.310970947842503165e+01,4.222740206053501311e+01,4.130621999032870661e+01,4.035774098122453779e+01,3.939349127525141370e+01,3.842464214108062492e+01,3.746173651032901830e+01,3.651445599474430281e+01,3.559143562744208111e+01,3.470013054890604565e+01,3.384673574948750741e+01,3.303615709877460205e+01,3.227202941414994086e+01,3.155677537246903341e+01,3.089169772183564433e+01,3.027709652245321337e+01,2.971240300502977050e+01,2.919632201078169942e+01,2.872697576874364245e+01,2.830204285770268768e+01,2.791888747130223436e+01,2.757467544168310880e+01,2.726647477996759505e+01,2.699133968156153074e+01,2.674637796416027058e+01,2.652880272317558052e+01,2.633596959109461011e+01,2.616540138012361183e+01,2.601480209126878052e+01,2.588206231696671722e+01,2.576525798263079636e+01,2.566264420027595250e+01,2.557264577804603789e+01,2.549384567223301445e+01,2.542497240710628148e+01,2.536488724053635835e+01,2.531257163220020701e+01,2.526711538310326688e+01,2.522770566292115646e+01,2.519361702459055863e+01,2.516420242066545399e+01,2.513888517877588313e+01,2.511715185899962322e+01,2.509854589893763688e+01,2.508266194798715532e+01,2.506914079656948502e+01,2.505766481548056390e+01,2.504795383245437534e+01,2.503976138555223585e+01,2.503287130483867529e+01,2.502709458422008737e+01,2.502226651394692425e+01,2.501824405104319737e+01,2.501490340994698514e+01,2.501213785915232890e+01,2.500985571191670687e+01,2.500797850042742709e+01,2.500643932347317033e+01,2.500518135787543628e+01,2.500415652388808496e+01,2.500332429461595396e+01,2.500265063934069332e+01,2.500210709054153568e+01,2.500166992440169622e+01,2.500131944471472778e+01,2.500103936035124264e+01
3.543542590714918106e+01,3.614333269832590645e+01,3.686504809617483858e+01,3.759828448823128610e+01,3.834073199254890341e+01,3.909005295417730963e+01,3.984385859247707629e+01,4.059966706320577856e+01,4.135484375040026350e+01,4.210652633850227033e+01,4.285153901232980900e+01,4.358630184421949139e+01,4.430674289266418953e+01,4.500822159314409987e+01,4.568547252259685365e+01,4.633257844814920645e+01,4.694298065854972890e+01,4.750953291181394889e+01,4.802460296967510800e+01,4.848022275124861835e+01,4.886828481065793994e+01,4.918077936329228805e+01,4.941006272316873549e+01,4.954914505020165905e+01,4.959198300642408697e+01,4.953376150870896311e+01,4.937114840241324032e+01,4.910250664354541072e+01,4.872805045173409155e+01,4.824993477319024748e+01,4.767227107586795398e+01,4.700106672142217690e+01,4.624408960648984390e+01,4.541066410650522300e+01,4.451140826698166109e+01,4.355792538791331481e+01,4.256246541862830668e+01,4.153757278655604068e+01,4.049573737815946117e+01,3.944906441878696057e+01,3.840897708783149511e+01,3.738596305030095834e+01,3.638937292506888355e+01,3.542727530457894147e+01,3.450636954894268627e+01,3.363195443314836552e+01,3.280794802151255851e+01,3.203695201669499681e+01,3.132035236008499979e+01,3.065844706543100529e+01,3.005059211397451691e+01,2.949535664914477451e+01,2.899067957294807485e+01,2.853402083773896791e+01,2.812250211469280359e+01,2.775303297949578507e+01,2.742242017788742459e+01,2.712745883203610475e+01,2.686500556160927644e+01,2.663203438443300897e+01,2.642567691777362526e+01,2.624324882917924029e+01,2.608226470725783841e+01,2.594044356965573073e+01,2.581570713513914228e+01,2.570617279759000340e+01,2.561014298831932123e+01,2.552609233132469768e+01,2.545265371004516908e+01,2.538860409343105218e+01,2.533285072707739616e+01,2.528441808941750324e+01,2.524243584645463301e+01,2.520612791049531154e+01,2.517480261554969090e+01,2.514784395963942032e+01,2.512470382663658697e+01,2.510489508181740348e+01,2.508798543081298860e+01,2.507359193651866747e+01,2.506137609904562780e+01,2.505103941707439930e+01,2.504231936290462102e+01,2.503498571668879435e+01,2.502883721695687314e+01,2.502369849418769476e+01,2.501941726178170811e+01,2.501586174446466870e+01,2.501291832815370952e+01,2.501048941795087543e+01,2.500849149251055081e+01,2.500685334384908742e+01,2.500551449198276543e+01,2.500442376380126319e+01,2.500353802546839788e+01,2.500282105750528672e+01,2.500224256163085812e+01,2.500177728845594416e+01,2.500140427527151488e+01,2.500110618344216817e+01
3.622645147749260275e+01,3.698884817465047092e+01,3.776589058223424900e+01,3.855508943046005754e+01,3.935394039912172559e+01,4.015991953961376026e+01,4.097045899891721632e+01,4.178290216343856400e+01,4.259443904162463213e+01,4.340202461076870577e+01,4.420228483104000361e+01,4.499141691710502755e+01,4.576509207774664389e+01,4.651837010880176138e+01,4.724563579290965265e+01,4.794056689328481013e+01,4.859614255074939138e+01,4.920469909023712773e+01,4.975803767395468924e+01,5.024758503683102617e+01,5.066460490835730468e+01,5.100045392220627605e+01,5.124687213642363304e+01,5.139629503932384580e+01,5.144217138985906246e+01,5.137926968184863341e+01,5.120395560474995733e+01,5.091442368563831877e+01,5.051086832255271730e+01,4.999558254001335911e+01,4.937297680006659562e+01,4.864951479624021147e+01,4.783356800128365904e+01,4.693519546966009415e+01,4.596585966146875535e+01,4.493809254794651054e+01,4.386512874172098719e+01,4.276052371819682207e+01,4.163777530734028431e+01,4.050996558623764088e+01,3.938943823051751281e+01,3.828752349802212507e+01,3.721431958156051678e+01,3.617853536329857889e+01,3.518739591275310374e+01,3.424660864839670182e+01,3.336038513885230827e+01,3.253151120419461506e+01,3.176145637667897859e+01,3.105051291443196959e+01,3.039795439408511868e+01,2.980220435423766645e+01,2.926100640220421667e+01,2.877158849366343318e+01,2.833081560547546118e+01,2.793532661046493715e+01,2.758165271103966631e+01,2.726631620170187986e+01,2.698590954161456068e+01,2.673715568778755269e+01,2.651695135294706063e+01,2.632239531702217050e+01,2.615080416115342032e+01,2.599971784298953281e+01,2.586689743244507511e+01,2.575031712002487794e+01,2.564815233496492652e+01,2.555876550261075764e+01,2.548069065806454958e+01,2.541261783757600767e+01,2.535337790495075794e+01,2.530192824573439481e+01,2.525733958027238302e+01,2.521878400714090773e+01,2.518552428730030712e+01,2.515690431135126914e+01,2.513234065139949891e+01,2.511131507910936023e+01,2.509336792683107831e+01,2.507809217424219739e+01,2.506512815466913935e+01,2.505415878999095369e+01,2.504490527848460957e+01,2.503712317461599213e+01,2.503059881270013776e+01,2.502514603711263064e+01,2.502060321023954614e+01,2.501683047574309526e+01,2.501370725926411609e+01,2.501112999171377993e+01,2.500901004216876800e+01,2.500727184839710660e+01,2.500585123348482597e+01,2.500469389713427404e+01,2.500375407013955709e+01,2.500299332044062695e+01,2.500237949910145829e+01,2.500188581460069415e+01,2.500149002399035325e+01,2.500117372977470964e+01
3.704912547313394100e+01,3.786825988742677396e+01,3.870286543326314188e+01,3.955023692658502199e+01,4.040766293339130044e+01,4.127242242058949273e+01,4.214175972599863229e+01,4.301283679870992671e+01,4.388266352170310824e+01,4.474800901775851969e+01,4.560529901047381429e+01,4.645050638801158271e+01,4.727904390427846693e+01,4.808566925573984463e+01,4.886441341475494937e+01,4.960854294185236313e+01,5.031056595446187885e+01,5.096228948271514980e+01,5.155493315750124594e+01,5.207930069676957885e+01,5.252600670338169664e+01,5.288575214338083441e+01,5.314963785916533823e+01,5.330950192229806817e+01,5.335826386241028985e+01,5.329025709026167590e+01,5.310153035677916478e+01,5.279009995054234139e+01,5.235613651824651527e+01,5.180207376833656241e+01,5.113263065602582458e+01,5.035474363289917932e+01,4.947741080451652351e+01,4.851145498026078684e+01,4.746921723920259240e+01,4.636419643880707042e+01,4.521065280033185019e+01,4.402319515272464656e+01,4.281637155015671681e+01,4.160428184918234251e+01,4.040022858976197284e+01,3.921641939891431150e+01,3.806373040946324693e+01,3.695153616782658901e+01,3.588760749981794618e+01,3.487807508907182097e+01,3.392745332650478218e+01,3.303871647501797781e+01,3.221341745471535489e+01,3.145183861339986464e+01,3.075316366477156294e+01,3.011566046060114488e+01,2.953686528422212376e+01,2.901376076102402024e+01,2.854294112181390020e+01,2.812076027962954328e+01,2.774345986128875552e+01,2.740727586905970981e+01,2.710852396234214012e+01,2.684366440112111007e+01,2.660934846677930565e+01,2.640244867955141572e+01,2.622007539127629627e+01,2.605958238496794976e+01,2.591856400327775845e+01,2.579484610179000370e+01,2.568647282341433069e+01,2.559169085475519978e+01,2.550893248512730338e+01,2.543679846709956394e+01,2.537404138986516955e+01,2.531955003240126700e+01,2.527233496573779448e+01,2.523151552181696644e+01,2.519630813647955847e+01,2.516601600030046271e+01,2.514001990669986597e+01,2.511777016528370510e+01,2.509877944348935941e+01,2.508261640590870556e+01,2.506890003368262398e+01,2.505729452266684376e+01,2.504750467616101517e+01,2.503927172419739833e+01,2.503236951570391966e+01,2.502660104181038747e+01,2.502179525805306781e+01,2.501780418039772513e+01,2.501450023513686460e+01,2.501177384618442900e+01,2.500953124546373729e+01,2.500769249331123945e+01,2.500618969640401446e+01,2.500496541091175118e+01,2.500397121856773097e+01,2.500316646328868231e+01,2.500251713594604652e+01,2.500199489495898675e+01,2.500157621057195456e+01,2.500124162100365055e+01
3.790212235177425271e+01,3.878015116656719385e+01,3.967445554832953292e+01,4.058209938686074025e+01,4.150015085201694376e+01,4.242568061925858558e+01,4.335573629513815064e+01,4.428729180475603755e+01,4.521717253333731179e+01,4.614195929759807768e+01,4.705787659940791912e+01,4.796067289172410142e+01,4.884550255324920442e+01,4.970682071082059394e+01,5.053830277326143516e+01,5.133280039350353263e+01,5.208234446328575018e+01,5.277820364859520907e+01,5.341100396227355418e+01,5.397091109944005893e+01,5.444787297046335084e+01,5.483191536112782671e+01,5.511347928012648367e+01,5.528378468398385337e+01,5.533520224385291186e+01,5.526161292979064399e+01,5.505873464601366862e+01,5.472439605932319751e+01,5.425874010675535430e+01,5.366434330991289414e+01,5.294624171228939247e+01,5.211185965061862646e+01,5.117084326889997214e+01,5.013480625622664633e+01,4.901700032240771776e+01,4.783192705465356198e+01,4.659491074220585460e+01,4.532165333623549230e+01,4.402779286863156472e+01,4.272848544131542781e+01,4.143802847930952282e+01,4.016953956361424360e+01,3.893470113031489888e+01,3.774357697455941008e+01,3.660450216346121977e+01,3.552404394092559414e+01,3.450702774659886529e+01,3.355661974831653538e+01,3.267445540385649139e+01,3.186080254875485807e+01,3.111474730897080576e+01,3.043439166075371105e+01,2.981705256552788796e+01,2.925945413255691818e+01,2.875790603821573299e+01,2.830846329828688823e+01,2.790706430953448702e+01,2.754964573774589098e+01,2.723223425237984330e+01,2.695101624629552362e+01,2.670238751607010741e+01,2.648298542274284273e+01,2.628970633242975197e+01,2.611971119213633585e+01,2.597042197616724835e+01,2.583951149225895705e+01,2.572488871070391170e+01,2.562468141531363486e+01,2.553721760555431430e+01,2.546100672978320745e+01,2.539472151731546035e+01,2.533718091186085530e+01,2.528733439440860309e+01,2.524424781893697656e+01,2.520709076513017877e+01,2.517512533234036809e+01,2.514769625115600604e+01,2.512422216585917667e+01,2.510418793601046161e+01,2.508713781250137131e+01,2.507266935782872253e+01,2.506042799833104695e+01,2.505010211496777472e+01,2.504141859709553586e+01,2.503413879951332532e+01,2.502805485628611137e+01,2.502298631539875728e+01,2.501877706629455744e+01,2.501529253813054510e+01,2.501241715052546866e+01,2.501005200109095838e+01,2.500811277550084810e+01,2.500652786659935956e+01,2.500523668934709320e+01,2.500418817846650654e+01,2.500333945563006566e+01,2.500265465304070034e+01,2.500210388035036146e+01,2.500166232208236039e+01,2.500130945307669350e+01
3.878387697985399996e+01,3.972284765517215277e+01,4.067886729114015054e+01,4.164875307517810654e+01,4.262933888127055582e+01,4.361747546083742577e+01,4.461000457635758210e+01,4.560370562622395596e+01,4.659521551862636102e+01,4.758092504193649575e+01,4.855685757504012656e+01,4.951853847358441385e+01,5.046086562665455233e+01,5.137799327084516676e+01,5.226324196341976602e+01,5.310904748508767881e+01,5.390696026265217711e+01,5.464770465157113222e+01,5.532130417100027842e+01,5.591727470805696498e+01,5.642488306223513206e+01,5.683346331653502403e+01,5.713277877808225469e+01,5.731341302259775716e+01,5.736717027848133199e+01,5.728746331533920255e+01,5.706966638711484308e+01,5.671141173558568482e+01,5.621281067027493350e+01,5.557658415797876472e+01,5.480809290942302425e+01,5.391526277304900816e+01,5.290840740091797301e+01,5.179995617614639514e+01,5.060410083650342017e+01,4.933637870061073727e+01,4.801321359579427650e+01,4.665143730730390104e+01,4.526781455058780779e+01,4.387859317121930758e+01,4.249909867528255347e+01,4.114338855375297044e+01,3.982397751844591482e+01,3.855164007564962247e+01,3.733529218471112188e+01,3.618194940730848685e+01,3.509675521574298074e+01,3.408307018759449392e+01,3.314261077918500575e+01,3.227562526900141648e+01,3.148109424777909027e+01,3.075694359691714652e+01,3.010025909048867021e+01,2.950749340288772515e+01,2.897465822221954568e+01,2.849749618644492699e+01,2.807162932453861970e+01,2.769268247840406261e+01,2.735638171754088432e+01,2.705862898710710596e+01,2.679555513303191105e+01,2.656355403452690922e+01,2.635930087497182228e+01,2.617975764104878067e+01,2.602216880896932238e+01,2.588404990916387760e+01,2.576317130743933603e+01,2.565753914570473881e+01,2.556537498510350659e+01,2.548509531601453304e+01,2.541529176137377277e+01,2.535471251271286164e+01,2.530224530622433221e+01,2.525690206798624970e+01,2.521780522860262508e+01,2.518417562116214725e+01,2.515532182480817269e+01,2.513063079147498158e+01,2.510955958815282685e+01,2.509162809501798463e+01,2.507641251566712270e+01,2.506353957547192479e+01,2.505268130477349686e+01,2.504355032328868091e+01,2.503589555951753809e+01,2.502949835355154207e+01,2.502416890335634037e+01,2.501974302350590307e+01,2.501607919181665096e+01,2.501305586379121593e+01,2.501056903767030093e+01,2.500853005461815926e+01,2.500686361949186676e+01,2.500550602806250922e+01,2.500440358669802521e+01,2.500351121055276238e+01,2.500279118635405240e+01,2.500221208600437706e+01,2.500174781746738972e+01,2.500137679979064487e+01
3.969258692554844004e+01,4.069441960939823133e+01,4.171403286294780344e+01,4.274798062927465025e+01,4.379284796479448971e+01,4.484525363263422548e+01,4.590182424300547837e+01,4.695913824926333291e+01,4.801364050650946069e+01,4.906153080720447690e+01,5.009863263648165344e+01,5.112025111097544539e+01,5.212103142850272519e+01,5.309483090944625161e+01,5.403461862380397918e+01,5.493241648716656300e+01,5.577929446122571733e+01,5.656543008589778765e+01,5.728023907815996552e+01,5.791257933893587762e+01,5.845102569258580871e+01,5.888420740176678692e+01,5.920119536359312207e+01,5.939192132833879612e+01,5.944760789487298780e+01,5.936118577219093595e+01,5.912767410210552299e+01,5.874450063901071672e+01,5.821174126323477793e+01,5.753226250657346696e+01,5.671175620205218593e+01,5.575866163729033076e+01,5.468397722224203505e+01,5.350097017791755150e+01,5.222479862859586319e+01,5.087206531017193356e+01,4.946032556101860678e+01,4.800757413031357146e+01,4.653173554929512790e+01,4.505018142683666582e+01,4.357929523936788740e+01,4.213410127408305073e+01,4.072796970984207121e+01,3.937240477138465167e+01,3.807691785546725072e+01,3.684898285240235793e+01,3.569406686103616977e+01,3.461572632692585927e+01,3.361575644084174996e+01,3.269438044761616169e+01,3.185046528359118057e+01,3.108175056886836529e+01,3.038507926582331820e+01,2.975662008891916344e+01,2.919207381673071211e+01,2.868685782944285734e+01,2.823626531171876053e+01,2.783559749229497626e+01,2.748026894584339885e+01,2.716588730524997075e+01,2.688830970408250565e+01,2.664367889970606029e+01,2.642844234988820773e+01,2.623935757762728116e+01,2.607348701619371667e+01,2.592818523666982600e+01,2.580108107811845031e+01,2.569005677372499719e+01,2.559322573385490074e+01,2.550891023831979609e+01,2.543561992517051706e+01,2.537203165344469724e+01,2.531697106680798726e+01,2.526939599278899706e+01,2.522838167333497950e+01,2.519310772938672827e+01,2.516284670668562384e+01,2.513695402357958031e+01,2.511485913627492650e+01,2.509605774589502047e+01,2.508010488919478931e+01,2.506660877645834518e+01,2.505522526278722140e+01,2.504565286052762474e+01,2.503762821970236629e+01,2.503092201938473238e+01,2.502533522583364700e+01,2.502069568307718939e+01,2.501685500884883950e+01,2.501368577380126723e+01,2.501107894521828712e+01,2.500894157846081001e+01,2.500719474050558588e+01,2.500577165048762041e+01,2.500461602238858205e+01,2.500368059511014351e+01,2.500292583526088919e+01,2.500231879814945657e+01,2.500183213275866123e+01,2.500144321689236193e+01
4.062621669448417094e+01,4.169268629981002050e+01,4.277761495394042868e+01,4.387727605642614037e+01,4.498799070544024659e+01,4.610613317870706851e+01,4.722810542761416741e+01,4.835027862530590426e+01,4.946890240607130096e+01,5.057998537052228016e+01,5.167915350462511270e+01,5.276149612396522315e+01,5.382141153619190987e+01,5.485246654059629634e+01,5.584728490404405932e+01,5.679747986745015709e+01,5.769364442293711193e+01,5.852541053145106531e+01,5.928158470607151997e+01,5.995036266247053902e+01,6.051962033487493642e+01,6.097727285921563833e+01,6.131168757704377725e+01,6.151213217531915234e+01,6.156923518633188763e+01,6.147543360141458635e+01,6.122538157079144128e+01,6.081629520574935555e+01,6.024821135333146316e+01,5.952414270892526105e+01,5.865011745728906334e+01,5.763509836061503222e+01,5.649078333792331819e+01,5.523129656571630619e+01,5.387278545384764072e+01,5.243294405414280845e+01,5.093048718588957513e+01,4.938460158634975983e+01,4.781440063653052874e+01,4.623840773993613595e+01,4.467409044554170805e+01,4.313746321441932707e+01,4.164277171500037866e+01,4.020226611314679133e+01,3.882606541503704989e+01,3.752210989986493672e+01,3.629619435511798997e+01,3.515207142306026356e+01,3.409161201062378410e+01,3.311500843861124110e+01,3.222100575619955976e+01,3.140714729911018210e+01,3.067002195003386333e+01,3.000550246489313366e+01,2.940896644765845735e+01,2.887549388997337729e+01,2.840003746545347241e+01,2.797756384305361621e+01,2.760316606033822140e+01,2.727214841748094543e+01,2.698008639550313248e+01,2.672286477845547381e+01,2.649669750405643853e+01,2.629813283214278385e+01,2.612404726523627829e+01,2.597163134260798856e+01,2.583837001705037295e+01,2.572201986357115189e+01,2.562058490335529370e+01,2.553229238618345676e+01,2.545556948146164444e+01,2.538902149437139855e+01,2.533141195402444978e+01,2.528164471364951282e+01,2.523874805337858618e+01,2.520186067624803883e+01,2.517021942853524052e+01,2.514314854735510707e+01,2.512005023301711404e+01,2.510039635356604748e+01,2.508372110809887445e+01,2.506961449913868734e+01,2.505771648911565208e+01,2.504771173954193841e+01,2.503932485238420469e+01,2.503231605075772137e+01,2.502647725023204828e+01,2.502162848293377806e+01,2.501761464464723872e+01,2.501430254073578752e+01,2.501157821044265361e+01,2.500934451145930026e+01,2.500751894799089214e+01,2.500603172624933990e+01,2.500482402163683560e+01,2.500384644204882889e+01,2.500305767186517514e+01,2.500242328140170045e+01,2.500191468691170726e+01,2.500150824667758798e+01
4.158250379253890117e+01,4.271522239634985851e+01,4.386701355315647533e+01,4.503385208278257323e+01,4.621177937777395783e+01,4.739691230558605639e+01,4.858541845375098944e+01,4.977345546105291874e+01,5.095707498180652806e+01,5.213209500852303080e+01,5.329394761009404391e+01,5.443751236168183993e+01,5.555694855524509990e+01,5.664554138976729547e+01,5.769557847679620011e+01,5.869827294324348799e+01,5.964374803460953700e+01,6.052109538682015710e+01,6.131851513061557313e+01,6.202354092747108893e+01,6.262334723219873212e+01,6.310512994923922747e+01,6.345654567280235625e+01,6.366618937179556781e+01,6.372408617080371585e+01,6.362217019014011754e+01,6.335472253198200576e+01,6.291874158357162372e+01,6.231422183808270177e+01,6.154432222905854388e+01,6.061541120246972980e+01,5.953698295371473392e+01,5.832144689336851684e+01,5.698379989802009504e+01,5.554119769101509974e+01,5.401244728922048921e+01,5.241744646254491613e+01,5.077659833980575144e+01,4.911022957137644340e+01,4.743803889709489141e+01,4.577859978151190745e+01,4.414893629805710873e+01,4.256418607908112506e+01,4.103735834831574181e+01,3.957918926107334556e+01,3.819809139933080644e+01,3.690018963592068246e+01,3.568943193410863302e+01,3.456776112301707116e+01,3.353533232069139558e+01,3.259076040774090188e+01,3.173138265258242541e+01,3.095352306749859395e+01,3.025274711538390804e+01,2.962409776443357146e+01,2.906230638803035049e+01,2.856197444281309927e+01,2.811772408018543246e+01,2.772431774919699166e+01,2.737674836923702415e+01,2.707030276696611537e+01,2.680060179499258766e+01,2.656362091762958855e+01,2.635569511680052912e+01,2.617351180322785353e+01,2.601409508096606515e+01,2.587478426999975412e+01,2.575320909717394002e+01,2.564726346515216093e+01,2.555507923627423850e+01,2.547500104607245675e+01,2.540556280294664404e+01,2.534546624105194823e+01,2.529356167146364243e+01,2.524883091637400767e+01,2.521037230397132589e+01,2.517738753802752782e+01,2.514917022623851750e+01,2.512509584586000599e+01,2.510461293618128664e+01,2.508723532832351921e+01,2.507253524865447147e+01,2.506013715907840123e+01,2.504971222309833223e+01,2.504097330936034282e+01,2.503367046364541793e+01,2.502758679579788037e+01,2.502253474006605316e+01,2.501835265619573079e+01,2.501490174488231943e+01,2.501206325539764208e+01,2.500973596587675729e+01,2.500783391833020985e+01,2.500628439131248015e+01,2.500502609362215978e+01,2.500400756265298696e+01,2.500318575121060150e+01,2.500252478685708368e+01,2.500199488819984595e+01,2.500157142302761315e+01
4.255896647418248335e+01,4.375936619107166337e+01,4.497937476650278654e+01,4.621464970112347714e+01,4.746093635104959674e+01,4.871408083380453036e+01,4.997000647359273273e+01,5.122465119957836066e+01,5.247386633130270894e+01,5.371328061567210455e+01,5.493813698274783519e+01,5.614311297575884652e+01,5.732213886776585099e+01,5.846822978344404476e+01,5.957334940668580714e+01,6.062832283865031968e+01,6.162281472970062168e+01,6.254538590718114222e+01,6.338363745088323498e+01,6.412444575183897655e+01,6.475428587223925092e+01,6.525963394914445814e+01,6.562743296252051550e+01,6.584560045194285749e+01,6.590355222321156248e+01,6.579271316848843298e+01,6.550698534491959890e+01,6.504314457731234711e+01,6.440114005686369580e+01,6.358427650913379381e+01,6.259926514532249797e+01,6.145613730227301374e+01,6.016802283874410051e+01,5.875080337050401624e+01,5.722265769471708552e+01,5.560352274637024550e+01,5.391449773465033957e+01,5.217722146396741323e+01,5.041325315923309347e+01,4.864348546313307509e+01,4.688761488283655154e+01,4.516369018750944520e+01,4.348775353418091072e+01,4.187358290721130061e+01,4.033253827170834427e+01,3.887350809576228983e+01,3.750294794583736291e+01,3.622499896073372838e+01,3.504167130921857876e+01,3.395307627249408000e+01,3.295769030407769407e+01,3.205263516460116335e+01,3.123395980784128056e+01,3.049691187441082363e+01,2.983618918963817279e+01,2.924616433335521393e+01,2.872107795177272749e+01,2.825519885583971558e+01,2.784295098295449833e+01,2.747900892272434348e+01,2.715836489875887239e+01,2.687637086966584832e+01,2.662875980377972951e+01,2.641165025269248900e+01,2.622153816729956333e+01,2.605527953797988872e+01,2.591006696495595918e+01,2.578340273482255540e+01,2.567307044281856321e+01,2.557710669386832336e+01,2.549377396329133205e+01,2.542153531442408365e+01,2.535903136050513851e+01,2.530505962058264302e+01,2.525855624771689634e+01,2.521857999328693722e+01,2.518429820335155611e+01,2.515497461121853817e+01,2.512995868482611783e+01,2.510867629968497283e+01,2.509062153093915271e+01,2.507534938612915099e+01,2.506246932950999806e+01,2.505163947661844404e+01,2.504256136258504029e+01,2.503497520866127601e+01,2.502865562838574576e+01,2.502340772795171020e+01,2.501906356510428253e+01,2.501547893784543319e+01,2.501253047894241632e+01,2.501011303527100793e+01,2.500813731286400099e+01,2.500652776958057544e+01,2.500522073788088662e+01,2.500416276051978315e+01,2.500330912223131108e+01,2.500262256077025924e+01,2.500207214107153675e+01,2.500163227681101219e+01
4.355291301591130093e+01,4.482222949208172480e+01,4.611160146952673244e+01,4.741634973618492666e+01,4.873190673360583958e+01,5.005383409735349431e+01,5.137780080394495030e+01,5.269951897546010144e+01,5.401463763820245845e+01,5.531859842485340550e+01,5.660646109561569972e+01,5.787271052426193307e+01,5.911106010924230247e+01,6.031426908374738360e+01,6.147399259622865486e+01,6.258068346108228752e+01,6.362356297867125932e+01,6.459067515491153699e+01,6.546903410965866499e+01,6.624486868687255026e+01,6.690396163570463273e+01,6.743207369529550022e+01,6.781543603325647496e+01,6.804128832933938043e+01,6.809843490527973131e+01,6.797778814324769314e+01,6.767286734589598041e+01,6.718022234409296800e+01,6.649975454181225132e+01,6.563491349906689720e+01,6.459275421542929507e+01,6.338384846715650411e+01,6.202205225167709557e+01,6.052413994448040313e+01,5.890932353427355395e+01,5.719868170755599124e+01,5.541452816320052932e+01,5.357975107108911317e+01,5.171715594527333337e+01,4.984884246041208655e+01,4.799564214300204412e+01,4.617663879159080409e+01,4.440878738952221738e+01,4.270664068077321218e+01,4.108218599167894780e+01,3.954478875975991770e+01,3.810123395492227871e+01,3.675585242209779580e+01,3.551071629506584060e+01,3.436588606940193813e+01,3.331969161343472763e+01,3.236903018877528382e+01,3.150966623368812947e+01,3.073651998541090791e+01,3.004393472422240308e+01,2.942591526854641160e+01,2.887633312357974091e+01,2.838909621573929698e+01,2.795828331058782723e+01,2.757824494147798688e+01,2.724367394446940338e+01,2.694964951539641973e+01,2.669165912027620635e+01,2.646560266349141699e+01,2.626778312289442141e+01,2.609488747307689493e+01,2.594396120928253069e+01,2.581237921774937050e+01,2.569781516499323359e+01,2.559821103732390668e+01,2.551174797891018642e+01,2.543681916695937772e+01,2.537200513168349048e+01,2.531605167511385801e+01,2.526785035987334638e+01,2.522642141701327034e+01,2.519089884983899097e+01,2.516051747701760632e+01,2.513460165269390600e+01,2.511255541469613561e+01,2.509385383667633107e+01,2.507803539037159979e+01,2.506469515584523222e+01,2.505347874770624017e+01,2.504407685218603419e+01,2.503622029272329996e+01,2.502967556016142225e+01,2.502424075801229719e+01,2.501974192395630681e+01,2.501602969642349805e+01,2.501297630035838182e+01,2.501047282969891228e+01,2.500842680621860481e+01,2.500675999562121987e+01,2.500540646248179399e+01,2.500431084605189724e+01,2.500342683927264886e+01,2.500271585368512461e+01,2.500214585336468787e+01,2.500169034156653680e+01
4.456145234324379345e+01,4.590070900959528899e+01,4.726036560716208612e+01,4.863538622987550752e+01,5.002087302984475059e+01,5.141208906980794779e+01,5.280443872585217946e+01,5.419340229440064860e+01,5.557442493529816829e+01,5.694276404875687092e+01,5.829330336501143961e+01,5.962034609088659920e+01,6.091740304164697761e+01,6.217699441970199814e+01,6.339048544458400158e+01,6.454797611825924264e+01,6.563826385376148664e+01,6.664889445878951335e+01,6.756631215026294512e+01,6.837611313213281505e+01,6.906340018844555573e+01,6.961322823331563825e+01,7.001112340192955230e+01,7.024365167174210001e+01,7.029900775186185058e+01,7.016759156793878560e+01,6.984253846131562682e+01,6.932017040199463054e+01,6.860033907431183309e+01,6.768663741863355199e+01,6.658646370101905632e+01,6.531093088135277469e+01,6.387462330067604910e+01,6.229521180780898248e+01,6.059294671077979189e+01,5.879005476752986681e+01,5.691007135285556728e+01,5.497714165501997741e+01,5.301532515692315428e+01,5.104793582581434208e+01,4.909694662931498499e+01,4.718248161261477236e+01,4.532241230816627819e+01,4.353206824837015887e+01,4.182406435355712659e+01,4.020824146256006770e+01,3.869171066528609515e+01,3.727898767788772716e+01,3.597220043895553943e+01,3.477135144323604266e+01,3.367461599914295789e+01,3.267865843746140087e+01,3.177895008509242558e+01,3.097007528593258741e+01,3.024601462747344982e+01,2.960039755689848562e+01,2.902671951772902048e+01,2.851852142649812194e+01,2.806953160975847794e+01,2.767377215907185928e+01,2.732563300838404885e+01,2.701991790848959951e+01,2.675186691286774732e+01,2.651716006499830414e+01,2.631190676758674130e+01,2.613262489971540958e+01,2.597621320513877663e+01,2.583991987071913954e+01,2.572130960297996083e+01,2.561823093404412788e+01,2.552878497368129018e+01,2.545129638774203684e+01,2.538428703088634464e+01,2.532645239152967420e+01,2.527664081226668813e+01,2.523383531934227264e+01,2.519713781816037113e+01,2.516575537634526327e+01,2.513898831031929859e+01,2.511621980599101533e+01,2.509690683094625641e+01,2.508057212828471094e+01,2.506679711641222141e+01,2.505521555162739844e+01,2.504550783938274705e+01,2.503739590474542709e+01,2.503063855260113968e+01,2.502502726376139819e+01,2.502038238484751531e+01,2.501654967826441123e+01,2.501339720440634906e+01,2.501081251208260881e+01,2.500870011556888173e+01,2.500697923814126256e+01,2.500558180280136611e+01,2.500445065142821122e+01,2.500353797399199962e+01,2.500280392986659805e+01,2.500221544375894567e+01,2.500174515937352027e+01
4.558150583697691616e+01,4.699149905118478898e+01,4.842212194731150987e+01,4.986796144129311870e+01,5.132377159091825547e+01,5.278450248258066324e+01,5.424528349571311736e+01,5.570135716591516939e+01,5.714796358535485865e+01,5.858017952723608346e+01,5.999272096839546009e+01,6.137972205652692992e+01,6.273450743496046300e+01,6.404937780217971977e+01,6.531543028134265683e+01,6.652243531373970598e+01,6.765879018308780246e+01,6.871156587495468671e+01,6.966665888289351471e+01,7.050905305590981698e+01,7.122318905634014641e+01,7.179343100181486648e+01,7.220461202023916769e+01,7.244263340236904014e+01,7.249508641242869089e+01,7.235186214363882584e+01,7.200571346945676510e+01,7.145273434434953685e+01,7.069272544102466327e+01,6.972942114957373860e+01,6.857056088374592662e+01,6.722779685290132079e+01,6.571644026645660119e+01,6.405505759463673598e+01,6.226493728911577819e+01,6.036945462882051316e+01,5.839336759944364985e+01,5.636207962051751963e+01,5.430090538399612399e+01,5.223437414947326829e+01,5.018560082503061892e+01,4.817574947134943386e+01,4.622360702592148129e+01,4.434527763017168667e+01,4.255400052792082732e+01,4.086008760949297880e+01,3.927097073081151279e+01,3.779134425117661777e+01,3.642338498528367552e+01,3.516703000113079725e+01,3.402029234340812991e+01,3.297959565199519716e+01,3.204011053775395368e+01,3.119607819350829558e+01,3.044110976685423253e+01,2.976845322797849747e+01,2.917122258959422609e+01,2.864258718550144422e+01,2.817592115255784435e+01,2.776491520749430819e+01,2.740365423628427166e+01,2.708666513467087000e+01,2.680893980250201736e+01,2.656593827279179720e+01,2.635357673194344841e+01,2.616820474605153990e+01,2.600657543066347799e+01,2.586581165888295430e+01,2.574337075320333668e+01,2.563700949358419123e+01,2.554475072758280518e+01,2.546485240471816880e+01,2.539577948301000987e+01,2.533617886899049054e+01,2.528485734591601997e+01,2.524076230741159677e+01,2.520296503275252675e+01,2.517064620266600983e+01,2.514308334903654085e+01,2.511963994786421495e+01,2.509975589373568283e+01,2.508293912930846403e+01,2.506875824005803821e+01,2.505683585953552139e+01,2.504684276166320345e+01,2.503849254318171802e+01,2.503153682100678168e+01,2.502576088618977579e+01,2.502097976893130493e+01,2.501703467833808858e+01,2.501378978704455491e+01,2.501112933510893654e+01,2.500895503032975498e+01,2.500718372380598709e+01,2.500574534057406950e+01,2.500458104579374918e+01,2.500364162743392882e+01,2.500288607687054565e+01,2.500228034933711996e+01,2.500179628680821509e+01
4.660982015006889867e+01,4.809110534830283967e+01,4.959312309901707749e+01,5.111006225870220021e+01,5.263631064026022699e+01,5.416649069788898885e+01,5.569544630936778162e+01,5.721817640691148199e+01,5.872971517143124487e+01,6.022496304414356416e+01,6.169847761329086921e+01,6.314423812472988828e+01,6.455540152564908851e+01,6.592407115732547140e+01,6.724110107618045618e+01,6.849595918808333295e+01,6.967667072819020291e+01,7.076986005203298191e+01,7.176090333284321332e+01,7.263419786578468518e+01,7.337354570205540938e+01,7.396264084616743162e+01,7.438564090704034015e+01,7.462779658837175134e+01,7.467610639542047579e+01,7.451995998866709670e+01,7.415173214279604963e+01,7.356729048857863518e+01,7.276638411865678790e+01,7.175288649018527565e+01,7.053487441013524517e+01,6.912453462140452132e+01,6.753789988017328483e+01,6.579442663670749880e+01,6.391643573348660112e+01,6.192844523630034104e+01,5.985643008453229896e+01,5.772704634622417785e+01,5.556685836589844030e+01,5.340160508830437891e+01,5.125553761541860354e+01,4.915085405292307996e+01,4.710725048179945418e+01,4.514159906008790557e+01,4.326775642544484413e+01,4.149649828200278989e+01,3.983556976939070182e+01,3.828983625623635589e+01,3.686151576408656183e+01,3.555047236033424696e+01,3.435454948427086919e+01,3.326992310951789733e+01,3.229145664561735884e+01,3.141304224607003448e+01,3.062791641278752763e+01,2.992894117659339059e+01,2.930884543576406998e+01,2.876042404658039686e+01,2.827669483694299402e+01,2.785101577110492599e+01,2.747716600007430188e+01,2.714939550410914038e+01,2.686244852232794855e+01,2.661156604500527578e+01,2.639247240448404241e+01,2.620135053153087767e+01,2.603480983112924463e+01,2.588984995035204406e+01,2.576382302242241096e+01,2.565439632151555216e+01,2.555951668354534689e+01,2.547737755698573636e+01,2.540638915138637444e+01,2.534515184772338614e+01,2.529243281610716210e+01,2.524714564098840697e+01,2.520833266849700749e+01,2.517514975138816524e+01,2.514685306166070333e+01,2.512278765827025140e+01,2.510237752845096892e+01,2.508511685896663579e+01,2.507056233301634762e+01,2.505832628606202661e+01,2.504807058743014991e+01,2.503950114313027342e+01,2.503236293865773732e+01,2.502643555885205728e+01,2.502152913572006554e+01,2.501748068521009927e+01,2.501415080098534460e+01,2.501142067799838742e+01,2.500918944174263814e+01,2.500737176097387504e+01,2.500589572287504936e+01,2.500470095039574403e+01,2.500373694206243869e+01,2.500296161507968407e+01,2.500234003311976494e+01,2.500184330087898132e+01
4.764298088033159218e+01,4.919585984973041093e+01,5.076943561884091594e+01,5.235747783228432439e+01,5.395398966496233584e+01,5.555325110644422182e+01,5.714980996491503618e+01,5.873841583440031400e+01,6.031389648424391936e+01,6.187098096749722487e+01,6.340407887469617521e+01,6.490703017970915312e+01,6.637284459009183024e+01,6.779345277438403627e+01,6.915949387739071597e+01,7.046016401553683295e+01,7.168314875221088300e+01,7.281465882594123684e+01,7.383958275611806243e+01,7.474176267706764065e+01,7.550439131652231595e+01,7.611051904351968744e+01,7.654365106139323416e+01,7.678840684578543119e+01,7.683120752510757256e+01,7.666095267159140292e+01,7.626964635471892962e+01,7.565293353732030823e+01,7.481051196362595590e+01,7.374639135138208701e+01,7.246898048567666706e+01,7.099099306506937523e+01,6.932917409018878629e+01,6.750385937595947894e+01,6.553839059739668471e+01,6.345841642618105993e+01,6.129111621829124346e+01,5.906438601099200270e+01,5.680602714580612655e+01,5.454297574587810971e+01,5.230060684205193411e+01,5.010214063151060060e+01,4.796817075190182322e+01,4.591632620544768173e+01,4.396107031134654619e+01,4.211363238266783071e+01,4.038206119564794960e+01,3.877138409211129755e+01,3.728385192968757167e+01,3.591924812272500844e+01,3.467523961939377131e+01,3.354774864862491057e+01,3.253132617732549647e+01,3.161951093222126730e+01,3.080516123807520401e+01,3.008075049772416065e+01,2.943862062104445698e+01,2.887119088532921296e+01,2.837112242612121804e+01,2.793144072539620026e+01,2.754562005102710742e+01,2.720763482443098269e+01,2.691198340641409104e+01,2.665368987387456912e+01,2.642828910494345607e+01,2.623179999309564892e+01,2.606069096224515391e+01,2.591184123423186136e+01,2.578250057215627322e+01,2.567024953643785068e+01,2.557296167826038769e+01,2.548876857607364599e+01,2.541602820208868252e+01,2.535329678518008478e+01,2.529930410585654954e+01,2.525293200565288032e+01,2.521319580330282406e+01,2.517922826907315681e+01,2.515026580335776885e+01,2.512563648443312303e+01,2.510474968360809100e+01,2.508708698643883039e+01,2.507219420080421912e+01,2.505967427278552151e+01,2.504918096724367516e+01,2.504041320063553400e+01,2.503310993866431744e+01,2.502704559107398552e+01,2.502202585085460740e+01,2.501788393607079186e+01,2.501447720024386356e+01,2.501168408246027042e+01,2.500940137180684886e+01,2.500754176290583430e+01,2.500603168068252202e+01,2.500480935338448418e+01,2.500382311352678144e+01,2.500302990702831707e+01,2.500239399143286789e+01,2.500188580483000322e+01
4.867742696539639979e+01,5.030193633901622263e+01,5.194695705020625809e+01,5.360581825683159707e+01,5.527211998301615381e+01,5.693978483694579040e+01,5.860305398446644887e+01,6.025642207668006023e+01,6.189451030111722929e+01,6.351188186894427190e+01,6.510280971487884472e+01,6.666101154559180486e+01,6.817937215376758786e+01,6.964967663879630777e+01,7.106238039878698487e+01,7.240644212362929011e+01,7.366924429400728513e+01,7.483662180839110079e+01,7.589301343675690248e+01,7.682174314602215759e+01,7.760542944768498330e+01,7.822651142093606325e+01,7.866787070182890318e+01,7.891352027492152388e+01,7.894932409854222044e+01,7.876370707425327566e+01,7.834831310212632616e+01,7.769857019396781084e+01,7.681412584514029618e+01,7.569912283479558823e+01,7.436229483970323884e+01,7.281687201920149732e+01,7.108029823596561414e+01,6.917377293915232883e+01,6.712164109501051712e+01,6.495066314619407422e+01,6.268920322031243586e+01,6.036637730874192442e+01,5.801120375464228829e+01,5.565179622074531096e+01,5.331463466789076477e+01,5.102394325757339288e+01,4.880119611204433738e+01,4.666476320021142499e+01,4.462969994008923180e+01,4.270767603154602909e+01,4.090703206194378794e+01,3.923294692804660144e+01,3.768769530137269896e+01,3.627097228747926039e+01,3.498026200887859716e+01,3.381122787807829866e+01,3.275810454101582536e+01,3.181407453427240029e+01,3.097161627144113538e+01,3.022281373166731555e+01,2.955962188431569970e+01,2.897408522244335316e+01,2.845850963374532583e+01,2.800559011626611294e+01,2.760849851363397889e+01,2.726093651850466060e+01,2.695715973035462198e+01,2.669197863830738626e+01,2.646074212894329492e+01,2.625930859383108285e+01,2.608400902710106450e+01,2.593160574331643886e+01,2.579924957834742472e+01,2.568443771218933591e+01,2.558497360742042659e+01,2.549893001009927218e+01,2.542461551875619463e+01,2.536054488955749875e+01,2.530541300281512562e+01,2.525807225477735685e+01,2.521751304417178119e+01,2.518284698020353218e+01,2.515329243359791533e+01,2.512816207257057854e+01,2.510685206123173785e+01,2.508883264105163136e+01,2.507363986091256081e+01,2.506086826407801027e+01,2.505016437877237934e+01,2.504122089181512933e+01,2.503377141157746522e+01,2.502758574769096001e+01,2.502246565104730891e+01,2.501824096946863563e+01,2.501476618282784514e+01,2.501191728714725571e+01,2.500958900100343030e+01,2.500769227000553485e+01,2.500615204666513236e+01,2.500490532399619070e+01,2.500389940193593930e+01,2.500309036633769821e+01,2.500244176096786219e+01,2.500192343370267523e+01
4.970946569407219329e+01,5.140536676111041459e+01,5.312143376868712608e+01,5.485053416143882998e+01,5.658584632346870080e+01,5.832092059005536555e+01,6.004968097856762910e+01,6.176636175311179500e+01,6.346537766836315342e+01,6.514113219156942591e+01,6.678777380752896420e+01,6.839891621792364163e+01,6.996734335289121987e+01,7.148472411014520844e+01,7.294136415539105656e+01,7.432602257566722415e+01,7.562581942736518670e+01,7.682625618792985733e+01,7.791136492578458217e+01,7.886399397123554422e+01,7.966622851652897452e+01,8.029993456738378654e+01,8.074740478803653332e+01,8.099207584338454069e+01,8.101927962678954032e+01,8.081698594247706069e+01,8.037649228186143091e+01,7.969301755775600782e+01,7.876616104105497129e+01,7.760019501344461901e+01,7.620416928947042834e+01,7.459181704887690501e+01,7.278126349213832214e+01,7.079455076344785880e+01,6.865700347367432244e+01,6.639646820196389854e+01,6.404246693238366106e+01,6.162530808795387571e+01,5.917519950551409380e+01,5.672140545027291836e+01,5.429148492784658231e+01,5.191064163062850412e+01,4.960120750052256255e+01,4.738227281121712053e+01,4.526946657718275446e+01,4.327488262690854981e+01,4.140713936552540275e+01,3.967155548176072699e+01,3.807041984833642800e+01,3.660333168335510834e+01,3.526758659567684617e+01,3.405858522204799499e+01,3.297024348360270096e+01,3.199538670063917323e+01,3.112611355005905978e+01,3.035411979036252461e+01,2.967097551826500634e+01,2.906835322214401174e+01,2.853820689212636452e+01,2.807290483534481851e+01,2.766532059223548501e+01,2.730888747421199270e+01,2.699762280453418484e+01,2.672612803041831953e+01,2.648957058791281938e+01,2.628365284761632026e+01,2.610457274896785762e+01,2.594897993132524761e+01,2.581393036292176646e+01,2.569684170788397637e+01,2.559545099326051343e+01,2.550777556326153572e+01,2.543207784439696795e+01,2.536683409062026584e+01,2.531070702256806015e+01,2.526252210586282132e+01,2.522124711455217749e+01,2.518597458124159516e+01,2.515590673057181093e+01,2.513034251451791334e+01,2.510866640594263544e+01,2.509033865267988972e+01,2.507488674213541913e+01,2.506189787189211415e+01,2.505101226262056713e+01,2.504191718448310766e+01,2.503434159684679727e+01,2.502805132375917552e+01,2.502284470492933011e+01,2.501854867471696053e+01,2.501501523073379119e+01,2.501211825993565085e+01,2.500975069426922204e+01,2.500782197065602830e+01,2.500625577184660742e+01,2.500498802584062119e+01,2.500396514242144974e+01,2.500314246608730784e+01,2.500248292539599859e+01,2.500195585954588040e+01
5.073528826079270004e+01,5.250205817673983688e+01,5.428847954001395948e+01,5.608693709707740993e+01,5.789016928996485234e+01,5.969133944203306186e+01,6.148404406804592526e+01,6.326225180153179650e+01,6.502017142510646863e+01,6.675205325781035981e+01,6.845193430680282631e+01,7.011334365212547937e+01,7.172898997326484505e+01,7.329045740635216077e+01,7.478793854326946189e+01,7.621003394365230577e+01,7.754364576414909038e+01,7.877398893384318512e+01,7.988473684483506077e+01,8.085831012116818783e+01,8.167630721674677829e+01,8.232006507856291933e+01,8.277132771186960269e+01,8.301299105757277630e+01,8.302988496203641944e+01,8.280954789414712991e+01,8.234294796649422210e+01,8.162510502782618005e+01,8.065557311796872852e+01,7.943875013655966200e+01,7.798399163303719206e+01,7.630551742096031376e+01,7.442211235058462648e+01,7.235663506992406724e+01,7.013536001958934207e+01,6.778718740170177171e+01,6.534276277983633463e+01,6.283355188046249395e+01,6.029091691411433374e+01,5.774523841832044013e+01,5.522512158724086362e+01,5.275671883460976375e+01,5.036319161266203537e+01,4.806432502304923560e+01,4.587629924648967972e+01,4.381161296004283656e+01,4.187914626088435455e+01,4.008434457683996044e+01,3.842950085002272687e+01,3.691411099405598861e+01,3.553527715679443588e+01,3.428813445218706590e+01,3.316627924932721072e+01,3.216218046427364641e+01,3.126755921710537933e+01,3.047372633789022700e+01,2.977187122060353630e+01,2.915329918572603773e+01,2.860961764385878325e+01,2.813287385019025066e+01,2.771564886586434184e+01,2.735111351658174073e+01,2.703305272382506885e+01,2.675586467178447947e+01,2.651454097069747817e+01,2.630463339571591064e+01,2.612221202431055644e+01,2.596381875648393844e+01,2.582641935560902269e+01,2.570735634990728258e+01,2.560430442358850200e+01,2.551522932427417700e+01,2.543835082762166522e+01,2.537210992862063108e+01,2.531514016201984418e+01,2.526624277742072522e+01,2.522436539131880551e+01,2.518858369216086501e+01,2.515808576982917089e+01,2.513215866435487911e+01,2.511017676897890283e+01,2.509159177127121865e+01,2.507592386656798311e+01,2.506275402620644144e+01,2.505171714632500368e+01,2.504249594004503621e+01,2.503481546630432675e+01,2.502843821275017788e+01,2.502315966858908780e+01,2.501880433698915240e+01,2.501522214645232012e+01,2.501228522738792037e+01,2.500988502470346120e+01,2.500792972023718974e+01,2.500634194081541750e+01,2.500505672902852083e+01,2.500401975477792860e+01,2.500318574645521963e+01,2.500251712140513760e+01,2.500198279617134389e+01
5.175098582558561588e+01,5.358781029977971144e+01,5.544359473497878810e+01,5.731022065074347438e+01,5.917996861597675462e+01,6.104560050064585397e+01,6.290037521458609149e+01,6.473799076747840786e+01,6.655245073971298098e+01,6.833785933978873572e+01,7.008815572909585967e+01,7.179680471701625777e+01,7.345646671000207562e+01,7.505867436925633740e+01,7.659354626686416623e+01,7.804956850085321207e+01,7.941347345521154466e+01,8.067024058115424623e+01,8.180323735808241281e+01,8.279450981910909491e+01,8.362522176022450537e+01,8.427623073223568895e+01,8.472877799638550300e+01,8.496525970899833169e+01,8.497003855194270727e+01,8.473024958915243587e+01,8.423655185573619519e+01,8.348377837330099283e+01,8.247144194250753912e+01,8.120406190455965145e+01,7.969128752493298862e+01,7.794780594600602797e+01,7.599303583563053621e+01,7.385062091214935265e+01,7.154774946238987354e+01,6.911433590938767679e+01,6.658210774093946327e+01,6.398364523230156209e+01,6.135142221413015307e+01,5.871689375422634782e+01,5.610967139530872316e+01,5.355681908310168637e+01,5.108229383427889303e+01,4.870654530756349487e+01,4.644627852647982991e+01,4.431437476301004352e+01,4.231995760930581696e+01,4.046858496170557373e+01,3.876254326193976851e+01,3.720121795141031384e+01,3.578151360165423966e+01,3.449829836149312712e+01,3.334484988811772155e+01,3.231328343034727624e+01,3.139494681742799997e+01,3.058077140543201367e+01,2.986157222174184867e+01,2.922829436752291343e+01,2.867220600427352650e+01,2.818504085485631805e+01,2.775909505301915914e+01,2.738728439850217100e+01,2.706316868286580046e+01,2.678094984007631751e+01,2.653545035772158300e+01,2.632207777522037162e+01,2.613678030390965290e+01,2.597599772638214688e+01,2.583661084714276512e+01,2.571589193241359084e+01,2.561145783358943362e+01,2.552122685916100409e+01,2.544337995232791982e+01,2.537632634345566274e+01,2.531867356770366939e+01,2.526920155356644671e+01,2.522684038054675426e+01,2.519065125633331803e+01,2.515981025948867966e+01,2.513359441863403276e+01,2.511136974181074066e+01,2.509258086105149843e+01,2.507674201058932795e+01,2.506342910808305291e+01,2.505227275401018971e+01,2.504295200360124696e+01,2.503518879798265573e+01,2.502874296684742816e+01,2.502340773467677693e+01,2.501900567718866242e+01,2.501538508524297555e+01,2.501241670080045765e+01,2.500999079452648388e+01,2.500801455793870431e+01,2.500640978517124680e+01,2.500511082089312609e+01,2.500406275198591644e+01,2.500321982147266198e+01,2.500254404403666442e+01,2.500200400335762652e+01
5.275256607887479277e+01,5.465833361084324338e+01,5.658218618429204838e+01,5.851548225440993178e+01,6.045002715995909170e+01,6.237816733596999086e+01,6.429281435105531273e+01,6.618739090841722827e+01,6.805569646781182769e+01,6.989169655052103280e+01,7.168924664932794144e+01,7.344176845269487330e+01,7.514190221962584815e+01,7.678116401065972241e+01,7.834963953668741965e+01,7.983574717786291330e+01,8.122610095212819203e+01,8.250549977848405092e+01,8.365706241367486484e+01,8.466251830819533097e+01,8.550265391581280028e+01,8.615790247094338383e+01,8.660905381505773448e+01,8.683805044975244414e+01,8.682882752565853934e+01,8.656814872444563491e+01,8.604638753491241232e+01,8.525820457876909586e+01,8.420307642118081048e+01,8.288563940958076159e+01,8.131582293785866966e+01,7.950875931058359924e+01,7.748447109910469521e+01,7.526735048086143820e+01,7.288545750130398915e+01,7.036967457711025986e+01,6.775276214834445909e+01,6.506836471822646217e+01,6.235001741015379650e+01,5.963020072866791566e+01,5.693948580360699907e+01,5.430580460891252415e+01,5.175387021261204268e+01,4.930476183948681523e+01,4.697567921785220335e+01,4.477986107040804598e+01,4.272665430252206420e+01,4.082171387985837896e+01,3.906730882617416967e+01,3.746270728172761721e+01,3.600461304568534615e+01,3.468762724733369396e+01,3.350471141712928613e+01,3.244763186934604704e+01,3.150736955723967370e+01,3.067448403348195995e+01,2.993942450591336524e+01,2.929278495199724475e+01,2.872550365286164364e+01,2.822901021631962948e+01,2.779532513729489551e+01,2.741711821465295174e+01,2.708773277371708943e+01,2.680118273361182446e+01,2.655212922474591153e+01,2.633584282474098970e+01,2.614815665485146567e+01,2.598541466332485328e+01,2.584441849871092600e+01,2.572237550613761314e+01,2.561684960452683057e+01,2.552571614628591945e+01,2.544712133196313175e+01,2.537944634800816601e+01,2.532127610539548357e+01,2.527137226480134657e+01,2.522865012235678250e+01,2.519215888059277475e+01,2.516106482515702325e+01,2.513463695446996127e+01,2.511223465456027881e+01,2.509329706542911609e+01,2.507733384152770029e+01,2.506391706260698271e+01,2.505267409945183132e+01,2.504328128040877388e+01,2.503545823875237630e+01,2.502896284810686112e+01,2.502358667406671699e+01,2.501915088577516855e+01,2.501550258251576153e+01,2.501251149830170206e+01,2.501006705286020448e+01,2.500807572102329246e+01,2.500645869493218498e+01,2.500514981508557000e+01,2.500409374744209501e+01,2.500324438475407973e+01,2.500256345121292156e+01,2.500201929041649862e+01
5.373597034627698577e+01,5.570926807726246466e+01,5.769958769439575264e+01,5.969774569584241419e+01,6.169505562820945954e+01,6.368343514876114142e+01,6.565543924291890221e+01,6.760421100645415038e+01,6.952334718086336807e+01,7.140668235372010031e+01,7.324800295165121611e+01,7.504070930864378397e+01,7.677745057059738087e+01,7.844976236999782770e+01,8.004774048938531905e+01,8.155978465172751157e+01,8.297244481479168599e+01,8.427039779837488709e+01,8.543657486929382117e+01,8.645245142798117399e+01,8.729849879298154747e+01,8.795478606845588843e+01,8.840170813820958529e+01,8.862080494204917613e+01,8.859562830259201860e+01,8.831260650063853745e+01,8.776185415216008323e+01,8.693787605251205264e+01,8.584011854250465490e+01,8.447333031235625356e+01,8.284770578888455361e+01,8.097879749631269419e+01,7.888719801889943994e+01,7.659800632455639402e+01,7.414010615669906201e+01,7.154529501117305301e+01,6.884731013368971730e+01,6.608080251206297362e+01,6.328031080465708413e+01,6.047928464961217543e+01,5.770920122035731481e+01,5.499881083699220596e+01,5.237353767096466584e+01,4.985505093003052934e+01,4.746101121796449718e+01,4.520498679134030340e+01,4.309652581426831830e+01,4.114136389933259608e+01,3.934174148501143975e+01,3.769680301045772808e+01,3.620304930721938774e+01,3.485481589096337984e+01,3.364475255844765655e+01,3.256428347079506125e+01,3.160403131205209348e+01,3.075419375150814716e+01,3.000486495913870399e+01,2.934629904598634198e+01,2.876911582600637729e+01,2.826445210530435759e+01,2.782406375671504506e+01,2.744038515410773371e+01,2.710655319243592132e+01,2.681640321011491679e+01,2.656444378104239235e+01,2.634581667966065410e+01,2.615624746222995967e+01,2.599199115473101784e+01,2.584977657718999211e+01,2.572675192938814348e+01,2.562043345697539465e+01,2.552865833451942024e+01,2.544954235209574733e+01,2.538144257184468344e+01,2.532292481931212080e+01,2.527273567507375418e+01,2.522977851647598513e+01,2.519309310844704797e+01,2.516183823866352753e+01,2.513527692056079132e+01,2.511276373511655180e+01,2.509373393918056294e+01,2.507769402717508100e+01,2.506421348936556015e+01,2.505291756061797415e+01,2.504348079711558483e+01,2.503562135447884529e+01,2.502909586941978759e+01,2.502369486921282515e+01,2.501923864984479451e+01,2.501557357575105200e+01,2.501256876254195305e+01,2.501011310996119263e+01,2.500811265624406232e+01,2.500648822766575208e+01,2.500517335885539083e+01,2.500411246074669691e+01,2.500325921408376928e+01,2.500257516736115804e+01,2.500202851904759882e+01
5.469709130113913176e+01,5.673620254322824508e+01,5.879108127984029153e+01,6.085198437392843829e+01,6.290971804975270487e+01,6.495575867649374402e+01,6.698229605030638822e+01,6.898218982190010706e+01,7.094883575358315397e+01,7.287594552952626259e+01,7.475725141413255415e+01,7.658615457727748321e+01,7.835534273708802289e+01,8.005640825259379767e+01,8.167950131865235619e+01,8.321305397252396574e+01,8.464360888265579774e+01,8.595578224007212498e+01,8.713238264421011081e+01,8.815469805892651323e+01,8.900295134382018603e+01,8.965691237507137146e+01,9.009664232941464945e+01,9.030333433950872291e+01,9.026020542497070664e+01,8.995338821403056784e+01,8.937276813137677323e+01,8.851271278847113422e+01,8.737264529754084208e+01,8.595742182800412934e+01,8.427748531019665279e+01,8.234878088382811256e+01,8.019243342747836323e+01,7.783420214986908547e+01,7.530374065657514393e+01,7.263370213434157563e+01,6.985873753648471052e+01,6.701443939743950295e+01,6.413628495046658884e+01,6.125862967889422350e+01,5.841379669142184383e+01,5.563129900154017804e+01,5.293722169707507419e+01,5.035377997590062193e+01,4.789905796430392115e+01,4.558692291559493981e+01,4.342710046200757290e+01,4.142538953807839164e+01,3.958399068484508376e+01,3.790191875873409799e+01,3.637547050362647383e+01,3.499871874786418857e+01,3.376400780188986772e+01,3.266242853754848596e+01,3.168425619042680808e+01,3.081933872717002387e+01,3.005742829781901548e+01,2.938845255898898046e+01,2.880272630068099105e+01,2.829110671585236148e+01,2.784509777395202335e+01,2.745691051999557430e+01,2.711948679271480245e+01,2.682649394631600970e+01,2.657229779600486808e+01,2.635192031736971074e+01,2.616098773655144072e+01,2.599567365939366681e+01,2.585264089115511510e+01,2.572898465983205440e+01,2.562217912031959344e+01,2.553002830897563413e+01,2.545062214805701117e+01,2.538229766403675214e+01,2.532360527138235540e+01,2.527327976708543034e+01,2.523021556174526481e+01,2.519344562075075089e+01,2.516212358584293085e+01,2.513550857715678788e+01,2.511295222562362284e+01,2.509388754515585518e+01,2.507781931586201196e+01,2.506431570857579416e+01,2.505300093412880358e+01,2.504354874648606000e+01,2.503567666664887525e+01,2.502914082442082488e+01,2.502373133849912534e+01,2.501926817289754013e+01,2.501559742049904145e+01,2.501258797360445030e+01,2.501012854760844206e+01,2.500812502817703020e+01,2.500649811515265952e+01,2.500518123836365803e+01,2.500411872192699647e+01,2.500326417476300023e+01,2.500257908605814094e+01,2.500203160542162095e+01
5.563179137968532473e+01,5.773469488179335940e+01,5.985191919668116611e+01,6.197314537103358845e+01,6.408865805854543396e+01,6.618948086933997388e+01,6.826743059371143829e+01,7.031508015476447326e+01,7.232562643453300666e+01,7.429266647075482410e+01,7.620989344537011334e+01,7.807073177759943405e+01,7.986793782110243001e+01,8.159319845839357299e+01,8.323676364681634254e+01,8.478715017322691949e+01,8.623095216872179947e+01,8.755278919561814632e+01,8.873541508035494019e+01,8.976000053035623694e+01,9.060659059486008005e+01,9.125472507357001462e+01,9.168419704987027785e+01,9.187591289164063824e+01,9.181280734761072893e+01,9.148076065900910692e+01,9.086946156781679917e+01,8.997316110187516358e+01,8.879126708323258299e+01,8.732873812111039058e+01,8.559624777217695168e+01,8.361010366784572057e+01,8.139192162522563478e+01,7.896806989485648387e+01,7.636891259779719121e+01,7.362789303800508378e+01,7.078050613107876643e+01,6.786321413748130738e+01,6.491236101552021864e+01,6.196313812655066044e+01,5.904864813631305509e+01,5.619910540678169752e+01,5.344120077456963713e+01,5.079764726086080628e+01,4.828691184916134205e+01,4.592312781783002151e+01,4.371617290045134041e+01,4.167189126063775007e+01,3.979243219521953279e+01,3.807667570182043448e+01,3.652071445762472734e+01,3.511836309662513145e+01,3.386166857345970271e+01,3.274139943034085576e+01,3.174749648894287191e+01,3.086947244304769455e+01,3.009675265561723734e+01,2.941895386629347442e+01,2.882610127877284256e+01,2.830878749614502965e+01,2.785827896102003010e+01,2.746657695934128185e+01,2.712644093790289901e+01,2.683138197675063452e+01,2.657563387859254078e+01,2.635410862206603611e+01,2.616234200086647377e+01,2.599643424743866049e+01,2.585298940877358476e+01,2.572905627098082348e+01,2.562207276483546536e+01,2.552981505269904616e+01,2.545035190779892531e+01,2.538200454676386286e+01,2.532331175354300612e+01,2.527299991990094341e+01,2.522995750457392461e+01,2.519321335964214725e+01,2.516191836985217734e+01,2.513532988204099183e+01,2.511279845389670129e+01,2.509375651347235703e+01,2.507770858540957448e+01,2.506422280146903958e+01,2.505292346848930407e+01,2.504348451467649284e+01,2.503562367469633543e+01,2.502909730571123248e+01,2.502369575107250554e+01,2.501923918687562320e+01,2.501557390012171211e+01,2.501256895686591264e+01,2.501011322542700199e+01,2.500811272429319487e+01,2.500648826744291142e+01,2.500517338191685468e+01,2.500411247400786152e+01,2.500325922164718406e+01,2.500257517163970178e+01,2.500202852144817456e+01
5.653592201325849942e+01,5.870029302058073029e+01,6.087734688221529922e+01,6.305617443671106770e+01,6.522652606129187802e+01,6.737896239277816335e+01,6.950492035238364963e+01,7.159668350919409363e+01,7.364725235417967042e+01,7.565011771642933525e+01,7.759894882548327644e+01,7.948721578045295644e+01,8.130777372722481289e+01,8.305244215252292861e+01,8.471161671052328757e+01,8.627395235432362597e+01,8.772615488278802331e+01,8.905291319911881942e+01,9.023699674525165904e+01,9.125953213884118043e+01,9.210046067240658374e+01,9.273916493041298281e+01,9.315523938189848252e+01,9.332936751632223604e+01,9.324425797168923680e+01,9.288558507909307593e+01,9.224287600646685803e+01,9.131028761157296003e+01,9.008722124595442438e+01,8.857873276349883440e+01,8.679570721964978475e+01,8.475478226266363890e+01,8.247801988689576547e+01,7.999234182192070364e+01,7.732875817579127897e+01,7.452143097228571378e+01,7.160662308008514287e+01,6.862158817686194823e+01,6.560345860165705290e+01,6.258818533502773818e+01,5.960957832248125499e+01,5.669848658538734298e+01,5.388214688078116410e+01,5.118371800013277095e+01,4.862200605975463219e+01,4.621137517435700204e+01,4.396182841777883255e+01,4.187923646901510466e+01,3.996568611345558963e+01,3.821991790298035596e+01,3.663782166595636625e+01,3.521295993299081317e+01,3.393709232650969909e+01,3.280067810633110525e+01,3.179333890534901386e+01,3.090426878796267118e+01,3.012258373301284209e+01,2.943760717414767569e+01,2.883909210385956001e+01,2.831738333311923839e+01,2.786352575005011545e+01,2.746932586234588669e+01,2.712737461711461506e+01,2.683103958288204183e+01,2.657443418528830392e+01,2.635237094863039076e+01,2.616030474035912334e+01,2.599427095941998900e+01,2.585082254529965340e+01,2.572696868301972373e+01,2.562011718761801760e+01,2.552802179693393825e+01,2.544873499376073056e+01,2.538056651447140766e+01,2.532204736866429684e+01,2.527189897516779382e+01,2.522900689324503887e+01,2.519239857315188402e+01,2.516122454785541152e+01,2.513474252071604909e+01,2.511230385826411649e+01,2.509334206195036643e+01,2.507736285992647396e+01,2.506393562408102227e+01,2.505268587539325509e+01,2.504328869048449135e+01,2.503546286355494388e+01,2.502896571101245726e+01,2.502358843184419257e+01,2.501915195621825916e+01,2.501550322907138124e+01,2.501251188564018335e+01,2.501006728301375048e+01,2.500807585666299460e+01,2.500645877421845498e+01,2.500514986105308424e+01,2.500409377387505216e+01,2.500324439982994562e+01,2.500256345974117522e+01,2.500201929520147459e+01
5.740534380246489832e+01,5.962855696350001722e+01,6.186262691728839513e+01,6.409604198880455783e+01,6.631800738205893708e+01,6.851861202799375405e+01,7.068890724092108258e+01,7.282088537470212941e+01,7.490735344629763404e+01,7.694170465403820458e+01,7.891759933196883026e+01,8.082857549853487455e+01,8.266761704974511815e+01,8.442671406840476322e+01,8.609645397729818228e+01,8.766568378189438704e+01,8.912128204155108335e+01,9.044807433375562766e+01,9.162891796780107256e+01,9.264497098526312868e+01,9.347614774925769154e+01,9.410174959352943347e+01,9.450124515172429085e+01,9.465516225598192079e+01,9.454604278184305599e+01,9.415940447874196195e+01,9.348465037823618218e+01,9.251586721782663858e+01,9.125245949899952791e+01,8.969957498478301261e+01,8.786828995904980388e+01,8.577553745442573074e+01,8.344377774633169054e+01,8.090042645379756436e+01,7.817707035275387284e+01,7.530851339793821353e+01,7.233170459776897587e+01,6.928460472390435143e+01,6.620505013246970805e+01,6.312966933745035902e+01,6.009290183178157463e+01,5.712615967754855006e+01,5.425716144142626263e+01,5.150945608309358903e+01,4.890214236099124889e+01,4.644977806764389072e+01,4.416246366340510576e+01,4.204607716586837540e+01,4.010263177768725029e+01,3.833072478573822650e+01,3.672604562908009740e+01,3.528191243914258024e+01,3.398980941307526393e+01,3.283990163279293029e+01,3.182150891135642823e+01,3.092352548160184966e+01,3.013477744279403225e+01,2.944431453241496399e+01,2.884163676600408621e+01,2.831685965480222222e+01,2.786082402093105870e+01,2.746515790748895824e+01,2.712229880635466728e+01,2.682548451715557292e+01,2.656872054414567330e+01,2.634673117553647614e+01,2.615490040626856327e+01,2.598920777796417525e+01,2.584616311481733320e+01,2.572274310361795813e+01,2.561633174879100849e+01,2.552466595705794816e+01,2.544578688134723521e+01,2.537799717661141230e+01,2.531982397847831834e+01,2.526998719060457432e+01,2.522737253696178428e+01,2.519100877956577023e+01,2.516004850031810136e+01,2.513375188016967954e+01,2.511147296531656536e+01,2.509264797736253172e+01,2.507678529409872681e+01,2.506345679415702676e+01,2.505229031886032942e+01,2.504296305637715392e+01,2.503519569627873764e+01,2.502874723711984117e+01,2.502341035655414814e+01,2.501900727384700218e+01,2.501538604963639756e+01,2.501241727854909769e+01,2.500999113782023997e+01,2.500801476025693404e+01,2.500640990343349301e+01,2.500511088945759042e+01,2.500406279141292387e+01,2.500321984395959518e+01,2.500254405675728364e+01,2.500200401049482224e+01
5.823594775762327913e+01,6.051508193006608138e+01,6.280306412680521078e+01,6.508777023796332628e+01,6.735785147595274225e+01,6.960291804396348425e+01,7.181363121452916687e+01,7.398169114579195593e+01,7.609971476973038307e+01,7.816100633700548883e+01,8.015923215038121441e+01,8.208801998865212113e+01,8.394051196144911842e+01,8.570890626919806721e+01,8.738402785046936572e+01,8.895496958437846047e+01,9.040884417544599216e+01,9.173068192912373320e+01,9.290350146145027566e+01,9.390856940764983563e+01,9.472585211446930487e+01,9.533464806640198219e+01,9.571437551420810053e+01,9.584547661943130947e+01,9.571038853537881153e+01,9.529452420025374693e+01,9.458720196345183240e+01,9.358246392055716001e+01,9.227972804527466621e+01,9.068422854421130808e+01,8.880721163313464217e+01,8.666586915538707103e+01,8.428300894320622660e+01,8.168647727393647529e+01,7.890836393130409476e+01,7.598403311943054916e+01,7.295103290082803937e+01,6.984794135243618030e+01,6.671320901508897805e+01,6.358405456155685442e+01,6.049546435778665909e+01,5.747933743562506947e+01,5.456380621148275623e+01,5.177275104535411288e+01,4.912551441031113342e+01,4.663680892241639242e+01,4.431680350131803436e+01,4.217136402966061581e+01,4.020241936896560730e+01,3.840842056162904328e+01,3.678486039098481797e+01,3.532482190510741304e+01,3.401952763612801078e+01,3.285886559693595643e+01,3.183187322302698163e+01,3.092716578446304254e+01,3.013330101501691516e+01,2.943907646754867358e+01,2.883376017481923270e+01,2.830725843644635020e+01,2.785022691640855896e+01,2.745413274647559021e+01,2.711127607123858496e+01,2.681477956042322575e+01,2.655855399467581179e+01,2.633724724743795420e+01,2.614618297535610481e+01,2.598129421350941826e+01,2.583905594793700544e+01,2.571641968046411719e+01,2.561075205969954638e+01,2.551977885578342864e+01,2.544153491549508672e+01,2.537432024529901398e+01,2.531666201969647645e+01,2.526728208179912372e+01,2.522506937054074427e+01,2.518905665232252744e+01,2.515840093357810048e+01,2.513236696678602655e+01,2.511031332104266056e+01,2.509168055789931984e+01,2.507598112530786949e+01,2.506279065145182017e+01,2.505174038243781354e+01,2.504251056148893539e+01,2.503482459188707310e+01,2.502844386178492897e+01,2.502316313700313799e+01,2.501880644916688823e+01,2.501522342222300210e+01,2.501228599167625077e+01,2.500988547883757107e+01,2.500792998787850863e+01,2.500634209726132084e+01,2.500505681973057293e+01,2.500401980693483139e+01,2.500318577620256022e+01,2.500251713823288569e+01,2.500198280561293984e+01
5.902367771780527761e+01,6.135552272099498339e+01,6.369403192086698340e+01,6.602646152868280183e+01,6.834090229216941736e+01,7.062648060482067081e+01,7.287346474551608821e+01,7.507326269684628528e+01,7.721830521670194969e+01,7.930181636769270881e+01,8.131748297896439226e+01,8.325904382884662880e+01,8.511982791502836676e+01,8.689227822198142803e+01,8.856750215595188536e+01,9.013489167683707137e+01,9.158185469340807572e+01,9.289369434047688401e+01,9.405366445586429336e+01,9.504321836080113428e+01,9.584245464877436405e+01,9.643074907568203002e+01,9.678754695578813028e+01,9.689327691034240786e+01,9.673033555627002045e+01,9.628408477813248112e+01,9.554379936367779180e+01,9.450350343731993519e+01,9.316263935281850195e+01,9.152652217002973600e+01,8.960654583827277975e+01,8.742012273388633048e+01,8.499035503345547227e+01,8.234545322940066114e+01,7.951793261567677007e+01,7.654363163164958905e+01,7.346060563449674419e+01,7.030795537066558154e+01,6.712465088504546884e+01,6.394840895159826033e+01,6.081467576946808151e+01,5.775575735208390427e+01,5.480012864018813445e+01,5.197193988552504607e+01,4.929072627382876703e+01,4.677131499251319724e+01,4.442391375376379159e+01,4.225435670767214447e+01,4.026447804489057347e+01,3.845258048796607397e+01,3.681396519138949941e+01,3.534149102820651223e+01,3.402613442851992431e+01,3.285752537404100337e+01,3.182444034426733737e+01,3.091523847924369406e+01,3.011823255581358083e+01,2.942199123652497761e+01,2.881557320602220784e+01,2.828869711888481930e+01,2.783185369514947638e+01,2.743636784073886759e+01,2.709441942354248312e+01,2.679903142498394075e+01,2.654403375546088739e+01,2.632401021870340330e+01,2.613423507540840163e+01,2.597060451375681467e+01,2.582956718415037756e+01,2.570805687331981204e+01,2.560342942999623617e+01,2.551340523970404561e+01,2.543601789063180973e+01,2.536956917248442167e+01,2.531259019227993434e+01,2.526380815571387828e+01,2.522211822764879585e+01,2.518655982790433967e+01,2.515629671776997967e+01,2.513060027014952524e+01,2.510883537681414879e+01,2.509044851807191279e+01,2.507495759459343176e+01,2.506194319226586842e+01,2.505104101516182169e+01,2.504193527716110168e+01,2.503435288890334576e+01,2.502805831390988800e+01,2.502284899676511998e+01,2.501855128833727804e+01,2.501501680937901639e+01,2.501211920566974456e+01,2.500975125621685180e+01,2.500782230183655130e+01,2.500625596543340734e+01,2.500498813807569221e+01,2.500396520696059355e+01,2.500314250289676821e+01,2.500248294621870926e+01,2.500195587122894025e+01
5.976455403645160658e+01,6.214561939314103967e+01,6.453099995263764299e+01,6.690732796363982970e+01,6.926212984114391702e+01,7.158404525211372516e+01,7.386294819210621654e+01,7.608995561108190486e+01,7.825731658015831727e+01,8.035818378781345928e+01,8.238627873408368885e+01,8.433547163771592636e+01,8.619930598048733827e+01,8.797050495987861041e+01,8.964050213402555300e+01,9.119904058041518624e+01,9.263388351511848384e+01,9.393067435941516408e+01,9.507297582568509142e+01,9.604250617050166738e+01,9.681957707399239155e+01,9.738372264377355236e+01,9.771449397397647374e+01,9.779237975263343685e+01,9.759980180228022562e+01,9.712212620451515477e+01,9.634862658873105090e+01,9.527333670987093228e+01,9.389573466313065353e+01,9.222121064681707026e+01,9.026128337452230710e+01,8.803354602900010661e+01,8.556133979960492297e+01,8.287317020743708440e+01,8.000189727335845191e+01,7.698374394062579995e+01,7.385717708643522883e+01,7.066172132496406277e+01,6.743676735964888280e+01,6.422043399211868575e+01,6.104853648343443240e+01,5.795370450995231693e+01,5.496468137427613954e+01,5.210582343278045414e+01,4.939680589836649460e+01,4.685252919761349233e+01,4.448320967467115850e+01,4.229463020213169955e+01,4.028852051147245561e+01,3.846303388943920254e+01,3.681328618710969636e+01,3.533192456640885126e+01,3.400969665000154407e+01,3.283599525759566973e+01,3.179935919657299692e+01,3.088791614380371442e+01,3.008975908506102570e+01,2.939325272986705428e+01,2.878727055129489187e+01,2.826136646945893816e+01,2.780588765276666052e+01,2.741203647847151714e+01,2.707189045905750646e+01,2.677838902889830663e+01,2.652529564314652077e+01,2.630714281945882149e+01,2.611916669623560594e+01,2.595723651424286871e+01,2.581778325429732135e+01,2.569773055921158544e+01,2.559443008554732302e+01,2.550560259956772668e+01,2.542928546301395087e+01,2.536378664437929231e+01,2.530764502649580550e+01,2.525959654155746037e+01,2.521854552739101862e+01,2.518354064078774712e+01,2.515375466353062706e+01,2.512846757561947086e+01,2.510705233262855529e+01,2.508896285805972326e+01,2.507372383812720074e+01,2.506092197959850409e+01,2.505019845741748696e+01,2.504124233596007443e+01,2.503378479535580325e+01,2.502759403268223437e+01,2.502247073789167686e+01,2.501824406722815652e+01,2.501476805389598823e+01,2.501191840806560762e+01,2.500958966704396147e+01,2.500769266253249512e+01,2.500615227611105595e+01,2.500490545702113465e+01,2.500389947842997884e+01,2.500309040996554799e+01,2.500244178564765818e+01,2.500192344754983864e+01
6.045469858515686212e+01,6.288122428862698854e+01,6.530956312968596933e+01,6.772572233838570810e+01,7.011666298134397834e+01,7.247053746388651518e+01,7.477682604549669065e+01,7.702635703081909924e+01,7.921120292576389943e+01,8.132445389707339700e+01,8.335987974908178444e+01,8.531150159686538359e+01,8.717310364427868308e+01,8.893772311922074891e+01,9.059716168135496162e+01,9.214156383754537671e+01,9.355910662421973711e+01,9.483583986074089012e+01,9.595570777142415864e+01,9.690077116766802590e+01,9.765163543305973803e+01,9.818807427634367002e+01,9.848982379983068824e+01,9.853750713986576670e+01,9.831363799823513716e+01,9.780364287076616847e+01,9.699683750304625107e+01,9.588729353008778844e+01,9.447453645768403874e+01,9.276402577896655544e+01,9.076738136764176090e+01,8.850233630789267636e+01,8.599241374531116833e+01,8.326634280311617431e+01,8.035724475357021390e+01,7.730163425864097348e+01,7.413829063661813734e+01,7.090706013739119840e+01,6.764765185097606093e+01,6.439848723750839099e+01,6.119565680092102156e+01,5.807202786284670282e+01,5.505653565512180592e+01,5.217367706655539905e+01,4.944321338290339440e+01,4.688007619167659357e+01,4.449446006885706595e+01,4.229207729548838302e+01,4.027454400501822107e+01,3.843986393702560633e+01,3.678297525388055789e+01,3.529632737108634899e+01,3.397045803874050307e+01,3.279454549586574075e+01,3.175691588491591943e+01,3.084549176887373534e+01,3.004817310753721316e+01,2.935314707835820514e+01,2.874912742484454142e+01,2.822552743681346499e+01,2.777257315935147375e+01,2.738136501754321372e+01,2.704389681864928363e+01,2.675304117990040353e+01,2.650250997755122384e+01,2.628679757537219430e+01,2.610111351404233559e+01,2.594131015474730262e+01,2.580380957491730598e+01,2.568553288983157401e+01,2.558383417377225655e+01,2.549644030867578337e+01,2.542139740786592839e+01,2.535702394380437141e+01,2.530187033787987616e+01,2.525468452678922660e+01,2.521438288083750834e+01,2.518002579102159189e+01,2.515079724217278567e+01,2.512598772960703997e+01,2.510497994089633167e+01,2.508723670024128438e+01,2.507229075147349917e+01,2.505973603080055412e+01,2.504922014825118737e+01,2.504043785545189849e+01,2.503312532628775600e+01,2.502705511650558634e+01,2.502203169930575655e+01,2.501788749762811292e+01,2.501447935144826573e+01,2.501168537120202728e+01,2.500940213756642905e+01,2.500754221420147516e+01,2.500603194448074973e+01,2.500480950632568877e+01,2.500382320147335236e+01,2.500302995718802634e+01,2.500239401980766019e+01,2.500188582075032784e+01
6.109036107941327032e+01,6.355833041293234231e+01,6.602547196391947182e+01,6.847717036113837707e+01,7.089982338922061444e+01,7.328109824183026433e+01,7.561008399290363968e+01,7.787732405183827211e+01,8.007472017463612701e+01,8.219530888747507902e+01,8.423292133317995933e+01,8.618174781995271871e+01,8.803583788800636967e+01,8.978857464148401846e+01,9.143216760248125752e+01,9.295721074940523465e+01,9.435235123440629934e+01,9.560410934134678484e+01,9.669688167145575619e+01,9.761314778434540074e+01,9.833388634618474100e+01,9.883919127535925497e+01,9.910906264151337552e+01,9.912433245760695399e+01,9.886767325945015727e+01,9.832462858931674532e+01,9.748460002125078461e+01,9.634172566716554797e+01,9.489559026324653246e+01,9.315171661649368673e+01,9.112180166160050021e+01,8.882367658344692529e+01,8.628098811694158599e+01,8.352261585173454250e+01,8.058185677206222408e+01,7.749542212299573407e+01,7.430230203540583034e+01,7.104255951415240133e+01,6.775611712177067147e+01,6.448159707686232878e+01,6.125526898450002733e+01,5.811014976336043958e+01,5.507528847005056605e+01,5.217525568717321249e+01,4.942984398338233376e+01,4.685397362847500347e+01,4.445778704993490038e+01,4.224690703132878866e+01,4.022282772021973329e+01,3.838340423630187814e+01,3.672340593310052981e+01,3.523509987275809863e+01,3.390883439712834502e+01,3.273359731831921238e+01,3.169752868461339546e+01,3.078837380491759745e+01,2.999386780004015307e+01,2.930204804280364073e+01,2.870149520201924886e+01,2.818150707027999857e+01,2.773221187919715902e+01,2.734462941473897502e+01,2.701068902765721447e+01,2.672321371881469787e+01,2.647587901774592467e+01,2.626315452122292982e+01,2.608023486469921082e+01,2.592296569287606189e+01,2.578776898198141154e+01,2.567157092514753813e+01,2.557173457726521448e+01,2.548599859743574214e+01,2.541242273683989339e+01,2.534934019376452952e+01,2.529531658146787265e+01,2.524911500792156005e+01,2.520966662567945704e+01,2.517604595134782386e+01,2.514745025514557852e+01,2.512318236243412883e+01,2.510263627485015192e+01,2.508528509630486880e+01,2.507067082945532732e+01,2.505839568505985682e+01,2.504811461605978806e+01,2.503952884831580405e+01,2.503238023007466850e+01,2.502644626278690154e+01,2.502153570774858338e+01,2.501748468740566622e+01,2.501415321833712824e+01,2.501142212618290728e+01,2.500919030224144990e+01,2.500737226810332103e+01,2.500589601931000772e+01,2.500470112225855956e+01,2.500373704088957538e+01,2.500296167144503201e+01,2.500234006500501494e+01,2.500184331876891974e+01
6.166794667216116466e+01,6.417310109607745972e+01,6.667466418269269468e+01,6.915740406889764813e+01,7.160716061235686425e+01,7.401112061548052168e+01,7.635798667449884647e+01,7.863802252847879970e+01,8.084296575185328493e+01,8.296580813609668326e+01,8.500045452016617276e+01,8.694128138392446203e+01,8.878262634689161814e+01,9.051824792338112502e+01,9.214080063587245206e+01,9.364137318096813090e+01,9.500913629265846794e+01,9.623114205324989712e+01,9.729230778434774152e+01,9.817560576765828273e+01,9.886246567641143201e+01,9.933338078907178215e+01,9.956869304015704358e+01,9.954951705215196966e+01,9.925875076397231567e+01,9.868211124342846574e+01,9.780912959399084627e+01,9.663403903529881234e+01,9.515649533854976028e+01,9.338207849435842434e+01,9.132253804676970788e+01,8.899576087652039291e+01,8.642545806054380364e+01,8.364058536270059108e+01,8.067452853104592236e+01,7.756409864238202090e+01,7.434839325107475361e+01,7.106758540496565502e+01,6.776170440343977930e+01,6.446946959222609053e+01,6.122723197039834986e+01,5.806806867171226116e+01,5.502106342334155897e+01,5.211079293368598542e+01,4.935702587467554281e+01,4.677462867205436226e+01,4.437366150518743524e+01,4.215963933600930602e+01,4.013392678279004144e+01,3.829423233341469768e+01,3.663516663853830124e+01,3.514883113881514021e+01,3.382540663230137312e+01,3.265371607159180911e+01,3.162174136630554244e+01,3.071707975123102941e+01,2.992733092234551506e+01,2.924041128864919870e+01,2.864479608512787578e+01,2.812969359198593011e+01,2.768515825368814731e+01,2.730215111515047255e+01,2.697255678047876870e+01,2.668916618260027107e+01,2.644563398284592637e+01,2.623641855601744055e+01,2.605671140812889419e+01,2.590236165193776685e+01,2.576979993648256695e+01,2.565596507150682370e+01,2.555823556022188114e+01,2.547436738523936128e+01,2.540243869399962051e+01,2.534080149784018587e+01,2.528804011859497081e+01,2.524293586742440354e+01,2.520443729858858006e+01,2.517163532194538789e+01,2.514374245957808185e+01,2.512007557447081751e+01,2.510004146633591304e+01,2.508312480890248963e+01,2.506887798491640140e+01,2.505691245344209861e+01,2.504689135490234264e+01,2.503852312064322660e+01,2.503155590506162653e+01,2.502577269981692254e+01,2.502098702228727589e+01,2.501703909544210802e+01,2.501379245500238113e+01,2.501113093342552318e+01,2.500895598003535270e+01,2.500718428350865707e+01,2.500574566773979868e+01,2.500458123547314671e+01,2.500364173650618937e+01,2.500288613907910928e+01,2.500228038452779700e+01,2.500179630655273755e+01
6.218404469473463791e+01,6.472190080179113636e+01,6.725329745224190958e+01,6.976239627843695246e+01,7.223448803302889587e+01,7.465628688063736718e+01,7.701611594266459804e+01,7.930396609035288691e+01,8.151141809508945357e+01,8.363142794500748778e+01,8.565798579041585015e+01,8.758566980117478806e+01,8.940912632193598597e+01,9.112251618401090525e+01,9.271897301795391400e+01,9.419012219098271999e+01,9.552570807018970811e+01,9.671337247391942071e+01,9.773861853671836286e+01,9.858498223863114163e+01,9.923441932324219295e+01,9.966789930974464085e+01,9.986618204184782144e+01,9.981073704381944367e+01,9.948475316815860481e+01,9.887417675811532547e+01,9.796871167881367626e+01,9.676271460146801928e+01,9.525592395024628445e+01,9.345397060524513222e+01,9.136863205943487287e+01,8.901780817775522792e+01,8.642521469175881066e+01,8.361980865804258656e+01,8.063497690546492436e+01,7.750753273202241189e+01,7.427657677918799095e+01,7.098228443751754924e+01,6.766468403202816262e+01,6.436248749704469674e+01,6.111202873279128056e+01,5.794635508864713103e+01,5.489450539614443159e+01,5.198099474061466196e+01,4.922551278083383153e+01,4.664282987949933101e+01,4.424289440779259053e+01,4.203109593119386744e+01,4.000866292355028264e+01,3.817316029942736577e+01,3.651905128488050423e+01,3.503828966389511379e+01,3.372091180878155114e+01,3.255560261740546224e+01,3.153021500505189678e+01,3.063222842579386551e+01,2.984913758223063951e+01,2.916876766686896616e+01,2.857951690877541751e+01,2.807053072482273848e+01,2.763181434141197812e+01,2.725429238694455591e+01,2.692982474708856344e+01,2.665118805574048011e+01,2.641203171870505173e+01,2.620681649385281986e+01,2.603074253158042950e+01,2.587967254502171244e+01,2.575005453847983716e+01,2.563884735605216036e+01,2.554345127521932213e+01,2.546164499342062726e+01,2.539152965073248325e+01,2.533147999485492718e+01,2.528010241114899870e+01,2.523619928937739587e+01,2.519873905598490538e+01,2.516683114182846381e+01,2.513970515749963042e+01,2.511669359191535733e+01,2.509721741830131947e+01,2.508077407227335698e+01,2.506692735005278294e+01,2.505529885452638084e+01,2.504556068894118681e+01,2.503742916048339495e+01,2.503065930821064100e+01,2.502504011212424828e+01,2.502039027350763334e+01,2.501655448224916967e+01,2.501340010604089770e+01,2.501081425038904271e+01,2.500870114845471548e+01,2.500697984686538078e+01,2.500558215862169931e+01,2.500445085772047804e+01,2.500353809261720173e+01,2.500280399752358917e+01,2.500221548203172617e+01,2.500174518084731901e+01
6.263545835254272021e+01,6.520132687412618111e+01,6.775778298680818068e+01,7.028839583152523574e+01,7.277791948986681803e+01,7.521260631054759926e+01,7.758040935555422379e+01,7.987105509869802233e+01,8.207597574992658451e+01,8.418810045569857436e+01,8.620151549649574463e+01,8.811101466747662414e+01,8.991157138660514647e+01,9.159777279686704787e+01,9.316326234054042743e+01,9.460024025023386685e+01,9.589907061242710995e+01,9.704803889301129516e+01,9.803329518322807701e+01,9.883900638965360486e+01,9.944772594498394369e+01,9.984097342654639817e+01,1.000000000000000000e+02,9.990670020630574300e+01,9.954461759496008710e+01,9.889998223047678039e+01,9.796271304455088114e+01,9.672731789354315879e+01,9.519362911193034904e+01,9.336732199505651408e+01,9.126017725932912583e+01,8.889006503498225698e+01,8.628064602579561893e+01,8.346080368521353421e+01,8.046383818897018614e+01,7.732646735535337257e+01,7.408769045625172112e+01,7.078757739389141079e+01,6.746604769275801061e+01,6.416170126789614869e+01,6.091075643399478423e+01,5.774614086531229162e+01,5.469676916447298254e+01,5.178702741659011366e+01,4.903647166770389987e+01,4.645973465834360638e+01,4.406662418417614902e+01,4.186238774777312699e+01,3.984811206456404165e+01,3.802122260138137477e+01,3.637604754207355739e+01,3.490441209062317540e+01,3.359623240315904980e+01,3.244008317330886371e+01,3.142371844440082640e+01,3.053453107603240113e+01,2.975994200360394260e+01,2.908771563885824918e+01,2.850620221116957254e+01,2.800451139164715997e+01,2.757262412012923392e+01,2.720145119586557314e+01,2.688284798611717363e+01,2.660959468548056961e+01,2.637535107753949148e+01,2.617459386974836377e+01,2.600254354387297084e+01,2.585508642087833309e+01,2.572869638935387826e+01,2.562035957196906466e+01,2.552750416020235136e+01,2.544793676501192081e+01,2.537978592166254899e+01,2.532145284669477547e+01,2.527156915936105008e+01,2.522896102752687497e+01,2.519261905477006280e+01,2.516167316664640907e+01,2.513537175693067383e+01,2.511306439908200971e+01,2.509418749771589674e+01,2.507825233661045061e+01,2.506483506427560926e+01,2.505356823891286311e+01,2.504413362771522955e+01,2.503625601885774188e+01,2.502969785757912291e+01,2.502425456079140176e+01,2.501975039860454331e+01,2.501603485725607001e+01,2.501297941752916998e+01,2.501047469712738192e+01,2.500842791582699220e+01,2.500676064956092404e+01,2.500540684473203257e+01,2.500431106766721356e+01,2.500342696670908182e+01,2.500271592636751095e+01,2.500214589448026459e+01,2.500169036463534056e+01
6.301923510733406175e+01,6.560824193227185219e+01,6.818481973566687770e+01,7.073196331109400603e+01,7.323390622224093249e+01,7.567645299609215215e+01,7.804719855671571338e+01,8.033561519361569481e+01,8.253299570651348915e+01,8.463225139990248636e+01,8.662757466495284575e+01,8.851398717218698664e+01,9.028680529118732068e+01,9.194106330878679501e+01,9.347094144445050290e+01,9.486924881283886180e+01,9.612701083554068759e+01,9.723320592614142299e+01,9.817468767243477146e+01,9.893631667709858846e+01,9.950131148858243080e+01,9.985181173398075316e+01,9.996962992940582637e+01,9.983715285363767578e+01,9.943834015614021382e+01,9.875975819992407878e+01,9.779158190865628342e+01,9.652849712700546547e+01,9.497044082337770021e+01,9.312312603724018345e+01,9.099831206043040766e+01,8.861379686073662754e+01,8.599312688133790061e+01,8.316503763736028532e+01,8.016265555181280433e+01,7.702250594302316244e+01,7.378338296622152370e+01,7.048514393426371782e+01,6.716749249380410447e+01,6.386881270391054954e+01,6.062510960678774552e+01,5.746910214605070166e+01,5.442950223864582426e+01,5.153050051330718162e+01,4.879146576893212739e+01,4.622685256983503166e+01,4.384630040555872199e+01,4.165489910588584621e+01,3.965358907566761815e+01,3.783966151024402080e+01,3.620732295589068883e+01,3.474829009011013881e+01,3.345238397813810849e+01,3.230809780073102644e+01,3.130311760658932840e+01,3.042478150805602155e+01,2.966046846167050433e+01,2.899791299578565074e+01,2.842544670869943602e+01,2.793217091032715160e+01,2.750806736310016021e+01,2.714405572051758142e+01,2.683200705480346926e+01,2.656472294125192235e+01,2.633588908162009545e+01,2.614001156315837804e+01,2.597234271565881869e+01,2.582880227972475140e+01,2.570589834417168618e+01,2.560065133090137479e+01,2.551052325707005508e+01,2.543335361832144059e+01,2.536730252474166392e+01,2.531080117908708971e+01,2.526250940000374356e+01,2.522127964006710599e+01,2.518612680513981417e+01,2.515620312309936679e+01,2.513077731342832521e+01,2.510921735438809321e+01,2.509097621492769647e+01,2.507558000116912567e+01,2.506261805275323340e+01,2.505173460603415592e+01,2.504262171507550505e+01,2.503501318556971000e+01,2.502867933053641991e+01,2.502342240029087606e+01,2.501907257363911796e+01,2.501548442379660742e+01,2.501253379248437980e+01,2.501011502033989942e+01,2.500813849237253805e+01,2.500652846471506052e+01,2.500522114421068665e+01,2.500416299609548076e+01,2.500330925769538482e+01,2.500262263803112006e+01,2.500207218477708437e+01,2.500163230133296821e+01
6.333269740221009414e+01,6.593980654551842235e+01,6.853142875912827492e+01,7.109000682244052882e+01,7.359927371892473502e+01,7.604460338883853865e+01,7.841324711209338716e+01,8.069443500627332355e+01,8.287933055974868068e+01,8.496083628229825990e+01,8.693325978807247623e+01,8.879186110739456694e+01,9.053231282848592798e+01,9.215011384003268802e+01,9.364000407694062744e+01,9.499543100389729489e+01,9.620811807008570327e+01,9.726778079441294267e+01,9.816202759566802172e+01,9.887647042442226564e+01,9.939505547969736199e+01,9.970060788488970616e+01,9.977556743583517118e+01,9.960287679177277198e+01,9.916697009685559294e+01,9.845480017624427660e+01,9.745683705308971412e+01,9.616797012168522940e+01,9.458825100542651398e+01,9.272342360367872516e+01,9.058520135339895774e+01,8.819126821729167887e+01,8.556499803322208209e+01,8.273490517172044179e+01,7.973385651550233888e+01,7.659808930653082371e+01,7.336609036787851323e+01,7.007739890470682553e+01,6.677139721299485586e+01,6.348615126236666839e+01,6.025735672003983723e+01,5.711743629581895476e+01,5.409482227425154122e+01,5.121344483110509316e+01,4.849243328584561397e+01,4.594602481077111378e+01,4.358366412682899238e+01,4.141026897296185894e+01,3.942663000067997814e+01,3.762991033118851192e+01,3.601420920536965298e+01,3.457115565733116824e+01,3.329050151506429955e+01,3.216068776320931022e+01,3.116936385544318711e+01,3.030384542480933874e+01,2.955150155978537185e+01,2.890006803175562311e+01,2.833788731845320186e+01,2.785407981533104760e+01,2.743865320728893309e+01,2.708255861361336159e+01,2.677770290954738996e+01,2.651692670143609831e+01,2.629395694449359766e+01,2.610334230379776699e+01,2.594037822234170676e+01,2.580102740841167730e+01,2.568184019714851019e+01,2.557987805977689533e+01,2.549264248400930910e+01,2.541801056198203312e+01,2.535417790921823666e+01,2.529960899558321685e+01,2.525299458223130955e+01,2.521321570576873938e+01,2.517931350784255429e+01,2.515046415039439154e+01,2.512595806084634376e+01,2.510518279737734915e+01,2.508760889558287133e+01,2.507277814121686887e+01,2.506029379986378203e+01,2.504981241677025494e+01,2.504103687466896488e+01,2.503371046218259721e+01,2.502761175966301010e+01,2.502255019343003895e+01,2.501836214425680183e+01,2.501490752284731656e+01,2.501206674531487906e+01,2.500973805660672156e+01,2.500783516062075051e+01,2.500628512344664145e+01,2.500502652157930683e+01,2.500400781076733381e+01,2.500318589388476198e+01,2.500252486823012532e+01,2.500199493423158614e+01,2.500157144885472604e+01
6.357347331293484416e+01,6.619351174486686773e+01,6.879498732696143293e+01,7.135981735461422204e+01,7.387125797325259668e+01,7.631427304215401364e+01,7.867578729888560929e+01,8.094480253638818112e+01,8.311236400579169015e+01,8.517137452696849209e+01,8.711626516287333288e+01,8.894254296462395359e+01,9.064624728622398209e+01,9.222335553240699824e+01,9.366918602538706295e+01,9.497784918464458315e+01,9.614179786396017846e+01,9.715152323441154181e+01,9.799543413675780812e+01,9.865994580650531987e+01,9.912978909576509068e+01,9.938853486116362035e+01,9.941931134254596714e+01,9.920567650181220642e+01,9.873259377217922861e+01,9.798744967444828546e+01,9.696104620363486504e+01,9.564850032582933181e+01,9.404998747669390013e+01,9.217127530369643296e+01,9.002400731311668380e+01,8.762571249121984351e+01,8.499953504119093850e+01,8.217369666561654640e+01,7.918072089284913773e+01,7.605646350138249545e+01,7.283900410143507997e+01,6.956746068828343255e+01,6.628079117490801764e+01,6.301664362379874973e+01,5.981031057455358990e+01,5.669383325056158895e+01,5.369528948239513966e+01,5.083828597652922099e+01,4.814166216251378216e+01,4.561940025970694990e+01,4.328072524180470282e+01,4.113036965108632614e+01,3.916897208603299418e+01,3.739357476981913919e+01,3.579818479125942332e+01,3.437436509591729816e+01,3.311182465993344692e+01,3.199898199052145387e+01,3.102348162886745797e+01,3.017264917177037020e+01,2.943387602907202094e+01,2.879493033511614186e+01,2.824419487715737631e+01,2.777083643943920066e+01,2.736491353310838193e+01,2.701743111594127100e+01,2.672035169190871073e+01,2.646657225140095093e+01,2.624987602371838236e+01,2.606486712474898226e+01,2.590689504648776520e+01,2.577197468449335815e+01,2.565670634323409871e+01,2.555819897928028794e+01,2.547399889368996995e+01,2.540202519907358791e+01,2.534051267512752403e+01,2.528796208493071873e+01,2.524309763823845643e+01,2.520483103602384745e+01,2.517223138820166284e+01,2.514450023912321797e+01,2.512095094003073825e+01,2.510099165408338706e+01,2.508411135120575608e+01,2.506986823389907215e+01,2.505788012176865465e+01,2.504781640534968901e+01,2.503939125484236072e+01,2.503235783452620211e+01,2.502650332826701529e+01,2.502164462598563333e+01,2.501762455615402558e+01,2.501430857656233187e+01,2.501158185610658791e+01,2.500934669549197409e+01,2.500752024572008381e+01,2.500603249105535753e+01,2.500482446869152398e+01,2.500384670123511199e+01,2.500305782090600104e+01,2.500242336640587837e+01,2.500191473499751993e+01,2.500150827365716921e+01
6.373952664283603298e+01,6.636721085911727869e+01,6.897326220223544624e+01,7.153910316560330784e+01,7.404754057522293920e+01,7.648315197451063341e+01,7.883255527141123764e+01,8.108453962884286170e+01,8.323004412528615603e+01,8.526198106232871510e+01,8.717491228398617409e+01,8.896459866485884049e+01,9.062745407765650896e+01,9.215994468852389332e+01,9.355798142701341646e+01,9.481635715566385159e+01,9.592827986905027160e+01,9.688504892886109587e+01,9.767591297956018082e+01,9.828813623881735850e+01,9.870728511116752202e+01,9.891773061480715512e+01,9.890334522705647657e+01,9.864835682535013461e+01,9.813830877915538053e+01,9.736106512848674299e+01,9.630779408832569288e+01,9.497386240163797311e+01,9.335957745949870912e+01,9.147072330653675465e+01,8.931884992948633339e+01,8.692129151340344606e+01,8.430090732357143679e+01,8.148555708722119562e+01,7.850733977457034030e+01,7.540163922092506255e+01,7.220603105179807812e+01,6.895911216974035085e+01,6.569931631848476172e+01,6.246377703381511992e+01,5.928729306098054508e+01,5.620144180495900343e+01,5.323387453440871298e+01,5.040781394632956847e+01,4.774176138852213569e+01,4.524940851722550406e+01,4.293973726108175981e+01,4.081728327600467310e+01,3.888253197010995166e+01,3.713241276867013596e+01,3.556085646612237383e+01,3.415938197978766766e+01,3.291768214771633438e+01,3.182418289172970205e+01,3.086655556299583125e+01,3.003216809230666229e+01,2.930846623401891549e+01,2.868328136333626333e+01,2.814506570531845853e+01,2.768305938887506201e+01,2.728739627467629703e+01,2.694915712883782888e+01,2.666037949377029648e+01,2.641403367553346726e+01,2.620397377787366366e+01,2.602487182661827703e+01,2.587214189542260812e+01,2.574185989767477523e+01,2.563068345787100100e+01,2.553577510032443953e+01,2.545473094864388486e+01,2.538551624721951328e+01,2.532640830733147297e+01,2.527594694148488941e+01,2.523289206545164021e+01,2.519618789697850048e+01,2.516493303887912703e+01,2.513835567765337231e+01,2.511579313392749313e+01,2.509667504783080005e+01,2.508050955436409524e+01,2.506687188795113741e+01,2.505539494219729946e+01,2.504576139391989642e+01,2.503769707575562720e+01,2.503096534702530107e+01,2.502536226739731617e+01,2.502071242256325689e+01,2.501686528654408193e+01,2.501369203262051144e+01,2.501108272556754386e+01,2.500894384317857089e+01,2.500719608617603029e+01,2.500577244354689199e+01,2.500461648595795694e+01,2.500368086387089051e+01,2.500292598980727377e+01,2.500231888629363652e+01,2.500183218262070994e+01,2.500144324486852554e+01
6.382918592192817187e+01,6.645915010478390172e+01,6.906444151378195784e+01,7.162602257444885367e+01,7.412628201051197152e+01,7.654943801942685866e+01,7.888182397113388333e+01,8.111203392791986744e+01,8.323091385197048453e+01,8.523139477226698091e+01,8.710817575589453554e+01,8.885727643338631765e+01,9.047549011560029442e+01,9.195977822806484880e+01,9.330665394707349947e+01,9.451160676205356026e+01,9.556861965068273435e+01,9.646982637477816525e+01,9.720534816907596110e+01,9.776333724613866138e+01,9.813023986694814482e+01,9.829127530712406724e+01,9.823111016784203287e+01,9.793469151916983151e+01,9.738818867399797341e+01,9.657998317006128275e+01,9.550164071154213730e+01,9.414879795254681483e+01,9.252190123216662698e+01,9.062674339452037486e+01,8.847475793193871141e+01,8.608304581157480584e+01,8.347412817325886181e+01,8.067543618281392526e+01,7.771856626297433479e+01,7.463834341509677017e+01,7.147174635188871150e+01,6.825675498231029792e+01,6.503118310525957213e+01,6.183155705031217053e+01,5.869209488458897539e+01,5.564383141641286556e+01,5.271392251242822624e+01,4.992514926071859804e+01,4.729562932297557154e+01,4.483873040411991440e+01,4.256316994661300157e+01,4.047327653244818890e+01,3.856938240900844050e+01,3.684831316144448010e+01,3.530393972620413479e+01,3.392775938542479963e+01,3.270947567365779918e+01,3.163755176190781881e+01,3.069971733020367211e+01,2.988341469369238013e+01,2.917617556523983779e+01,2.856592496420886818e+01,2.804121316226454041e+01,2.759138004183909842e+01,2.720665877615681083e+01,2.687822734758377763e+01,2.659821719212504121e+01,2.635968832290375019e+01,2.615657979771857100e+01,2.598364351385698612e+01,2.583636818729605622e+01,2.571089913493942092e+01,2.560395823503618118e+01,2.551276727315771353e+01,2.543497684364442435e+01,2.536860210024383377e+01,2.531196594599633443e+01,2.526364971732578368e+01,2.522245103612188899e+01,2.518734825520271059e+01,2.515747078274456072e+01,2.513207451560507266e+01,2.511052161714082587e+01,2.509226392220369561e+01,2.507682932403632137e+01,2.506381058193063183e+01,2.505285607532028536e+01,2.504366211299321066e+01,2.503596648134842795e+01,2.502954298102298125e+01,2.502419675613399619e+01,2.501976026513670703e+01,2.501608977780720977e+01,2.501306231034714855e+01,2.501057293140969051e+01,2.500853238726332251e+01,2.500686500552295755e+01,2.500550684490739428e+01,2.500440406417055783e+01,2.500351148737389195e+01,2.500279134553533567e+01,2.500221217679198205e+01,2.500174786882476852e+01,2.500137682860578536e+01
6.384117172680072372e+01,6.646799731401273448e+01,6.906716457462064795e+01,7.161921449733512191e+01,7.410615249061697796e+01,7.651186748170138685e+01,7.882243310485515053e+01,8.102626764691780181e+01,8.311413798786919926e+01,8.507900320785114445e+01,8.691570516163659477e+01,8.862052530848771426e+01,9.019063847941481527e+01,9.162350407882114212e+01,9.291624251833003711e+01,9.406504867402979642e+01,9.506469427831963515e+01,9.590816713545974892e+01,9.658648696190840610e+01,9.708872593606841406e+01,9.740224747844096953e+01,9.751316044483155565e+01,9.740696908125671882e+01,9.706938313599279411e+01,9.648723880147892373e+01,9.564947086303342871e+01,9.454807049021819410e+01,9.317896208666293489e+01,9.154273666185160607e+01,8.964518801240815549e+01,8.749761089630352728e+01,8.511683629913666493e+01,8.252499652717975209e+01,7.974903079191997790e+01,7.681995875769544568e+01,7.377196392664242808e+01,7.064133970081614677e+01,6.746535778905501957e+01,6.428112099437353777e+01,6.112446039279248566e+01,5.802893092161831845e+01,5.502495015616225515e+01,5.213911350162017300e+01,4.939370620583932237e+01,4.680641956362029532e+01,4.439026640551266212e+01,4.215368025574655064e+01,4.010077400409715409e+01,3.823172792376839624e+01,3.654327349809703662e+01,3.502923868773439153e+01,3.368112168862275979e+01,3.248866347822517042e+01,3.144039402379052461e+01,3.052413240851856102e+01,2.972742681932994913e+01,2.903792589463406770e+01,2.844367799993984036e+01,2.793335933154435224e+01,2.749643519429935523e+01,2.712326130385836009e+01,2.680513355255195407e+01,2.653429543872542595e+01,2.630391242137773133e+01,2.610802197697986671e+01,2.594146726038605522e+01,2.579982115532877174e+01,2.567930627248570730e+01,2.557671522087042959e+01,2.548933432127936172e+01,2.541487290275070166e+01,2.535139945510625736e+01,2.529728521378116923e+01,2.525115522335834228e+01,2.521184654899998279e+01,2.517837305933458936e+01,2.514989606635397834e+01,2.512570005325940414e+01,2.510517272736822747e+01,2.508778868239748405e+01,2.507309602636785328e+01,2.506070541528494999e+01,2.505028101929018902e+01,2.504153303072852665e+01,2.503421139860031630e+01,2.502810053910483035e+01,2.502301482679996170e+01,2.501879471561015222e+01,2.501530337441874963e+01,2.501242374949848113e+01,2.501005598688691833e+01,2.500811516329276429e+01,2.500652928539685504e+01,2.500523752550192569e+01,2.500418866722599276e+01,2.500333973899477513e+01,2.500265481598465556e+01,2.500210397328392276e+01,2.500166237465364816e+01,2.500130948257290697e+01
6.377462170893425508e+01,6.639286815556266674e+01,6.898054897461146595e+01,7.151782603598579158e+01,7.398635961036279696e+01,7.636974239277537890e+01,7.865381548992509408e+01,8.082684246795170679e+01,8.287952610608692794e+01,8.480486293722395885e+01,8.659784231242949204e+01,8.825500876515621940e+01,8.977391792209955668e+01,9.115252612410982636e+01,9.238856134522667674e+01,9.347892713434424650e+01,9.441919158165428883e+01,9.520320945654637512e+01,9.582291774412934160e+01,9.626833325336721714e+01,9.652776655340721845e+01,9.658825027928224927e+01,9.643616310404344460e+01,9.605801477012181522e+01,9.544134385196822734e+01,9.457566957769080318e+01,9.345343299662248171e+01,9.207086161187007178e+01,9.042869545495612726e+01,8.853272118200086993e+01,8.639407342548329893e+01,8.402927830482985883e+01,8.146003139807631044e+01,7.871272019517391527e+01,7.581771768673537792e+01,7.280848801966004658e+01,6.972055604742440948e+01,6.659039941984065081e+01,6.345432427184270097e+01,6.034738364432242008e+01,5.730239191834564849e+01,5.434907947756185820e+01,5.151342045203601572e+01,4.881715377106625908e+01,4.627750490461740895e+01,4.390710356311567608e+01,4.171408205676915060e+01,3.970233058156601658e+01,3.787187975554274288e+01,3.621937739227311681e+01,3.473862566626755211e+01,3.342114621354969017e+01,3.225674390494074828e+01,3.123404453711908246e+01,3.034098699084217188e+01,2.956525601326286790e+01,2.889464725865117600e+01,2.831736122129237643e+01,2.782222696705341036e+01,2.739885996823362291e+01,2.703776081561864686e+01,2.673036314736920360e+01,2.646903988287512632e+01,2.624707690865329823e+01,2.605862288251390169e+01,2.589862295651927582e+01,2.576274311537395079e+01,2.564729061354553963e+01,2.554913477663299659e+01,2.546563128921457064e+01,2.539455207596446229e+01,2.533402202548004922e+01,2.528246311798249124e+01,2.523854599493266804e+01,2.520114863628700519e+01,2.516932156886912964e+01,2.514225889346881715e+01,2.511927436483605547e+01,2.509978176537484984e+01,2.508327886052921940e+01,2.506933429546816683e+01,2.505757687612394946e+01,2.504768676365945979e+01,2.503938819370221935e+01,2.503244340627204778e+01,2.502664753722184443e+01,2.502182427656696007e+01,2.501782214360671475e+01,2.501451126413565262e+01,2.501178056250504511e+01,2.500953530213383402e+01,2.500769492355981782e+01,2.500619114042749658e+01,2.500496626193259431e+01,2.500397171601650470e+01,2.500316675169091951e+01,2.500251730178663934e+01,2.500199498954456345e+01,2.500157626407773748e+01,2.500124165102416640e+01
6.362911270757341953e+01,6.623334919308881297e+01,6.880421426562310216e+01,7.132153641772805486e+01,7.376667212123460615e+01,7.612295365170973582e+01,7.837601906065276580e+01,8.051399988406191710e+01,8.252755068189007659e+01,8.440971491368884472e+01,8.615563330820351950e+01,8.776211294413207042e+01,8.922708677782948428e+01,9.054900334581111565e+01,9.172619389876449247e+01,9.275626849186501488e+01,9.363559298993635593e+01,9.435889526604945843e+01,9.491904114042132790e+01,9.530700924318828982e+01,9.551207975141876716e+01,9.552223589904352252e+01,9.532476054643727537e+01,9.490699428152687744e+01,9.425720784071330627e+01,9.336553127189586121e+01,9.222487613770098847e+01,9.083178574543372008e+01,8.918715205029538140e+01,8.729674623875391148e+01,8.517152238173008527e+01,8.282766893175276834e+01,8.028639995799666451e+01,7.757349547600628625e+01,7.471861664726482388e+01,7.175443574084138731e+01,6.871563154902599990e+01,6.563780773778333355e+01,6.255639406756095156e+01,5.950558859589157379e+01,5.651739327653199041e+01,5.362078649763591898e+01,5.084106495803391113e+01,4.819937488102345924e+01,4.571243993556662133e+01,4.339248132225215926e+01,4.124731507834232502e+01,3.928060334865408265e+01,3.749223050914547173e+01,3.587877173422863564e+01,3.443402076747381102e+01,3.314954501044017832e+01,3.201523917791442386e+01,3.101985319552950315e+01,3.015147522929152402e+01,2.939795625005767477e+01,2.874726792267760800e+01,2.818779052676393349e+01,2.770853181869452087e+01,2.729928108667708031e+01,2.695070507894569189e+01,2.665439402410269665e+01,2.640286669720578061e+01,2.618954354106109861e+01,2.600869637673061163e+01,2.585538238306019565e+01,2.572536893649819234e+01,2.561505470637049342e+01,2.552139120051873533e+01,2.544180782953480957e+01,2.537414255726368495e+01,2.531657936058477532e+01,2.526759304351046254e+01,2.522590143548989516e+01,2.519042463731872061e+01,2.516025073978671500e+01,2.513460730679540944e+01,2.511283786252322869e+01,2.509438262928149399e+01,2.507876280973705363e+01,2.506556777827782057e+01,2.505444462904860714e+01,2.504508961345401374e+01,2.503724108146565897e+01,2.503067361502176524e+01,2.502519310616842674e+01,2.502063258673124935e+01,2.501684866052516654e+01,2.501371842428980941e+01,2.501113679086275354e+01,2.500901414886295626e+01,2.500727430861142153e+01,2.500585269531223176e+01,2.500469475864694857e+01,2.500375457372074450e+01,2.500299361239799367e+01,2.500237966698625058e+01,2.500188591035210095e+01,2.500149007815559798e+01,2.500117376016521575e+01
6.340467933064601880e+01,6.598951713404755992e+01,6.853830156830014175e+01,7.103057659908371591e+01,7.344743912319637502e+01,7.577199935416854260e+01,7.798972384773928468e+01,8.008863631518487125e+01,8.205935981405781376e+01,8.389499426527694936e+01,8.559083486446235156e+01,8.714394900430406210e+01,8.855264086055167638e+01,8.981584283534714075e+01,9.093248066417325504e+01,9.190086337998798172e+01,9.271814991512215443e+01,9.337994062460892053e+01,9.388003448845967114e+01,9.421038160510198622e+01,9.436124657277213146e+01,9.432158250716796033e+01,9.407959900522116925e+01,9.362349167916741521e+01,9.294228727359760001e+01,9.202674801761403955e+01,9.087027267357652249e+01,8.946973029392590604e+01,8.782616615272769423e+01,8.594532741851725177e+01,8.383796821758423334e+01,8.151990880061994460e+01,7.901184032562581194e+01,7.633888393569664288e+01,7.352992897419275664e+01,7.061678910195931280e+01,6.763322575761377209e+01,6.461389514554960556e+01,6.159327742404122574e+01,5.860464504747594816e+01,5.567912168762792646e+01,5.284487450116908747e+01,5.012647161114180960e+01,4.754442452536130759e+01,4.511492283324019326e+01,4.284975683535050450e+01,4.075641354708473330e+01,3.883832335629159616e+01,3.709522885245438317e+01,3.552364409776890852e+01,3.411737178204408849e+01,3.286804702176063131e+01,3.176567962908063691e+01,3.079917101401197854e+01,2.995678699342464668e+01,2.922657318709457286e+01,2.859670496421036745e+01,2.805576872724473603e+01,2.759297544276950376e+01,2.719831060729743299e+01,2.686262721775967321e+01,2.657768982486783216e+01,2.633617846666217588e+01,2.613166133231048605e+01,2.595854453741921830e+01,2.581200655155695500e+01,2.568792374819168955e+01,2.558279237130994233e+01,2.549365103318216796e+01,2.541800675042092905e+01,2.535376654223125570e+01,2.529917578482407592e+01,2.525276384993897949e+01,2.521329704948377071e+01,2.517973854851772231e+01,2.515121467508039288e+01,2.512698692473945528e+01,2.510642890697276641e+01,2.508900748795687008e+01,2.507426743107464162e+01,2.506181890684567293e+01,2.505132732581286348e+01,2.504250503220495361e+01,2.503510447679257211e+01,2.502891256046467561e+01,2.502374590370451202e+01,2.501944685071498853e+01,2.501588006072748982e+01,2.501292957389074090e+01,2.501049626624219968e+01,2.500849562888212674e+01,2.500685582183977118e+01,2.500551596437123791e+01,2.500442463153721206e+01,2.500353853268686422e+01,2.500282135157118546e+01,2.500224273072800685e+01,2.500177738489874102e+01,2.500140432982783523e+01,2.500110621405207922e+01
6.310182841435006651e+01,6.566195365242259641e+01,6.818348846199268110e+01,7.064574387964943014e+01,7.302960401477983510e+01,7.531799765093455790e+01,7.749625328348733433e+01,7.955231237206143646e+01,8.147678394241667377e+01,8.326283395427017808e+01,8.490591440719953198e+01,8.640334916388513875e+01,8.775380499262229250e+01,8.895668639426973812e+01,9.001150045382851772e+01,9.091724244996213145e+01,9.167185369196988631e+01,9.227179974593389034e+01,9.271180990737769889e+01,9.298480787589002716e+01,9.308204982243731251e+01,9.299347043274978830e+01,9.270822128522502226e+01,9.221537040410242980e+01,9.150471832367533409e+01,9.056767567128247265e+01,8.939814103721424488e+01,8.799331631764184181e+01,8.635439996170788390e+01,8.448710637705667637e+01,8.240197150431950490e+01,8.011441928061746864e+01,7.764458015423750226e+01,7.501686964169732619e+01,7.225935079021191143e+01,6.940291810290619878e+01,6.648035101145225667e+01,6.352529166227539292e+01,6.057120429606435863e+01,5.765037189017581909e+01,5.479298038330227172e+01,5.202633237719045667e+01,4.937422157861092842e+01,4.685648738190808160e+01,4.448875688672872286e+01,4.228237021001933726e+01,4.024447495160713117e+01,3.837826767581466214e+01,3.668335461997880742e+01,3.515620064965396097e+01,3.379063465677783995e+01,3.257838087596314836e+01,3.150958858460733580e+01,3.057333688990169662e+01,2.975809630174396858e+01,2.905213407781324264e+01,2.844385549500505306e+01,2.792207792023931390e+01,2.747623858710214151e+01,2.709654019221997601e+01,2.677404075477851464e+01,2.650069565762823487e+01,2.626936049042799226e+01,2.607376336495217117e+01,2.590845491172514414e+01,2.576874334225834673e+01,2.565062091125262711e+01,2.555068696014143015e+01,2.546607156677588435e+01,2.539436274068408395e+01,2.533353913970096016e+01,2.528190947050383031e+01,2.523805908305803314e+01,2.520080377341948363e+01,2.516915045709342635e+01,2.514226414649576569e+01,2.511944053849229519e+01,2.510008346872674068e+01,2.508368649725613864e+01,2.506981793632764877e+01,2.505810870062247275e+01,2.504824244098468000e+01,2.503994750573353301e+01,2.503299035309969867e+01,2.502717011039863593e+01,2.502231403832610468e+01,2.501827371161613200e+01,2.501492177052922727e+01,2.501214913208490387e+01,2.500986257676049362e+01,2.500798264679180249e+01,2.500644180744755118e+01,2.500518283381784457e+01,2.500415739371768709e+01,2.500332480305778304e+01,2.500265093411561068e+01,2.500210726004626594e+01,2.500167002107688319e+01,2.500131949940247722e+01,2.500103939103487605e+01
6.272154881908146251e+01,6.525175521928599665e+01,6.774099857370208611e+01,7.016841093045066202e+01,7.251471260138973207e+01,7.476269353995405709e+01,7.689757924987148385e+01,7.890725570789228982e+01,8.078233603415733910e+01,8.251606182235764209e+01,8.410404350492669323e+01,8.554385606286083998e+01,8.683451786901653691e+01,8.797589051188887765e+01,8.896804516264116103e+01,8.981064563285131896e+01,9.050239915060062401e+01,9.104062276846941870e+01,9.142096624889326506e+01,9.163732163742885461e+01,9.168193625145717363e+01,9.154573048179135242e+01,9.121880583162507605e+01,9.069111330512848212e+01,8.995323889314376231e+01,8.899725263482315540e+01,8.781756146335355595e+01,8.641170433725292810e+01,8.478103118998217269e+01,8.293121476266142622e+01,8.087255579096506608e+01,7.862005634172554380e+01,7.619325214358133280e+01,7.361581121146977580e+01,7.091492160900028807e+01,6.812050462809094142e+01,6.526430001895481325e+01,6.237887650641929582e+01,5.949662336062655754e+01,5.664877728988557237e+01,5.386453376207057886e+01,5.117028368636893987e+01,4.858900604539095980e+01,4.613983551152548301e+01,4.383781227707630990e+01,4.169381016829751019e+01,3.971462934834532632e+01,3.790323209922995318e+01,3.625909464432908180e+01,3.477864484512815579e+01,3.345575478925936608e+01,3.228225852371085125e+01,3.124846809640515133e+01,3.034366519773078608e+01,2.955655056432170014e+01,2.887563846412174939e+01,2.828958862334805957e+01,2.778747256005089028e+01,2.735897522458876097e+01,2.699453597689540629e+01,2.668543520300697480e+01,2.642383431167631969e+01,2.620277753548313271e+01,2.601616400745844970e+01,2.585869813224995184e+01,2.572582546354782451e+01,2.561366027255184719e+01,2.551890986481905443e+01,2.543879957207962406e+01,2.537100128461441528e+01,2.531356744790958047e+01,2.526487165251565159e+01,2.522355630844561603e+01,2.518848741136080704e+01,2.515871606384720138e+01,2.513344619199452268e+01,2.511200777323998778e+01,2.509383484375453577e+01,2.507844756176570300e+01,2.506543764897258342e+01,2.505445660061942803e+01,2.504520613414156216e+01,2.503743042796100582e+01,2.503090978009115020e+01,2.502545538706084827e+01,2.502090500539495466e+01,2.501711930988886579e+01,2.501397880546802099e+01,2.501138118335866167e+01,2.500923903872981313e+01,2.500747788711656483e+01,2.500603443199228337e+01,2.500485504690906069e+01,2.500389444361279701e+01,2.500311450324451812e+01,2.500248325179035547e+01,2.500197396382701243e+01,2.500156438069371134e+01,2.500123603077393852e+01,2.500097364077943851e+01
6.226531608574549637e+01,6.476053744629987818e+01,6.721260535729219043e+01,6.960052872014931324e+01,7.190491484419104040e+01,7.410845908091857837e+01,7.619632037347713549e+01,7.815635698568431167e+01,7.997920480016837530e+01,8.165819062555007690e+01,8.318908429445987451e+01,8.456970516532891224e+01,8.579941004673113980e+01,8.687849958893549740e+01,8.780758792176959560e+01,8.858698497920394743e+01,8.921614196885423098e+01,8.969320752741221270e+01,9.001473528389909973e+01,9.017557320627588524e+01,9.016895193454594448e+01,8.998677428476837292e+01,8.962009242381267882e+01,8.905974414416611751e+01,8.829710647597650564e+01,8.732491469076241231e+01,8.613808846755259196e+01,8.473450516925670684e+01,8.311566299250500833e+01,8.128718398301009529e+01,7.925911794381670461e+01,7.704602217516620044e+01,7.466680760774082160e+01,7.214435793874348235e+01,6.950494356392215423e+01,6.677746524574700970e+01,6.399257261470921776e+01,6.118170910921109851e+01,5.837613750253101585e+01,5.560599877578520989e+01,5.289945213182138417e+01,5.028193603539011747e+01,4.777558013270849102e+01,4.539878667673131929e+01,4.316598860489555278e+01,4.108758055515558993e+01,3.917000959547221584e+01,3.741600482488031076e+01,3.582491961022910232e+01,3.439315716459493188e+01,3.311464936562177286e+01,3.198135990451453381e+01,3.098378567887633039e+01,3.011143435378961186e+01,2.935326075132991264e+01,2.869804974461251135e+01,2.813473823757947656e+01,2.765267329185909162e+01,2.724180729194494077e+01,2.689283408538188525e+01,2.659727224582125160e+01,2.634750300570174275e+01,2.613677106921132776e+01,2.595915655977339398e+01,2.580952591433225862e+01,2.568346874876166908e+01,2.557722671696581074e+01,2.548761928675157407e+01,2.541197025302024670e+01,2.534803777444774653e+01,2.529394980168479279e+01,2.524814599046069219e+01,2.520932657165034385e+01,2.517640817875500403e+01,2.514848629830854421e+01,2.512480379164285793e+01,2.510472481575467185e+01,2.508771342498804557e+01,2.507331614362864158e+01,2.506114784458879896e+01,2.505088033652095802e+01,2.504223313950360108e+01,2.503496600949029016e+01,2.502887284824285885e+01,2.502377670492297668e+01,2.501952563604376323e+01,2.501598924149544700e+01,2.501305573612853905e+01,2.501062944971139856e+01,2.500862867406653933e+01,2.500698379601960397e+01,2.500563566962988205e+01,2.500453419207278927e+01,2.500363705543324144e+01,2.500290865230957138e+01,2.500231911713551014e+01,2.500184348798036282e+01,2.500146097564532965e+01,2.500115432840019736e+01,2.500090928188615536e+01
6.173509156083895988e+01,6.419043353719338540e+01,6.660062964919063688e+01,6.894462292185973240e+01,7.120295983497568670e+01,7.335828662725353411e+01,7.539573317912407902e+01,7.730315859805594414e+01,7.907124061152011052e+01,8.069340077100513042e+01,8.216556866335415066e+01,8.348580002394047028e+01,8.465377494914169176e+01,8.567021237223121943e+01,8.653624469769647476e+01,8.725280121138457901e+01,8.782005003193408754e+01,8.823694565033514436e+01,8.850092254522046176e+01,8.860776532312662823e+01,8.855167299781206225e+01,8.832552034712887234e+01,8.792130392421651663e+01,8.733074550514814405e+01,8.654601276707782631e+01,8.556050691985859658e+01,8.436966073565731961e+01,8.297168849100749810e+01,8.136823193486418404e+01,7.956485331189158217e+01,7.757133711621929706e+01,7.540177572418500063e+01,7.307442922246900707e+01,7.061136535674330617e+01,6.803790031862763499e+01,6.538187392044844159e+01,6.267280264523402167e+01,5.994096045835191688e+01,5.721643981356407238e+01,5.452824400747078926e+01,5.190345727684039900e+01,4.936653140181742572e+01,4.693871787285129926e+01,4.463766380191667338e+01,4.247717862490414831e+01,4.046716809979810137e+01,3.861372286697454825e+01,3.691934143334808027e+01,3.538326219301509212e+01,3.400187611486306594e+01,3.276919093059768784e+01,3.167731880286977741e+01,3.071696218376283127e+01,2.987787646062187008e+01,2.914929257834563714e+01,2.852028769305133693e+01,2.798009667154692437e+01,2.751836159888024369e+01,2.712532017333386847e+01,2.679193682392448039e+01,2.650998253117155201e+01,2.627207068881758545e+01,2.607165698727912329e+01,2.590301134023104979e+01,2.576116944475798576e+01,2.564187079853526186e+01,2.554148902295520784e+01,2.545695927177030526e+01,2.538570643270276861e+01,2.532557682374932995e+01,2.527477519331879918e+01,2.523180808034990363e+01,2.519543398671289580e+01,2.516462035597826130e+01,2.513850702734470488e+01,2.511637562285784142e+01,2.509762420913219572e+01,2.508174653048154568e+01,2.506831511896540121e+01,2.505696763114664449e+01,2.504739582709943946e+01,2.503933668328990336e+01,2.503256520919434180e+01,2.502688861231969852e+01,2.502214152418254045e+01,2.501818205898602088e+01,2.501488852663488061e+01,2.501215666260968362e+01,2.500989726986855288e+01,2.500803419341750455e+01,2.500650256764590651e+01,2.500524729109430666e+01,2.500422169404152228e+01,2.500338637206401415e+01,2.500270816427931209e+01,2.500215925893737179e+01,2.500171641183580462e+01,2.500136026506000420e+01,2.500107475504560384e+01,2.500084660011197712e+01
6.113331569896590167e+01,6.354408654884315411e+01,6.590793069907242341e+01,6.820378350049432470e+01,7.041218370357748313e+01,7.251577479457125719e+01,7.449969584012104917e+01,7.635183590321759084e+01,7.806293391283494998e+01,7.962651559301167481e+01,8.103867007433100866e+01,8.229768034737232085e+01,8.340353288904469764e+01,8.435734167362832636e+01,8.516072948551541799e+01,8.581521421815281769e+01,8.632164911373698146e+01,8.667976337843700207e+01,8.688784331757669577e+01,8.694258442206962911e+01,8.683913236369104993e+01,8.657131655360620925e+01,8.613206491178316071e+01,8.551397400842660090e+01,8.470999598436156930e+01,8.371419372286349869e+01,8.252250949034672090e+01,8.113349023601983845e+01,7.954891512446126001e+01,7.777427746987559942e+01,7.581908348193127267e+01,7.369694324641355365e+01,7.142544405053320133e+01,6.902581130440898960e+01,6.652237668433667750e+01,6.394188561487189304e+01,6.131268590557196774e+01,5.866384563335170554e+01,5.602425090353020209e+01,5.342173295387196674e+01,5.088226951664071862e+01,4.842929801138044610e+01,4.608316877827135727e+01,4.386075605188139548e+01,4.177523360590200241e+01,3.983601179383536817e+01,3.804882376067912020e+01,3.641594142151416946e+01,3.493649670820396125e+01,3.360688068472929046e+01,3.242119234720225052e+01,3.137171002301690947e+01,3.044936091792091304e+01,2.964416811560142406e+01,2.894565877517331032e+01,2.834322197939892973e+01,2.782640929233687288e+01,2.738517529327365807e+01,2.701005895176515637e+01,2.669230956955855305e+01,2.642396309181092207e+01,2.619787590274108879e+01,2.600772384216972810e+01,2.584797421713193444e+01,2.571383816366638442e+01,2.560120996936317894e+01,2.550659902173423532e+01,2.542705901024751114e+01,2.536011797011837032e+01,2.530371178072317662e+01,2.525612286607548285e+01,2.521592511483328636e+01,2.518193545202601769e+01,2.515317205067433903e+01,2.512881885640281610e+01,2.510819589426203891e+01,2.509073471401683975e+01,2.507595828762337220e+01,2.506346468139656380e+01,2.505291386875067872e+01,2.504401711357490612e+01,2.503652842849773208e+01,2.503023768855931763e+01,2.502496505371558300e+01,2.502055641977653266e+01,2.501687967508680543e+01,2.501382158893023799e+01,2.501128519753726565e+01,2.500918758545556386e+01,2.500745798493910144e+01,2.500603613504204858e+01,2.500487085637116635e+01,2.500391880795846689e+01,2.500314340033709115e+01,2.500251384436364077e+01,2.500200431921445698e+01,2.500159324574644160e+01,2.500126265339954301e+01,2.500099763028082478e+01,2.500078584718878361e+01
6.046289536497329209e+01,6.282463528399810571e+01,6.513789050058389307e+01,6.738164731240109973e+01,6.953649030050722502e+01,7.158510702387485480e+01,7.351268440422418848e+01,7.530717088256959357e+01,7.695938607026937461e+01,7.846296914428577907e+01,7.981416805251970459e+01,8.101148294253367510e+01,8.205518823897571679e+01,8.294676756433199216e+01,8.368830335512856777e+01,8.428186782210033812e+01,8.472896328578107727e+01,8.503005759693039067e+01,8.518425433690910609e+01,8.518912812014181668e+01,8.504074323017971437e+01,8.473385991679194262e+01,8.426231805920403417e+01,8.361957375230430500e+01,8.279935188043833705e+01,8.179636796957623801e+01,8.060706639482037872e+01,7.923031990622567378e+01,7.766803760696384984e+01,7.592563478630202667e+01,7.401232783338346621e+01,7.194122999251328565e+01,6.972923790319990189e+01,6.739671351804969390e+01,6.496697992247095499e+01,6.246566170877884616e+01,5.991990999838960619e+01,5.735755834359632388e+01,5.480625827075695611e+01,5.229264216650815200e+01,4.984155687376831168e+01,4.747540432030794477e+01,4.521361649491950629e+01,4.307228195860810160e+01,4.106393068952914405e+01,3.919747420703575358e+01,3.747828927263068977e+01,3.590842652340725039e+01,3.448692046161396974e+01,3.321017440980227065e+01,3.207239327080112901e+01,3.106603798112009684e+01,3.018227808076640173e+01,2.941142244185275700e+01,2.874331248117674775e+01,2.816766672393015014e+01,2.767437003090116932e+01,2.725370486359307165e+01,2.689652543504536553e+01,2.659437835600013145e+01,2.633957539052438790e+01,2.612522520180424124e+01,2.594523156753286486e+01,2.579426557923309460e+01,2.566771893346227174e+01,2.556164470207909289e+01,2.547269105387447752e+01,2.539803239651190125e+01,2.533530140208312531e+01,2.528252443646590208e+01,2.523806207583937677e+01,2.520055568795554635e+01,2.516888049000255378e+01,2.514210506579941296e+01,2.511945702070613606e+01,2.510029425583860885e+01,2.508408123433693859e+01,2.507036957171657576e+01,2.505878229124218137e+01,2.504900112763615638e+01,2.504075632491109715e+01,2.503381844626128583e+01,2.502799178808075453e+01,2.502310906103430455e+01,2.501902706543632249e+01,2.501562314429846623e+01,2.501279224474960827e+01,2.501044445735632848e+01,2.500850293391600587e+01,2.500690210855315598e+01,2.500558616550999957e+01,2.500450771095020741e+01,2.500362661636356520e+01,2.500290900861443077e+01,2.500232638702343024e+01,2.500185485167686039e+01,2.500147442986444446e+01,2.500116848948890791e+01,2.500092322971616809e+01,2.500072724021950776e+01
5.972718508145489835e+01,6.203569376851710615e+01,6.429439138446274171e+01,6.648237369185669365e+01,6.858032464467240175e+01,7.057102274814484133e+01,7.243974152652268117e+01,7.417451827788187302e+01,7.576627274324272321e+01,7.720876662752208119e+01,7.849840550103030523e+01,7.963389574236299495e+01,8.061578000964495061e+01,8.144588435980867303e+01,8.212671772387574265e+01,8.266086925514844097e+01,8.305045055322565872e+01,8.329662764005006181e+01,8.339928183119829441e+01,8.335682962543087626e+01,8.316622004697123316e+01,8.282311439385097174e+01,8.232223913467873899e+01,8.165788891374185710e+01,8.082454442039839648e+01,7.981756028824142390e+01,7.863387203449360641e+01,7.727266886043551608e+01,7.573598109580720461e+01,7.402913700885338244e+01,7.216105309962090075e+01,7.014433403477815432e+01,6.799517204137214321e+01,6.573304971351475956e+01,6.338026365199682033e+01,6.096129810270016947e+01,5.850208692624174489e+01,5.602920821932437434e+01,5.356905841940429269e+01,5.114705177046660367e+01,4.878688691009985234e+01,4.650991559952518628e+01,4.433463997605780094e+01,4.227635497487972316e+01,4.034694257235010895e+01,3.855481501521157384e+01,3.690499586677852051e+01,3.539932100577756557e+01,3.403673695156844303e+01,3.281367116623839308e+01,3.172444822974471634e+01,3.076172678367723279e+01,2.991693457064358341e+01,2.918068237467251791e+01,2.854314178727488027e+01,2.799437609432017027e+01,2.752461785751100010e+01,2.712449067477403020e+01,2.678517594799627233e+01,2.649852814563121228e+01,2.625714397735755412e+01,2.605439211684959488e+01,2.588441068412505786e+01,2.574207973113842129e+01,2.562297558128594588e+01,2.552331317760974017e+01,2.543988171164756551e+01,2.536997783689201924e+01,2.531133980078786649e+01,2.526208491957947899e+01,2.522065201331149353e+01,2.518574973777230497e+01,2.515631120474201765e+01,2.513145486834246611e+01,2.511045136207348349e+01,2.509269578167830517e+01,2.507768480439155923e+01,2.506499799624882741e+01,2.505428266813483518e+01,2.504524168251596095e+01,2.503762367345401074e+01,2.503121521246016812e+01,2.502583452460697089e+01,2.502132642799516304e+01,2.501755823202742945e+01,2.501441638433878722e+01,2.501180370215021753e+01,2.500963706148575127e+01,2.500784544783387986e+01,2.500636829540335526e+01,2.500515406017118991e+01,2.500415898547599625e+01,2.500334602891394553e+01,2.500268392656463945e+01,2.500214637579247423e+01,2.500171132158459741e+01,2.500136033402865365e+01,2.500107806642725450e+01,2.500085178493134208e+01,2.500067096162284841e+01
5.892996229732997193e+01,6.118132440338874289e+01,6.338178698040069747e+01,6.551061314854527495e+01,6.754863928001361728e+01,6.947878132798841477e+01,7.128643789916868911e+01,7.295976442483637925e+01,7.448980002640477949e+01,7.587043774643424854e+01,7.709823915998848065e+01,7.817210527345525861e+01,7.909282623301047011e+01,7.986254183709704080e+01,8.048415234543914210e+01,8.096072388228461136e+01,8.129493431024238248e+01,8.148860351606585084e+01,8.154234660148267722e+01,8.145537981502162950e+01,8.122549779059464470e+01,8.084922762141628994e+01,8.032215152220338439e+01,7.963937644110902170e+01,7.879611709134127295e+01,7.778834948670720451e+01,7.661348598609441751e+01,7.527102059800286327e+01,7.376309505459130378e+01,7.209494177248947722e+01,7.027516877880259472e+01,6.831586321514822657e+01,6.623250315242094644e+01,6.404368105426090096e+01,6.177065520985424740e+01,5.943675680238987979e+01,5.706668915659833630e+01,5.468576153566310438e+01,5.231910234250250369e+01,4.999089573019068666e+01,4.772368172737208880e+01,4.553775355659291790e+01,4.345067755492881645e+01,4.147695177871827354e+01,3.962780978452100555e+01,3.791116696688304444e+01,3.633169882439175069e+01,3.489103408511627435e+01,3.358804103673842434e+01,3.241918277821208960e+01,3.137891637289553515e+01,3.046011183196281991e+01,2.965446918304561663e+01,2.895291521280137559e+01,2.834596542329632740e+01,2.782404093628621666e+01,2.737773418670204961e+01,2.699802100122894899e+01,2.667641986893049832e+01,2.640510176420497146e+01,2.617695573506223639e+01,2.598561663955260670e+01,2.582546196474384104e+01,2.569158469223198082e+01,2.557974879516772759e+01,2.548633328175318624e+01,2.540826985053680431e+01,2.534297829149134174e+01,2.528830283368476728e+01,2.524245176540598123e+01,2.520394187644775030e+01,2.517154861783840758e+01,2.514426234990157738e+01,2.512125065199931484e+01,2.510182638559415125e+01,2.508542102039274369e+01,2.507156263310050548e+01,2.505985795130613525e+01,2.504997782405706630e+01,2.504164554076698934e+01,2.503462747881163608e+01,2.502872562782541266e+01,2.502377160817379931e+01,2.501962186745760519e+01,2.501615379917909010e+01,2.501326258029302352e+01,2.501085856877438829e+01,2.500886513878649708e+01,2.500721686021287482e+01,2.500585795214893281e+01,2.500474095744675296e+01,2.500382559855941622e+01,2.500307778464778252e+01,2.500246874698003552e+01,2.500197428473128269e+01,2.500157410690716731e+01,2.500125125868653697e+01,2.500099162231871475e+01,2.500078348405295969e+01,2.500061715958819164e+01
5.807539688564808955e+01,6.026600502163657325e+01,6.240486680035220957e+01,6.447146945198436185e+01,6.644685384098397662e+01,6.831411908103865471e+01,7.005882672830773572e+01,7.166927916000894072e+01,7.313665376684191699e+01,7.445498341056483582e+01,7.562098367408404442e+01,7.663373806092751295e+01,7.749426268137324314e+01,7.820498125145907409e+01,7.876914861895492947e+01,7.919026581566052414e+01,7.947153129587768206e+01,7.961537127279396486e+01,7.962308690266225142e+01,7.949464778048027824e+01,7.922865037258188181e+01,7.882244743637322415e+01,7.827244115823981474e+01,7.757451976255269699e+01,7.672460578766549588e+01,7.571927506375703842e+01,7.455639944028530408e+01,7.323576400433532285e+01,7.175961109202810917e+01,7.013306867277640322e+01,6.836442920812093860e+01,6.646525610606256862e+01,6.445030745993028631e+01,6.233727982022035263e+01,6.014638723177348112e+01,5.789980169940329091e+01,5.562098981972262379e+01,5.333398597230669225e+01,5.106264491463578281e+01,4.882991587522074894e+01,4.665717655919142715e+01,4.456365936651771875e+01,4.256599423384676584e+01,4.067788359584952218e+01,3.890991578559456343e+01,3.726951446670185675e+01,3.576101401291115423e+01,3.438584457194748722e+01,3.314280614593892693e+01,3.202840849016445191e+01,3.103725291385234897e+01,3.016243296482012681e+01,2.939593319894508738e+01,2.872900842182315984e+01,2.815252956969555598e+01,2.765728641085320660e+01,2.723424118082708389e+01,2.687473085985936905e+01,2.657061887622199237e+01,2.631439946419049747e+01,2.609925967956795745e+01,2.591910519546177838e+01,2.576855652834207788e+01,2.564292237149768638e+01,2.553815634850852945e+01,2.545080285596628045e+01,2.537793684921785697e+01,2.531710153122833518e+01,2.526624700935672863e+01,2.522367214549846537e+01,2.518797108056302037e+01,2.515798528663541589e+01,2.513276149731755282e+01,2.511151548566581582e+01,2.509360138919146976e+01,2.507848610725347882e+01,2.506572820037343163e+01,2.505496068586431946e+01,2.504587713320885811e+01,2.503822050143903866e+01,2.503177421745154518e+01,2.502635505943983318e+01,2.502180747658356097e+01,2.501799904011855347e+01,2.501481677901002243e+01,2.501216420415799391e+01,2.500995886789241496e+01,2.500813034068549001e+01,2.500661851517661205e+01,2.500537216966034038e+01,2.500434774010139094e+01,2.500350826246540947e+01,2.500282245656256919e+01,2.500226392945035414e+01,2.500181048136585105e+01,2.500144350066710786e+01,2.500114743675737827e+01,2.500090934174915347e+01,2.500071847292139537e+01,2.500056594899485418e+01
5.716801520964217787e+01,5.929459021820324693e+01,6.136881484022843836e+01,6.337045552829842876e+01,6.528080828023334448e+01,6.708319988586038107e+01,6.876339176578959211e+01,7.030986133516057635e+01,7.171394261623478883e+01,7.296981637908656637e+01,7.407434987916505520e+01,7.502679660629573277e+01,7.582837658355032318e+01,7.648176683882495297e+01,7.699053893030188078e+01,7.735858515658259194e+01,7.758957681338270618e+01,7.768649629164944770e+01,7.765127993644287585e+01,7.748460067632899495e+01,7.718580903744188504e+01,7.675303905824861772e+01,7.618347277636536319e+01,7.547374441373710852e+01,7.462045418364465377e+01,7.362075272492722888e+01,7.247295128940999120e+01,7.117711046124864538e+01,6.973556155768858389e+01,6.815331981088158386e+01,6.643835651128557629e+01,6.460170779128290519e+01,6.265740973502026634e+01,6.062226200279618382e+01,5.851543413132003479e+01,5.635793917483337623e+01,5.417200761321102220e+01,5.198039992794615216e+01,4.980569865815043329e+01,4.766962009492731056e+01,4.559238230997347330e+01,4.359216041532140196e+01,4.168465244473567566e+01,3.988277074960446100e+01,3.819646504493372419e+01,3.663267490513136693e+01,3.519540216989617676e+01,3.388588780839737780e+01,3.270287357035594056e+01,3.164292632275887485e+01,3.070080227300610076e+01,2.986982912661906653e+01,2.914228633888538411e+01,2.850976665698287960e+01,2.796350575501401181e+01,2.749467059581604289e+01,2.709460090773521301e+01,2.675500159788842680e+01,2.646808686040200698e+01,2.622667907359701900e+01,2.602426727437975629e+01,2.585503106717108679e+01,2.571383632753801152e+01,2.559620908539352868e+01,2.549829362304981828e+01,2.541680020727755007e+01,2.534894709397268642e+01,2.529240058880333208e+01,2.524521609054908211e+01,2.520578224082737506e+01,2.517276959171470452e+01,2.514508460246069887e+01,2.512182929560823652e+01,2.510226653849827017e+01,2.508579065816132214e+01,2.507190293131595382e+01,2.506019139987900246e+01,2.505031442912465778e+01,2.504198743463513921e+01,2.503497224167122326e+01,2.502906859516104277e+01,2.502410740125352362e+01,2.501994534575247897e+01,2.501646059624687268e+01,2.501354935060101070e+01,2.501112304321848967e+01,2.500910606168248762e+01,2.500743386021160575e+01,2.500605138348401013e+01,2.500491173562475922e+01,2.500397504545245653e+01,2.500320749135532594e+01,2.500258045824892861e+01,2.500206980568546200e+01,2.500165523094523223e+01,2.500131971433516398e+01,2.500104903633143749e+01,2.500083135792543132e+01,2.500065685678115912e+01,2.500051741274364048e+01
5.621265922131628656e+01,5.827226745279823916e+01,6.027916273458831142e+01,6.221344373717411003e+01,6.405671035787548817e+01,6.579255998940104178e+01,6.740698955233682454e+01,6.888867862107413487e+01,7.022913552369416834e+01,7.142269657082186995e+01,7.246637805474097149e+01,7.335959070316563668e+01,7.410373611935111171e+01,7.470171360033259589e+01,7.515737283574989647e+01,7.547495268836711091e+01,7.565854804771232978e+01,7.571164535556746955e+01,7.563676281114871358e+01,7.543522373419045834e+01,7.510708161932856797e+01,7.465120380618377283e+01,7.406550833443688475e+01,7.334733645805613378e+01,7.249393246151561243e+01,7.150299376229349946e+01,7.037324852687029875e+01,6.910501565116734923e+01,6.770070314535135481e+01,6.616520559008424129e+01,6.450616897180438514e+01,6.273410117887047477e+01,6.086231788131364340e+01,5.890672545436827079e+01,5.688545405891326823e+01,5.481836405905602305e+01,5.272645689565531057e+01,5.063122682082130410e+01,4.855399226326740347e+01,4.651524503249477505e+01,4.453405232254154100e+01,4.262754099180463641e+01,4.081048647304177734e+01,3.909502058991321860e+01,3.749046422168679271e+01,3.600328281642357808e+01,3.463715575509207412e+01,3.339314492695407921e+01,3.226994384482355827e+01,3.126418630151895073e+01,3.037079289217935951e+01,2.958333452404855279e+01,2.889439403824711761e+01,2.829590995508046447e+01,2.777948978514574563e+01,2.733668399568807317e+01,2.695921529660676796e+01,2.663916118049484538e+01,2.636909044865766205e+01,2.614215667975273050e+01,2.595215321146838505e+01,2.579353522359607354e+01,2.566141498906398510e+01,2.555153638194024168e+01,2.546023439706037905e+01,2.538438484749933721e+01,2.532134866098303760e+01,2.526891438010172664e+01,2.522524165370522553e+01,2.518880774065466710e+01,2.515835836764508571e+01,2.513286371016609522e+01,2.511147980702583382e+01,2.509351537147325928e+01,2.507840371608205388e+01,2.506567935020540716e+01,2.505495872200508600e+01,2.504592454564878778e+01,2.503831316319868350e+01,2.503190442681321670e+01,2.502651363927483530e+01,2.502198515103615861e+01,2.501818727368555884e+01,2.501500822868309371e+01,2.501235290375248255e+01,2.501014023605383585e+01,2.500830108076215907e+01,2.500677645613833633e+01,2.500551608220363065e+01,2.500447715052857234e+01,2.500362327831274456e+01,2.500292361173560352e+01,2.500235205229974156e+01,2.500188658626221283e+01,2.500150870183811591e+01,2.500120288213361874e+01,2.500095616409102206e+01,2.500075775538682876e+01,2.500059870242330007e+01,2.500047160344452735e+01
5.521444117263923346e+01,5.720450854740787605e+01,5.914173812577763556e+01,6.100661122783515111e+01,6.278107812577177071e+01,6.444904778287711622e+01,6.599678666512642167e+01,6.741320241840571725e+01,6.868999450764827941e+01,6.982166189618433805e+01,7.080536701197598859e+01,7.164066497093274677e+01,7.232911658014593570e+01,7.287381226160152892e+01,7.327884098299237792e+01,7.354874291526923002e+01,7.368798637462026591e+01,7.370050838064321397e+01,7.358935385298551068e+01,7.335644132026213526e+01,7.300247352643580712e+01,7.252700020907653311e+01,7.192862847040458973e+01,7.120536453077849615e+01,7.035506020939185134e+01,6.937592909267343089e+01,6.826709172977065521e+01,6.702910680088929496e+01,6.566444622053583657e+01,6.417787644802093894e+01,6.257671548078108970e+01,6.087094445659130315e+01,5.907316366273797570e+01,5.719839411818255570e+01,5.526373682162719092e+01,5.328791138204731226e+01,5.129070335717523221e+01,4.929235471639658783e+01,4.731293415705863481e+01,4.537172352839507994e+01,4.348665358179366081e+01,4.167381709448032723e+01,3.994708067438746468e+01,3.831780889630947939e+01,3.679470650819452260e+01,3.538377690126131370e+01,3.408838838308069796e+01,3.290943442253627893e+01,3.184557019336958206e+01,3.089350551973353021e+01,3.004833367283385570e+01,2.930387621488928573e+01,2.865302598146129753e+01,2.808807302999127131e+01,2.760100163757827119e+01,2.718374989346192550e+01,2.682842682667173051e+01,2.652748511535604692e+01,2.627385008195524918e+01,2.606100779189580408e+01,2.588305660648109097e+01,2.573472750733109038e+01,2.561137896333021402e+01,2.550897213134658870e+01,2.542403186307502239e+01,2.535359842989536361e+01,2.529517416824780085e+01,2.524666847110689716e+01,2.520634377313591301e+01,2.517276444798492818e+01,2.514474988969854863e+01,2.512133250540589913e+01,2.510172091021157925e+01,2.508526828486218108e+01,2.507144562305740720e+01,2.505981944487654900e+01,2.505003347049472495e+01,2.504179371879138571e+01,2.503485650426943110e+01,2.502901884036982239e+01,2.502411080742654192e+01,2.501998950106421304e+01,2.501653423583587710e+01,2.501364273524809789e+01,2.501122809049581264e+01,2.500921631491537056e+01,2.500754435893908934e+01,2.500615848138962249e+01,2.500501289785979964e+01,2.500406864645870186e+01,2.500329262621512072e+01,2.500265677474799020e+01,2.500213736020102573e+01,2.500171436855996276e+01,2.500137097188006408e+01,2.500109306609762072e+01,2.500086886933413410e+01,2.500068857319399385e+01,2.500054404070515091e+01,2.500042854540156512e+01
5.417869462215783471e+01,5.609701730795664787e+01,5.796260902106671864e+01,5.975638118839977864e+01,6.146067825819186226e+01,6.305975943016652252e+01,6.454019288190875159e+01,6.589113881082425905e+01,6.710450366017126100e+01,6.817495557750740431e+01,6.909979999178395360e+01,6.987872358453196853e+01,7.051342417257717443e+01,7.100715237874433683e+01,7.136419773286634438e+01,7.158935639885640967e+01,7.168741959796230390e+01,7.166272073090503625e+01,7.151877516886166575e+01,7.125803991507805790e+01,7.088181130928617790e+01,7.039026834075231420e+01,6.978265779287266923e+01,6.905760628600377515e+01,6.821353423916249881e+01,6.724913867412020352e+01,6.616390631278306955e+01,6.495861601924097783e+01,6.363579049119604747e+01,6.220006110659498688e+01,6.065841660249807177e+01,5.902031519290991923e+01,5.729765003599904816e+01,5.550456875822378322e+01,5.365715814059699795e+01,5.177301424819741271e+01,4.987072555818018316e+01,4.796930153175843259e+01,4.608758133040396388e+01,4.424365698371605760e+01,4.245434248819475442e+01,4.073471545333316612e+01,3.909775155232454580e+01,3.755406479503352557e+01,3.611175915182271012e+01,3.477638990720882362e+01,3.355102681104517615e+01,3.243640599695048365e+01,3.143115398568220797e+01,3.053206497268880781e+01,2.973441196791792862e+01,2.903227305419656901e+01,2.841885581802515048e+01,2.788680559387965019e+01,2.742848624338712682e+01,2.703622546890224143e+01,2.670251987644395086e+01,2.642019794538173727e+01,2.618254158024366518e+01,2.598336892254621944e+01,2.581708255293549925e+01,2.567868812949230772e+01,2.556378893719113066e+01,2.546856184179776506e+01,2.538971983814341371e+01,2.532446585034067255e+01,2.527044176795745756e+01,2.522567596465314210e+01,2.518853180734438624e+01,2.515765897200512669e+01,2.513194876872124439e+01,2.511049416171771043e+01,2.509255475623076492e+01,2.507752671080671192e+01,2.506491731206456919e+01,2.505432380650184143e+01,2.504541600611239005e+01,2.503792215682145894e+01,2.503161756741187816e+01,2.502631552981339880e+01,2.502186010951901451e+01,2.501812043979077771e+01,2.501498620956342833e+01,2.501236408867011463e+01,2.501017488279882528e+01,2.500835125319252228e+01,2.500683587213000436e+01,2.500557991484986431e+01,2.500454181235078721e+01,2.500368620815447329e+01,2.500298307645885387e+01,2.500240696992996803e+01,2.500193637340570518e+01,2.500155314564496578e+01,2.500124203547960278e+01,2.500099026174159533e+01,2.500078714847909112e+01,2.500062380849909260e+01,2.500049286937124648e+01,2.500038823683501477e+01
5.311092250641939927e+01,5.495567409019287197e+01,5.674802500527293603e+01,5.846936089948653859e+01,6.010246117837743185e+01,6.163197133158561769e+01,6.304479127211892120e+01,6.433035659235858361e+01,6.548079543083228771e+01,6.649095101365207938e+01,6.735826843147449949e+01,6.808255325521966483e+01,6.866561851124711779e+01,6.911084462256022221e+01,6.942268349408698214e+01,6.960614238086498062e+01,6.966628507736800202e+01,6.960778704847547260e+01,6.943457736063467678e+01,6.914959388104935556e+01,6.875466964246976431e+01,6.825055817258629531e+01,6.763709476078179250e+01,6.691347996206226867e+01,6.607866200072490415e+01,6.513178693733522095e+01,6.407268014976853010e+01,6.290232028475699622e+01,6.162326753703940341e+01,6.024001181413899531e+01,5.875921269138667213e+01,5.718981147619334848e+01,5.554300543953819869e+01,5.383208450045300708e+01,5.207214051760043816e+01,5.027966806827299706e+01,4.847208253128677313e+01,4.666718597543508906e+01,4.488261354720359009e+01,4.313529273528206431e+01,4.144094526303990733e+01,3.981365680091984416e+01,3.826553370700057144e+01,3.680645917818857527e+01,3.544395412421255287e+01,3.418314131989262705e+01,3.302680542133116148e+01,3.197553660489765548e+01,3.102794212569896715e+01,3.018090807883552174e+01,2.942989303951307534e+01,2.876923590850615398e+01,2.819246197103865370e+01,2.769257361632622150e+01,2.726231507185701730e+01,2.689440360180790179e+01,2.658172265616686047e+01,2.631747523708457237e+01,2.609529812825110184e+01,2.590933952540011376e+01,2.575430397839874885e+01,2.562546942023409002e+01,2.551868146312718366e+01,2.543033015842017264e+01,2.535731412913014537e+01,2.529699647973913201e+01,2.524715624999254615e+01,2.520593848125762904e+01,2.517180526499035409e+01,2.514348948792018490e+01,2.511995240796829876e+01,2.510034570579048818e+01,2.508397826530202224e+01,2.507028764022154732e+01,2.505881595421926633e+01,2.504918984768099222e+01,2.504110401072986747e+01,2.503430781615402978e+01,2.502859457437977753e+01,2.502379296433256073e+01,2.501976023962912521e+01,2.501637686176302822e+01,2.501354226542351356e+01,2.501117151215187917e+01,2.500919263491639555e+01,2.500754451669379108e+01,2.500617518040373355e+01,2.500504039572503245e+01,2.500410253094398172e+01,2.500332959574561187e+01,2.500269443452069495e+01,2.500217404007643296e+01,2.500174896529344082e+01,2.500140281586552149e+01,2.500112181129274802e+01,2.500089440417886166e+01,2.500071094992942378e+01,2.500056342040147328e+01,2.500044515609981843e+01,2.500035065228119535e+01
5.201674311342185320e+01,5.378647820054482054e+01,5.550435624931334644e+01,5.715227757751476645e+01,5.871349400596638901e+01,6.017307048134522063e+01,6.151826629988266149e+01,6.273881347332362424e+01,6.382707530651939010e+01,6.477807530995656293e+01,6.558939471822991152e+01,6.626094557072855196e+01,6.679463489201268089e+01,6.719394330956257022e+01,6.746344781100759747e+01,6.760832269892590318e+01,6.763385471477847943e+01,6.754500752621251536e+01,6.734606727367861367e+01,6.704039485438732981e+01,6.663030250869030624e+01,6.611706268381009011e+01,6.550104684344276507e+01,6.478198170761974950e+01,6.395930118622564464e+01,6.303256477773134492e+01,6.200190806180075498e+01,6.086848853594775477e+01,5.963489060508206308e+01,5.830545694371713239e+01,5.688651938185450518e+01,5.538651037257662324e+01,5.381594527989752663e+01,5.218727538840163049e+01,5.051462087758996233e+01,4.881340128093487607e+01,4.709988754641528175e+01,4.539070429240587146e+01,4.370231297762090605e+01,4.205050645873618720e+01,4.044994297854065479e+01,3.891374336530849121e+01,3.745316960928688843e+01,3.607739656415677132e+01,3.479338186438455693e+01,3.360583278107517202e+01,3.251726310707993406e+01,3.152812860415977170e+01,3.063702627137115186e+01,2.984094078524113769e+01,2.913552087958927217e+01,2.851536903677554946e+01,2.797432943959760365e+01,2.750576142633027388e+01,2.710278842710793157e+01,2.675851527463466439e+01,2.646620964328821657e+01,2.621944599008521948e+01,2.601221261316371880e+01,2.583898422681756912e+01,2.569476374539619101e+01,2.557509778316713778e+01,2.547607075830346801e+01,2.539428250382018604e+01,2.532681401607286631e+01,2.527118549496935174e+01,2.522531022772864162e+01,2.518744720877478471e+01,2.515615472845468759e+01,2.513024654503612609e+01,2.510875170644938237e+01,2.509087862663877999e+01,2.507598365195912038e+01,2.506354407353548197e+01,2.505313534401788544e+01,2.504441213037872416e+01,2.503709276540516626e+01,2.503094663627136285e+01,2.502578405686057650e+01,2.502144820069820241e+01,2.501780871465718548e+01,2.501475668313162615e+01,2.501220066308058421e+01,2.501006355875437848e+01,2.500828014888218220e+01,2.500679511750603723e+01,2.500556147213490021e+01,2.500453925962663604e+01,2.500369451167353674e+01,2.500299836862850356e+01,2.500242634338708925e+01,2.500195769684469482e+01,2.500157490372843583e+01,2.500126319292675703e+01,2.500101015028104712e+01,2.500080537454703844e+01,2.500064017918183268e+01,2.500050733399594804e+01,2.500040084170150223e+01,2.500031574511222132e+01
5.090183484244671774e+01,5.259548907142523433e+01,5.423803130500834868e+01,5.581191304363039762e+01,5.730089240071530554e+01,5.869048382676497511e+01,5.996833107214365555e+01,6.112448161523450807e+01,6.215154604656277115e+01,6.304473263338501710e+01,6.380175508148541752e+01,6.442261983100659961e+01,6.490930745856564954e+01,6.526537026187368440e+01,6.549547424936082507e+01,6.560491799738505847e+01,6.559916275454136780e+01,6.548340752606344495e+01,6.526223962851832994e+01,6.493938555351351738e+01,6.451757931926059086e+01,6.399855640512392796e+01,6.338317157815402680e+01,6.267162922806817704e+01,6.186380602747696855e+01,6.095963855656518859e+01,5.995954356724953982e+01,5.886483620929967486e+01,5.767811196849952893e+01,5.640356119909349530e+01,5.504719065960517810e+01,5.361693387091951735e+01,5.212264074642858702e+01,5.057594604928463156e+01,4.899002505128355267e+01,4.737925259857585303e+01,4.575878804718622916e+01,4.414411279845651848e+01,4.255054921820457992e+01,4.099278954374474893e+01,3.948446114078040381e+01,3.803775049929869567e+01,3.666310310363463998e+01,3.536901029369558813e+01,3.416188798348120770e+01,3.304604611684182913e+01,3.202374244150287552e+01,3.109530988962605491e+01,3.025934376591252573e+01,2.951293313965091869e+01,2.885192027937865333e+01,2.827117252773270906e+01,2.776485248966449504e+01,2.732667455736327611e+01,2.695013836289365017e+01,2.662873248691752792e+01,2.635610443981731166e+01,2.612619539303928207e+01,2.593334024582369324e+01,2.577233528872099910e+01,2.563847694080643791e+01,2.552757580308168883e+01,2.543595062822294040e+01,2.536040681987150336e+01,2.529820381785789607e+01,2.524701527682672975e+01,2.520488537845088572e+01,2.517018399664818773e+01,2.514156281390378922e+01,2.511791390478385111e+01,2.509833178689089195e+01,2.508207950506062289e+01,2.506855896695915931e+01,2.505728548528160005e+01,2.504786629604773651e+01,2.503998270336764875e+01,2.503337543634334139e+01,2.502783278118049992e+01,2.502318105963849604e+01,2.501927705361821452e+01,2.501600201669078061e+01,2.501325696022950495e+01,2.501095894975419398e+01,2.500903819286547858e+01,2.500743574171335482e+01,2.500610166925806155e+01,2.500499360930589887e+01,2.500407557559238114e+01,2.500331699549993658e+01,2.500269190996057489e+01,2.500217830338644731e+01,2.500175753676280976e+01,2.500141386394167142e+01,2.500113401622559550e+01,2.500090684397771312e+01,2.500072300659933333e+01,2.500057470406599691e+01,2.500045544452557422e+01,2.500035984340058448e+01,2.500028345012075093e+01
4.977188065981756893e+01,5.138876717594889953e+01,5.295547470190844308e+01,5.445503827921468343e+01,5.587175240210788729e+01,5.719160776008985891e+01,5.840265488595684218e+01,5.949527366338041645e+01,6.046233264754307157e+01,6.129922856391225849e+01,6.200380378288129180e+01,6.257614751706650225e+01,6.301829437033345727e+01,6.333384106677226555e+01,6.352750810649624214e+01,6.360467720929921853e+01,6.357093731749055365e+01,6.343167140369437362e+01,6.319171333304348792e+01,6.285509873625911581e+01,6.242492663696638289e+01,6.190333999491396355e+01,6.129162405869968211e+01,6.059041222087065393e+01,5.979998069262956761e+01,5.892060645721327461e+01,5.795295818302493274e+01,5.689848746049899120e+01,5.575978803426175290e+01,5.454089356761738827e+01,5.324748961129811420e+01,5.188702237315047228e+01,5.046869497789823811e+01,4.900335046317073306e+01,4.750324906294824245e+01,4.598175471868022157e+01,4.445295167920117052e+01,4.293121610699518698e+01,4.143076958750108219e+01,3.996524131821832526e+01,3.854726369331288538e+01,3.718812230698146948e+01,3.589747649621548220e+01,3.468316091578516591e+01,3.355107278455159303e+01,3.250514383025804932e+01,3.154739098753269388e+01,3.067803587150304878e+01,2.989568014552476782e+01,2.919752219965431195e+01,2.857960002404785627e+01,2.803704567700933836e+01,2.756433812384944204e+01,2.715554323317766716e+01,2.680453212063783397e+01,2.650517159389639232e+01,2.625148297118636265e+01,2.603776785262457949e+01,2.585870139883396845e+01,2.570939524271981824e+01,2.558543329962796875e+01,2.548288445854445783e+01,2.539829647182448369e+01,2.532867537247470224e+01,2.527145450640354696e+01,2.522445684522000420e+01,2.518585371231957382e+01,2.515412247201731333e+01,2.512800514807998908e+01,2.510646939155494195e+01,2.508867273353122940e+01,2.507393065066461801e+01,2.506168864504006066e+01,2.505149829322904509e+01,2.504299704524222747e+01,2.503589144245381704e+01,2.502994336305428646e+01,2.502495888261507417e+01,2.502077934514965563e+01,2.501727426720843184e+01,2.501433573626716722e+01,2.501187400887628698e+01,2.500981405925233503e+01,2.500809287214485721e+01,2.500665731300188455e+01,2.500546244269787621e+01,2.500447017306347064e+01,2.500364818331314609e+01,2.500296903663662462e+01,2.500240945128972925e+01,2.500194969213037766e+01,2.500157305732563628e+01,2.500126544148357510e+01,2.500101496124212375e+01,2.500081163279881125e+01,2.500064709333171820e+01,2.500051436001290384e+01,2.500040762155701657e+01,2.500032205813410613e+01,2.500025368611878562e+01
4.863251316283833603e+01,5.017231564873741689e+01,5.166304536241140255e+01,5.308834892796649285e+01,5.443308336173217299e+01,5.568373886899660619e+01,5.682879222183655088e+01,5.785897043578933108e+01,5.876740919902891847e+01,5.954969659639949242e+01,6.020379974158576886e+01,6.072987950504983701e+01,6.113000604930483206e+01,6.140779477080704396e+01,6.156798793092142574e+01,6.161601123780436495e+01,6.155753653511339962e+01,6.139808133900954346e+01,6.114267320517099336e+01,6.079560196386125881e+01,6.036027608645018461e+01,5.983919136044160325e+01,5.923401129537344900e+01,5.854574997074684006e+01,5.777504008596935137e+01,5.692246243685260509e+01,5.598890845757588863e+01,5.497594519416486492e+01,5.388615227417388809e+01,5.272340304879924133e+01,5.149306684036524473e+01,5.020211568172355499e+01,4.885912650139005109e+01,4.747417772887668974e+01,4.605864709468684026e+01,4.462492435377417621e+01,4.318605824885936784e+01,4.175536087607842717e+01,4.034599451720529828e+01,3.897056593677250191e+01,3.764075125436435343e+01,3.636697108059095740e+01,3.515813104324678307e+01,3.402143758174771193e+01,3.296229342092844661e+01,3.198427188823660572e+01,3.108916458470985589e+01,3.027709314240399863e+01,2.954667307665797438e+01,2.889521614073077416e+01,2.831895708335677853e+01,2.781329118372223164e+01,2.737301021868423234e+01,2.699252639171616863e+01,2.666607599657287508e+01,2.638789698341838985e+01,2.615237694853151851e+01,2.595417022493807480e+01,2.578828459791523287e+01,2.565013963834690358e+01,2.553559971207711143e+01,2.544098539393710467e+01,2.536306732774135853e+01,2.529904658370372417e+01,2.524652533803334009e+01,2.520347130416018899e+01,2.516817884589151433e+01,2.513922915678662662e+01,2.511545134368991583e+01,2.509588574067355182e+01,2.507975032623896183e+01,2.506641073486126814e+01,2.505535404859174875e+01,2.504616632357739192e+01,2.503851364346837371e+01,2.503212638736914641e+01,2.502678634353801002e+01,2.502231628062554947e+01,2.501857159577055612e+01,2.501543368451609339e+01,2.501280471397670979e+01,2.501060352228004291e+01,2.500876240982653087e+01,2.500722462848480276e+01,2.500594241168813880e+01,2.500487542059387636e+01,2.500398950871861103e+01,2.500325572990360712e+01,2.500264953250390221e+01,2.500215009688045242e+01,2.500173978420894372e+01,2.500140367289212762e+01,2.500112916501660010e+01,2.500090564980247620e+01,2.500072421425159064e+01,2.500057739352810771e+01,2.500045895525794393e+01,2.500036371310420336e+01,2.500028736581009170e+01,2.500022635850431030e+01
