2.500000000195757366e+01,2.500000000422262403e+01,2.500000000899533603e+01,2.500000001892448154e+01,2.500000003931894099e+01,2.500000008067722490e+01,2.500000016348256082e+01,2.500000032716228304e+01,2.500000064658607712e+01,2.500000126200415096e+01,2.500000243257666810e+01,2.500000463066762180e+01,2.500000870546555021e+01,2.500001616261812032e+01,2.500002963485055574e+01,2.500005366178194066e+01,2.500009596188222361e+01,2.500016947425924840e+01,2.500029558340647995e+01,2.500050912881157217e+01,2.500086605728250433e+01,2.500145491251762309e+01,2.500241378432065531e+01,2.500395486225865227e+01,2.500639934584530621e+01,2.501022612554346125e+01,2.501613830717433373e+01,2.502515221020177805e+01,2.503871378636696221e+01,2.505884728941756734e+01,2.508834024446383637e+01,2.513096705112964102e+01,2.519175063914666524e+01,2.527725724941716123e+01,2.539591350808456838e+01,2.555832753667963075e+01,2.577758718550999717e+01,2.606949919247258407e+01,2.645272411588015515e+01,2.694875458560676407e+01,2.758168037351483193e+01,2.837768476658585115e+01,2.936422443109477598e+01,3.056886072038988544e+01,3.201773484621470800e+01,3.373371212708501332e+01,3.573425998850788687e+01,3.802916745327450343e+01,4.061825612555864495e+01,4.348926871812929562e+01,4.661614511454973808e+01,4.995790222480631826e+01,5.345831811569462388e+01,5.704658080385884489e+01,6.063899824089882173e+01,6.414178218343592164e+01,6.745482181832522883e+01,7.047626286212769742e+01,7.310761566866298722e+01,7.525904317798712384e+01,7.685443646610096380e+01,7.783587942453249298e+01,7.816713777496666182e+01,7.783587942453249298e+01,7.685443646610096380e+01,7.525904317798712384e+01,7.310761566866298722e+01,7.047626286212769742e+01,6.745482181832522883e+01,6.414178218343592164e+01,6.063899824089882173e+01,5.704658080385884489e+01,5.345831811569462388e+01,4.995790222480631826e+01,4.661614511454973808e+01,4.348926871812929562e+01,4.061825612555864495e+01,3.802916745327450343e+01,3.573425998850788687e+01,3.373371212708501332e+01,3.201773484621470800e+01,3.056886072038988544e+01,2.936422443109477598e+01,2.837768476658585115e+01,2.758168037351483193e+01,2.694875458560676407e+01,2.645272411588015515e+01,2.606949919247258407e+01,2.577758718550999717e+01,2.555832753667963075e+01,2.539591350808456838e+01,2.527725724941716123e+01,2.519175063914666524e+01,2.513096705112964102e+01,2.508834024446383637e+01,2.505884728941756734e+01,2.503871378636696221e+01,2.502515221020177805e+01,2.501613830717433373e+01,2.501022612554346125e+01
2.500000000203601047e+01,2.500000000439181136e+01,2.500000000935575883e+01,2.500000001968273722e+01,2.500000004089435635e+01,2.500000008390976802e+01,2.500000017003291575e+01,2.500000034027089413e+01,2.500000067249322910e+01,2.500000131256962987e+01,2.500000253004418482e+01,2.500000481620737602e+01,2.500000905427269160e+01,2.500001681021549516e+01,2.500003082224799655e+01,2.500005581188093728e+01,2.500009980684486166e+01,2.500017626468665100e+01,2.500030742672517547e+01,2.500052952838285947e+01,2.500090075812219936e+01,2.500151320737532501e+01,2.500251049887344834e+01,2.500411332411103515e+01,2.500665575229649562e+01,2.501063586188579890e+01,2.501678493046533802e+01,2.502615999898414145e+01,2.504026495500425042e+01,2.506120515926963677e+01,2.509187982634105296e+01,2.513621458698947819e+01,2.519943362770286654e+01,2.528836628291961119e+01,2.541177681349724793e+01,2.558069838297257093e+01,2.580874324044838275e+01,2.611235146192630197e+01,2.651093128956832246e+01,2.702683651141778398e+01,2.768512211876146623e+01,2.851302050013870115e+01,2.953908844463873251e+01,3.079199162298426984e+01,3.229891866262273936e+01,3.408365104058322004e+01,3.616435606024999316e+01,3.855121496709686824e+01,4.124404221740442722e+01,4.423008940381841114e+01,4.748225224349283025e+01,5.095790555221826423e+01,5.459857471866972389e+01,5.833061049302806822e+01,6.206696748709230604e+01,6.571009958734678946e+01,6.915588478029198427e+01,7.229838772545807046e+01,7.503517253258488040e+01,7.727280258604241681e+01,7.893211945965130383e+01,7.995288648527625242e+01,8.029741756391030094e+01,7.995288648527625242e+01,7.893211945965130383e+01,7.727280258604241681e+01,7.503517253258488040e+01,7.229838772545807046e+01,6.915588478029198427e+01,6.571009958734678946e+01,6.206696748709230604e+01,5.833061049302806822e+01,5.459857471866972389e+01,5.095790555221826423e+01,4.748225224349283025e+01,4.423008940381841114e+01,4.124404221740442722e+01,3.855121496709686824e+01,3.616435606024999316e+01,3.408365104058322004e+01,3.229891866262273936e+01,3.079199162298426984e+01,2.953908844463873251e+01,2.851302050013870115e+01,2.768512211876146623e+01,2.702683651141778398e+01,2.651093128956832246e+01,2.611235146192630197e+01,2.580874324044838275e+01,2.558069838297257093e+01,2.541177681349724793e+01,2.528836628291961119e+01,2.519943362770286654e+01,2.513621458698947819e+01,2.509187982634105296e+01,2.506120515926963677e+01,2.504026495500425042e+01,2.502615999898414145e+01,2.501678493046533802e+01,2.501063586188579890e+01
2.500000000211255369e+01,2.500000000455692017e+01,2.500000000970748104e+01,2.500000002042269642e+01,2.500000004243174700e+01,2.500000008706429000e+01,2.500000017642516781e+01,2.500000035306310409e+01,2.500000069777507505e+01,2.500000136191463440e+01,2.500000262515916560e+01,2.500000499726882808e+01,2.500000939466080752e+01,2.500001744218205602e+01,2.500003198098567836e+01,2.500005791008381806e+01,2.500010355900311154e+01,2.500018289121611659e+01,2.500031898418624010e+01,2.500054943557753973e+01,2.500093462140106837e+01,2.500157009519245932e+01,2.500260487906426476e+01,2.500426796123061024e+01,2.500690596996375348e+01,2.501103570857957692e+01,2.501741594645858058e+01,2.502714346315614691e+01,2.504177868368054050e+01,2.506350611812364448e+01,2.509533397469140326e+01,2.514133546509384942e+01,2.520693117491826385e+01,2.529920718195164042e+01,2.542725723240634395e+01,2.560252927274973089e+01,2.583914729366767205e+01,2.615416942262815780e+01,2.656773353908481639e+01,2.710303380380662830e+01,2.778606713037461162e+01,2.864508968712498316e+01,2.970973183271989981e+01,3.100973690077263001e+01,3.257331565336434664e+01,3.442514361307163284e+01,3.658407106847279522e+01,3.906066202079614413e+01,4.185472395095500531e+01,4.495302918544949478e+01,4.832745447766748725e+01,5.193377218380005900e+01,5.571130938642730257e+01,5.958364805127657604e+01,6.346047038861936329e+01,6.724056311706979727e+01,7.081588983957443872e+01,7.407653266153701566e+01,7.691620469759389778e+01,7.923795665752038531e+01,8.095965421761871994e+01,8.201879616054672795e+01,8.237627960864307397e+01,8.201879616054672795e+01,8.095965421761871994e+01,7.923795665752038531e+01,7.691620469759389778e+01,7.407653266153701566e+01,7.081588983957443872e+01,6.724056311706979727e+01,6.346047038861936329e+01,5.958364805127657604e+01,5.571130938642730257e+01,5.193377218380005900e+01,4.832745447766748725e+01,4.495302918544949478e+01,4.185472395095500531e+01,3.906066202079614413e+01,3.658407106847279522e+01,3.442514361307163284e+01,3.257331565336434664e+01,3.100973690077263001e+01,2.970973183271989981e+01,2.864508968712498316e+01,2.778606713037461162e+01,2.710303380380662830e+01,2.656773353908481639e+01,2.615416942262815780e+01,2.583914729366767205e+01,2.560252927274973089e+01,2.542725723240634395e+01,2.529920718195164042e+01,2.520693117491826385e+01,2.514133546509384942e+01,2.509533397469140326e+01,2.506350611812364448e+01,2.504177868368054050e+01,2.502714346315614691e+01,2.501741594645858058e+01,2.501103570857957692e+01
2.500000000218675922e+01,2.500000000471698769e+01,2.500000001004847405e+01,2.500000002114007813e+01,2.500000004392223119e+01,2.500000009012256896e+01,2.500000018262239720e+01,2.500000036546503779e+01,2.500000072228559134e+01,2.500000140975416585e+01,2.500000271737227564e+01,2.500000517280626156e+01,2.500000972466399318e+01,2.500001805486790118e+01,2.500003310437133663e+01,2.500005994427245071e+01,2.500010719668645010e+01,2.500018931557623603e+01,2.500033018903974735e+01,2.500056873542193259e+01,2.500096745154229438e+01,2.500162524741436343e+01,2.500269637980185067e+01,2.500441788051321623e+01,2.500714855371901990e+01,2.501142335631672253e+01,2.501802771073146303e+01,2.502809692273646647e+01,2.504324622988049498e+01,2.506573687682918106e+01,2.509868274013730627e+01,2.514630010989460729e+01,2.521419997883092989e+01,2.530971733507732324e+01,2.544226535790438248e+01,2.562369412206249564e+01,2.586862374705331291e+01,2.619471155562668940e+01,2.662280280396198151e+01,2.717690638655118107e+01,2.788393240208253587e+01,2.877312956410464651e+01,2.987516904722759037e+01,3.122083896944683090e+01,3.283934104308519863e+01,3.475621755975556226e+01,3.699098095597705083e+01,3.955456631120480182e+01,4.244677434379696024e+01,4.565391273607939837e+01,4.914687036532568243e+01,5.287986601770298023e+01,5.679009553800320020e+01,6.079845658057947588e+01,6.481145879215102923e+01,6.872433360539682212e+01,7.242524966396874220e+01,7.580042802322503803e+01,7.873984829303421407e+01,8.114315567706346144e+01,8.292533074600603982e+01,8.402167682263635129e+01,8.439171747525861633e+01,8.402167682263635129e+01,8.292533074600603982e+01,8.114315567706346144e+01,7.873984829303421407e+01,7.580042802322503803e+01,7.242524966396874220e+01,6.872433360539682212e+01,6.481145879215102923e+01,6.079845658057947588e+01,5.679009553800320020e+01,5.287986601770298023e+01,4.914687036532568243e+01,4.565391273607939837e+01,4.244677434379696024e+01,3.955456631120480182e+01,3.699098095597705083e+01,3.475621755975556226e+01,3.283934104308519863e+01,3.122083896944683090e+01,2.987516904722759037e+01,2.877312956410464651e+01,2.788393240208253587e+01,2.717690638655118107e+01,2.662280280396198151e+01,2.619471155562668940e+01,2.586862374705331291e+01,2.562369412206249564e+01,2.544226535790438248e+01,2.530971733507732324e+01,2.521419997883092989e+01,2.514630010989460729e+01,2.509868274013730627e+01,2.506573687682918106e+01,2.504324622988049498e+01,2.502809692273646647e+01,2.501802771073146303e+01,2.501142335631672253e+01
2.500000000225819008e+01,2.500000000487106888e+01,2.500000001037670572e+01,2.500000002183061909e+01,2.500000004535695197e+01,2.500000009306642568e+01,2.500000018858776230e+01,2.500000037740295866e+01,2.500000074587906340e+01,2.500000145580381172e+01,2.500000280613529213e+01,2.500000534177607037e+01,2.500001004232032287e+01,2.500001864463049017e+01,2.500003418572623204e+01,2.500006190235321313e+01,2.500011069826817689e+01,2.500019549957300669e+01,2.500034097467078809e+01,2.500058731317492189e+01,2.500099905336466932e+01,2.500167833615096313e+01,2.500278445709753683e+01,2.500456219066121122e+01,2.500738206135737229e+01,2.501179650046033842e+01,2.501861658623317552e+01,2.502901470923301375e+01,2.504465886877277470e+01,2.506788417311656758e+01,2.510190621365395813e+01,2.515107900566779264e+01,2.522119682506835403e+01,2.531983425750854266e+01,2.545671196393248081e+01,2.564406710199963513e+01,2.589699735768334321e+01,2.623373683050495941e+01,2.667581168731928898e+01,2.724801507359728703e+01,2.797813610689443209e+01,2.889637891052388596e+01,3.003441653357694818e+01,3.142404278848812282e+01,3.309541326204890765e+01,3.507490458529618138e+01,3.738266656884584904e+01,4.002999148672410001e+01,4.301667354775053553e+01,4.632857317444312173e+01,4.993562832871751311e+01,5.379056235255129081e+01,5.782851959185460800e+01,6.196781382140907368e+01,6.611190082382921673e+01,7.015258976462069995e+01,7.397439631412903793e+01,7.745982493639894528e+01,8.049526142323699673e+01,8.297707288704773987e+01,8.481746273730647090e+01,8.594962097863933081e+01,8.633174901596693473e+01,8.594962097863933081e+01,8.481746273730647090e+01,8.297707288704773987e+01,8.049526142323699673e+01,7.745982493639894528e+01,7.397439631412903793e+01,7.015258976462069995e+01,6.611190082382921673e+01,6.196781382140907368e+01,5.782851959185460800e+01,5.379056235255129081e+01,4.993562832871751311e+01,4.632857317444312173e+01,4.301667354775053553e+01,4.002999148672410001e+01,3.738266656884584904e+01,3.507490458529618138e+01,3.309541326204890765e+01,3.142404278848812282e+01,3.003441653357694818e+01,2.889637891052388596e+01,2.797813610689443209e+01,2.724801507359728703e+01,2.667581168731928898e+01,2.623373683050495941e+01,2.589699735768334321e+01,2.564406710199963513e+01,2.545671196393248081e+01,2.531983425750854266e+01,2.522119682506835403e+01,2.515107900566779264e+01,2.510190621365395813e+01,2.506788417311656758e+01,2.504465886877277470e+01,2.502901470923301375e+01,2.501861658623317552e+01,2.501179650046033842e+01
2.500000000232640929e+01,2.500000000501821873e+01,2.500000001069017941e+01,2.500000002249010222e+01,2.500000004672715193e+01,2.500000009587788696e+01,2.500000019428485132e+01,2.500000038880400766e+01,2.500000076841148555e+01,2.500000149978250263e+01,2.500000289090644046e+01,2.500000550314694436e+01,2.500001034569095282e+01,2.500001920787017795e+01,2.500003521845025034e+01,2.500006377237482269e+01,2.500011404237616475e+01,2.500020140546200054e+01,2.500035127524855483e+01,2.500060505544597689e+01,2.500102923398440069e+01,2.500172903737168184e+01,2.500286857336578095e+01,2.500470001086817007e+01,2.500760506764965641e+01,2.501215286350071665e+01,2.501917897872354146e+01,2.502989122087582530e+01,2.504600797822342528e+01,2.506993490082235354e+01,2.510498472055972385e+01,2.515564298411020516e+01,2.522787900792149429e+01,2.532949619994695212e+01,2.547050887468501656e+01,2.566352386474440905e+01,2.592409494536783754e+01,2.627100705394300917e+01,2.672643664596701285e+01,2.731592584841851590e+01,2.806810326633106811e+01,2.901408546592849547e+01,3.018650231431013609e+01,3.161810809008454726e+01,3.333996935670358397e+01,3.537925956257065963e+01,3.775673722829994006e+01,4.048403575867223481e+01,4.356094314571679860e+01,4.697289266638934180e+01,5.068891413197840734e+01,5.466030269364783578e+01,5.882024345878991767e+01,6.308458252529570132e+01,6.735385915058195394e+01,7.151661413977478787e+01,7.545387447206344689e+01,7.904459516336896741e+01,8.217172980924652848e+01,8.472851485372720504e+01,8.662450144004529307e+01,8.779086129518942982e+01,8.818453312125782872e+01,8.779086129518942982e+01,8.662450144004529307e+01,8.472851485372720504e+01,8.217172980924652848e+01,7.904459516336896741e+01,7.545387447206344689e+01,7.151661413977478787e+01,6.735385915058195394e+01,6.308458252529570132e+01,5.882024345878991767e+01,5.466030269364783578e+01,5.068891413197840734e+01,4.697289266638934180e+01,4.356094314571679860e+01,4.048403575867223481e+01,3.775673722829994006e+01,3.537925956257065963e+01,3.333996935670358397e+01,3.161810809008454726e+01,3.018650231431013609e+01,2.901408546592849547e+01,2.806810326633106811e+01,2.731592584841851590e+01,2.672643664596701285e+01,2.627100705394300917e+01,2.592409494536783754e+01,2.566352386474440905e+01,2.547050887468501656e+01,2.532949619994695212e+01,2.522787900792149429e+01,2.515564298411020516e+01,2.510498472055972385e+01,2.506993490082235354e+01,2.504600797822342528e+01,2.502989122087582530e+01,2.501917897872354146e+01,2.501215286350071665e+01
2.500000000239098696e+01,2.500000000515752419e+01,2.500000001098693048e+01,2.500000002311441349e+01,2.500000004802426190e+01,2.500000009853938820e+01,2.500000019967805187e+01,2.500000039959691733e+01,2.500000078974201756e+01,2.500000154141535091e+01,2.500000297115585113e+01,2.500000565591020418e+01,2.500001063287963277e+01,2.500001974106635316e+01,2.500003619608820671e+01,2.500006554264847125e+01,2.500011720810762839e+01,2.500020699632768384e+01,2.500036102638794233e+01,2.500062185133471004e+01,2.500105780475357520e+01,2.500177703416190766e+01,2.500294820282685393e+01,2.500483047967086137e+01,2.500781617866587681e+01,2.501249021794407668e+01,2.501971137289476843e+01,2.503072097891427461e+01,2.504728512544743069e+01,2.507187624160486905e+01,2.510789901824467307e+01,2.515996351747784843e+01,2.523420475953271236e+01,2.533864276915802449e+01,2.548356985076735981e+01,2.568194279325727436e+01,2.594974713309191472e+01,2.630628926353608676e+01,2.677436124198181133e+01,2.738021422583738129e+01,2.815327152889899054e+01,2.912551349010355040e+01,3.033047575736915391e+01,3.180182184369403586e+01,3.357148069720339123e+01,3.566738008099856927e+01,3.811085475677187162e+01,4.091386106396018363e+01,4.407618110940928347e+01,4.758284380868768437e+01,5.140201926370156116e+01,5.548365061527027819e+01,5.975906823910894872e+01,6.414178218343592164e+01,6.852957074949927119e+01,7.280788071815324258e+01,7.685443646610096380e+01,8.054483289061965934e+01,8.375877446621433364e+01,8.638653396008454877e+01,8.833515172253702019e+01,8.953388885894210603e+01,8.993848872182604737e+01,8.953388885894210603e+01,8.833515172253702019e+01,8.638653396008454877e+01,8.375877446621433364e+01,8.054483289061965934e+01,7.685443646610096380e+01,7.280788071815324258e+01,6.852957074949927119e+01,6.414178218343592164e+01,5.975906823910894872e+01,5.548365061527027819e+01,5.140201926370156116e+01,4.758284380868768437e+01,4.407618110940928347e+01,4.091386106396018363e+01,3.811085475677187162e+01,3.566738008099856927e+01,3.357148069720339123e+01,3.180182184369403586e+01,3.033047575736915391e+01,2.912551349010355040e+01,2.815327152889899054e+01,2.738021422583738129e+01,2.677436124198181133e+01,2.630628926353608676e+01,2.594974713309191472e+01,2.568194279325727436e+01,2.548356985076735981e+01,2.533864276915802449e+01,2.523420475953271236e+01,2.515996351747784843e+01,2.510789901824467307e+01,2.507187624160486905e+01,2.504728512544743069e+01,2.503072097891427461e+01,2.501971137289476843e+01,2.501249021794407668e+01
2.500000000245151455e+01,2.500000000528808641e+01,2.500000001126506533e+01,2.500000002369955610e+01,2.500000004924000052e+01,2.500000010103392256e+01,2.500000020473292750e+01,2.500000040971276150e+01,2.500000080973443062e+01,2.500000158043646437e+01,2.500000304637102033e+01,2.500000579909025333e+01,2.500001090205226362e+01,2.500002024081382856e+01,2.500003711239654436e+01,2.500006720186851794e+01,2.500012017524499797e+01,2.500021223646466950e+01,2.500037016581446636e+01,2.500063759357619730e+01,2.500108458320840299e+01,2.500182201999589182e+01,2.500302283693674354e+01,2.500495276384592103e+01,2.500801404617084600e+01,2.501280640931670618e+01,2.502021036867530057e+01,2.503149868419811952e+01,2.504848215409714385e+01,2.507369579732393916e+01,2.511063049489600374e+01,2.516401301320231099e+01,2.524013368124767709e+01,2.534721555167398677e+01,2.549581147982151563e+01,2.569920625725934471e+01,2.597379009623386636e+01,2.633935813368227130e+01,2.681927941067645804e+01,2.744046963583841148e+01,2.823309697769931859e+01,2.922995136133067362e+01,3.046541739361950363e+01,3.197401078345284375e+01,3.378846876412590206e+01,3.593742609342892536e+01,3.844275762511783512e+01,4.131672237480335497e+01,4.455909693333981636e+01,4.815453122148893783e+01,5.207038956345042635e+01,5.625534790462041457e+01,6.063899824089882173e+01,6.513266111695055827e+01,6.963152707939951824e+01,7.401814298055080599e+01,7.816713777496666182e+01,8.195095702975493168e+01,8.524625992369431060e+01,8.794054146586105958e+01,8.993848872182604737e+01,9.116757203331634685e+01,9.158241439049331234e+01,9.116757203331634685e+01,8.993848872182604737e+01,8.794054146586105958e+01,8.524625992369431060e+01,8.195095702975493168e+01,7.816713777496666182e+01,7.401814298055080599e+01,6.963152707939951824e+01,6.513266111695055827e+01,6.063899824089882173e+01,5.625534790462041457e+01,5.207038956345042635e+01,4.815453122148893783e+01,4.455909693333981636e+01,4.131672237480335497e+01,3.844275762511783512e+01,3.593742609342892536e+01,3.378846876412590206e+01,3.197401078345284375e+01,3.046541739361950363e+01,2.922995136133067362e+01,2.823309697769931859e+01,2.744046963583841148e+01,2.681927941067645804e+01,2.633935813368227130e+01,2.597379009623386636e+01,2.569920625725934471e+01,2.549581147982151563e+01,2.534721555167398677e+01,2.524013368124767709e+01,2.516401301320231099e+01,2.511063049489600374e+01,2.507369579732393916e+01,2.504848215409714385e+01,2.503149868419811952e+01,2.502021036867530057e+01,2.501280640931670618e+01
2.500000000250759769e+01,2.500000000540905987e+01,2.500000001152277207e+01,2.500000002424172507e+01,2.500000005036645589e+01,2.500000010334525413e+01,2.500000020941655876e+01,2.500000041908567638e+01,2.500000082825856396e+01,2.500000161659179199e+01,2.500000311606223491e+01,2.500000593175487040e+01,2.500001115145630948e+01,2.500002070385883712e+01,2.500003796140934043e+01,2.500006873923208417e+01,2.500012292446979956e+01,2.500021709175539186e+01,2.500037863402301497e+01,2.500065217967562248e+01,2.500110939499933593e+01,2.500186370197922159e+01,2.500309198976662373e+01,2.500506606722378677e+01,2.500819738188596730e+01,2.501309937895528535e+01,2.502067271719625907e+01,2.503221927323264495e+01,2.504959127054127777e+01,2.507538172119010156e+01,2.511316136637638152e+01,2.516776510576877968e+01,2.524562717095789210e+01,2.535515873169953238e+01,2.550715405887354237e+01,2.571520185754171806e+01,2.599606729552459328e+01,2.636999835910773626e+01,2.686089869819426568e+01,2.749629976663436182e+01,2.830705988405562579e+01,2.932671910402068249e+01,3.059044864312135559e+01,3.213355381914348641e+01,3.398952078845428559e+01,3.618763938041267636e+01,3.875028487538443756e+01,4.168999673600371381e+01,4.500654644223885725e+01,4.868423275419024776e+01,5.268967339629578817e+01,5.697037018392376240e+01,6.145430440328929933e+01,6.605076789707405283e+01,7.065255350721230343e+01,7.513952113407921729e+01,7.938343164415991282e+01,8.325381256757162873e+01,8.662450144004529307e+01,8.938041951670987828e+01,9.142407340839197616e+01,9.268127421047995540e+01,9.310560683244889901e+01,9.268127421047995540e+01,9.142407340839197616e+01,8.938041951670987828e+01,8.662450144004529307e+01,8.325381256757162873e+01,7.938343164415991282e+01,7.513952113407921729e+01,7.065255350721230343e+01,6.605076789707405283e+01,6.145430440328929933e+01,5.697037018392376240e+01,5.268967339629578817e+01,4.868423275419024776e+01,4.500654644223885725e+01,4.168999673600371381e+01,3.875028487538443756e+01,3.618763938041267636e+01,3.398952078845428559e+01,3.213355381914348641e+01,3.059044864312135559e+01,2.932671910402068249e+01,2.830705988405562579e+01,2.749629976663436182e+01,2.686089869819426568e+01,2.636999835910773626e+01,2.599606729552459328e+01,2.571520185754171806e+01,2.550715405887354237e+01,2.535515873169953238e+01,2.524562717095789210e+01,2.516776510576877968e+01,2.511316136637638152e+01,2.507538172119010156e+01,2.504959127054127777e+01,2.503221927323264495e+01,2.502067271719625907e+01,2.501309937895528535e+01
2.500000000255886334e+01,2.500000000551964519e+01,2.500000001175834896e+01,2.500000002473733218e+01,2.500000005139616022e+01,2.500000010545807427e+01,2.500000021369793046e+01,2.500000042765357833e+01,2.500000084519170684e+01,2.500000164964183469e+01,2.500000317976786235e+01,2.500000605302529166e+01,2.500001137943973717e+01,2.500002112713420033e+01,2.500003873750279837e+01,2.500007014455578158e+01,2.500012543757134154e+01,2.500022153003872560e+01,2.500038637492073690e+01,2.500066551301562612e+01,2.500113207577470575e+01,2.500190180401319040e+01,2.500315520325270313e+01,2.500516963929035086e+01,2.500836497140755199e+01,2.501336718624823519e+01,2.502109535589150724e+01,2.503287797288357197e+01,2.505060512806558393e+01,2.507692284575476194e+01,2.511547486835987897e+01,2.517119494156333204e+01,2.525064884014950195e+01,2.536241969413358177e+01,2.551752245542720132e+01,2.572982364030212210e+01,2.601643116826391022e+01,2.639800698097826270e+01,2.689894342111715986e+01,2.754733480311767124e+01,2.837467032254988908e+01,2.941517573502234839e+01,3.070474130711677319e+01,3.227939414821041453e+01,3.417330501482738470e+01,3.641636254562423858e+01,3.903139946732998311e+01,4.203121160278897861e+01,4.541556576004352763e+01,4.916843969874283005e+01,5.325576866693558031e+01,5.762398119271750119e+01,6.219958619198405358e+01,6.689002104499212464e+01,7.158588682115886570e+01,7.616458724374095368e+01,8.049526142323699673e+01,8.444476947483695994e+01,8.788436963428011950e+01,9.069663045530077738e+01,9.278206536716135133e+01,9.406496872695453249e+01,9.449797652132578207e+01,9.406496872695453249e+01,9.278206536716135133e+01,9.069663045530077738e+01,8.788436963428011950e+01,8.444476947483695994e+01,8.049526142323699673e+01,7.616458724374095368e+01,7.158588682115886570e+01,6.689002104499212464e+01,6.219958619198405358e+01,5.762398119271750119e+01,5.325576866693558031e+01,4.916843969874283005e+01,4.541556576004352763e+01,4.203121160278897861e+01,3.903139946732998311e+01,3.641636254562423858e+01,3.417330501482738470e+01,3.227939414821041453e+01,3.070474130711677319e+01,2.941517573502234839e+01,2.837467032254988908e+01,2.754733480311767124e+01,2.689894342111715986e+01,2.639800698097826270e+01,2.601643116826391022e+01,2.572982364030212210e+01,2.551752245542720132e+01,2.536241969413358177e+01,2.525064884014950195e+01,2.517119494156333204e+01,2.511547486835987897e+01,2.507692284575476194e+01,2.505060512806558393e+01,2.503287797288357197e+01,2.502109535589150724e+01,2.501336718624823519e+01
2.500000000260496691e+01,2.500000000561909630e+01,2.500000001197020438e+01,2.500000002518303788e+01,2.500000005232219280e+01,2.500000010735816858e+01,2.500000021754824076e+01,2.500000043535884231e+01,2.500000086041997704e+01,2.500000167936431694e+01,2.500000323705944183e+01,2.500000616208588511e+01,2.500001158446919192e+01,2.500002150779307897e+01,2.500003943545710783e+01,2.500007140838776820e+01,2.500012769764716580e+01,2.500022552146393551e+01,2.500039333644436823e+01,2.500067750391962917e+01,2.500115247298951715e+01,2.500193606983341965e+01,2.500321205223750454e+01,2.500526278344681330e+01,2.500851568757203225e+01,2.501360802999331057e+01,2.502147544220303743e+01,2.503347035290826383e+01,2.505151690772788697e+01,2.507830880581467170e+01,2.511755544083350955e+01,2.517427945240192599e+01,2.525516491438079214e+01,2.536894960363012075e+01,2.552684693434230567e+01,2.574297326323031498e+01,2.603474475233690910e+01,2.642319562058335691e+01,2.693315770052763725e+01,2.759323149689837607e+01,2.843547356294661199e+01,2.949472631802790090e+01,3.080752668285553497e+01,3.241055088650826121e+01,3.433858535830923131e+01,3.662205725650587596e+01,3.928421069727850323e+01,4.233807205265641471e+01,4.578340392913766266e+01,4.960389540509640227e+01,5.376486796572331173e+01,5.821178491324811688e+01,6.286983103539171935e+01,6.764477596217706434e+01,7.242524966396874220e+01,7.708644698132559370e+01,8.149514923409927292e+01,8.551581768495525182e+01,8.901739096039908361e+01,9.188032178898053814e+01,9.400333109719926483e+01,9.530934921308285368e+01,9.575015874051189257e+01,9.530934921308285368e+01,9.400333109719926483e+01,9.188032178898053814e+01,8.901739096039908361e+01,8.551581768495525182e+01,8.149514923409927292e+01,7.708644698132559370e+01,7.242524966396874220e+01,6.764477596217706434e+01,6.286983103539171935e+01,5.821178491324811688e+01,5.376486796572331173e+01,4.960389540509640227e+01,4.578340392913766266e+01,4.233807205265641471e+01,3.928421069727850323e+01,3.662205725650587596e+01,3.433858535830923131e+01,3.241055088650826121e+01,3.080752668285553497e+01,2.949472631802790090e+01,2.843547356294661199e+01,2.759323149689837607e+01,2.693315770052763725e+01,2.642319562058335691e+01,2.603474475233690910e+01,2.574297326323031498e+01,2.552684693434230567e+01,2.536894960363012075e+01,2.525516491438079214e+01,2.517427945240192599e+01,2.511755544083350955e+01,2.507830880581467170e+01,2.505151690772788697e+01,2.503347035290826383e+01,2.502147544220303743e+01,2.501360802999331057e+01
2.500000000264559574e+01,2.500000000570673464e+01,2.500000001215689949e+01,2.500000002557580459e+01,2.500000005313824047e+01,2.500000010903258740e+01,2.500000022094124574e+01,2.500000044214894501e+01,2.500000087383957492e+01,2.500000170555663459e+01,2.500000328754645551e+01,2.500000625819327027e+01,2.500001176514713919e+01,2.500002184324081256e+01,2.500004005051485123e+01,2.500007252211346298e+01,2.500012968929206281e+01,2.500022903882453562e+01,2.500039947114253636e+01,2.500068807065483512e+01,2.500117044761159590e+01,2.500196626587609927e+01,2.500326214922511170e+01,2.500534486480092156e+01,2.500864850306295040e+01,2.501382026854347629e+01,2.502181038537406010e+01,2.503399237550655698e+01,2.505232039462573468e+01,2.507953015434340571e+01,2.511938890213090403e+01,2.517699761354057131e+01,2.525914461103841191e+01,2.537470395080579166e+01,2.553506393779973038e+01,2.575456109543505079e+01,2.605088321809094865e+01,2.644539258629129108e+01,2.696330832393178056e+01,2.763367700542642424e+01,2.848905515620360518e+01,2.956482861774330928e+01,3.089810416128706905e+01,3.252613003917405621e+01,3.448423522959959797e+01,3.680332145002026323e+01,3.950699534502943777e+01,4.260848645333923912e+01,4.610755367892403456e+01,4.998763170577768733e+01,5.421350115331462405e+01,5.872977473850939134e+01,6.346047038861936329e+01,6.830988806339814801e+01,7.316492074309255145e+01,7.789881673624270775e+01,8.237627960864307397e+01,8.645965668397479931e+01,9.001584248126359000e+01,9.292342520204252310e+01,9.507954616696578398e+01,9.640593368176610056e+01,9.685361832447981101e+01,9.640593368176610056e+01,9.507954616696578398e+01,9.292342520204252310e+01,9.001584248126359000e+01,8.645965668397479931e+01,8.237627960864307397e+01,7.789881673624270775e+01,7.316492074309255145e+01,6.830988806339814801e+01,6.346047038861936329e+01,5.872977473850939134e+01,5.421350115331462405e+01,4.998763170577768733e+01,4.610755367892403456e+01,4.260848645333923912e+01,3.950699534502943777e+01,3.680332145002026323e+01,3.448423522959959797e+01,3.252613003917405621e+01,3.089810416128706905e+01,2.956482861774330928e+01,2.848905515620360518e+01,2.763367700542642424e+01,2.696330832393178056e+01,2.644539258629129108e+01,2.605088321809094865e+01,2.575456109543505079e+01,2.553506393779973038e+01,2.537470395080579166e+01,2.525914461103841191e+01,2.517699761354057131e+01,2.511938890213090403e+01,2.507953015434340571e+01,2.505232039462573468e+01,2.503399237550655698e+01,2.502181038537406010e+01,2.501382026854347629e+01
2.500000000268046918e+01,2.500000000578195625e+01,2.500000001231714464e+01,2.500000002591292869e+01,2.500000005383867219e+01,2.500000011046978443e+01,2.500000022385355081e+01,2.500000044797706877e+01,2.500000088535796650e+01,2.500000172803818188e+01,2.500000333088077653e+01,2.500000634068474525e+01,2.500001192022773466e+01,2.500002213116435001e+01,2.500004057843495531e+01,2.500007347805327385e+01,2.500013139877281887e+01,2.500023205786687086e+01,2.500040473671396768e+01,2.500069714035924662e+01,2.500118587569851059e+01,2.500199218392705092e+01,2.500330514877611421e+01,2.500541531736784862e+01,2.500876250206265539e+01,2.501400243842630644e+01,2.502209787583313627e+01,2.503444044111713040e+01,2.505301004838526069e+01,2.508057846963863469e+01,2.512096260977950379e+01,2.517933068213607228e+01,2.526256048847095315e+01,2.537964305706122659e+01,2.554211680616837299e+01,2.576450723402941279e+01,2.606473528414213803e+01,2.646444482085981775e+01,2.698918739033399561e+01,2.766839244022319377e+01,2.853504563511501146e+01,2.962499924987139366e+01,3.097584917330404508e+01,3.262533464023510277e+01,3.460925031270659247e+01,3.695890523472100142e+01,3.969821721846334839e+01,4.284059018590826895e+01,4.638577986305755019e+01,5.031700258057375663e+01,5.459857471866972389e+01,5.917437891481188217e+01,6.396743154948995169e+01,6.888077112613609643e+01,7.379979972107783226e+01,7.859609488365776997e+01,8.313257678917477733e+01,8.726977831234771088e+01,9.087283946144188462e+01,9.381874806582440840e+01,9.600328962925594567e+01,9.734716073038458717e+01,9.780074646385145343e+01,9.734716073038458717e+01,9.600328962925594567e+01,9.381874806582440840e+01,9.087283946144188462e+01,8.726977831234771088e+01,8.313257678917477733e+01,7.859609488365776997e+01,7.379979972107783226e+01,6.888077112613609643e+01,6.396743154948995169e+01,5.917437891481188217e+01,5.459857471866972389e+01,5.031700258057375663e+01,4.638577986305755019e+01,4.284059018590826895e+01,3.969821721846334839e+01,3.695890523472100142e+01,3.460925031270659247e+01,3.262533464023510277e+01,3.097584917330404508e+01,2.962499924987139366e+01,2.853504563511501146e+01,2.766839244022319377e+01,2.698918739033399561e+01,2.646444482085981775e+01,2.606473528414213803e+01,2.576450723402941279e+01,2.554211680616837299e+01,2.537964305706122659e+01,2.526256048847095315e+01,2.517933068213607228e+01,2.512096260977950379e+01,2.508057846963863469e+01,2.505301004838526069e+01,2.503444044111713040e+01,2.502209787583313627e+01,2.501400243842630644e+01
2.500000000270934208e+01,2.500000000584423887e+01,2.500000001244982073e+01,2.500000002619206185e+01,2.500000005441861717e+01,2.500000011165975167e+01,2.500000022626487706e+01,2.500000045280262739e+01,2.500000089489494570e+01,2.500000174665241914e+01,2.500000336676065515e+01,2.500000640898590021e+01,2.500001204863110615e+01,2.500002236955879908e+01,2.500004101554135971e+01,2.500007426955072631e+01,2.500013281418584299e+01,2.500023455756850765e+01,2.500040909649301213e+01,2.500070464987796726e+01,2.500119864982016082e+01,2.500201364351161004e+01,2.500334075147257451e+01,2.500547365056660709e+01,2.500885689076413243e+01,2.501415327114179732e+01,2.502233591170352867e+01,2.503481142973340923e+01,2.505358106675382501e+01,2.508144645198681388e+01,2.512226560561138200e+01,2.518126241237715135e+01,2.526538876096537933e+01,2.538373253001368113e+01,2.554795642834679015e+01,2.577274242125955084e+01,2.607620449466775625e+01,2.648021965823372170e+01,2.701061469653342328e+01,2.769713606797528271e+01,2.857312475507155725e+01,2.967481922941716022e+01,3.104022035857307671e+01,3.270747390021804080e+01,3.471276009252818540e+01,3.708772523705940927e+01,3.985654478601988870e+01,4.303276704694690835e+01,4.661614511454973808e+01,5.058971452766421351e+01,5.491740728650395198e+01,5.954250153852313332e+01,6.438718440519055264e+01,6.935344993143908709e+01,7.432546575745806194e+01,7.917342608017870020e+01,8.375877446621433364e+01,8.794054146586105958e+01,9.158241439049335497e+01,9.456005599600401013e+01,9.676812919914556232e+01,9.812647633089680710e+01,9.858494803963473885e+01,9.812647633089680710e+01,9.676812919914556232e+01,9.456005599600401013e+01,9.158241439049335497e+01,8.794054146586105958e+01,8.375877446621433364e+01,7.917342608017870020e+01,7.432546575745806194e+01,6.935344993143908709e+01,6.438718440519055264e+01,5.954250153852313332e+01,5.491740728650395198e+01,5.058971452766421351e+01,4.661614511454973808e+01,4.303276704694690835e+01,3.985654478601988870e+01,3.708772523705940927e+01,3.471276009252818540e+01,3.270747390021804080e+01,3.104022035857307671e+01,2.967481922941716022e+01,2.857312475507155725e+01,2.769713606797528271e+01,2.701061469653342328e+01,2.648021965823372170e+01,2.607620449466775625e+01,2.577274242125955084e+01,2.554795642834679015e+01,2.538373253001368113e+01,2.526538876096537933e+01,2.518126241237715135e+01,2.512226560561138200e+01,2.508144645198681388e+01,2.505358106675382501e+01,2.503481142973340923e+01,2.502233591170352867e+01,2.501415327114179732e+01
2.500000000273201550e+01,2.500000000589314553e+01,2.500000001255400406e+01,2.500000002641123942e+01,2.500000005487400045e+01,2.500000011259414023e+01,2.500000022815829581e+01,2.500000045659174930e+01,2.500000090238356165e+01,2.500000176126867046e+01,2.500000339493422175e+01,2.500000646261726800e+01,2.500001214945588757e+01,2.500002255675067175e+01,2.500004135876565314e+01,2.500007489104962843e+01,2.500013392559516490e+01,2.500023652038193944e+01,2.500041251987473245e+01,2.500071054649539803e+01,2.500120868030429833e+01,2.500203049398700728e+01,2.500336870738938444e+01,2.500551945490767736e+01,2.500893100657413370e+01,2.501427170786894294e+01,2.502252282201235545e+01,2.503510273707597733e+01,2.505402944127585840e+01,2.508212800829379674e+01,2.512328874280887447e+01,2.518277924383341215e+01,2.526760957451128320e+01,2.538694366223178633e+01,2.555254181114224465e+01,2.577920884745780228e+01,2.608521033768547426e+01,2.649260636163427662e+01,2.702743982634454767e+01,2.771970611311629540e+01,2.860302520687818983e+01,2.971393882827122468e+01,3.109076584190013293e+01,3.277197121494999976e+01,3.479403794733687505e+01,3.718887716168491409e+01,3.998086661406608044e+01,4.318366798631718950e+01,4.679703230700658878e+01,5.080385315377681366e+01,5.516776070432960921e+01,5.983155844902344711e+01,6.471678235931597101e+01,6.972460635139074725e+01,7.473822876261971260e+01,7.962675755521652832e+01,8.425047683447070312e+01,8.846723749686648830e+01,9.213958616845229699e+01,9.514214513213713076e+01,9.736869582792776612e+01,9.873840981522798188e+01,9.920071808500743771e+01,9.873840981522798188e+01,9.736869582792776612e+01,9.514214513213713076e+01,9.213958616845229699e+01,8.846723749686648830e+01,8.425047683447070312e+01,7.962675755521652832e+01,7.473822876261971260e+01,6.972460635139074725e+01,6.471678235931597101e+01,5.983155844902344711e+01,5.516776070432960921e+01,5.080385315377681366e+01,4.679703230700658878e+01,4.318366798631718950e+01,3.998086661406608044e+01,3.718887716168491409e+01,3.479403794733687505e+01,3.277197121494999976e+01,3.109076584190013293e+01,2.971393882827122468e+01,2.860302520687818983e+01,2.771970611311629540e+01,2.702743982634454767e+01,2.649260636163427662e+01,2.608521033768547426e+01,2.577920884745780228e+01,2.555254181114224465e+01,2.538694366223178633e+01,2.526760957451128320e+01,2.518277924383341215e+01,2.512328874280887447e+01,2.508212800829379674e+01,2.505402944127585840e+01,2.503510273707597733e+01,2.502252282201235545e+01,2.501427170786894294e+01
2.500000000274832601e+01,2.500000000592832805e+01,2.500000001262895211e+01,2.500000002656891951e+01,2.500000005520160684e+01,2.500000011326634208e+01,2.500000022952043111e+01,2.500000045931766124e+01,2.500000090777091089e+01,2.500000177178367622e+01,2.500000341520242486e+01,2.500000650119994461e+01,2.500001222198973849e+01,2.500002269141744193e+01,2.500004160568292733e+01,2.500007533815904992e+01,2.500013472514859103e+01,2.500023793243974168e+01,2.500041498267266249e+01,2.500071478855146268e+01,2.500121589628474439e+01,2.500204261630327096e+01,2.500338881901573274e+01,2.500555240677969238e+01,2.500898432585846720e+01,2.501435691184270738e+01,2.502265728622318619e+01,2.503531230503492466e+01,2.505435200414914121e+01,2.508261832330921237e+01,2.512402479282502199e+01,2.518387045996807316e+01,2.526920723888154896e+01,2.538925376680699486e+01,2.555584055845484315e+01,2.578386082680066593e+01,2.609168918618680522e+01,2.650151741800126359e+01,2.703954390886597281e+01,2.773594311645391741e+01,2.862453574142730517e+01,2.974208166330727465e+01,3.112712851536204894e+01,3.281837090569175075e+01,3.485250964252217187e+01,3.726164636207818859e+01,4.007030435884296082e+01,4.329222687669148684e+01,4.692716345779976450e+01,5.095790555221826423e+01,5.534786620502414678e+01,6.003950743588785599e+01,6.495389677569274056e+01,6.999161813589913095e+01,7.503517253258488040e+01,7.995288648527625242e+01,8.460420997698835777e+01,8.884614525535427276e+01,9.254041833169465292e+01,9.556090296745101398e+01,9.780074646385145343e+01,9.917863782387452432e+01,9.964370613485225192e+01,9.917863782387452432e+01,9.780074646385145343e+01,9.556090296745101398e+01,9.254041833169465292e+01,8.884614525535427276e+01,8.460420997698835777e+01,7.995288648527625242e+01,7.503517253258488040e+01,6.999161813589913095e+01,6.495389677569274056e+01,6.003950743588785599e+01,5.534786620502414678e+01,5.095790555221826423e+01,4.692716345779976450e+01,4.329222687669148684e+01,4.007030435884296082e+01,3.726164636207818859e+01,3.485250964252217187e+01,3.281837090569175075e+01,3.112712851536204894e+01,2.974208166330727465e+01,2.862453574142730517e+01,2.773594311645391741e+01,2.703954390886597281e+01,2.650151741800126359e+01,2.609168918618680522e+01,2.578386082680066593e+01,2.555584055845484315e+01,2.538925376680699486e+01,2.526920723888154896e+01,2.518387045996807316e+01,2.512402479282502199e+01,2.508261832330921237e+01,2.505435200414914121e+01,2.503531230503492466e+01,2.502265728622318619e+01,2.501435691184270738e+01
2.500000000275815992e+01,2.500000000594953775e+01,2.500000001267413552e+01,2.500000002666397592e+01,2.500000005539910575e+01,2.500000011367158592e+01,2.500000023034161245e+01,2.500000046096101514e+01,2.500000091101874489e+01,2.500000177812279034e+01,2.500000342742138315e+01,2.500000652446002647e+01,2.500001226571773927e+01,2.500002277260310635e+01,2.500004175454030886e+01,2.500007560770495019e+01,2.500013520717007509e+01,2.500023878371768760e+01,2.500041646740336176e+01,2.500071734593175066e+01,2.500122024653515851e+01,2.500204992440390939e+01,2.500340094357890663e+01,2.500557227225685963e+01,2.500901647010280371e+01,2.501440827819889634e+01,2.502273834977272671e+01,2.503543864588441892e+01,2.505454646549537756e+01,2.508291391627999900e+01,2.512446853043060457e+01,2.518452831422273874e+01,2.527017041223476213e+01,2.539064644427504192e+01,2.555782925243187975e+01,2.578666533482258316e+01,2.609559504673681829e+01,2.650688956762254023e+01,2.704684101704882693e+01,2.774573181127735921e+01,2.863750365513724816e+01,2.975904794815099663e+01,3.114905023983804000e+01,3.284634358039835433e+01,3.488776008671294449e+01,3.730551624868128613e+01,4.012422310056606278e+01,4.335767305700870367e+01,4.700561476409389883e+01,5.105077810288581475e+01,5.545644521715242092e+01,6.016487226638849961e+01,6.509684437580639838e+01,7.015258976462069995e+01,7.521418905943238542e+01,8.014949767658238500e+01,8.481746273730647090e+01,8.907457486991727080e+01,9.278206536716135133e+01,9.581335673429332189e+01,9.806121397348931623e+01,9.944403517212703036e+01,9.991076741088924962e+01,9.944403517212703036e+01,9.806121397348931623e+01,9.581335673429332189e+01,9.278206536716135133e+01,8.907457486991727080e+01,8.481746273730647090e+01,8.014949767658238500e+01,7.521418905943238542e+01,7.015258976462069995e+01,6.509684437580639838e+01,6.016487226638849961e+01,5.545644521715242092e+01,5.105077810288581475e+01,4.700561476409389883e+01,4.335767305700870367e+01,4.012422310056606278e+01,3.730551624868128613e+01,3.488776008671294449e+01,3.284634358039835433e+01,3.114905023983804000e+01,2.975904794815099663e+01,2.863750365513724816e+01,2.774573181127735921e+01,2.704684101704882693e+01,2.650688956762254023e+01,2.609559504673681829e+01,2.578666533482258316e+01,2.555782925243187975e+01,2.539064644427504192e+01,2.527017041223476213e+01,2.518452831422273874e+01,2.512446853043060457e+01,2.508291391627999900e+01,2.505454646549537756e+01,2.503543864588441892e+01,2.502273834977272671e+01,2.501440827819889634e+01
2.500000000276144618e+01,2.500000000595662542e+01,2.500000001268923455e+01,2.500000002669573718e+01,2.500000005546509740e+01,2.500000011380699050e+01,2.500000023061599208e+01,2.500000046151010480e+01,2.500000091210393904e+01,2.500000178024086139e+01,2.500000343150407645e+01,2.500000653223186831e+01,2.500001228032848033e+01,2.500002279972949282e+01,2.500004180427769640e+01,2.500007569776771987e+01,2.500013536822683946e+01,2.500023906815329156e+01,2.500041696349312303e+01,2.500071820042352755e+01,2.500122170007463396e+01,2.500205236624329075e+01,2.500340499473218614e+01,2.500557890986447873e+01,2.500902721038753995e+01,2.501442544112503796e+01,2.502276543535591458e+01,2.503548085987095462e+01,2.505461144043171018e+01,2.508301268210070489e+01,2.512461679548804483e+01,2.518474812159905341e+01,2.527049223520117849e+01,2.539111177649435191e+01,2.555849373031932714e+01,2.578760239883909122e+01,2.609690010321956777e+01,2.650868455200556539e+01,2.704927918354693972e+01,2.774900248606807907e+01,2.864183659525075143e+01,2.976471685510247056e+01,3.115637489679240701e+01,3.285569002787084969e+01,3.489953823908727060e+01,3.732017439614347154e+01,4.014223884959914557e+01,4.337954044341445581e+01,4.703182752426495483e+01,5.108180940130677783e+01,5.549272448054492202e+01,6.020676013787254988e+01,6.514460713892427179e+01,7.020637485625717034e+01,7.527400345267292892e+01,8.021519093585500570e+01,8.488871640695329290e+01,8.915089954805669947e+01,9.286280635269699246e+01,9.589770854890443275e+01,9.814824340212491904e+01,9.953271179675462577e+01,1.000000000000000000e+02,9.953271179675462577e+01,9.814824340212491904e+01,9.589770854890443275e+01,9.286280635269699246e+01,8.915089954805669947e+01,8.488871640695329290e+01,8.021519093585500570e+01,7.527400345267292892e+01,7.020637485625717034e+01,6.514460713892427179e+01,6.020676013787254988e+01,5.549272448054492202e+01,5.108180940130677783e+01,4.703182752426495483e+01,4.337954044341445581e+01,4.014223884959914557e+01,3.732017439614347154e+01,3.489953823908727060e+01,3.285569002787084969e+01,3.115637489679240701e+01,2.976471685510247056e+01,2.864183659525075143e+01,2.774900248606807907e+01,2.704927918354693972e+01,2.650868455200556539e+01,2.609690010321956777e+01,2.578760239883909122e+01,2.555849373031932714e+01,2.539111177649435191e+01,2.527049223520117849e+01,2.518474812159905341e+01,2.512461679548804483e+01,2.508301268210070489e+01,2.505461144043171018e+01,2.503548085987095462e+01,2.502276543535591458e+01,2.501442544112503796e+01
2.500000000275815992e+01,2.500000000594953775e+01,2.500000001267413552e+01,2.500000002666397592e+01,2.500000005539910575e+01,2.500000011367158592e+01,2.500000023034161245e+01,2.500000046096101514e+01,2.500000091101874489e+01,2.500000177812279034e+01,2.500000342742138315e+01,2.500000652446002647e+01,2.500001226571773927e+01,2.500002277260310635e+01,2.500004175454030886e+01,2.500007560770495019e+01,2.500013520717007509e+01,2.500023878371768760e+01,2.500041646740336176e+01,2.500071734593175066e+01,2.500122024653515851e+01,2.500204992440390939e+01,2.500340094357890663e+01,2.500557227225685963e+01,2.500901647010280371e+01,2.501440827819889634e+01,2.502273834977272671e+01,2.503543864588441892e+01,2.505454646549537756e+01,2.508291391627999900e+01,2.512446853043060457e+01,2.518452831422273874e+01,2.527017041223476213e+01,2.539064644427504192e+01,2.555782925243187975e+01,2.578666533482258316e+01,2.609559504673681829e+01,2.650688956762254023e+01,2.704684101704882693e+01,2.774573181127735921e+01,2.863750365513724816e+01,2.975904794815099663e+01,3.114905023983804000e+01,3.284634358039835433e+01,3.488776008671294449e+01,3.730551624868128613e+01,4.012422310056606278e+01,4.335767305700870367e+01,4.700561476409389883e+01,5.105077810288581475e+01,5.545644521715242092e+01,6.016487226638849961e+01,6.509684437580639838e+01,7.015258976462069995e+01,7.521418905943238542e+01,8.014949767658238500e+01,8.481746273730647090e+01,8.907457486991727080e+01,9.278206536716135133e+01,9.581335673429332189e+01,9.806121397348931623e+01,9.944403517212703036e+01,9.991076741088924962e+01,9.944403517212703036e+01,9.806121397348931623e+01,9.581335673429332189e+01,9.278206536716135133e+01,8.907457486991727080e+01,8.481746273730647090e+01,8.014949767658238500e+01,7.521418905943238542e+01,7.015258976462069995e+01,6.509684437580639838e+01,6.016487226638849961e+01,5.545644521715242092e+01,5.105077810288581475e+01,4.700561476409389883e+01,4.335767305700870367e+01,4.012422310056606278e+01,3.730551624868128613e+01,3.488776008671294449e+01,3.284634358039835433e+01,3.114905023983804000e+01,2.975904794815099663e+01,2.863750365513724816e+01,2.774573181127735921e+01,2.704684101704882693e+01,2.650688956762254023e+01,2.609559504673681829e+01,2.578666533482258316e+01,2.555782925243187975e+01,2.539064644427504192e+01,2.527017041223476213e+01,2.518452831422273874e+01,2.512446853043060457e+01,2.508291391627999900e+01,2.505454646549537756e+01,2.503543864588441892e+01,2.502273834977272671e+01,2.501440827819889634e+01
2.500000000274832601e+01,2.500000000592832805e+01,2.500000001262895211e+01,2.500000002656891951e+01,2.500000005520160684e+01,2.500000011326634208e+01,2.500000022952043111e+01,2.500000045931766124e+01,2.500000090777091089e+01,2.500000177178367622e+01,2.500000341520242486e+01,2.500000650119994461e+01,2.500001222198973849e+01,2.500002269141744193e+01,2.500004160568292733e+01,2.500007533815904992e+01,2.500013472514859103e+01,2.500023793243974168e+01,2.500041498267266249e+01,2.500071478855146268e+01,2.500121589628474439e+01,2.500204261630327096e+01,2.500338881901573274e+01,2.500555240677969238e+01,2.500898432585846720e+01,2.501435691184270738e+01,2.502265728622318619e+01,2.503531230503492466e+01,2.505435200414914121e+01,2.508261832330921237e+01,2.512402479282502199e+01,2.518387045996807316e+01,2.526920723888154896e+01,2.538925376680699486e+01,2.555584055845484315e+01,2.578386082680066593e+01,2.609168918618680522e+01,2.650151741800126359e+01,2.703954390886597281e+01,2.773594311645391741e+01,2.862453574142730517e+01,2.974208166330727465e+01,3.112712851536204894e+01,3.281837090569175075e+01,3.485250964252217187e+01,3.726164636207818859e+01,4.007030435884296082e+01,4.329222687669148684e+01,4.692716345779976450e+01,5.095790555221826423e+01,5.534786620502414678e+01,6.003950743588785599e+01,6.495389677569274056e+01,6.999161813589913095e+01,7.503517253258488040e+01,7.995288648527625242e+01,8.460420997698835777e+01,8.884614525535427276e+01,9.254041833169465292e+01,9.556090296745101398e+01,9.780074646385145343e+01,9.917863782387452432e+01,9.964370613485225192e+01,9.917863782387452432e+01,9.780074646385145343e+01,9.556090296745101398e+01,9.254041833169465292e+01,8.884614525535427276e+01,8.460420997698835777e+01,7.995288648527625242e+01,7.503517253258488040e+01,6.999161813589913095e+01,6.495389677569274056e+01,6.003950743588785599e+01,5.534786620502414678e+01,5.095790555221826423e+01,4.692716345779976450e+01,4.329222687669148684e+01,4.007030435884296082e+01,3.726164636207818859e+01,3.485250964252217187e+01,3.281837090569175075e+01,3.112712851536204894e+01,2.974208166330727465e+01,2.862453574142730517e+01,2.773594311645391741e+01,2.703954390886597281e+01,2.650151741800126359e+01,2.609168918618680522e+01,2.578386082680066593e+01,2.555584055845484315e+01,2.538925376680699486e+01,2.526920723888154896e+01,2.518387045996807316e+01,2.512402479282502199e+01,2.508261832330921237e+01,2.505435200414914121e+01,2.503531230503492466e+01,2.502265728622318619e+01,2.501435691184270738e+01
2.500000000273201550e+01,2.500000000589314553e+01,2.500000001255400406e+01,2.500000002641123942e+01,2.500000005487400045e+01,2.500000011259414023e+01,2.500000022815829581e+01,2.500000045659174930e+01,2.500000090238356165e+01,2.500000176126867046e+01,2.500000339493422175e+01,2.500000646261726800e+01,2.500001214945588757e+01,2.500002255675067175e+01,2.500004135876565314e+01,2.500007489104962843e+01,2.500013392559516490e+01,2.500023652038193944e+01,2.500041251987473245e+01,2.500071054649539803e+01,2.500120868030429833e+01,2.500203049398700728e+01,2.500336870738938444e+01,2.500551945490767736e+01,2.500893100657413370e+01,2.501427170786894294e+01,2.502252282201235545e+01,2.503510273707597733e+01,2.505402944127585840e+01,2.508212800829379674e+01,2.512328874280887447e+01,2.518277924383341215e+01,2.526760957451128320e+01,2.538694366223178633e+01,2.555254181114224465e+01,2.577920884745780228e+01,2.608521033768547426e+01,2.649260636163427662e+01,2.702743982634454767e+01,2.771970611311629540e+01,2.860302520687818983e+01,2.971393882827122468e+01,3.109076584190013293e+01,3.277197121494999976e+01,3.479403794733687505e+01,3.718887716168491409e+01,3.998086661406608044e+01,4.318366798631718950e+01,4.679703230700658878e+01,5.080385315377681366e+01,5.516776070432960921e+01,5.983155844902344711e+01,6.471678235931597101e+01,6.972460635139074725e+01,7.473822876261971260e+01,7.962675755521652832e+01,8.425047683447070312e+01,8.846723749686648830e+01,9.213958616845229699e+01,9.514214513213713076e+01,9.736869582792776612e+01,9.873840981522798188e+01,9.920071808500743771e+01,9.873840981522798188e+01,9.736869582792776612e+01,9.514214513213713076e+01,9.213958616845229699e+01,8.846723749686648830e+01,8.425047683447070312e+01,7.962675755521652832e+01,7.473822876261971260e+01,6.972460635139074725e+01,6.471678235931597101e+01,5.983155844902344711e+01,5.516776070432960921e+01,5.080385315377681366e+01,4.679703230700658878e+01,4.318366798631718950e+01,3.998086661406608044e+01,3.718887716168491409e+01,3.479403794733687505e+01,3.277197121494999976e+01,3.109076584190013293e+01,2.971393882827122468e+01,2.860302520687818983e+01,2.771970611311629540e+01,2.702743982634454767e+01,2.649260636163427662e+01,2.608521033768547426e+01,2.577920884745780228e+01,2.555254181114224465e+01,2.538694366223178633e+01,2.526760957451128320e+01,2.518277924383341215e+01,2.512328874280887447e+01,2.508212800829379674e+01,2.505402944127585840e+01,2.503510273707597733e+01,2.502252282201235545e+01,2.501427170786894294e+01
2.500000000270934208e+01,2.500000000584423887e+01,2.500000001244982073e+01,2.500000002619206185e+01,2.500000005441861717e+01,2.500000011165975167e+01,2.500000022626487706e+01,2.500000045280262739e+01,2.500000089489494570e+01,2.500000174665241914e+01,2.500000336676065515e+01,2.500000640898590021e+01,2.500001204863110615e+01,2.500002236955879908e+01,2.500004101554135971e+01,2.500007426955072631e+01,2.500013281418584299e+01,2.500023455756850765e+01,2.500040909649301213e+01,2.500070464987796726e+01,2.500119864982016082e+01,2.500201364351161004e+01,2.500334075147257451e+01,2.500547365056660709e+01,2.500885689076413243e+01,2.501415327114179732e+01,2.502233591170352867e+01,2.503481142973340923e+01,2.505358106675382501e+01,2.508144645198681388e+01,2.512226560561138200e+01,2.518126241237715135e+01,2.526538876096537933e+01,2.538373253001368113e+01,2.554795642834679015e+01,2.577274242125955084e+01,2.607620449466775625e+01,2.648021965823372170e+01,2.701061469653342328e+01,2.769713606797528271e+01,2.857312475507155725e+01,2.967481922941716022e+01,3.104022035857307671e+01,3.270747390021804080e+01,3.471276009252818540e+01,3.708772523705940927e+01,3.985654478601988870e+01,4.303276704694690835e+01,4.661614511454973808e+01,5.058971452766421351e+01,5.491740728650395198e+01,5.954250153852313332e+01,6.438718440519055264e+01,6.935344993143908709e+01,7.432546575745806194e+01,7.917342608017870020e+01,8.375877446621433364e+01,8.794054146586105958e+01,9.158241439049335497e+01,9.456005599600401013e+01,9.676812919914556232e+01,9.812647633089680710e+01,9.858494803963473885e+01,9.812647633089680710e+01,9.676812919914556232e+01,9.456005599600401013e+01,9.158241439049335497e+01,8.794054146586105958e+01,8.375877446621433364e+01,7.917342608017870020e+01,7.432546575745806194e+01,6.935344993143908709e+01,6.438718440519055264e+01,5.954250153852313332e+01,5.491740728650395198e+01,5.058971452766421351e+01,4.661614511454973808e+01,4.303276704694690835e+01,3.985654478601988870e+01,3.708772523705940927e+01,3.471276009252818540e+01,3.270747390021804080e+01,3.104022035857307671e+01,2.967481922941716022e+01,2.857312475507155725e+01,2.769713606797528271e+01,2.701061469653342328e+01,2.648021965823372170e+01,2.607620449466775625e+01,2.577274242125955084e+01,2.554795642834679015e+01,2.538373253001368113e+01,2.526538876096537933e+01,2.518126241237715135e+01,2.512226560561138200e+01,2.508144645198681388e+01,2.505358106675382501e+01,2.503481142973340923e+01,2.502233591170352867e+01,2.501415327114179732e+01
2.500000000268046918e+01,2.500000000578195625e+01,2.500000001231714464e+01,2.500000002591292869e+01,2.500000005383867219e+01,2.500000011046978443e+01,2.500000022385355081e+01,2.500000044797706877e+01,2.500000088535796650e+01,2.500000172803818188e+01,2.500000333088077653e+01,2.500000634068474525e+01,2.500001192022773466e+01,2.500002213116435001e+01,2.500004057843495531e+01,2.500007347805327385e+01,2.500013139877281887e+01,2.500023205786687086e+01,2.500040473671396768e+01,2.500069714035924662e+01,2.500118587569851059e+01,2.500199218392705092e+01,2.500330514877611421e+01,2.500541531736784862e+01,2.500876250206265539e+01,2.501400243842630644e+01,2.502209787583313627e+01,2.503444044111713040e+01,2.505301004838526069e+01,2.508057846963863469e+01,2.512096260977950379e+01,2.517933068213607228e+01,2.526256048847095315e+01,2.537964305706122659e+01,2.554211680616837299e+01,2.576450723402941279e+01,2.606473528414213803e+01,2.646444482085981775e+01,2.698918739033399561e+01,2.766839244022319377e+01,2.853504563511501146e+01,2.962499924987139366e+01,3.097584917330404508e+01,3.262533464023510277e+01,3.460925031270659247e+01,3.695890523472100142e+01,3.969821721846334839e+01,4.284059018590826895e+01,4.638577986305755019e+01,5.031700258057375663e+01,5.459857471866972389e+01,5.917437891481188217e+01,6.396743154948995169e+01,6.888077112613609643e+01,7.379979972107783226e+01,7.859609488365776997e+01,8.313257678917477733e+01,8.726977831234771088e+01,9.087283946144188462e+01,9.381874806582440840e+01,9.600328962925594567e+01,9.734716073038458717e+01,9.780074646385145343e+01,9.734716073038458717e+01,9.600328962925594567e+01,9.381874806582440840e+01,9.087283946144188462e+01,8.726977831234771088e+01,8.313257678917477733e+01,7.859609488365776997e+01,7.379979972107783226e+01,6.888077112613609643e+01,6.396743154948995169e+01,5.917437891481188217e+01,5.459857471866972389e+01,5.031700258057375663e+01,4.638577986305755019e+01,4.284059018590826895e+01,3.969821721846334839e+01,3.695890523472100142e+01,3.460925031270659247e+01,3.262533464023510277e+01,3.097584917330404508e+01,2.962499924987139366e+01,2.853504563511501146e+01,2.766839244022319377e+01,2.698918739033399561e+01,2.646444482085981775e+01,2.606473528414213803e+01,2.576450723402941279e+01,2.554211680616837299e+01,2.537964305706122659e+01,2.526256048847095315e+01,2.517933068213607228e+01,2.512096260977950379e+01,2.508057846963863469e+01,2.505301004838526069e+01,2.503444044111713040e+01,2.502209787583313627e+01,2.501400243842630644e+01
2.500000000264559574e+01,2.500000000570673464e+01,2.500000001215689949e+01,2.500000002557580459e+01,2.500000005313824047e+01,2.500000010903258740e+01,2.500000022094124574e+01,2.500000044214894501e+01,2.500000087383957492e+01,2.500000170555663459e+01,2.500000328754645551e+01,2.500000625819327027e+01,2.500001176514713919e+01,2.500002184324081256e+01,2.500004005051485123e+01,2.500007252211346298e+01,2.500012968929206281e+01,2.500022903882453562e+01,2.500039947114253636e+01,2.500068807065483512e+01,2.500117044761159590e+01,2.500196626587609927e+01,2.500326214922511170e+01,2.500534486480092156e+01,2.500864850306295040e+01,2.501382026854347629e+01,2.502181038537406010e+01,2.503399237550655698e+01,2.505232039462573468e+01,2.507953015434340571e+01,2.511938890213090403e+01,2.517699761354057131e+01,2.525914461103841191e+01,2.537470395080579166e+01,2.553506393779973038e+01,2.575456109543505079e+01,2.605088321809094865e+01,2.644539258629129108e+01,2.696330832393178056e+01,2.763367700542642424e+01,2.848905515620360518e+01,2.956482861774330928e+01,3.089810416128706905e+01,3.252613003917405621e+01,3.448423522959959797e+01,3.680332145002026323e+01,3.950699534502943777e+01,4.260848645333923912e+01,4.610755367892403456e+01,4.998763170577768733e+01,5.421350115331462405e+01,5.872977473850939134e+01,6.346047038861936329e+01,6.830988806339814801e+01,7.316492074309255145e+01,7.789881673624270775e+01,8.237627960864307397e+01,8.645965668397479931e+01,9.001584248126359000e+01,9.292342520204252310e+01,9.507954616696578398e+01,9.640593368176610056e+01,9.685361832447981101e+01,9.640593368176610056e+01,9.507954616696578398e+01,9.292342520204252310e+01,9.001584248126359000e+01,8.645965668397479931e+01,8.237627960864307397e+01,7.789881673624270775e+01,7.316492074309255145e+01,6.830988806339814801e+01,6.346047038861936329e+01,5.872977473850939134e+01,5.421350115331462405e+01,4.998763170577768733e+01,4.610755367892403456e+01,4.260848645333923912e+01,3.950699534502943777e+01,3.680332145002026323e+01,3.448423522959959797e+01,3.252613003917405621e+01,3.089810416128706905e+01,2.956482861774330928e+01,2.848905515620360518e+01,2.763367700542642424e+01,2.696330832393178056e+01,2.644539258629129108e+01,2.605088321809094865e+01,2.575456109543505079e+01,2.553506393779973038e+01,2.537470395080579166e+01,2.525914461103841191e+01,2.517699761354057131e+01,2.511938890213090403e+01,2.507953015434340571e+01,2.505232039462573468e+01,2.503399237550655698e+01,2.502181038537406010e+01,2.501382026854347629e+01
2.500000000260496691e+01,2.500000000561909630e+01,2.500000001197020438e+01,2.500000002518303788e+01,2.500000005232219280e+01,2.500000010735816858e+01,2.500000021754824076e+01,2.500000043535884231e+01,2.500000086041997704e+01,2.500000167936431694e+01,2.500000323705944183e+01,2.500000616208588511e+01,2.500001158446919192e+01,2.500002150779307897e+01,2.500003943545710783e+01,2.500007140838776820e+01,2.500012769764716580e+01,2.500022552146393551e+01,2.500039333644436823e+01,2.500067750391962917e+01,2.500115247298951715e+01,2.500193606983341965e+01,2.500321205223750454e+01,2.500526278344681330e+01,2.500851568757203225e+01,2.501360802999331057e+01,2.502147544220303743e+01,2.503347035290826383e+01,2.505151690772788697e+01,2.507830880581467170e+01,2.511755544083350955e+01,2.517427945240192599e+01,2.525516491438079214e+01,2.536894960363012075e+01,2.552684693434230567e+01,2.574297326323031498e+01,2.603474475233690910e+01,2.642319562058335691e+01,2.693315770052763725e+01,2.759323149689837607e+01,2.843547356294661199e+01,2.949472631802790090e+01,3.080752668285553497e+01,3.241055088650826121e+01,3.433858535830923131e+01,3.662205725650587596e+01,3.928421069727850323e+01,4.233807205265641471e+01,4.578340392913766266e+01,4.960389540509640227e+01,5.376486796572331173e+01,5.821178491324811688e+01,6.286983103539171935e+01,6.764477596217706434e+01,7.242524966396874220e+01,7.708644698132559370e+01,8.149514923409927292e+01,8.551581768495525182e+01,8.901739096039908361e+01,9.188032178898053814e+01,9.400333109719926483e+01,9.530934921308285368e+01,9.575015874051189257e+01,9.530934921308285368e+01,9.400333109719926483e+01,9.188032178898053814e+01,8.901739096039908361e+01,8.551581768495525182e+01,8.149514923409927292e+01,7.708644698132559370e+01,7.242524966396874220e+01,6.764477596217706434e+01,6.286983103539171935e+01,5.821178491324811688e+01,5.376486796572331173e+01,4.960389540509640227e+01,4.578340392913766266e+01,4.233807205265641471e+01,3.928421069727850323e+01,3.662205725650587596e+01,3.433858535830923131e+01,3.241055088650826121e+01,3.080752668285553497e+01,2.949472631802790090e+01,2.843547356294661199e+01,2.759323149689837607e+01,2.693315770052763725e+01,2.642319562058335691e+01,2.603474475233690910e+01,2.574297326323031498e+01,2.552684693434230567e+01,2.536894960363012075e+01,2.525516491438079214e+01,2.517427945240192599e+01,2.511755544083350955e+01,2.507830880581467170e+01,2.505151690772788697e+01,2.503347035290826383e+01,2.502147544220303743e+01,2.501360802999331057e+01
2.500000000255886334e+01,2.500000000551964519e+01,2.500000001175834896e+01,2.500000002473733218e+01,2.500000005139616022e+01,2.500000010545807427e+01,2.500000021369793046e+01,2.500000042765357833e+01,2.500000084519170684e+01,2.500000164964183469e+01,2.500000317976786235e+01,2.500000605302529166e+01,2.500001137943973717e+01,2.500002112713420033e+01,2.500003873750279837e+01,2.500007014455578158e+01,2.500012543757134154e+01,2.500022153003872560e+01,2.500038637492073690e+01,2.500066551301562612e+01,2.500113207577470575e+01,2.500190180401319040e+01,2.500315520325270313e+01,2.500516963929035086e+01,2.500836497140755199e+01,2.501336718624823519e+01,2.502109535589150724e+01,2.503287797288357197e+01,2.505060512806558393e+01,2.507692284575476194e+01,2.511547486835987897e+01,2.517119494156333204e+01,2.525064884014950195e+01,2.536241969413358177e+01,2.551752245542720132e+01,2.572982364030212210e+01,2.601643116826391022e+01,2.639800698097826270e+01,2.689894342111715986e+01,2.754733480311767124e+01,2.837467032254988908e+01,2.941517573502234839e+01,3.070474130711677319e+01,3.227939414821041453e+01,3.417330501482738470e+01,3.641636254562423858e+01,3.903139946732998311e+01,4.203121160278897861e+01,4.541556576004352763e+01,4.916843969874283005e+01,5.325576866693558031e+01,5.762398119271750119e+01,6.219958619198405358e+01,6.689002104499212464e+01,7.158588682115886570e+01,7.616458724374095368e+01,8.049526142323699673e+01,8.444476947483695994e+01,8.788436963428011950e+01,9.069663045530077738e+01,9.278206536716135133e+01,9.406496872695453249e+01,9.449797652132578207e+01,9.406496872695453249e+01,9.278206536716135133e+01,9.069663045530077738e+01,8.788436963428011950e+01,8.444476947483695994e+01,8.049526142323699673e+01,7.616458724374095368e+01,7.158588682115886570e+01,6.689002104499212464e+01,6.219958619198405358e+01,5.762398119271750119e+01,5.325576866693558031e+01,4.916843969874283005e+01,4.541556576004352763e+01,4.203121160278897861e+01,3.903139946732998311e+01,3.641636254562423858e+01,3.417330501482738470e+01,3.227939414821041453e+01,3.070474130711677319e+01,2.941517573502234839e+01,2.837467032254988908e+01,2.754733480311767124e+01,2.689894342111715986e+01,2.639800698097826270e+01,2.601643116826391022e+01,2.572982364030212210e+01,2.551752245542720132e+01,2.536241969413358177e+01,2.525064884014950195e+01,2.517119494156333204e+01,2.511547486835987897e+01,2.507692284575476194e+01,2.505060512806558393e+01,2.503287797288357197e+01,2.502109535589150724e+01,2.501336718624823519e+01
2.500000000250759769e+01,2.500000000540905987e+01,2.500000001152277207e+01,2.500000002424172507e+01,2.500000005036645589e+01,2.500000010334525413e+01,2.500000020941655876e+01,2.500000041908567638e+01,2.500000082825856396e+01,2.500000161659179199e+01,2.500000311606223491e+01,2.500000593175487040e+01,2.500001115145630948e+01,2.500002070385883712e+01,2.500003796140934043e+01,2.500006873923208417e+01,2.500012292446979956e+01,2.500021709175539186e+01,2.500037863402301497e+01,2.500065217967562248e+01,2.500110939499933593e+01,2.500186370197922159e+01,2.500309198976662373e+01,2.500506606722378677e+01,2.500819738188596730e+01,2.501309937895528535e+01,2.502067271719625907e+01,2.503221927323264495e+01,2.504959127054127777e+01,2.507538172119010156e+01,2.511316136637638152e+01,2.516776510576877968e+01,2.524562717095789210e+01,2.535515873169953238e+01,2.550715405887354237e+01,2.571520185754171806e+01,2.599606729552459328e+01,2.636999835910773626e+01,2.686089869819426568e+01,2.749629976663436182e+01,2.830705988405562579e+01,2.932671910402068249e+01,3.059044864312135559e+01,3.213355381914348641e+01,3.398952078845428559e+01,3.618763938041267636e+01,3.875028487538443756e+01,4.168999673600371381e+01,4.500654644223885725e+01,4.868423275419024776e+01,5.268967339629578817e+01,5.697037018392376240e+01,6.145430440328929933e+01,6.605076789707405283e+01,7.065255350721230343e+01,7.513952113407921729e+01,7.938343164415991282e+01,8.325381256757162873e+01,8.662450144004529307e+01,8.938041951670987828e+01,9.142407340839197616e+01,9.268127421047995540e+01,9.310560683244889901e+01,9.268127421047995540e+01,9.142407340839197616e+01,8.938041951670987828e+01,8.662450144004529307e+01,8.325381256757162873e+01,7.938343164415991282e+01,7.513952113407921729e+01,7.065255350721230343e+01,6.605076789707405283e+01,6.145430440328929933e+01,5.697037018392376240e+01,5.268967339629578817e+01,4.868423275419024776e+01,4.500654644223885725e+01,4.168999673600371381e+01,3.875028487538443756e+01,3.618763938041267636e+01,3.398952078845428559e+01,3.213355381914348641e+01,3.059044864312135559e+01,2.932671910402068249e+01,2.830705988405562579e+01,2.749629976663436182e+01,2.686089869819426568e+01,2.636999835910773626e+01,2.599606729552459328e+01,2.571520185754171806e+01,2.550715405887354237e+01,2.535515873169953238e+01,2.524562717095789210e+01,2.516776510576877968e+01,2.511316136637638152e+01,2.507538172119010156e+01,2.504959127054127777e+01,2.503221927323264495e+01,2.502067271719625907e+01,2.501309937895528535e+01
2.500000000245151455e+01,2.500000000528808641e+01,2.500000001126506533e+01,2.500000002369955610e+01,2.500000004924000052e+01,2.500000010103392256e+01,2.500000020473292750e+01,2.500000040971276150e+01,2.500000080973443062e+01,2.500000158043646437e+01,2.500000304637102033e+01,2.500000579909025333e+01,2.500001090205226362e+01,2.500002024081382856e+01,2.500003711239654436e+01,2.500006720186851794e+01,2.500012017524499797e+01,2.500021223646466950e+01,2.500037016581446636e+01,2.500063759357619730e+01,2.500108458320840299e+01,2.500182201999589182e+01,2.500302283693674354e+01,2.500495276384592103e+01,2.500801404617084600e+01,2.501280640931670618e+01,2.502021036867530057e+01,2.503149868419811952e+01,2.504848215409714385e+01,2.507369579732393916e+01,2.511063049489600374e+01,2.516401301320231099e+01,2.524013368124767709e+01,2.534721555167398677e+01,2.549581147982151563e+01,2.569920625725934471e+01,2.597379009623386636e+01,2.633935813368227130e+01,2.681927941067645804e+01,2.744046963583841148e+01,2.823309697769931859e+01,2.922995136133067362e+01,3.046541739361950363e+01,3.197401078345284375e+01,3.378846876412590206e+01,3.593742609342892536e+01,3.844275762511783512e+01,4.131672237480335497e+01,4.455909693333981636e+01,4.815453122148893783e+01,5.207038956345042635e+01,5.625534790462041457e+01,6.063899824089882173e+01,6.513266111695055827e+01,6.963152707939951824e+01,7.401814298055080599e+01,7.816713777496666182e+01,8.195095702975493168e+01,8.524625992369431060e+01,8.794054146586105958e+01,8.993848872182604737e+01,9.116757203331634685e+01,9.158241439049331234e+01,9.116757203331634685e+01,8.993848872182604737e+01,8.794054146586105958e+01,8.524625992369431060e+01,8.195095702975493168e+01,7.816713777496666182e+01,7.401814298055080599e+01,6.963152707939951824e+01,6.513266111695055827e+01,6.063899824089882173e+01,5.625534790462041457e+01,5.207038956345042635e+01,4.815453122148893783e+01,4.455909693333981636e+01,4.131672237480335497e+01,3.844275762511783512e+01,3.593742609342892536e+01,3.378846876412590206e+01,3.197401078345284375e+01,3.046541739361950363e+01,2.922995136133067362e+01,2.823309697769931859e+01,2.744046963583841148e+01,2.681927941067645804e+01,2.633935813368227130e+01,2.597379009623386636e+01,2.569920625725934471e+01,2.549581147982151563e+01,2.534721555167398677e+01,2.524013368124767709e+01,2.516401301320231099e+01,2.511063049489600374e+01,2.507369579732393916e+01,2.504848215409714385e+01,2.503149868419811952e+01,2.502021036867530057e+01,2.501280640931670618e+01
2.500000000239098696e+01,2.500000000515752419e+01,2.500000001098693048e+01,2.500000002311441349e+01,2.500000004802426190e+01,2.500000009853938820e+01,2.500000019967805187e+01,2.500000039959691733e+01,2.500000078974201756e+01,2.500000154141535091e+01,2.500000297115585113e+01,2.500000565591020418e+01,2.500001063287963277e+01,2.500001974106635316e+01,2.500003619608820671e+01,2.500006554264847125e+01,2.500011720810762839e+01,2.500020699632768384e+01,2.500036102638794233e+01,2.500062185133471004e+01,2.500105780475357520e+01,2.500177703416190766e+01,2.500294820282685393e+01,2.500483047967086137e+01,2.500781617866587681e+01,2.501249021794407668e+01,2.501971137289476843e+01,2.503072097891427461e+01,2.504728512544743069e+01,2.507187624160486905e+01,2.510789901824467307e+01,2.515996351747784843e+01,2.523420475953271236e+01,2.533864276915802449e+01,2.548356985076735981e+01,2.568194279325727436e+01,2.594974713309191472e+01,2.630628926353608676e+01,2.677436124198181133e+01,2.738021422583738129e+01,2.815327152889899054e+01,2.912551349010355040e+01,3.033047575736915391e+01,3.180182184369403586e+01,3.357148069720339123e+01,3.566738008099856927e+01,3.811085475677187162e+01,4.091386106396018363e+01,4.407618110940928347e+01,4.758284380868768437e+01,5.140201926370156116e+01,5.548365061527027819e+01,5.975906823910894872e+01,6.414178218343592164e+01,6.852957074949927119e+01,7.280788071815324258e+01,7.685443646610096380e+01,8.054483289061965934e+01,8.375877446621433364e+01,8.638653396008454877e+01,8.833515172253702019e+01,8.953388885894210603e+01,8.993848872182604737e+01,8.953388885894210603e+01,8.833515172253702019e+01,8.638653396008454877e+01,8.375877446621433364e+01,8.054483289061965934e+01,7.685443646610096380e+01,7.280788071815324258e+01,6.852957074949927119e+01,6.414178218343592164e+01,5.975906823910894872e+01,5.548365061527027819e+01,5.140201926370156116e+01,4.758284380868768437e+01,4.407618110940928347e+01,4.091386106396018363e+01,3.811085475677187162e+01,3.566738008099856927e+01,3.357148069720339123e+01,3.180182184369403586e+01,3.033047575736915391e+01,2.912551349010355040e+01,2.815327152889899054e+01,2.738021422583738129e+01,2.677436124198181133e+01,2.630628926353608676e+01,2.594974713309191472e+01,2.568194279325727436e+01,2.548356985076735981e+01,2.533864276915802449e+01,2.523420475953271236e+01,2.515996351747784843e+01,2.510789901824467307e+01,2.507187624160486905e+01,2.504728512544743069e+01,2.503072097891427461e+01,2.501971137289476843e+01,2.501249021794407668e+01
2.500000000232640929e+01,2.500000000501821873e+01,2.500000001069017941e+01,2.500000002249010222e+01,2.500000004672715193e+01,2.500000009587788696e+01,2.500000019428485132e+01,2.500000038880400766e+01,2.500000076841148555e+01,2.500000149978250263e+01,2.500000289090644046e+01,2.500000550314694436e+01,2.500001034569095282e+01,2.500001920787017795e+01,2.500003521845025034e+01,2.500006377237482269e+01,2.500011404237616475e+01,2.500020140546200054e+01,2.500035127524855483e+01,2.500060505544597689e+01,2.500102923398440069e+01,2.500172903737168184e+01,2.500286857336578095e+01,2.500470001086817007e+01,2.500760506764965641e+01,2.501215286350071665e+01,2.501917897872354146e+01,2.502989122087582530e+01,2.504600797822342528e+01,2.506993490082235354e+01,2.510498472055972385e+01,2.515564298411020516e+01,2.522787900792149429e+01,2.532949619994695212e+01,2.547050887468501656e+01,2.566352386474440905e+01,2.592409494536783754e+01,2.627100705394300917e+01,2.672643664596701285e+01,2.731592584841851590e+01,2.806810326633106811e+01,2.901408546592849547e+01,3.018650231431013609e+01,3.161810809008454726e+01,3.333996935670358397e+01,3.537925956257065963e+01,3.775673722829994006e+01,4.048403575867223481e+01,4.356094314571679860e+01,4.697289266638934180e+01,5.068891413197840734e+01,5.466030269364783578e+01,5.882024345878991767e+01,6.308458252529570132e+01,6.735385915058195394e+01,7.151661413977478787e+01,7.545387447206344689e+01,7.904459516336896741e+01,8.217172980924652848e+01,8.472851485372720504e+01,8.662450144004529307e+01,8.779086129518942982e+01,8.818453312125782872e+01,8.779086129518942982e+01,8.662450144004529307e+01,8.472851485372720504e+01,8.217172980924652848e+01,7.904459516336896741e+01,7.545387447206344689e+01,7.151661413977478787e+01,6.735385915058195394e+01,6.308458252529570132e+01,5.882024345878991767e+01,5.466030269364783578e+01,5.068891413197840734e+01,4.697289266638934180e+01,4.356094314571679860e+01,4.048403575867223481e+01,3.775673722829994006e+01,3.537925956257065963e+01,3.333996935670358397e+01,3.161810809008454726e+01,3.018650231431013609e+01,2.901408546592849547e+01,2.806810326633106811e+01,2.731592584841851590e+01,2.672643664596701285e+01,2.627100705394300917e+01,2.592409494536783754e+01,2.566352386474440905e+01,2.547050887468501656e+01,2.532949619994695212e+01,2.522787900792149429e+01,2.515564298411020516e+01,2.510498472055972385e+01,2.506993490082235354e+01,2.504600797822342528e+01,2.502989122087582530e+01,2.501917897872354146e+01,2.501215286350071665e+01
2.500000000225819008e+01,2.500000000487106888e+01,2.500000001037670572e+01,2.500000002183061909e+01,2.500000004535695197e+01,2.500000009306642568e+01,2.500000018858776230e+01,2.500000037740295866e+01,2.500000074587906340e+01,2.500000145580381172e+01,2.500000280613529213e+01,2.500000534177607037e+01,2.500001004232032287e+01,2.500001864463049017e+01,2.500003418572623204e+01,2.500006190235321313e+01,2.500011069826817689e+01,2.500019549957300669e+01,2.500034097467078809e+01,2.500058731317492189e+01,2.500099905336466932e+01,2.500167833615096313e+01,2.500278445709753683e+01,2.500456219066121122e+01,2.500738206135737229e+01,2.501179650046033842e+01,2.501861658623317552e+01,2.502901470923301375e+01,2.504465886877277470e+01,2.506788417311656758e+01,2.510190621365395813e+01,2.515107900566779264e+01,2.522119682506835403e+01,2.531983425750854266e+01,2.545671196393248081e+01,2.564406710199963513e+01,2.589699735768334321e+01,2.623373683050495941e+01,2.667581168731928898e+01,2.724801507359728703e+01,2.797813610689443209e+01,2.889637891052388596e+01,3.003441653357694818e+01,3.142404278848812282e+01,3.309541326204890765e+01,3.507490458529618138e+01,3.738266656884584904e+01,4.002999148672410001e+01,4.301667354775053553e+01,4.632857317444312173e+01,4.993562832871751311e+01,5.379056235255129081e+01,5.782851959185460800e+01,6.196781382140907368e+01,6.611190082382921673e+01,7.015258976462069995e+01,7.397439631412903793e+01,7.745982493639894528e+01,8.049526142323699673e+01,8.297707288704773987e+01,8.481746273730647090e+01,8.594962097863933081e+01,8.633174901596693473e+01,8.594962097863933081e+01,8.481746273730647090e+01,8.297707288704773987e+01,8.049526142323699673e+01,7.745982493639894528e+01,7.397439631412903793e+01,7.015258976462069995e+01,6.611190082382921673e+01,6.196781382140907368e+01,5.782851959185460800e+01,5.379056235255129081e+01,4.993562832871751311e+01,4.632857317444312173e+01,4.301667354775053553e+01,4.002999148672410001e+01,3.738266656884584904e+01,3.507490458529618138e+01,3.309541326204890765e+01,3.142404278848812282e+01,3.003441653357694818e+01,2.889637891052388596e+01,2.797813610689443209e+01,2.724801507359728703e+01,2.667581168731928898e+01,2.623373683050495941e+01,2.589699735768334321e+01,2.564406710199963513e+01,2.545671196393248081e+01,2.531983425750854266e+01,2.522119682506835403e+01,2.515107900566779264e+01,2.510190621365395813e+01,2.506788417311656758e+01,2.504465886877277470e+01,2.502901470923301375e+01,2.501861658623317552e+01,2.501179650046033842e+01
2.500000000218675922e+01,2.500000000471698769e+01,2.500000001004847405e+01,2.500000002114007813e+01,2.500000004392223119e+01,2.500000009012256896e+01,2.500000018262239720e+01,2.500000036546503779e+01,2.500000072228559134e+01,2.500000140975416585e+01,2.500000271737227564e+01,2.500000517280626156e+01,2.500000972466399318e+01,2.500001805486790118e+01,2.500003310437133663e+01,2.500005994427245071e+01,2.500010719668645010e+01,2.500018931557623603e+01,2.500033018903974735e+01,2.500056873542193259e+01,2.500096745154229438e+01,2.500162524741436343e+01,2.500269637980185067e+01,2.500441788051321623e+01,2.500714855371901990e+01,2.501142335631672253e+01,2.501802771073146303e+01,2.502809692273646647e+01,2.504324622988049498e+01,2.506573687682918106e+01,2.509868274013730627e+01,2.514630010989460729e+01,2.521419997883092989e+01,2.530971733507732324e+01,2.544226535790438248e+01,2.562369412206249564e+01,2.586862374705331291e+01,2.619471155562668940e+01,2.662280280396198151e+01,2.717690638655118107e+01,2.788393240208253587e+01,2.877312956410464651e+01,2.987516904722759037e+01,3.122083896944683090e+01,3.283934104308519863e+01,3.475621755975556226e+01,3.699098095597705083e+01,3.955456631120480182e+01,4.244677434379696024e+01,4.565391273607939837e+01,4.914687036532568243e+01,5.287986601770298023e+01,5.679009553800320020e+01,6.079845658057947588e+01,6.481145879215102923e+01,6.872433360539682212e+01,7.242524966396874220e+01,7.580042802322503803e+01,7.873984829303421407e+01,8.114315567706346144e+01,8.292533074600603982e+01,8.402167682263635129e+01,8.439171747525861633e+01,8.402167682263635129e+01,8.292533074600603982e+01,8.114315567706346144e+01,7.873984829303421407e+01,7.580042802322503803e+01,7.242524966396874220e+01,6.872433360539682212e+01,6.481145879215102923e+01,6.079845658057947588e+01,5.679009553800320020e+01,5.287986601770298023e+01,4.914687036532568243e+01,4.565391273607939837e+01,4.244677434379696024e+01,3.955456631120480182e+01,3.699098095597705083e+01,3.475621755975556226e+01,3.283934104308519863e+01,3.122083896944683090e+01,2.987516904722759037e+01,2.877312956410464651e+01,2.788393240208253587e+01,2.717690638655118107e+01,2.662280280396198151e+01,2.619471155562668940e+01,2.586862374705331291e+01,2.562369412206249564e+01,2.544226535790438248e+01,2.530971733507732324e+01,2.521419997883092989e+01,2.514630010989460729e+01,2.509868274013730627e+01,2.506573687682918106e+01,2.504324622988049498e+01,2.502809692273646647e+01,2.501802771073146303e+01,2.501142335631672253e+01
2.500000000211255369e+01,2.500000000455692017e+01,2.500000000970748104e+01,2.500000002042269642e+01,2.500000004243174700e+01,2.500000008706429000e+01,2.500000017642516781e+01,2.500000035306310409e+01,2.500000069777507505e+01,2.500000136191463440e+01,2.500000262515916560e+01,2.500000499726882808e+01,2.500000939466080752e+01,2.500001744218205602e+01,2.500003198098567836e+01,2.500005791008381806e+01,2.500010355900311154e+01,2.500018289121611659e+01,2.500031898418624010e+01,2.500054943557753973e+01,2.500093462140106837e+01,2.500157009519245932e+01,2.500260487906426476e+01,2.500426796123061024e+01,2.500690596996375348e+01,2.501103570857957692e+01,2.501741594645858058e+01,2.502714346315614691e+01,2.504177868368054050e+01,2.506350611812364448e+01,2.509533397469140326e+01,2.514133546509384942e+01,2.520693117491826385e+01,2.529920718195164042e+01,2.542725723240634395e+01,2.560252927274973089e+01,2.583914729366767205e+01,2.615416942262815780e+01,2.656773353908481639e+01,2.710303380380662830e+01,2.778606713037461162e+01,2.864508968712498316e+01,2.970973183271989981e+01,3.100973690077263001e+01,3.257331565336434664e+01,3.442514361307163284e+01,3.658407106847279522e+01,3.906066202079614413e+01,4.185472395095500531e+01,4.495302918544949478e+01,4.832745447766748725e+01,5.193377218380005900e+01,5.571130938642730257e+01,5.958364805127657604e+01,6.346047038861936329e+01,6.724056311706979727e+01,7.081588983957443872e+01,7.407653266153701566e+01,7.691620469759389778e+01,7.923795665752038531e+01,8.095965421761871994e+01,8.201879616054672795e+01,8.237627960864307397e+01,8.201879616054672795e+01,8.095965421761871994e+01,7.923795665752038531e+01,7.691620469759389778e+01,7.407653266153701566e+01,7.081588983957443872e+01,6.724056311706979727e+01,6.346047038861936329e+01,5.958364805127657604e+01,5.571130938642730257e+01,5.193377218380005900e+01,4.832745447766748725e+01,4.495302918544949478e+01,4.185472395095500531e+01,3.906066202079614413e+01,3.658407106847279522e+01,3.442514361307163284e+01,3.257331565336434664e+01,3.100973690077263001e+01,2.970973183271989981e+01,2.864508968712498316e+01,2.778606713037461162e+01,2.710303380380662830e+01,2.656773353908481639e+01,2.615416942262815780e+01,2.583914729366767205e+01,2.560252927274973089e+01,2.542725723240634395e+01,2.529920718195164042e+01,2.520693117491826385e+01,2.514133546509384942e+01,2.509533397469140326e+01,2.506350611812364448e+01,2.504177868368054050e+01,2.502714346315614691e+01,2.501741594645858058e+01,2.501103570857957692e+01
2.500000000203601047e+01,2.500000000439181136e+01,2.500000000935575883e+01,2.500000001968273722e+01,2.500000004089435635e+01,2.500000008390976802e+01,2.500000017003291575e+01,2.500000034027089413e+01,2.500000067249322910e+01,2.500000131256962987e+01,2.500000253004418482e+01,2.500000481620737602e+01,2.500000905427269160e+01,2.500001681021549516e+01,2.500003082224799655e+01,2.500005581188093728e+01,2.500009980684486166e+01,2.500017626468665100e+01,2.500030742672517547e+01,2.500052952838285947e+01,2.500090075812219936e+01,2.500151320737532501e+01,2.500251049887344834e+01,2.500411332411103515e+01,2.500665575229649562e+01,2.501063586188579890e+01,2.501678493046533802e+01,2.502615999898414145e+01,2.504026495500425042e+01,2.506120515926963677e+01,2.509187982634105296e+01,2.513621458698947819e+01,2.519943362770286654e+01,2.528836628291961119e+01,2.541177681349724793e+01,2.558069838297257093e+01,2.580874324044838275e+01,2.611235146192630197e+01,2.651093128956832246e+01,2.702683651141778398e+01,2.768512211876146623e+01,2.851302050013870115e+01,2.953908844463873251e+01,3.079199162298426984e+01,3.229891866262273936e+01,3.408365104058322004e+01,3.616435606024999316e+01,3.855121496709686824e+01,4.124404221740442722e+01,4.423008940381841114e+01,4.748225224349283025e+01,5.095790555221826423e+01,5.459857471866972389e+01,5.833061049302806822e+01,6.206696748709230604e+01,6.571009958734678946e+01,6.915588478029198427e+01,7.229838772545807046e+01,7.503517253258488040e+01,7.727280258604241681e+01,7.893211945965130383e+01,7.995288648527625242e+01,8.029741756391030094e+01,7.995288648527625242e+01,7.893211945965130383e+01,7.727280258604241681e+01,7.503517253258488040e+01,7.229838772545807046e+01,6.915588478029198427e+01,6.571009958734678946e+01,6.206696748709230604e+01,5.833061049302806822e+01,5.459857471866972389e+01,5.095790555221826423e+01,4.748225224349283025e+01,4.423008940381841114e+01,4.124404221740442722e+01,3.855121496709686824e+01,3.616435606024999316e+01,3.408365104058322004e+01,3.229891866262273936e+01,3.079199162298426984e+01,2.953908844463873251e+01,2.851302050013870115e+01,2.768512211876146623e+01,2.702683651141778398e+01,2.651093128956832246e+01,2.611235146192630197e+01,2.580874324044838275e+01,2.558069838297257093e+01,2.541177681349724793e+01,2.528836628291961119e+01,2.519943362770286654e+01,2.513621458698947819e+01,2.509187982634105296e+01,2.506120515926963677e+01,2.504026495500425042e+01,2.502615999898414145e+01,2.501678493046533802e+01,2.501063586188579890e+01
2.500000000195757366e+01,2.500000000422262403e+01,2.500000000899533603e+01,2.500000001892448154e+01,2.500000003931894099e+01,2.500000008067722490e+01,2.500000016348256082e+01,2.500000032716228304e+01,2.500000064658607712e+01,2.500000126200415096e+01,2.500000243257666810e+01,2.500000463066762180e+01,2.500000870546555021e+01,2.500001616261812032e+01,2.500002963485055574e+01,2.500005366178194066e+01,2.500009596188222361e+01,2.500016947425924840e+01,2.500029558340647995e+01,2.500050912881157217e+01,2.500086605728250433e+01,2.500145491251762309e+01,2.500241378432065531e+01,2.500395486225865227e+01,2.500639934584530621e+01,2.501022612554346125e+01,2.501613830717433373e+01,2.502515221020177805e+01,2.503871378636696221e+01,2.505884728941756734e+01,2.508834024446383637e+01,2.513096705112964102e+01,2.519175063914666524e+01,2.527725724941716123e+01,2.539591350808456838e+01,2.555832753667963075e+01,2.577758718550999717e+01,2.606949919247258407e+01,2.645272411588015515e+01,2.694875458560676407e+01,2.758168037351483193e+01,2.837768476658585115e+01,2.936422443109477598e+01,3.056886072038988544e+01,3.201773484621470800e+01,3.373371212708501332e+01,3.573425998850788687e+01,3.802916745327450343e+01,4.061825612555864495e+01,4.348926871812929562e+01,4.661614511454973808e+01,4.995790222480631826e+01,5.345831811569462388e+01,5.704658080385884489e+01,6.063899824089882173e+01,6.414178218343592164e+01,6.745482181832522883e+01,7.047626286212769742e+01,7.310761566866298722e+01,7.525904317798712384e+01,7.685443646610096380e+01,7.783587942453249298e+01,7.816713777496666182e+01,7.783587942453249298e+01,7.685443646610096380e+01,7.525904317798712384e+01,7.310761566866298722e+01,7.047626286212769742e+01,6.745482181832522883e+01,6.414178218343592164e+01,6.063899824089882173e+01,5.704658080385884489e+01,5.345831811569462388e+01,4.995790222480631826e+01,4.661614511454973808e+01,4.348926871812929562e+01,4.061825612555864495e+01,3.802916745327450343e+01,3.573425998850788687e+01,3.373371212708501332e+01,3.201773484621470800e+01,3.056886072038988544e+01,2.936422443109477598e+01,2.837768476658585115e+01,2.758168037351483193e+01,2.694875458560676407e+01,2.645272411588015515e+01,2.606949919247258407e+01,2.577758718550999717e+01,2.555832753667963075e+01,2.539591350808456838e+01,2.527725724941716123e+01,2.519175063914666524e+01,2.513096705112964102e+01,2.508834024446383637e+01,2.505884728941756734e+01,2.503871378636696221e+01,2.502515221020177805e+01,2.501613830717433373e+01,2.501022612554346125e+01
2.500000000187768379e+01,2.500000000405029610e+01,2.500000000862823413e+01,2.500000001815216066e+01,2.500000003771431167e+01,2.500000007738474395e+01,2.500000015681074927e+01,2.500000031381061305e+01,2.500000062019854852e+01,2.500000121050107538e+01,2.500000233330189303e+01,2.500000444168756175e+01,2.500000835019077527e+01,2.500001550301290010e+01,2.500002842543621639e+01,2.500005147181548892e+01,2.500009204562571341e+01,2.500016255792272446e+01,2.500028352048719427e+01,2.500048835098836975e+01,2.500083071301462923e+01,2.500139553674792126e+01,2.500231527647210683e+01,2.500379346218281640e+01,2.500613818506721486e+01,2.500980879180836070e+01,2.501547969409720906e+01,2.502412573484853908e+01,2.503713385572796568e+01,2.505644569958878165e+01,2.508473503112815450e+01,2.512562221467222656e+01,2.518392519146341968e+01,2.526594223054802058e+01,2.537975606288181041e+01,2.553554188679681758e+01,2.574585343032435958e+01,2.602585234980643847e+01,2.639343765604043668e+01,2.686922485300709695e+01,2.747632059590100440e+01,2.823983961754728966e+01,2.918611806276422982e+01,3.034159249110718548e+01,3.173133727727657316e+01,3.337728459372617351e+01,3.529618901084522520e+01,3.749744005609042574e+01,3.998086661406608044e+01,4.273471162408741719e+01,4.573397849721733621e+01,4.893935668559494445e+01,5.229691870363230066e+01,5.573874244345748252e+01,5.918455137460129123e+01,6.254438480281405788e+01,6.572221749158455850e+01,6.862035188607671898e+01,7.114431775603991071e+01,7.320794434071824242e+01,7.473822876261971260e+01,7.567961850110120281e+01,7.599735801841700322e+01,7.567961850110120281e+01,7.473822876261971260e+01,7.320794434071824242e+01,7.114431775603991071e+01,6.862035188607671898e+01,6.572221749158455850e+01,6.254438480281405788e+01,5.918455137460129123e+01,5.573874244345748252e+01,5.229691870363230066e+01,4.893935668559494445e+01,4.573397849721733621e+01,4.273471162408741719e+01,3.998086661406608044e+01,3.749744005609042574e+01,3.529618901084522520e+01,3.337728459372617351e+01,3.173133727727657316e+01,3.034159249110718548e+01,2.918611806276422982e+01,2.823983961754728966e+01,2.747632059590100440e+01,2.686922485300709695e+01,2.639343765604043668e+01,2.602585234980643847e+01,2.574585343032435958e+01,2.553554188679681758e+01,2.537975606288181041e+01,2.526594223054802058e+01,2.518392519146341968e+01,2.512562221467222656e+01,2.508473503112815450e+01,2.505644569958878165e+01,2.503713385572796568e+01,2.502412573484853908e+01,2.501547969409720906e+01,2.500980879180836070e+01
2.500000000179677428e+01,2.500000000387576193e+01,2.500000000825642843e+01,2.500000001736995614e+01,2.500000003608914056e+01,2.500000007405011004e+01,2.500000015005352338e+01,2.500000030028800779e+01,2.500000059347319237e+01,2.500000115833863390e+01,2.500000223275615596e+01,2.500000425028808948e+01,2.500000799036760313e+01,2.500001483496310684e+01,2.500002720053838701e+01,2.500004925381205467e+01,2.500008807923144616e+01,2.500015555304000614e+01,2.500027130313273815e+01,2.500046730715770238e+01,2.500079491625281847e+01,2.500133540082169148e+01,2.500221550747976096e+01,2.500362999578731404e+01,2.500587368078602779e+01,2.500938611517053545e+01,2.501481264914575675e+01,2.502308611807512406e+01,2.503553369807395867e+01,2.505401336347765096e+01,2.508108366215599005e+01,2.512020895110505592e+01,2.517599955871898842e+01,2.525448235148639142e+01,2.536339176246747584e+01,2.551246452430917699e+01,2.571371340468192557e+01,2.598164671973540862e+01,2.633339218306219465e+01,2.678867694337156280e+01,2.736961195286837878e+01,2.810022971008858761e+01,2.900573149295120956e+01,3.011141466707953995e+01,3.144127311198146657e+01,3.301629390747402226e+01,3.485250964252217187e+01,3.695890523472100142e+01,3.933531694231280795e+01,4.197049433529459606e+01,4.484051796800799394e+01,4.790777124741609327e+01,5.112065051014474193e+01,5.441416052135088677e+01,5.771148399556286535e+01,6.092653678974396314e+01,6.396743154948995169e+01,6.674068066496198526e+01,6.915588478029198427e+01,7.113058637159846853e+01,7.259492837296465950e+01,7.349575211133917207e+01,7.379979972107783226e+01,7.349575211133917207e+01,7.259492837296465950e+01,7.113058637159846853e+01,6.915588478029198427e+01,6.674068066496198526e+01,6.396743154948995169e+01,6.092653678974396314e+01,5.771148399556286535e+01,5.441416052135088677e+01,5.112065051014474193e+01,4.790777124741609327e+01,4.484051796800799394e+01,4.197049433529459606e+01,3.933531694231280795e+01,3.695890523472100142e+01,3.485250964252217187e+01,3.301629390747402226e+01,3.144127311198146657e+01,3.011141466707953995e+01,2.900573149295120956e+01,2.810022971008858761e+01,2.736961195286837878e+01,2.678867694337156280e+01,2.633339218306219465e+01,2.598164671973540862e+01,2.571371340468192557e+01,2.551246452430917699e+01,2.536339176246747584e+01,2.525448235148639142e+01,2.517599955871898842e+01,2.512020895110505592e+01,2.508108366215599005e+01,2.505401336347765096e+01,2.503553369807395867e+01,2.502308611807512406e+01,2.501481264914575675e+01,2.500938611517053545e+01
2.500000000171525727e+01,2.500000000369992748e+01,2.500000000788185517e+01,2.500000001658192872e+01,2.500000003445187602e+01,2.500000007069066044e+01,2.500000014324600528e+01,2.500000028666476837e+01,2.500000056654894465e+01,2.500000110578799095e+01,2.500000213146213923e+01,2.500000405746419219e+01,2.500000762786656949e+01,2.500001416194156789e+01,2.500002596652465670e+01,2.500004701930186002e+01,2.500008408331859755e+01,2.500014849602575850e+01,2.500025899485465786e+01,2.500044610671527323e+01,2.500075885308541856e+01,2.500127481735367496e+01,2.500211499598960430e+01,2.500346531284709428e+01,2.500560720801899706e+01,2.500896029290128553e+01,2.501414063993233583e+01,2.502203876429687668e+01,2.503392163177456098e+01,2.505156292550752184e+01,2.507740511907495318e+01,2.511475540110980020e+01,2.516801494206779211e+01,2.524293718605584402e+01,2.534690567614643797e+01,2.548921541616521580e+01,2.568133418750272057e+01,2.593711210384749322e+01,2.627289984146232982e+01,2.670752958249402553e+01,2.726210916596674494e+01,2.795958080195561735e+01,2.882400245560792840e+01,2.987952382053996914e+01,3.114905023983805421e+01,3.265261666714237521e+01,3.440552833688507661e+01,3.641636254562423858e+01,3.868496298011599777e+01,4.120058961147086052e+01,4.394040815359262808e+01,4.686850857496821732e+01,4.993562832871747048e+01,5.307972083531301166e+01,5.622745379857028070e+01,5.929664847661890548e+01,6.219958619198405358e+01,6.484702061095066483e+01,6.715265354817279331e+01,6.903776835118358690e+01,7.043567717730628885e+01,7.129563301650216545e+01,7.158588682115886570e+01,7.129563301650216545e+01,7.043567717730628885e+01,6.903776835118358690e+01,6.715265354817279331e+01,6.484702061095066483e+01,6.219958619198405358e+01,5.929664847661890548e+01,5.622745379857028070e+01,5.307972083531301166e+01,4.993562832871747048e+01,4.686850857496821732e+01,4.394040815359262808e+01,4.120058961147086052e+01,3.868496298011599777e+01,3.641636254562423858e+01,3.440552833688507661e+01,3.265261666714237521e+01,3.114905023983805421e+01,2.987952382053996914e+01,2.882400245560792840e+01,2.795958080195561735e+01,2.726210916596674494e+01,2.670752958249402553e+01,2.627289984146232982e+01,2.593711210384749322e+01,2.568133418750272057e+01,2.548921541616521580e+01,2.534690567614643797e+01,2.524293718605584402e+01,2.516801494206779211e+01,2.511475540110980020e+01,2.507740511907495318e+01,2.505156292550752184e+01,2.503392163177456098e+01,2.502203876429687668e+01,2.501414063993233583e+01,2.500896029290128553e+01
2.500000000163354841e+01,2.500000000352367380e+01,2.500000000750638307e+01,2.500000001579200770e+01,2.500000003281067507e+01,2.500000006732313551e+01,2.500000013642212693e+01,2.500000027300878003e+01,2.500000053955997714e+01,2.500000105311103127e+01,2.500000202992464438e+01,2.500000386417680076e+01,2.500000726449418664e+01,2.500001348730228656e+01,2.500002472954472310e+01,2.500004477942056624e+01,2.500008007780075303e+01,2.500014142204852874e+01,2.500024665699110216e+01,2.500042485531323067e+01,2.500072270323279611e+01,2.500121408826086267e+01,2.500201424289946672e+01,2.500330023405765090e+01,2.500534009473001618e+01,2.500853344708087533e+01,2.501346701540693829e+01,2.502098889298900986e+01,2.503230569054317556e+01,2.504910659740714962e+01,2.507371773386115521e+01,2.510928874238861042e+01,2.516001113275282819e+01,2.523136426945226773e+01,2.533037996213563048e+01,2.546591042402143756e+01,2.564887714023404541e+01,2.589247043987623798e+01,2.621226209411243957e+01,2.662618716729128110e+01,2.715434797406795653e+01,2.781859381532484221e+01,2.864183659525075143e+01,2.964707557678989502e+01,3.085612495008648892e+01,3.228806525397335747e+01,3.395747262000396205e+01,3.587251574389865283e+01,3.803304575878337346e+01,4.042883426373585110e+01,4.303813474062566513e+01,4.582674782153422655e+01,4.874775770342900216e+01,5.174207354979600382e+01,5.473985643062447082e+01,5.766284239264299316e+01,6.042749145557610291e+01,6.294880875660962261e+01,6.514460713892427179e+01,6.693991981341945063e+01,6.827123577853652137e+01,6.909022548417598841e+01,6.936665232751111887e+01,6.909022548417598841e+01,6.827123577853652137e+01,6.693991981341945063e+01,6.514460713892427179e+01,6.294880875660962261e+01,6.042749145557610291e+01,5.766284239264299316e+01,5.473985643062447082e+01,5.174207354979600382e+01,4.874775770342900216e+01,4.582674782153422655e+01,4.303813474062566513e+01,4.042883426373585110e+01,3.803304575878337346e+01,3.587251574389865283e+01,3.395747262000396205e+01,3.228806525397335747e+01,3.085612495008648892e+01,2.964707557678989502e+01,2.864183659525075143e+01,2.781859381532484221e+01,2.715434797406795653e+01,2.662618716729128110e+01,2.621226209411243957e+01,2.589247043987623798e+01,2.564887714023404541e+01,2.546591042402143756e+01,2.533037996213563048e+01,2.523136426945226773e+01,2.516001113275282819e+01,2.510928874238861042e+01,2.507371773386115521e+01,2.504910659740714962e+01,2.503230569054317556e+01,2.502098889298900986e+01,2.501346701540693829e+01,2.500853344708087533e+01
2.500000000155202784e+01,2.500000000334783223e+01,2.500000000713179915e+01,2.500000001500394831e+01,2.500000003117334657e+01,2.500000006396355445e+01,2.500000012961434592e+01,2.500000025938500769e+01,2.500000051263468492e+01,2.500000100055835262e+01,2.500000192862670190e+01,2.500000367134542500e+01,2.500000690197909137e+01,2.500001281425464228e+01,2.500002349548312708e+01,2.500004254482369248e+01,2.500007608173289952e+01,2.500013436476053386e+01,2.500023434823557267e+01,2.500040365404841580e+01,2.500068663866647611e+01,2.500115350244276513e+01,2.500191372751038799e+01,2.500313554472925048e+01,2.500507361162630104e+01,2.500810760829364199e+01,2.501279498012575075e+01,2.501994149858308703e+01,2.503069356171046067e+01,2.504665606438260639e+01,2.507003904808654937e+01,2.510383498084587472e+01,2.515202620637208142e+01,2.521981865617568985e+01,2.531389323630636312e+01,2.544266041402632084e+01,2.561649666703959127e+01,2.584793409645561368e+01,2.615176740596715632e+01,2.654503665864391238e+01,2.704684101704882693e+01,2.767793945131031563e+01,2.846010050849544726e+01,2.941517573502234839e+01,3.056389074238846248e+01,3.192437390631607030e+01,3.351047397561114849e+01,3.532995200914506029e+01,3.738266656884584904e+01,3.965889967470349120e+01,4.213799001024399615e+01,4.478744483527149356e+01,4.756268955406105192e+01,5.040758209979517090e+01,5.325576866693558031e+01,5.603289085487078580e+01,5.865957752196099051e+01,6.105507524603824976e+01,6.314129819989302206e+01,6.484702061095066483e+01,6.611190082382921673e+01,6.689002104499212464e+01,6.715265354817279331e+01,6.689002104499212464e+01,6.611190082382921673e+01,6.484702061095066483e+01,6.314129819989302206e+01,6.105507524603824976e+01,5.865957752196099051e+01,5.603289085487078580e+01,5.325576866693558031e+01,5.040758209979517090e+01,4.756268955406105192e+01,4.478744483527149356e+01,4.213799001024399615e+01,3.965889967470349120e+01,3.738266656884584904e+01,3.532995200914506029e+01,3.351047397561114849e+01,3.192437390631607030e+01,3.056389074238846248e+01,2.941517573502234839e+01,2.846010050849544726e+01,2.767793945131031563e+01,2.704684101704882693e+01,2.654503665864391238e+01,2.615176740596715632e+01,2.584793409645561368e+01,2.561649666703959127e+01,2.544266041402632084e+01,2.531389323630636312e+01,2.521981865617568985e+01,2.515202620637208142e+01,2.510383498084587472e+01,2.507003904808654937e+01,2.504665606438260639e+01,2.503069356171046067e+01,2.501994149858308703e+01,2.501279498012575075e+01,2.500810760829364199e+01
2.500000000147107215e+01,2.500000000317320570e+01,2.500000000675979095e+01,2.500000001422131746e+01,2.500000002954729084e+01,2.500000006062710511e+01,2.500000012285343232e+01,2.500000024585502700e+01,2.500000048589475554e+01,2.500000094836746101e+01,2.500000182802612869e+01,2.500000347984157045e+01,2.500000654195968508e+01,2.500001214584051468e+01,2.500002226991727738e+01,2.500004032561063383e+01,2.500007211317549149e+01,2.500012735605758607e+01,2.500022212421817969e+01,2.500038259874114743e+01,2.500065082238230474e+01,2.500109333372040510e+01,2.500181390410735460e+01,2.500297198918461916e+01,2.500480896309328216e+01,2.500768470114204689e+01,2.501212757139018450e+01,2.501890131483729363e+01,2.502909253138373913e+01,2.504422240175633263e+01,2.506638568777929166e+01,2.509841876506495595e+01,2.514409625125139058e+01,2.520835252727750841e+01,2.529752001134733064e+01,2.541957046591340230e+01,2.558433911329708366e+01,2.580370435810550234e+01,2.609168918618680522e+01,2.646444482085981775e+01,2.694007417867451792e+01,2.753825340525555987e+01,2.827961556185212899e+01,2.918487237967187653e+01,3.027366838575353469e+01,3.156318634776063803e+01,3.306655263933024713e+01,3.479112348881135119e+01,3.673676483579130547e+01,3.889426560724137971e+01,4.124404221740439880e+01,4.375529680473509586e+01,4.638577986305755019e+01,4.908227779480225195e+01,5.178189792598554675e+01,5.441416052135088677e+01,5.690383457802861500e+01,5.917437891481188217e+01,6.115178079899304464e+01,6.276852971994767927e+01,6.396743154948995169e+01,6.470496364719984683e+01,6.495389677569274056e+01,6.470496364719984683e+01,6.396743154948995169e+01,6.276852971994767927e+01,6.115178079899304464e+01,5.917437891481188217e+01,5.690383457802861500e+01,5.441416052135088677e+01,5.178189792598554675e+01,4.908227779480225195e+01,4.638577986305755019e+01,4.375529680473509586e+01,4.124404221740439880e+01,3.889426560724137971e+01,3.673676483579130547e+01,3.479112348881135119e+01,3.306655263933024713e+01,3.156318634776063803e+01,3.027366838575353469e+01,2.918487237967187653e+01,2.827961556185212899e+01,2.753825340525555987e+01,2.694007417867451792e+01,2.646444482085981775e+01,2.609168918618680522e+01,2.580370435810550234e+01,2.558433911329708366e+01,2.541957046591340230e+01,2.529752001134733064e+01,2.520835252727750841e+01,2.514409625125139058e+01,2.509841876506495595e+01,2.506638568777929166e+01,2.504422240175633263e+01,2.502909253138373913e+01,2.501890131483729363e+01,2.501212757139018450e+01,2.500768470114204689e+01
2.500000000139102241e+01,2.500000000300053316e+01,2.500000000639195008e+01,2.500000001344745115e+01,2.500000002793944986e+01,2.500000005732803032e+01,2.500000011616826256e+01,2.500000023247661929e+01,2.500000045945438387e+01,2.500000089676125370e+01,2.500000172855255798e+01,2.500000329048307535e+01,2.500000618597347213e+01,2.500001148491443459e+01,2.500002105808108155e+01,2.500003813125876562e+01,2.500006818907666428e+01,2.500012042587107075e+01,2.500021003714284973e+01,2.500036177931027126e+01,2.500061540733739562e+01,2.500103383905048915e+01,2.500171519899645389e+01,2.500281026590449684e+01,2.500454727933970744e+01,2.500726653169450842e+01,2.501146763943779305e+01,2.501787278396313141e+01,2.502750943692744201e+01,2.504181600273449604e+01,2.506277325498977149e+01,2.509306322555157465e+01,2.513625513307847470e+01,2.519701485003871255e+01,2.528133021079719711e+01,2.539673918767734762e+01,2.555254181114224465e+01,2.575997011246576562e+01,2.603228400497878070e+01,2.638475582965876143e+01,2.683450341769287206e+01,2.740013222076551713e+01,2.810115253482059927e+01,2.895714904486884578e+01,2.998669730456054694e+01,3.120604506686859025e+01,3.262760442281701501e+01,3.425833130542933702e+01,3.609809894930257457e+01,3.813819750965981115e+01,4.036010905796153025e+01,4.273471162408741719e+01,4.522205474411836690e+01,4.777182048295577488e+01,5.032453852413487994e+01,5.281356434621042695e+01,5.516776070432960921e+01,5.731475146975377299e+01,5.918455137460129123e+01,6.071332354921414520e+01,6.184698613178414917e+01,6.254438480281405788e+01,6.277977202667223366e+01,6.254438480281405788e+01,6.184698613178414917e+01,6.071332354921414520e+01,5.918455137460129123e+01,5.731475146975377299e+01,5.516776070432960921e+01,5.281356434621042695e+01,5.032453852413487994e+01,4.777182048295577488e+01,4.522205474411836690e+01,4.273471162408741719e+01,4.036010905796153025e+01,3.813819750965981115e+01,3.609809894930257457e+01,3.425833130542933702e+01,3.262760442281701501e+01,3.120604506686859025e+01,2.998669730456054694e+01,2.895714904486884578e+01,2.810115253482059927e+01,2.740013222076551713e+01,2.683450341769287206e+01,2.638475582965876143e+01,2.603228400497878070e+01,2.575997011246576562e+01,2.555254181114224465e+01,2.539673918767734762e+01,2.528133021079719711e+01,2.519701485003871255e+01,2.513625513307847470e+01,2.509306322555157465e+01,2.506277325498977149e+01,2.504181600273449604e+01,2.502750943692744201e+01,2.501787278396313141e+01,2.501146763943779305e+01,2.500726653169450842e+01
2.500000000131220190e+01,2.500000000283050738e+01,2.500000000602975447e+01,2.500000001268545802e+01,2.500000002635627183e+01,2.500000005407956039e+01,2.500000010958563834e+01,2.500000021930343763e+01,2.500000043341960776e+01,2.500000084594667982e+01,2.500000163060490266e+01,2.500000310402933223e+01,2.500000583544806787e+01,2.500001083412692182e+01,2.500001986483438898e+01,2.500003597056814186e+01,2.500006432517330879e+01,2.500011360199326305e+01,2.500019813548263770e+01,2.500034127924840988e+01,2.500058053555747861e+01,2.500097525702578949e+01,2.500161800801694056e+01,2.500265102345128554e+01,2.500428960980162429e+01,2.500685477694505821e+01,2.501081783080803689e+01,2.501686003070035369e+01,2.502595062705971429e+01,2.503944651775145758e+01,2.505921623673580001e+01,2.508778983974237420e+01,2.512853429726015619e+01,2.518585109219302609e+01,2.526538876096537933e+01,2.537425814009005265e+01,2.552123227798778515e+01,2.571690674793330089e+01,2.597379009623386636e+01,2.630628926353608676e+01,2.673055210682376526e+01,2.726412980823170429e+01,2.792542712156131302e+01,2.873291897445781018e+01,2.970412834518055334e+01,3.085438231508964435e+01,3.219538964965512662e+01,3.373371212708501332e+01,3.546923016508087301e+01,3.739372745830172562e+01,3.948973538829803687e+01,4.172978216828515485e+01,4.407618110940928347e+01,4.648146551972749307e+01,4.888953494150335644e+01,5.123752123511772538e+01,5.345831811569462388e+01,5.548365061527026398e+01,5.724749914968300146e+01,5.868964413677553438e+01,5.975906823910894872e+01,6.041694912818609708e+01,6.063899824089882173e+01,6.041694912818609708e+01,5.975906823910894872e+01,5.868964413677553438e+01,5.724749914968300146e+01,5.548365061527026398e+01,5.345831811569462388e+01,5.123752123511772538e+01,4.888953494150335644e+01,4.648146551972749307e+01,4.407618110940928347e+01,4.172978216828515485e+01,3.948973538829803687e+01,3.739372745830172562e+01,3.546923016508087301e+01,3.373371212708501332e+01,3.219538964965512662e+01,3.085438231508964435e+01,2.970412834518055334e+01,2.873291897445781018e+01,2.792542712156131302e+01,2.726412980823170429e+01,2.673055210682376526e+01,2.630628926353608676e+01,2.597379009623386636e+01,2.571690674793330089e+01,2.552123227798778515e+01,2.537425814009005265e+01,2.526538876096537933e+01,2.518585109219302609e+01,2.512853429726015619e+01,2.508778983974237420e+01,2.505921623673580001e+01,2.503944651775145758e+01,2.502595062705971429e+01,2.501686003070035369e+01,2.501081783080803689e+01,2.500685477694505821e+01
2.500000000123490196e+01,2.500000000266376787e+01,2.500000000567455416e+01,2.500000001193818377e+01,2.500000002480367911e+01,2.500000005089384914e+01,2.500000010313017640e+01,2.500000020638472975e+01,2.500000040788776445e+01,2.500000079611372428e+01,2.500000153454936935e+01,2.500000292117743683e+01,2.500000549169398667e+01,2.500001019591109497e+01,2.500001869463840976e+01,2.500003385161696556e+01,2.500006053591145516e+01,2.500010690993667950e+01,2.500018646373443332e+01,2.500032117519939234e+01,2.500054633741810051e+01,2.500091780666763697e+01,2.500152269453792186e+01,2.500249485718667586e+01,2.500403691783127869e+01,2.500645097632620661e+01,2.501018057494837166e+01,2.501586684144193384e+01,2.502442192972202761e+01,2.503712280562962889e+01,2.505572793168492041e+01,2.508261832330921237e+01,2.512096260977950379e+01,2.517490299181811153e+01,2.524975526234485201e+01,2.535221137331841135e+01,2.549052757116728785e+01,2.567467526603447325e+01,2.591642615184233378e+01,2.622933848639988241e+01,2.662860889010137555e+01,2.713075464153313021e+01,2.775309630882072298e+01,2.851302050013869405e+01,2.942701795162942346e+01,3.050951285824428894e+01,3.177152424649015217e+01,3.321922735390097614e+01,3.485250964252215766e+01,3.666363881243090361e+01,3.863617528507153764e+01,4.074426557934517490e+01,4.295244305066842117e+01,4.521603717096111552e+01,4.748225224349283025e+01,4.969192355968045405e+01,5.178189792598550412e+01,5.368792231046600705e+01,5.534786620502414678e+01,5.670505743754055317e+01,5.771148399556286535e+01,5.833061049302806822e+01,5.853957915544346946e+01,5.833061049302806822e+01,5.771148399556286535e+01,5.670505743754055317e+01,5.534786620502414678e+01,5.368792231046600705e+01,5.178189792598550412e+01,4.969192355968045405e+01,4.748225224349283025e+01,4.521603717096111552e+01,4.295244305066842117e+01,4.074426557934517490e+01,3.863617528507153764e+01,3.666363881243090361e+01,3.485250964252215766e+01,3.321922735390097614e+01,3.177152424649015217e+01,3.050951285824428894e+01,2.942701795162942346e+01,2.851302050013869405e+01,2.775309630882072298e+01,2.713075464153313021e+01,2.662860889010137555e+01,2.622933848639988241e+01,2.591642615184233378e+01,2.567467526603447325e+01,2.549052757116728785e+01,2.535221137331841135e+01,2.524975526234485201e+01,2.517490299181811153e+01,2.512096260977950379e+01,2.508261832330921237e+01,2.505572793168492041e+01,2.503712280562962889e+01,2.502442192972202761e+01,2.501586684144193384e+01,2.501018057494837166e+01,2.500645097632620661e+01
2.500000000115939258e+01,2.500000000250089016e+01,2.500000000532757838e+01,2.500000001120821125e+01,2.500000002328703630e+01,2.500000004778189577e+01,2.500000009682418423e+01,2.500000019376513904e+01,2.500000038294707849e+01,2.500000074743459777e+01,2.500000144071789521e+01,2.500000274255928190e+01,2.500000515589916716e+01,2.500000957247247158e+01,2.500001755153707350e+01,2.500003178172784857e+01,2.500005683438592996e+01,2.500010037282754638e+01,2.500017506223314001e+01,2.500030153663823640e+01,2.500051293110024986e+01,2.500086168651139573e+01,2.500142958794108594e+01,2.500234230678575642e+01,2.500379007667462616e+01,2.500605652528101430e+01,2.500955807407006048e+01,2.501489664842398142e+01,2.502292862774457305e+01,2.503485289658941682e+01,2.505232039462573468e+01,2.507756654783626615e+01,2.511356623666575061e+01,2.516420838305796437e+01,2.523448374074992984e+01,2.533067507597232293e+01,2.546053379916162740e+01,2.563342160916225509e+01,2.586039040854461746e+01,2.615416942262815780e+01,2.652902606008867892e+01,2.700046763490052371e+01,2.758475563267912634e+01,2.829821354100767294e+01,2.915632375437937895e+01,3.017262848671100883e+01,3.135747299571803381e+01,3.271665492819827392e+01,3.425006862743679648e+01,3.595045459229839935e+01,3.780237845779761585e+01,3.978156757837509616e+01,4.185472395095500531e+01,4.397990846912109930e+01,4.610755367892403456e+01,4.818211255381204694e+01,5.014429346196053672e+01,5.193377218380005900e+01,5.349221723987889732e+01,5.476642173161064164e+01,5.571130938642730257e+01,5.629257880898145316e+01,5.648876988500774132e+01,5.629257880898145316e+01,5.571130938642730257e+01,5.476642173161064164e+01,5.349221723987889732e+01,5.193377218380005900e+01,5.014429346196053672e+01,4.818211255381204694e+01,4.610755367892403456e+01,4.397990846912109930e+01,4.185472395095500531e+01,3.978156757837509616e+01,3.780237845779761585e+01,3.595045459229839935e+01,3.425006862743679648e+01,3.271665492819827392e+01,3.135747299571803381e+01,3.017262848671100883e+01,2.915632375437937895e+01,2.829821354100767294e+01,2.758475563267912634e+01,2.700046763490052371e+01,2.652902606008867892e+01,2.615416942262815780e+01,2.586039040854461746e+01,2.563342160916225509e+01,2.546053379916162740e+01,2.533067507597232293e+01,2.523448374074992984e+01,2.516420838305796437e+01,2.511356623666575061e+01,2.507756654783626615e+01,2.505232039462573468e+01,2.503485289658941682e+01,2.502292862774457305e+01,2.501489664842398142e+01,2.500955807407006048e+01,2.500605652528101430e+01
2.500000000108591180e+01,2.500000000234238584e+01,2.500000000498992492e+01,2.500000001049785325e+01,2.500000002181113601e+01,2.500000004475354487e+01,2.500000009068759965e+01,2.500000018148456604e+01,2.500000035867640946e+01,2.500000070006320030e+01,2.500000134940713536e+01,2.500000256873956772e+01,2.500000482912522415e+01,2.500000896578206167e+01,2.500001643914429650e+01,2.500002976744474736e+01,2.500005323229910559e+01,2.500009401133293707e+01,2.500016396702461208e+01,2.500028242565227643e+01,2.500048042221803613e+01,2.500080707398099733e+01,2.500133898258303944e+01,2.500219385453677035e+01,2.500354986672022761e+01,2.500567267086685774e+01,2.500895229621024640e+01,2.501395251891269211e+01,2.502147544220303743e+01,2.503264396695051630e+01,2.504900439849005522e+01,2.507265048451673195e+01,2.510636856155987218e+01,2.515380107692883627e+01,2.521962247711136484e+01,2.530971733507732324e+01,2.543134578731090301e+01,2.559327620079398713e+01,2.580586002339901341e+01,2.608101971929097829e+01,2.643211844800204702e+01,2.687368069083525413e+01,2.742093730235198734e+01,2.808917720948019081e+01,2.889290155340493271e+01,2.984479426076630659e+01,3.095454492078087227e+01,3.222758373320185399e+01,3.366381173769457291e+01,3.525642953052725659e+01,3.699098095597705083e+01,3.884473173606483698e+01,4.078649425029723830e+01,4.277698743633062151e+01,4.476978535867951337e+01,4.671286148651293502e+01,4.855068201176533194e+01,5.022674598264681833e+01,5.168641889030062941e+01,5.287986601770298023e+01,5.376486796572331173e+01,5.430929731524726378e+01,5.449305406514486094e+01,5.430929731524726378e+01,5.376486796572331173e+01,5.287986601770298023e+01,5.168641889030062941e+01,5.022674598264681833e+01,4.855068201176533194e+01,4.671286148651293502e+01,4.476978535867951337e+01,4.277698743633062151e+01,4.078649425029723830e+01,3.884473173606483698e+01,3.699098095597705083e+01,3.525642953052725659e+01,3.366381173769457291e+01,3.222758373320185399e+01,3.095454492078087227e+01,2.984479426076630659e+01,2.889290155340493271e+01,2.808917720948019081e+01,2.742093730235198734e+01,2.687368069083525413e+01,2.643211844800204702e+01,2.608101971929097829e+01,2.580586002339901341e+01,2.559327620079398713e+01,2.543134578731090301e+01,2.530971733507732324e+01,2.521962247711136484e+01,2.515380107692883627e+01,2.510636856155987218e+01,2.507265048451673195e+01,2.504900439849005522e+01,2.503264396695051630e+01,2.502147544220303743e+01,2.501395251891269211e+01,2.500895229621024640e+01,2.500567267086685774e+01
2.500000000101466924e+01,2.500000000218871321e+01,2.500000000466255301e+01,2.500000000980912773e+01,2.500000002038019176e+01,2.500000004181744018e+01,2.500000008473794466e+01,2.500000016957807958e+01,2.500000033514506725e+01,2.500000065413481920e+01,2.500000126087786256e+01,2.500000240021470788e+01,2.500000451230538800e+01,2.500000837757250594e+01,2.500001536063695440e+01,2.500002781452024436e+01,2.500004973993817003e+01,2.500008784362062286e+01,2.500015320979561650e+01,2.500026389682049910e+01,2.500044890361344585e+01,2.500075412504415340e+01,2.500125113722326375e+01,2.500204992440390939e+01,2.500331697398275921e+01,2.500530050933205217e+01,2.500836497140755199e+01,2.501303714924383215e+01,2.502006652324431712e+01,2.503050232518642204e+01,2.504578941341824105e+01,2.506788417311656758e+01,2.509939014027398230e+01,2.514371079561551525e+01,2.520521391365372210e+01,2.528939800376347691e+01,2.540304689354374190e+01,2.555435369204405660e+01,2.575299072951871082e+01,2.601009828433936732e+01,2.633816281191096920e+01,2.675075589967388723e+01,2.726210916596674139e+01,2.788650849159607858e+01,2.863750365513724816e+01,2.952694644089097409e+01,3.056389074238846248e+01,3.175341050542040477e+01,3.309541326204890765e+01,3.458354569057087957e+01,3.620430004655467826e+01,3.793643355822416652e+01,3.975080470170993863e+01,4.161070949005205932e+01,4.347276781006113566e+01,4.528836638614687615e+01,4.700561476409385619e+01,4.857171879644292289e+01,4.993562832871747048e+01,5.105077810288581475e+01,5.187771856787442459e+01,5.238643005766926564e+01,5.255813125284185361e+01,5.238643005766926564e+01,5.187771856787442459e+01,5.105077810288581475e+01,4.993562832871747048e+01,4.857171879644292289e+01,4.700561476409385619e+01,4.528836638614687615e+01,4.347276781006113566e+01,4.161070949005205932e+01,3.975080470170993863e+01,3.793643355822416652e+01,3.620430004655467826e+01,3.458354569057087957e+01,3.309541326204890765e+01,3.175341050542040477e+01,3.056389074238846248e+01,2.952694644089097409e+01,2.863750365513724816e+01,2.788650849159607858e+01,2.726210916596674139e+01,2.675075589967388723e+01,2.633816281191096920e+01,2.601009828433936732e+01,2.575299072951871082e+01,2.555435369204405660e+01,2.540304689354374190e+01,2.528939800376347691e+01,2.520521391365372210e+01,2.514371079561551525e+01,2.509939014027398230e+01,2.506788417311656758e+01,2.504578941341824105e+01,2.503050232518642204e+01,2.502006652324431712e+01,2.501303714924383215e+01,2.500836497140755199e+01,2.500530050933205217e+01
2.500000000094584607e+01,2.500000000204025596e+01,2.500000000434630110e+01,2.500000000914379328e+01,2.500000001899784152e+01,2.500000003898103884e+01,2.500000007899032539e+01,2.500000015807591325e+01,2.500000031241279785e+01,2.500000060976606164e+01,2.500000117535484634e+01,2.500000223741258054e+01,2.500000420624404995e+01,2.500000780933724087e+01,2.500001431875333324e+01,2.500002592791273415e+01,2.500004636617007492e+01,2.500008188535015563e+01,2.500014281785827919e+01,2.500024599718679497e+01,2.500041845531083240e+01,2.500070297413588349e+01,2.500116627489726540e+01,2.500191088181944821e+01,2.500309198976662373e+01,2.500494098557836153e+01,2.500779759085380149e+01,2.501215286350071665e+01,2.501870544805165153e+01,2.502843340883133649e+01,2.504268360211592892e+01,2.506327971509069741e+01,2.509264869071266801e+01,2.513396315789825408e+01,2.519129463308561867e+01,2.526976867191890008e+01,2.537570896750620975e+01,2.551675290544951125e+01,2.570191675971451062e+01,2.594158518417597392e+01,2.624739770104124048e+01,2.663200536205223301e+01,2.710867448117290124e+01,2.769072195431218120e+01,2.839077850360199307e+01,2.921989202871370850e+01,3.018650231431013609e+01,3.129533914981463738e+01,3.254631633921868428e+01,3.393351149489061669e+01,3.544433307774392006e+01,3.705897917395957109e+01,3.875028487538443756e+01,4.048403575867223481e+01,4.221979410355334039e+01,4.391224398309294941e+01,4.551301457670172113e+01,4.697289266638934180e+01,4.824429073532682111e+01,4.928380196089116794e+01,5.005465258216324287e+01,5.052885911160431220e+01,5.068891413197840734e+01,5.052885911160431220e+01,5.005465258216324287e+01,4.928380196089116794e+01,4.824429073532682111e+01,4.697289266638934180e+01,4.551301457670172113e+01,4.391224398309294941e+01,4.221979410355334039e+01,4.048403575867223481e+01,3.875028487538443756e+01,3.705897917395957109e+01,3.544433307774392006e+01,3.393351149489061669e+01,3.254631633921868428e+01,3.129533914981463738e+01,3.018650231431013609e+01,2.921989202871370850e+01,2.839077850360199307e+01,2.769072195431218120e+01,2.710867448117290124e+01,2.663200536205223301e+01,2.624739770104124048e+01,2.594158518417597392e+01,2.570191675971451062e+01,2.551675290544951125e+01,2.537570896750620975e+01,2.526976867191890008e+01,2.519129463308561867e+01,2.513396315789825408e+01,2.509264869071266801e+01,2.506327971509069741e+01,2.504268360211592892e+01,2.502843340883133649e+01,2.501870544805165153e+01,2.501215286350071665e+01,2.500779759085380149e+01,2.500494098557836153e+01
2.500000000087959506e+01,2.500000000189734806e+01,2.500000000404186551e+01,2.500000000850331716e+01,2.500000001766713709e+01,2.500000003625061495e+01,2.500000007345744990e+01,2.500000014700349027e+01,2.500000029052985084e+01,2.500000056705501805e+01,2.500000109302715501e+01,2.500000208069308627e+01,2.500000391161781721e+01,2.500000726233245629e+01,2.500001331579670349e+01,2.500002411179289297e+01,2.500004311845313509e+01,2.500007614969335279e+01,2.500013281418584299e+01,2.500022876632150570e+01,2.500038914462161443e+01,2.500065373433442417e+01,2.500108458320840299e+01,2.500177703416190766e+01,2.500287541143969960e+01,2.500459489439737482e+01,2.500725140884524933e+01,2.501130161655522244e+01,2.501739522552532335e+01,2.502644179159510429e+01,2.503969383053479802e+01,2.505884728941756734e+01,2.508615911605658511e+01,2.512457971267460266e+01,2.517789540646765545e+01,2.525087273369437924e+01,2.534939244457603280e+01,2.548055696427791261e+01,2.565275102213653469e+01,2.587563187926937402e+01,2.616002376791318085e+01,2.651769159728453928e+01,2.696097244279888372e+01,2.750225041880587185e+01,2.815327152889899054e+01,2.892430982296112774e+01,2.982321392120118375e+01,3.085438231508964435e+01,3.201773484621470800e+01,3.330776396040199216e+01,3.471276009252818540e+01,3.621430835321111630e+01,3.778714659944341747e+01,3.939945695609672782e+01,4.101363416175856713e+01,4.258753644218519696e+01,4.407618110940928347e+01,4.543380208376229490e+01,4.661614511454973808e+01,4.758284380868768437e+01,4.829970022219545456e+01,4.874069097004758788e+01,4.888953494150335644e+01,4.874069097004758788e+01,4.829970022219545456e+01,4.758284380868768437e+01,4.661614511454973808e+01,4.543380208376229490e+01,4.407618110940928347e+01,4.258753644218519696e+01,4.101363416175856713e+01,3.939945695609672782e+01,3.778714659944341747e+01,3.621430835321111630e+01,3.471276009252818540e+01,3.330776396040199216e+01,3.201773484621470800e+01,3.085438231508964435e+01,2.982321392120118375e+01,2.892430982296112774e+01,2.815327152889899054e+01,2.750225041880587185e+01,2.696097244279888372e+01,2.651769159728453928e+01,2.616002376791318085e+01,2.587563187926937402e+01,2.565275102213653469e+01,2.548055696427791261e+01,2.534939244457603280e+01,2.525087273369437924e+01,2.517789540646765545e+01,2.512457971267460266e+01,2.508615911605658511e+01,2.505884728941756734e+01,2.503969383053479802e+01,2.502644179159510429e+01,2.501739522552532335e+01,2.501130161655522244e+01,2.500725140884524933e+01,2.500459489439737482e+01
2.500000000081603702e+01,2.500000000176025239e+01,2.500000000374981468e+01,2.500000000788889665e+01,2.500000001639057245e+01,2.500000003363127021e+01,2.500000006814967080e+01,2.500000013638153007e+01,2.500000026953717835e+01,2.500000052608159962e+01,2.500000101404882358e+01,2.500000193034945895e+01,2.500000362897795014e+01,2.500000673758163217e+01,2.500001235364365471e+01,2.500002236955879908e+01,2.500004000286403638e+01,2.500007064738199247e+01,2.500012321749580835e+01,2.500021223646466950e+01,2.500036102638794233e+01,2.500060649777055133e+01,2.500100621500697784e+01,2.500164863186869368e+01,2.500266764423369636e+01,2.500426288334753266e+01,2.500672744732288422e+01,2.501048500114409023e+01,2.501613830717433373e+01,2.502453119991921326e+01,2.503682569272608660e+01,2.505459518944524078e+01,2.507993355870932461e+01,2.511557801696254799e+01,2.516504130459813737e+01,2.523274554458239649e+01,2.532414656462782432e+01,2.544583359341865503e+01,2.560558550898147701e+01,2.581236177241379082e+01,2.607620449466775625e+01,2.640802849363630855e+01,2.681927941067645804e+01,2.732144652721003908e+01,2.792542712156131302e+01,2.864075287658734226e+01,2.947470529856359889e+01,3.043136505930149838e+01,3.151065779235660003e+01,3.270747390021804080e+01,3.401094991011493107e+01,3.540400152837150216e+01,3.686319196636194562e+01,3.835900239768711373e+01,3.985654478601988870e+01,4.131672237480335497e+01,4.269780276827826526e+01,4.395732678413729388e+01,4.505423782955631395e+01,4.595108624628507243e+01,4.661614511454973808e+01,4.702527140840075504e+01,4.716336043339812534e+01,4.702527140840075504e+01,4.661614511454973808e+01,4.595108624628507243e+01,4.505423782955631395e+01,4.395732678413729388e+01,4.269780276827826526e+01,4.131672237480335497e+01,3.985654478601988870e+01,3.835900239768711373e+01,3.686319196636194562e+01,3.540400152837150216e+01,3.401094991011493107e+01,3.270747390021804080e+01,3.151065779235660003e+01,3.043136505930149838e+01,2.947470529856359889e+01,2.864075287658734226e+01,2.792542712156131302e+01,2.732144652721003908e+01,2.681927941067645804e+01,2.640802849363630855e+01,2.607620449466775625e+01,2.581236177241379082e+01,2.560558550898147701e+01,2.544583359341865503e+01,2.532414656462782432e+01,2.523274554458239649e+01,2.516504130459813737e+01,2.511557801696254799e+01,2.507993355870932461e+01,2.505459518944524078e+01,2.503682569272608660e+01,2.502453119991921326e+01,2.501613830717433373e+01,2.501048500114409023e+01,2.500672744732288422e+01,2.500426288334753266e+01
2.500000000075527495e+01,2.500000000162917857e+01,2.500000000347059270e+01,2.500000000730146610e+01,2.500000001517008386e+01,2.500000003112699432e+01,2.500000006307505629e+01,2.500000012622617973e+01,2.500000024946668375e+01,2.500000048690808896e+01,2.500000093853990890e+01,2.500000178661023398e+01,2.500000335875409618e+01,2.500000623588244508e+01,2.500001143375676804e+01,2.500002070385883712e+01,2.500003702413880546e+01,2.500006538678017876e+01,2.500011404237616475e+01,2.500019643274342585e+01,2.500033414335252502e+01,2.500056133624887167e+01,2.500093128942100051e+01,2.500152587012496141e+01,2.500246900397688776e+01,2.500394545712097738e+01,2.500622650276401160e+01,2.500970425860969115e+01,2.501493660364840466e+01,2.502270453810643858e+01,2.503408354856464157e+01,2.505052987881839499e+01,2.507398148218088707e+01,2.510697175429797667e+01,2.515275186708048949e+01,2.521541465984041963e+01,2.530000970408704930e+01,2.541263557609246604e+01,2.556049191685106337e+01,2.575187104090804979e+01,2.599606729552459328e+01,2.630318275070097656e+01,2.668381077330057849e+01,2.714858512069020335e+01,2.770759162934684383e+01,2.836965222634130868e+01,2.914150621660969165e+01,3.002693041371785654e+01,3.102585598875500850e+01,3.213355381914348641e+01,3.333996935670356265e+01,3.462929045208827716e+01,3.597982548555623339e+01,3.736425368514994005e+01,3.875028487538443756e+01,4.010173355363416903e+01,4.137997483514385522e+01,4.254571116717086454e+01,4.356094314571679860e+01,4.439100971891236469e+01,4.500654644223885725e+01,4.538520804703915701e+01,4.551301457670172113e+01,4.538520804703915701e+01,4.500654644223885725e+01,4.439100971891236469e+01,4.356094314571679860e+01,4.254571116717086454e+01,4.137997483514385522e+01,4.010173355363416903e+01,3.875028487538443756e+01,3.736425368514994005e+01,3.597982548555623339e+01,3.462929045208827716e+01,3.333996935670356265e+01,3.213355381914348641e+01,3.102585598875500850e+01,3.002693041371785654e+01,2.914150621660969165e+01,2.836965222634130868e+01,2.770759162934684383e+01,2.714858512069020335e+01,2.668381077330057849e+01,2.630318275070097656e+01,2.599606729552459328e+01,2.575187104090804979e+01,2.556049191685106337e+01,2.541263557609246604e+01,2.530000970408704930e+01,2.521541465984041963e+01,2.515275186708048949e+01,2.510697175429797667e+01,2.507398148218088707e+01,2.505052987881839499e+01,2.503408354856464157e+01,2.502270453810643858e+01,2.501493660364840466e+01,2.500970425860969115e+01,2.500622650276401160e+01,2.500394545712097738e+01
2.500000000069737283e+01,2.500000000150427937e+01,2.500000000320452287e+01,2.500000000674170764e+01,2.500000001400708882e+01,2.500000002874067917e+01,2.500000005823947902e+01,2.500000011654919518e+01,2.500000023034161245e+01,2.500000044957984713e+01,2.500000086658783616e+01,2.500000164964183469e+01,2.500000310125911440e+01,2.500000575781576373e+01,2.500001055720109377e+01,2.500001911662155862e+01,2.500003418572623204e+01,2.500006037397866621e+01,2.500010529944993110e+01,2.500018137345543678e+01,2.500030852664072967e+01,2.500051830205771353e+01,2.500085989319984492e+01,2.500140889106513953e+01,2.500227972065637871e+01,2.500364298323605183e+01,2.500574915516580177e+01,2.500896029290128553e+01,2.501379150628842751e+01,2.502096392107882394e+01,2.503147057292448352e+01,2.504665606438260639e+01,2.506830977782783876e+01,2.509877088907306231e+01,2.514104132271294034e+01,2.519890014529014621e+01,2.527700980878261916e+01,2.538100134920007278e+01,2.551752245542720132e+01,2.569422972135160421e+01,2.591970495390318874e+01,2.620327575962590672e+01,2.655472337722373055e+01,2.698386633941308688e+01,2.750001726373880473e+01,2.811132175448531711e+01,2.882400245560793195e+01,2.964154663564976744e+01,3.056389074238846248e+01,3.158666820593279212e+01,3.270059529835422296e+01,3.389107209035921642e+01,3.513806992502470194e+01,3.641636254562423858e+01,3.769613526545000326e+01,3.894397670138189227e+01,4.012422310056604147e+01,4.120058961147086052e+01,4.213799001024396773e+01,4.290442049427604587e+01,4.347276781006113566e+01,4.382239976299491246e+01,4.394040815359262808e+01,4.382239976299491246e+01,4.347276781006113566e+01,4.290442049427604587e+01,4.213799001024396773e+01,4.120058961147086052e+01,4.012422310056604147e+01,3.894397670138189227e+01,3.769613526545000326e+01,3.641636254562423858e+01,3.513806992502470194e+01,3.389107209035921642e+01,3.270059529835422296e+01,3.158666820593279212e+01,3.056389074238846248e+01,2.964154663564976744e+01,2.882400245560793195e+01,2.811132175448531711e+01,2.750001726373880473e+01,2.698386633941308688e+01,2.655472337722373055e+01,2.620327575962590672e+01,2.591970495390318874e+01,2.569422972135160421e+01,2.551752245542720132e+01,2.538100134920007278e+01,2.527700980878261916e+01,2.519890014529014621e+01,2.514104132271294034e+01,2.509877088907306231e+01,2.506830977782783876e+01,2.504665606438260639e+01,2.503147057292448352e+01,2.502096392107882394e+01,2.501379150628842751e+01,2.500896029290128553e+01,2.500574915516580177e+01,2.500364298323605183e+01
2.500000000064237682e+01,2.500000000138565071e+01,2.500000000295181479e+01,2.500000000621006180e+01,2.500000001290249330e+01,2.500000002647419706e+01,2.500000005364673683e+01,2.500000010735816858e+01,2.500000021217695334e+01,2.500000041412614138e+01,2.500000079824902954e+01,2.500000151955167027e+01,2.500000285669493039e+01,2.500000530375647401e+01,2.500000972466399318e+01,2.500001760909162485e+01,2.500003148985209478e+01,2.500005561290830869e+01,2.500009699557298859e+01,2.500016707040963837e+01,2.500028419634023891e+01,2.500047742894290081e+01,2.500079208232979155e+01,2.500129778641986533e+01,2.500209994270113967e+01,2.500335569888157750e+01,2.500529577884657328e+01,2.500825368740923338e+01,2.501270391303735607e+01,2.501931071376379023e+01,2.502898881480436089e+01,2.504297678383971970e+01,2.506292289319072353e+01,2.509098185210264731e+01,2.512991885447075546e+01,2.518321495100238394e+01,2.525516491438079214e+01,2.535095571913084811e+01,2.547671081977045304e+01,2.563948301393288887e+01,2.584717735032428720e+01,2.610838586377411374e+01,2.643211844800204702e+01,2.682741934974771425e+01,2.730286679686859230e+01,2.786596403420986690e+01,2.852244299025108987e+01,2.927551592878588949e+01,3.012512430929739793e+01,3.106724590803361252e+01,3.209332910852853615e+01,3.318992532668862339e+01,3.433858535830923131e+01,3.551607228024285234e+01,3.669492258130738094e+01,3.784435968810034012e+01,3.893153227855683696e+01,3.992301691155374499e+01,4.078649425029723830e+01,4.149248430060026749e+01,4.201601195042677261e+01,4.233807205265638629e+01,4.244677434379696024e+01,4.233807205265638629e+01,4.201601195042677261e+01,4.149248430060026749e+01,4.078649425029723830e+01,3.992301691155374499e+01,3.893153227855683696e+01,3.784435968810034012e+01,3.669492258130738094e+01,3.551607228024285234e+01,3.433858535830923131e+01,3.318992532668862339e+01,3.209332910852853615e+01,3.106724590803361252e+01,3.012512430929739793e+01,2.927551592878588949e+01,2.852244299025108987e+01,2.786596403420986690e+01,2.730286679686859230e+01,2.682741934974771425e+01,2.643211844800204702e+01,2.610838586377411374e+01,2.584717735032428720e+01,2.563948301393288887e+01,2.547671081977045304e+01,2.535095571913084811e+01,2.525516491438079214e+01,2.518321495100238394e+01,2.512991885447075546e+01,2.509098185210264731e+01,2.506292289319072353e+01,2.504297678383971970e+01,2.502898881480436089e+01,2.501931071376379023e+01,2.501270391303735607e+01,2.500825368740923338e+01,2.500529577884657328e+01,2.500335569888157750e+01
2.500000000059031180e+01,2.500000000127334587e+01,2.500000000271257150e+01,2.500000000570673464e+01,2.500000001185674492e+01,2.500000002432845747e+01,2.500000004929865582e+01,2.500000009865676631e+01,2.500000019497996462e+01,2.500000038056112572e+01,2.500000073355076680e+01,2.500000139639166719e+01,2.500000262515916560e+01,2.500000487388582115e+01,2.500000893647779421e+01,2.500001618187079089e+01,2.500002893759250711e+01,2.500005110546959841e+01,2.500008913406000843e+01,2.500015352931540846e+01,2.500026116216302086e+01,2.500043873321982701e+01,2.500072788387902634e+01,2.500119260053899950e+01,2.500192974187347872e+01,2.500308371873340008e+01,2.500486655478141174e+01,2.500758472419060396e+01,2.501167425803187072e+01,2.501774557607527427e+01,2.502663926485241319e+01,2.503949350585519795e+01,2.505782297856260499e+01,2.508360775255154707e+01,2.511938890213090403e+01,2.516836533806619869e+01,2.523448374074992984e+01,2.532251067925652777e+01,2.543807330073964224e+01,2.558765277200003396e+01,2.577851343577041376e+01,2.601855094052719863e+01,2.631604492608010304e+01,2.667930660093881556e+01,2.711621892566593317e+01,2.763367700542642069e+01,2.823694819460894223e+01,2.892898440230504065e+01,2.970973183271989981e+01,3.057549426424014882e+01,3.151841319083542814e+01,3.252613003917405621e+01,3.358169091719657473e+01,3.466374225959659583e+01,3.574704647894266429e+01,3.680332145002026323e+01,3.780237845779761585e+01,3.871350303856280561e+01,3.950699534502943777e+01,4.015576474316162603e+01,4.063686035936434138e+01,4.093281741796062789e+01,4.103270936398531887e+01,4.093281741796062789e+01,4.063686035936434138e+01,4.015576474316162603e+01,3.950699534502943777e+01,3.871350303856280561e+01,3.780237845779761585e+01,3.680332145002026323e+01,3.574704647894266429e+01,3.466374225959659583e+01,3.358169091719657473e+01,3.252613003917405621e+01,3.151841319083542814e+01,3.057549426424014882e+01,2.970973183271989981e+01,2.892898440230504065e+01,2.823694819460894223e+01,2.763367700542642069e+01,2.711621892566593317e+01,2.667930660093881556e+01,2.631604492608010304e+01,2.601855094052719863e+01,2.577851343577041376e+01,2.558765277200003396e+01,2.543807330073964224e+01,2.532251067925652777e+01,2.523448374074992984e+01,2.516836533806619869e+01,2.511938890213090403e+01,2.508360775255154707e+01,2.505782297856260499e+01,2.503949350585519795e+01,2.502663926485241319e+01,2.501774557607527427e+01,2.501167425803187072e+01,2.500758472419060396e+01,2.500486655478141174e+01,2.500308371873340008e+01
2.500000000054117777e+01,2.500000000116735777e+01,2.500000000248678944e+01,2.500000000523172972e+01,2.500000001086984014e+01,2.500000002230346396e+01,2.500000004519525376e+01,2.500000009044500970e+01,2.500000017875069247e+01,2.500000034888489253e+01,2.500000067249322910e+01,2.500000128016217360e+01,2.500000240665247375e+01,2.500000446820502020e+01,2.500000819264472440e+01,2.500001483496310684e+01,2.500002652895470234e+01,2.500004685167529317e+01,2.500008171493325548e+01,2.500014075021108440e+01,2.500023942417430334e+01,2.500040221499807558e+01,2.500066729802935228e+01,2.500109333372040510e+01,2.500176911865537122e+01,2.500282704356170527e+01,2.500446148418578929e+01,2.500695340513974685e+01,2.501070254418771199e+01,2.501626851244537875e+01,2.502442192972202761e+01,2.503620624029288066e+01,2.505301004838526069e+01,2.507664861130150769e+01,2.510945149551177735e+01,2.515435134853226273e+01,2.521496634645434654e+01,2.529566631012690436e+01,2.540161000774730837e+01,2.553873914232432440e+01,2.571371340468192557e+01,2.593377124427692593e+01,2.620650314015132665e+01,2.653952851240749311e+01,2.694007417867451437e+01,2.741446132591822504e+01,2.796751887713683615e+01,2.860195303750450080e+01,2.931771448895154109e+01,3.011141466707953995e+01,3.097584917330404508e+01,3.189968810753048345e+01,3.286738874503709695e+01,3.385937489728728877e+01,3.485250964252215766e+01,3.582086493512165504e+01,3.673676483579130547e+01,3.757205141756210764e+01,3.829949691768604225e+01,3.889426560724135129e+01,3.933531694231277953e+01,3.960663983826430723e+01,3.969821721846332707e+01,3.960663983826430723e+01,3.933531694231277953e+01,3.889426560724135129e+01,3.829949691768604225e+01,3.757205141756210764e+01,3.673676483579130547e+01,3.582086493512165504e+01,3.485250964252215766e+01,3.385937489728728877e+01,3.286738874503709695e+01,3.189968810753048345e+01,3.097584917330404508e+01,3.011141466707953995e+01,2.931771448895154109e+01,2.860195303750450080e+01,2.796751887713683615e+01,2.741446132591822504e+01,2.694007417867451437e+01,2.653952851240749311e+01,2.620650314015132665e+01,2.593377124427692593e+01,2.571371340468192557e+01,2.553873914232432440e+01,2.540161000774730837e+01,2.529566631012690436e+01,2.521496634645434654e+01,2.515435134853226273e+01,2.510945149551177735e+01,2.507664861130150769e+01,2.505301004838526069e+01,2.503620624029288066e+01,2.502442192972202761e+01,2.501626851244537875e+01,2.501070254418771199e+01,2.500695340513974685e+01,2.500446148418578929e+01,2.500282704356170527e+01
2.500000000049495341e+01,2.500000000106764730e+01,2.500000000227437624e+01,2.500000000478485873e+01,2.500000000994138460e+01,2.500000002039839586e+01,2.500000004133486442e+01,2.500000008271958052e+01,2.500000016348256082e+01,2.500000031908462006e+01,2.500000061505170024e+01,2.500000117081613027e+01,2.500000220108639226e+01,2.500000408654983275e+01,2.500000749286363799e+01,2.500001356782325601e+01,2.500002426296351388e+01,2.500004284980320790e+01,2.500007473518902046e+01,2.500012872792293095e+01,2.500021897357325074e+01,2.500036785949288642e+01,2.500061030025199571e+01,2.500099994577493945e+01,2.500161800801694056e+01,2.500258556944905663e+01,2.500408040306293245e+01,2.500635947466101427e+01,2.500978837809709532e+01,2.501487892487054410e+01,2.502233591170352867e+01,2.503311365627135743e+01,2.504848215409714385e+01,2.507010161087656996e+01,2.510010261135774101e+01,2.514116730870073724e+01,2.519660482968729909e+01,2.527041174353827202e+01,2.536730617827494427e+01,2.549272232174746122e+01,2.565275102213653824e+01,2.585401245113941471e+01,2.610344874115920177e+01,2.640802849363630500e+01,2.677436124198181133e+01,2.720822824408718787e+01,2.771404595675739557e+01,2.829428943255828344e+01,2.894891356596124510e+01,2.967481922941715311e+01,3.046541739361950363e+01,3.131034591065441219e+01,3.219538964965512662e+01,3.310264453737181611e+01,3.401094991011493107e+01,3.489659238633736038e+01,3.573425998850788687e+01,3.649819992077076591e+01,3.716351010079483785e+01,3.770747616265556701e+01,3.811085475677187162e+01,3.835900239768711373e+01,3.844275762511783512e+01,3.835900239768711373e+01,3.811085475677187162e+01,3.770747616265556701e+01,3.716351010079483785e+01,3.649819992077076591e+01,3.573425998850788687e+01,3.489659238633736038e+01,3.401094991011493107e+01,3.310264453737181611e+01,3.219538964965512662e+01,3.131034591065441219e+01,3.046541739361950363e+01,2.967481922941715311e+01,2.894891356596124510e+01,2.829428943255828344e+01,2.771404595675739557e+01,2.720822824408718787e+01,2.677436124198181133e+01,2.640802849363630500e+01,2.610344874115920177e+01,2.585401245113941471e+01,2.565275102213653824e+01,2.549272232174746122e+01,2.536730617827494427e+01,2.527041174353827202e+01,2.519660482968729909e+01,2.514116730870073724e+01,2.510010261135774101e+01,2.507010161087656996e+01,2.504848215409714385e+01,2.503311365627135743e+01,2.502233591170352867e+01,2.501487892487054410e+01,2.500978837809709532e+01,2.500635947466101427e+01,2.500408040306293245e+01,2.500258556944905663e+01
2.500000000045159965e+01,2.500000000097412922e+01,2.500000000207516138e+01,2.500000000436574865e+01,2.500000000907061093e+01,2.500000001861168641e+01,2.500000003771431167e+01,2.500000007547410874e+01,2.500000014916300017e+01,2.500000029113575195e+01,2.500000056117885094e+01,2.500000106826345103e+01,2.500000200829154906e+01,2.500000372860580811e+01,2.500000683655797928e+01,2.500001237940724153e+01,2.500002213775198712e+01,2.500003909655617562e+01,2.500006818907666428e+01,2.500011745254571949e+01,2.500019979351051447e+01,2.500033563839859241e+01,2.500055684358621022e+01,2.500091235975982684e+01,2.500147628545740375e+01,2.500235909744375817e+01,2.500372299743825621e+01,2.500580244341219327e+01,2.500893100657413370e+01,2.501357566846281699e+01,2.502037949211654322e+01,2.503021320579564701e+01,2.504423556514416660e+01,2.506396135717130491e+01,2.509133454707775357e+01,2.512880235617719649e+01,2.517938406230598147e+01,2.524672617213061443e+01,2.533513354923092109e+01,2.544956439678757576e+01,2.559557606093131454e+01,2.577920884745780228e+01,2.600679682208410526e+01,2.628469820112140809e+01,2.661894358389481496e+01,2.701480784349600128e+01,2.747632059590100440e+01,2.800574010192868357e+01,2.860302520687818983e+01,2.926534823815238440e+01,2.998669730456054694e+01,3.075761788664878793e+01,3.156513996773364994e+01,3.239292770603299942e+01,3.322167391657197300e+01,3.402974229102743919e+01,3.479403794733687505e+01,3.549106379672741696e+01,3.609809894930257457e+01,3.659441860781942779e+01,3.696246496240262047e+01,3.718887716168491409e+01,3.726529620469510462e+01,3.718887716168491409e+01,3.696246496240262047e+01,3.659441860781942779e+01,3.609809894930257457e+01,3.549106379672741696e+01,3.479403794733687505e+01,3.402974229102743919e+01,3.322167391657197300e+01,3.239292770603299942e+01,3.156513996773364994e+01,3.075761788664878793e+01,2.998669730456054694e+01,2.926534823815238440e+01,2.860302520687818983e+01,2.800574010192868357e+01,2.747632059590100440e+01,2.701480784349600128e+01,2.661894358389481496e+01,2.628469820112140809e+01,2.600679682208410526e+01,2.577920884745780228e+01,2.559557606093131454e+01,2.544956439678757576e+01,2.533513354923092109e+01,2.524672617213061443e+01,2.517938406230598147e+01,2.512880235617719649e+01,2.509133454707775357e+01,2.506396135717130491e+01,2.504423556514416660e+01,2.503021320579564701e+01,2.502037949211654322e+01,2.501357566846281699e+01,2.500893100657413370e+01,2.500580244341219327e+01,2.500372299743825621e+01,2.500235909744375817e+01
2.500000000041106318e+01,2.500000000088669339e+01,2.500000000188889615e+01,2.500000000397387723e+01,2.500000000825642843e+01,2.500000001694109031e+01,2.500000003432905515e+01,2.500000006869951008e+01,2.500000013577404090e+01,2.500000026500323713e+01,2.500000051080711216e+01,2.500000097237549923e+01,2.500000182802612869e+01,2.500000339392397564e+01,2.500000622290454544e+01,2.500001126822442288e+01,2.500002015065444994e+01,2.500003558722648123e+01,2.500006206838535050e+01,2.500010690993667950e+01,2.500018185992842845e+01,2.500030551130008050e+01,2.500050686098098041e+01,2.500083046581540103e+01,2.500134377321329637e+01,2.500214734348061540e+01,2.500338881901573274e+01,2.500528161270564098e+01,2.500812935421257066e+01,2.501235710853984884e+01,2.501855021701221204e+01,2.502750125081325550e+01,2.504026495500425042e+01,2.505822014842853207e+01,2.508313630483602807e+01,2.511724098152728857e+01,2.516328244419824145e+01,2.522457988694918640e+01,2.530505176629301900e+01,2.540921123419968453e+01,2.554211680616837299e+01,2.570926660662184560e+01,2.591642615184233378e+01,2.616938294093473871e+01,2.647362626310973965e+01,2.683395751577227983e+01,2.725404461421700120e+01,2.773594311645391386e+01,2.827961556185212899e+01,2.888248809135685491e+01,2.953908844463873251e+01,3.024081074542699099e+01,3.097584917330404508e+01,3.172933420117848868e+01,3.248369166826503829e+01,3.321922735390097614e+01,3.391491938611414980e+01,3.454937978853111957e+01,3.510192711159070456e+01,3.555369682794398756e+01,3.588870712697539744e+01,3.609479643513282809e+01,3.616435606024997185e+01,3.609479643513282809e+01,3.588870712697539744e+01,3.555369682794398756e+01,3.510192711159070456e+01,3.454937978853111957e+01,3.391491938611414980e+01,3.321922735390097614e+01,3.248369166826503829e+01,3.172933420117848868e+01,3.097584917330404508e+01,3.024081074542699099e+01,2.953908844463873251e+01,2.888248809135685491e+01,2.827961556185212899e+01,2.773594311645391386e+01,2.725404461421700120e+01,2.683395751577227983e+01,2.647362626310973965e+01,2.616938294093473871e+01,2.591642615184233378e+01,2.570926660662184560e+01,2.554211680616837299e+01,2.540921123419968453e+01,2.530505176629301900e+01,2.522457988694918640e+01,2.516328244419824145e+01,2.511724098152728857e+01,2.508313630483602807e+01,2.505822014842853207e+01,2.504026495500425042e+01,2.502750125081325550e+01,2.501855021701221204e+01,2.501235710853984884e+01,2.500812935421257066e+01,2.500528161270564098e+01,2.500338881901573274e+01,2.500214734348061540e+01
2.500000000037327652e+01,2.500000000080518348e+01,2.500000000171525727e+01,2.500000000360857655e+01,2.500000000749745510e+01,2.500000001538377603e+01,2.500000003117334657e+01,2.500000006238428796e+01,2.500000012329298116e+01,2.500000024064275195e+01,2.500000046385104469e+01,2.500000088298964585e+01,2.500000165998438462e+01,2.500000308193668985e+01,2.500000565086254056e+01,2.500001023239016362e+01,2.500001829830065958e+01,2.500003231586206454e+01,2.500005636273399290e+01,2.500009708221485383e+01,2.500016514241045229e+01,2.500027742709981737e+01,2.500046026766252183e+01,2.500075412504415340e+01,2.500122024653515851e+01,2.500194994841099927e+01,2.500307730100682591e+01,2.500479609917828938e+01,2.500738206135737229e+01,2.501122117834400882e+01,2.501684498381986899e+01,2.502497319167050804e+01,2.503656358926194514e+01,2.505286824718133687e+01,2.507549397987553519e+01,2.510646357590063715e+01,2.514827266596275734e+01,2.520393532644049372e+01,2.527700980878261916e+01,2.537159439237099789e+01,2.549228258744221520e+01,2.564406710199963513e+01,2.583218345584464259e+01,2.606188713082498509e+01,2.633816281191096920e+01,2.666537052688802234e+01,2.704684101704882693e+01,2.748444088273540231e+01,2.797813610689442854e+01,2.852558943308820005e+01,2.912183163984370182e+01,2.975904794815098953e+01,3.042651779049413463e+01,3.111073852466151379e+01,3.179575149885510044e+01,3.246367288841719301e+01,3.309541326204889344e+01,3.367155073828578793e+01,3.417330501482737048e+01,3.458354569057087957e+01,3.488776008671294449e+01,3.507490458529616006e+01,3.513806992502470194e+01,3.507490458529616006e+01,3.488776008671294449e+01,3.458354569057087957e+01,3.417330501482737048e+01,3.367155073828578793e+01,3.309541326204889344e+01,3.246367288841719301e+01,3.179575149885510044e+01,3.111073852466151379e+01,3.042651779049413463e+01,2.975904794815098953e+01,2.912183163984370182e+01,2.852558943308820005e+01,2.797813610689442854e+01,2.748444088273540231e+01,2.704684101704882693e+01,2.666537052688802234e+01,2.633816281191096920e+01,2.606188713082498509e+01,2.583218345584464259e+01,2.564406710199963513e+01,2.549228258744221520e+01,2.537159439237099789e+01,2.527700980878261916e+01,2.520393532644049372e+01,2.514827266596275734e+01,2.510646357590063715e+01,2.507549397987553519e+01,2.505286824718133687e+01,2.503656358926194514e+01,2.502497319167050804e+01,2.501684498381986899e+01,2.501122117834400882e+01,2.500738206135737229e+01,2.500479609917828938e+01,2.500307730100682591e+01,2.500194994841099927e+01
2.500000000033815795e+01,2.500000000072942541e+01,2.500000000155387880e+01,2.500000000326906502e+01,2.500000000679205669e+01,2.500000001393639693e+01,2.500000002824041090e+01,2.500000005651487811e+01,2.500000011169299086e+01,2.500000021800193650e+01,2.500000042020973368e+01,2.500000079991378144e+01,2.500000150380516217e+01,2.500000279197344000e+01,2.500000511920253388e+01,2.500000926967826231e+01,2.500001657670955879e+01,2.500002927543216202e+01,2.500005105986008047e+01,2.500008794825863490e+01,2.500014960502753780e+01,2.500025132543962059e+01,2.500041696349312303e+01,2.500068317337554902e+01,2.500110543994114565e+01,2.500176648799614654e+01,2.500278777390131069e+01,2.500434485937114104e+01,2.500668752193701749e+01,2.501016543654975166e+01,2.501526012767579843e+01,2.502262359509746759e+01,2.503312351299290128e+01,2.504789415119717688e+01,2.506839114741658747e+01,2.509644697664531421e+01,2.513432246879059662e+01,2.518474812159904985e+01,2.525094740931034565e+01,2.533663302570246501e+01,2.544596630173540674e+01,2.558347020771262947e+01,2.575388768084751590e+01,2.596197974227563066e+01,2.621226209411243957e+01,2.650868455200556539e+01,2.685426448527545418e+01,2.725069287563175990e+01,2.769793890650722545e+01,2.819388522165906608e+01,2.873403012758979358e+01,2.931129409684332998e+01,2.991596520385182245e+01,3.053581119916265862e+01,3.115637489679240701e+01,3.176145506731122126e+01,3.233375830385125482e+01,3.285569002787084969e+01,3.331023687717504345e+01,3.368188016021973397e+01,3.395747262000396205e+01,3.412700967463945290e+01,3.418423211897363956e+01,3.412700967463945290e+01,3.395747262000396205e+01,3.368188016021973397e+01,3.331023687717504345e+01,3.285569002787084969e+01,3.233375830385125482e+01,3.176145506731122126e+01,3.115637489679240701e+01,3.053581119916265862e+01,2.991596520385182245e+01,2.931129409684332998e+01,2.873403012758979358e+01,2.819388522165906608e+01,2.769793890650722545e+01,2.725069287563175990e+01,2.685426448527545418e+01,2.650868455200556539e+01,2.621226209411243957e+01,2.596197974227563066e+01,2.575388768084751590e+01,2.558347020771262947e+01,2.544596630173540674e+01,2.533663302570246501e+01,2.525094740931034565e+01,2.518474812159904985e+01,2.513432246879059662e+01,2.509644697664531421e+01,2.506839114741658747e+01,2.504789415119717688e+01,2.503312351299290128e+01,2.502262359509746759e+01,2.501526012767579843e+01,2.501016543654975166e+01,2.500668752193701749e+01,2.500434485937114104e+01,2.500278777390131069e+01,2.500176648799614654e+01
2.500000000030561154e+01,2.500000000065922734e+01,2.500000000140433443e+01,2.500000000295445446e+01,2.500000000613839646e+01,2.500000001259516935e+01,2.500000002552257783e+01,2.500000005107593637e+01,2.500000010094375469e+01,2.500000019702162035e+01,2.500000037976911571e+01,2.500000072293077835e+01,2.500000135908026522e+01,2.500000252327634698e+01,2.500000462653494182e+01,2.500000837757250594e+01,2.500001498138147937e+01,2.500002645799008505e+01,2.500004614590364582e+01,2.500007948419487747e+01,2.500013520717007509e+01,2.500022713809835651e+01,2.500037683528995558e+01,2.500061742536531639e+01,2.500099905336466932e+01,2.500159648273099933e+01,2.500251948097076493e+01,2.500392671389207777e+01,2.500604392065438830e+01,2.500918712379601416e+01,2.501379150628842751e+01,2.502044632002315794e+01,2.502993573497166580e+01,2.504328485982869168e+01,2.506180924299635038e+01,2.508716500367250646e+01,2.512139539146456713e+01,2.516696812339582934e+01,2.522679644935458043e+01,2.530423575670546299e+01,2.540304689354374190e+01,2.552731754345291648e+01,2.568133418750272057e+01,2.586939965030416033e+01,2.609559504673681829e+01,2.636349006563290587e+01,2.667581168731928898e+01,2.703408815489968475e+01,2.743829161756640644e+01,2.788650849159607858e+01,2.837467032254988908e+01,2.889637891052388596e+01,2.944285699720233396e+01,3.000304955415876051e+01,3.056389074238846248e+01,3.111073852466152800e+01,3.162796379651477352e+01,3.209966526631065875e+01,3.251046692300364782e+01,3.284634358039835433e+01,3.309541326204890765e+01,3.324863421830833943e+01,3.330034962447271596e+01,3.324863421830833943e+01,3.309541326204890765e+01,3.284634358039835433e+01,3.251046692300364782e+01,3.209966526631065875e+01,3.162796379651477352e+01,3.111073852466152800e+01,3.056389074238846248e+01,3.000304955415876051e+01,2.944285699720233396e+01,2.889637891052388596e+01,2.837467032254988908e+01,2.788650849159607858e+01,2.743829161756640644e+01,2.703408815489968475e+01,2.667581168731928898e+01,2.636349006563290587e+01,2.609559504673681829e+01,2.586939965030416033e+01,2.568133418750272057e+01,2.552731754345291648e+01,2.540304689354374190e+01,2.530423575670546299e+01,2.522679644935458043e+01,2.516696812339582934e+01,2.512139539146456713e+01,2.508716500367250646e+01,2.506180924299635038e+01,2.504328485982869168e+01,2.502993573497166580e+01,2.502044632002315794e+01,2.501379150628842751e+01,2.500918712379601416e+01,2.500604392065438830e+01,2.500392671389207777e+01,2.500251948097076493e+01,2.500159648273099933e+01
2.500000000027554492e+01,2.500000000059436545e+01,2.500000000126616584e+01,2.500000000266376787e+01,2.500000000553444934e+01,2.500000001135595085e+01,2.500000002301145230e+01,2.500000004605065840e+01,2.500000009101206189e+01,2.500000017763698423e+01,2.500000034240424540e+01,2.500000065180278952e+01,2.500000122536255986e+01,2.500000227501527661e+01,2.500000417133766106e+01,2.500000755331671343e+01,2.500001350738761730e+01,2.500002385483129430e+01,2.500004160568292733e+01,2.500007166387367619e+01,2.500012190435559489e+01,2.500020479034873588e+01,2.500033975907610184e+01,2.500055667788361191e+01,2.500090075812219936e+01,2.500143940738077930e+01,2.500227159331863191e+01,2.500354037087198833e+01,2.500544926909001120e+01,2.500828321756529959e+01,2.501243458232159611e+01,2.501843463971117743e+01,2.502699040649207163e+01,2.503902613257481491e+01,2.505572793168492041e+01,2.507858898013463644e+01,2.510945149551177735e+01,2.515054040015845516e+01,2.520448231402479067e+01,2.527430249334703305e+01,2.536339176246747584e+01,2.547543562440229792e+01,2.561429882029121785e+01,2.578386082680066238e+01,2.598780122452704333e+01,2.622933848639987886e+01,2.651093128956832246e+01,2.683395751577227983e+01,2.719839205439991758e+01,2.760250959613114929e+01,2.804264197517007062e+01,2.851302050013869405e+01,2.900573149295120956e+01,2.951080761152316256e+01,3.001646854358795125e+01,3.050951285824428894e+01,3.097584917330404508e+01,3.140114069945999375e+01,3.177152424649015217e+01,3.207435454355358928e+01,3.229891866262273936e+01,3.243706445715427833e+01,3.248369166826503829e+01,3.243706445715427833e+01,3.229891866262273936e+01,3.207435454355358928e+01,3.177152424649015217e+01,3.140114069945999375e+01,3.097584917330404508e+01,3.050951285824428894e+01,3.001646854358795125e+01,2.951080761152316256e+01,2.900573149295120956e+01,2.851302050013869405e+01,2.804264197517007062e+01,2.760250959613114929e+01,2.719839205439991758e+01,2.683395751577227983e+01,2.651093128956832246e+01,2.622933848639987886e+01,2.598780122452704333e+01,2.578386082680066238e+01,2.561429882029121785e+01,2.547543562440229792e+01,2.536339176246747584e+01,2.527430249334703305e+01,2.520448231402479067e+01,2.515054040015845516e+01,2.510945149551177735e+01,2.507858898013463644e+01,2.505572793168492041e+01,2.503902613257481491e+01,2.502699040649207163e+01,2.501843463971117743e+01,2.501243458232159611e+01,2.500828321756529959e+01,2.500544926909001120e+01,2.500354037087198833e+01,2.500227159331863191e+01,2.500143940738077930e+01
2.500000000024784441e+01,2.500000000053461235e+01,2.500000000113887211e+01,2.500000000239597497e+01,2.500000000497805530e+01,2.500000001021431117e+01,2.500000002069805305e+01,2.500000004142106746e+01,2.500000008186238887e+01,2.500000015977868983e+01,2.500000030798148387e+01,2.500000058627541222e+01,2.500000110217377269e+01,2.500000204630225298e+01,2.500000375198257174e+01,2.500000679396274350e+01,2.500001214945588757e+01,2.500002145664496211e+01,2.500003742295872655e+01,2.500006445932378085e+01,2.500010964900338806e+01,2.500018420225866933e+01,2.500030560223959597e+01,2.500050071365249948e+01,2.500081020263721854e+01,2.500129470012781496e+01,2.500204322431526194e+01,2.500318444846238819e+01,2.500490144032991680e+01,2.500745048482015065e+01,2.501118450241124691e+01,2.501658135890435375e+01,2.502427699288031349e+01,2.503510273707597733e+01,2.505012546221365000e+01,2.507068823182637374e+01,2.509844806072333867e+01,2.513540619419421773e+01,2.518392519146341968e+01,2.524672617213061443e+01,2.532685907241815215e+01,2.542763888243225523e+01,2.555254181114224465e+01,2.570505732164449242e+01,2.588849507702123987e+01,2.610574998900411714e+01,2.635903355772976298e+01,2.664958514301290649e+01,2.697738215867483547e+01,2.734087274509118259e+01,2.773675750642154725e+01,2.815984769237594776e+01,2.860302520687818983e+01,2.905732474987282288e+01,2.951215031358544749e+01,2.995562764024619185e+01,3.037508198984492225e+01,3.075761788664878793e+01,3.109076584190013293e+01,3.136315184571640557e+01,3.156513996773364994e+01,3.168939761725340176e+01,3.173133727727657316e+01,3.168939761725340176e+01,3.156513996773364994e+01,3.136315184571640557e+01,3.109076584190013293e+01,3.075761788664878793e+01,3.037508198984492225e+01,2.995562764024619185e+01,2.951215031358544749e+01,2.905732474987282288e+01,2.860302520687818983e+01,2.815984769237594776e+01,2.773675750642154725e+01,2.734087274509118259e+01,2.697738215867483547e+01,2.664958514301290649e+01,2.635903355772976298e+01,2.610574998900411714e+01,2.588849507702123987e+01,2.570505732164449242e+01,2.555254181114224465e+01,2.542763888243225523e+01,2.532685907241815215e+01,2.524672617213061443e+01,2.518392519146341968e+01,2.513540619419421773e+01,2.509844806072333867e+01,2.507068823182637374e+01,2.505012546221365000e+01,2.503510273707597733e+01,2.502427699288031349e+01,2.501658135890435375e+01,2.501118450241124691e+01,2.500745048482015065e+01,2.500490144032991680e+01,2.500318444846238819e+01,2.500204322431526194e+01,2.500129470012781496e+01
2.500000000022239632e+01,2.500000000047972293e+01,2.500000000102194520e+01,2.500000000214997442e+01,2.500000000446695125e+01,2.500000000916558918e+01,2.500000001857295118e+01,2.500000003716830221e+01,2.500000007345744990e+01,2.500000014337395982e+01,2.500000027636054512e+01,2.500000052608159962e+01,2.500000098901186618e+01,2.500000183620520389e+01,2.500000336676065515e+01,2.500000609641596938e+01,2.500001090205226362e+01,2.500001925365768685e+01,2.500003358068506643e+01,2.500005784118426178e+01,2.500009839116883725e+01,2.500016528992487963e+01,2.500027422558002854e+01,2.500044930459922909e+01,2.500072701786618623e+01,2.500116177124219874e+01,2.500183344328144841e+01,2.500285749616176290e+01,2.500439820179075312e+01,2.500668553189925802e+01,2.501003617206836083e+01,2.501487892487054410e+01,2.502178443607864011e+01,2.503149868419811952e+01,2.504497900266680332e+01,2.506343056058571861e+01,2.508834024446383637e+01,2.512150382860918185e+01,2.516504130459813737e+01,2.522139441042821772e+01,2.529329994060306674e+01,2.538373253001368113e+01,2.549581147982151563e+01,2.563266798449313200e+01,2.579727189882943605e+01,2.599222090945008645e+01,2.621949945831633499e+01,2.648021965823372170e+01,2.677436124198181133e+01,2.710053168178927763e+01,2.745577033594329563e+01,2.783542119125569059e+01,2.823309697769931148e+01,2.864075287658734226e+01,2.904888078882410696e+01,2.944682560524334747e+01,2.982321392120118375e+01,3.016647425961264517e+01,3.046541739361950363e+01,3.070983710071030615e+01,3.089108678655165008e+01,3.100258670899222579e+01,3.104022035857307671e+01,3.100258670899222579e+01,3.089108678655165008e+01,3.070983710071030615e+01,3.046541739361950363e+01,3.016647425961264517e+01,2.982321392120118375e+01,2.944682560524334747e+01,2.904888078882410696e+01,2.864075287658734226e+01,2.823309697769931148e+01,2.783542119125569059e+01,2.745577033594329563e+01,2.710053168178927763e+01,2.677436124198181133e+01,2.648021965823372170e+01,2.621949945831633499e+01,2.599222090945008645e+01,2.579727189882943605e+01,2.563266798449313200e+01,2.549581147982151563e+01,2.538373253001368113e+01,2.529329994060306674e+01,2.522139441042821772e+01,2.516504130459813737e+01,2.512150382860918185e+01,2.508834024446383637e+01,2.506343056058571861e+01,2.504497900266680332e+01,2.503149868419811952e+01,2.502178443607864011e+01,2.501487892487054410e+01,2.501003617206836083e+01,2.500668553189925802e+01,2.500439820179075312e+01,2.500285749616176290e+01,2.500183344328144841e+01,2.500116177124219874e+01
2.500000000019908697e+01,2.500000000042944492e+01,2.500000000091483798e+01,2.500000000192464711e+01,2.500000000399879241e+01,2.500000000820498514e+01,2.500000001662640514e+01,2.500000003327285825e+01,2.500000006575870515e+01,2.500000012834757968e+01,2.500000024739643223e+01,2.500000047094534494e+01,2.500000088535796650e+01,2.500000164376076484e+01,2.500000301390556245e+01,2.500000545747793623e+01,2.500000975945702919e+01,2.500001723576812651e+01,2.500003006124397942e+01,2.500005177910900045e+01,2.500008807923144616e+01,2.500014796662872385e+01,2.500024548522613443e+01,2.500040221499807558e+01,2.500065082238230474e+01,2.500104001120564945e+01,2.500164128830906307e+01,2.500255801479704942e+01,2.500393724597488898e+01,2.500598485126709747e+01,2.500898432585846720e+01,2.501331953144586251e+01,2.501950130697644070e+01,2.502819744829216475e+01,2.504026495500425042e+01,2.505678268784210871e+01,2.507908169940429133e+01,2.510876955694270762e+01,2.514774406521893724e+01,2.519819105461545306e+01,2.526256048847095315e+01,2.534351524352655716e+01,2.544384770097045845e+01,2.556636088881197111e+01,2.571371340468192557e+01,2.588823068330885491e+01,2.609168918618680522e+01,2.632508447056293477e+01,2.658839839333333188e+01,2.688038437132073355e+01,2.719839205439991758e+01,2.753825340525555987e+01,2.789425057500274363e+01,2.825918188634235051e+01,2.862453574142729806e+01,2.898077374532421047e+01,2.931771448895154109e+01,2.962499924987138655e+01,2.989261149393966122e+01,3.011141466707953995e+01,3.027366838575353469e+01,3.037348250109320347e+01,3.040717193654475992e+01,3.037348250109320347e+01,3.027366838575353469e+01,3.011141466707953995e+01,2.989261149393966122e+01,2.962499924987138655e+01,2.931771448895154109e+01,2.898077374532421047e+01,2.862453574142729806e+01,2.825918188634235051e+01,2.789425057500274363e+01,2.753825340525555987e+01,2.719839205439991758e+01,2.688038437132073355e+01,2.658839839333333188e+01,2.632508447056293477e+01,2.609168918618680522e+01,2.588823068330885491e+01,2.571371340468192557e+01,2.556636088881197111e+01,2.544384770097045845e+01,2.534351524352655716e+01,2.526256048847095315e+01,2.519819105461545306e+01,2.514774406521893724e+01,2.510876955694270762e+01,2.507908169940429133e+01,2.505678268784210871e+01,2.504026495500425042e+01,2.502819744829216475e+01,2.501950130697644070e+01,2.501331953144586251e+01,2.500898432585846720e+01,2.500598485126709747e+01,2.500393724597488898e+01,2.500255801479704942e+01,2.500164128830906307e+01,2.500104001120564945e+01
2.500000000017779911e+01,2.500000000038352255e+01,2.500000000081701046e+01,2.500000000171883485e+01,2.500000000357118424e+01,2.500000000732758920e+01,2.500000001484847090e+01,2.500000002971484747e+01,2.500000005872683673e+01,2.500000011462280725e+01,2.500000022094124574e+01,2.500000042058508853e+01,2.500000079068274772e+01,2.500000146798619838e+01,2.500000269161538569e+01,2.500000487388582115e+01,2.500000871583537077e+01,2.500001539267163864e+01,2.500002684666295849e+01,2.500004624214115978e+01,2.500007866053187300e+01,2.500013214390638439e+01,2.500021923441130767e+01,2.500035920437947112e+01,2.500058122708277608e+01,2.500092879823366587e+01,2.500146577813211479e+01,2.500228447502516005e+01,2.500351621894756704e+01,2.500534486480092156e+01,2.500802359238314310e+01,2.501189521537170535e+01,2.501741594645858058e+01,2.502518217113951238e+01,2.503595924628838176e+01,2.505071066531218094e+01,2.507062514550139909e+01,2.509713834987194048e+01,2.513194514257605405e+01,2.517699761354057131e+01,2.523448374074992984e+01,2.530678164782452200e+01,2.539638511435174806e+01,2.550579742822872475e+01,2.563739289154963785e+01,2.579324827008069931e+01,2.597495006047586585e+01,2.618338736066759864e+01,2.641854396767388380e+01,2.667930660093881556e+01,2.696330832393178056e+01,2.726682680589778229e+01,2.758475563267912634e+01,2.791066323400184146e+01,2.823694819460894223e+01,2.855509210208524706e+01,2.885600229019810925e+01,2.913042774025551296e+01,2.936942303016012801e+01,2.956482861774330928e+01,2.970973183271989981e+01,2.979887238574366037e+01,2.982895926170294487e+01,2.979887238574366037e+01,2.970973183271989981e+01,2.956482861774330928e+01,2.936942303016012801e+01,2.913042774025551296e+01,2.885600229019810925e+01,2.855509210208524706e+01,2.823694819460894223e+01,2.791066323400184146e+01,2.758475563267912634e+01,2.726682680589778229e+01,2.696330832393178056e+01,2.667930660093881556e+01,2.641854396767388380e+01,2.618338736066759864e+01,2.597495006047586585e+01,2.579324827008069931e+01,2.563739289154963785e+01,2.550579742822872475e+01,2.539638511435174806e+01,2.530678164782452200e+01,2.523448374074992984e+01,2.517699761354057131e+01,2.513194514257605405e+01,2.509713834987194048e+01,2.507062514550139909e+01,2.505071066531218094e+01,2.503595924628838176e+01,2.502518217113951238e+01,2.501741594645858058e+01,2.501189521537170535e+01,2.500802359238314310e+01,2.500534486480092156e+01,2.500351621894756704e+01,2.500228447502516005e+01,2.500146577813211479e+01,2.500092879823366587e+01
2.500000000015840840e+01,2.500000000034169645e+01,2.500000000072790840e+01,2.500000000153138302e+01,2.500000000318171445e+01,2.500000000652845600e+01,2.500000001322912269e+01,2.500000002647419706e+01,2.500000005232219280e+01,2.500000010212225021e+01,2.500000019684578589e+01,2.500000037471683001e+01,2.500000070445229738e+01,2.500000130789024411e+01,2.500000239807261693e+01,2.500000434234853230e+01,2.500000776530191970e+01,2.500001371397434369e+01,2.500002391881381314e+01,2.500004119905578293e+01,2.500007008195466796e+01,2.500011773252781566e+01,2.500019532509771736e+01,2.500032003019098426e+01,2.500051783949455242e+01,2.500082750515609931e+01,2.500130592298527077e+01,2.500203533425644054e+01,2.500313274638519090e+01,2.500476196338569679e+01,2.500714855371901990e+01,2.501059794441485096e+01,2.501551659442325359e+01,2.502243584850229752e+01,2.503203759507125881e+01,2.504518025066589715e+01,2.506292289319072353e+01,2.508654461481560816e+01,2.511755544083350955e+01,2.515769456972807916e+01,2.520891136251006515e+01,2.527332458888249178e+01,2.535315606128206767e+01,2.545063606349593144e+01,2.556787996046972822e+01,2.570673802960198984e+01,2.586862374705331291e+01,2.605432924732257405e+01,2.626384009449606438e+01,2.649616442040822406e+01,2.674919342240175979e+01,2.701961072046988832e+01,2.730286679686858875e+01,2.759323149689837251e+01,2.788393240208253587e+01,2.816738010285950367e+01,2.843547356294660489e+01,2.867997066323839661e+01,2.889290155340492561e+01,2.906699655638263380e+01,2.919609688536933589e+01,2.927551592878587883e+01,2.930232158375463314e+01,2.927551592878587883e+01,2.919609688536933589e+01,2.906699655638263380e+01,2.889290155340492561e+01,2.867997066323839661e+01,2.843547356294660489e+01,2.816738010285950367e+01,2.788393240208253587e+01,2.759323149689837251e+01,2.730286679686858875e+01,2.701961072046988832e+01,2.674919342240175979e+01,2.649616442040822406e+01,2.626384009449606438e+01,2.605432924732257405e+01,2.586862374705331291e+01,2.570673802960198984e+01,2.556787996046972822e+01,2.545063606349593144e+01,2.535315606128206767e+01,2.527332458888249178e+01,2.520891136251006515e+01,2.515769456972807916e+01,2.511755544083350955e+01,2.508654461481560816e+01,2.506292289319072353e+01,2.504518025066589715e+01,2.503203759507125881e+01,2.502243584850229752e+01,2.501551659442325359e+01,2.501059794441485096e+01,2.500714855371901990e+01,2.500476196338569679e+01,2.500313274638519090e+01,2.500203533425644054e+01,2.500130592298527077e+01,2.500082750515609931e+01
2.500000000014079760e+01,2.500000000030370728e+01,2.500000000064698114e+01,2.500000000136112632e+01,2.500000000282798140e+01,2.500000000580264370e+01,2.500000001175834896e+01,2.500000002353087680e+01,2.500000004650516772e+01,2.500000009076860508e+01,2.500000017496106608e+01,2.500000033305694203e+01,2.500000062613341711e+01,2.500000116248295257e+01,2.500000213146213923e+01,2.500000385957932991e+01,2.500000690197909137e+01,2.500001218929606850e+01,2.500002125959228749e+01,2.500003661866911031e+01,2.500006229045447270e+01,2.500010464338072325e+01,2.500017360944289635e+01,2.500028445020028656e+01,2.500046026766252183e+01,2.500073550563047320e+01,2.500116073440938536e+01,2.500180905193698067e+01,2.500278445709753683e+01,2.500423254266932815e+01,2.500635379909275002e+01,2.500941969694218159e+01,2.501379150628842751e+01,2.501994149858308703e+01,2.502847575194910235e+01,2.504015724676271049e+01,2.505592731584357580e+01,2.507692284575476194e+01,2.510448598173479695e+01,2.514016256342928912e+01,2.518568522777549035e+01,2.524293718605584402e+01,2.531389323630636312e+01,2.540053570609430622e+01,2.550474478047539151e+01,2.562816502859160650e+01,2.577205278059025417e+01,2.593711210384749677e+01,2.612333016739092884e+01,2.632982537596393158e+01,2.655472337722373055e+01,2.679507649628298438e+01,2.704684101704882693e+01,2.730492384612612966e+01,2.756330550208350161e+01,2.781524034300760206e+01,2.805352798137861470e+01,2.827084263201635039e+01,2.846010050849544726e+01,2.861484015450647433e+01,2.872958749857509275e+01,2.880017697245209973e+01,2.882400245560792840e+01,2.880017697245209973e+01,2.872958749857509275e+01,2.861484015450647433e+01,2.846010050849544726e+01,2.827084263201635039e+01,2.805352798137861470e+01,2.781524034300760206e+01,2.756330550208350161e+01,2.730492384612612966e+01,2.704684101704882693e+01,2.679507649628298438e+01,2.655472337722373055e+01,2.632982537596393158e+01,2.612333016739092884e+01,2.593711210384749677e+01,2.577205278059025417e+01,2.562816502859160650e+01,2.550474478047539151e+01,2.540053570609430622e+01,2.531389323630636312e+01,2.524293718605584402e+01,2.518568522777549035e+01,2.514016256342928912e+01,2.510448598173479695e+01,2.507692284575476194e+01,2.505592731584357580e+01,2.504015724676271049e+01,2.502847575194910235e+01,2.501994149858308703e+01,2.501379150628842751e+01,2.500941969694218159e+01,2.500635379909275002e+01,2.500423254266932815e+01,2.500278445709753683e+01,2.500180905193698067e+01,2.500116073440938536e+01,2.500073550563047320e+01
2.500000000012484591e+01,2.500000000026930280e+01,2.500000000057368510e+01,2.500000000120692434e+01,2.500000000250759769e+01,2.500000000514525667e+01,2.500000001042623765e+01,2.500000002086504836e+01,2.500000004123656439e+01,2.500000008048536770e+01,2.500000015513960250e+01,2.500000029532468560e+01,2.500000055519831932e+01,2.500000103078443559e+01,2.500000188998728134e+01,2.500000342232484840e+01,2.500000612004898315e+01,2.500001080836206668e+01,2.500001885107798927e+01,2.500003247011409968e+01,2.500005523352468018e+01,2.500009278825785586e+01,2.500015394110590350e+01,2.500025222463522567e+01,2.500040812361239517e+01,2.500065217967562248e+01,2.500102923398440069e+01,2.500160410315919535e+01,2.500246900397688776e+01,2.500375303490658041e+01,2.500563397268438237e+01,2.500835253279065284e+01,2.501222905675348684e+01,2.501768231205656789e+01,2.502524971380217522e+01,2.503560780377825168e+01,2.504959127054127777e+01,2.506820820196875843e+01,2.509264869071266801e+01,2.512428344714810891e+01,2.516464881654409780e+01,2.521541465984041963e+01,2.527833204880211682e+01,2.535515873169953593e+01,2.544756188608910819e+01,2.555699976670761231e+01,2.568458637316837212e+01,2.583094600855484302e+01,2.599606729552459328e+01,2.617916851537327361e+01,2.637858766246520048e+01,2.659171100609293248e+01,2.681495294562948573e+01,2.704379738784493981e+01,2.727290680263114808e+01,2.749629976663436182e+01,2.770759162934684383e+01,2.790028654899041882e+01,2.806810326633106101e+01,2.820531234803019771e+01,2.830705988405562579e+01,2.836965222634130868e+01,2.839077850360199307e+01,2.836965222634130868e+01,2.830705988405562579e+01,2.820531234803019771e+01,2.806810326633106101e+01,2.790028654899041882e+01,2.770759162934684383e+01,2.749629976663436182e+01,2.727290680263114808e+01,2.704379738784493981e+01,2.681495294562948573e+01,2.659171100609293248e+01,2.637858766246520048e+01,2.617916851537327361e+01,2.599606729552459328e+01,2.583094600855484302e+01,2.568458637316837212e+01,2.555699976670761231e+01,2.544756188608910819e+01,2.535515873169953593e+01,2.527833204880211682e+01,2.521541465984041963e+01,2.516464881654409780e+01,2.512428344714810891e+01,2.509264869071266801e+01,2.506820820196875843e+01,2.504959127054127777e+01,2.503560780377825168e+01,2.502524971380217522e+01,2.501768231205656789e+01,2.501222905675348684e+01,2.500835253279065284e+01,2.500563397268438237e+01,2.500375303490658041e+01,2.500246900397688776e+01,2.500160410315919535e+01,2.500102923398440069e+01,2.500065217967562248e+01
2.500000000011043966e+01,2.500000000023822366e+01,2.500000000050748383e+01,2.500000000106764730e+01,2.500000000221822205e+01,2.500000000455149873e+01,2.500000000922305432e+01,2.500000001845723219e+01,2.500000003647788915e+01,2.500000007119740175e+01,2.500000013723658299e+01,2.500000026124439145e+01,2.500000049112875899e+01,2.500000091183251882e+01,2.500000167188386158e+01,2.500000302739057645e+01,2.500000541379893448e+01,2.500000956108345207e+01,2.500001667567469354e+01,2.500002872308206037e+01,2.500004885960846934e+01,2.500008208054756054e+01,2.500013617639296726e+01,2.500022311806090158e+01,2.500036102638794233e+01,2.500057691852524400e+01,2.500091046098890146e+01,2.500141899059957140e+01,2.500218408237239842e+01,2.500331993688920207e+01,2.500498381555546956e+01,2.500738865542692935e+01,2.501081783080803689e+01,2.501564178366155389e+01,2.502233591170352867e+01,2.503149868419811952e+01,2.504386846713408232e+01,2.506033701564171068e+01,2.508195708638199761e+01,2.510994121056021555e+01,2.514564844010637756e+01,2.519055593499149026e+01,2.524621269433043480e+01,2.531417362327862008e+01,2.539591350808456838e+01,2.549272232174745767e+01,2.560558550898147701e+01,2.573505532866201051e+01,2.588112171638524117e+01,2.604309316332480861e+01,2.621949945831633144e+01,2.640802849363630500e+01,2.660550844485790378e+01,2.680794437324956903e+01,2.701061469653342328e+01,2.720822824408718787e+01,2.739513715031064223e+01,2.756559518974024314e+01,2.771404595675739202e+01,2.783542119125569059e+01,2.792542712156131302e+01,2.798079634441917918e+01,2.799948466172907047e+01,2.798079634441917918e+01,2.792542712156131302e+01,2.783542119125569059e+01,2.771404595675739202e+01,2.756559518974024314e+01,2.739513715031064223e+01,2.720822824408718787e+01,2.701061469653342328e+01,2.680794437324956903e+01,2.660550844485790378e+01,2.640802849363630500e+01,2.621949945831633144e+01,2.604309316332480861e+01,2.588112171638524117e+01,2.573505532866201051e+01,2.560558550898147701e+01,2.549272232174745767e+01,2.539591350808456838e+01,2.531417362327862008e+01,2.524621269433043480e+01,2.519055593499149026e+01,2.514564844010637756e+01,2.510994121056021555e+01,2.508195708638199761e+01,2.506033701564171068e+01,2.504386846713408232e+01,2.503149868419811952e+01,2.502233591170352867e+01,2.501564178366155389e+01,2.501081783080803689e+01,2.500738865542692935e+01,2.500498381555546956e+01,2.500331993688920207e+01,2.500218408237239842e+01,2.500141899059957140e+01,2.500091046098890146e+01,2.500057691852524400e+01
2.500000000009746159e+01,2.500000000021023183e+01,2.500000000044785153e+01,2.500000000094219388e+01,2.500000000195757366e+01,2.500000000401668387e+01,2.500000000813931678e+01,2.500000001628844970e+01,2.500000003219162537e+01,2.500000006283148579e+01,2.500000012111086178e+01,2.500000023054736431e+01,2.500000043341960776e+01,2.500000080468937469e+01,2.500000147543233098e+01,2.500000267166280565e+01,2.500000477766079143e+01,2.500000843762653346e+01,2.500001471623126648e+01,2.500002534803094889e+01,2.500004311845313509e+01,2.500007243582898298e+01,2.500012017524499797e+01,2.500019690099765768e+01,2.500031860466911127e+01,2.500050912881157217e+01,2.500080347900263078e+01,2.500125225480891800e+01,2.500192744592862937e+01,2.500292983402149716e+01,2.500439820179075312e+01,2.500652046552852781e+01,2.500954670218077780e+01,2.501380382563221971e+01,2.501971137289476843e+01,2.502779749124033160e+01,2.503871378636696221e+01,2.505324722941500681e+01,2.507232687487697120e+01,2.509702277778579216e+01,2.512853429726015619e+01,2.516816502239910136e+01,2.521728194012361612e+01,2.527725724941716123e+01,2.534939244457603280e+01,2.543482592277642240e+01,2.553442733592626723e+01,2.564868405077252689e+01,2.577758718550999717e+01,2.592052648574131268e+01,2.607620449466775625e+01,2.624258078438489505e+01,2.641685622966051028e+01,2.659550530943799274e+01,2.677436124198181133e+01,2.694875458560676407e+01,2.711370111641443614e+01,2.726412980823170429e+01,2.739513715031064223e+01,2.750225041880587185e+01,2.758168037351482482e+01,2.763054354118541056e+01,2.764703592332590887e+01,2.763054354118541056e+01,2.758168037351482482e+01,2.750225041880587185e+01,2.739513715031064223e+01,2.726412980823170429e+01,2.711370111641443614e+01,2.694875458560676407e+01,2.677436124198181133e+01,2.659550530943799274e+01,2.641685622966051028e+01,2.624258078438489505e+01,2.607620449466775625e+01,2.592052648574131268e+01,2.577758718550999717e+01,2.564868405077252689e+01,2.553442733592626723e+01,2.543482592277642240e+01,2.534939244457603280e+01,2.527725724941716123e+01,2.521728194012361612e+01,2.516816502239910136e+01,2.512853429726015619e+01,2.509702277778579216e+01,2.507232687487697120e+01,2.505324722941500681e+01,2.503871378636696221e+01,2.502779749124033160e+01,2.501971137289476843e+01,2.501380382563221971e+01,2.500954670218077780e+01,2.500652046552852781e+01,2.500439820179075312e+01,2.500292983402149716e+01,2.500192744592862937e+01,2.500125225480891800e+01,2.500080347900263078e+01,2.500050912881157217e+01
2.500000000008580514e+01,2.500000000018508928e+01,2.500000000039428727e+01,2.500000000082950535e+01,2.500000000172344627e+01,2.500000000353627883e+01,2.500000000716584125e+01,2.500000001434032271e+01,2.500000002834145008e+01,2.500000005531672898e+01,2.500000010662578731e+01,2.500000020297348868e+01,2.500000038158185234e+01,2.500000070844708944e+01,2.500000129896799450e+01,2.500000235212717570e+01,2.500000420624404995e+01,2.500000742847137047e+01,2.500001295614379515e+01,2.500002231636129935e+01,2.500003796140934043e+01,2.500006377237482269e+01,2.500010580207165134e+01,2.500017335128763918e+01,2.500028049898321925e+01,2.500044823609890088e+01,2.500070738148284377e+01,2.500110248290339143e+01,2.500169691996260823e+01,2.500257942065422156e+01,2.500387216902297638e+01,2.500574060623776518e+01,2.500840489959639612e+01,2.501215286350071665e+01,2.501735385758877683e+01,2.502447286177808650e+01,2.503408354856464157e+01,2.504687876593873597e+01,2.506367645182083592e+01,2.508541868075607795e+01,2.511316136637638152e+01,2.514805218620272598e+01,2.519129463308561867e+01,2.524409678856608963e+01,2.530760448590450906e+01,2.538281996794721351e+01,2.547050887468501656e+01,2.557110028293389448e+01,2.568458637316837212e+01,2.581042987850391768e+01,2.594748852028584096e+01,2.609396590942126437e+01,2.624739770104124048e+01,2.640468003268681940e+01,2.656214447713945503e+01,2.671568006625620129e+01,2.686089869819426568e+01,2.699333585054278117e+01,2.710867448117290124e+01,2.720297681197747153e+01,2.727290680263114808e+01,2.731592584841851235e+01,2.733044571228054309e+01,2.731592584841851235e+01,2.727290680263114808e+01,2.720297681197747153e+01,2.710867448117290124e+01,2.699333585054278117e+01,2.686089869819426568e+01,2.671568006625620129e+01,2.656214447713945503e+01,2.640468003268681940e+01,2.624739770104124048e+01,2.609396590942126437e+01,2.594748852028584096e+01,2.581042987850391768e+01,2.568458637316837212e+01,2.557110028293389448e+01,2.547050887468501656e+01,2.538281996794721351e+01,2.530760448590450906e+01,2.524409678856608963e+01,2.519129463308561867e+01,2.514805218620272598e+01,2.511316136637638152e+01,2.508541868075607795e+01,2.506367645182083592e+01,2.504687876593873597e+01,2.503408354856464157e+01,2.502447286177808650e+01,2.501735385758877683e+01,2.501215286350071665e+01,2.500840489959639612e+01,2.500574060623776518e+01,2.500387216902297638e+01,2.500257942065422156e+01,2.500169691996260823e+01,2.500110248290339143e+01,2.500070738148284377e+01,2.500044823609890088e+01
2.500000000007536372e+01,2.500000000016256507e+01,2.500000000034630432e+01,2.500000000072855855e+01,2.500000000151370827e+01,2.500000000310593151e+01,2.500000000629378860e+01,2.500000001259516935e+01,2.500000002489242235e+01,2.500000004858493341e+01,2.500000009364990916e+01,2.500000017827253629e+01,2.500000033514506725e+01,2.500000062223228525e+01,2.500000114088947001e+01,2.500000206588394391e+01,2.500000369436318692e+01,2.500000652446002647e+01,2.500001137943973717e+01,2.500001960056113859e+01,2.500003334167764280e+01,2.500005601156545154e+01,2.500009292643840908e+01,2.500015225522054862e+01,2.500024636352654284e+01,2.500039368779444970e+01,2.500062129635809782e+01,2.500096831572405520e+01,2.500149041248367610e+01,2.500226551683545395e+01,2.500340094357890663e+01,2.500504200044148817e+01,2.500738206135737229e+01,2.501067391501839410e+01,2.501524197166643049e+01,2.502149462526760004e+01,2.502993573497166580e+01,2.504117383230443750e+01,2.505592731584357580e+01,2.507502361392604584e+01,2.509939014027398230e+01,2.513003490524863537e+01,2.516801494206779211e+01,2.521439131421690050e+01,2.527017041223476213e+01,2.533623251054961401e+01,2.541325007423079541e+01,2.550159996338784651e+01,2.560127531009614543e+01,2.571180423041925778e+01,2.583218345584464259e+01,2.596083520970129399e+01,2.609559504673681829e+01,2.623373683050495941e+01,2.637203856477580288e+01,2.650688956762254023e+01,2.663443574933542735e+01,2.675075589967388368e+01,2.685205834099655675e+01,2.693488450496894160e+01,2.699630433227387272e+01,2.703408815489968475e+01,2.704684101704882693e+01,2.703408815489968475e+01,2.699630433227387272e+01,2.693488450496894160e+01,2.685205834099655675e+01,2.675075589967388368e+01,2.663443574933542735e+01,2.650688956762254023e+01,2.637203856477580288e+01,2.623373683050495941e+01,2.609559504673681829e+01,2.596083520970129399e+01,2.583218345584464259e+01,2.571180423041925778e+01,2.560127531009614543e+01,2.550159996338784651e+01,2.541325007423079541e+01,2.533623251054961401e+01,2.527017041223476213e+01,2.521439131421690050e+01,2.516801494206779211e+01,2.513003490524863537e+01,2.509939014027398230e+01,2.507502361392604584e+01,2.505592731584357580e+01,2.504117383230443750e+01,2.502993573497166580e+01,2.502149462526760004e+01,2.501524197166643049e+01,2.501067391501839410e+01,2.500738206135737229e+01,2.500504200044148817e+01,2.500340094357890663e+01,2.500226551683545395e+01,2.500149041248367610e+01,2.500096831572405520e+01,2.500062129635809782e+01,2.500039368779444970e+01
2.500000000006603429e+01,2.500000000014243895e+01,2.500000000030343728e+01,2.500000000063837646e+01,2.500000000132633815e+01,2.500000000272146750e+01,2.500000000551471757e+01,2.500000001103608938e+01,2.500000002181113601e+01,2.500000004257088548e+01,2.500000008205753232e+01,2.500000015620521410e+01,2.500000029365940790e+01,2.500000054520976889e+01,2.500000099966539580e+01,2.500000181016017820e+01,2.500000323705944183e+01,2.500000571683504447e+01,2.500000997084503496e+01,2.500001717432160220e+01,2.500002921450516524e+01,2.500004907821932676e+01,2.500008142361472707e+01,2.500013340843177190e+01,2.500021586761756964e+01,2.500034495547066626e+01,2.500054438969318582e+01,2.500084845354886198e+01,2.500130592298527077e+01,2.500198508167459721e+01,2.500297996054109007e+01,2.500441788051321623e+01,2.500646827888980894e+01,2.500935265311986910e+01,2.501335525658704739e+01,2.501883393054216853e+01,2.502623016433949843e+01,2.503607716292433238e+01,2.504900439849005522e+01,2.506573687682918106e+01,2.508708721250973284e+01,2.511393864014935318e+01,2.514721734896775018e+01,2.518785305956888720e+01,2.523672758725636101e+01,2.529461224240349537e+01,2.536209624953735897e+01,2.543950981944501066e+01,2.552684693434230567e+01,2.562369412206249564e+01,2.572917230287075796e+01,2.584189900389944583e+01,2.595997770399321780e+01,2.608101971929097829e+01,2.620220188574841913e+01,2.632036046676753216e+01,2.643211844800204702e+01,2.653404000303521926e+01,2.662280280396198151e+01,2.669537639851920119e+01,2.674919342240175979e+01,2.678230020524132016e+01,2.679347446471039973e+01,2.678230020524132016e+01,2.674919342240175979e+01,2.669537639851920119e+01,2.662280280396198151e+01,2.653404000303521926e+01,2.643211844800204702e+01,2.632036046676753216e+01,2.620220188574841913e+01,2.608101971929097829e+01,2.595997770399321780e+01,2.584189900389944583e+01,2.572917230287075796e+01,2.562369412206249564e+01,2.552684693434230567e+01,2.543950981944501066e+01,2.536209624953735897e+01,2.529461224240349537e+01,2.523672758725636101e+01,2.518785305956888720e+01,2.514721734896775018e+01,2.511393864014935318e+01,2.508708721250973284e+01,2.506573687682918106e+01,2.504900439849005522e+01,2.503607716292433238e+01,2.502623016433949843e+01,2.501883393054216853e+01,2.501335525658704739e+01,2.500935265311986910e+01,2.500646827888980894e+01,2.500441788051321623e+01,2.500297996054109007e+01,2.500198508167459721e+01,2.500130592298527077e+01,2.500084845354886198e+01,2.500054438969318582e+01,2.500034495547066626e+01
2.500000000005772449e+01,2.500000000012451196e+01,2.500000000026524560e+01,2.500000000055802474e+01,2.500000000115939258e+01,2.500000000237892195e+01,2.500000000482059193e+01,2.500000000964699964e+01,2.500000001906581204e+01,2.500000003721257613e+01,2.500000007172911864e+01,2.500000013654398501e+01,2.500000025669710269e+01,2.500000047658534186e+01,2.500000087383957492e+01,2.500000158231905800e+01,2.500000282961745768e+01,2.500000499726882808e+01,2.500000871583537077e+01,2.500001501262522297e+01,2.500002553733575539e+01,2.500004290084525493e+01,2.500007117499255926e+01,2.500011661658808038e+01,2.500018869680651790e+01,2.500030153663823640e+01,2.500047586848718950e+01,2.500074166045353508e+01,2.500114154915710074e+01,2.500173522354531386e+01,2.500260487906426476e+01,2.500386181102018313e+01,2.500565412998915704e+01,2.500817545399388209e+01,2.501167425803187072e+01,2.501646334261498339e+01,2.502292862774457305e+01,2.503153620496104281e+01,2.504283631609326477e+01,2.505746271195248553e+01,2.507612572498987902e+01,2.509959741890649099e+01,2.512868740539841639e+01,2.516420838305796437e+01,2.520693117491826385e+01,2.525753000810944116e+01,2.531651994268466410e+01,2.538418962648142241e+01,2.546053379916162740e+01,2.554519103144594894e+01,2.563739289154963785e+01,2.573593091560876189e+01,2.583914729366766849e+01,2.594495400056793244e+01,2.605088321809094865e+01,2.615416942262815780e+01,2.625186065765226218e+01,2.634095355711932385e+01,2.641854396767388380e+01,2.648198287381837090e+01,2.652902606008867892e+01,2.655796576056953029e+01,2.656773353908481639e+01,2.655796576056953029e+01,2.652902606008867892e+01,2.648198287381837090e+01,2.641854396767388380e+01,2.634095355711932385e+01,2.625186065765226218e+01,2.615416942262815780e+01,2.605088321809094865e+01,2.594495400056793244e+01,2.583914729366766849e+01,2.573593091560876189e+01,2.563739289154963785e+01,2.554519103144594894e+01,2.546053379916162740e+01,2.538418962648142241e+01,2.531651994268466410e+01,2.525753000810944116e+01,2.520693117491826385e+01,2.516420838305796437e+01,2.512868740539841639e+01,2.509959741890649099e+01,2.507612572498987902e+01,2.505746271195248553e+01,2.504283631609326477e+01,2.503153620496104281e+01,2.502292862774457305e+01,2.501646334261498339e+01,2.501167425803187072e+01,2.500817545399388209e+01,2.500565412998915704e+01,2.500386181102018313e+01,2.500260487906426476e+01,2.500173522354531386e+01,2.500114154915710074e+01,2.500074166045353508e+01,2.500047586848718950e+01,2.500030153663823640e+01
2.500000000005033840e+01,2.500000000010858159e+01,2.500000000023130653e+01,2.500000000048662585e+01,2.500000000101105257e+01,2.500000000207454676e+01,2.500000000420381241e+01,2.500000000841269809e+01,2.500000001662640514e+01,2.500000003245135005e+01,2.500000006255161367e+01,2.500000011907362918e+01,2.500000022385355081e+01,2.500000041560780772e+01,2.500000076203466293e+01,2.500000137986651438e+01,2.500000246757717193e+01,2.500000435788464515e+01,2.500000760067277739e+01,2.500001309180899156e+01,2.500002226991727738e+01,2.500003741182259986e+01,2.500006206838535050e+01,2.500010169587753950e+01,2.500016455366808188e+01,2.500026295601286819e+01,2.500041498267266249e+01,2.500064676742734804e+01,2.500099549168087520e+01,2.500151320737532501e+01,2.500227159331863191e+01,2.500336770494708105e+01,2.500493070257358852e+01,2.500712943142891476e+01,2.501018057494837166e+01,2.501435691184270382e+01,2.501999498491293394e+01,2.502750125081325550e+01,2.503735554973250643e+01,2.505011054614108801e+01,2.506638568777929166e+01,2.508685425532602409e+01,2.511222227331223777e+01,2.514319845820683597e+01,2.518045500876020881e+01,2.522457988694918640e+01,2.527602225257988522e+01,2.533503382194427900e+01,2.540161000774730837e+01,2.547543562440229792e+01,2.555584055845484315e+01,2.564177096503483710e+01,2.573178114554134766e+01,2.582405023079694928e+01,2.591642615184233378e+01,2.600649722475791847e+01,2.609168918618680522e+01,2.616938294093473871e+01,2.623704591255735963e+01,2.629236801841484450e+01,2.633339218306219465e+01,2.635862914364028242e+01,2.636714716688274507e+01,2.635862914364028242e+01,2.633339218306219465e+01,2.629236801841484450e+01,2.623704591255735963e+01,2.616938294093473871e+01,2.609168918618680522e+01,2.600649722475791847e+01,2.591642615184233378e+01,2.582405023079694928e+01,2.573178114554134766e+01,2.564177096503483710e+01,2.555584055845484315e+01,2.547543562440229792e+01,2.540161000774730837e+01,2.533503382194427900e+01,2.527602225257988522e+01,2.522457988694918640e+01,2.518045500876020881e+01,2.514319845820683597e+01,2.511222227331223777e+01,2.508685425532602409e+01,2.506638568777929166e+01,2.505011054614108801e+01,2.503735554973250643e+01,2.502750125081325550e+01,2.501999498491293394e+01,2.501435691184270382e+01,2.501018057494837166e+01,2.500712943142891476e+01,2.500493070257358852e+01,2.500336770494708105e+01,2.500227159331863191e+01,2.500151320737532501e+01,2.500099549168087520e+01,2.500064676742734804e+01,2.500041498267266249e+01,2.500026295601286819e+01
2.500000000004379075e+01,2.500000000009446310e+01,2.500000000020123281e+01,2.500000000042335557e+01,2.500000000087959506e+01,2.500000000180481052e+01,2.500000000365723096e+01,2.500000000731887440e+01,2.500000001446462861e+01,2.500000002823200518e+01,2.500000005441861717e+01,2.500000010359160996e+01,2.500000019474798307e+01,2.500000036157024397e+01,2.500000066295448065e+01,2.500000120045548258e+01,2.500000214674137311e+01,2.500000379126998951e+01,2.500000661242895106e+01,2.500001138960448799e+01,2.500001937436988086e+01,2.500003254751600323e+01,2.500005399821834828e+01,2.500008847332130912e+01,2.500014315830593503e+01,2.500022876632150570e+01,2.500036102638794233e+01,2.500056267435610380e+01,2.500086605728250433e+01,2.500131645928591340e+01,2.500197623945461700e+01,2.500292983402149716e+01,2.500428960980162429e+01,2.500620245867217761e+01,2.500885689076413243e+01,2.501249021794407668e+01,2.501739522552532335e+01,2.502392552243515667e+01,2.503249855976630300e+01,2.504359514423826383e+01,2.505775418264143894e+01,2.507556141531533811e+01,2.509763106907712427e+01,2.512457971267460266e+01,2.515699214519173310e+01,2.519537988145244611e+01,2.524013368124767709e+01,2.529147253257298189e+01,2.534939244457603280e+01,2.541361921228061149e+01,2.548356985076735981e+01,2.555832753667963075e+01,2.563663454197638814e+01,2.571690674793330089e+01,2.579727189882943250e+01,2.587563187926937047e+01,2.594974713309191472e+01,2.601733910135967420e+01,2.607620449466775625e+01,2.612433358864392474e+01,2.616002376791317729e+01,2.618197940442609095e+01,2.618938990940910116e+01,2.618197940442609095e+01,2.616002376791317729e+01,2.612433358864392474e+01,2.607620449466775625e+01,2.601733910135967420e+01,2.594974713309191472e+01,2.587563187926937047e+01,2.579727189882943250e+01,2.571690674793330089e+01,2.563663454197638814e+01,2.555832753667963075e+01,2.548356985076735981e+01,2.541361921228061149e+01,2.534939244457603280e+01,2.529147253257298189e+01,2.524013368124767709e+01,2.519537988145244611e+01,2.515699214519173310e+01,2.512457971267460266e+01,2.509763106907712427e+01,2.507556141531533811e+01,2.505775418264143894e+01,2.504359514423826383e+01,2.503249855976630300e+01,2.502392552243515667e+01,2.501739522552532335e+01,2.501249021794407668e+01,2.500885689076413243e+01,2.500620245867217761e+01,2.500428960980162429e+01,2.500292983402149716e+01,2.500197623945461700e+01,2.500131645928591340e+01,2.500086605728250433e+01,2.500056267435610380e+01,2.500036102638794233e+01,2.500022876632150570e+01
2.500000000003800693e+01,2.500000000008198597e+01,2.500000000017465140e+01,2.500000000036743586e+01,2.500000000076341067e+01,2.500000000156641633e+01,2.500000000317415072e+01,2.500000000635212771e+01,2.500000001255400406e+01,2.500000002450285663e+01,2.500000004723048974e+01,2.500000008990824796e+01,2.500000016902382072e+01,2.500000031381061305e+01,2.500000057538516174e+01,2.500000104188793060e+01,2.500000186317940631e+01,2.500000329048307535e+01,2.500000573899659528e+01,2.500000988515746059e+01,2.500001681521927921e+01,2.500002824833127235e+01,2.500004686562132150e+01,2.500007678692557889e+01,2.500012424859856708e+01,2.500019854869517388e+01,2.500031333859712390e+01,2.500048835098836975e+01,2.500075166021928652e+01,2.500114256885257191e+01,2.500171519899645389e+01,2.500254283374502151e+01,2.500372299743825621e+01,2.500538317908045371e+01,2.500768698859586081e+01,2.501084039144805971e+01,2.501509749908817426e+01,2.502076521242125295e+01,2.502820584163881890e+01,2.503783668394686757e+01,2.505012546221365000e+01,2.506558054663700119e+01,2.508473503112815450e+01,2.510812404218456351e+01,2.513625513307847470e+01,2.516957225290250477e+01,2.520841454618679123e+01,2.525297207491463070e+01,2.530324137538333318e+01,2.535898446221165514e+01,2.541969535665988644e+01,2.548457833809933604e+01,2.555254181114224465e+01,2.562221090249585487e+01,2.569196066173922688e+01,2.575997011246576562e+01,2.582429552034144038e+01,2.588295930011279111e+01,2.593404919374481921e+01,2.597582094032908273e+01,2.600679682208410526e+01,2.602585234980643847e+01,2.603228400497877715e+01,2.602585234980643847e+01,2.600679682208410526e+01,2.597582094032908273e+01,2.593404919374481921e+01,2.588295930011279111e+01,2.582429552034144038e+01,2.575997011246576562e+01,2.569196066173922688e+01,2.562221090249585487e+01,2.555254181114224465e+01,2.548457833809933604e+01,2.541969535665988644e+01,2.535898446221165514e+01,2.530324137538333318e+01,2.525297207491463070e+01,2.520841454618679123e+01,2.516957225290250477e+01,2.513625513307847470e+01,2.510812404218456351e+01,2.508473503112815450e+01,2.506558054663700119e+01,2.505012546221365000e+01,2.503783668394686757e+01,2.502820584163881890e+01,2.502076521242125295e+01,2.501509749908817426e+01,2.501084039144805971e+01,2.500768698859586081e+01,2.500538317908045371e+01,2.500372299743825621e+01,2.500254283374502151e+01,2.500171519899645389e+01,2.500114256885257191e+01,2.500075166021928652e+01,2.500048835098836975e+01,2.500031333859712390e+01,2.500019854869517388e+01
2.500000000003290879e+01,2.500000000007098677e+01,2.500000000015122126e+01,2.500000000031814196e+01,2.500000000066099659e+01,2.500000000135627687e+01,2.500000000274832601e+01,2.500000000549996670e+01,2.500000001086984014e+01,2.500000002121571185e+01,2.500000004089435635e+01,2.500000007784674239e+01,2.500000014634868606e+01,2.500000027171182637e+01,2.500000049819523795e+01,2.500000090211503689e+01,2.500000161322739700e+01,2.500000284905330972e+01,2.500000496909020953e+01,2.500000855902915120e+01,2.500001455939903394e+01,2.500002445871922063e+01,2.500004057843495531e+01,2.500006648569200962e+01,2.500010758021622337e+01,2.500017191269603245e+01,2.500027130313273815e+01,2.500042283700200585e+01,2.500065082238230474e+01,2.500098928926062314e+01,2.500148509907582550e+01,2.500220170373963313e+01,2.500322354436207206e+01,2.500466100685338233e+01,2.500665575229649562e+01,2.500938611517053545e+01,2.501307211699020172e+01,2.501797948683498518e+01,2.502442192972202761e+01,2.503276076098339686e+01,2.504340095683516410e+01,2.505678268784210871e+01,2.507336753151012587e+01,2.509361882525280762e+01,2.511797603230276366e+01,2.514682354443525369e+01,2.518045500876020881e+01,2.521903498978374358e+01,2.526256048847095315e+01,2.531082544600856465e+01,2.536339176246747584e+01,2.541957046591339875e+01,2.547841640228264026e+01,2.553873914232432440e+01,2.559913172837733697e+01,2.565801747436377411e+01,2.571371340468192557e+01,2.576450723402941279e+01,2.580874324044837920e+01,2.584491116170775626e+01,2.587173152101438944e+01,2.588823068330885491e+01,2.589379950953381382e+01,2.588823068330885491e+01,2.587173152101438944e+01,2.584491116170775626e+01,2.580874324044837920e+01,2.576450723402941279e+01,2.571371340468192557e+01,2.565801747436377411e+01,2.559913172837733697e+01,2.553873914232432440e+01,2.547841640228264026e+01,2.541957046591339875e+01,2.536339176246747584e+01,2.531082544600856465e+01,2.526256048847095315e+01,2.521903498978374358e+01,2.518045500876020881e+01,2.514682354443525369e+01,2.511797603230276366e+01,2.509361882525280762e+01,2.507336753151012587e+01,2.505678268784210871e+01,2.504340095683516410e+01,2.503276076098339686e+01,2.502442192972202761e+01,2.501797948683498518e+01,2.501307211699020172e+01,2.500938611517053545e+01,2.500665575229649562e+01,2.500466100685338233e+01,2.500322354436207206e+01,2.500220170373963313e+01,2.500148509907582550e+01,2.500098928926062314e+01,2.500065082238230474e+01,2.500042283700200585e+01,2.500027130313273815e+01,2.500017191269603245e+01
2.500000000002842526e+01,2.500000000006131629e+01,2.500000000013062262e+01,2.500000000027480596e+01,2.500000000057096017e+01,2.500000000117153220e+01,2.500000000237396947e+01,2.500000000475080242e+01,2.500000000938923250e+01,2.500000001832586705e+01,2.500000003532403170e+01,2.500000006724303603e+01,2.500000012641415736e+01,2.500000023470126109e+01,2.500000043033478292e+01,2.500000077923562714e+01,2.500000139348554740e+01,2.500000246097643242e+01,2.500000429223765863e+01,2.500000739318178589e+01,2.500001257622586337e+01,2.500002112713420033e+01,2.500003505114201019e+01,2.500005742950498089e+01,2.500009292643840908e+01,2.500014849602575850e+01,2.500023434823557267e+01,2.500036524128694637e+01,2.500056217219249888e+01,2.500085453562720161e+01,2.500128280991286545e+01,2.500190180401319040e+01,2.500278445709753683e+01,2.500402611912751993e+01,2.500574915516580177e+01,2.500810760829364199e+01,2.501129153032960417e+01,2.501553045471212755e+01,2.502109535589150724e+01,2.502829833350957855e+01,2.503748920093091712e+01,2.504904817195609468e+01,2.506337395143232882e+01,2.508086676439297236e+01,2.510190621365395813e+01,2.512682433199865883e+01,2.515587476810926404e+01,2.518919967073745525e+01,2.522679644935458043e+01,2.526848711294805128e+01,2.531389323630636312e+01,2.536241969413358177e+01,2.541325007423079541e+01,2.546535609877571460e+01,2.551752245542720132e+01,2.556838722257131380e+01,2.561649666703959127e+01,2.566037173831257689e+01,2.569858224457676599e+01,2.572982364030211855e+01,2.575299072951870727e+01,2.576724249850155246e+01,2.577205278059025417e+01,2.576724249850155246e+01,2.575299072951870727e+01,2.572982364030211855e+01,2.569858224457676599e+01,2.566037173831257689e+01,2.561649666703959127e+01,2.556838722257131380e+01,2.551752245542720132e+01,2.546535609877571460e+01,2.541325007423079541e+01,2.536241969413358177e+01,2.531389323630636312e+01,2.526848711294805128e+01,2.522679644935458043e+01,2.518919967073745525e+01,2.515587476810926404e+01,2.512682433199865883e+01,2.510190621365395813e+01,2.508086676439297236e+01,2.506337395143232882e+01,2.504904817195609468e+01,2.503748920093091712e+01,2.502829833350957855e+01,2.502109535589150724e+01,2.501553045471212755e+01,2.501129153032960417e+01,2.500810760829364199e+01,2.500574915516580177e+01,2.500402611912751993e+01,2.500278445709753683e+01,2.500190180401319040e+01,2.500128280991286545e+01,2.500085453562720161e+01,2.500056217219249888e+01,2.500036524128694637e+01,2.500023434823557267e+01,2.500014849602575850e+01
2.500000000002449596e+01,2.500000000005283951e+01,2.500000000011256418e+01,2.500000000023680968e+01,2.500000000049201532e+01,2.500000000100954978e+01,2.500000000204572714e+01,2.500000000409392342e+01,2.500000000809101408e+01,2.500000001579200770e+01,2.500000003043989238e+01,2.500000005794555946e+01,2.500000010893528213e+01,2.500000020224987907e+01,2.500000037083378857e+01,2.500000067149323968e+01,2.500000120081281452e+01,2.500000212070519368e+01,2.500000369876385875e+01,2.500000637095048717e+01,2.500001083735184437e+01,2.500001820595378277e+01,2.500003020473413429e+01,2.500004948891333711e+01,2.500008007780075303e+01,2.500012796396124415e+01,2.500020194566407739e+01,2.500031474055719372e+01,2.500048444246428048e+01,2.500073638175381063e+01,2.500110543994114565e+01,2.500163884773210299e+01,2.500239945923332741e+01,2.500346944067608490e+01,2.500495423810215101e+01,2.500698659555487424e+01,2.500973028700343193e+01,2.501338310904116824e+01,2.501817856935881679e+01,2.502438561459159061e+01,2.503230569054317556e+01,2.504226644008342717e+01,2.505461144043171018e+01,2.506968557880231785e+01,2.508781597155933696e+01,2.510928874238861042e+01,2.513432246879059662e+01,2.516303964506948532e+01,2.519543803888063849e+01,2.523136426945226773e+01,2.527049223520117849e+01,2.531230909687853270e+01,2.535611132495585807e+01,2.540101281825483071e+01,2.544596630173540674e+01,2.548979816227403461e+01,2.553125566967890947e+01,2.556906427695535555e+01,2.560199154027963786e+01,2.562891328940680680e+01,2.564887714023404541e+01,2.566115836328014410e+01,2.566530354324461882e+01,2.566115836328014410e+01,2.564887714023404541e+01,2.562891328940680680e+01,2.560199154027963786e+01,2.556906427695535555e+01,2.553125566967890947e+01,2.548979816227403461e+01,2.544596630173540674e+01,2.540101281825483071e+01,2.535611132495585807e+01,2.531230909687853270e+01,2.527049223520117849e+01,2.523136426945226773e+01,2.519543803888063849e+01,2.516303964506948532e+01,2.513432246879059662e+01,2.510928874238861042e+01,2.508781597155933696e+01,2.506968557880231785e+01,2.505461144043171018e+01,2.504226644008342717e+01,2.503230569054317556e+01,2.502438561459159061e+01,2.501817856935881679e+01,2.501338310904116824e+01,2.500973028700343193e+01,2.500698659555487424e+01,2.500495423810215101e+01,2.500346944067608490e+01,2.500239945923332741e+01,2.500163884773210299e+01,2.500110543994114565e+01,2.500073638175381063e+01,2.500048444246428048e+01,2.500031474055719372e+01,2.500020194566407739e+01,2.500012796396124415e+01
2.500000000002106049e+01,2.500000000004542500e+01,2.500000000009676882e+01,2.500000000020358115e+01,2.500000000042297899e+01,2.500000000086789242e+01,2.500000000175867854e+01,2.500000000351948160e+01,2.500000000695571245e+01,2.500000001357613399e+01,2.500000002616868500e+01,2.500000004981486867e+01,2.500000009364990916e+01,2.500000017387096918e+01,2.500000031879984874e+01,2.500000057727195113e+01,2.500000103231948145e+01,2.500000182313618424e+01,2.500000317976786235e+01,2.500000547700377496e+01,2.500000931669726612e+01,2.500001565136596682e+01,2.500002596652465670e+01,2.500004254482369248e+01,2.500006884159875753e+01,2.500011000856158105e+01,2.500017360944289635e+01,2.500027057740031466e+01,2.500041646740336176e+01,2.500063305556285087e+01,2.500095032895712066e+01,2.500140889106513953e+01,2.500206277655255960e+01,2.500298262240830383e+01,2.500425907890035404e+01,2.500600626395008064e+01,2.500836497140755199e+01,2.501150524382621398e+01,2.501562782401619600e+01,2.502096392107882394e+01,2.502777268312842196e+01,2.503633577947620381e+01,2.504694857793766616e+01,2.505990757250988921e+01,2.507549397987553519e+01,2.509395377597039456e+01,2.511547486835987897e+01,2.514016256342928912e+01,2.516801494206779211e+01,2.519890014529014621e+01,2.523253782880450657e+01,2.526848711294805128e+01,2.530614318468824564e+01,2.534474427707841215e+01,2.538339006459241176e+01,2.542107161088350509e+01,2.545671196393248081e+01,2.548921541616521580e+01,2.551752245542720132e+01,2.554066665062007147e+01,2.555782925243187975e+01,2.556838722257131380e+01,2.557195076718924298e+01,2.556838722257131380e+01,2.555782925243187975e+01,2.554066665062007147e+01,2.551752245542720132e+01,2.548921541616521580e+01,2.545671196393248081e+01,2.542107161088350509e+01,2.538339006459241176e+01,2.534474427707841215e+01,2.530614318468824564e+01,2.526848711294805128e+01,2.523253782880450657e+01,2.519890014529014621e+01,2.516801494206779211e+01,2.514016256342928912e+01,2.511547486835987897e+01,2.509395377597039456e+01,2.507549397987553519e+01,2.505990757250988921e+01,2.504694857793766616e+01,2.503633577947620381e+01,2.502777268312842196e+01,2.502096392107882394e+01,2.501562782401619600e+01,2.501150524382621398e+01,2.500836497140755199e+01,2.500600626395008064e+01,2.500425907890035404e+01,2.500298262240830383e+01,2.500206277655255960e+01,2.500140889106513953e+01,2.500095032895712066e+01,2.500063305556285087e+01,2.500041646740336176e+01,2.500027057740031466e+01,2.500017360944289635e+01,2.500011000856158105e+01
2.500000000001806200e+01,2.500000000003895906e+01,2.500000000008299139e+01,2.500000000017460167e+01,2.500000000036276049e+01,2.500000000074433970e+01,2.500000000150831170e+01,2.500000000301844594e+01,2.500000000596549654e+01,2.500000001164342933e+01,2.500000002244329877e+01,2.500000004272319742e+01,2.500000008031786436e+01,2.500000014911861257e+01,2.500000027341534548e+01,2.500000049509122846e+01,2.500000088535796650e+01,2.500000156359360659e+01,2.500000272709452886e+01,2.500000469729479136e+01,2.500000799036760313e+01,2.500001342322971354e+01,2.500002226991727738e+01,2.500003648812140611e+01,2.500005904127447920e+01,2.500009434768797334e+01,2.500014889431615472e+01,2.500023205786687086e+01,2.500035717889644005e+01,2.500054293345769096e+01,2.500081503965356688e+01,2.500120832063154097e+01,2.500176911865537122e+01,2.500255801479704942e+01,2.500365275430727507e+01,2.500515120922330681e+01,2.500717412991260602e+01,2.500986735158603835e+01,2.501340303920731856e+01,2.501797948683498518e+01,2.502381895012875290e+01,2.503116299981644488e+01,2.504026495500425042e+01,2.505137910065619522e+01,2.506474661930796088e+01,2.508057846963863469e+01,2.509903580859905148e+01,2.512020895110505236e+01,2.514409625125139058e+01,2.517058462156361642e+01,2.519943362770286654e+01,2.523026515385466695e+01,2.526256048847095315e+01,2.529566631012690436e+01,2.532881046408660808e+01,2.536112764668404296e+01,2.539169422132572507e+01,2.541957046591339875e+01,2.544384770097046200e+01,2.546369707701094143e+01,2.547841640228264026e+01,2.548747133453564828e+01,2.549052757116728785e+01,2.548747133453564828e+01,2.547841640228264026e+01,2.546369707701094143e+01,2.544384770097046200e+01,2.541957046591339875e+01,2.539169422132572507e+01,2.536112764668404296e+01,2.532881046408660808e+01,2.529566631012690436e+01,2.526256048847095315e+01,2.523026515385466695e+01,2.519943362770286654e+01,2.517058462156361642e+01,2.514409625125139058e+01,2.512020895110505236e+01,2.509903580859905148e+01,2.508057846963863469e+01,2.506474661930796088e+01,2.505137910065619522e+01,2.504026495500425042e+01,2.503116299981644488e+01,2.502381895012875290e+01,2.501797948683498518e+01,2.501340303920731856e+01,2.500986735158603835e+01,2.500717412991260602e+01,2.500515120922330681e+01,2.500365275430727507e+01,2.500255801479704942e+01,2.500176911865537122e+01,2.500120832063154097e+01,2.500081503965356688e+01,2.500054293345769096e+01,2.500035717889644005e+01,2.500023205786687086e+01,2.500014889431615472e+01,2.500009434768797334e+01
2.500000000001545430e+01,2.500000000003333156e+01,2.500000000007100809e+01,2.500000000014938806e+01,2.500000000031037928e+01,2.500000000063685590e+01,2.500000000129051259e+01,2.500000000258258126e+01,2.500000000510407716e+01,2.500000000996211824e+01,2.500000001920248494e+01,2.500000003655396341e+01,2.500000006871995950e+01,2.500000012758587431e+01,2.500000023393414850e+01,2.500000042360002084e+01,2.500000075751221829e+01,2.500000133781058409e+01,2.500000233330189303e+01,2.500000401900510383e+01,2.500000683655797928e+01,2.500001148491443459e+01,2.500001905413971315e+01,2.500003121923420579e+01,2.500005051571044490e+01,2.500008072387543834e+01,2.500012739396681738e+01,2.500019854869517388e+01,2.500030560223959597e+01,2.500046453382962142e+01,2.500069734787237508e+01,2.500103383905048915e+01,2.500151365780168788e+01,2.500218863728706253e+01,2.500312529633784919e+01,2.500440737426249171e+01,2.500613818506721486e+01,2.500844250534855107e+01,2.501146763943779305e+01,2.501538324771798827e+01,2.502037949211654322e+01,2.502666306053180634e+01,2.503445069277388413e+01,2.504395995504075856e+01,2.505539720309362650e+01,2.506894293316402056e+01,2.508473503112815450e+01,2.510285077042191304e+01,2.512328874280887447e+01,2.514595219065355280e+01,2.517063539835191932e+01,2.519701485003871255e+01,2.522464673614855712e+01,2.525297207491463070e+01,2.528133021079719711e+01,2.530898079003823042e+01,2.533513354923092109e+01,2.535898446221165514e+01,2.537975606288181041e+01,2.539673918767734762e+01,2.540933304138265214e+01,2.541708044080489870e+01,2.541969535665988644e+01,2.541708044080489870e+01,2.540933304138265214e+01,2.539673918767734762e+01,2.537975606288181041e+01,2.535898446221165514e+01,2.533513354923092109e+01,2.530898079003823042e+01,2.528133021079719711e+01,2.525297207491463070e+01,2.522464673614855712e+01,2.519701485003871255e+01,2.517063539835191932e+01,2.514595219065355280e+01,2.512328874280887447e+01,2.510285077042191304e+01,2.508473503112815450e+01,2.506894293316402056e+01,2.505539720309362650e+01,2.504395995504075856e+01,2.503445069277388413e+01,2.502666306053180634e+01,2.502037949211654322e+01,2.501538324771798827e+01,2.501146763943779305e+01,2.500844250534855107e+01,2.500613818506721486e+01,2.500440737426249171e+01,2.500312529633784919e+01,2.500218863728706253e+01,2.500151365780168788e+01,2.500103383905048915e+01,2.500069734787237508e+01,2.500046453382962142e+01,2.500030560223959597e+01,2.500019854869517388e+01,2.500012739396681738e+01,2.500008072387543834e+01
2.500000000001319123e+01,2.500000000002845013e+01,2.500000000006060930e+01,2.500000000012751045e+01,2.500000000026492941e+01,2.500000000054359717e+01,2.500000000110153664e+01,2.500000000220440199e+01,2.500000000435666436e+01,2.500000000850331716e+01,2.500000001639057245e+01,2.500000003120119274e+01,2.500000005865696551e+01,2.500000010890286362e+01,2.500000019967805187e+01,2.500000036157024397e+01,2.500000064658607712e+01,2.500000114190857659e+01,2.500000199162532510e+01,2.500000343048294837e+01,2.500000583544806787e+01,2.500000980312343302e+01,2.500001626395081900e+01,2.500002664765228744e+01,2.500004311845313509e+01,2.500006890309191832e+01,2.500010873905839404e+01,2.500016947425924840e+01,2.500026085144067522e+01,2.500039650991713458e+01,2.500059523188508237e+01,2.500088244904913637e+01,2.500129200564360943e+01,2.500186814465168439e+01,2.500266764423369636e+01,2.500376198135027650e+01,2.500523934124313286e+01,2.500720622887444478e+01,2.500978837809709532e+01,2.501313060511204256e+01,2.501739522552532335e+01,2.502275866093687284e+01,2.502940591290883177e+01,2.503752268837927630e+01,2.504728512544743069e+01,2.505884728941756734e+01,2.507232687487697120e+01,2.508778983974237420e+01,2.510523498199215453e+01,2.512457971267460266e+01,2.514564844010637756e+01,2.516816502239910136e+01,2.519175063914666524e+01,2.521592816295830985e+01,2.524013368124767709e+01,2.526373525380173746e+01,2.528605833926749114e+01,2.530641664888149478e+01,2.532414656462782432e+01,2.533864276915802449e+01,2.534939244457603280e+01,2.535600535521257015e+01,2.535823735642080123e+01,2.535600535521257015e+01,2.534939244457603280e+01,2.533864276915802449e+01,2.532414656462782432e+01,2.530641664888149478e+01,2.528605833926749114e+01,2.526373525380173746e+01,2.524013368124767709e+01,2.521592816295830985e+01,2.519175063914666524e+01,2.516816502239910136e+01,2.514564844010637756e+01,2.512457971267460266e+01,2.510523498199215453e+01,2.508778983974237420e+01,2.507232687487697120e+01,2.505884728941756734e+01,2.504728512544743069e+01,2.503752268837927630e+01,2.502940591290883177e+01,2.502275866093687284e+01,2.501739522552532335e+01,2.501313060511204256e+01,2.500978837809709532e+01,2.500720622887444478e+01,2.500523934124313286e+01,2.500376198135027650e+01,2.500266764423369636e+01,2.500186814465168439e+01,2.500129200564360943e+01,2.500088244904913637e+01,2.500059523188508237e+01,2.500039650991713458e+01,2.500026085144067522e+01,2.500016947425924840e+01,2.500010873905839404e+01,2.500006890309191832e+01
2.500000000001123013e+01,2.500000000002422595e+01,2.500000000005161027e+01,2.500000000010858159e+01,2.500000000022559732e+01,2.500000000046289372e+01,2.500000000093799812e+01,2.500000000187712601e+01,2.500000000370985376e+01,2.500000000724087457e+01,2.500000001395715188e+01,2.500000002656891951e+01,2.500000004994847913e+01,2.500000009273463775e+01,2.500000017003291575e+01,2.500000030788983807e+01,2.500000055059089021e+01,2.500000097237549923e+01,2.500000169593933563e+01,2.500000292117743683e+01,2.500000496909020953e+01,2.500000834770596825e+01,2.500001384932876292e+01,2.500002269141744193e+01,2.500003671688631357e+01,2.500005867341726429e+01,2.500009259515021043e+01,2.500014431331964460e+01,2.500022212421817969e+01,2.500033764220399490e+01,2.500050686098098041e+01,2.500075143654417431e+01,2.500110018845488824e+01,2.500159079117650052e+01,2.500227159331863191e+01,2.500320346003870142e+01,2.500446148418578929e+01,2.500613635849824234e+01,2.500833514979424521e+01,2.501118117418558739e+01,2.501481264914575675e+01,2.501937980390046690e+01,2.502504017381637880e+01,2.503195189491269801e+01,2.504026495500425042e+01,2.505011054614108801e+01,2.506158888942267993e+01,2.507475615034556782e+01,2.508961130534586914e+01,2.510608402701315356e+01,2.512402479282502199e+01,2.514319845820683597e+01,2.516328244419824145e+01,2.518387045996807316e+01,2.520448231402479067e+01,2.522457988694918640e+01,2.524358878294616915e+01,2.526092460288560915e+01,2.527602225257988522e+01,2.528836628291961119e+01,2.529752001134733064e+01,2.530315113840277874e+01,2.530505176629301900e+01,2.530315113840277874e+01,2.529752001134733064e+01,2.528836628291961119e+01,2.527602225257988522e+01,2.526092460288560915e+01,2.524358878294616915e+01,2.522457988694918640e+01,2.520448231402479067e+01,2.518387045996807316e+01,2.516328244419824145e+01,2.514319845820683597e+01,2.512402479282502199e+01,2.510608402701315356e+01,2.508961130534586914e+01,2.507475615034556782e+01,2.506158888942267993e+01,2.505011054614108801e+01,2.504026495500425042e+01,2.503195189491269801e+01,2.502504017381637880e+01,2.501937980390046690e+01,2.501481264914575675e+01,2.501118117418558739e+01,2.500833514979424521e+01,2.500613635849824234e+01,2.500446148418578929e+01,2.500320346003870142e+01,2.500227159331863191e+01,2.500159079117650052e+01,2.500110018845488824e+01,2.500075143654417431e+01,2.500050686098098041e+01,2.500033764220399490e+01,2.500022212421817969e+01,2.500014431331964460e+01,2.500009259515021043e+01,2.500005867341726429e+01
2.500000000000954259e+01,2.500000000002058087e+01,2.500000000004384404e+01,2.500000000009223911e+01,2.500000000019164759e+01,2.500000000039323211e+01,2.500000000079683815e+01,2.500000000159463909e+01,2.500000000315155901e+01,2.500000000615119689e+01,2.500000001185674492e+01,2.500000002257056764e+01,2.500000004243174700e+01,2.500000007877902775e+01,2.500000014444471219e+01,2.500000026155558075e+01,2.500000046773261886e+01,2.500000082604298157e+01,2.500000144071789521e+01,2.500000248157025950e+01,2.500000422129321009e+01,2.500000709146202382e+01,2.500001176514713919e+01,2.500001927659235790e+01,2.500003119137232943e+01,2.500004984367105720e+01,2.500007866053187300e+01,2.500012259564840633e+01,2.500018869680651790e+01,2.500028683052285672e+01,2.500043058361327297e+01,2.500063835306815818e+01,2.500093462140106837e+01,2.500135139345589508e+01,2.500192974187347872e+01,2.500272137223066693e+01,2.500379007667462616e+01,2.500521289961879035e+01,2.500708079542572548e+01,2.500949852239994442e+01,2.501258349770589007e+01,2.501646334261498339e+01,2.502127188504048050e+01,2.502714346315614691e+01,2.503420549315237409e+01,2.504256942402418673e+01,2.505232039462573468e+01,2.506350611812364448e+01,2.507612572498987902e+01,2.509011947136639620e+01,2.510536033633349717e+01,2.512164856215802189e+01,2.513871011469741745e+01,2.515619984571441847e+01,2.517370982760115794e+01,2.519078292237978545e+01,2.520693117491826385e+01,2.522165813214860464e+01,2.523448374074992984e+01,2.524497012140560770e+01,2.525274630779449225e+01,2.525753000810944116e+01,2.525914461103841191e+01,2.525753000810944116e+01,2.525274630779449225e+01,2.524497012140560770e+01,2.523448374074992984e+01,2.522165813214860464e+01,2.520693117491826385e+01,2.519078292237978545e+01,2.517370982760115794e+01,2.515619984571441847e+01,2.513871011469741745e+01,2.512164856215802189e+01,2.510536033633349717e+01,2.509011947136639620e+01,2.507612572498987902e+01,2.506350611812364448e+01,2.505232039462573468e+01,2.504256942402418673e+01,2.503420549315237409e+01,2.502714346315614691e+01,2.502127188504048050e+01,2.501646334261498339e+01,2.501258349770589007e+01,2.500949852239994442e+01,2.500708079542572548e+01,2.500521289961879035e+01,2.500379007667462616e+01,2.500272137223066693e+01,2.500192974187347872e+01,2.500135139345589508e+01,2.500093462140106837e+01,2.500063835306815818e+01,2.500043058361327297e+01,2.500028683052285672e+01,2.500018869680651790e+01,2.500012259564840633e+01,2.500007866053187300e+01,2.500004984367105720e+01
2.500000000000808598e+01,2.500000000001744382e+01,2.500000000003715783e+01,2.500000000007817391e+01,2.500000000016241941e+01,2.500000000033326231e+01,2.500000000067531403e+01,2.500000000135144163e+01,2.500000000267091238e+01,2.500000000521307797e+01,2.500000001004847405e+01,2.500000001912833270e+01,2.500000003596048259e+01,2.500000006676443931e+01,2.500000012241545377e+01,2.500000022166575064e+01,2.500000039639873606e+01,2.500000070006320030e+01,2.500000122099406852e+01,2.500000210310608040e+01,2.500000357750395708e+01,2.500000600994344424e+01,2.500000997084503496e+01,2.500001633672005497e+01,2.500002643437742123e+01,2.500004224201484249e+01,2.500006666401740674e+01,2.500010389859113147e+01,2.500015991866434817e+01,2.500024308601166112e+01,2.500036491532419802e+01,2.500054099786809658e+01,2.500079208232979155e+01,2.500114529249574957e+01,2.500163543702005242e+01,2.500230633586415863e+01,2.500321205223750454e+01,2.500441788051321623e+01,2.500600090360777727e+01,2.500804990314100706e+01,2.501066438899044897e+01,2.501395251891269211e+01,2.501802771073146303e+01,2.502300381471119906e+01,2.502898881480436089e+01,2.503607716292433238e+01,2.504434101340214625e+01,2.505382080267134981e+01,2.506451579381559114e+01,2.507637535451015154e+01,2.508929183579055433e+01,2.510309594496726859e+01,2.511755544083350955e+01,2.513237781369541324e+01,2.514721734896775018e+01,2.516168662676679091e+01,2.517537210997753405e+01,2.518785305956888720e+01,2.519872263513210697e+01,2.520760973830706675e+01,2.521419997883092989e+01,2.521825411720840648e+01,2.521962247711136484e+01,2.521825411720840648e+01,2.521419997883092989e+01,2.520760973830706675e+01,2.519872263513210697e+01,2.518785305956888720e+01,2.517537210997753405e+01,2.516168662676679091e+01,2.514721734896775018e+01,2.513237781369541324e+01,2.511755544083350955e+01,2.510309594496726859e+01,2.508929183579055433e+01,2.507637535451015154e+01,2.506451579381559114e+01,2.505382080267134981e+01,2.504434101340214625e+01,2.503607716292433238e+01,2.502898881480436089e+01,2.502300381471119906e+01,2.501802771073146303e+01,2.501395251891269211e+01,2.501066438899044897e+01,2.500804990314100706e+01,2.500600090360777727e+01,2.500441788051321623e+01,2.500321205223750454e+01,2.500230633586415863e+01,2.500163543702005242e+01,2.500114529249574957e+01,2.500079208232979155e+01,2.500054099786809658e+01,2.500036491532419802e+01,2.500024308601166112e+01,2.500015991866434817e+01,2.500010389859113147e+01,2.500006666401740674e+01,2.500004224201484249e+01
2.500000000000683542e+01,2.500000000001474731e+01,2.500000000003141665e+01,2.500000000006609469e+01,2.500000000013731949e+01,2.500000000028176217e+01,2.500000000057096017e+01,2.500000000114260956e+01,2.500000000225819008e+01,2.500000000440752501e+01,2.500000000849572857e+01,2.500000001617252110e+01,2.500000003040367602e+01,2.500000005644763945e+01,2.500000010349915769e+01,2.500000018741276264e+01,2.500000033514506725e+01,2.500000059188565871e+01,2.500000103231948145e+01,2.500000177812279034e+01,2.500000302468875546e+01,2.500000508125457799e+01,2.500000843009629747e+01,2.500001381228198483e+01,2.500002234959489300e+01,2.500003571455094686e+01,2.500005636273399290e+01,2.500008784362062286e+01,2.500013520717007509e+01,2.500020552305045385e+01,2.500030852664072967e+01,2.500045739996053484e+01,2.500066968549739599e+01,2.500096831572405520e+01,2.500138272047367494e+01,2.500194994841099927e+01,2.500271570860684278e+01,2.500373520579573849e+01,2.500507361162630104e+01,2.500680598870374638e+01,2.500901647010280371e+01,2.501179650046033842e+01,2.501524197166643049e+01,2.501944914122878316e+01,2.502450930683729524e+01,2.503050232518642204e+01,2.503748920093091712e+01,2.504550412204859100e+01,2.505454646549537756e+01,2.506457342292637946e+01,2.507549397987553519e+01,2.508716500367250646e+01,2.509939014027398230e+01,2.511192208016117533e+01,2.512446853043060457e+01,2.513670193740788505e+01,2.514827266596275734e+01,2.515882499192777999e+01,2.516801494206779211e+01,2.517552876214217861e+01,2.518110064316667263e+01,2.518452831422273519e+01,2.518568522777549035e+01,2.518452831422273519e+01,2.518110064316667263e+01,2.517552876214217861e+01,2.516801494206779211e+01,2.515882499192777999e+01,2.514827266596275734e+01,2.513670193740788505e+01,2.512446853043060457e+01,2.511192208016117533e+01,2.509939014027398230e+01,2.508716500367250646e+01,2.507549397987553519e+01,2.506457342292637946e+01,2.505454646549537756e+01,2.504550412204859100e+01,2.503748920093091712e+01,2.503050232518642204e+01,2.502450930683729524e+01,2.501944914122878316e+01,2.501524197166643049e+01,2.501179650046033842e+01,2.500901647010280371e+01,2.500680598870374638e+01,2.500507361162630104e+01,2.500373520579573849e+01,2.500271570860684278e+01,2.500194994841099927e+01,2.500138272047367494e+01,2.500096831572405520e+01,2.500066968549739599e+01,2.500045739996053484e+01,2.500030852664072967e+01,2.500020552305045385e+01,2.500013520717007509e+01,2.500008784362062286e+01,2.500005636273399290e+01,2.500003571455094686e+01
2.500000000000576605e+01,2.500000000001243805e+01,2.500000000002649969e+01,2.500000000005574563e+01,2.500000000011582557e+01,2.500000000023765878e+01,2.500000000048158455e+01,2.500000000096374819e+01,2.500000000190470217e+01,2.500000000371758802e+01,2.500000000716584125e+01,2.500000001364093904e+01,2.500000002564440393e+01,2.500000004761155026e+01,2.500000008729780987e+01,2.500000015807591325e+01,2.500000028268278740e+01,2.500000049923422907e+01,2.500000087072428556e+01,2.500000149978250263e+01,2.500000255121597803e+01,2.500000428585514811e+01,2.500000711048247481e+01,2.500001165016216831e+01,2.500001885107798927e+01,2.500003012393685609e+01,2.500004753993525597e+01,2.500007409292880922e+01,2.500011404237616475e+01,2.500017335128763918e+01,2.500026023110460471e+01,2.500038580038564717e+01,2.500056485558690156e+01,2.500081673942282023e+01,2.500116627489726540e+01,2.500164471122400656e+01,2.500229060235727729e+01,2.500315051150152001e+01,2.500427940859406561e+01,2.500574060623776518e+01,2.500760506764965641e+01,2.500994992308599407e+01,2.501285605390088307e+01,2.501640464983371004e+01,2.502067271719625907e+01,2.502572761223290598e+01,2.503162079017181085e+01,2.503838108734039025e+01,2.504600797822342528e+01,2.505446535552446718e+01,2.506367645182083592e+01,2.507352053986246077e+01,2.508383200208886166e+01,2.509440224183200741e+01,2.510498472055972385e+01,2.511530315855011608e+01,2.512506265116887860e+01,2.513396315789825408e+01,2.514171454970844977e+01,2.514805218620272598e+01,2.515275186708048949e+01,2.515564298411020516e+01,2.515661879900596531e+01,2.515564298411020516e+01,2.515275186708048949e+01,2.514805218620272598e+01,2.514171454970844977e+01,2.513396315789825408e+01,2.512506265116887860e+01,2.511530315855011608e+01,2.510498472055972385e+01,2.509440224183200741e+01,2.508383200208886166e+01,2.507352053986246077e+01,2.506367645182083592e+01,2.505446535552446718e+01,2.504600797822342528e+01,2.503838108734039025e+01,2.503162079017181085e+01,2.502572761223290598e+01,2.502067271719625907e+01,2.501640464983371004e+01,2.501285605390088307e+01,2.500994992308599407e+01,2.500760506764965641e+01,2.500574060623776518e+01,2.500427940859406561e+01,2.500315051150152001e+01,2.500229060235727729e+01,2.500164471122400656e+01,2.500116627489726540e+01,2.500081673942282023e+01,2.500056485558690156e+01,2.500038580038564717e+01,2.500026023110460471e+01,2.500017335128763918e+01,2.500011404237616475e+01,2.500007409292880922e+01,2.500004753993525597e+01,2.500003012393685609e+01
2.500000000000485301e+01,2.500000000001046629e+01,2.500000000002229683e+01,2.500000000004691003e+01,2.500000000009746159e+01,2.500000000019997870e+01,2.500000000040523318e+01,2.500000000081095308e+01,2.500000000160272506e+01,2.500000000312819637e+01,2.500000000602975447e+01,2.500000001147827788e+01,2.500000002157869261e+01,2.500000004006312437e+01,2.500000007345744990e+01,2.500000013301425739e+01,2.500000023786572356e+01,2.500000042008468881e+01,2.500000073267801071e+01,2.500000126200415096e+01,2.500000214674137311e+01,2.500000360636757080e+01,2.500000598317313916e+01,2.500000980312343302e+01,2.500001586239244489e+01,2.500002534803094889e+01,2.500004000286403638e+01,2.500006234609578470e+01,2.500009596188222361e+01,2.500014586784673298e+01,2.500021897357325074e+01,2.500032463486305900e+01,2.500047530231416104e+01,2.500068725201048991e+01,2.500098137146993693e+01,2.500138395559683602e+01,2.500192744592862937e+01,2.500265102345128554e+01,2.500360094306433467e+01,2.500483047967086137e+01,2.500639934584530621e+01,2.500837244346726607e+01,2.501081783080803689e+01,2.501380382563221971e+01,2.501739522552532335e+01,2.502164870794538842e+01,2.502660757031141614e+01,2.503229607718495586e+01,2.503871378636696221e+01,2.504583031508003188e+01,2.505358106675382501e+01,2.506186445446476441e+01,2.507054111797354068e+01,2.507943553192227881e+01,2.508834024446383637e+01,2.509702277778579216e+01,2.510523498199215453e+01,2.511272438555614883e+01,2.511924685705292504e+01,2.512457971267460266e+01,2.512853429726015619e+01,2.513096705112964102e+01,2.513178815848682035e+01,2.513096705112964102e+01,2.512853429726015619e+01,2.512457971267460266e+01,2.511924685705292504e+01,2.511272438555614883e+01,2.510523498199215453e+01,2.509702277778579216e+01,2.508834024446383637e+01,2.507943553192227881e+01,2.507054111797354068e+01,2.506186445446476441e+01,2.505358106675382501e+01,2.504583031508003188e+01,2.503871378636696221e+01,2.503229607718495586e+01,2.502660757031141614e+01,2.502164870794538842e+01,2.501739522552532335e+01,2.501380382563221971e+01,2.501081783080803689e+01,2.500837244346726607e+01,2.500639934584530621e+01,2.500483047967086137e+01,2.500360094306433467e+01,2.500265102345128554e+01,2.500192744592862937e+01,2.500138395559683602e+01,2.500098137146993693e+01,2.500068725201048991e+01,2.500047530231416104e+01,2.500032463486305900e+01,2.500021897357325074e+01,2.500014586784673298e+01,2.500009596188222361e+01,2.500006234609578470e+01,2.500004000286403638e+01,2.500002534803094889e+01
2.500000000000407496e+01,2.500000000000878586e+01,2.500000000001871925e+01,2.500000000003937828e+01,2.500000000008181544e+01,2.500000000016787283e+01,2.500000000034017589e+01,2.500000000068076034e+01,2.500000000134541978e+01,2.500000000262598476e+01,2.500000000506171816e+01,2.500000000963552083e+01,2.500000001811438466e+01,2.500000003363127021e+01,2.500000006166437316e+01,2.500000011165975167e+01,2.500000019967805187e+01,2.500000035264304188e+01,2.500000061505170024e+01,2.500000105939824380e+01,2.500000180209711687e+01,2.500000302739057645e+01,2.500000502261669766e+01,2.500000822930078925e+01,2.500001331579670349e+01,2.500002127858254397e+01,2.500003358068506643e+01,2.500005233686782447e+01,2.500008055587575839e+01,2.500012244978804432e+01,2.500018381890343022e+01,2.500027251701498088e+01,2.500039899586461090e+01,2.500057691852524400e+01,2.500082381917042085e+01,2.500116177124219874e+01,2.500161800801694056e+01,2.500222542024840422e+01,2.500302283693674354e+01,2.500405498007338778e+01,2.500537197579817317e+01,2.500702830644959107e+01,2.500908110402129836e+01,2.501158771834044003e+01,2.501460254419509610e+01,2.501817315987533874e+01,2.502233591170352867e+01,2.502711116873621577e+01,2.503249855976630300e+01,2.503847257975799678e+01,2.504497900266680332e+01,2.505193255063650426e+01,2.505921623673580001e+01,2.506668271497069256e+01,2.507415783843163481e+01,2.508144645198681388e+01,2.508834024446383637e+01,2.509462727686700489e+01,2.510010261135774101e+01,2.510457931445010615e+01,2.510789901824467307e+01,2.510994121056021555e+01,2.511063049489600374e+01,2.510994121056021555e+01,2.510789901824467307e+01,2.510457931445010615e+01,2.510010261135774101e+01,2.509462727686700489e+01,2.508834024446383637e+01,2.508144645198681388e+01,2.507415783843163481e+01,2.506668271497069256e+01,2.505921623673580001e+01,2.505193255063650426e+01,2.504497900266680332e+01,2.503847257975799678e+01,2.503249855976630300e+01,2.502711116873621577e+01,2.502233591170352867e+01,2.501817315987533874e+01,2.501460254419509610e+01,2.501158771834044003e+01,2.500908110402129836e+01,2.500702830644959107e+01,2.500537197579817317e+01,2.500405498007338778e+01,2.500302283693674354e+01,2.500222542024840422e+01,2.500161800801694056e+01,2.500116177124219874e+01,2.500082381917042085e+01,2.500057691852524400e+01,2.500039899586461090e+01,2.500027251701498088e+01,2.500018381890343022e+01,2.500012244978804432e+01,2.500008055587575839e+01,2.500005233686782447e+01,2.500003358068506643e+01,2.500002127858254397e+01
2.500000000000341061e+01,2.500000000000735767e+01,2.500000000001567457e+01,2.500000000003297629e+01,2.500000000006851764e+01,2.500000000014058799e+01,2.500000000028488500e+01,2.500000000057011107e+01,2.500000000112673604e+01,2.500000000219915819e+01,2.500000000423899138e+01,2.500000000806937095e+01,2.500000001517008386e+01,2.500000002816486955e+01,2.500000005164148931e+01,2.500000009351065344e+01,2.500000016722252028e+01,2.500000029532468560e+01,2.500000051508162358e+01,2.500000088720438640e+01,2.500000150918549835e+01,2.500000253532060412e+01,2.500000420624404995e+01,2.500000689171592683e+01,2.500001115145630948e+01,2.500001781997644201e+01,2.500002812250372131e+01,2.500004383006949737e+01,2.500006746237938415e+01,2.500010254688412203e+01,2.500015394110590350e+01,2.500022822228770281e+01,2.500033414335252502e+01,2.500048314658685911e+01,2.500068991617180458e+01,2.500097293774739526e+01,2.500135501811207916e+01,2.500186370197922159e+01,2.500253150711013816e+01,2.500339588641466904e+01,2.500449881856452450e+01,2.500588593037655727e+01,2.500760506764965641e+01,2.500970425860969115e+01,2.501222905675348684e+01,2.501521930702872609e+01,2.501870544805165153e+01,2.502270453810643858e+01,2.502721626632174079e+01,2.503221927323264495e+01,2.503766814665846141e+01,2.504349146974678320e+01,2.504959127054127777e+01,2.505584415256397790e+01,2.506210427462365686e+01,2.506820820196875843e+01,2.507398148218088707e+01,2.507924662468223076e+01,2.508383200208886166e+01,2.508758106495445617e+01,2.509036118638850965e+01,2.509207144217645080e+01,2.509264869071266801e+01,2.509207144217645080e+01,2.509036118638850965e+01,2.508758106495445617e+01,2.508383200208886166e+01,2.507924662468223076e+01,2.507398148218088707e+01,2.506820820196875843e+01,2.506210427462365686e+01,2.505584415256397790e+01,2.504959127054127777e+01,2.504349146974678320e+01,2.503766814665846141e+01,2.503221927323264495e+01,2.502721626632174079e+01,2.502270453810643858e+01,2.501870544805165153e+01,2.501521930702872609e+01,2.501222905675348684e+01,2.500970425860969115e+01,2.500760506764965641e+01,2.500588593037655727e+01,2.500449881856452450e+01,2.500339588641466904e+01,2.500253150711013816e+01,2.500186370197922159e+01,2.500135501811207916e+01,2.500097293774739526e+01,2.500068991617180458e+01,2.500048314658685911e+01,2.500033414335252502e+01,2.500022822228770281e+01,2.500015394110590350e+01,2.500010254688412203e+01,2.500006746237938415e+01,2.500004383006949737e+01,2.500002812250372131e+01,2.500001781997644201e+01
2.500000000000284928e+01,2.500000000000614619e+01,2.500000000001309530e+01,2.500000000002755129e+01,2.500000000005724488e+01,2.500000000011745627e+01,2.500000000023801050e+01,2.500000000047630877e+01,2.500000000094135189e+01,2.500000000183732851e+01,2.500000000354154750e+01,2.500000000674170764e+01,2.500000001267413552e+01,2.500000002353087680e+01,2.500000004314486901e+01,2.500000007812526448e+01,2.500000013970925039e+01,2.500000024673465049e+01,2.500000043033478292e+01,2.500000074123185811e+01,2.500000126087786256e+01,2.500000211818204576e+01,2.500000351418696809e+01,2.500000575781576373e+01,2.500000931669726612e+01,2.500001488803983918e+01,2.500002349548312708e+01,2.500003661866911031e+01,2.500005636273399290e+01,2.500008567475390464e+01,2.500012861303858003e+01,2.500019067267135142e+01,2.500027916644899406e+01,2.500040365404841580e+01,2.500057640364930478e+01,2.500081285943287668e+01,2.500113207577470575e+01,2.500155706543192835e+01,2.500211499598960430e+01,2.500283715819695374e+01,2.500375862393742565e+01,2.500491751300703669e+01,2.500635379909275002e+01,2.500810760829364199e+01,2.501021699914911522e+01,2.501271526088210351e+01,2.501562782401619600e+01,2.501896894022087281e+01,2.502273834977272671e+01,2.502691820749864604e+01,2.503147057292448352e+01,2.503633577947620381e+01,2.504143197461074166e+01,2.504665606438260639e+01,2.505188620298171642e+01,2.505698584572181531e+01,2.506180924299635038e+01,2.506620810691043744e+01,2.507003904808654582e+01,2.507317127429825732e+01,2.507549397987553519e+01,2.507692284575476194e+01,2.507740511907495318e+01,2.507692284575476194e+01,2.507549397987553519e+01,2.507317127429825732e+01,2.507003904808654582e+01,2.506620810691043744e+01,2.506180924299635038e+01,2.505698584572181531e+01,2.505188620298171642e+01,2.504665606438260639e+01,2.504143197461074166e+01,2.503633577947620381e+01,2.503147057292448352e+01,2.502691820749864604e+01,2.502273834977272671e+01,2.501896894022087281e+01,2.501562782401619600e+01,2.501271526088210351e+01,2.501021699914911522e+01,2.500810760829364199e+01,2.500635379909275002e+01,2.500491751300703669e+01,2.500375862393742565e+01,2.500283715819695374e+01,2.500211499598960430e+01,2.500155706543192835e+01,2.500113207577470575e+01,2.500081285943287668e+01,2.500057640364930478e+01,2.500040365404841580e+01,2.500027916644899406e+01,2.500019067267135142e+01,2.500012861303858003e+01,2.500008567475390464e+01,2.500005636273399290e+01,2.500003661866911031e+01,2.500002349548312708e+01,2.500001488803983918e+01
2.500000000000237677e+01,2.500000000000512301e+01,2.500000000001091394e+01,2.500000000002296474e+01,2.500000000004771294e+01,2.500000000009789858e+01,2.500000000019837998e+01,2.500000000039699444e+01,2.500000000078460261e+01,2.500000000153138302e+01,2.500000000295181479e+01,2.500000000561909630e+01,2.500000001056366727e+01,2.500000001961256757e+01,2.500000003596048259e+01,2.500000006511601924e+01,2.500000011644518239e+01,2.500000020564895564e+01,2.500000035867640946e+01,2.500000061780360738e+01,2.500000105091933378e+01,2.500000176546716446e+01,2.500000292901250631e+01,2.500000479903731332e+01,2.500000776530191970e+01,2.500001240891713650e+01,2.500001958306844685e+01,2.500003052101119749e+01,2.500004697733907832e+01,2.500007140838776820e+01,2.500010719668645010e+01,2.500015892228961079e+01,2.500023268028366630e+01,2.500033643848975018e+01,2.500048042221803613e+01,2.500067750391962917e+01,2.500094356507860738e+01,2.500129778641986533e+01,2.500176281164368319e+01,2.500236472103452812e+01,2.500313274638519090e+01,2.500409865986951274e+01,2.500529577884657328e+01,2.500675754770822934e+01,2.500851568757203225e+01,2.501059794441485096e+01,2.501302551412702968e+01,2.501581027522230372e+01,2.501895201122581369e+01,2.502243584850229752e+01,2.502623016433949843e+01,2.503028522770626552e+01,2.503453281595977131e+01,2.503888700212502272e+01,2.504324622988049498e+01,2.504749669165208203e+01,2.505151690772788697e+01,2.505518328277769413e+01,2.505837630429864049e+01,2.506098695928985265e+01,2.506292289319072353e+01,2.506411382755728567e+01,2.506451579381559114e+01,2.506411382755728567e+01,2.506292289319072353e+01,2.506098695928985265e+01,2.505837630429864049e+01,2.505518328277769413e+01,2.505151690772788697e+01,2.504749669165208203e+01,2.504324622988049498e+01,2.503888700212502272e+01,2.503453281595977131e+01,2.503028522770626552e+01,2.502623016433949843e+01,2.502243584850229752e+01,2.501895201122581369e+01,2.501581027522230372e+01,2.501302551412702968e+01,2.501059794441485096e+01,2.500851568757203225e+01,2.500675754770822934e+01,2.500529577884657328e+01,2.500409865986951274e+01,2.500313274638519090e+01,2.500236472103452812e+01,2.500176281164368319e+01,2.500129778641986533e+01,2.500094356507860738e+01,2.500067750391962917e+01,2.500048042221803613e+01,2.500033643848975018e+01,2.500023268028366630e+01,2.500015892228961079e+01,2.500010719668645010e+01,2.500007140838776820e+01,2.500004697733907832e+01,2.500003052101119749e+01,2.500001958306844685e+01,2.500001240891713650e+01
2.500000000000197531e+01,2.500000000000425970e+01,2.500000000000907718e+01,2.500000000001909584e+01,2.500000000003967315e+01,2.500000000008140333e+01,2.500000000016495250e+01,2.500000000033010039e+01,2.500000000065239547e+01,2.500000000127334587e+01,2.500000000245443488e+01,2.500000000467227679e+01,2.500000000878369022e+01,2.500000001630785462e+01,2.500000002990114467e+01,2.500000005414398174e+01,2.500000009682418423e+01,2.500000017099713645e+01,2.500000029823948466e+01,2.500000051370378529e+01,2.500000087383957492e+01,2.500000146798619838e+01,2.500000243547431467e+01,2.500000399040020937e+01,2.500000645684965050e+01,2.500001031801636131e+01,2.500001628332419656e+01,2.500002537822514626e+01,2.500003906166411483e+01,2.500005937608457174e+01,2.500008913406000843e+01,2.500013214390638439e+01,2.500019347368891687e+01,2.500027974865201585e+01,2.500039947114253636e+01,2.500056334460540342e+01,2.500078457449688685e+01,2.500107910959245672e+01,2.500146577813211479e+01,2.500196626587609927e+01,2.500260487906426476e+01,2.500340803626367858e+01,2.500440344086314326e+01,2.500561890187924519e+01,2.500708079542572548e+01,2.500881219228629249e+01,2.501083071684678671e+01,2.501314624609305781e+01,2.501575860002623486e+01,2.501865541121647851e+01,2.502181038537406010e+01,2.502518217113951238e+01,2.502871404137563616e+01,2.503233454779051570e+01,2.503595924628838176e+01,2.503949350585519795e+01,2.504283631609326477e+01,2.504588490746795770e+01,2.504853990531616503e+01,2.505071066531218094e+01,2.505232039462573468e+01,2.505331065672069357e+01,2.505364489172157150e+01,2.505331065672069357e+01,2.505232039462573468e+01,2.505071066531218094e+01,2.504853990531616503e+01,2.504588490746795770e+01,2.504283631609326477e+01,2.503949350585519795e+01,2.503595924628838176e+01,2.503233454779051570e+01,2.502871404137563616e+01,2.502518217113951238e+01,2.502181038537406010e+01,2.501865541121647851e+01,2.501575860002623486e+01,2.501314624609305781e+01,2.501083071684678671e+01,2.500881219228629249e+01,2.500708079542572548e+01,2.500561890187924519e+01,2.500440344086314326e+01,2.500340803626367858e+01,2.500260487906426476e+01,2.500196626587609927e+01,2.500146577813211479e+01,2.500107910959245672e+01,2.500078457449688685e+01,2.500056334460540342e+01,2.500039947114253636e+01,2.500027974865201585e+01,2.500019347368891687e+01,2.500013214390638439e+01,2.500008913406000843e+01,2.500005937608457174e+01,2.500003906166411483e+01,2.500002537822514626e+01,2.500001628332419656e+01,2.500001031801636131e+01
2.500000000000163780e+01,2.500000000000353495e+01,2.500000000000752820e+01,2.500000000001583800e+01,2.500000000003290879e+01,2.500000000006752643e+01,2.500000000013683277e+01,2.500000000027382896e+01,2.500000000054117777e+01,2.500000000105626796e+01,2.500000000203601047e+01,2.500000000387576193e+01,2.500000000728627114e+01,2.500000001352773538e+01,2.500000002480367911e+01,2.500000004491366212e+01,2.500000008031786436e+01,2.500000014184601227e+01,2.500000024739643223e+01,2.500000042612897033e+01,2.500000072486979619e+01,2.500000121772792738e+01,2.500000202028131469e+01,2.500000331012769195e+01,2.500000535610357844e+01,2.500000855902915120e+01,2.500001350738761730e+01,2.500002105181472700e+01,2.500003240253844439e+01,2.500004925381205467e+01,2.500007393872922279e+01,2.500010961637461193e+01,2.500016049082354286e+01,2.500023205786687086e+01,2.500033137039462616e+01,2.500046730715770238e+01,2.500065082238230474e+01,2.500089514594027307e+01,2.500121589628474439e+01,2.500163106224686516e+01,2.500216080640518257e+01,2.500282704356170527e+01,2.500365275430727507e+01,2.500466100685338233e+01,2.500587368078602779e+01,2.500730991384481072e+01,2.500898432585846720e+01,2.501090511001131844e+01,2.501307211699020172e+01,2.501547508773089845e+01,2.501809221052228693e+01,2.502088918347156721e+01,2.502381895012875290e+01,2.502682224251134713e+01,2.502982901232207880e+01,2.503276076098339686e+01,2.503553369807395867e+01,2.503806257392835022e+01,2.504026495500425042e+01,2.504206564977271654e+01,2.504340095683516410e+01,2.504422240175633263e+01,2.504449965728832339e+01,2.504422240175633263e+01,2.504340095683516410e+01,2.504206564977271654e+01,2.504026495500425042e+01,2.503806257392835022e+01,2.503553369807395867e+01,2.503276076098339686e+01,2.502982901232207880e+01,2.502682224251134713e+01,2.502381895012875290e+01,2.502088918347156721e+01,2.501809221052228693e+01,2.501547508773089845e+01,2.501307211699020172e+01,2.501090511001131844e+01,2.500898432585846720e+01,2.500730991384481072e+01,2.500587368078602779e+01,2.500466100685338233e+01,2.500365275430727507e+01,2.500282704356170527e+01,2.500216080640518257e+01,2.500163106224686516e+01,2.500121589628474439e+01,2.500089514594027307e+01,2.500065082238230474e+01,2.500046730715770238e+01,2.500033137039462616e+01,2.500023205786687086e+01,2.500016049082354286e+01,2.500010961637461193e+01,2.500007393872922279e+01,2.500004925381205467e+01,2.500003240253844439e+01,2.500002105181472700e+01,2.500001350738761730e+01,2.500000855902915120e+01
2.500000000000135714e+01,2.500000000000292388e+01,2.500000000000623146e+01,2.500000000001310951e+01,2.500000000002723510e+01,2.500000000005588063e+01,2.500000000011323564e+01,2.500000000022660629e+01,2.500000000044785153e+01,2.500000000087411323e+01,2.500000000168489933e+01,2.500000000320738636e+01,2.500000000602975447e+01,2.500000001119487791e+01,2.500000002052628645e+01,2.500000003716830221e+01,2.500000006646704875e+01,2.500000011738467265e+01,2.500000020473292750e+01,2.500000035264304188e+01,2.500000059986601997e+01,2.500000100773078060e+01,2.500000167188386158e+01,2.500000273929627070e+01,2.500000443244367787e+01,2.500000708302482977e+01,2.500001117803902773e+01,2.500001742142990935e+01,2.500002681472166088e+01,2.500004075999364517e+01,2.500006118799758781e+01,2.500009071303410479e+01,2.500013281418584299e+01,2.500019203949470281e+01,2.500027422558002854e+01,2.500038672005240059e+01,2.500053858808203344e+01,2.500074077804977080e+01,2.500100621500697784e+01,2.500134978561140287e+01,2.500178817540553666e+01,2.500233951998443871e+01,2.500302283693674354e+01,2.500385721636157044e+01,2.500486076471096908e+01,2.500604931942192266e+01,2.500743497913413904e+01,2.500902452411754595e+01,2.501081783080803689e+01,2.501280640931670618e+01,2.501497220936135690e+01,2.501728684440957906e+01,2.501971137289476843e+01,2.502219674759622592e+01,2.502468500004344421e+01,2.502711116873621577e+01,2.502940591290883177e+01,2.503149868419811952e+01,2.503332126472366070e+01,2.503481142973340923e+01,2.503591646313306285e+01,2.503659624990225652e+01,2.503682569272608660e+01,2.503659624990225652e+01,2.503591646313306285e+01,2.503481142973340923e+01,2.503332126472366070e+01,2.503149868419811952e+01,2.502940591290883177e+01,2.502711116873621577e+01,2.502468500004344421e+01,2.502219674759622592e+01,2.501971137289476843e+01,2.501728684440957906e+01,2.501497220936135690e+01,2.501280640931670618e+01,2.501081783080803689e+01,2.500902452411754595e+01,2.500743497913413904e+01,2.500604931942192266e+01,2.500486076471096908e+01,2.500385721636157044e+01,2.500302283693674354e+01,2.500233951998443871e+01,2.500178817540553666e+01,2.500134978561140287e+01,2.500100621500697784e+01,2.500074077804977080e+01,2.500053858808203344e+01,2.500038672005240059e+01,2.500027422558002854e+01,2.500019203949470281e+01,2.500013281418584299e+01,2.500009071303410479e+01,2.500006118799758781e+01,2.500004075999364517e+01,2.500002681472166088e+01,2.500001742142990935e+01,2.500001117803902773e+01,2.500000708302482977e+01
2.500000000000111910e+01,2.500000000000241585e+01,2.500000000000514433e+01,2.500000000001082157e+01,2.500000000002248512e+01,2.500000000004613199e+01,2.500000000009348611e+01,2.500000000018708235e+01,2.500000000036973802e+01,2.500000000072165207e+01,2.500000000139102241e+01,2.500000000264796185e+01,2.500000000497805530e+01,2.500000000924228871e+01,2.500000001694613161e+01,2.500000003068548438e+01,2.500000005487400045e+01,2.500000009691067504e+01,2.500000016902382072e+01,2.500000029113575195e+01,2.500000049523859857e+01,2.500000083196441025e+01,2.500000138027725072e+01,2.500000226151373894e+01,2.500000365934578994e+01,2.500000584761792410e+01,2.500000922838800221e+01,2.500001438281923782e+01,2.500002213775198712e+01,2.500003365071775363e+01,2.500005051571044490e+01,2.500007489104962843e+01,2.500010964900338806e+01,2.500015854435331164e+01,2.500022639570737226e+01,2.500031926912073388e+01,2.500044464863490035e+01,2.500061157303620973e+01,2.500083071301462923e+01,2.500111435872709009e+01,2.500147628545740375e+01,2.500193146562671487e+01,2.500249559981420333e+01,2.500318444846238819e+01,2.500401295993247786e+01,2.500499420932763073e+01,2.500613818506721486e+01,2.500745048482015065e+01,2.500893100657413370e+01,2.501057274122955931e+01,2.501236078679805530e+01,2.501427170786894294e+01,2.501627335498513816e+01,2.501832523564326749e+01,2.502037949211654322e+01,2.502238249335862008e+01,2.502427699288031349e+01,2.502600474722168400e+01,2.502750943692744201e+01,2.502873969036131285e+01,2.502965198606385044e+01,2.503021320579564701e+01,2.503040262966484519e+01,2.503021320579564701e+01,2.502965198606385044e+01,2.502873969036131285e+01,2.502750943692744201e+01,2.502600474722168400e+01,2.502427699288031349e+01,2.502238249335862008e+01,2.502037949211654322e+01,2.501832523564326749e+01,2.501627335498513816e+01,2.501427170786894294e+01,2.501236078679805530e+01,2.501057274122955931e+01,2.500893100657413370e+01,2.500745048482015065e+01,2.500613818506721486e+01,2.500499420932763073e+01,2.500401295993247786e+01,2.500318444846238819e+01,2.500249559981420333e+01,2.500193146562671487e+01,2.500147628545740375e+01,2.500111435872709009e+01,2.500083071301462923e+01,2.500061157303620973e+01,2.500044464863490035e+01,2.500031926912073388e+01,2.500022639570737226e+01,2.500015854435331164e+01,2.500010964900338806e+01,2.500007489104962843e+01,2.500005051571044490e+01,2.500003365071775363e+01,2.500002213775198712e+01,2.500001438281923782e+01,2.500000922838800221e+01,2.500000584761792410e+01
2.500000000000092371e+01,2.500000000000198952e+01,2.500000000000423483e+01,2.500000000000891376e+01,2.500000000001851674e+01,2.500000000003799627e+01,2.500000000007699441e+01,2.500000000015408474e+01,2.500000000030452441e+01,2.500000000059436545e+01,2.500000000114567200e+01,2.500000000218090790e+01,2.500000000410001988e+01,2.500000000761212249e+01,2.500000001395715188e+01,2.500000002527313825e+01,2.500000004519525376e+01,2.500000007981743977e+01,2.500000013921117770e+01,2.500000023978484620e+01,2.500000040788776445e+01,2.500000068522143337e+01,2.500000113682213154e+01,2.500000186262496982e+01,2.500000301390556245e+01,2.500000481620737602e+01,2.500000760067277739e+01,2.500001184595864601e+01,2.500001823306614313e+01,2.500002771535984891e+01,2.500004160568292733e+01,2.500006168166769527e+01,2.500009030896780615e+01,2.500013058009153255e+01,2.500018646373443332e+01,2.500026295601286819e+01,2.500036622092325089e+01,2.500050370297888236e+01,2.500068419075939019e+01,2.500091780666763697e+01,2.500121589628474439e+01,2.500159079117650052e+01,2.500205542263325853e+01,2.500262277124993915e+01,2.500330514877611421e+01,2.500411332411103515e+01,2.500505552390350772e+01,2.500613635849824234e+01,2.500735574387600124e+01,2.500870790721139159e+01,2.501018057494837166e+01,2.501175444524485414e+01,2.501340303920731856e+01,2.501509300645345490e+01,2.501678493046533802e+01,2.501843463971117743e+01,2.501999498491293394e+01,2.502141799566880564e+01,2.502265728622318619e+01,2.502367054593663553e+01,2.502442192972202761e+01,2.502488416077862610e+01,2.502504017381637880e+01,2.502488416077862610e+01,2.502442192972202761e+01,2.502367054593663553e+01,2.502265728622318619e+01,2.502141799566880564e+01,2.501999498491293394e+01,2.501843463971117743e+01,2.501678493046533802e+01,2.501509300645345490e+01,2.501340303920731856e+01,2.501175444524485414e+01,2.501018057494837166e+01,2.500870790721139159e+01,2.500735574387600124e+01,2.500613635849824234e+01,2.500505552390350772e+01,2.500411332411103515e+01,2.500330514877611421e+01,2.500262277124993915e+01,2.500205542263325853e+01,2.500159079117650052e+01,2.500121589628474439e+01,2.500091780666763697e+01,2.500068419075939019e+01,2.500050370297888236e+01,2.500036622092325089e+01,2.500026295601286819e+01,2.500018646373443332e+01,2.500013058009153255e+01,2.500009030896780615e+01,2.500006168166769527e+01,2.500004160568292733e+01,2.500002771535984891e+01,2.500001823306614313e+01,2.500001184595864601e+01,2.500000760067277739e+01,2.500000481620737602e+01
