2.586397519196875550e+01,2.589511407119037401e+01,2.592302342534502557e+01,2.594734205263684501e+01,2.596775241924650857e+01,2.598398888610394408e+01,2.599584526162349718e+01,2.600318156116803081e+01,2.600592990469882437e+01,2.600409954221706954e+01,2.599778105957787844e+01,2.598714988175997220e+01,2.597246925277974583e+01,2.595409292666935741e+01,2.593246784737413435e+01,2.590813712185762441e+01,2.588174359484902709e+01,2.585403431044420230e+01,2.582586609063895722e+01,2.579821237025642944e+01,2.577217129950011554e+01,2.574897495937372938e+01,2.572999933384923921e+01,2.571677445139761531e+01,2.571099385631005774e+01,2.571452230994445642e+01,2.572940037033934146e+01,2.575784427590041759e+01,2.580223938844663323e+01,2.586512535809251645e+01,2.594917118290296543e+01,2.605713847401468541e+01,2.619183152199773446e+01,2.635603320603275534e+01,2.655242639813895167e+01,2.678350128263964081e+01,2.705144991511102504e+01,2.735805034931575008e+01,2.770454371443731745e+01,2.809150866427020787e+01,2.851873857025574210e+01,2.898512761044266739e+01,2.948857243495083225e+01,3.002589628960500434e+01,3.059280229045371158e+01,3.118386192045113603e+01,3.179254374972484598e+01,3.241128587799670413e+01,3.303161371131592006e+01,3.364430249877634083e+01,3.423958168281767911e+01,3.480737569850190027e+01,3.533757354837116793e+01,3.582031744073754709e+01,3.624629916373892513e+01,3.660705180831274674e+01,3.689522405147978645e+01,3.710482452625279137e+01,3.723142484674846031e+01,3.727231158581589909e+01,3.722657982668025056e+01,3.709516369423368332e+01,3.688080234529895307e+01,3.658794306787470418e+01,3.622258620700554843e+01,3.579207940737953919e+01,3.530487097049518752e+01,3.477023383292848280e+01,3.419797269223143132e+01,3.359812709891813398e+01,3.298068290894071453e+01,3.235530341156393064e+01,3.173108981471767720e+01,3.111637871750343365e+01,3.051858188105515524e+01,2.994407118491307074e+01,2.939810928157078251e+01,2.888482427561412536e+01,2.840722486944651948e+01,2.796725091744220393e+01,2.756585326293425808e+01,2.720309611227370183e+01,2.687827501069930847e+01,2.659004368312045230e+01,2.633654352645853436e+01,2.611553031348206488e+01,2.592449361006022457e+01,2.576076543836951060e+01,2.562161576424511722e+01,2.550433338469847300e+01,2.540629169215494088e+01,2.532499956036892286e+01,2.525813821295552941e+01,2.520358539210313253e+01,2.515942844673254797e+01,2.512396811947837350e+01,2.509571484994833668e+01,2.507337935095817016e+01,2.505585907931713407e+01,2.504222203706471461e+01
2.604584010348157364e+01,2.608353064203152982e+01,2.611731026472458694e+01,2.614674103550466100e+01,2.617143759019297278e+01,2.619107698765674996e+01,2.620540771001979863e+01,2.621425765812809772e+01,2.621754104803297380e+01,2.621526418275406201e+01,2.620753014795642244e+01,2.619454255658413544e+01,2.617660854139549897e+01,2.615414126059200228e+01,2.612766223469463611e+01,2.609780386657440943e+01,2.606531250511489972e+01,2.603105239065887488e+01,2.599601076210017325e+01,2.596130430726369909e+01,2.592818699774599622e+01,2.589805916656363038e+01,2.587247746449587993e+01,2.585316507503422656e+01,2.584202128837064905e+01,2.584112924608345452e+01,2.585276038859263537e+01,2.587937388952253670e+01,2.592360917056957348e+01,2.598826948514994939e+01,2.607629456719396543e+01,2.619072048933405839e+01,2.633462518435394983e+01,2.651105856979657815e+01,2.672295688256463109e+01,2.697304166985892238e+01,2.726370487163459799e+01,2.759688252854143542e+01,2.797392080256612346e+01,2.839543913517823981e+01,2.886119640798899155e+01,2.936996682516844004e+01,2.991943281579212766e+01,3.050610247506725869e+01,3.112525885752420862e+01,3.177094775635478285e+01,3.243600943374504908e+01,3.311215812419460747e+01,3.379011107055879393e+01,3.445976646222597140e+01,3.511042705168546973e+01,3.573106358226446844e+01,3.631060963612447523e+01,3.683827728330679463e+01,3.730388114720673798e+01,3.769815734480869196e+01,3.801306332180768521e+01,3.824204494810011568e+01,3.838025837963047593e+01,3.842473608348103653e+01,3.837448896481435412e+01,3.823053957862849472e+01,3.799588476994681230e+01,3.767538955249176524e+01,3.727561738939079561e+01,3.680460507001009773e+01,3.627159289929176111e+01,3.568672278317023228e+01,3.506071790782834086e+01,3.440455802871991864e+01,3.372916392071826408e+01,3.304510335968068091e+01,3.236232921981963528e+01,3.168995802680099416e+01,3.103609477128618721e+01,3.040770713717472518e+01,2.981054970265476811e+01,2.924913628196847881e+01,2.872675651567528732e+01,2.824553117727024798e+01,2.780649949722773329e+01,2.740973112777142262e+01,2.705445516476305912e+01,2.673919886023065473e+01,2.646192923168405997e+01,2.622019162001523185e+01,2.601124027784077697e+01,2.583215719706537783e+01,2.567995652779077176e+01,2.555167303172838089e+01,2.544443399791299498e+01,2.535551488867979586e+01,2.528237965737620740e+01,2.522270717855140276e+01,2.517440556124892836e+01,2.513561629109742412e+01,2.510471018853989733e+01,2.508027710411740330e+01,2.506111112398772534e+01,2.504619285584768562e+01
2.626003047572337934e+01,2.630543690995820327e+01,2.634612977469668138e+01,2.638158069424163799e+01,2.641132432408719666e+01,2.643497010507817180e+01,2.645221295493650970e+01,2.646284270178071552e+01,2.646675213407592864e+01,2.646394362196452477e+01,2.645453435254665209e+01,2.643876031195187082e+01,2.641697923472024101e+01,2.638967282017461713e+01,2.635744857968242982e+01,2.632104172124622110e+01,2.628131749197889988e+01,2.623927437829823717e+01,2.619604850246133765e+01,2.615291944797199974e+01,2.611131759290050525e+01,2.607283282921109446e+01,2.603922430088969264e+01,2.601243051085339530e+01,2.599457883743215092e+01,2.598799318137947267e+01,2.599519815429726322e+01,2.601891794379594813e+01,2.606206777795832252e+01,2.612773579227783927e+01,2.621915310711290914e+01,2.633965008171845312e+01,2.649259704609133337e+01,2.668132834021423605e+01,2.690904921667793204e+01,2.717872607794958384e+01,2.749296159827505903e+01,2.785385747929387890e+01,2.826286884725976023e+01,2.872065554167716073e+01,2.922693668095270070e+01,2.978035582359735756e+01,3.037836467609301394e+01,3.101713354037211445e+01,3.169149647023702698e+01,3.239493836638389723e+01,3.311962996506798618e+01,3.385651488435081546e+01,3.459545064339033615e+01,3.532540296404016544e+01,3.603468983674213177e+01,3.671126895068842089e+01,3.734305933701829616e+01,3.791828564489074438e+01,3.842583154626566255e+01,3.885558750472421963e+01,3.919877766706191835e+01,3.944825101420313729e+01,3.959872315275472943e+01,3.964695719136943808e+01,3.959187491837146666e+01,3.943459281716818055e+01,3.917838112063311229e+01,3.882854788531022905e+01,3.839225372250450619e+01,3.787826612712038354e+01,3.729666509446686717e+01,3.665851375015643754e+01,3.597550893196165589e+01,3.525962700824716478e+01,3.452277970991240608e+01,3.377649346394400709e+01,3.303162376848684545e+01,3.229811370131537984e+01,3.158480288873353814e+01,3.089929037159294722e+01,3.024785197417367399e+01,2.963541017543808209e+01,2.906555223596663495e+01,2.854059054595086309e+01,2.806165788764592151e+01,2.762882956696337899e+01,2.724126414358956794e+01,2.689735472607382150e+01,2.659488342299911778e+01,2.633117246368529862e+01,2.610322662525953064e+01,2.590786283189599004e+01,2.574182403887314052e+01,2.560187570387541811e+01,2.548488422170990475e+01,2.538787761479935057e+01,2.530808950626694909e+01,2.524298794688030156e+01,2.519029102686099009e+01,2.514797139448608476e+01,2.511425184883179895e+01,2.508759410158405601e+01,2.506668264174423300e+01,2.505040541567977286e+01
2.651094449239768025e+01,2.656538944401949109e+01,2.661418040016705788e+01,2.665668297069398562e+01,2.669233802107689257e+01,2.672067564534769701e+01,2.674132782500065275e+01,2.675403952885796599e+01,2.675867809053514534e+01,2.675524079454586968e+01,2.674386070504342428e+01,2.672481087754452744e+01,2.669850719766991887e+01,2.666551018517069593e+01,2.662652617894849882e+01,2.658240837178411908e+01,2.653415818445031249e+01,2.648292745060750875e+01,2.643002182006952339e+01,2.637690567384129636e+01,2.632520867702343281e+01,2.627673387527886462e+01,2.623346697057619537e+01,2.619758610001931487e+01,2.617147110009764077e+01,2.615771088504502728e+01,2.615910722466368910e+01,2.617867290115927048e+01,2.621962198729885429e+01,2.628534985300465721e+01,2.637940050814721360e+01,2.650541905735377313e+01,2.666708740429241686e+01,2.686804191557232713e+01,2.711177254338507225e+01,2.740150390126041557e+01,2.774005996101109162e+01,2.812971534410900176e+01,2.857203755124676192e+01,2.906772582619475287e+01,2.961645358706257625e+01,3.021672237438874120e+01,3.086573595496577838e+01,3.155930348459553159e+01,3.229178039078092155e+01,3.305605483269259537e+01,3.384358621006656875e+01,3.464450024517284987e+01,3.544774271699331791e+01,3.624129109273472693e+01,3.701242022745543636e+01,3.774801516888741304e+01,3.843492111329366878e+01,3.906031791768014472e+01,3.961210448247413041e+01,4.007927694931247231e+01,4.045228414172169806e+01,4.072334408880089285e+01,4.088670682708858806e+01,4.093885092035729656e+01,4.087860415289345895e+01,4.070718246302953247e+01,4.042814516928230262e+01,4.004726865172284533e+01,3.957234462685816823e+01,3.901291274637507911e+01,3.837994023895248574e+01,3.768546352605005723e+01,3.694220806115934153e+01,3.616320301662939585e+01,3.536140688875883598e+01,3.454935868904601648e+01,3.373886726982350126e+01,3.294074866947303803e+01,3.216461835506503064e+01,3.141874209666853446e+01,3.070994612877324670e+01,3.004358442000891216e+01,2.942355842976657243e+01,2.885238278621256214e+01,2.833128893724884989e+01,2.786035802297723762e+01,2.743867397358932436e+01,2.706448809476282591e+01,2.673538708230173455e+01,2.644845741109300974e+01,2.620044026538754878e+01,2.598787251412993982e+01,2.580721059118631189e+01,2.565493543435108492e+01,2.552763780482988309e+01,2.542208430535063712e+01,2.533526521385087804e+01,2.526442584184101747e+01,2.520708351780411505e+01,2.516103250364838928e+01,2.512433920164367152e+01,2.509532993051406891e+01,2.507257337415838450e+01,2.505485956570123207e+01
2.680329858151070965e+01,2.686827451712382242e+01,2.692650055437310286e+01,2.697721870893750662e+01,2.701976046645376073e+01,2.705356332984672818e+01,2.707818575619027968e+01,2.709332017928841907e+01,2.709880390944217865e+01,2.709462781225671790e+01,2.708094278898264307e+01,2.705806420579849458e+01,2.702647454165630592e+01,2.698682463604589543e+01,2.693993401091685769e+01,2.688679080637507113e+01,2.682855189906420890e+01,2.676654375729738788e+01,2.670226452101718451e+01,2.663738767219972914e+01,2.657376747940383410e+01,2.651344615892447010e+01,2.645866239842244383e+01,2.641186054551640083e+01,2.637569938733419406e+01,2.635305905663134496e+01,2.634704422053132689e+01,2.636098136907891387e+01,2.639840775662908001e+01,2.646304939619340502e+01,2.655878550214117340e+01,2.668959695449106917e+01,2.685949674693867095e+01,2.707244099969237183e+01,2.733221997281180649e+01,2.764232959507143050e+01,2.800582529709515001e+01,2.842516135448362036e+01,2.890202043496464057e+01,2.943713951247111638e+01,3.003013965487117432e+01,3.067936829643842600e+01,3.138176335579768050e+01,3.213274884824291178e+01,3.292617137980389685e+01,3.375428603958929585e+01,3.460779870453362150e+01,3.547596965869455943e+01,3.634678077758064774e+01,3.720716545440190259e+01,3.804329711098562683e+01,3.884092873777287735e+01,3.958577266374871328e+01,4.026390689426817460e+01,4.086219208790988233e+01,4.136868175968344019e+01,4.177300773899794706e+01,4.206672335973388499e+01,4.224358833112756884e+01,4.229978167411677958e+01,4.223403237995430004e+01,4.204766136545848099e+01,4.174453262246508700e+01,4.133091591702854828e+01,4.081526770546652472e+01,4.020794082945718628e+01,3.952083679293963314e+01,3.876701682096717150e+01,3.796028932923196209e+01,3.711479183769468193e+01,3.624458475995197659e+01,3.536327297706520056e+01,3.448366880434082304e+01,3.361750707021802498e+01,3.277521976388659652e+01,3.196577429820797889e+01,3.119657609497607353e+01,3.047343312546788496e+01,2.980057739013261298e+01,2.918073621293844155e+01,2.861524472631226956e+01,2.810419005208349574e+01,2.764657741894009391e+01,2.724050873733094136e+01,2.688336489030939447e+01,2.657198408740320161e+01,2.630282995423814896e+01,2.607214448073598945e+01,2.587608242180819573e+01,2.571082514818301235e+01,2.557267321179067565e+01,2.545811797102847862e+01,2.536389348771455587e+01,2.528701054987436692e+01,2.522477509892845404e+01,2.517479356511471522e+01,2.513496766859487153e+01,2.510348115827485316e+01,2.507878077033146980e+01,2.505955342727069279e+01
2.714209345835607223e+01,2.721927292617871430e+01,2.728843234363909787e+01,2.734867042653828051e+01,2.739919180311756719e+01,2.743932653362235996e+01,2.746854767223296534e+01,2.748648649843864078e+01,2.749294515580140796e+01,2.748790656477851257e+01,2.747154161721152121e+01,2.744421380634101126e+01,2.740648158975908544e+01,2.735909891465962218e+01,2.730301444556697277e+01,2.723937011461936208e+01,2.716949965380049292e+01,2.709492775824361743e+01,2.701737046209944282e+01,2.693873717759295516e+01,2.686113465058069139e+01,2.678687282240145251e+01,2.671847226259982477e+01,2.665867245971982769e+01,2.661043984297593923e+01,2.657697397736854938e+01,2.656170995588547612e+01,2.656831463751479205e+01,2.660067408604841077e+01,2.666286939197386374e+01,2.675913804832697451e+01,2.689381823860555087e+01,2.707127381167600078e+01,2.729579838557102534e+01,2.757149794527239806e+01,2.790215246699857232e+01,2.829105848021063352e+01,2.874085601297727166e+01,2.925334497846539250e+01,2.982929765172227476e+01,3.046827534210915900e+01,3.116845856378596125e+01,3.192650081970054643e+01,3.273741642800585794e+01,3.359451253826651396e+01,3.448937454370893363e+01,3.541191247113837903e+01,3.635047364585232543e+01,3.729202406065508058e+01,3.822239755344370593e+01,3.912660829146282992e+01,3.998921838476070434e+01,4.079474894352777170e+01,4.152811979827143318e+01,4.217510065115844498e+01,4.272275482353408194e+01,4.315985616197495034e+01,4.347726015287936718e+01,4.366821188918985541e+01,4.372857616964706295e+01,4.365697855203327293e+01,4.345485042065987358e+01,4.312637580545407445e+01,4.267834251238852517e+01,4.211990478847098274e+01,4.146226895705092375e+01,4.071831696327484451e+01,3.990218536124586990e+01,3.902881881797215158e+01,3.811351764510936846e+01,3.717149821668522236e+01,3.621748348191894706e+01,3.526533829252650776e+01,3.432776113719572209e+01,3.341604034579639659e+01,3.253987913649510944e+01,3.170729026610579027e+01,3.092455771856508662e+01,3.019626000090999085e+01,2.952534733575765813e+01,2.891326341752771611e+01,2.836010145843495067e+01,2.786478396422383241e+01,2.742525598346422555e+01,2.703868237255480267e+01,2.670164079659330270e+01,2.641030362066850401e+01,2.616060341509970399e+01,2.594837838979642441e+01,2.576949559161936421e+01,2.561995106916867826e+01,2.549594737884660134e+01,2.539394974349279366e+01,2.531072286983568276e+01,2.524335089019659151e+01,2.518924313761079858e+01,2.514612852155332945e+01,2.511204117905706212e+01,2.508529987042146914e+01,2.506448330615965148e+01
2.753256620613144889e+01,2.762381034707836136e+01,2.770557037661662747e+01,2.777677977829632994e+01,2.783649686815677882e+01,2.788392772853084622e+01,2.791844678038668093e+01,2.793961454062505823e+01,2.794719223940137809e+01,2.794115312219376790e+01,2.792169042547475044e+01,2.788922218551176968e+01,2.784439320783028649e+01,2.778807468005422976e+01,2.772136204237167689e+01,2.764557182668680113e+01,2.756223822676465929e+01,2.747311015729271944e+01,2.738014949114800700e+01,2.728553102482349502e+01,2.719164450846962566e+01,2.710109878973504749e+01,2.701672776464185688e+01,2.694159741471206715e+01,2.687901275422724368e+01,2.683252303812841078e+01,2.680592311942504935e+01,2.680324843081965724e+01,2.682876073909696046e+01,2.688692162609745395e+01,2.698235063047083315e+01,2.711976518045687712e+01,2.730389989319798616e+01,2.753940353273683073e+01,2.783071291341859421e+01,2.818190429481957793e+01,2.859652430280135249e+01,2.907740406867830174e+01,2.962646202032159337e+01,3.024450247883481069e+01,3.093101878845344999e+01,3.168401100158713746e+01,3.249982902058295764e+01,3.337305243800658161e+01,3.429641801498494402e+01,3.526080472284068179e+01,3.625528452106999566e+01,3.726724458053303124e+01,3.828258356638555426e+01,3.928598100851971253e+01,4.026123489669999600e+01,4.119165867261700953e+01,4.206052500741802191e+01,4.285154041464654995e+01,4.354933210628074391e+01,4.413992677179417967e+01,4.461120031223723004e+01,4.495327808981910778e+01,4.515886697508633318e+01,4.522350332070632817e+01,4.514570481300992810e+01,4.492701872689403331e+01,4.457196415645643128e+01,4.408787099665188691e+01,4.348462348213055151e+01,4.277432063323472278e+01,4.197086973812746180e+01,4.108953179434637804e+01,4.014643949628689512e+01,3.915810882325404663e+01,3.814096457626686743e+01,3.711089843064136318e+01,3.608287538349438250e+01,3.507060110049127388e+01,3.408625885643968445e+01,3.314032078311242202e+01,3.224143423938765807e+01,3.139638053086303060e+01,3.061010011463129388e+01,2.988577596492750388e+01,2.922496502609698865e+01,2.862776666440011653e+01,2.809301672212355783e+01,2.761849610587327675e+01,2.720114370280102634e+01,2.683726468999397952e+01,2.652272685029596389e+01,2.625313920100395038e+01,2.602400895946814785e+01,2.583087450846101518e+01,2.566941350311429915e+01,2.553552652311838855e+01,2.542539768545950807e+01,2.533553438287320603e+01,2.526278880870817289e+01,2.520436419191063138e+01,2.515780872847057736e+01,2.512100009598219330e+01,2.509212321613796348e+01,2.506964362508884392e+01
2.798012717515049275e+01,2.808749196160447781e+01,2.818369435575462489e+01,2.826747837599142699e+01,2.833773452839543339e+01,2.839352664238878532e+01,2.843411587827350928e+01,2.845898135960312203e+01,2.846783703216874173e+01,2.846064452481844143e+01,2.843762197785231649e+01,2.839924900320723822e+01,2.834626813654686472e+01,2.827968332311522204e+01,2.820075613452636176e+01,2.811100053005466393e+01,2.801217704129038211e+01,2.790628726201315857e+01,2.779556945626447373e+01,2.768249594979582895e+01,2.756977273961634367e+01,2.746034144382210584e+01,2.735738332501490788e+01,2.726432466720002523e+01,2.718484228657965929e+01,2.712286743669225331e+01,2.708258586047120531e+01,2.706843128500402784e+01,2.708506929317752565e+01,2.713736828716498195e+01,2.723035422920537840e+01,2.736914604926139916e+01,2.755886908315410011e+01,2.780454467257853679e+01,2.811095512696424592e+01,2.848248460222895773e+01,2.892293805436893450e+01,2.943534221150924779e+01,3.002173438529496607e+01,3.068294679644795764e+01,3.141839578645354436e+01,3.222588668326854844e+01,3.310144603833721533e+01,3.403919332060088720e+01,3.503126382966294017e+01,3.606779349995633766e+01,3.713697438296875220e+01,3.822518694327303734e+01,3.931721197452554861e+01,4.039652108212897730e+01,4.144564049302947950e+01,4.244657868716510762e+01,4.338130427464635375e+01,4.423225695166661353e+01,4.498287152688274659e+01,4.561809315317346147e+01,4.612486120511415066e+01,4.649253981394926427e+01,4.671327492712123330e+01,4.678226082534762043e+01,4.669790314517649676e+01,4.646187037886811311e+01,4.607903125496817154e+01,4.555728100178642848e+01,4.490726490901187162e+01,4.414201249096918644e+01,4.327649961975325965e+01,4.232715900121468167e+01,4.131136115408732934e+01,4.024688855377232244e+01,3.915142483961253106e+01,3.804207906552115759e+01,3.693496207943459098e+01,3.584482848381497888e+01,3.478479352859297080e+01,3.376613000295378697e+01,3.279814599699997046e+01,3.188814054326856251e+01,3.104143082154493527e+01,3.026144196363969030e+01,2.954984861296870946e+01,2.890675630224811243e+01,2.833091038180429422e+01,2.781992058507046650e+01,2.737049024594595537e+01,2.697864055151871554e+01,2.663992188001929406e+01,2.634960609635663431e+01,2.610285552626953276e+01,2.589486609400919548e+01,2.572098370022218106e+01,2.557679427485147983e+01,2.545818902861386945e+01,2.536140723371938677e+01,2.528305939782242362e+01,2.522013397829097414e+01,2.516999085131025993e+01,2.513034464306542404e+01,2.509924079151041099e+01,2.507502687909476080e+01
2.849028079418571480e+01,2.861602041713437217e+01,2.872868448265433727e+01,2.882680097033612654e+01,2.890906899979249900e+01,2.897439010212272947e+01,2.902189612751844194e+01,2.905097313437734385e+01,2.906128077693347933e+01,2.905276690875390244e+01,2.902567733984821530e+01,2.898056091511710619e+01,2.891827030941941956e+01,2.883995914648834002e+01,2.874707623138755608e+01,2.864135782509810113e+01,2.852481897153305468e+01,2.839974489929981161e+01,2.826868345231151380e+01,2.813443934714925021e+01,2.800007080691355554e+01,2.786888878194548624e+01,2.774445854372889997e+01,2.763060294259171812e+01,2.753140607287500075e+01,2.745121551905942781e+01,2.739464079852020717e+01,2.736654511358871389e+01,2.737202712535279048e+01,2.741638921525752082e+01,2.750508865931361058e+01,2.764366835101649045e+01,2.783766421198838614e+01,2.809248724959967092e+01,2.841327936580280067e+01,2.880474347567172089e+01,2.927095021586492862e+01,2.981512544230208306e+01,3.043942473450635333e+01,3.114470311763849253e+01,3.193029003861253301e+01,3.279378113454653487e+01,3.373085935396524349e+01,3.473515838916122789e+01,3.579818103282092778e+01,3.690928390309331775e+01,3.805573795910547119e+01,3.922287138367232018e+01,4.039429783651038974e+01,4.155222893912247173e+01,4.267786535987892904e+01,4.375185628998805498e+01,4.475481273354830591e+01,4.566785618240734124e+01,4.647318119938864811e+01,4.715460844330566914e+01,4.769810392678643041e+01,4.809224091446077409e+01,4.832858286342756315e+01,4.840196910137416353e+01,4.831068935656944063e+01,4.805653854042013506e+01,4.764474901378952154e+01,4.708380357756985291e+01,4.638513823703861760e+01,4.556274903462945502e+01,4.463272160633071195e+01,4.361270533935700655e+01,4.252135592423499588e+01,4.137777062947790796e+01,4.020093980557680879e+01,3.900923606276765554e+01,3.781995945817632787e+01,3.664895312649924364e+01,3.551029938552214560e+01,3.441610174774289277e+01,3.337635376595088843e+01,3.239889149641206956e+01,3.148942279313144610e+01,3.065162380632414951e+01,2.988729103908468332e+01,2.919653614543704379e+01,2.857801029867053089e+01,2.802914533967183530e+01,2.754639991184926728e+01,2.712550025909526141e+01,2.676166715236710658e+01,2.644982236708140988e+01,2.618477011817872580e+01,2.596135075328680131e+01,2.577456571317123490e+01,2.561967422663404648e+01,2.549226337578192059e+01,2.538829403402054297e+01,2.530412575166823430e+01,2.523652396800774511e+01,2.518265300100609494e+01,2.514005815080068018e+01,2.510663999678367375e+01,2.508062361587256817e+01
2.906852979564551021e+01,2.921509660291512134e+01,2.934641914499482596e+01,2.946078044883133984e+01,2.955666259266955009e+01,2.963278299360477774e+01,2.968812672015294396e+01,2.972197405221821853e+01,2.973392270813120675e+01,2.972390438905614829e+01,2.969219554511519021e+01,2.963942253308443142e+01,2.956656159880276746e+01,2.947493436355582475e+01,2.936619970696663273e+01,2.924234310352717614e+01,2.910566457059841383e+01,2.895876640860614870e+01,2.880454184761631353e+01,2.864616555002508136e+01,2.848708665249651517e+01,2.833102466253222573e+01,2.818196806345924088e+01,2.804417494067181238e+01,2.792217434406811805e+01,2.782076647745639519e+01,2.774501919407405381e+01,2.770025772442622269e+01,2.769204412036041063e+01,2.772614262296192678e+01,2.780846710679928080e+01,2.794500697038890991e+01,2.814172837449915221e+01,2.840444860366406488e+01,2.873868254986599169e+01,2.914946187402605560e+01,2.964112924564475193e+01,3.021711211821963161e+01,3.087968266233461989e+01,3.162971261674290702e+01,3.246643377620863191e+01,3.338721644674971145e+01,3.438737929675618687e+01,3.546004446141612476e+01,3.659605139037373078e+01,3.778394167859806885e+01,3.901002495645946766e+01,4.025853286946640708e+01,4.151186435282420462e+01,4.275092097190132989e+01,4.395552629065097960e+01,4.510491833024262576e+01,4.617829950610691014e+01,4.715542430953376396e+01,4.801720174061089352e+01,4.874628737201805961e+01,4.932763913201752359e+01,4.974901155870307434e+01,5.000136541619703223e+01,5.007917309247423532e+01,4.998060493166646978e+01,4.970758731493142335e+01,4.926572954672592175e+01,4.866412303653146409e+01,4.791502248398306563e+01,4.703342438869772479e+01,4.603656287182775486e+01,4.494334624314312521e+01,4.377375979478044599e+01,4.254826087218364705e+01,4.128719139007957750e+01,4.001023075055825018e+01,3.873590878954105676e+01,3.748119419912224259e+01,3.626116915822580467e+01,3.508879597842367559e+01,3.397477675010987497e+01,3.292750253757058232e+01,3.195308484972286678e+01,3.105545907313256393e+01,3.023654739308323514e+01,2.949646747592605678e+01,2.883377280757468952e+01,2.824571099157725129e+01,2.772848737825823662e+01,2.727752297074302490e+01,2.688769746971856023e+01,2.655357041403151896e+01,2.626957549940943792e+01,2.603018518517749769e+01,2.583004452850783039e+01,2.566407474685576418e+01,2.552754826068246174e+01,2.541613789630111597e+01,2.532594354174114670e+01,2.525349987397671825e+01,2.519576885342882733e+01,2.515012055840119487e+01,2.511430565773565249e+01,2.508642244281868727e+01
2.972026285893459630e+01,2.989030324740975786e+01,3.004265488967474340e+01,3.017532465429159672e+01,3.028654988763550193e+01,3.037484034312327807e+01,3.043901544279038163e+01,3.047823595392844709e+01,3.049202938949645869e+01,3.048030870556506500e+01,3.044338416082430854e+01,3.038196850854360775e+01,3.029717599478885504e+01,3.019051592126299255e+01,3.006388177916839410e+01,2.991953715425218618e+01,2.976009972567929296e+01,2.958852471717746724e+01,2.940808909517862446e+01,2.922237763621192386e+01,2.903527170006059777e+01,2.885094114746751615e+01,2.867383933965335885e+01,2.850870056763305271e+01,2.836053860688767969e+01,2.823464441088463417e+01,2.813658028747428119e+01,2.807216729540618871e+01,2.804746211031716641e+01,2.806871930025543804e+01,2.814233487971748104e+01,2.827476723325118968e+01,2.847243206000604587e+01,2.874156891870758557e+01,2.908807825667091862e+01,2.951732946853276829e+01,3.003394250190081038e+01,3.064154772711149022e+01,3.134253110352469918e+01,3.213777396296145383e+01,3.302639882697047824e+01,3.400553440033294095e+01,3.507011405945664961e+01,3.621272261555641592e+01,3.742350574245385531e+01,3.869015512568888226e+01,3.999798007981289061e+01,4.133007312911061604e+01,4.266757296254999687e+01,4.399002343931230996e+01,4.527582218673850889e+01,4.650274710163126457e+01,4.764854407667279190e+01,4.869155487467921262e+01,4.961136059627166617e+01,5.038941391881812137e+01,5.100963244383553530e+01,5.145892620305242815e+01,5.172763466109701369e+01,5.180985232474078117e+01,5.170362712573867014e+01,5.141102179150357188e+01,5.093803508497555299e+01,5.029438666444259809e+01,4.949317595249946322e+01,4.855043139524251217e+01,4.748457147204237572e+01,4.631580249328719390e+01,4.506548040585386161e+01,4.375546443016354203e+01,4.240748940636274256e+01,4.104258136303215565e+01,3.968053726219345378e+01,3.833948540981080555e+01,3.703553798442325729e+01,3.578254187577438472e+01,3.459192887611108347e+01,3.347266152924028404e+01,3.243126686185174634e+01,3.147194697595496038e+01,3.059675317478678735e+01,2.980580895806659569e+01,2.909756681949703250e+01,2.846908421670966760e+01,2.791630522531047021e+01,2.743433607063590784e+01,2.701770477757900579e+01,2.666059741684645701e+01,2.635706569587532755e+01,2.610120280819696248e+01,2.588728640916724189e+01,2.570988925328301633e+01,2.556395936486850928e+01,2.544487260476221735e+01,2.534846115040928893e+01,2.527102175438089660e+01,2.520930772921382967e+01,2.516050847486373598e+01,2.512222007205290808e+01,2.509241006199802015e+01
3.045062626734552325e+01,3.064697195350097303e+01,3.082288931815879351e+01,3.097607567674273810e+01,3.110449400891207006e+01,3.120642119828806926e+01,3.128049082440988471e+01,3.132572943206070804e+01,3.134158546107491361e+01,3.132795032208403185e+01,3.128517143749173712e+01,3.121405741679834733e+01,3.111587588363457968e+01,3.099234479943177689e+01,3.084561841568111262e+01,3.067826921336481405e+01,3.049326733543484735e+01,3.029395906910909275e+01,3.008404587513594919e+01,2.986756528099654062e+01,2.964887464946405871e+01,2.943263840463813352e+01,2.922381875369177706e+01,2.902766930181684302e+01,2.884973024720681423e+01,2.869582309892559024e+01,2.857204212906383844e+01,2.848473910590903557e+01,2.844049731765778333e+01,2.844609055080535143e+01,2.850842259782414700e+01,2.863444309406092003e+01,2.883103607220749964e+01,2.910487860573634578e+01,2.946226829903869771e+01,2.990892015209926669e+01,3.044973542936661204e+01,3.108854750929727828e+01,3.182785216173457243e+01,3.266853214272714467e+01,3.360958823431595732e+01,3.464789069993392445e+01,3.577796638325742862e+01,3.699183717313198372e+01,3.827892514430111248e+01,3.962603826540522078e+01,4.101744810645028139e+01,4.243506751506869534e+01,4.385873188076604379e+01,4.526658256400840230e+01,4.663554559894085827e+01,4.794189320843267410e+01,4.916187035828589558e+01,5.027236389497905122e+01,5.125158811156246230e+01,5.207975817535775320e+01,5.273972196053753692e+01,5.321752159302285889e+01,5.350285845657981554e+01,5.358943943073644789e+01,5.347518752088429750e+01,5.316230648416791382e+01,5.265719615709231505e+01,5.197022250729202852e+01,5.111535350119065413e+01,5.010967825885747118e+01,4.897283226744293927e+01,4.772635533702111843e+01,4.639301130273778995e+01,4.499609911611148760e+01,4.355878395609521192e+01,4.210347446851559994e+01,4.065126844774781745e+01,3.922148451653269774e+01,3.783129199338759463e+01,3.649544553251345747e+01,3.522612563605697034e+01,3.403288109253357163e+01,3.292266504940833016e+01,3.189995297165660304e+01,3.096692828249922869e+01,3.012372006017605486e+01,2.936867673660722744e+01,2.869866021073752904e+01,2.810934600622396573e+01,2.759551689557680376e+01,2.715133959373387640e+01,2.677061650850065178e+01,2.644700695356521436e+01,2.617421453686853638e+01,2.594613951889691705e+01,2.575699671166339044e+01,2.560140091300474907e+01,2.547442292639266626e+01,2.537161991401907457e+01,2.528904420126963970e+01,2.522323473902159208e+01,2.517119529004373391e+01,2.513036309365370258e+01,2.509857133369655813e+01
3.126438084148502128e+01,3.149003498003670387e+01,3.169220825325160718e+01,3.186825300337413580e+01,3.201582640944501179e+01,3.213294574629605904e+01,3.221803732272580589e+01,3.226997784738732378e+01,3.228812726430455626e+01,3.227235244418560001e+01,3.222304149818865682e+01,3.214110887998423038e+01,3.202799183999250943e+01,3.188563917108252355e+01,3.171649351552617446e+01,3.152346876643814610e+01,3.130992427225202945e+01,3.107963762113077877e+01,3.083677772809056350e+01,3.058587976011130394e+01,3.033182310852641095e+01,3.007981315551698387e+01,2.983536699283203930e+01,2.960430255543312938e+01,2.939272986013605049e+01,2.920704222929082050e+01,2.905390458186001723e+01,2.894023514753641280e+01,2.887317636920936081e+01,2.886005037430212994e+01,2.890829428498608777e+01,2.902537086415837209e+01,2.921865060989893337e+01,2.949526244943877984e+01,2.986191165358574295e+01,3.032466547298296788e+01,3.088870923280719438e+01,3.155807811985530620e+01,3.233537252613322011e+01,3.322146741385269308e+01,3.421522855031712140e+01,3.531325042489550015e+01,3.650963200074604487e+01,3.779580698342472544e+01,3.916044485259284613e+01,4.058943739799078543e+01,4.206598288900036664e+01,4.357077632847840221e+01,4.508230962007043274e+01,4.657728012146998253e+01,4.803110024752155738e+01,4.941849487083929660e+01,5.071416762664905065e+01,5.189351225725202710e+01,5.293334120515541485e+01,5.381260110754247705e+01,5.451304390413515932e+01,5.501982308826015355e+01,5.532198723020579223e+01,5.541284717956628469e+01,5.529019908332597311e+01,5.495639220454175700e+01,5.441823807343779862e+01,5.368676527579321345e+01,5.277683169251019279e+01,5.170661277923767329e+01,5.049699010199532268e+01,4.917086849682286953e+01,4.775245268135617493e+01,4.626651481994565529e+01,4.473768346357985592e+01,4.318978160198211924e+01,4.164523752977821403e+01,4.012458717061734603e+01,3.864608079944898833e+01,3.722540114734545114e+01,3.587549404517041296e+01,3.460650740135562131e+01,3.342582969250005931e+01,3.233821547451864831e+01,3.134598281435036071e+01,3.044926603245352936e+01,2.964630669296078125e+01,2.893376627579421267e+01,2.830704525910955027e+01,2.776059524589118155e+01,2.728821308649956734e+01,2.688330848310045695e+01,2.653913913183562556e+01,2.624900991025878838e+01,2.600643482977197962e+01,2.580526236025755438e+01,2.563976624714846153e+01,2.550470506288046124e+01,2.539535447595057249e+01,2.530751661439505895e+01,2.523751099439891377e+01,2.518215133585247045e+01,2.513871225502879980e+01,2.510488936860131304e+01
3.216574613898382040e+01,3.242386383111674775e+01,3.265511930287840414e+01,3.285648270798811410e+01,3.302527239603885789e+01,3.315921793488071501e+01,3.325651584132996419e+01,3.331587657207378328e+01,3.333656165905235724e+01,3.331841026405746931e+01,3.326185485924301588e+01,3.316792619391311803e+01,3.303824816099773898e+01,3.287502360494954701e+01,3.268101249149649590e+01,3.245950416407561079e+01,3.221428561851681849e+01,3.194960781585226428e+01,3.167015200601994351e+01,3.138099784086870159e+01,3.108759470788159263e+01,3.079573721882746540e+01,3.051154515155195668e+01,3.024144738979665448e+01,2.999216856752780558e+01,2.977071624400917571e+01,2.958436556762071490e+01,2.944063759342998310e+01,2.934726677213840773e+01,2.931215270044695131e+01,2.934329108868262637e+01,2.944867912812386379e+01,2.963619108279100089e+01,2.991342102414112958e+01,3.028749118163113963e+01,3.076482637480198434e+01,3.135089736385007342e+01,3.204993860674564132e+01,3.286464870415277062e+01,3.379588457613986918e+01,3.484236294725212701e+01,3.600038480367143734e+01,3.726359991196272148e+01,3.862282905410864942e+01,4.006596117445118210e+01,4.157794104094288912e+01,4.314086025605227803e+01,4.473416055448306139e+01,4.633495342730974187e+01,4.791845443556703543e+01,4.945852442151791450e+01,5.092830355778781382e+01,5.230091819929391761e+01,5.355023523843399857e+01,5.465163450799561673e+01,5.558276707294010066e+01,5.632426626176309981e+01,5.686037916128714187e+01,5.717948905960366801e+01,5.727450386066954735e+01,5.714309157101580894e+01,5.678775121945964344e+01,5.621571557017783505e+01,5.543869022693939996e+01,5.447244168228932182e+01,5.333625404214779309e+01,5.205228011526507714e+01,5.064481695195844679e+01,4.913953851772875225e+01,4.756271889549730503e+01,4.594047825967923870e+01,4.429808101592431768e+01,4.265931121935910397e+01,4.104594502038975179e+01,3.947733384004543922e+01,3.797010566349469229e+01,3.653798566324245201e+01,3.519173168210348734e+01,3.393917521422417138e+01,3.278535463312082499e+01,3.173272465350744653e+01,3.078142441520095929e+01,2.992958609850864349e+01,2.917366650917845305e+01,2.850878544380768531e+01,2.792905666719754620e+01,2.742789979075114104e+01,2.699832402752644356e+01,2.663317752385951565e+01,2.632535856630765281e+01,2.606798730761531147e+01,2.585453865609782298e+01,2.567893857665393043e+01,2.553562724062227574e+01,2.541959324747583082e+01,2.532638355859134549e+01,2.525209388291210644e+01,2.519334409654095808e+01,2.514724292679861151e+01,2.511134564799108304e+01
3.315823467261473922e+01,3.345209750434911911e+01,3.371537476087226537e+01,3.394461569721428162e+01,3.413676547650787541e+01,3.428923672923560417e+01,3.439997274805396188e+01,3.446750065249977979e+01,3.449097323306882856e+01,3.447019862528200207e+01,3.440565745277476850e+01,3.429850759191925391e+01,3.415057722395341244e+01,3.396434732710567772e+01,3.374292519299949333e+01,3.349001090128270874e+01,3.320985892814363183e+01,3.290723717527177428e+01,3.258738566734154318e+01,3.225597696542293846e+01,3.191907997519700046e+01,3.158312829536512112e+01,3.125489356588816037e+01,3.094146346124470170e+01,3.065022306589358791e+01,3.038883741447279618e+01,3.016523203613639836e+01,2.998756747889092367e+01,2.986420308138129798e+01,2.980364478573508435e+01,2.981447162438203691e+01,2.990523573808019364e+01,3.008433145009980336e+01,3.035983007035954273e+01,3.073927874315671716e+01,3.122946375861223345e+01,3.183614125756039925e+01,3.256374106718066486e+01,3.341505236390228362e+01,3.439090278784730970e+01,3.548984531752176963e+01,3.670786942646236639e+01,3.803815455637143828e+01,3.947088454309836436e+01,4.099314114950456656e+01,4.258889317676158726e+01,4.423909470125219201e+01,4.592190186349893111e+01,4.761301245815151617e+01,4.928612657343545322e+01,5.091352002295545276e+01,5.246671568857497903e+01,5.391723157965967062e+01,5.523737885324994323e+01,5.640107865200073434e+01,5.738466376567306781e+01,5.816763008223204423e+01,5.873330372512346997e+01,5.906939269905348056e+01,5.916839667104034817e+01,5.902785494275531875e+01,5.865042034892739764e+01,5.804375527479669472e+01,5.722025469349217275e+01,5.619660953274760118e+01,5.499323126342415691e+01,5.363356489675653904e+01,5.214332221737890904e+01,5.054966982247723450e+01,4.888040727939441865e+01,4.716316949139288539e+01,4.542468434332863580e+01,4.369011216847221135e+01,4.198248790356112892e+01,4.032228040374293698e+01,3.872707671322935852e+01,3.721139255662833989e+01,3.578660430995292074e+01,3.446099253972097642e+01,3.323988308827890137e+01,3.212586876503674205e+01,3.111909301522822346e+01,3.021757643334466792e+01,2.941756754899504500e+01,2.871390076578544992e+01,2.810034647127161023e+01,2.756994093529781864e+01,2.711528645509248747e+01,2.672881508632393022e+01,2.640301204736186591e+01,2.613059736351322115e+01,2.590466643348033671e+01,2.571879189612054972e+01,2.556709043281968263e+01,2.544425897168488859e+01,2.534558520099195533e+01,2.526693740467268512e+01,2.520473846584776112e+01,2.515592851278229958e+01,2.511792017064012938e+01
3.424447966795928266e+01,3.457746404601257950e+01,3.487578760628083074e+01,3.513553887386056829e+01,3.535325447202641413e+01,3.552600001372542948e+01,3.565144145090559391e+01,3.572790497686598599e+01,3.575442399861864828e+01,3.573077219262533788e+01,3.565748220728803375e+01,3.553585015430878258e+01,3.536792661048482955e+01,3.515649540162485209e+01,3.490504193020564117e+01,3.461771320776527716e+01,3.429927203338203157e+01,3.395504789580748906e+01,3.359088714866771852e+01,3.321310480177287161e+01,3.282843988104515631e+01,3.244401573830703711e+01,3.206730595424726005e+01,3.170610559911651904e+01,3.136850663432208108e+01,3.106287520486379350e+01,3.079782755020152152e+01,3.058220032279629308e+01,3.042501033014812961e+01,3.033539819253731196e+01,3.032255021861814726e+01,3.039559302092246895e+01,3.056345608514493506e+01,3.083469871064929890e+01,3.121729946517772092e+01,3.171840851812710937e+01,3.234406586638788639e+01,3.309889143295398384e+01,3.398575614621369567e+01,3.500544620303767829e+01,3.615633555739201910e+01,3.743408401698314947e+01,3.883137993171685309e+01,4.033774709692537641e+01,4.193943498872488362e+01,4.361940967628978427e+01,4.535745967256508493e+01,4.713042663941973132e+01,4.891256540330393676e+01,5.067603140977059439e+01,5.239148688593948577e+01,5.402880999677392282e+01,5.555788462695286967e+01,5.694944256129898008e+01,5.817592521625641666e+01,5.921232907603585716e+01,6.003699789897261496e+01,6.063232574945227782e+01,6.098533800423424367e+01,6.108812255570238392e+01,6.093809022025664746e+01,6.053805146158977379e+01,5.989610546002401037e+01,5.902534674166302864e+01,5.794340344593914693e+01,5.667182930260033658e+01,5.523537802124752716e+01,5.366119368298417669e+01,5.197795360927887032e+01,5.021500095809021502e+01,4.840150300081194956e+01,4.656566784454087582e+01,4.473404758101934675e+01,4.293094985559206123e+01,4.117797310211732054e+01,3.949367364787191548e+01,3.789336600459208881e+01,3.638905132836565315e+01,3.498946357937327889e+01,3.370021857945680210e+01,3.252404808967175143e+01,3.146109925182161149e+01,3.050927920801148119e+01,2.966462530537862463e+01,2.892168282702230897e+01,2.827387444578180364e+01,2.771384833990733298e+01,2.723379490683798565e+01,2.682572505022012876e+01,2.648170591401318674e+01,2.619405255293228407e+01,2.595547625985637552e+01,2.575919205956753899e+01,2.559898920431339420e+01,2.546926938313422539e+01,2.536505782235326834e+01,2.528199256581416421e+01,2.521629704759257606e+01,2.516474067796627878e+01,2.512459162445147243e+01
3.542606062362099806e+01,3.580159982963434118e+01,3.613804515520715199e+01,3.643098389110311786e+01,3.667650816863968544e+01,3.687130599180513002e+01,3.701274144255737752e+01,3.709892189341393021e+01,3.712875053376247081e+01,3.710196307259014503e+01,3.701914809714440935e+01,3.688175121658358080e+01,3.669206377075381909e+01,3.645319750345981902e+01,3.616904715278915461e+01,3.584424336466799588e+01,3.548409865855290946e+01,3.509454933850639691e+01,3.468209622683822602e+01,3.425374688609725382e+01,3.381696158225767590e+01,3.337960463146298196e+01,3.294990198024420636e+01,3.253640492292361586e+01,3.214795880144437490e+01,3.179367441697892005e+01,3.148289877683988180e+01,3.122518078286504561e+01,3.103022662507959240e+01,3.090783906754765553e+01,3.086783459098690940e+01,3.091993257000338957e+01,3.107361137724669931e+01,3.133792756437873805e+01,3.172129608101801779e+01,3.223123182978765300e+01,3.287405564645871436e+01,3.365457092063236644e+01,3.457572037037584778e+01,3.563823574874838584e+01,3.684029625464118141e+01,3.817721389034065993e+01,3.964116569896851416e+01,4.122099349199493190e+01,4.290209114815181124e+01,4.466639770187481417e+01,4.649251119624648965e+01,4.835593370373592137e+01,5.022945217391539074e+01,5.208365311083522897e+01,5.388756186803763626e+01,5.560939000553668166e+01,5.721736715733405987e+01,5.868062770060507205e+01,5.997011766456441961e+01,6.105948417103135739e+01,6.192590856362711804e+01,6.255084543352187865e+01,6.292063301319637958e+01,6.302694575530119891e+01,6.286706705865003642e+01,6.244396863050957336e+01,6.176619236164266624e+01,6.084754025014277090e+01,5.970658723305105298e+01,5.836604018790477255e+01,5.685197333670704722e+01,5.519297541759022607e+01,5.341924701663859310e+01,5.156168725910104911e+01,4.965100768724826708e+01,4.771690779000286398e+01,4.578734161149600368e+01,4.388789856154507163e+01,4.204131444941855023e+01,4.026712135218034661e+01,3.858143768209414759e+01,3.699689315512021892e+01,3.552267762848584454e+01,3.416469821872667012e+01,3.292582587795699567e+01,3.180621073779342822e+01,3.080364497513024702e+01,2.991395258009493219e+01,2.913138702210331488e+01,2.844902018457034742e+01,2.785910882529222832e+01,2.735342797374960355e+01,2.692356387451516397e+01,2.656116213619609923e+01,2.625812949738931223e+01,2.600678996905386953e+01,2.579999799486733991e+01,2.563121266653875452e+01,2.549453795331812245e+01,2.538473439477104421e+01,2.529720782295119008e+01,2.522798049512900675e+01,2.517364960587210732e+01,2.513133758016751429e+01
3.670333161422837520e+01,3.712487167612431449e+01,3.750252564267675837e+01,3.783133891370918889e+01,3.810692304031659461e+01,3.832555770861141298e+01,3.848428050455351723e+01,3.858096201081129095e+01,3.861436431334252006e+01,3.858418161620234343e+01,3.849106235191106862e+01,3.833661290062264015e+01,3.812338375969670778e+01,3.785483969913408231e+01,3.753531605992444753e+01,3.716996386475817360e+01,3.676468677941508645e+01,3.632607315844303031e+01,3.586132640656583703e+01,3.537819667156854564e+01,3.488491644871547237e+01,3.439014202571331680e+01,3.390290184800996087e+01,3.343255186756484676e+01,3.298873679908727041e+01,3.258135500523287931e+01,3.222052353882491360e+01,3.191653876973348503e+01,3.167982710888921360e+01,3.152087970830279318e+01,3.145016475843994286e+01,3.147801120867866942e+01,3.161445847203990311e+01,3.186906798606188929e+01,3.225069439837571394e+01,3.276721659832669786e+01,3.342523174875760361e+01,3.422971875973855305e+01,3.518368111541543897e+01,3.628778240015294898e+01,3.753999102158391565e+01,3.893525322823823842e+01,4.046521530023854041e+01,4.211801650676080300e+01,4.387817387181011952e+01,4.572657783578011959e+01,4.764061449677269877e+01,4.959442531728067394e+01,5.155930915302558049e+01,5.350426447505211058e+01,5.539666208589228802e+01,5.720303092665155731e+01,5.888993223493078233e+01,6.042489085831952877e+01,6.177734744362963681e+01,6.291959193045639154e+01,6.382763759728668163e+01,6.448199602238105399e+01,6.486831675711351863e+01,6.497786112869880526e+01,6.480778709493336009e+01,6.436123102743660240e+01,6.364718215378476884e+01,6.268015552582284045e+01,6.147967916240493480e+01,6.006961982813161427e+01,5.847737921739448552e+01,5.673299769099240564e+01,5.486820588008673383e+01,5.291546530940405546e+01,5.090703774268427395e+01,4.887411941680403515e+01,4.684607103697112507e+01,4.484976778403733277e+01,4.290908612829112201e+01,4.104453646524807908e+01,3.927304298285505268e+01,3.760786517788507410e+01,3.605864942292249964e+01,3.463159420533977340e+01,3.332970926847070814e+01,3.215314692700973609e+01,3.109958324855272593e+01,3.016462745273055290e+01,2.934223957709593122e+01,2.862513895294532773e+01,2.800518906512791517e+01,2.747374768150493551e+01,2.702197449494576986e+01,2.664109172276625515e+01,2.632259599740773481e+01,2.605842234679556668e+01,2.584106303853501174e+01,2.566364552688974854e+01,2.551997470964465364e+01,2.540454521620007355e+01,2.531252957120779357e+01,2.523974788396592928e+01,2.518262428098590533e+01,2.513813470387447424e+01
3.807525784951173620e+01,3.854620752728402522e+01,3.896812362418434361e+01,3.933546943073752544e+01,3.964334021765356653e+01,3.988757697310036576e+01,4.006486642254913733e+01,4.017282457708894583e+01,4.021006164112443315e+01,4.017622680032914673e+01,4.007203217670986106e+01,3.989925604538889559e+01,3.966072621893979289e+01,3.936028527904201724e+01,3.900274003028405900e+01,3.859379812662447051e+01,3.813999523974698747e+01,3.764861636762203290e+01,3.712761489512443802e+01,3.658553279934019997e+01,3.603142493348114073e+01,3.547478963047248612e+01,3.492550695915904413e+01,3.439378487612326296e+01,3.389011229289798166e+01,3.342521678547088015e+01,3.301002338803940717e+01,3.265560972557386066e+01,3.237315174812446372e+01,3.217385363617421490e+01,3.206885515078934645e+01,3.206910989549385249e+01,3.218522871155769849e+01,3.242728379099749247e+01,3.280457107304945197e+01,3.332533105827489806e+01,3.399643124925969317e+01,3.482301687609799501e+01,3.580814020610372950e+01,3.695238234314090420e+01,3.825348473073887590e+01,3.970601030357417471e+01,4.130105610292994811e+01,4.302603992516355902e+01,4.486458299676473871e+01,4.679650862462624161e+01,4.879797320642754244e+01,5.084174096128108289e+01,5.289760742788541137e+01,5.493296946350675114e+01,5.691353155257273500e+01,5.880413017110734586e+01,6.056965027716165650e+01,6.217600124674530093e+01,6.359111426114849763e+01,6.478591971671905014e+01,6.573526200466966429e+01,6.641871018732652487e+01,6.682122670591456881e+01,6.693366214858227181e+01,6.675305197388618694e+01,6.628270046497158319e+01,6.553204750900314934e+01,6.451632440887590292e+01,6.325601517107865135e+01,6.177614893468589230e+01,6.010545684913957842e+01,5.827543232925216898e+01,5.631933692156280813e+01,5.427119488195801011e+01,5.216481803735345579e+01,5.003289879245755856e+01,4.790620359229897218e+01,4.581289221288964342e+01,4.377798044129337995e+01,4.182295555970864598e+01,3.996554608394302477e+01,3.821963988708548499e+01,3.659533854172398293e+01,3.509913071179677502e+01,3.373416387738811295e+01,3.250059162853159478e+01,3.139597315960936896e+01,3.041570228916988228e+01,2.955344510988951612e+01,2.880156798670106610e+01,2.815154079614326221e+01,2.759430376862897205e+01,2.712058981144906866e+01,2.672119754371655276e+01,2.638721329981633801e+01,2.611018293895074294e+01,2.588223636738309352e+01,2.569616921395734721e+01,2.554548711339565159e+01,2.542441859048075159e+01,2.532790266708868643e+01,2.525155711086397048e+01,2.519163279115117859e+01,2.514495898444477717e+01
3.953926643173136313e+01,4.006294182894996680e+01,4.053209054485186158e+01,4.094055463448391663e+01,4.128287835675166662e+01,4.155443444501504047e+01,4.175153505809802823e+01,4.187152433122605544e+01,4.191285009343241796e+01,4.187511308153126777e+01,4.175909282888708418e+01,4.156675030212402078e+01,4.130120825843461319e+01,4.096671115543805541e+01,4.056856721900830109e+01,4.011307591782334470e+01,3.960744456560964011e+01,3.905969803767429482e+01,3.847858561936168087e+01,3.787348878212756631e+01,3.725433320099180889e+01,3.663150759134099133e+01,3.601579097407792318e+01,3.541828881222670589e+01,3.485037715165564975e+01,3.432365251181798271e+01,3.384988389230480976e+01,3.344096198301137690e+01,3.310883959418853806e+01,3.286545656585741426e+01,3.272264207976134998e+01,3.269198747673426908e+01,3.278468345462670896e+01,3.301131693511889864e+01,3.338162495301951083e+01,3.390420560500643177e+01,3.458618931115772455e+01,3.543287725309613023e+01,3.644735766542022048e+01,3.763011443370432119e+01,3.897864591814275315e+01,4.048711478232907979e+01,4.214605156756627480e+01,4.394213554447876646e+01,4.585807577488981224e+01,4.787261318132678412e+01,4.996066069822620648e+01,5.209359332894226213e+01,5.423969333740063803e+01,5.636474816339688942e+01,5.843279037461919501e+01,6.040696055063708769e+01,6.225046598249557661e+01,6.392760102914249387e+01,6.540478943282550972e+01,6.665160532072684418e+01,6.764172835607693912e+01,6.835378974742160096e+01,6.877206960742677211e+01,6.888701232031213806e+01,6.869553480301476611e+01,6.820111234903461650e+01,6.741363752547260901e+01,6.634905867803200863e+01,6.502881528730276273e+01,6.347909704428526823e+01,6.172996148669304972e+01,5.981435089758274160e+01,5.776705260887451487e+01,5.562364774471221551e+01,5.341949183319917438e+01,5.118876682792355837e+01,4.896363827479648734e+01,4.677354410597949652e+01,4.464463337928786757e+01,4.259936476950541362e+01,4.065626629840829764e+01,3.882985014549281289e+01,3.713066980537211492e+01,3.556550163544594767e+01,3.413762913480266548e+01,3.284720616019473027e+01,3.169167465677560358e+01,3.066621320840616960e+01,2.976419457418730374e+01,2.897763310984955609e+01,2.829760629096766777e+01,2.771463817963179466e+01,2.721903635014785294e+01,2.680117729304266305e+01,2.645173847751148344e+01,2.616187794902337060e+01,2.592336450043829643e+01,2.572866305766269690e+01,2.557098098024304278e+01,2.544428154010006082e+01,2.534327097633300241e+01,2.526336531184848155e+01,2.520064264417181121e+01,2.515178597156929996e+01
4.109111750072500513e+01,4.167068203591573194e+01,4.218989708798315519e+01,4.264194615122744381e+01,4.302078933938640404e+01,4.332130293316780012e+01,4.353940190704290103e+01,4.367214200803721269e+01,4.371779867184781665e+01,4.367592090300893659e+01,4.354735918085794566e+01,4.333426744018903776e+01,4.304008016844345264e+01,4.266946661096777405e+01,4.222826493244537005e+01,4.172339989775314706e+01,4.116278816469055357e+01,4.055523558583498556e+01,3.991033096708004990e+01,3.923834050654770778e+01,3.855010663230084589e+01,3.785695417756930681e+01,3.717060580062794628e+01,3.650310731225289373e+01,3.586676217314521864e+01,3.527407293990162884e+01,3.473768595953482219e+01,3.427033424067053602e+01,3.388477227497796918e+01,3.359369575956046106e+01,3.340963879142948656e+01,3.334484126923094038e+01,3.341108002532371302e+01,3.361945867355431972e+01,3.398015330588240346e+01,3.450211396822854937e+01,3.519272520289199235e+01,3.605743271562332097e+01,3.709934720887218873e+01,3.831884036895085899e+01,3.971315161659869375e+01,4.127602721983301848e+01,4.299741541789028076e+01,4.486324203382199016e+01,4.685529043100846991e+01,4.895120744307375560e+01,5.112465302500476128e+01,5.334560590009354542e+01,5.558083060255172825e+01,5.779450335356188617e+01,5.994898558560938540e+01,6.200572516173206594e+01,6.392625699437354569e+01,6.567326743949557510e+01,6.721168108180400225e+01,6.850972481608033604e+01,6.953992282806351000e+01,7.027997739209294537e+01,7.071349435973228026e+01,7.083051865414610404e+01,7.062785366776788010e+01,7.010914868440852388e+01,6.928474968561721425e+01,6.817132045126956541e+01,6.679125199840579796e+01,6.517188842437951735e+01,6.334460551921427651e+01,6.134378460652283849e+01,5.920572764501257268e+01,5.696756053927049379e+01,5.466616992189999991e+01,5.233721460710064832e+01,5.001424685610172105e+01,4.772797102850599771e+01,4.550565868154259874e+01,4.337073030610373792e+01,4.134250521767596354e+01,3.943611315440423937e+01,3.766255428369429836e+01,3.602888887947522534e+01,3.453853407717601698e+01,3.319164289212464070e+01,3.198554003607860707e+01,3.091518982768456425e+01,2.997367343588467037e+01,2.915265554484593835e+01,2.844282398916556431e+01,2.783428968710776985e+01,2.731693802963138040e+01,2.688072653527856204e+01,2.651592687580076912e+01,2.621331218819268116e+01,2.596429284199803789e+01,2.576100550133025280e+01,2.559636142535614667e+01,2.546406053772627587e+01,2.535857793597880061e+01,2.527512929088668159e+01,2.520962109234790205e+01,2.515859101963841837e+01
4.272480198709597232e+01,4.336320268315648718e+01,4.393512394818549893e+01,4.443305594359684108e+01,4.485034377058856592e+01,4.518134098710532953e+01,4.542154431056681574e+01,4.556770571327712105e+01,4.561791889888989715e+01,4.557167807146446137e+01,4.542990793498869095e+01,4.519496494529735031e+01,4.487061092751085312e+01,4.446196121686598701e+01,4.397541042485416085e+01,4.341853972342069312e+01,4.280001012938335236e+01,4.212944661771092569e+01,4.141731796352016914e+01,4.067481698766665943e+01,3.991374535216774433e+01,3.914640622724370189e+01,3.838550705607627833e+01,3.764407331878098972e+01,3.693537270396635108e+01,3.627284751263624685e+01,3.567005153925786942e+01,3.514058620618804696e+01,3.469802948728924719e+01,3.435585026515143170e+01,3.412730034112941979e+01,3.402527646374149839e+01,3.406214554274832551e+01,3.424952772588016359e+01,3.459803424397973970e+01,3.511695983987620195e+01,3.581393309229527944e+01,3.669453187544559114e+01,3.776187534717532657e+01,3.901620797258512141e+01,4.045449486584226406e+01,4.207005084962029429e+01,4.385222776911083997e+01,4.578618546277522228e+01,4.785277114597992920e+01,5.002852964834684713e+01,5.228586290726265418e+01,5.459335142639859839e+01,5.691624325776373894e+01,5.921710778649568852e+01,6.145664263356108137e+01,6.359461287945553210e+01,6.559089314643219382e+01,6.740657546770694353e+01,6.900509989752728757e+01,7.035336097402984024e+01,7.142274181119685750e+01,7.219002898001856749e+01,7.263816547003690971e+01,7.275680573360776293e+01,7.254264575060234677e+01,7.199951168884022934e+01,7.113820242420754880e+01,6.997609319255278137e+01,6.853651921675771064e+01,6.684796856383002250e+01,6.494312210373166749e+01,6.285778476456108876e+01,6.062975597861449728e+01,5.829768815218906042e+01,5.589998022444009962e+01,5.347374914488197817e+01,5.105391578841597067e+01,4.867243395193091260e+01,4.635768222091010671e+01,4.413402926586473995e+01,4.202157411236706253e+01,4.003605464711515083e+01,3.818891050185307279e+01,3.648748080494878110e+01,3.493531328611544495e+01,3.353255891426275781e+01,3.227642557560710657e+01,3.116166509419651831e+01,3.018106992070325134e+01,2.932595878089310659e+01,2.858663417512703830e+01,2.795279855124036317e+01,2.741391995677432547e+01,2.695954177509570115e+01,2.657953457654372187e+01,2.626429103891723216e+01,2.600486723488840113e+01,2.579307532132550307e+01,2.562153381403213004e+01,2.548368224170762630e+01,2.537376711921771388e+01,2.528680595048477286e+01,2.521853545829717191e+01,2.516534953245453465e+01
4.443247198241854790e+01,4.513237324861333377e+01,4.575938744813821302e+01,4.630527997234311499e+01,4.676275300274492253e+01,4.712561362326907499e+01,4.738892124115250226e+01,4.754911014033706351e+01,4.760408384447861607e+01,4.755327897516831825e+01,4.739769741257810409e+01,4.713990675094885319e+01,4.678401023507246492e+01,4.633558850794551631e+01,4.580161653521362553e+01,4.519035994205299289e+01,4.451125565068007006e+01,4.377478209709911994e+01,4.299232439936234584e+01,4.217603962429501507e+01,4.133872674767602717e+01,4.049370503303492796e+01,3.965470339320765447e+01,3.883576189208969964e+01,3.805114495625957716e+01,3.731526418043770121e+01,3.664260692707183864e+01,3.604766535258207227e+01,3.554485916435758952e+01,3.514844445045117993e+01,3.487240045111225584e+01,3.473028626807097652e+01,3.473506032133129651e+01,3.489885691853628913e+01,3.523271660994831223e+01,3.574627002202451820e+01,3.644737849543909647e+01,3.734173893899290420e+01,3.843246462939319485e+01,3.971965796600202481e+01,4.119999511700338246e+01,4.286634573497629219e+01,4.470745314300293671e+01,4.670770129282172434e+01,4.884699412642677885e+01,5.110077056847606514e+01,5.344017418392554930e+01,5.583239062488726745e+01,5.824115856983264905e+01,6.062745126801841167e+01,6.295031650422624381e+01,6.516785335099359600e+01,6.723829509461036480e+01,6.912115983999055402e+01,7.077842411732132177e+01,7.217567084605738614e+01,7.328316164602448168e+01,7.407678494089176979e+01,7.453883560365672167e+01,7.465858887235717134e+01,7.443264054671658414e+01,7.386499652045921493e+01,7.296690683367287988e+01,7.175645188575754219e+01,7.025790044784072563e+01,6.850086990458223113e+01,6.651932808141722830e+01,6.435048255745869028e+01,6.203360718626057491e+01,5.960885650375690403e+01,5.711611685368049507e+01,5.459393865303398741e+01,5.207858766221177405e+01,4.960324494645151105e+01,4.719737602270181043e+01,4.488628010912639610e+01,4.269082104050441728e+01,4.062733282299974746e+01,3.870768541764766013e+01,3.693949048232515509e+01,3.532642265229305423e+01,3.386862955224746941e+01,3.256320303923263282e+01,3.140468500459969192e+01,3.038558316615295851e+01,2.949687536110834785e+01,2.872848458753771439e+01,2.806971112194096207e+01,2.750961217473670928e+01,2.703732348727412571e+01,2.664232082964614179e+01,2.631462239180453366e+01,2.604493549196066127e+01,2.582475282908674785e+01,2.564640469816984947e+01,2.550307422025835180e+01,2.538878279126599224e+01,2.529835271519581852e+01,2.522735345521752848e+01,2.517203720361370145e+01
4.620440926248483038e+01,4.696812554291537367e+01,4.765230591295522089e+01,4.824796368689678161e+01,4.874713388579820617e+01,4.914305648842234575e+01,4.943033704097209835e+01,4.960508005131703158e+01,4.966499152109734894e+01,4.960944806593437306e+01,4.943953129429478111e+01,4.915802740556198103e+01,4.876939326786526863e+01,4.827969148315218462e+01,4.769649807722773005e+01,4.702878740472949914e+01,4.628679957723324634e+01,4.548189615902044380e+01,4.462640999251500773e+01,4.373349479047317345e+01,4.281697955685136492e+01,4.189123198264508119e+01,4.097103373573346374e+01,4.007146907367668831e+01,3.920782652444211180e+01,3.839551159050779461e+01,3.764996664257560610e+01,3.698659250044050140e+01,3.642066478029932597e+01,3.596723705323000786e+01,3.564102233755520643e+01,3.545624455340482939e+01,3.542645239204880880e+01,3.556428965172579382e+01,3.588121847681825471e+01,3.638719506521614733e+01,3.709030117578453201e+01,3.799633900667582509e+01,3.910840149675647126e+01,4.042643454320371177e+01,4.194681170374346380e+01,4.366194531524905642e+01,4.555996026659784093e+01,4.762445759752044694e+01,4.983439440046304014e+01,5.216410401064723601e+01,5.458347612458410936e+01,5.705831036437000847e+01,5.955084911969014172e+01,6.202048660584603823e+01,6.442464145336060710e+01,6.671977037051075854e+01,6.886249113364340246e+01,7.081077501620529802e+01,7.252516238580560071e+01,7.396995111246496890e+01,7.511430603949878559e+01,7.593323929732441968e+01,7.640841571694298295e+01,7.652874484169609559e+01,7.629073065865500780e+01,7.569856161234216074e+01,7.476393602321910237e+01,7.350563092565172951e+01,7.194883475329450562e+01,7.012427545888560587e+01,6.806718488055665262e+01,6.581614692388244237e+01,6.341188106706570693e+01,6.089601366938753557e+01,5.830988763223534477e+01,5.569345638462549175e+01,5.308430136461834081e+01,5.051680369366616929e+01,4.802149121936531628e+01,4.562457218570445860e+01,4.334765710688658658e+01,4.120766153097198981e+01,3.921687473940635016e+01,3.738317336749531705e+01,3.571035464042667940e+01,3.419856145355446131e+01,3.284477081261684361e+01,3.164331801195992000e+01,3.058643110952590050e+01,2.966475344823289007e+01,2.886783584427361049e+01,2.818458428816040495e+01,2.760365328525283957e+01,2.711377904394550953e+01,2.670405040115788609e+01,2.636411851522180072e+01,2.608434887369980260e+01,2.585592103026502642e+01,2.567088271882823847e+01,2.552216564900322737e+01,2.540357044444539980e+01,2.530972793901036155e+01,2.523604349473711039e+01,2.517863024739074262e+01
4.802903675809093897e+01,4.885846559318874682e+01,4.960151192394256725e+01,5.024841460112291713e+01,5.079052161272220189e+01,5.122048891888878330e+01,5.153245463598983633e+01,5.172218358495786106e+01,5.178717822324711051e+01,5.172675316742288487e+01,5.154207183521220514e+01,5.123614513361518163e+01,5.081379352896000512e+01,5.028157518757903688e+01,4.964768410358246342e+01,4.892182316713304147e+01,4.811505791261812703e+01,4.723965717000720588e+01,4.630892698513088135e+01,4.533704395076742344e+01,4.433889349228066123e+01,4.332991768991846016e+01,4.232597592583573487e+01,4.134322006961919271e+01,4.039798413491583062e+01,3.950668644531586438e+01,3.868574045173731690e+01,3.795146857280364117e+01,3.732001192049342819e+01,3.680722766525864387e+01,3.642856522240644779e+01,3.619891252467685661e+01,3.613240447910944653e+01,3.624218734747439896e+01,3.654013524958428150e+01,3.703651822214306577e+01,3.773962516385585531e+01,3.865534938590074887e+01,3.978674912731918312e+01,4.113359999306776160e+01,4.269196049172313678e+01,4.445377533090193367e+01,4.640654351447658854e+01,4.853307925083269936e+01,5.081139296138539407e+01,5.321471709995613963e+01,5.571169699966016964e+01,5.826676063351413148e+01,6.084067323202893363e+01,6.339127351282227352e+01,6.587437833967899792e+01,6.824483253896985957e+01,7.045767102042263730e+01,7.246935195317834655e+01,7.423901317638004116e+01,7.572969982585669868e+01,7.690950974555101993e+01,7.775260485614140293e+01,7.824004130014429848e+01,7.836037868288184427e+01,7.811003868360597835e+01,7.749339513899352028e+01,7.652259067838619444e+01,7.521708830475549235e+01,7.360297912950120747e+01,7.171207898297302563e+01,6.958085613499461886e+01,6.724923932033134122e+01,6.475935931183809657e+01,6.215427826897590791e+01,5.947675907660405414e+01,5.676812214482724528e+01,5.406723010327144152e+01,5.140963206021001497e+01,4.882688925579260797e+01,4.634609369292486036e+01,4.398958132757007888e+01,4.177483222009860242e+01,3.971454216167659723e+01,3.781684403432704045e+01,3.608565273729620060e+01,3.452110497104613529e+01,3.312006443909876197e+01,3.187666392358331535e+01,3.078285794692389032e+01,2.982896303135785843e+01,2.900416656891829348e+01,2.829698968088055366e+01,2.769569386895572549e+01,2.718862547736355495e+01,2.676449578833855725e+01,2.641259781803469764e+01,2.612296348055880912e+01,2.588646671628400853e+01,2.569487945559018272e+01,2.554088796693444507e+01,2.541807730097090001e+01,2.532089128784070908e+01,2.524457497568508302e+01,2.518510561510775858e+01
4.989297676262710013e+01,5.078953394666988430e+01,5.159271449969426016e+01,5.229196610860681460e+01,5.287793490372507677e+01,5.334268020968990953e+01,5.367986259103188473e+01,5.388489978766868660e+01,5.395508621778933644e+01,5.388967300595616905e+01,5.368990691958839534e+01,5.335902810470565782e+01,5.290222803259165119e+01,5.232657052986142787e+01,5.164088009180188266e+01,5.085560280228428098e+01,4.998264603885547785e+01,4.903520367430456872e+01,4.802757365433586756e+01,4.697497460879935716e+01,4.589336753310040251e+01,4.479928756882144825e+01,4.370968955159712266e+01,4.264180933550687769e+01,4.161304102449205544e+01,4.064082824151682871e+01,3.974256556318935907e+01,3.893550437431876077e+01,3.823665579628796962e+01,3.766268216100179700e+01,3.722976787871947835e+01,3.695346060783020192e+01,3.684847447539372922e+01,3.692844877868294873e+01,3.720565813053450199e+01,3.769067334695545668e+01,3.839197640077874496e+01,3.931553729875942338e+01,4.046436553407381354e+01,4.183805351669776940e+01,4.343233374218688425e+01,4.523867505364150077e+01,4.724394581368271417e+01,4.943017279718770851e+01,5.177442386926430373e+01,5.424883984861922670e+01,5.682083631679752500e+01,5.945348960143856232e+01,6.210611296907964629e+01,6.473501959004909168e+01,6.729445859694287435e+01,6.973770016567982566e+01,7.201823568529987085e+01,7.409105044633159309e+01,7.591391952614830529e+01,7.744867324857810331e+01,7.866237716598172369e+01,7.952837319235749192e+01,8.002713333110096983e+01,8.014688519350957563e+01,7.988397878185475065e+01,7.924297621311842477e+01,7.823645943971332883e+01,7.688456474488270942e+01,7.521426598976538003e+01,7.325844044274460032e+01,7.105476080830793251e+01,6.864446422641202616e+01,6.607105316356256708e+01,6.337898411035782686e+01,6.061239790552915707e+01,5.781394059914860861e+01,5.502371649993249747e+01,5.227840600901025425e+01,4.961057069243933881e+01,4.704815748128665120e+01,4.461420357920477642e+01,4.232673419795871439e+01,4.019883711597565679e+01,3.823889161321034180e+01,3.645092477995520142e+01,3.483506558416664234e+01,3.338806633426022330e+01,3.210386210273837548e+01,3.097414100637722356e+01,2.998890164290473237e+01,2.913697811074307964e+01,2.840651754097106974e+01,2.778539963133576052e+01,2.726159201960899026e+01,2.682343925461765011e+01,2.645988646792992682e+01,2.616064153029271111e+01,2.591628146495512297e+01,2.571831020450091643e+01,2.555917547665935885e+01,2.543225277258650863e+01,2.533180408881026935e+01,2.525291854750266651e+01,2.519144119226184841e+01
5.178115841521545804e+01,5.274571702428864484e+01,5.360981391658353346e+01,5.436209532080695794e+01,5.499249637222838061e+01,5.549247198395179481e+01,5.585519893047546702e+01,5.607574331306182103e+01,5.615118873753141315e+01,5.608072190922801070e+01,5.586567387997402534e+01,5.550951680077832151e+01,5.501781766765078885e+01,5.439815211800928552e+01,5.365998276334281769e+01,5.281450775481448545e+01,5.187448620405788802e+01,5.085404766369874352e+01,4.976849306699121911e+01,4.863409430594316518e+01,4.746789898417395648e+01,4.628754582750772784e+01,4.511109480764109492e+01,4.395687429122304479e+01,4.284334555064699401e+01,4.178898286807750395e+01,4.081216535451002159e+01,3.993107463032256277e+01,3.916359082212361642e+01,3.852717807471285738e+01,3.803875010237491949e+01,3.771450633958548337e+01,3.756973009852573853e+01,3.761854186072171302e+01,3.787360343271043206e+01,3.834577213022261333e+01,3.904370830379683355e+01,3.997344419260468840e+01,4.113792703641058068e+01,4.253655427256997257e+01,4.416472313598497124e+01,4.601342068201529401e+01,4.806888278597135411e+01,5.031235169246490102e+01,5.271996091422757047e+01,5.526277353105444234e+01,5.790699515771312633e+01,6.061437612162093558e+01,6.334280895749627405e+01,6.604711757933318950e+01,6.868002395814568217e+01,7.119326745203861151e+01,7.353884180417809091e+01,7.567030596062400605e+01,7.754411794016769477e+01,7.912093659243524257e+01,8.036683464073685457e+01,8.125436816460239697e+01,8.176345265766818216e+01,8.188200379473477142e+01,8.160631163190991799e+01,8.094112952674748840e+01,7.989947283263518329e+01,7.850213653261192803e+01,7.677695454488369364e+01,7.475783560942353745e+01,7.248362071154829778e+01,6.999681433385421769e+01,6.734224607273199581e+01,6.456572015398155884e+01,6.171270820560071968e+01,5.882713557926836501e+01,5.595030402135404302e+01,5.311998418218327345e+01,5.036970100518926330e+01,4.772822416922650746e+01,4.521926515423719195e+01,4.286137277382736954e+01,4.066801066589881941e+01,3.864779361303936867e+01,3.680485488550488071e+01,3.513931411885126010e+01,3.364781447577618678e+01,3.232409880238805755e+01,3.115959689086491124e+01,3.014399946578251388e+01,2.926579875888222304e+01,2.851278017044592872e+01,2.787245420796668327e+01,2.733242236555816618e+01,2.688067464136301865e+01,2.650581983098647143e+01,2.619725249313135862e+01,2.594526252881996697e+01,2.574109466795645318e+01,2.557696587607623329e+01,2.544604886717039705e+01,2.534242963881675692e+01,2.526104634259538173e+01,2.519761597213155824e+01
5.367697553453938752e+01,5.470981063808208233e+01,5.563507031719080942e+01,5.644059610680471906e+01,5.711560927663923337e+01,5.765095788664236665e+01,5.803933296313844181e+01,5.827544753736977157e+01,5.835617352837171978e+01,5.828063292027153608e+01,5.805024131920706054e+01,5.766870370554254066e+01,5.714196394377560040e+01,5.647811129227530103e+01,5.568724868425866248e+01,5.478132885030690602e+01,5.377396534883736479e+01,5.268022620310385662e+01,5.151641806500234111e+01,5.029986860848944019e+01,4.904871419045508674e+01,4.778169871858058571e+01,4.651798817209905934e+01,4.527700339502231941e+01,4.407827170910633185e+01,4.294129568521414342e+01,4.188543519652540681e+01,4.092979680084454230e+01,4.009312271768736480e+01,3.939367033687913988e+01,3.884907247017480358e+01,3.847616856934836704e+01,3.829079798731590500e+01,3.830754811566237805e+01,3.853945290194518236e+01,3.899764078004862000e+01,3.969093531372057271e+01,4.062541666200234403e+01,4.180395706073379358e+01,4.322574855113542469e+01,4.488584580384979006e+01,4.677475069062576551e+01,4.887806785598312587e+01,5.117626158308213746e+01,5.364454344554333431e+01,5.625291740444861688e+01,5.896640408962430513e+01,6.174545908724402210e+01,6.454659139063431894e+01,6.732317816227018170e+01,7.002646114585597559e+01,7.260669911085426520e+01,7.501444032759366110e+01,7.720186999426186958e+01,7.912418046104998837e+01,8.074090761545741657e+01,8.201717534799887233e+01,8.292479185565468924e+01,8.344314668382877187e+01,8.355986564400754446e+01,8.327119163526143097e+01,8.258207230652287478e+01,8.150594963364031287e+01,8.006426096693780892e+01,7.828567502104021969e+01,7.620509876159036367e+01,7.386250143441577620e+01,7.130160948766965134e+01,6.856853046860183554e+01,6.571036497567024526e+01,6.277386348892102319e+01,5.980417968036407217e+01,5.684376410061385343e+01,5.393143256748425785e+01,5.110163285116480125e+01,4.838392209141325395e+01,4.580265649902209901e+01,4.337688491327671869e+01,4.112042921934768458e+01,3.904212784196036523e+01,3.714621373660934012e+01,3.543279555543642090e+01,3.389840988925778476e+01,3.253661347949862659e+01,3.133858676427473000e+01,3.029372372506091082e+01,2.939018736341794025e+01,2.861541489554671358e+01,2.795656157074345316e+01,2.740087661204974978e+01,2.693600891871446379e+01,2.655024370245245890e+01,2.623267406105479438e+01,2.597331359260623884e+01,2.576315754205399244e+01,2.559420071028538857e+01,2.545942053372719727e+01,2.535273346583822018e+01,2.526893217269370595e+01,2.520361020216440906e+01
5.556249424736910214e+01,5.666323509642330691e+01,5.764932551272055861e+01,5.850780672509455371e+01,5.922719003528574433e+01,5.979771996964861103e+01,6.021160447087525824e+01,6.046320544570772881e+01,6.054918430345149716e+01,6.046859868166225027e+01,6.022294829482507339e+01,5.981616968312064131e+01,5.925458149745379899e+01,5.854678374553802200e+01,5.770351605350202817e+01,5.673748138367047034e+01,5.566314271539022940e+01,5.449650087756097605e+01,5.325486197006055278e+01,5.195660259657906010e+01,5.062094044512615199e+01,4.926771660996308810e+01,4.791719449034229683e+01,4.658987819324337920e+01,4.530635120053702991e+01,4.408713375056778006e+01,4.295255506559009007e+01,4.192263438158353495e+01,4.101696286748759235e+01,4.025457712068300253e+01,3.965381415088027950e+01,3.923213775306849982e+01,3.900592702867589168e+01,3.899021960631058192e+01,3.919840484821772719e+01,3.964186594992827395e+01,4.032957422080079368e+01,4.126764377033798326e+01,4.245886004604176378e+01,4.390220083786674365e+01,4.559237310072870741e+01,4.751939284524828366e+01,4.966823800791953403e+01,5.201860527207202267e+01,5.454480097801356209e+01,5.721579334568529873e+01,5.999544817873120195e+01,6.284296311990985373e+01,6.571350664113728612e+01,6.855905769317999443e+01,7.132943086837667579e+01,7.397346071437377191e+01,7.644030821532140862e+01,7.868084318194578941e+01,8.064904907262447864e+01,8.230339221088696888e+01,8.360809592101446697e+01,8.453426202264867584e+01,8.506078742811553184e+01,8.517503205277785128e+01,8.487320542806665458e+01,8.416045264533084946e+01,8.305063474670816959e+01,8.156581351162955684e+01,7.973546483233279503e+01,7.759545764140963797e+01,7.518684587326640667e+01,7.255452860279638116e+01,6.974583791319480497e+01,6.680911504050610006e+01,6.379233300394373174e+01,6.074181856019133363e+01,5.770111840857475727e+01,5.471004475691352553e+01,5.180392435692439790e+01,4.901306368316890882e+01,4.636243178143615751e+01,4.387155209225235808e+01,4.155458578458286922e+01,3.942058218922942814e+01,3.747386701762563632e+01,3.571453624884038902e+01,3.413902278066304774e+01,3.274070396381527814e+01,3.151052067466507722e+01,3.043758227633141900e+01,2.950973629090114869e+01,2.871408648229640903e+01,2.803744798688400408e+01,2.746673283432624757e+01,2.698926344431802349e+01,2.659301530396397339e+01,2.626679293164262674e+01,2.600034538451372512e+01,2.578442898953431239e+01,2.561082573458717704e+01,2.547232593877040330e+01,2.536268353767149719e+01,2.527655168522302986e+01,2.520940550015715687e+01
5.741870811472873015e+01,5.858629951729519547e+01,5.963227552554497635e+01,6.054288952906247800e+01,6.130595393214251487e+01,6.191111915300724178e+01,6.235011761468037150e+01,6.261696562420653578e+01,6.270811743306220620e+01,6.262256742501956097e+01,6.236189821977438186e+01,6.193027443086110395e+01,6.133438378592515505e+01,6.058332921305897401e+01,5.968847722526568589e+01,5.866326940708778892e+01,5.752300494256405017e+01,5.628460285426885434e+01,5.496635289816205017e+01,5.358766384720354381e+01,5.216881718977676030e+01,5.073073308341909637e+01,4.929475378291512300e+01,4.788244777394513108e+01,4.651543558484203800e+01,4.521523583963652015e+01,4.400312769674315660e+01,4.290002354710687626e+01,4.192634389113819537e+01,4.110188484479172644e+01,4.044566790291252545e+01,3.997576155404296827e+01,3.970906520471238110e+01,3.966104769755892079e+01,3.984543550449564009e+01,4.027384938482666143e+01,4.095539278637166092e+01,4.189620032679967920e+01,4.309896004111875811e+01,4.456242837498145093e+01,4.628096175081996932e+01,4.824409251999473724e+01,5.043617982975239045e+01,5.283616700785955089e+01,5.541747620233222449e+01,5.814806801702835770e+01,6.099068869930452763e+01,6.390332016252450842e+01,6.683983902872861904e+01,6.975088038252326328e+01,7.258489060855808361e+01,7.528934222740311100e+01,7.781207280264462156e+01,8.010270053462278383e+01,8.211406180736324245e+01,8.380361133350834280e+01,8.513472410557480430e+01,8.607784036368090597e+01,8.661140024839897933e+01,8.672252349546251082e+01,8.640740098345841602e+01,8.567137849666838179e+01,8.452872788438523344e+01,8.300211595976631429e+01,8.112179603337719414e+01,7.892456001296258705e+01,7.645249973035032554e+01,7.375163396056910869e+01,7.087046207520421603e+01,6.785850626001450792e+01,6.476490180826365872e+01,6.163708948621304984e+01,5.851965585960333271e+01,5.545335741917945427e+01,5.247435308752645255e+01,4.961365799503657570e+01,4.689682001593644856e+01,4.434381011056273536e+01,4.196910855987849231e+01,3.978196208548648372e+01,3.778678184378627947e+01,3.598364942615931739e+01,3.436889720073539678e+01,3.293573038456153768e+01,3.167486083407636954e+01,3.057512632372995043e+01,2.962407365910103962e+01,2.880848895940211207e+01,2.811486349410079910e+01,2.752978827030146647e+01,2.704027490644659082e+01,2.663400402857627469e+01,2.629950539185341540e+01,2.602627612990998784e+01,2.580484498947998162e+01,2.562679118178449755e+01,2.548472666893074390e+01,2.537225041420267146e+01,2.528388247676075196e+01,2.521498493805760788e+01
5.922583667527973716e+01,6.045851112224707435e+01,6.156278951289738899e+01,6.252415827261535242e+01,6.332974944384405092e+01,6.396863511673202396e+01,6.443208485765154592e+01,6.471377862401195102e+01,6.480996912515365693e+01,6.471958933186618879e+01,6.444430277889895819e+01,6.398849636096529281e+01,6.335921739967410815e+01,6.256605875846931752e+01,6.162099760689749672e+01,6.053819499083084565e+01,5.933376456730486836e+01,5.802551964060332068e+01,5.663270793687139815e+01,5.517574334561632554e+01,5.367594312959435854e+01,5.215527787746056276e+01,5.063613979123191200e+01,4.914113283592258341e+01,4.769288593158287881e+01,4.631388786347206121e+01,4.502634007102884084e+01,4.385202111419673798e+01,4.281215457999386587e+01,4.192727065782712259e+01,4.121705074485569043e+01,4.070014438793627676e+01,4.039394873818670106e+01,4.031434255353990181e+01,4.047536964096244105e+01,4.088887042180147091e+01,4.156406489401909710e+01,4.250709543906114618e+01,4.372054338957907760e+01,4.520293868365050116e+01,4.694828688072426814e+01,4.894564188002665617e+01,5.117875544556775935e+01,5.362583572501600315e+01,5.625944604955754613e+01,5.904657222445893439e+01,6.194888120961161349e+01,6.492318664925983285e+01,6.792212741291007205e+01,7.089505459322164427e+01,7.378911085715887452e+01,7.655047436446223230e+01,7.912572842267712758e+01,8.146330842477640033e+01,8.351497015121208278e+01,8.523721884225896872e+01,8.659263702373667115e+01,8.755105115498453472e+01,8.809048277822228101e+01,8.819783874871029639e+01,8.786930684050477680e+01,8.711043686810413078e+01,8.593590259361829453e+01,8.436895515773399268e+01,8.244059360973787420e+01,8.018849139399216597e+01,7.765572857195834899e+01,7.488938749153990670e+01,7.193907415124434124e+01,6.885542848267404281e+01,6.568868427717670500e+01,6.248733382916486789e+01,5.929694407484361562e+01,5.615916073416491372e+01,5.311092546903067557e+01,5.018391913374067315e+01,4.740423256495765258e+01,4.479225570507806253e+01,4.236276671706156804e+01,4.012519552018160596e+01,3.808403107902068285e+01,3.623933887249011576e+01,3.458735416589230738e+01,3.312111779153107705e+01,3.183112380191623458e+01,3.070595222380243072e+01,2.973286481503304657e+01,2.889834681925154314e+01,2.818858286833067339e+01,2.758986009375480464e+01,2.708889593650503969e+01,2.667309192179922661e+01,2.633071769251838035e+01,2.605103184030473074e+01,2.582434755829958206e+01,2.564205192963103386e+01,2.549658785665670635e+01,2.538140734086957195e+01,2.529090416184962109e+01,2.522033309211965246e+01
6.096366157457694612e+01,6.225892346970625368e+01,6.341926884229379624e+01,6.442944662281995249e+01,6.527593465770294756e+01,6.594724898426264303e+01,6.643421418710451576e+01,6.673018693177004934e+01,6.683122631512533474e+01,6.673620650055357828e+01,6.644686914368401176e+01,6.596781527224356978e+01,6.530643846364799288e+01,6.447280326341848422e+01,6.347947470373210876e+01,6.234130641661610639e+01,6.107519610243149089e+01,5.969981793760621258e+01,5.823534183074085746e+01,5.670314922993394191e+01,5.512555443813954525e+01,5.352553912643386980e+01,5.192650599454407256e+01,5.035205538999385766e+01,4.882578626581403114e+01,4.737112026185331359e+01,4.601114508841532569e+01,4.476847094228794788e+01,4.366509157314031597e+01,4.272224002265268439e+01,4.196022814990275407e+01,4.139825898308639296e+01,4.105420181356902276e+01,4.094432183973951567e+01,4.108295908125221274e+01,4.148215515473451376e+01,4.215123118839045446e+01,4.309632543420845252e+01,4.431990471601231718e+01,4.582026936742717993e+01,4.759107635630283539e+01,4.962090942828933748e+01,5.189292790612708473e+01,5.438462686815854852e+01,5.706774049220412337e+01,5.990831719354516594e+01,6.286698975377489518e+01,6.589945603854617673e+01,6.895717641683071975e+01,7.198828307070519372e+01,7.493868462117387708e+01,7.775333760679546913e+01,8.037764512251965243e+01,8.275893315427526886e+01,8.484794758005318727e+01,8.660031008916482165e+01,8.797786986885338933e+01,8.894989007851418705e+01,8.949401388952674097e+01,8.959696397144574576e+01,8.925494126691843633e+01,8.847370301879445265e+01,8.726831543060170304e+01,8.566259209379254003e+01,8.368824441374979983e+01,8.138378377266832331e+01,7.879322626264362839e+01,7.596465886876342211e+01,7.294873056673819178e+01,6.979713275925607263e+01,6.656113089954760653e+01,6.329020336522626877e+01,6.003083517622252430e+01,5.682550367373788447e+01,5.371188155989796087e+01,5.072227053589116963e+01,4.788326693350493457e+01,4.521564988948273367e+01,4.273447331514644532e+01,4.044933556103333672e+01,3.836479549522051258e+01,3.648090076494077749e+01,3.479379320191172553e+01,3.329635744255367769e+01,3.197888154881277245e+01,3.082970235634410727e+01,2.983581304100815501e+01,2.898341558479218349e+01,2.825840607435115004e+01,2.764678576887411765e+01,2.713499538504851927e+01,2.671017389414101473e+01,2.636034621014898960e+01,2.607454643506474312e+01,2.584288484012976639e+01,2.565656756707129205e+01,2.550787822804252514e+01,2.539013028264213290e+01,2.529759839670655097e+01,2.522543605910505349e+01
6.261189280886475217e+01,6.396651588726743398e+01,6.518003833731405905e+01,6.623650968841944575e+01,6.712178741388578374e+01,6.782386029142907091e+01,6.833313102885674084e+01,6.864264987853667321e+01,6.874829257641928848e+01,6.864887785130399322e+01,6.834622187850584396e+01,6.784512930626794969e+01,6.715332276089411323e+01,6.628131493049963296e+01,6.524222933047664696e+01,6.405157756445350969e+01,6.272700222114507085e+01,6.128799541349272317e+01,5.975560331461483798e+01,5.815212684108507801e+01,5.650082786969944948e+01,5.482564906919375858e+01,5.315095363283866448e+01,5.150128899072110755e+01,4.990117606985593568e+01,4.837492299056094680e+01,4.694645939592832917e+01,4.563918508198604229e+01,4.447582441330429504e+01,4.347827635699579218e+01,4.266744902161637754e+01,4.206306749808710777e+01,4.168344468325356189e+01,4.154520668966758024e+01,4.166296741254490144e+01,4.204895076953506816e+01,4.271256390500815314e+01,4.365993003118944671e+01,4.489339525991341873e+01,4.641102939116805715e+01,4.820614575006683822e+01,5.026686936145452478e+01,5.257578558788948442e+01,5.510970244189078215e+01,5.783955880599794597e+01,6.073050755742605133e+01,6.374219704493810923e+01,6.682926661636365395e+01,6.994206223338971995e+01,7.302756709422007475e+01,7.603053022453929088e+01,7.889476392062979926e+01,8.156456953338536664e+01,8.398624117904370223e+01,8.610958931216291035e+01,8.788942134558703856e+01,8.928691512656455131e+01,9.027082333577780560e+01,9.081845277676032424e+01,9.091637181821802471e+01,9.056081144432309316e+01,8.975773974521983689e+01,8.852260536353628595e+01,8.687976142446726158e+01,8.486159681317788284e+01,8.250741537102652501e+01,7.986211483152835910e+01,7.697472546217288425e+01,7.389687300201751441e+01,7.068123142389583791e+01,6.738002839761932705e+01,6.404366041957305811e+01,6.071946594050080392e+01,5.745069415513540889e+01,5.427569519477702897e+01,5.122734509549358961e+01,4.833270687585281422e+01,4.561291803758052765e+01,4.308328535935828540e+01,4.075356038928392621e+01,3.862836378533310722e+01,3.670772366595956981e+01,3.498769232040245925e+01,3.346100676627008852e+01,3.211776140890327014e+01,3.094606506928829859e+01,2.993265949495752665e+01,2.906348174779130034e+01,2.832415820408928653e+01,2.770042299032191835e+01,2.717845826491635464e+01,2.674515766824734442e+01,2.638831739868520643e+01,2.609676169808789226e+01,2.586041106851502036e+01,2.567030236081956573e+01,2.551857007406080413e+01,2.539839789956668170e+01,2.530394885867709220e+01,2.523028143921747812e+01
6.415055616126014115e+01,6.556059485952182797e+01,6.682376016251512851e+01,6.792344878250267470e+01,6.884493918018712577e+01,6.957572808306767342e+01,7.010582457535114997e+01,7.042799313584158938e+01,7.053793867625928726e+01,7.043442861823376688e+01,7.011934926033794113e+01,6.959769603050477826e+01,6.887749958770820058e+01,6.796969201863389287e+01,6.688791945915224346e+01,6.564830925119075289e+01,6.426920112828240406e+01,6.277085282849611758e+01,6.117513090258949404e+01,5.950519728295896726e+01,5.778520139720024673e+01,5.603998626996639132e+01,5.429481520992881372e+01,5.257512340725347144e+01,5.090629618287510993e+01,4.931347287284427239e+01,4.782137256099733236e+01,4.645413527028823353e+01,4.523516997609306145e+01,4.418699910263499930e+01,4.333108818437470688e+01,4.268764927218602168e+01,4.227540755676600526e+01,4.211132263579607127e+01,4.221025887050144831e+01,4.258460329154425494e+01,4.324383437340119940e+01,4.419405046807995063e+01,4.543747246280533147e+01,4.697194092496420126e+01,4.879043319568008741e+01,5.088063014268295348e+01,5.322456514413750028e+01,5.579838895249235975e+01,5.857228306711267862e+01,6.151055092884644893e+01,6.457191058772087899e+01,6.771000460362978401e+01,7.087413311374760383e+01,7.401020470722676237e+01,7.706188760863554421e+01,7.997193142622471385e+01,8.268361817944422398e+01,8.514229130409597701e+01,8.729690361305570434e+01,8.910152041952309787e+01,9.051671268776496504e+01,9.151077742154240013e+01,9.206072853933729050e+01,9.215301096229320876e+01,9.178390304850621817e+01,9.095958712047544736e+01,8.969588375883475351e+01,8.801766178217992831e+01,8.595795138206509023e+01,8.355680176878550469e+01,8.085993606752869312e+01,7.791726443311102912e+01,7.478132100434851282e+01,7.150569123296651242e+01,6.814349339416530427e+01,6.474597205624787932e+01,6.136125250025830979e+01,5.803329423635067741e+01,5.480106965338715241e+01,5.169798128210389621e+01,4.875151893626062360e+01,4.598314681813647553e+01,4.340840110064358726e+01,4.103717093401829885e+01,3.887413050277066873e+01,3.691928673872127575e+01,3.516860648204434625e+01,3.361468804640050223e+01,3.224744495983873804e+01,3.105477373085640380e+01,3.002318241294781487e+01,2.913836210180138053e+01,2.838568892199536364e+01,2.775064922481833918e+01,2.721918537460565446e+01,2.677796347134032828e+01,2.641456753986154382e+01,2.611762707642688142e+01,2.587688640496219605e+01,2.568322512673137226e+01,2.552863914872112971e+01,2.540619146664093009e+01,2.530994118359550527e+01,2.523485828744433590e+01
6.556039172039669438e+01,6.702120689744012338e+01,6.832985954738845180e+01,6.946914833539248946e+01,7.042382133769835661e+01,7.118092462714361091e+01,7.173010688097124898e+01,7.206387106960676192e+01,7.217776601960432004e+01,7.207051269921032599e+01,7.174406236558417049e+01,7.120358613879548670e+01,7.045739801933987678e+01,6.951681572802633013e+01,6.839596590492901385e+01,6.711154204867835915e+01,6.568252501091981799e+01,6.412987680177798211e+01,6.247621884998880404e+01,6.074550566014787023e+01,5.896270401132697714e+01,5.715348646836736179e+01,5.534394608305647978e+01,5.356033683218089436e+01,5.182884168840816130e+01,5.017536739096288301e+01,4.862536214236976662e+01,4.720364978873105599e+01,4.593427173719454970e+01,4.484032611835201010e+01,4.394379269454712755e+01,4.326533190424051156e+01,4.282404733629130789e+01,4.263720291301651599e+01,4.271988912937835181e+01,4.308463677489771726e+01,4.374098150050848943e+01,4.469498814678750875e+01,4.594874960618357562e+01,4.749988076607392884e+01,4.934103333938287506e+01,5.145946168043379032e+01,5.383667256061052342e+01,5.644819294183240999e+01,5.926348871940748353e+01,6.224606401179847381e+01,6.535376480446453229e+01,6.853930272988193906e+01,7.175100478762476541e+01,7.493378335357704145e+01,7.803030852727496836e+01,8.098235247156934236e+01,8.373226373000005651e+01,8.622451939626670026e+01,8.840729523506260534e+01,9.023398907393875845e+01,9.166463148408818995e+01,9.266712020176862552e+01,9.321822091422052381e+01,9.330428668164810801e+01,9.292166087357709614e+01,9.207674332660542404e+01,9.078571557611464016e+01,8.907393747109713900e+01,8.697504321869834598e+01,8.452977894728218189e+01,8.178463537545715667e+01,7.879033747116609732e+01,7.560025765673968579e+01,7.226882000036087561e+01,6.884996003287699295e+01,6.539569868753390836e+01,6.195487993270907623e+01,5.857211066292208557e+01,5.528692913350839433e+01,5.213321549963039558e+01,4.913884564628396845e+01,4.632557817815910539e+01,4.370915474874800566e+01,4.129958625671923045e+01,3.910159205833348040e+01,3.711515629771088243e+01,3.533616464354575726e+01,3.375708591005073345e+01,3.236766590033727908e+01,3.115560494767289867e+01,3.010719562292094409e+01,2.920790251052650177e+01,2.844287145104116732e+01,2.779736088173908826e+01,2.725709262427221091e+01,2.680852349106693211e+01,2.643904230674648659e+01,2.613709933248659212e+01,2.589227666359266422e+01,2.569530901323792449e+01,2.553806449984927340e+01,2.541349474245107842e+01,2.531556286447670345e+01,2.523915703593823423e+01
6.682325251219184281e+01,6.832955152496589335e+01,6.967895063119547672e+01,7.085371293161367134e+01,7.183811159324844198e+01,7.261878925779545568e+01,7.318507208785720763e+01,7.352922922555231366e+01,7.364667022496972493e+01,7.353607513734387169e+01,7.319945428769905504e+01,7.264213728116489222e+01,7.187269330295964664e+01,7.090278720971340931e+01,6.974697813327354368e+01,6.842246921934599868e+01,6.694881860183187428e+01,6.534762268592004375e+01,6.364218321683607371e+01,6.185716941014214143e+01,6.001828560588859318e+01,5.815195350601376845e+01,5.628501611761723922e+01,5.444446814173842597e+01,5.265721483655589452e+01,5.094985849206028661e+01,4.934850875045199814e+01,4.787861028041488964e+01,4.656477896100182079e+01,4.543063594851258813e+01,4.449862797153772931e+01,4.378982208402852905e+01,4.332366402335681244e+01,4.311769133632225248e+01,4.318719555159612611e+01,4.354483181661826308e+01,4.420017942208824024e+01,4.515926226514172015e+01,4.642404423068445851e+01,4.799192030907259721e+01,4.985522957893562079e+01,5.200082050611790407e+01,5.440970189369795662e+01,5.705681386106103048e+01,5.991095211409123067e+01,6.293487529645177148e+01,6.608561933750789308e+01,6.931503456213161485e+01,7.257055120964965056e+01,7.579616740840910438e+01,7.893364120951704876e+01,8.192385575854933677e+01,8.470831490764845739e+01,8.723071638267904859e+01,8.943854180583780078e+01,9.128459809742308551e+01,9.272844352543347668e+01,9.373763419490060755e+01,9.428873306899431839e+01,9.436803342145046258e+01,9.397196140920796381e+01,9.310713747760129877e+01,9.179009265143777441e+01,9.004665240649455882e+01,8.791101671649319371e+01,8.542457904520887269e+01,8.263453864669784821e+01,7.959236888590558578e+01,7.635220897267214468e+01,7.296924735326859945e+01,6.949816213014375421e+01,6.599167763485141336e+01,6.249928722265045877e+01,5.906618120768615654e+01,5.573240642635809650e+01,5.253227104264219349e+01,4.949399569631736995e+01,4.663960065547791345e+01,4.398500884555886614e+01,4.154033690132419565e+01,3.931034096124805899e+01,3.729498085519249884e+01,3.549006552578104845e+01,3.388794373687628791e+01,3.247820702391103964e+01,3.124837603156054655e+01,3.018454643857389286e+01,2.927197616862996199e+01,2.849560114624349794e+01,2.784047215103811368e+01,2.729211009544489386e+01,2.683678111981585346e+01,2.646169616052243967e+01,2.615514206575879896e+01,2.590655293450798879e+01,2.570653120674809244e+01,2.554682824021148235e+01,2.542029379255561850e+01,2.532080311614599921e+01,2.524316939095962198e+01
6.792249179723856400e+01,6.946838252309618156e+01,7.085325019971162419e+01,7.205889192057080095e+01,7.306916769902042574e+01,7.387036931433067366e+01,7.445154259468901614e+01,7.480475366497009304e+01,7.492529151971061196e+01,7.481180145317227925e+01,7.446634629843399011e+01,7.389439499058771332e+01,7.310474055917438818e+01,7.210935215057338610e+01,7.092316796114187127e+01,6.956383791176685349e+01,6.805142641137743453e+01,6.640808655546268824e+01,6.465771752249887072e+01,6.282561672941527320e+01,6.093813747932495062e+01,5.902236140496503225e+01,5.710579303679426033e+01,5.521608139548005312e+01,5.338077074598528782e+01,5.162707970452079564e+01,4.998170493401626402e+01,4.847064288969507118e+01,4.711902068419611567e+01,4.595092533083565911e+01,4.498921958050782166e+01,4.425533245268589155e+01,4.376901349411315323e+01,4.354804184601571393e+01,4.360788436101553600e+01,4.396130120602475699e+01,4.461790245503684815e+01,4.558366486844142429e+01,4.686042404562310537e+01,4.844536302954691109e+01,5.033052379197118853e+01,5.250237237072329322e+01,5.494145131251057990e+01,5.762215409075351857e+01,6.051265499912109647e+01,6.357502447158618253e+01,6.676555380573304888e+01,7.003530499898776895e+01,7.333089116209896474e+01,7.659548124316003737e+01,7.977001022787919737e+01,8.279456334661981032e+01,8.560989095433731677e+01,8.815900050323233472e+01,9.038876418994355788e+01,9.225147609672615090e+01,9.370629144411830680e+01,9.472048318585316906e+01,9.527045759945727355e+01,9.534248048195718184e+01,9.493307851539603348e+01,9.404909556410321159e+01,9.270740017812562428e+01,9.093425737764700045e+01,8.876439383166763264e+01,8.623979982791391308e+01,8.340832309905118791e+01,8.032211795683348043e+01,7.703601786566235887e+01,7.360590040074899321e+01,7.008711059264109622e+01,6.653300231731091685e+01,6.299364821779875001e+01,5.951475736499664038e+01,5.613682730087016637e+01,5.289454410401966555e+01,4.981643148526292464e+01,4.692473837764764966e+01,4.423554461219477218e+01,4.175905648318001795e+01,3.950005854115494941e+01,3.745848486734941929e+01,3.563007227727974424e+01,3.400705913696700833e+01,3.257889641345221321e+01,3.133294181945210966e+01,3.025511302026789906e+01,2.933048142678928727e+01,2.854379371465648063e+01,2.787991355655572789e+01,2.732418087337849499e+01,2.686269001881726837e+01,2.648249160552943948e+01,2.617172512395642769e+01,2.591969112152915855e+01,2.571687257128212067e+01,2.555491526852444295e+01,2.542657677498806734e+01,2.532565271146519592e+01,2.524688820869478789e+01
6.884332752646167819e+01,7.042238550970864708e+01,7.183696702096079889e+01,7.306847898493927573e+01,7.410043559271036884e+01,7.491883507505062312e+01,7.551248891194478574e+01,7.587329380029930803e+01,7.599643857275452774e+01,7.588054047715644401e+01,7.552770769660108385e+01,7.494352760621109155e+01,7.413698290637007915e+01,7.312030031908901151e+01,7.190873886106881230e+01,7.052032669686514055e+01,6.897555712366502689e+01,6.729705525864525839e+01,6.550922742647497898e+01,6.363790504089511302e+01,6.170999393321812221e+01,5.975313862722912006e+01,5.779540905302453524e+01,5.586501472390891365e+01,5.399004859455828154e+01,5.219825982803746456e+01,5.051685170076591191e+01,4.897229806245202610e+01,4.759016934562335166e+01,4.639495728852181600e+01,4.540988648417048523e+01,4.465670075879231149e+01,4.415541333480970820e+01,4.392401181258034626e+01,4.397811220802618948e+01,4.433056052928479573e+01,4.499098549857704654e+01,4.596531177386678024e+01,4.725524906617189913e+01,4.885777848210544505e+01,5.076466279895893052e+01,5.296201173228091363e+01,5.542993612686133531e+01,5.814232598437754262e+01,6.106678601578754950e+01,6.416475877922059112e+01,6.739185939474396037e+01,7.069843745210130237e+01,7.403037136722602440e+01,7.733008859776435884e+01,8.053779245375105234e+01,8.359286351343027377e+01,8.643539172124889092e+01,8.900778495822672198e+01,9.125639202842597797e+01,9.313307326837110622e+01,9.459665084353967757e+01,9.561417349968898804e+01,9.616193707636431043e+01,9.622621218285300415e+01,9.580364354127213744e+01,9.490130085144394911e+01,9.353637769214840603e+01,9.173555190760554012e+01,8.953403707931079225e+01,8.697436905298208387e+01,8.410498321349311368e+01,8.097864660936726011e+01,7.765081369765390207e+01,7.417797525257182656e+01,7.061606697004583566e+01,6.701899786849851637e+01,6.343734930872570743e+01,5.991728406451549915e+01,5.649969219689755562e+01,5.321958737155512864e+01,5.010575452672794228e+01,4.718063816999692506e+01,4.446045064098893818e+01,4.195547184046830580e+01,3.967050643122451703e+01,3.760546142104843881e+01,3.575600623887898877e+01,3.411427867205308928e+01,3.266960300379513882e+01,3.140919096953633272e+01,3.031880130530088735e+01,2.938333926547985442e+01,2.858738315110248962e+01,2.791563028112449985e+01,2.735325969767467669e+01,2.688621303868334067e+01,2.650139833182320359e+01,2.618682392672928927e+01,2.593167141255720054e+01,2.572631723660385461e+01,2.556231295142963234e+01,2.543233369642338459e+01,2.533010379570092496e+01,2.525030735492991951e+01
6.957317282471993281e+01,7.117852032401277995e+01,7.261665488980301575e+01,7.386867446413798177e+01,7.491781949382934158e+01,7.574985601404307545e+01,7.635341038149489634e+01,7.672024581737571225e+01,7.684547282123850209e+01,7.672768776954022485e+01,7.636903652259769615e+01,7.577520252179071747e+01,7.495532154439666783e+01,7.392182787052107074e+01,7.269023897979613480e+01,7.127888791606380892e+01,6.970861402993045886e+01,6.800242384379232874e+01,6.618513421674261110e+01,6.428300978008977040e+01,6.232340576111985797e+01,6.033442583924843206e+01,5.834460264488959780e+01,5.638260601115800341e+01,5.447698124809125630e+01,5.265591668369532385e+01,5.094703668519888140e+01,4.937721353430079319e+01,4.797238908751727138e+01,4.675739531079134537e+01,4.575576172609002157e+01,4.498949770892005517e+01,4.447883854978080365e+01,4.424194630374063308e+01,4.429455969589096753e+01,4.464959164255751034e+01,4.531667811952422653e+01,4.630168790340394480e+01,4.760620879403677463e+01,4.922703188975243194e+01,5.115566088125632405e+01,5.337787768156941581e+01,5.587339856017149486e+01,5.861565589151506117e+01,6.157173934309944485e+01,6.470252662381571440e+01,6.796302775303297494e+01,7.130295833593567068e+01,7.466754686778031669e+01,7.799856914530447227e+01,8.123559010097406485e+01,8.431738057793759822e+01,8.718346458126201526e+01,8.977574223146802979e+01,9.204012580637426311e+01,9.392812155677742680e+01,9.539828890381255633e+01,9.641751141996371643e+01,9.696202064629812867e+01,9.701812401665320351e+01,9.658260139618869289e+01,9.566275022331863909e+01,9.427607602751407967e+01,9.244964213832764699e+01,9.021910864019899634e+01,8.762750506024273989e+01,8.472379303486565050e+01,8.156128361702009499e+01,7.819597853515591623e+01,7.468490544280312804e+01,7.108451412098020228e+01,6.744919408246468606e+01,6.382996465757756255e+01,6.027337715330845214e+01,5.682065590283592371e+01,5.350709181873356357e+01,5.036168925029106447e+01,4.740705524872241483e+01,4.465951035002411373e+01,4.212939211212599133e+01,3.982151712750015093e+01,3.773576413210676606e+01,3.586774004080378830e+01,3.420949201612138779e+01,3.275023167737786878e+01,3.147704187173258461e+01,3.037554162224135723e+01,2.943049051210016742e+01,2.862631946715218589e+01,2.794758032653724555e+01,2.737931148213041155e+01,2.690732103728559466e+01,2.651839227784305564e+01,2.620041872776323544e+01,2.594247770283999799e+01,2.573485215068973631e+01,2.556901077871401284e+01,2.543755614846730495e+01,2.533414968627071673e+01,2.525342155407792433e+01
7.010192218443721401e+01,7.172631752616150891e+01,7.318151835910005332e+01,7.444839912092383827e+01,7.551000240152833953e+01,7.635192663400496826e+01,7.696266487428454184e+01,7.733388471375803874e+01,7.746064129226317618e+01,7.734151765715421334e+01,7.697868925281370878e+01,7.637791201300109378e+01,7.554843624385841849e+01,7.450285110078600326e+01,7.325686685089732464e+01,7.182904415426966693e+01,7.024048118439337429e+01,6.851447045218927201e+01,6.667613763328755283e+01,6.475207448726439452e+01,6.276997709363755007e+01,6.075829913940901861e+01,5.874592793805470592e+01,5.676188833556027191e+01,5.483507679339412277e+01,5.299402488846212123e+01,5.126668841760856310e+01,4.968025543797371313e+01,4.826096412188457663e+01,4.703391946117447731e+01,4.602289681156862855e+01,4.525012018544625647e+01,4.473600420067241146e+01,4.449885073725342011e+01,4.455449463564584534e+01,4.491589710412283409e+01,4.559269071513876526e+01,4.659068570281233690e+01,4.791135338514268938e+01,4.955130851721855834e+01,5.150181778020524348e+01,5.374836595081868751e+01,5.627031411739362454e+01,5.904068520376829809e+01,6.202611071407725518e+01,6.518696883033766198e+01,6.847773774808582914e+01,7.184757956925027145e+01,7.524115951842139793e+01,7.859969322094593736e+01,8.186220194815103923e+01,8.496694288457939592e+01,8.785296945943161973e+01,9.046176646955694878e+01,9.273889690237555783e+01,9.463559271353436486e+01,9.611022080692831082e+01,9.712955834912861519e+01,9.766981830575477375e+01,9.771737641888896064e+01,9.726916419662875057e+01,9.633270807809253711e+01,9.492581182042209775e+01,9.307589628078360988e+01,9.081902706892485355e+01,8.819867501892497330e+01,8.526426620381366206e+01,8.206958662545468997e+01,7.867111133225782282e+01,7.512632839720419042e+01,7.149212504900509657e+01,6.782329666258719669e+01,6.417122986639314774e+01,6.058279945558783197e+01,5.709950594788357137e+01,5.375686734394314215e+01,5.058406577995830844e+01,4.760383801338410592e+01,4.483258865154859052e+01,4.228069713554457110e+01,3.995298396479910252e+01,3.784929854752959955e+01,3.596519028177387867e+01,3.429262576698236842e+01,3.282071807104801309e+01,3.153643832131120206e+01,3.042528511285144077e+01,2.947189290326618760e+01,2.866056629671298950e+01,2.797573257614669018e+01,2.740230975852898965e+01,2.692599163883946645e+01,2.653345464812209187e+01,2.621249384288633877e+01,2.595209699283851990e+01,2.574246661345330978e+01,2.557500000488119696e+01,2.544223703414826687e+01,2.533778466556658060e+01,2.525622623339951289e+01
7.042218427684679227e+01,7.205811959218767981e+01,7.352366144434344619e+01,7.479954938271555420e+01,7.586870681171387787e+01,7.671663152338736325e+01,7.733173699163754122e+01,7.770563440433926417e+01,7.783334734612955685e+01,7.771345333853398074e+01,7.734814899979562597e+01,7.674323829246816331e+01,7.590804605960246931e+01,7.485526168181536377e+01,7.360072008990817949e+01,7.216312942008340769e+01,7.056375619318504278e+01,6.882607994640392235e+01,6.697542967988721330e+01,6.503861426406956525e+01,6.304355808008601514e+01,6.101895166279457783e+01,5.899392504594487008e+01,5.699774896856601458e+01,5.505956622014461743e+01,5.320815233842904490e+01,5.147170181078634243e+01,4.987763306826379051e+01,4.845240310948246076e+01,4.722132075531326478e+01,4.620834650602123617e+01,4.543586691244962594e+01,4.492443240081971112e+01,4.469244966836631505e+01,4.475582308556865030e+01,4.512754391104889606e+01,4.581723137176726368e+01,4.683063552143570263e+01,4.816911792063981324e+01,4.982913217201938494e+01,5.180173173549937360e+01,5.407213676610568598e+01,5.661939450005471741e+01,5.941616855661698793e+01,6.242869110879713190e+01,6.561690801849886157e+01,6.893484070340643655e+01,7.233117985423929497e+01,7.575011549014698176e+01,7.913239574442296487e+01,8.241659388666940345e+01,8.554055020326963188e+01,8.844294333350352133e+01,9.106493535548813156e+01,9.335182713233631091e+01,9.525465583230746347e+01,9.673166560511673140e+01,9.774958537071445619e+01,9.828465453086307946e+01,9.832334784682811346e+01,9.786276417686211460e+01,9.691065944908314123e+01,9.548512120477896303e+01,9.361389923254799328e+01,9.133342315540488698e+01,8.868755232436187441e+01,8.572611514475562444e+01,8.250330334898521301e+01,7.907599131169361328e+01,7.550205113244757626e+01,7.183873101113113080e+01,6.814115778921728861e+01,6.446101501460563554e+01,6.084543625474508843e+01,5.733614047102997091e+01,5.396882294092110044e+01,5.077280229730382644e+01,4.777091247551904019e+01,4.497961830515047410e+01,4.240932557428038763e+01,4.006485086407705154e+01,3.794601335661951680e+01,3.604831005025234703e+01,3.436363712914890556e+01,3.288102327939574820e+01,3.158734511052972493e+01,3.046800009007762000e+01,2.950751809811701065e+01,2.869009846481329618e+01,2.800006483043912198e+01,2.742223510112087936e+01,2.694220797965747494e+01,2.654657092220634240e+01,2.622303687275441320e+01,2.596051878310834127e+01,2.574915180918881674e+01,2.558027329058404575e+01,2.544637029499217817e+01,2.534100377477597377e+01,2.525871736841903470e+01
7.052945388460027232e+01,7.216925903807768350e+01,7.363827129375995639e+01,7.491718583919799812e+01,7.598888725870770600e+01,7.683884110339494100e+01,7.745543613450243470e+01,7.783026719728732701e+01,7.795835062362709778e+01,7.783826636054081405e+01,7.747222358279213950e+01,7.686604925854911130e+01,7.602910187439184142e+01,7.497411516099499806e+01,7.371697906543631973e+01,7.227646726904819729e+01,7.067392214281824181e+01,6.893290907607844531e+01,6.707885254299851852e+01,6.513866604781536296e+01,6.314038720797859128e+01,6.111282772251161077e+01,5.908524589386043147e+01,5.708704682293025456e+01,5.514751250933555582e+01,5.329556102198358047e+01,5.155953084303864387e+01,4.996698363227142892e+01,4.854451621803934813e+01,4.731757080208201671e+01,4.631023135889709152e+01,4.554499417831425490e+01,4.504250155983505977e+01,4.482122987920195101e+01,4.489712660060141758e+01,4.528319521024450012e+01,4.598903232051993228e+01,4.702032707319177973e+01,4.837833910918213576e+01,5.005937735822257650e+01,5.205430727512649014e+01,5.434811843418975741e+01,5.691958712946563992e+01,5.974106941103526225e+01,6.277845850367308600e+01,6.599133662153538182e+01,6.933334478697858572e+01,7.275278553919341107e+01,7.619346272187239322e+01,7.959575039096331750e+01,8.289786996198719748e+01,8.603734181665640790e+01,8.895256557027471445e+01,9.158447292644368076e+01,9.387818931056882832e+01,9.578463594353502231e+01,9.726200316546662350e+01,9.827702888242954771e+01,9.880602295483099340e+01,9.883558886857954917e+01,9.836300756185696059e+01,9.739626403122990439e+01,9.595371435319366071e+01,9.406340797727077074e+01,9.176209650395701090e+01,8.909397464888100160e+01,8.610921084687302596e+01,8.286233330211393877e+01,7.941054182681718032e+01,7.581201638639008422e+01,7.212429001198620426e+01,6.840274703203338902e+01,6.469929800460154468e+01,6.106127105082789086e+01,5.753054633657763617e+01,5.414294709014541240e+01,5.092788760289992922e+01,4.790826686543172741e+01,4.510058643117932320e+01,4.251526318994088172e+01,4.015710220947208597e+01,3.802589171860630302e+01,3.611708155020149036e+01,3.442250769020327539e+01,3.293112864143643748e+01,3.162974369427719523e+01,3.050366846144476796e+01,2.953734874911365083e+01,2.871489960663361174e+01,2.802056188624891675e+01,2.743907358875873115e+01,2.695595748616753440e+01,2.655772989102435133e+01,2.623203794871968597e+01,2.596773448861383571e+01,2.575490035517985632e+01,2.558482435740050676e+01,2.544995064902564152e+01,2.534380261658320066e+01,2.526089133549987409e+01
7.042221736546699162e+01,7.205816768140263662e+01,7.352373085199863567e+01,7.479964886736161134e+01,7.586884842113099126e+01,7.671683170032298449e+01,7.733201800065239695e+01,7.770602615463226925e+01,7.783388969642498978e+01,7.771419898092153744e+01,7.734916702894321361e+01,7.674461857375362683e+01,7.590990451305725628e+01,7.485774659671736231e+01,7.360401957558600827e+01,7.216748008006067039e+01,7.056945308025390773e+01,6.883348781377580394e+01,6.698499548676856818e+01,6.505088082196877508e+01,6.305917863880922170e+01,6.103870513344633508e+01,5.901873144463750265e+01,5.702868454279099808e+01,5.509787759531724305e+01,5.325526890205492947e+01,5.152924544457455625e+01,4.994742425407137887e+01,4.853646238368119725e+01,4.732186447854640221e+01,4.632777596115543872e+01,4.557674985096598164e+01,4.508947633244890341e+01,4.488446643242829737e+01,4.497768455282532329e+01,4.538212903454954983e+01,4.610736522153925421e+01,4.715902138317845527e+01,4.853826399046602091e+01,5.024127481182910060e+01,5.225875763875078661e+01,5.457550669325995329e+01,5.717007145033289106e+01,6.001455332539993037e+01,6.307456812155904657e+01,6.630940412396311956e+01,6.967239925115677579e+01,7.311155188561798468e+01,7.657036925596032972e+01,7.998894505762555696e+01,8.330524505889846409e+01,8.645656654183383694e+01,8.938112543330274207e+01,9.201971475052427252e+01,9.431737031216754019e+01,9.622497521143999677e+01,9.770073378034486211e+01,9.871144892467171417e+01,9.923354374014057555e+01,9.925377891949635512e+01,9.876963105666331444e+01,9.778931275333445683e+01,9.633143247575009127e+01,9.442430934028250533e+01,9.210497435590248472e+01,8.941790411534128680e+01,8.641354464109485889e+01,8.314669139691923760e+01,7.967479595783910895e+01,7.605627035138218162e+01,7.234885677173355134e+01,6.860812361013441318e+01,6.488613913339251837e+01,6.123036242777774163e+01,5.768277824903693585e+01,5.427928904567770019e+01,5.104936447607552452e+01,4.801593694717649896e+01,4.519552164926372484e+01,4.259853166305416039e+01,4.022975320505413777e+01,3.808894300731353155e+01,3.617150908752907412e+01,3.446923750749783721e+01,3.297103079289217931e+01,3.166362808181509436e+01,3.053228234387481876e+01,2.956137573401391450e+01,2.873495992148545497e+01,2.803721372831845216e+01,2.745281536002118017e+01,2.696723072944772426e+01,2.656692275584482488e+01,2.623948902958607121e+01,2.597373689416270182e+01,2.575970588333109035e+01,2.558864766896387266e+01,2.545297334967856528e+01,2.534617717433853912e+01,2.526274477731186607e+01
7.010198819615270338e+01,7.172641346526609141e+01,7.318165683084630757e+01,7.444859760053350328e+01,7.551028492741149023e+01,7.635232601431059152e+01,7.696322553432722202e+01,7.733466633378648680e+01,7.746172340743555651e+01,7.734300541318209810e+01,7.698072052978983493e+01,7.638066614419454936e+01,7.555214456299304970e+01,7.450780954727979122e+01,7.326345084410147024e+01,7.183772591103659977e+01,7.025184959543267382e+01,6.852925354804955305e+01,6.669522755751719956e+01,6.477655475058452339e+01,6.280115170866449859e+01,6.079772303260190824e+01,5.879543780876043968e+01,5.682363288891384201e+01,5.491154502526586612e+01,5.308807086072621928e+01,5.138155074781086995e+01,4.981956955845170398e+01,4.842876526041965946e+01,4.723463427935750758e+01,4.626132172779698237e+01,4.553138462312305990e+01,4.506551734981734114e+01,4.488223090334615506e+01,4.499748086838285133e+01,4.542424353623518840e+01,4.617204487237054877e+01,4.724645293519789391e+01,4.864855047228127205e+01,5.037441036462395516e+01,5.241460189408226711e+01,5.475375999828760598e+01,5.737025229531942472e+01,6.023597930692642421e+01,6.331634167941688673e+01,6.657040412121170903e+01,6.995127923134275250e+01,7.340674554942776808e+01,7.688010336674497580e+01,8.031125962989690947e+01,8.363802032691535260e+01,8.679755586844964910e+01,8.972799302321500647e+01,9.237007679545598648e+01,9.466883803299307942e+01,9.657519818353439689e+01,9.804744193742577352e+01,9.905249173102669147e+01,9.956692519347159021e+01,9.957768728364081312e+01,9.908246250812975120e+01,9.808968843831554807e+01,9.661820879446139543e+01,9.469658158318236474e+01,9.236207409376913802e+01,8.965939097787834555e+01,8.663919329649959877e+01,8.335647466216900625e+01,7.986886502553471701e+01,7.623493311736808664e+01,7.251255519555866158e+01,6.875741094755119320e+01,6.502165775793454827e+01,6.135282281891917222e+01,5.779293957891862732e+01,5.437794165494004517e+01,5.113731440007079243e+01,4.809399254255770018e+01,4.526448228108721850e+01,4.265917834526435115e+01,4.028284104177688363e+01,3.813519525650346509e+01,3.621161265891540637e+01,3.450383970966227309e+01,3.300073715582368550e+01,3.168900109785068864e+01,3.055384098853107844e+01,2.957959564652523454e+01,2.875027414132130588e+01,2.805001389769668663e+01,2.746345331321653305e+01,2.697602039773041227e+01,2.657414232269969645e+01,2.624538327514052583e+01,2.597851967120174166e+01,2.576356267053448335e+01,2.559173815055578416e+01,2.545543397485091575e+01,2.534812365473306528e+01,2.526427448649889840e+01
6.957327142952547661e+01,7.117866363584377609e+01,7.261686174061296128e+01,7.386897096228904047e+01,7.491824155436395927e+01,7.575045265621730550e+01,7.635424798427852977e+01,7.672141355642870053e+01,7.684708954440631601e+01,7.672991060026093635e+01,7.637207150918129628e+01,7.577931767196992041e+01,7.496086259474503777e+01,7.392923713445577505e+01,7.270007759050260177e+01,7.129186172600591931e+01,6.972560334082385225e+01,6.802451701463778022e+01,6.621366502837631174e+01,6.431959822003130967e+01,6.237000163205782854e+01,6.039335429126416699e+01,5.841861039236530218e+01,5.647490663161362079e+01,5.459129758814366085e+01,5.279651803798170562e+01,5.111876809295122825e+01,4.958551428436658171e+01,4.822329736721606253e+01,4.705753590853315416e+01,4.611231383145936036e+01,4.541014017137023018e+01,4.497167047484931146e+01,4.481538158988843179e+01,4.495719503878220280e+01,4.541004863512011980e+01,4.618342131808259410e+01,4.728282205979774488e+01,4.870925980444343395e+01,5.045871730571084157e+01,5.252165698356702705e+01,5.488259104880820871e+01,5.751975069123847817e+01,6.040488969841713640e+01,6.350325616641349313e+01,6.677376181265302080e+01,7.016937179464896701e+01,7.363772904745030701e+01,7.712201633284630020e+01,8.056204697751633148e+01,8.389556235049674626e+01,8.705970129022337289e+01,8.999259479532476291e+01,9.263502919598063556e+01,9.493211350921900760e+01,9.683488240208085074e+01,9.830176559769897437e+01,9.929985787868977809e+01,9.980593102097648739e+01,9.980713970737706120e+01,9.930138714507636166e+01,9.829733194633959670e+01,9.681403486696916616e+01,9.488026118013048915e+01,9.253347073011315160e+01,8.981854206515838257e+01,8.678628863668802751e+01,8.349183322403425223e+01,7.999291109685270840e+01,7.634817283018733747e+01,7.261555427875069313e+01,6.885077438561313556e+01,6.510601184284641363e+01,6.142879988768183352e+01,5.786116554646166321e+01,5.443902629112879765e+01,5.119184416821219941e+01,4.814252571946734349e+01,4.530754601658892966e+01,4.269726729026371004e+01,4.031641717481564768e+01,3.816468856340368632e+01,3.623742236231838376e+01,3.452633579832762223e+01,3.302026202123919774e+01,3.170587114262649209e+01,3.056834812297247694e+01,2.959200863374663015e+01,2.876083978561671728e+01,2.805895809512800909e+01,2.747098199799584961e+01,2.698232042415439835e+01,2.657938232179637694e+01,2.624971451967268976e+01,2.598207697409125316e+01,2.576646533180809939e+01,2.559409095795996691e+01,2.545732825438880909e+01,2.534963836022931716e+01,2.526547731224993143e+01
6.884345823196021286e+01,7.042257548223957997e+01,7.183724122854610528e+01,7.306887204435793137e+01,7.410099512540016065e+01,7.491962608092913456e+01,7.551359941428110290e+01,7.587484205836284445e+01,7.599858220355369554e+01,7.588348787062851386e+01,7.553173214667974378e+01,7.494898460884711255e+01,7.414433108935554628e+01,7.313012646102833969e+01,7.192178742084520593e+01,7.053753420277760711e+01,6.899809165532397515e+01,6.732636108755136206e+01,6.554707465714398040e+01,6.368644380984125064e+01,6.177181237771770128e+01,5.983132343343162063e+01,5.789360694273382535e+01,5.598749275623566035e+01,5.414175066407801751e+01,5.238485626294774988e+01,5.074477843661416898e+01,4.924878152785358054e+01,4.792323298745533577e+01,4.679340562715856322e+01,4.588326276340453802e+01,4.521521467272529549e+01,4.480983599751822055e+01,4.468553609411792138e+01,4.485817778344711826e+01,4.534064444737825994e+01,4.614236072459462434e+01,4.726877792600453176e+01,4.872084136093960183e+01,5.049446262668728735e+01,5.258002510837790311e+01,5.496195499337869705e+01,5.761839257436908213e+01,6.052099910665224769e+01,6.363493270272077496e+01,6.691902252672875306e+01,7.032616388943371533e+01,7.380394791520464537e+01,7.729552861627337279e+01,8.074071800046928615e+01,8.407728694282207016e+01,8.724243676498150535e+01,9.017439464356388612e+01,9.281407595918585685e+01,9.510674928118277194e+01,9.700363550195442031e+01,9.846337213890049611e+01,9.945327722178514307e+01,9.995035442432212847e+01,9.994199185443095246e+01,9.942632060643069281e+01,9.841221500171182868e+01,9.691893344312686054e+01,9.497541593397332349e+01,9.261927050584884569e+01,8.989549507075550139e+01,8.685499271426228063e+01,8.355294653477906763e+01,8.004712441276134882e+01,7.639618443614193666e+01,7.265804825697506431e+01,6.888840279913198117e+01,6.513938107465558858e+01,6.145846114555273942e+01,5.788760932466576037e+01,5.446268040120767751e+01,5.121307481840827336e+01,4.816164103946128705e+01,4.532480138967648031e+01,4.271287186454912899e+01,4.033054097131065419e+01,3.817746967332311669e+01,3.624897381884731828e+01,3.453675181030770602e+01,3.302962335904945235e+01,3.171424956287260599e+01,3.057580980303276164e+01,2.959861665619798643e+01,2.876665576433584093e+01,2.806404306930293302e+01,2.747539673858163312e+01,2.698612530162039747e+01,2.658263687709641587e+01,2.625247686523460544e+01,2.598440313123854395e+01,2.576840858809497803e+01,2.559570130469610660e+01,2.545865194291366862e+01,2.535071759649532908e+01,2.526635009370928131e+01
6.792265395177179244e+01,6.946861821389791203e+01,7.085359041082770659e+01,7.205937961196997321e+01,7.306986197297504759e+01,7.387135084602607549e+01,7.445292064164286217e+01,7.480667502410153702e+01,7.492795185643093703e+01,7.481545948053849315e+01,7.447134133194525418e+01,7.390116844010979946e+01,7.311386193698014324e+01,7.212155016562259391e+01,7.093936722554454377e+01,6.958520169630776309e+01,6.807940574340092610e+01,6.644447574539356083e+01,6.470471592752542733e+01,6.288589620986757467e+01,6.101491457452406308e+01,5.911947275553004744e+01,5.722777202073707770e+01,5.536823334444287070e+01,5.356924349219983128e+01,5.185892561302568993e+01,5.026493004027346956e+01,4.881423833786173816e+01,4.753297139744933730e+01,4.644619079432617070e+01,4.557768182833062554e+01,4.494970686340307253e+01,4.458271884290469700e+01,4.449502724625494920e+01,4.470241224342147746e+01,4.521768729464547221e+01,4.605021574544468876e+01,4.720539280854187325e+01,4.868411035446401058e+01,5.048222773763352222e+01,5.259007701018126113e+01,5.499203485437979566e+01,5.766619595113660779e+01,6.058418291000695177e+01,6.371112602600015151e+01,6.700584184180547709e+01,7.042123278233535189e+01,7.390492117095270430e+01,7.740012009599912801e+01,8.084673140871868213e+01,8.418264828459697924e+01,8.734522706347496523e+01,9.027288134944481612e+01,9.290674144344602325e+01,9.519231487157202309e+01,9.708107969566364659e+01,9.853194189129281710e+01,9.951249155530786084e+01,1.000000000000000000e+02,9.998211057317735140e+01,9.945718972950918157e+01,9.843432067015420728e+01,9.693293880860130685e+01,9.498212536711730536e+01,9.261959150743031444e+01,8.989039956859149072e+01,8.684547938474449325e+01,8.354000564969366849e+01,8.003170649387638491e+01,7.637917372083381906e+01,7.264024166025177465e+01,6.887049472431819197e+01,6.512195409958943060e+01,6.144198231383119690e+01,5.787243151888606718e+01,5.444904807914197420e+01,5.120113326024407741e+01,4.815144818607624444e+01,4.531634134507892497e+01,4.270606918285618292e+01,4.032527493980338562e+01,3.817358792631451081e+01,3.624630475982461775e+01,3.453511547000645976e+01,3.302884046402472507e+01,3.171414872391551754e+01,3.057623284889361770e+01,2.959942223139019291e+01,2.876772137849396671e+01,2.806526582988680829e+01,2.747669302054646323e+01,2.698742961010376007e+01,2.658390014603632068e+01,2.625366441025823505e+01,2.598549244320705753e+01,2.576938711804979931e+01,2.559656435475899627e+01,2.545940074340466097e+01,2.535135761890282424e+01,2.526688962325587440e+01
6.682344530900888913e+01,6.832983176715015361e+01,6.967935517004730173e+01,7.085429286548485095e+01,7.183893722558947559e+01,7.261995656033319335e+01,7.318671104371398428e+01,7.353151449188192146e+01,7.364983462102330236e+01,7.354042652807126501e+01,7.320539648996503956e+01,7.265019566287517705e+01,7.188354576679500951e+01,7.091730124328097418e+01,6.976625455563920752e+01,6.844789314869876762e+01,6.698211799895378249e+01,6.539093458251083746e+01,6.369812740783034144e+01,6.192892896948872306e+01,6.010969307510796966e+01,5.826758100971292009e+01,5.643026699317370287e+01,5.462566695350199808e+01,5.288169190959107624e+01,5.122602438765784427e+01,4.968591346519724539e+01,4.828798143947341259e+01,4.705803295585499768e+01,4.602085590171699891e+01,4.520000265430635977e+01,4.461754051536745180e+01,4.429376147603209546e+01,4.424684387851170442e+01,4.449246205181631808e+01,4.504334449258494288e+01,4.590878644998509372e+01,4.709412858243361200e+01,4.860021933393976212e+01,5.042288441755975725e+01,5.255243184118150168e+01,5.497322480368492137e+01,5.766335708712735197e+01,6.059446589232084790e+01,6.373171512736831090e+01,6.703397780907556580e+01,7.045423948237389311e+01,7.394023558649067240e+01,7.743532486390202507e+01,8.087958875637218625e+01,8.421113394559922938e+01,8.736756256472150994e+01,9.028756297569424305e+01,9.291256421324601433e+01,9.518839000250042659e+01,9.706684429100924660e+01,9.850715992992257952e+01,9.947724568938622269e+01,9.995467413340827534e+01,9.992736367515711038e+01,9.939392180024366041e+01,9.836363218612486037e+01,9.685608530796459092e+01,9.490046906746465538e+01,9.253455196626187274e+01,8.980340539541450084e+01,8.675792289648425992e+01,8.345320213987660907e+01,7.994685947959840178e+01,7.629734716381850035e+01,7.256233975633666944e+01,6.879724944725850833e+01,6.505392029647492791e+01,6.137953980366444995e+01,5.781579336109375333e+01,5.439827396727785924e+01,5.115614686394549437e+01,4.811205721140731839e+01,4.528225910423006439e+01,4.267693654881564669e+01,4.030068169694401092e+01,3.815309269890443744e+01,3.622945289188260176e+01,3.452145442703660905e+01,3.301793251707789523e+01,3.170558084866765114e+01,3.056962391937826595e+01,2.959442770499541808e+01,2.876403575396227907e+01,2.806262321393397485e+01,2.747486616391631742e+01,2.698622777440920828e+01,2.658316614347712203e+01,2.625327112447370226e+01,2.598533909623171567e+01,2.576939550025408110e+01,2.559667518574202560e+01,2.545957028519894294e+01,2.535155462081823075e+01,2.526709264166530389e+01
6.556061420285473673e+01,6.702153030707941639e+01,6.833032642613258645e+01,6.946981767675080732e+01,7.042477431409309929e+01,7.118227205682087799e+01,7.173199886807576320e+01,7.206650932607760751e+01,7.218141945452336472e+01,7.207553693582465826e+01,7.175092391258161229e+01,7.121289199299042139e+01,7.046993150242735737e+01,6.953357934952867936e+01,6.841823198455345789e+01,6.714091171081483367e+01,6.572099596859916915e+01,6.417992006466916166e+01,6.254086411074200669e+01,6.082843462914659227e+01,5.906835038070032340e+01,5.728714049812477782e+01,5.551186103044515363e+01,5.376983361499021896e+01,5.208840732009368679e+01,5.049474189735520469e+01,4.901560792384609044e+01,4.767719679386107146e+01,4.650493143504663607e+01,4.552326716880001101e+01,4.475547148656356455e+01,4.422337181823521490e+01,4.394706172788863796e+01,4.394455842858260297e+01,4.423140803528288245e+01,4.482023946670523173e+01,4.572027317325947848e+01,4.693679663633812282e+01,4.847062450560785862e+01,5.031756690664093412e+01,5.246793441328196650e+01,5.490611197946211064e+01,5.761023632912257852e+01,6.055201153612541987e+01,6.369669551133268470e+01,6.700328570526093586e+01,7.042492554391964177e+01,7.390954413017090019e+01,7.740073093076227906e+01,8.083883506752911785e+01,8.416226612198053658e+01,8.730896083175329636e+01,9.021796854329006976e+01,9.283109861639876215e+01,9.509456590767167938e+01,9.696056660822854667e+01,9.838871650093743426e+01,9.934728732147999608e+01,9.981418428396943909e+01,9.977761862777605018e+01,9.923644267257215290e+01,9.820013053890275501e+01,9.668840445452916299e+01,9.473052339211474759e+01,9.236426663542076199e+01,8.963465878483255267e+01,8.659249386775107382e+01,8.329272399627626555e+01,7.979278203826058302e+01,7.615090792692032551e+01,7.242454468036842741e+01,6.866886332792316239e+01,6.493546633731986617e+01,6.127130754444366545e+01,5.771785382665010644e+01,5.431050067206869869e+01,5.107824117663367502e+01,4.804357654667789745e+01,4.522264645749287126e+01,4.262555001111811492e+01,4.025682276620216982e+01,3.811603242157346472e+01,3.619845510822731427e+01,3.449579563608984500e+01,3.299691810921531498e+01,3.168855766244745809e+01,3.055598925622895123e+01,2.958363507528991576e+01,2.875559772907683964e+01,2.805611182200517462e+01,2.746991129542757193e+01,2.698251406235754501e+01,2.658042875758619772e+01,2.625129087600915057e+01,2.598393719558365689e+01,2.576842824918114161e+01,2.559602882479995856e+01,2.545915615820320710e+01,2.535130476498046193e+01,2.526695586607607424e+01
6.415080722904605182e+01,6.556095984453372694e+01,6.682428709384625165e+01,6.792420426857576388e+01,6.884601487950797605e+01,6.957724914155011220e+01,7.010796052086372754e+01,7.043097180578789107e+01,7.054206384141296837e+01,7.044010205088287080e+01,7.012709807046354626e+01,6.960820615170879933e+01,6.889165632441441289e+01,6.798862855532891558e+01,6.691307416714799672e+01,6.568149249360769204e+01,6.431267204453946817e+01,6.282740626142855689e+01,6.124819420274882020e+01,5.959893617824097589e+01,5.790463345037981213e+01,5.619109966876386153e+01,5.448468976061172953e+01,5.281204966167491932e+01,5.119988766087740828e+01,4.967476540029198162e+01,4.826290389318023699e+01,4.698999748540205701e+01,4.588102668434276410e+01,4.496005940479429341e+01,4.425002960614170888e+01,4.377248266241095109e+01,4.354727821446823555e+01,4.359224374231489207e+01,4.392277563579834521e+01,4.455138902658298150e+01,4.548722288244985634e+01,4.673551258464922142e+01,4.829704806363024971e+01,5.016764115206024144e+01,5.233763068310445021e+01,5.479145756380589205e+01,5.750734415976616276e+01,6.045711247060830829e+01,6.360617348554957573e+01,6.691371564500664704e+01,7.033311351486872809e+01,7.381256879622793576e+01,7.729598501428341706e+01,8.072406519274895231e+01,8.403560920324378003e+01,8.716897506363514481e+01,9.006365707568642165e+01,9.266192416036984980e+01,9.491045481337472722e+01,9.676190137063487384e+01,9.817631615867480832e+01,9.912237578762581336e+01,9.957834724782297542e+01,9.953275025358843209e+01,9.898468385518860657e+01,9.794380092092625034e+01,9.642993073486742617e+01,9.447236664012743290e+01,9.210885135707779625e+01,8.938430636700573473e+01,8.634936276444517489e+01,8.305875863639963086e+01,7.956967195640133639e+01,7.594005807990080825e+01,7.222705734907665942e+01,6.848553145181841728e+01,6.476677762092657531e+01,6.111745823875032357e+01,5.757877074442235710e+01,5.418586975758918811e+01,5.096754082205464442e+01,4.794611382599519800e+01,4.513759452530247529e+01,4.255198507160501009e+01,4.019375923935669448e+01,3.806245519767171004e+01,3.615334806722936634e+01,3.445816589625410842e+01,3.296581574192853026e+01,3.166309085449121596e+01,3.053533510678806806e+01,2.956704637727299456e+01,2.874240620081687680e+01,2.804572832744373301e+01,2.746182362236463348e+01,2.697628282503935182e+01,2.657568195868953254e+01,2.624771761127190928e+01,2.598128091907149795e+01,2.576647994498332395e+01,2.559462035738372165e+01,2.545815400316503130e+01,2.535060425777002635e+01,2.526647605054838053e+01
6.261217122522177903e+01,6.396692065774401215e+01,6.518062274911352461e+01,6.623734764925747243e+01,6.712298063697659245e+01,6.782554766557763060e+01,6.833550071944361548e+01,6.864595480016473061e+01,6.875286997559723545e+01,6.865517383243603433e+01,6.835482179134552894e+01,6.785679497843472063e+01,6.716903759338747193e+01,6.630233786361870330e+01,6.527015861663181795e+01,6.408842513636632532e+01,6.277527920198778588e+01,6.135080896381771964e+01,5.983676453637362869e+01,5.825626885317471704e+01,5.663353243059751918e+01,5.499357925760162402e+01,5.336198912511693493e+01,5.176465942527665476e+01,5.022758690834881179e+01,4.877666723267637394e+01,4.743750755036752054e+01,4.623524502383411061e+01,4.519436225645837624e+01,4.433848933084948385e+01,4.369018164954276529e+01,4.327066320448010117e+01,4.309952635799700715e+01,4.319438173682036108e+01,4.357045539037644488e+01,4.424013483667575741e+01,4.521247082254564020e+01,4.649264728880201858e+01,4.808143781097324165e+01,4.997467228016627416e+01,5.216274235807048854e+01,5.463017783833603858e+01,5.735532805219724395e+01,6.031018250891152377e+01,6.346036279815049852e+01,6.676531326857623583e+01,7.017871115708587126e+01,7.364910787141188564e+01,7.712080239553642969e+01,8.053493582838081011e+01,8.383078355647899116e+01,8.694720927528102550e+01,8.982423383343623868e+01,9.240466248952225214e+01,9.463570737486656981e+01,9.647053834545047835e+01,9.786969538505434230e+01,9.880229946312257994e+01,9.924700617074212516e+01,9.919265721388188695e+01,9.863859835069605708e+01,9.759464783252121833e+01,9.608071591255047394e+01,9.412609251018915302e+01,9.176843564830980426e+01,8.905250687379260910e+01,8.602871073031305116e+01,8.275150287744691013e+01,7.927773528241382905e+01,7.566500694972057772e+01,7.197008505619318441e+01,6.824745451568369958e+01,6.454804449502077546e+01,6.091816896774541590e+01,5.739870583187627773e+01,5.402452625557189947e+01,5.082417352900730378e+01,4.781977947443203902e+01,4.502719694475127454e+01,4.245631950670032495e+01,4.011155426661526491e+01,3.799241099363903373e+01,3.609417011184557111e+01,3.440859352656349301e+01,3.292464528376827815e+01,3.162919333855351667e+01,3.050766880985855423e+01,2.954466461336016891e+01,2.872446091833594295e+01,2.803147014926098990e+01,2.745059899989492891e+01,2.696752897233445623e+01,2.656892019540742211e+01,2.624254568288611722e+01,2.597736478677925120e+01,2.576354545390430317e+01,2.559244510614397328e+01,2.545655965589910252e+01,2.534944946467935623e+01,2.526565007786810924e+01
6.096396597451315102e+01,6.225936604965902177e+01,6.341990789430466435e+01,6.443036300478516409e+01,6.527723966020718649e+01,6.594909459164789212e+01,6.643680633153344672e+01,6.673380244354565605e+01,6.683623438005653838e+01,6.674309553989542110e+01,6.645628012616739966e+01,6.598058254062212313e+01,6.532363919727413304e+01,6.449581668853852534e+01,6.351005208742873265e+01,6.238165272029959851e+01,6.112806390790484556e+01,5.976861387555630500e+01,5.832424522351201546e+01,5.681724199811478826e+01,5.527096051168601321e+01,5.370957065337088920e+01,5.215781257338998955e+01,5.064077139952826201e+01,4.918367017641449479e+01,4.781167865051644128e+01,4.654973302328942708e+01,4.542235954248322116e+01,4.445349298387117187e+01,4.366627987446041459e+01,4.308285588852913861e+01,4.272408734450976908e+01,4.260926823503469052e+01,4.275576676895168760e+01,4.317861895931984861e+01,4.389007124539644167e+01,4.489907929891296590e+01,4.621077576575346768e+01,4.782592539224867778e+01,4.974039138271832883e+01,5.194464149867577873e+01,5.442332590031490724e+01,5.715496063346483879e+01,6.011175062747362574e+01,6.325958383568480059e+01,6.655822359354573337e+01,6.996171941770080593e+01,7.341904752064252193e+01,7.687498164097286235e+01,8.027118292278615286e+01,8.354748518943226543e+01,8.664333981410399588e+01,8.949937330494009302e+01,9.205900149428799750e+01,9.427003757239282322e+01,9.608622771969591270e+01,9.746864816353576089e+01,9.838690127852507317e+01,9.882005577639152705e+01,9.875728674599737644e+01,9.819818472542468157e+01,9.715271833405260793e+01,9.564085133831112273e+01,9.369183136941111911e+01,9.134318285289056405e+01,8.863945012012473512e+01,8.563074736498219863e+01,8.237117949663749528e+01,7.891720167128720220e+01,7.532598526618554047e+01,7.165385444772759627e+01,6.795485067127057732e+01,6.427947301556824300e+01,6.067363091935872177e+01,5.717783345007364915e+01,5.382662650822418016e+01,5.064827712472357746e+01,4.766469291529009666e+01,4.489155535365092931e+01,4.233863818997030393e+01,4.001027727749496421e+01,3.790595531563467091e+01,3.602096445663169533e+01,3.434711111494348756e+01,3.287343032948743371e+01,3.158688126710882926e+01,3.047300050636753355e+01,2.951649519845886971e+01,2.870176369699758823e+01,2.801333646636942021e+01,2.743623477355127349e+01,2.695624866866132763e+01,2.656013896582746625e+01,2.623577031577302066e+01,2.597218403906460793e+01,2.575962023293854841e+01,2.558949887493541553e+01,2.545436934146652774e+01,2.534783706384448720e+01,2.526447508014821608e+01
5.922616557472644416e+01,6.045898936272607216e+01,6.156348011537268405e+01,6.252514866468511912e+01,6.333115997301585764e+01,6.397063015674671504e+01,6.443488715719976767e+01,6.471768766087134850e+01,6.481538434591271880e+01,6.472703927173139959e+01,6.445448115901427855e+01,6.400230634105879801e+01,6.337782520789016161e+01,6.259095791161732336e+01,6.165408485457795962e+01,6.058185894608035937e+01,5.939098770430535978e+01,5.809999392757670478e+01,5.672896381358521012e+01,5.529929103938643209e+01,5.383342442862017663e+01,5.235462545361833264e+01,5.088674000693764299e+01,4.945398671729948603e+01,4.808076169530554722e+01,4.679145711643630534e+01,4.561028864522846504e+01,4.456112455171841447e+01,4.366730765130212433e+01,4.295146008931602921e+01,4.243526065235683120e+01,4.213918485033885020e+01,4.208219956412052909e+01,4.228140662483696843e+01,4.275163324737972914e+01,4.350497167097671536e+01,4.455027547447407699e+01,4.589262556482269417e+01,4.753278444653625456e+01,4.946666267437211673e+01,5.168482594436424904e+01,5.417207465685858381e+01,5.690712958316495929e+01,5.986245714023340270e+01,6.300426547725595583e+01,6.629269798416109438e+01,6.968224397737495224e+01,7.312237740374800410e+01,7.655842380074263076e+01,7.993264399089838435e+01,8.318551073599118695e+01,8.625714259011712670e+01,8.908884827337857359e+01,9.162472582571403734e+01,9.381325430320086411e+01,9.560881241947956255e+01,9.697305869661575173e+01,9.787611152872690923e+01,9.829747498419355622e+01,9.822666683229540752e+01,9.766351859805351410e+01,9.661813264985397609e+01,9.511049749254974017e+01,9.316977858543610580e+01,9.083331714151221092e+01,8.814538257766719198e+01,8.515573480213311086e+01,8.191805976929111921e+01,7.848834536059212041e+01,7.492326457445743415e+01,7.127862938808684135e+01,6.760797187834180022e+01,6.396129983377578299e+01,6.038406286793681232e+01,5.691635274386339916e+01,5.359234904393800747e+01,5.044000922612261206e+01,4.748099116010756404e+01,4.473078696400951060e+01,4.219903973381254048e+01,3.989000977421642347e+01,3.780315423580307765e+01,3.593378352484229765e+01,3.427375924020820008e+01,3.281220137658006308e+01,3.153617672729494359e+01,3.043134541457427744e+01,2.948254786920250226e+01,2.867432001131040664e+01,2.799132953890936903e+01,2.741873086883337507e+01,2.694244022616410206e+01,2.654933554529514339e+01,2.622738819658096432e+01,2.596573511101137655e+01,2.575470070937473110e+01,2.558577825054298316e+01,2.545157991252901297e+01,2.534576423314216242e+01,2.526294858475159799e+01
5.741905992060717523e+01,5.858681111082594128e+01,5.963301435979522580e+01,6.054394919185029522e+01,6.130746326752021957e+01,6.191325416342934318e+01,6.235311684118015307e+01,6.262114982439518940e+01,6.271391450316091465e+01,6.263054363576582517e+01,6.237279694773651073e+01,6.194506365452685515e+01,6.135431366512974449e+01,6.061000106337585436e+01,5.972392511606234677e+01,5.871005543163807516e+01,5.758432890909479340e+01,5.636442670750145112e+01,5.506953958444313457e+01,5.372012957105293651e+01,5.233769507236725360e+01,5.094454513211224622e+01,4.956358683738274351e+01,4.821812774663830936e+01,4.693169291730977477e+01,4.572785372515933489e+01,4.463006336460684764e+01,4.366149186944109317e+01,4.284485187390527017e+01,4.220220531743386516e+01,4.175474103808804216e+01,4.152251382637315658e+01,4.152413710646764855e+01,4.177642400465170169e+01,4.229397511752233640e+01,4.308871569397912538e+01,4.416939000563961315e+01,4.554102613467928506e+01,4.720438992203506956e+01,4.915545200465312803e+01,5.138489630783264062e+01,5.387770162266321705e+01,5.661282959116000768e+01,5.956305220673241507e+01,6.269494957477493813e+01,6.596910405395445309e+01,6.934051005077506602e+01,7.275920987143807395e+01,7.617115551706315557e+01,7.951928466866604595e+01,8.274478700524718988e+01,8.578852518175051500e+01,8.859256405441928450e+01,9.110175285327984795e+01,9.326529866148982251e+01,9.503826632917041195e+01,9.638294019808658675e+01,9.726998689095741213e+01,9.767936582669015877e+01,9.760094471369905023e+01,9.703479047144422509e+01,9.599112106762787278e+01,9.448991973027476377e+01,9.256022892470004138e+01,9.023915640158398332e+01,8.757063862492145745e+01,8.460401721881638082e+01,8.139249116550180929e+01,7.799151101050901502e+01,7.445718120049143351e+01,7.084473305689647304e+01,6.720712416035343040e+01,6.359381065700631552e+01,6.004972790293453500e+01,5.661450271430020109e+01,5.332190808006507865e+01,5.019955926761379317e+01,4.726883946171714967e+01,4.454503394382881254e+01,4.203764470466083480e+01,3.975085248433727969e+01,3.768409058413985946e+01,3.583269427780245309e+01,3.418859103262567345e+01,3.274099970533153936e+01,3.147711102276113593e+01,3.038272658967875017e+01,2.944283899074396160e+01,2.864214091176770793e+01,2.796545629154316615e+01,2.739809109113371122e+01,2.692610516552571553e+01,2.653650984682163738e+01,2.621739816726578809e+01,2.595801618807546163e+01,2.574878472317057643e+01,2.558128095267202440e+01,2.544818912450359605e+01,2.534322886513962558e+01,2.526106868113847526e+01
5.556286726851202218e+01,5.666377759268912229e+01,5.765010905346288439e+01,5.850893062245930309e+01,5.922879103305859161e+01,5.979998488843813931e+01,6.021478655212581543e+01,6.046764526791609740e+01,6.055533627922545037e+01,6.047706427685871944e+01,6.023451723123363877e+01,5.983187048137725839e+01,5.927574277139842707e+01,5.857510765445523759e+01,5.774116523348367735e+01,5.678718049087433428e+01,5.572829539891728245e+01,5.458132253593312555e+01,5.336452801413565794e+01,5.209741113044709948e+01,5.080048728119994905e+01,4.949507936307828260e+01,4.820312117091035020e+01,4.694697428121730809e+01,4.574925768880283528e+01,4.463268717626924342e+01,4.361991919691915598e+01,4.273339210709713143e+01,4.199515606679894120e+01,4.142668200460667549e+01,4.104863986558746802e+01,4.088063705066495146e+01,4.094090959319365197e+01,4.124596122885175475e+01,4.181014905938008042e+01,4.264521887725632610e+01,4.375979821884455134e+01,4.515886058495034661e+01,4.684317968027347945e+01,4.880879759500054149e+01,5.104653516970894600e+01,5.354157593195830600e+01,5.627315658020732769e+01,5.921439669042035092e+01,6.233229790059427700e+01,6.558793818155675126e+01,6.893687997094924924e+01,7.232980213654883528e+01,7.571335531523160967e+01,7.903122866848394779e+01,8.222540415554287563e+01,8.523756279080180320e+01,8.801059680178869371e+01,9.049017289839125056e+01,9.262628568562928422e+01,9.437473714825719640e+01,9.569847846775111577e+01,9.656875434049268847e+01,9.696599734722167341e+01,9.688043043116350361e+01,9.631234860355458238e+01,9.527206585105940917e+01,9.377952897671585220e+01,9.186361580337192834e+01,8.956114984829743264e+01,8.691567635652967283e+01,8.397605471463531046e+01,8.079492920394378075e+01,7.742714346907737877e+01,7.392816389503963137e+01,7.035257346747897600e+01,6.675269101905206526e+01,6.317736160425523906e+01,5.967095279011948605e+01,5.627257966736389960e+01,5.301556915468835030e+01,4.992716242207364985e+01,4.702844363819050955e+01,4.433447426257131951e+01,4.185460511074571599e+01,3.959293361149825330e+01,3.754887108083875091e+01,3.571778434371566391e+01,3.409167740892490883e+01,3.265988182358214686e+01,3.140972842479470017e+01,3.032717807046181591e+01,2.939739418033822460e+01,2.860524519902008578e+01,2.793573010420000102e+01,2.737432459163030529e+01,2.690724940854777003e+01,2.652166538530639173e+01,2.620580199983650616e+01,2.594902782469993596e+01,2.574187201780283729e+01,2.557600622096644472e+01,2.544419593878121333e+01,2.534022980314767182e+01,2.525883420345796893e+01
5.367736799340219989e+01,5.471038146076108433e+01,5.563589485657522005e+01,5.644177893988027961e+01,5.711729441748307323e+01,5.765334211867690328e+01,5.804268307530171001e+01,5.828012238767863096e+01,5.836265200205338743e+01,5.828954899083362307e+01,5.806242754931426475e+01,5.768524462707740241e+01,5.716426081646225299e+01,5.650795973810235751e+01,5.572693060832848744e+01,5.483371986348191029e+01,5.384265857889636209e+01,5.276967289552101192e+01,5.163208471186485582e+01,5.044840949063713254e+01,4.923815716906629802e+01,4.802164087599025777e+01,4.681979650094562118e+01,4.565401421129621440e+01,4.454598087958849817e+01,4.351753019482747931e+01,4.259049513731018521e+01,4.178655565902192848e+01,4.112707299729223109e+01,4.063290122045385999e+01,4.032416650654261758e+01,4.022000540702418903e+01,4.033825502339892921e+01,4.069509064828914546e+01,4.130460995349762499e+01,4.217836713345052857e+01,4.332486534651727084e+01,4.474902107902755688e+01,4.645161936234519828e+01,4.842878372641320084e+01,5.067148896837787220e+01,5.316514784390549408e+01,5.588930427144892832e+01,5.881746525731122688e+01,6.191710127762066662e+01,6.514984019194365317e+01,6.847187295874397250e+01,7.183458068208302905e+01,7.518538221052970982e+01,7.846879015189898610e+01,8.162765140422237664e+01,8.460453686320839495e+01,8.734323461509552544e+01,8.979029240756052843e+01,9.189654917838039694e+01,9.361859244557408033e+01,9.492007877448355657e+01,9.577285846837612837e+01,9.615785297262598874e+01,9.606564389186191022e+01,9.549674542750886985e+01,9.446154669959720707e+01,9.297992594127261157e+01,9.108055400129701695e+01,8.879991901791230191e+01,8.618111667025613087e+01,8.327246034255144025e+01,8.012597231243634610e+01,7.679582038358006457e+01,7.333676415067554899e+01,6.980267147612948975e+01,6.624515915190774251e+01,6.271240267402681923e+01,5.924814925532864152e+01,5.589095639875098698e+01,5.267366631380013331e+01,4.962311490444953677e+01,4.676006361618879481e+01,4.409933360364155419e+01,4.165011481618760314e+01,3.941641788403787672e+01,3.739763415044014039e+01,3.558916872448479296e+01,3.398311279344277835e+01,3.256892431710890889e+01,3.133409025917983826e+01,3.026474830158556273e+01,2.934625115543886409e+01,2.856366177942497231e+01,2.790217274815535120e+01,2.734744744867883526e+01,2.688588456176080399e+01,2.650481031290701850e+01,2.619260522624037435e+01,2.593877360530005305e+01,2.573396476339467753e+01,2.556995522640139384e+01,2.543960084418881351e+01,2.533676709080552314e+01,2.525624492308454805e+01
5.178156846029823157e+01,5.274631348893541372e+01,5.361067558974443870e+01,5.436333156424327484e+01,5.499425781232712751e+01,5.549496447232074559e+01,5.585870159695216586e+01,5.608063168103853968e+01,5.615796402315949365e+01,5.609004777543879072e+01,5.587842205271152096e+01,5.552682306449995053e+01,5.504114982273303269e+01,5.442939148362086144e+01,5.370152072218779438e+01,5.286935863546914049e+01,5.194641745632848995e+01,5.094772777759874316e+01,4.988965699522807995e+01,4.878972525827781936e+01,4.766642436433112096e+01,4.653904378707767364e+01,4.542750642039391096e+01,4.435221474815664067e+01,4.333390610445275115e+01,4.239351360056192419e+01,4.155202730735039296e+01,4.083034855129066187e+01,4.024912887070721013e+01,3.982858444270036102e+01,3.958827677130332745e+01,3.954685123660809154e+01,3.972172681531233707e+01,4.012873291560723743e+01,4.078169278130920361e+01,4.169195719956720581e+01,4.286789710814707632e+01,4.431436888571735722e+01,4.603217130184422956e+01,4.801751793359378695e+01,5.026155292541395170e+01,5.274994087898366502e+01,5.546256303915440355e+01,5.837335148137060514e+01,6.145029048890978629e+01,6.465560964101871377e+01,6.794618636614380591e+01,7.127416705593000756e+01,7.458780565202127377e+01,7.783250742203789230e+01,8.095205406761236588e+01,8.388997507326041614e+01,8.659102006203789870e+01,8.900267860375200257e+01,9.107668807715035086e+01,9.277046733898242792e+01,9.404841443949111124e+01,9.488301056954720991e+01,9.525567971860262162e+01,9.515736381943384004e+01,9.458878589391937908e+01,9.356038815369932138e+01,9.209194728401287477e+01,9.021188431888370474e+01,8.795630067770696314e+01,8.536778422823620360e+01,8.249403895647141383e+01,7.938639843415697328e+01,7.609828647455701400e+01,7.268368808854812357e+01,6.919569026049251192e+01,6.568514553250702193e+01,6.219950246571193020e+01,5.878183641105103874e+01,5.547010241154976029e+01,5.229662022389688047e+01,4.928779009729102256e+01,4.646402769796895882e+01,4.383989790843807555e+01,4.142442050145875498e+01,3.922151607210311397e+01,3.723055813413641602e+01,3.544699683788530820e+01,3.386302111917490265e+01,3.246822893149775524e+01,3.125027918273602623e+01,3.019550370985389520e+01,2.928946270556677689e+01,2.851743211912807752e+01,2.786481639976494762e+01,2.731748430977640751e+01,2.686202924678002546e+01,2.648595849008701464e+01,2.617781799516522057e+01,2.592726082531011045e+01,2.572506809460342936e+01,2.556313149338597768e+01,2.543440618610613058e+01,2.533284222704588728e+01,2.525330174486529700e+01
4.989340248151567891e+01,5.079015327951213976e+01,5.159360931164555808e+01,5.229325004877117067e+01,5.287976452863275512e+01,5.334526951107827131e+01,5.368350178718639398e+01,5.388997939077310662e+01,5.396212754884631124e+01,5.389936648593157287e+01,5.370315960949714196e+01,5.337702208398463455e+01,5.292649127632962802e+01,5.235906194985033579e+01,5.168409031949472876e+01,5.091267208700662650e+01,5.005750028466324864e+01,4.913270911750301906e+01,4.815370996827766703e+01,4.713702529713528122e+01,4.610012533103113697e+01,4.506127122134560636e+01,4.403936680229390532e+01,4.305381928274567827e+01,4.212440724958138105e+01,4.127115237313297769e+01,4.051418932391322159e+01,3.987362678616698020e+01,3.936939124375527399e+01,3.902104456869539462e+01,3.884756649794028505e+01,3.886709394790521799e+01,3.909661085752421172e+01,3.955158488678733164e+01,4.024555078522327989e+01,4.118964447183412858e+01,4.239209665133829930e+01,4.385769987852525276e+01,4.558726805872855437e+01,4.757711207608313941e+01,4.981855918349319268e+01,5.229754657909229820e+01,5.499432087224128196e+01,5.788327460745426123e+01,6.093294845907763602e+01,6.410622304546745909e+01,6.736071759317485430e+01,7.064940411790149710e+01,7.392143574347798562e+01,7.712317675962677299e+01,8.019941064830783262e+01,8.309469129169225710e+01,8.575479264956950942e+01,8.812820407598049144e+01,9.016761277181073808e+01,9.183131214788268437e+01,9.308447542974077749e+01,9.390023778688465939e+01,9.426053750177435120e+01,9.415667686368848877e+01,9.358957602469909887e+01,9.256970726058818855e+01,9.111671208679294409e+01,8.925871857637172013e+01,8.703139010869000458e+01,8.447674881337374586e+01,8.164182646815115163e+01,7.857720204923819551e+01,7.533548822358908126e+01,7.196982875027534021e+01,6.853246518828524358e+01,6.507342486132114345e+01,6.163937324724784617e+01,5.827266350215660395e+01,5.501060442393411165e+01,5.188495654446003158e+01,4.892165490591762733e+01,4.614074702843232956e+01,4.355652609214446613e+01,4.117783276907476164e+01,3.900849462563492409e+01,3.704786960098881110e+01,3.529145963919584972e+01,3.373156189135574579e+01,3.235792770207668667e+01,3.115840349577622703e+01,3.011953230639809931e+01,2.922709968204309305e+01,2.846661270965244483e+01,2.782370566081932139e+01,2.728447003649956670e+01,2.683571043101310138e+01,2.646513055522022739e+01,2.616145592625395366e+01,2.591450116899615708e+01,2.571519064499682372e+01,2.555554131833971709e+01,2.542861649221853781e+01,2.532845841796872932e+01,2.525000690060801745e+01
4.802947619101184529e+01,4.885910495068967663e+01,4.960243577760583378e+01,5.024974037596710730e+01,5.079241109365805329e+01,5.122316328249071660e+01,5.153621389896184013e+01,5.172743152023024038e+01,5.179445396065172957e+01,5.173677086020322236e+01,5.155576992489385191e+01,5.125474686912509981e+01,5.083888047276710864e+01,5.031517544984883017e+01,4.969237695953672329e+01,4.898086150534645355e+01,4.819250960435063291e+01,4.734056591444591788e+01,4.643949244881052607e+01,4.550482006435532867e+01,4.455300258738408559e+01,4.360127675939769176e+01,4.266752969737913759e+01,4.177017383851603682e+01,4.092802747505816541e+01,4.016019709788420755e+01,3.948595599167632741e+01,3.892461200640234154e+01,3.849535631946248770e+01,3.821708444602589339e+01,3.810818088216501565e+01,3.818625968000309712e+01,3.846785502117825217e+01,3.896805848947920481e+01,3.970010320082695188e+01,4.067489911754021392e+01,4.190052857308345580e+01,4.338171601467944072e+01,4.511929092586022705e+01,4.710966746498093016e+01,4.934436816892010569e+01,5.180962174328897873e+01,5.448606614017102601e+01,5.734858752076765143e+01,6.036632311349124080e+01,6.350285132655060494e+01,6.671658581570170554e+01,6.996138175142125704e+01,7.318735263565469040e+01,7.634188518622705999e+01,7.937082865103047880e+01,8.221982412558168107e+01,8.483572974842837766e+01,8.716808973863004439e+01,8.917058973990840798e+01,9.080243833865509373e+01,9.202961524431805174e+01,9.282593056931504805e+01,9.317384680483628756e+01,9.306502511719054382e+01,9.250056993936007643e+01,9.149095978712611554e+01,9.005566695261255461e+01,8.822248332661376935e+01,8.602658318922318870e+01,8.350936557439618468e+01,8.071712807936249590e+01,7.769963025588047856e+01,7.450860770155121315e+01,7.119629760726492407e+01,6.781403297593412560e+01,6.441095637412290387e+01,6.103289544329913241e+01,5.772143213017680097e+01,5.451318640872274557e+01,5.143932388109988807e+01,4.852528573878518614e+01,4.579072972792268104e+01,4.324966246213130461e+01,4.091073698535458902e+01,3.877768507875519788e+01,3.684985145301203602e+01,3.512279656153218355e+01,3.358893609216275422e+01,3.223818794517075759e+01,3.105860133403577095e+01,3.003694718459057356e+01,2.915925389795980394e+01,2.841127745661994553e+01,2.777889951343625086e+01,2.724845129401484201e+01,2.680696471171894757e+01,2.644235495517830259e+01,2.614354093189429307e+01,2.590051136049928360e+01,2.570434505947714499e+01,2.554719417039049034e+01,2.542223878381017954e+01,2.532362081710258650e+01,2.524636413330991402e+01
4.620486041625646578e+01,4.696878203193340795e+01,4.765325463808261475e+01,4.824932532715464362e+01,4.874907473790653967e+01,4.914580393773626810e+01,4.943419958368514244e+01,4.961047295313593963e+01,4.967246936991543294e+01,4.961974564701115042e+01,4.945361437447684239e+01,4.917715514289561440e+01,4.879519404546072536e+01,4.831425397851072034e+01,4.774247929426977777e+01,4.708953918688358442e+01,4.636651475659120791e+01,4.558577495019439141e+01,4.476084648553163703e+01,4.390628241666716747e+01,4.303753318744544032e+01,4.217082287777746785e+01,4.132303191610456850e+01,4.051158588267418281e+01,3.975434825377652714e+01,3.906951314948663168e+01,3.847549247599155109e+01,3.799079043882479567e+01,3.763385739002431052e+01,3.742291450046788981e+01,3.737574094360785892e+01,3.750941623754909671e+01,3.784001218019034951e+01,3.838223143951482541e+01,3.914899328240836240e+01,4.015097103000487522e+01,4.139609043713217318e+01,4.288900306384572048e+01,4.463055353617569665e+01,4.661726403474136049e+01,4.884086303298586529e+01,5.128788786105968711e+01,5.393939175562115196e+01,5.677078538857188761e+01,5.975184025725825165e+01,6.284687668941388949e+01,6.601515262896467107e+01,6.921146103228380753e+01,7.238693397490948200e+01,7.549004093808522953e+01,7.846775781557805374e+01,8.126687263134685679e+01,8.383538449368191436e+01,8.612394461400307932e+01,8.808728289397397759e+01,8.968556111000354747e+01,9.088559440462339012e+01,9.166188673091747319e+01,9.199743297007792364e+01,9.188425031472280580e+01,9.132361364267261195e+01,9.032598329334130938e+01,8.891062808254915240e+01,8.710496067689439315e+01,8.494361573065026505e+01,8.246731267451116310e+01,7.972155407517161052e+01,7.675521657348870974e+01,7.361909428091993846e+01,7.036445411519292747e+01,6.704165905075893761e+01,6.369890900809387801e+01,6.038114062974768359e+01,5.712911712595508362e+01,5.397872841601138560e+01,5.096051064853327262e+01,4.809938351611408791e+01,4.541459416317123754e+01,4.291984837578444001e+01,4.062360345435836706e+01,3.852949287073811035e+01,3.663685052318244573e+01,3.494130201772895816e+01,3.343539170828388762e+01,3.210921692667712790e+01,3.095104458599530872e+01,2.994788978553575731e+01,2.908604083251727701e+01,2.835151990472960293e+01,2.773047313868141828e+01,2.720948802783526332e+01,2.677583950731815676e+01,2.641766890007946600e+01,2.612410197737024120e+01,2.588531376508782955e+01,2.569254846673286963e+01,2.553810306018289111e+01,2.541528286177670282e+01,2.531833674575295845e+01,2.524237886580220547e+01
4.443293284466943049e+01,4.513304394697378541e+01,4.576035683086549710e+01,4.630667144368449328e+01,4.676473664479465242e+01,4.712842204004270741e+01,4.739287006950785752e+01,4.755462434285999507e+01,4.761173107746425615e+01,4.756381150189700691e+01,4.741210419637769746e+01,4.715947749847134673e+01,4.681041324825801553e+01,4.637096421987940431e+01,4.584868852363341318e+01,4.525256500521722103e+01,4.459289416315388621e+01,4.388118930817752528e+01,4.313006256837418562e+01,4.235310988575339053e+01,4.156479835646028675e+01,4.078035816111910350e+01,4.001567995860903437e+01,3.928721704286533623e+01,3.861188987658280780e+01,3.800698892606519763e+01,3.749007015209598848e+01,3.707883619769622641e+01,3.679099539407808805e+01,3.664409031552914087e+01,3.665528787235338370e+01,3.684112393284234344e+01,3.721719726827181773e+01,3.779781022934452039e+01,3.859555694187130825e+01,3.962086384416966212e+01,4.088149190313173875e+01,4.238201460085178951e+01,4.412329048362264672e+01,4.610195337194606680e+01,4.830994688263272963e+01,5.073413235192278137e+01,5.335600024088673621e+01,5.615151437926871125e+01,5.909111577769617440e+01,6.213990814099540216e+01,6.525804071081019231e+01,6.840129586153084063e+01,7.152187932139759141e+01,7.456940047404924599e+01,7.749201950559506713e+01,8.023772786095476306e+01,8.275571924993326434e+01,8.499780096344110802e+01,8.691979011205478400e+01,8.848283704502676983e+01,8.965461894152427647e+01,9.041035048154020615e+01,9.073356548061626370e+01,9.061663307532464273e+01,9.006098394518035377e+01,8.907703546101078018e+01,8.768381875818413107e+01,8.590832469107927238e+01,8.378459858859034171e+01,8.135262492764064746e+01,7.865705182942576812e+01,7.574581119162672849e+01,7.266869303292601501e+01,6.947593219445039381e+01,6.621686207929471379e+01,6.293868397055281605e+01,5.968539216119877011e+01,5.649688527757241729e+01,5.340828346350676270e+01,5.044946020251015995e+01,4.764478713652368924e+01,4.501308085241967660e+01,4.256773269539790761e+01,4.031699653834866126e+01,3.826440524963095413e+01,3.640928437918051941e+01,3.474733121845588357e+01,3.327122867322651700e+01,3.197126603258762856e+01,3.083594238882316318e+01,2.985253280913091700e+01,2.900760203899661249e+01,2.828745521638875360e+01,2.767851953163819800e+01,2.716765477339641066e+01,2.674239411222430363e+01,2.639111920729931171e+01,2.610317575171221804e+01,2.586893691883958724e+01,2.567982289468740476e+01,2.552828486356985138e+01,2.540776155715384377e+01,2.531261588561923048e+01,2.523805834786042723e+01
4.272527054061085749e+01,4.336388466043458578e+01,4.393610976092811882e+01,4.443447118932967754e+01,4.485236158553652785e+01,4.518419819662433667e+01,4.542556234270191595e+01,4.557331741601709041e+01,4.562570258473849094e+01,4.558240029548339578e+01,4.544457668248938376e+01,4.521489504703323803e+01,4.489750361365685194e+01,4.449799974237654254e+01,4.402337362049939884e+01,4.348193511877984463e+01,4.288322792497928759e+01,4.223793522281057733e+01,4.155778103696427195e+01,4.085543090130645538e+01,4.014439473048769713e+01,3.943893370744189042e+01,3.875397168355373623e+01,3.810501008880329010e+01,3.750804375076769048e+01,3.697947342760772216e+01,3.653600939021172422e+01,3.619455917213700502e+01,3.597209177634169919e+01,3.588547031392565145e+01,3.595124536702186901e+01,3.618540240561426913e+01,3.660305840065005611e+01,3.721810537141727337e+01,3.804280193671132793e+01,3.908731789838100923e+01,4.035924130002044308e+01,4.186306203862904596e+01,4.359965067447619447e+01,4.556575525469089882e+01,4.775354238772956705e+01,5.015021112912583590e+01,5.273770914326462389e+01,5.549257982903030495e+01,5.838596646328740292e+01,6.138379486094482473e+01,6.444714963976971944e+01,6.753285111854653167e+01,7.059423051506641400e+01,7.358209092012970132e+01,7.644583108342257560e+01,7.913469900372268739e+01,8.159913334125266715e+01,8.379214341137932820e+01,8.567067354774314936e+01,8.719689538668248474e+01,8.833937240574601901e+01,8.907404493462665585e+01,8.938499072463396544e+01,8.926492568216934842e+01,8.871542102215306613e+01,8.774682620332653471e+01,8.637790078568517060e+01,8.463517196747659455e+01,8.255204719279424808e+01,8.016772212002086917e+01,7.752593278146112254e+01,7.467360649024240615e+01,7.165946870549939263e+01,6.853266260587004410e+01,6.534143470613875593e+01,6.213193383036017536e+01,5.894716262678215202e+01,5.582611118265520389e+01,5.280309183526701133e+01,4.990728365004694211e+01,4.716248487615509077e+01,4.458706254034704841e+01,4.219408063259201924e+01,3.999158236956339607e+01,3.798299795103876875e+01,3.616764706851544275e+01,3.454130508085379603e+01,3.309680303296099169e+01,3.182463428025542029e+01,3.071354406809878412e+01,2.975108265868207269e+01,2.892410716394812198e+01,2.821922182826760306e+01,2.762315085129607439e+01,2.712304174863800910e+01,2.670670057520779750e+01,2.636276300286191443e+01,2.608080722400087481e+01,2.585141596690048971e+01,2.566619561343782507e+01,2.551776058815782733e+01,2.539969093689320800e+01,2.530647043658773399e+01,2.523341177638998190e+01
4.109159173777183582e+01,4.167137237421798091e+01,4.219089511936944348e+01,4.264337913511167244e+01,4.302283273518632711e+01,4.332419679001847612e+01,4.354347209343987402e+01,4.367782744289159780e+01,4.372568590584302939e+01,4.368678758649595295e+01,4.356222812970047187e+01,4.335447315795124723e+01,4.306734978193782126e+01,4.270601720218230923e+01,4.227691917530014365e+01,4.178772170226092442e+01,4.124723966185598556e+01,4.066535622271977246e+01,4.005293869506419924e+01,3.942175401589407358e+01,3.878438630221224059e+01,3.815415787714824347e+01,3.754505391523862556e+01,3.697164942663629716e+01,3.644903578698941971e+01,3.599274251930796709e+01,3.561864866042227362e+01,3.534287692182958551e+01,3.518166311068635110e+01,3.515119303493096936e+01,3.526739948673726133e+01,3.554571296632707345e+01,3.600076162449443018e+01,3.664601847303348592e+01,3.749339719014972161e+01,3.855280172584561171e+01,3.983163922119424427e+01,4.133431026650058726e+01,4.306169495533823977e+01,4.501065722372382538e+01,4.717359325478410881e+01,4.953805194010223545e+01,5.208645620949469901e+01,5.479595321855413914e+01,5.763841874994925263e+01,6.058063668113278766e+01,6.358466806567555096e+01,6.660841647249405639e+01,6.960638706736578740e+01,7.253062696886755134e+01,7.533182423102411462e+01,7.796053302828050846e+01,8.036848389883024879e+01,8.250993086870121829e+01,8.434298248537540132e+01,8.583086166846928222e+01,8.694304010707969610e+01,8.765619677979728408e+01,8.795495692079009586e+01,8.783237707796914151e+01,8.729015329715072369e+01,8.633854225912980951e+01,8.499599863084849005e+01,8.328854515554397153e+01,8.124890429988120388e+01,7.891543086923772421e+01,7.633089328952755181e+01,7.354115679478587708e+01,7.059382430742890335e+01,6.753689031158890543e+01,6.441745965921622030e+01,6.128057735454331123e+01,5.816820742312131642e+01,5.511838957910092063e+01,5.216459220612780712e+01,4.933526981592923732e+01,4.665362325583947722e+01,4.413755203245292336e+01,4.179978062220922652e+01,3.964813483956951501e+01,3.768594038058846962e+01,3.591251357172870229e+01,3.432371402858345277e+01,3.291253016614943050e+01,3.166967102837290682e+01,3.058414140259668912e+01,2.964378132052570791e+01,2.883575549635535040e+01,2.814698271926726747e+01,2.756449945118330191e+01,2.707575568593037474e+01,2.666884436628283339e+01,2.633266825233242869e+01,2.605705006307695726e+01,2.583279299300382803e+01,2.565169939217746986e+01,2.550655557224358816e+01,2.539109045683719756e+01,2.529991523355215932e+01,2.522845038402174467e+01
3.953974436821651750e+01,4.006363764347249656e+01,4.053309662937385838e+01,4.094199938319977861e+01,4.128493882675834925e+01,4.155735291840258583e+01,4.175564050125465343e+01,4.187725992916459461e+01,4.192080822800789974e+01,4.188607931389478267e+01,4.177410062623347642e+01,4.158714840060251561e+01,4.132874265764858990e+01,4.100362377072126208e+01,4.061771314730906113e+01,4.017806107033896978e+01,3.969278505263941526e+01,3.917100212649979341e+01,3.862275829570520358e+01,3.805895790799625189e+01,3.749129496515122639e+01,3.693218739659096883e+01,3.639471411996237293e+01,3.589255335722049978e+01,3.543991924483077582e+01,3.505149236668606250e+01,3.474233855728973452e+01,3.452780928952299888e+01,3.442341629822038840e+01,3.444467291588682656e+01,3.460689501490783471e+01,3.492495554285872572e+01,3.541298845164880760e+01,3.608404036138971094e+01,3.694967151835147234e+01,3.801951139778707045e+01,3.930077850138941642e+01,4.079777828250104932e+01,4.251139742620397044e+01,4.443861660459884888e+01,4.657206698875271655e+01,4.889965789969870968e+01,5.140430372211707777e+01,5.406377734278849800e+01,5.685071475133379693e+01,5.973279099905331435e+01,6.267308152234632956e+01,6.563061510248593322e+01,6.856111578761306191e+01,7.141792139977962961e+01,7.415305634049332184e+01,7.671842690645556218e+01,7.906709886849253621e+01,8.115461026108772558e+01,8.294026771380254104e+01,8.438837264646224412e+01,8.546932450707095086e+01,8.616055202979418937e+01,8.644723010623809500e+01,8.632274897636031596e+01,8.578891355698721100e+01,8.485586319211508055e+01,8.354171518618548475e+01,8.187194837991208374e+01,7.987855497101534752e+01,7.759899906191506602e+01,7.507502844614816695e+01,7.235139149947625015e+01,6.947451348322013587e+01,6.649118605907713686e+01,6.344732051448930576e+01,6.038680943876979512e+01,5.735053384852310643e+01,5.437554361279246962e+01,5.149442910335652357e+01,4.873489192789722324e+01,4.611951298704160251e+01,4.366570744503086132e+01,4.138584892405658877e+01,3.928753960346486451e+01,3.737399907282566858e+01,3.564454276849818370e+01,3.409512051682565215e+01,3.271888691798369564e+01,3.150677776710418598e+01,3.044807011512655492e+01,2.953090759655817976e+01,2.874277697917232643e+01,2.807092623462490621e+01,2.750271854586214459e+01,2.702592036715913437e+01,2.662892480314556565e+01,2.630091409817774206e+01,2.603196690247313327e+01,2.581311722599460623e+01,2.563637265900519324e+01,2.549469960756417919e+01,2.538198305530798393e+01,2.529296781724187682e+01,2.522318749231826018e+01
3.807573753880791401e+01,3.854690598642124399e+01,3.896913367123883631e+01,3.933692007553771219e+01,3.964540939995121249e+01,3.989050823077226227e+01,4.006899049487473974e+01,4.017858713263206027e+01,4.021805851374685403e+01,4.018724831175843093e+01,4.008711830768737627e+01,3.991976437354577456e+01,3.968841464972750543e+01,3.939741163156163850e+01,3.905218047413051607e+01,3.865918626731284746e+01,3.822588328579657713e+01,3.776065924935952722e+01,3.727277741442819803e+01,3.677231884821676289e+01,3.627012651536568910e+01,3.577775185393468860e+01,3.530740337050505673e+01,3.487189549896258711e+01,3.448459461824207750e+01,3.415935780143261269e+01,3.391045867638409561e+01,3.375249382984516444e+01,3.370026260007139030e+01,3.376861298949177126e+01,3.397224688918571189e+01,3.432547891774550664e+01,3.484194498310501587e+01,3.553425917953052959e+01,3.641362078545031977e+01,3.748937682761678047e+01,3.876854976175265932e+01,4.025534407204278864e+01,4.195064974566727756e+01,4.385156433193455427e+01,4.595095832775980682e+01,4.823711062496045088e+01,5.069344142139209453e+01,5.329836910374375236e+01,5.602531500214753635e+01,5.884287554625945660e+01,6.171517528983650891e+01,6.460240671553002301e+01,6.746155401081469449e+01,7.024728856270380106e+01,7.291301428930717066e+01,7.541203170696127245e+01,7.769878143907629919e+01,7.973012129784746094e+01,8.146658663100066633e+01,8.287358172487856223e+01,8.392245094112706738e+01,8.459138200595029389e+01,8.486610034457893903e+01,8.474032224504375677e+01,8.421594545779610996e+01,8.330296796416473626e+01,8.201913835411207288e+01,8.038935377589658060e+01,7.844483300367124912e+01,7.622210212859840794e+01,7.376183814722199372e+01,7.110762088705959627e+01,6.830464604613922575e+01,6.539845159689880916e+01,6.243370657100957288e+01,5.945310562549607880e+01,5.649640525510218225e+01,5.359962862128956829e+01,5.079445632566498148e+01,4.810781068021034912e+01,4.556163169389409262e+01,4.317283460343014667e+01,4.095343171812401550e+01,3.891079589490022528e+01,3.704803925019770361e+01,3.536447876531184420e+01,3.385616015329631523e+01,3.251641253856240610e+01,3.133640889676680530e+01,3.030571051304229613e+01,2.941277762643153082e+01,2.864543263125090178e+01,2.799126642373257923e+01,2.743798247891295006e+01,2.697367683431592056e+01,2.658705521507776837e+01,2.626759098608181731e+01,2.600562943677965322e+01,2.579244511258169226e+01,2.562025955525754028e+01,2.548222697941604764e+01,2.537239518238137137e+01,2.528564845531471050e+01,2.521763852676802742e+01
3.670381116051976278e+01,3.712557002090106550e+01,3.750353566466725397e+01,3.783278973078093088e+01,3.810899277529296825e+01,3.832849019842181804e+01,3.848840696312909415e+01,3.858672884239106793e+01,3.862236846905916110e+01,3.859521508440290205e+01,3.850616755948830416e+01,3.835715096250632428e+01,3.815111762609408430e+01,3.789203429031510240e+01,3.758485741758426002e+01,3.723549915544113986e+01,3.685078662568809449e+01,3.643841721441988568e+01,3.600691230612579119e+01,3.556557143681244781e+01,3.512442813987973977e+01,3.469420784349258469e+01,3.428628708535163128e+01,3.391265209338034481e+01,3.358585350940074221e+01,3.331895279364987061e+01,3.312545474039090720e+01,3.301921966721410229e+01,3.301434832440929767e+01,3.312503251349642852e+01,3.336536490057802240e+01,3.374910263370062324e+01,3.428938116542850167e+01,3.499837714320383952e+01,3.588692231318599113e+01,3.696407398665629529e+01,3.823665158434831568e+01,3.970875289206657754e+01,4.138126767279193530e+01,4.325140989362562038e+01,4.531229273036009175e+01,4.755257240197266810e+01,4.995618748392183051e+01,5.250221942869828951e+01,5.516489743931258971e+01,5.791376655137008100e+01,6.071403185360813382e+01,6.352708441145598073e+01,6.631120597297271502e+01,6.902244036282800721e+01,7.161561012875131382e+01,7.404544807478140456e+01,7.626780539375991452e+01,7.824089176914280586e+01,7.992649855368176759e+01,8.129115433675340796e+01,8.230716312088364361e+01,8.295347900470281388e+01,8.321637759084018171e+01,8.308989299560009556e+01,8.257599985845222079e+01,8.168453152404651973e+01,8.043283789612047485e+01,7.884519859861224234e+01,7.695201829524771142e+01,7.478884065238037238e+01,7.239522493300778194e+01,6.981353418719106685e+01,6.708768623753852012e+01,6.426191811776527629e+01,6.137961146036487037e+01,5.848222086288942023e+01,5.560833994109857770e+01,5.279293114460715231e+01,5.006673605886014400e+01,4.745587344203002544e+01,4.498162320363852018e+01,4.266038640529734494e+01,4.050380453268175529e+01,3.851901601226481375e+01,3.670902436157702908e+01,3.507315048143217240e+01,3.360754132744867917e+01,3.230570835167356591e+01,3.115907143295440562e+01,3.015748722677394866e+01,2.928974465678936312e+01,2.854401434473916410e+01,2.790824286327868364e+01,2.737048656949628622e+01,2.691918325724577699e+01,2.654336282973038763e+01,2.623280056870932597e+01,2.597811834043522694e+01,2.577084024931808770e+01,2.560340987896647746e+01,2.546917642001321980e+01,2.536235676170920073e+01,2.527798011135081779e+01,2.521182099180079916e+01
3.542653819461341413e+01,3.580229539223851987e+01,3.613905129438259678e+01,3.643242934017160906e+01,3.667857055413408318e+01,3.687422851996241491e+01,3.701685453940389436e+01,3.710467099771070565e+01,3.713673143974987312e+01,3.711296641900838011e+01,3.703421478834602709e+01,3.690224072458894966e+01,3.671973738339419668e+01,3.649031862851838071e+01,3.621850073250976010e+01,3.590967626721992190e+01,3.557008255933619267e+01,3.520676705118069094e+01,3.482755166130405655e+01,3.444099777436830578e+01,3.405637280949243717e+01,3.368361843906215114e+01,3.333331949020757179e+01,3.301667140945606604e+01,3.274544297453765296e+01,3.253192977810622466e+01,3.238889298091869051e+01,3.232947703999759170e+01,3.236709966673808481e+01,3.251530726314296516e+01,3.278758961162782271e+01,3.319714872426172292e+01,3.375661852960639919e+01,3.447773448894159998e+01,3.537095524132061541e+01,3.644504187936679784e+01,3.770660430190807233e+01,3.915962807065861284e+01,4.080499906652315190e+01,4.264004671398733137e+01,4.465812932022942761e+01,4.684828686400420139e+01,4.919498710074449122e+01,5.167798991001673414e+01,5.427235226134187940e+01,5.694859197369186177e+01,5.967302266467844163e+01,6.240826512005617843e+01,6.511393207428838537e+01,6.774747449781824571e+01,7.026516844156725483e+01,7.262321285436125606e+01,7.477890114170878633e+01,7.669182312613794750e+01,7.832504998220520065e+01,7.964625302504703086e+01,8.062870815700297555e+01,8.125214138052228918e+01,8.150337694484568374e+01,8.137675810850760172e+01,8.087432070850772448e+01,8.000571113894501707e+01,7.878785227753884612e+01,7.724437263931187658e+01,7.540482487804183620e+01,7.330372905846920162e+01,7.097948335754689708e+01,6.847318964084760751e+01,6.582744349199076339e+01,6.308513772156126009e+01,6.028832529712983046e+01,5.747718232557583207e+01,5.468910461913655752e+01,5.195796301353522750e+01,4.931353355307732045e+01,4.678110948963892923e+01,4.438129329797805411e+01,4.212995905406164354e+01,4.003836892244738266e+01,3.811342240424094996e+01,3.635801353859056917e+01,3.477146944050481636e+01,3.335004330333708111e+01,3.208743611663814477e+01,3.097532360703969800e+01,3.000386802076571513e+01,2.916219803659536325e+01,2.843884404096801788e+01,2.782211995206173327e+01,2.730044652661761617e+01,2.686261444996287295e+01,2.649798837606572022e+01,2.619665538170531605e+01,2.594952300493860520e+01,2.574837317076184817e+01,2.558587891514613943e+01,2.545559097337113030e+01,2.535190108362521499e+01,2.526998836082355382e+01,2.520575440515624877e+01
3.424495350680919614e+01,3.457815426721377605e+01,3.487678615999849541e+01,3.513697363458113898e+01,3.535530191539990597e+01,3.552890181879179465e+01,3.565552603743842752e+01,3.573361517525606956e+01,3.576235224811994584e+01,3.574170486452689488e+01,3.567245484072171280e+01,3.555621555798040845e+01,3.539543790331458695e+01,3.519340611442060407e+01,3.495422524035468825e+01,3.468280219758173644e+01,3.438482251641502074e+01,3.406672481051398904e+01,3.373567474467206750e+01,3.339953981596499233e+01,3.306686560456180501e+01,3.274685331079430739e+01,3.244933740700672331e+01,3.218476114447303615e+01,3.196414653101240333e+01,3.179905431196062082e+01,3.170152853593661035e+01,3.168401956559552346e+01,3.175927900338930598e+01,3.194022004057979558e+01,3.223973729003386524e+01,3.267048129499123377e+01,3.324458465304681454e+01,3.397333905522781095e+01,3.486682546745826272e+01,3.593350307909698671e+01,3.717976636201839824e+01,3.860948342562483759e+01,4.022353257697757556e+01,4.201935732810549950e+01,4.399056274618132534e+01,4.612657773283068252e+01,4.841240828980846800e+01,5.082850587428340816e+01,5.335077243691551274e+01,5.595071963293727890e+01,5.859579407263895945e+01,6.124987352136881924e+01,6.387393097351933591e+01,6.642685491657979924e+01,6.886640535922327899e+01,7.115027686307317367e+01,7.323723244835889545e+01,7.508826637059351583e+01,7.666774985240137141e+01,7.794451225827606322e+01,7.889281113684680236e+01,7.949314807836307750e+01,7.973289332346939773e+01,7.960669022033380315e+01,7.911662051351295588e+01,7.827212248730741351e+01,7.708966552192124766e+01,7.559219595871107344e+01,7.380837963137479107e+01,7.177167538694975235e+01,6.951928088573936293e+01,6.709099656749690155e+01,6.452805570303246441e+01,6.187196789176305600e+01,5.916342036286729922e+01,5.644127628934615615e+01,5.374170245253699818e+01,5.109745050791630661e+01,4.853730735456956324e+01,4.608572125621184057e+01,4.376260191991493542e+01,4.158328515815638582e+01,3.955864639324097709e+01,3.769534235204308459e+01,3.599615696790387176e+01,3.446042576670684099e+01,3.308451277568471482e+01,3.186231508329775153e+01,3.078577236257477523e+01,2.984536167766829706e+01,2.903056143963847902e+01,2.833027218606207498e+01,2.773318567879340435e+01,2.722809743243226777e+01,2.680416103684629903e+01,2.645108540470847913e+01,2.615927829309487507e+01,2.591994109554263659e+01,2.572512099476902137e+01,2.556772715374714267e+01,2.544151777244435664e+01,2.534106463015812949e+01,2.526170125457476345e+01,2.519946019204671828e+01
3.315870310894059259e+01,3.345277994960228085e+01,3.371636220499056691e+01,3.394603470292580027e+01,3.413879074301914329e+01,3.429210755099470020e+01,3.440401437246464411e+01,3.447315172783345361e+01,3.449882073621717637e+01,3.448102186019004733e+01,3.442048290262570731e+01,3.431867657562369089e+01,3.417782843011406158e+01,3.400091635189647832e+01,3.379166316376705481e+01,3.355452409332990982e+01,3.329467094434900787e+01,3.301797472326293104e+01,3.273098820592650782e+01,3.244092947595426324e+01,3.215566682940678334e+01,3.188370463789051001e+01,3.163416882438901112e+01,3.141678957907148728e+01,3.124187788642686314e+01,3.112029142452670527e+01,3.106338451759890873e+01,3.108293616774646040e+01,3.119104985665732954e+01,3.140001888595150348e+01,3.172215159661073614e+01,3.216955193537641833e+01,3.275385255253770111e+01,3.348589991826034407e+01,3.437539378735341700e+01,3.543048663094158712e+01,3.665735224398274994e+01,3.805973643839875820e+01,3.963850631008306635e+01,4.139121776145834986e+01,4.331172349227942675e+01,4.538984526744840053e+01,4.761113468586842146e+01,4.995674571265529806e+01,5.240343977408438292e+01,5.492374021724779709e+01,5.748624747636934273e+01,6.005611954890347448e+01,6.259571466112939930e+01,6.506538468846119372e+01,6.742439946254988570e+01,6.963197406780233223e+01,7.164836414085152683e+01,7.343598854903159179e+01,7.496053508334708226e+01,7.619200329928601434e+01,7.710563958124066630e+01,7.768272294182830251e+01,7.791116587667065119e+01,7.778590249379129773e+01,7.730904569164252393e+01,7.648980581793875899e+01,7.534417436914731070e+01,7.389438721897604978e+01,7.216819193892078488e+01,7.019795240223871247e+01,6.801963055638017863e+01,6.567168965775024958e+01,6.319396519650907607e+01,6.062654917656476528e+01,5.800873049955882976e+01,5.537802922065381495e+01,5.276935580599668896e+01,5.021431871730329277e+01,4.774069521129529647e+01,4.537207170596895622e+01,4.312765193130536545e+01,4.102222378044213258e+01,3.906626964766955012e+01,3.726620031379040654e+01,3.562468923663369935e+01,3.414108243512442442e+01,3.281185893211708304e+01,3.163111777709651307e+01,3.059106977919953962e+01,2.968251498268310939e+01,2.889529033697769123e+01,2.821867568543195759e+01,2.764174987892230462e+01,2.715369230793047706e+01,2.674402827975169927e+01,2.640281933478199150e+01,2.612080173350302559e+01,2.588947793346055803e+01,2.570116692978843531e+01,2.554901989918737115e+01,2.542700773163618422e+01,2.532988683442329503e+01,2.525314913174083031e+01,2.519296154063688675e+01
3.216620759883510772e+01,3.242453620516693036e+01,3.265609231301027648e+01,3.285788117643513573e+01,3.302726865295733916e+01,3.316204807725597448e+01,3.326050083772760502e+01,3.332144939412657436e+01,3.334430181824447459e+01,3.332908733327951722e+01,3.327648275118436061e+01,3.318783013708971907e+01,3.306514643923841845e+01,3.291112618327036898e+01,3.272913861220202847e+01,3.252322083004563069e+01,3.229806855238288676e+01,3.205902596050726316e+01,3.181207588256447139e+01,3.156383107941865163e+01,3.132152679897537695e+01,3.109301399655379683e+01,3.088675173001297125e+01,3.071179627007768431e+01,3.057778347603596103e+01,3.049490004504331608e+01,3.047383843086905131e+01,3.052572963366424474e+01,3.066204777741896237e+01,3.089448050387760603e+01,3.123475979769073518e+01,3.169444897559984042e+01,3.228468325351889945e+01,3.301586354563316661e+01,3.389730590369666174e+01,3.493685218113458291e+01,3.614045096624126785e+01,3.751172138701818426e+01,3.905151582302118385e+01,4.075750061438247940e+01,4.262377626870318181e+01,4.464056017147706967e+01,4.679395516986635073e+01,4.906582643593525006e+01,5.143380660621775036e+01,5.387144530988988578e+01,5.634851390910244362e+01,5.883146976114553439e+01,6.128407685793796134e+01,6.366817168392228155e+01,6.594455501424529587e+01,6.807398265400610171e+01,7.001822131236367852e+01,7.174113040332534297e+01,7.320972699496167024e+01,7.439518971715708062e+01,7.527375838077459491e+01,7.582748940253610215e+01,7.604483275272211529e+01,7.592100377119908217e+01,7.545813241287153517e+01,7.466518275326592402e+01,7.355764629821710798e+01,7.215702315527545352e+01,7.049011480936236751e+01,6.858816053235953802e+01,6.648585587753660775e+01,6.422029592984938517e+01,6.182988782100396463e+01,5.935327645490563242e+01,5.682832456333908766e+01,5.429118340278824206e+01,5.177548400416759478e+01,4.931167137009339285e+01,4.692649589210552108e+01,4.464266804754655027e+01,4.247867461246797660e+01,4.044874760724073326e+01,3.856297130095389036e+01,3.682750806149206824e+01,3.524492076439192800e+01,3.381456787451267587e+01,3.253304710593874205e+01,3.139466458636318436e+01,3.039190848531191946e+01,2.951590885978254875e+01,2.875686876274160042e+01,2.810445519337010722e+01,2.754814201051697253e+01,2.707750028576158741e+01,2.668243458632180776e+01,2.635336624374377479e+01,2.608136672055773886e+01,2.585824571433056107e+01,2.567659965274626543e+01,2.552982677827936797e+01,2.541211516006223192e+01,2.531840977861350694e+01,2.524436438541811967e+01,2.518628322138659925e+01
3.126483385615982158e+01,3.149069513986293600e+01,3.169316372363959999e+01,3.186962646404857580e+01,3.201778726539405540e+01,3.213572613358757479e+01,3.222195289098839766e+01,3.227545448548926998e+01,3.229573513200858770e+01,3.228284887245487766e+01,3.223742451305548684e+01,3.216068327421513118e+01,3.205444984367731109e+01,3.192115783288744524e+01,3.176385087276391417e+01,3.158618072306757796e+01,3.139240378611399862e+01,3.118737729168308093e+01,3.097655614255031509e+01,3.076599097376061920e+01,3.056232738782441771e+01,3.037280559784679212e+01,3.020525886907554991e+01,3.006810823754601358e+01,2.997035005672262997e+01,2.992153204593063620e+01,2.993171276489088228e+01,3.001139890081294581e+01,3.017145451471566631e+01,3.042297653497908172e+01,3.077713138130162918e+01,3.124494870594045182e+01,3.183706988011545391e+01,3.256345102708241512e+01,3.343302306517287548e+01,3.445331428550794328e+01,3.563004431596691290e+01,3.696670173761177125e+01,3.846412090692548702e+01,4.012007645453738292e+01,4.192891622343648095e+01,4.388125482695305379e+01,4.596375032432683838e+01,4.815898555134456416e+01,5.044547329411138037e+01,5.279780072876133801e+01,5.518692343920866961e+01,5.758061304260179014e+01,5.994405527318271254e+01,6.224058766602972526e+01,6.443255818085977182e+01,6.648227869587233840e+01,6.835304077771752418e+01,7.001015596657074980e+01,7.142197941347114920e+01,7.256087438223451613e+01,7.340407606642341420e+01,7.393441641326074887e+01,7.414087707621334289e+01,7.401894496945556057e+01,7.357075376720911208e+01,7.280500456598997516e+01,7.173666922148775882e+01,7.038648996652807455e+01,6.878029820884952983e+01,6.694818335194615599e+01,6.492354863083699001e+01,6.274209498709704036e+01,6.044077575151641923e+01,5.805676434175465062e+01,5.562647445079871744e+01,5.318466756915115212e+01,5.076367652746908732e+01,4.839276652054599737e+01,4.609764727054893996e+01,4.390014210105128711e+01,4.181801218383375840e+01,3.986492748473747127e+01,3.805057028478918113e+01,3.638085280109179109e+01,3.485822748739590793e+01,3.348206706526213594e+01,3.224909114199791560e+01,3.115381725628903453e+01,3.018901614805370315e+01,2.934615373438624175e+01,2.861580543570470070e+01,2.798803188967103139e+01,2.745270849212531772e+01,2.699980442545081516e+01,2.661960972827284877e+01,2.630291142356342959e+01,2.604112169629189211e+01,2.582636257800944790e+01,2.565151256951510916e+01,2.551022115604035889e+01,2.539689730302237791e+01,2.530667783640917179e+01,2.523538118558313670e+01,2.517945137373725473e+01
3.045106948096430699e+01,3.064761791946205349e+01,3.082382437796918850e+01,3.097741999454704143e+01,3.110641354800700498e+01,3.120914342409729159e+01,3.128432509983701237e+01,3.133109325360376829e+01,3.134903787822522858e+01,3.133823408070734473e+01,3.129926557906128792e+01,3.123324223460298299e+01,3.114181226529581537e+01,3.102717004881126428e+01,3.089206061907870904e+01,3.073978206398420099e+01,3.057418702350238249e+01,3.039968434958157673e+01,3.022124170966292667e+01,3.004438949010867788e+01,2.987522578826074238e+01,2.972042158703245818e+01,2.958722441024776728e+01,2.948345789922959170e+01,2.941751388276922086e+01,2.939833269662996784e+01,2.943536681798951449e+01,2.953852239422730719e+01,2.971807304605470534e+01,2.998454049073500016e+01,3.034853713072115156e+01,3.082056683788610840e+01,3.141078176025962065e+01,3.212869508145440278e+01,3.298285222936979011e+01,3.398046597476317743e+01,3.512702405278706408e+01,3.642588121095116094e+01,3.787785072883168169e+01,3.948081323609490312e+01,4.122936283196905549e+01,4.311451184232011258e+01,4.512347582570869520e+01,4.723955948788400860e+01,4.944216188011851898e+01,5.170691561669920588e+01,5.400596992001293017e+01,5.630842125617354554e+01,5.858088842528854912e+01,6.078822157043830288e+01,6.289432708892466195e+01,6.486308333165391105e+01,6.665931573591637971e+01,6.824979510339932176e+01,6.960421949917082429e+01,7.069613900562741549e+01,7.150378349434134861e+01,7.201075671486043461e+01,7.220656523079053102e+01,7.208695780247722951e+01,7.165405933433740415e+01,7.091629298073161181e+01,6.988809387462583800e+01,6.858942761634665430e+01,6.704513555774802569e+01,6.528413651846747712e+01,6.333852044748599042e+01,6.124257338950049956e+01,5.903177476805208101e+01,5.674180744143795607e+01,5.440761835324499884e+01,5.206256314581509770e+01,4.973766219492505058e+01,4.746098859248220947e+01,4.525720112297766207e+01,4.314722772164992648e+01,4.114809770826737179e+01,3.927291464000659005e+01,3.753095621812789773e+01,3.592788351919432444e+01,3.446603900612300464e+01,3.314481131499157129e+01,3.196104463200262913e+01,3.090947142278701421e+01,2.998314915334002251e+01,2.917388421730383286e+01,2.847262931587729895e+01,2.786984378907853355e+01,2.735580965691043076e+01,2.692089921553220577e+01,2.655579280593207869e+01,2.625164773260970819e+01,2.600022120116664581e+01,2.579395154857586192e+01,2.562600297296144092e+01,2.549027947121572524e+01,2.538141382095603404e+01,2.529473726703254499e+01,2.522623516485859696e+01,2.517249326444087032e+01
2.972069503469755958e+01,2.989093321248279977e+01,3.004356691654805900e+01,3.017663604928307208e+01,3.028842269806357024e+01,3.037749671145010311e+01,3.044275755481042012e+01,3.048347170767688752e+01,3.049930510293829045e+01,3.049035037689447947e+01,3.045714898462395581e+01,3.040070851958568454e+01,3.032251584022716528e+01,3.022454682844769991e+01,3.010927376338460348e+01,2.997967136806485655e+01,2.983922255682943003e+01,2.969192476232256439e+01,2.954229744147054149e+01,2.939539094613947867e+01,2.925679640024090844e+01,2.913265556491555230e+01,2.902966892203525262e+01,2.895509940031542584e+01,2.891676835634521225e+01,2.892303966439479979e+01,2.898278713280009811e+01,2.910534002623922945e+01,2.930040130967223178e+01,2.957793341534546627e+01,2.994800693383803036e+01,3.042060869195783113e+01,3.100540722899625479e+01,3.171147571250359221e+01,3.254697480313377866e+01,3.351880080280404428e+01,3.463220747748179917e+01,3.589041307182823459e+01,3.729420703024229056e+01,3.884157358570321605e+01,4.052735144120094901e+01,4.234295002071608849e+01,4.427614300373036826e+01,4.631095891838907619e+01,4.842768635472634742e+01,5.060300784951083131e+01,5.281027175610761049e+01,5.501990560866795477e+01,5.719996787499216140e+01,5.931682790445554332e+01,6.133595671945784034e+01,6.322280451428767378e+01,6.494373476740204865e+01,6.646698017161406824e+01,6.776358251351140893e+01,6.880827747112590487e+01,6.958028621432035266e+01,7.006397871857802784e+01,7.024937873094869190e+01,7.013248710898531613e+01,6.971540841728419480e+01,6.900627473969385051e+01,6.801897010994269976e+01,6.677266821343610559e+01,6.529120451627741772e+01,6.360231123623282201e+01,6.173674917606718537e+01,5.972737410167522398e+01,5.760817691059975942e+01,5.541333628828823521e+01,5.317632001528068031e+01,5.092906681692001314e+01,4.870127498566512259e+01,4.651981737095755420e+01,4.440829517406263705e+01,4.238673575728223852e+01,4.047143279918059733e+01,3.867492096266743573e+01,3.700607207533560938e+01,3.547029584503501098e+01,3.406982544688656844e+01,3.280406692762827703e+01,3.166999120420559422e+01,3.066254834363036252e+01,2.977508560905194201e+01,2.899975322181080628e+01,2.832788468951483551e+01,2.775034166105237787e+01,2.725781638694104814e+01,2.684108781491617535e+01,2.649123000160203745e+01,2.619977377767110482e+01,2.595882441237090887e+01,2.576113936661617032e+01,2.560017111607575302e+01,2.547008050530769552e+01,2.536572621667708560e+01,2.528263576934260470e+01,2.521696307361342804e+01,2.516543702251254189e+01
2.906894982072142142e+01,2.921570893994802276e+01,2.934730577573393973e+01,2.946205551186990945e+01,2.955848378944784827e+01,2.963536655172828915e+01,2.969176683951565821e+01,2.972706793559501293e+01,2.974100246592177399e+01,2.973367730057498193e+01,2.970559434582683878e+01,2.965766756435785112e+01,2.959123678591990370e+01,2.950807905650475504e+01,2.941041840066399260e+01,2.930093491990328758e+01,2.918277410260832383e+01,2.905955706340962763e+01,2.893539215250505592e+01,2.881488797463777018e+01,2.870316733729548275e+01,2.860588102152290801e+01,2.852921956010563065e+01,2.847992045141091211e+01,2.846526747863124740e+01,2.849307809978899897e+01,2.857167428862061342e+01,2.870983181135495244e+01,2.891670279247493269e+01,2.920170662384080984e+01,2.957438486706961811e+01,3.004421683412489585e+01,3.062039402841067925e+01,3.131155358192193461e+01,3.212547319224292863e+01,3.306873276718563659e+01,3.414635090589877819e+01,3.536140732700900458e+01,3.671466520823455681e+01,3.820420991632086327e+01,3.982512255907636245e+01,4.156920796598637224e+01,4.342479690659969549e+01,4.537664143432219532e+01,4.740592010425363156e+01,4.949036643835681559e+01,5.160452946574456234e+01,5.372016960657281004e+01,5.580678683957362551e+01,5.783227131908666507e+01,5.976365977279891695e+01,6.156797453959388378e+01,6.321311643034321293e+01,6.466877812257652636e+01,6.590734188665388160e+01,6.690472435459912504e+01,6.764113194080030667e+01,6.810169343619037363e+01,6.827694111869730875e+01,6.816311821472577037e+01,6.776229835271448110e+01,6.708231131913706236e+01,6.613647844544868803e+01,6.494316978140639662e+01,6.352520331956542776e+01,6.190911345317066150e+01,6.012432118650364288e+01,5.820224209672902305e+01,5.617536952260136474e+01,5.407636991719472519e+01,5.193722486984935927e+01,4.978845021467952847e+01,4.765841723140837161e+01,4.557279460648217650e+01,4.355412298893244838e+01,4.162152707730129464e+01,3.979056361224007787e+01,3.807319776972123293e+01,3.647789552300281457e+01,3.500981575183356398e+01,3.367108331849728131e+01,3.246112300829262409e+01,3.137703407495071417e+01,3.041398600340137293e+01,2.956561782061354293e+01,2.882442563918177569e+01,2.818212588712244226e+01,2.762998464655404618e+01,2.715910649905209695e+01,2.676067909193724148e+01,2.642617216927351009e+01,2.614749196450007673e+01,2.591709357720914397e+01,2.572805523836288089e+01,2.557411921965061197e+01,2.544970460042998894e+01,2.534989722286888636e+01,2.527042200527807481e+01,2.520760241158045289e+01,2.515831135631471227e+01
2.849068768320205081e+01,2.861661368406507577e+01,2.872954362097749481e+01,2.882803667452409613e+01,2.891083424153482540e+01,2.897689466501098821e+01,2.902542550159318324e+01,2.905591284416460951e+01,2.906814740067517633e+01,2.906224723557704337e+01,2.903867729557659416e+01,2.899826605262943957e+01,2.894221978825792263e+01,2.887213519709102272e+01,2.879001108622780336e+01,2.869825997323480848e+01,2.859972032346404802e+01,2.849767000388719751e+01,2.839584125696015349e+01,2.829843711103210069e+01,2.821014864753659879e+01,2.813617195223472578e+01,2.808222291036710416e+01,2.805454729633553868e+01,2.805992290059904093e+01,2.810564978281483306e+01,2.819952420215403066e+01,2.834979142010502784e+01,2.856507246680590839e+01,2.885426017500520146e+01,2.922638037353053875e+01,2.969041513710401148e+01,3.025508643245985496e+01,3.092860037529961303e+01,3.171835457909534028e+01,3.263061365917752710e+01,3.367016074045753271e+01,3.483993565538014536e+01,3.614067323062302250e+01,3.757055744522605778e+01,3.912490908813137480e+01,4.079592564367527530e+01,4.257249230565432896e+01,4.444008212014141890e+01,4.638076119668795627e+01,4.837331169017283372e+01,5.039348090568510941e+01,5.241435956661396744e+01,5.440688624564263165e+01,5.634046849849320893e+01,5.818370472848179986e+01,5.990518464954570277e+01,6.147434081797449323e+01,6.286231945792840747e+01,6.404283604904792071e+01,6.499298013027950560e+01,6.569393465118304221e+01,6.613157799736279685e+01,6.629694142825509573e+01,6.618650086538073651e+01,6.580228941679328614e+01,6.515182528837149789e+01,6.424785832476807457e+01,6.310794682804084488e+01,6.175388401942736749e+01,6.021100008833055739e+01,5.850737084322668125e+01,5.667296727986183669e+01,5.473878177406507461e+01,5.273596608048451628e+01,5.069501399041996592e+01,4.864501759890261923e+01,4.661302097001207301e+01,4.462348894883955097e+01,4.269790235848890347e+01,4.085448425125190397e+01,3.910805563619138070e+01,3.747001350943442333e+01,3.594841932591730682e+01,3.454818244711862008e+01,3.327132066717742731e+01,3.211727866519637331e+01,3.108328508568263970e+01,3.016472978241769809e+01,2.935554439963831896e+01,2.864857170757406024e+01,2.803591174696136790e+01,2.750923566507806584e+01,2.706006095902411346e+01,2.667998452385517538e+01,2.636087231169605971e+01,2.609500645806068064e+01,2.587519237460569954e+01,2.569482952800348841e+01,2.554795043534069521e+01,2.542923284237397752e+01,2.533399016264204207e+01,2.525814510258647161e+01,2.519819104365549833e+01,2.515114525864462536e+01
2.798052007227693139e+01,2.808806490463245709e+01,2.818452417708770241e+01,2.826867208386197916e+01,2.833944002801641915e+01,2.839594680852203368e+01,2.843752685426952098e+01,2.846375612577025649e+01,2.847447546593390300e+01,2.846981135993892309e+01,2.845019425025641269e+01,2.841637473367936551e+01,2.836943812836810253e+01,2.831081802486725252e+01,2.824230950968663123e+01,2.816608275761274172e+01,2.808469761504070306e+01,2.800111962944923150e+01,2.791873771170922325e+01,2.784138324550522015e+01,2.777334998570623625e+01,2.771941352696309124e+01,2.768484849609177800e+01,2.767544095762370304e+01,2.769749286183700221e+01,2.775781475849039737e+01,2.786370250503997426e+01,2.802289337834396576e+01,2.824349691857483080e+01,2.853389605533756779e+01,2.890261464275067027e+01,2.935814850220819139e+01,2.990875845804457356e+01,3.056222564544018638e+01,3.132557153351604740e+01,3.220474756705228003e+01,3.320430197944533290e+01,3.432703402541781657e+01,3.557364845379596829e+01,3.694242529704411027e+01,3.842892179485320270e+01,4.002572429878020444e+01,4.172226814980867715e+01,4.350474264474559760e+01,4.535609622840456012e+01,4.725615395177106848e+01,4.918185508410299889e+01,5.110761370299331219e+01,5.300579933423394152e+01,5.484732856717220528e+01,5.660235238080097275e+01,5.824101806450703833e+01,5.973427949613742527e+01,6.105472551824115612e+01,6.217739354952089315e+01,6.308053462315514537e+01,6.374629689677186661e+01,6.416129735469030493e+01,6.431705582334862470e+01,6.421027132783636659e+01,6.384292790663148054e+01,6.322222486332279345e+01,6.236033460233667114e+01,6.127399918191091643e+01,5.998398404625469027e+01,5.851441364204315221e+01,5.689201843221076871e+01,5.514532594440589719e+01,5.330382980164768014e+01,5.139717017077705918e+01,4.945435684112607078e+01,4.750306242796130363e+01,4.556900828406789117e+01,4.367545995836964323e+01,4.184284285225886180e+01,4.008848248190550123e+01,3.842646782046973897e+01,3.686763087968479624e+01,3.541963123983082085e+01,3.408713081651022492e+01,3.287204184576084032e+01,3.177382988079097714e+01,3.078985345840118981e+01,2.991572288772592714e+01,2.914566217297102924e+01,2.847286021468077877e+01,2.788979994112812477e+01,2.738855670889756411e+01,2.696106000387595358e+01,2.659931502204296550e+01,2.629558299778755170e+01,2.604252109522903424e+01,2.583328423899398274e+01,2.566159242044970767e+01,2.552176778569555182e+01,2.540874622585614873e+01,2.531806829640551371e+01,2.524585414711788189e+01,2.518876680779902344e+01,2.514396770588914265e+01
2.753294438577090730e+01,2.762436190180621054e+01,2.770636932994641199e+01,2.777792924477566672e+01,2.783813939753989075e+01,2.788625888716229184e+01,2.792173281651007599e+01,2.794421514327683909e+01,2.795358957519782805e+01,2.794998851434831266e+01,2.793381021550749921e+01,2.790573447763394910e+01,2.786673732245263935e+01,2.781810521594486474e+01,2.776144944260274983e+01,2.769872123437908584e+01,2.763222817326676406e+01,2.756465221763112794e+01,2.749906944059040015e+01,2.743897121154670771e+01,2.738828610325044011e+01,2.735140127779584063e+01,2.733318151541251595e+01,2.733898342868156917e+01,2.737466178998681698e+01,2.744656433846926902e+01,2.756151097870057143e+01,2.772675299596724940e+01,2.794990785339086159e+01,2.823886536241219147e+01,2.860166158100852485e+01,2.904631773051601584e+01,2.958064274989963849e+01,3.021199981867950157e+01,3.094703923987936278e+01,3.179140241305126224e+01,3.274940414175334524e+01,3.382370307497776452e+01,3.501497251589530890e+01,3.632158596255481342e+01,3.773933338413854699e+01,3.926118519842665933e+01,4.087712103697416666e+01,4.257403953597892610e+01,4.433576349591271537e+01,4.614315179869311834e+01,4.797432551759643360e+01,4.980501083959860864e+01,5.160899595509437887e+01,5.335869323572777034e+01,5.502579214934128515e+01,5.658198281552021314e+01,5.799972525636512444e+01,5.925303559474093618e+01,6.031825799756824580e+01,6.117479028175269207e+01,6.180573192672687100e+01,6.219842579207654154e+01,6.234486902700292887e+01,6.224197427293282203e+01,6.189166899289466528e+01,6.130082822234183482e+01,6.048104378387962754e+01,5.944824057966523156e+01,5.822215751958561469e+01,5.682571655550366074e+01,5.528430784089913175e+01,5.362502198683158383e+01,5.187586161617506519e+01,5.006496392186292610e+01,4.821986381729323057e+01,4.636682373391553824e+01,4.453025145844367216e+01,4.273222195162239245e+01,4.099211322131030499e+01,3.932636040398516997e+01,3.774832658376070071e+01,3.626828384189796850e+01,3.489349381363263092e+01,3.362837378974791136e+01,3.247473221689239864e+01,3.143205632752374612e+01,3.049783450516584082e+01,2.966789674643533203e+01,2.893675806125026995e+01,2.829795167604112294e+01,2.774434128246417330e+01,2.726840412244191469e+01,2.686247925281621818e+01,2.651897774868286106e+01,2.623055377381896847e+01,2.599023729304408192e+01,2.579153068112139024e+01,2.562847258205298218e+01,2.549567310289953070e+01,2.538832481902068139e+01,2.530219416837549318e+01,2.523359767501356643e+01,2.517936712299625768e+01,2.513680735733417038e+01
2.714245632447909173e+01,2.721980221677345924e+01,2.728919915049548450e+01,2.734977379777331308e+01,2.740076869186956188e+01,2.744156486363806025e+01,2.747170333698993261e+01,2.749090526815059476e+01,2.749909063591307401e+01,2.749639552434080514e+01,2.748318817695366079e+01,2.746008413214283905e+01,2.742796086176520731e+01,2.738797241588943976e+01,2.734156461334404042e+01,2.729049129710774935e+01,2.723683208382887244e+01,2.718301186810729320e+01,2.713182208811646845e+01,2.708644341766123986e+01,2.705046912457448727e+01,2.702792783707644020e+01,2.702330390687799877e+01,2.704155297746792286e+01,2.708810979394927898e+01,2.716888477095042731e+01,2.729024541841157259e+01,2.745897846704105305e+01,2.768222849312372347e+01,2.796740907083887251e+01,2.832208302666632704e+01,2.875380926947250515e+01,2.926995493785190661e+01,2.987747323612009254e+01,3.058264928697114371e+01,3.139081854634321189e+01,3.230606470684599429e+01,3.333090643243318851e+01,3.446598456546607281e+01,3.570976345640436733e+01,3.705826160681453274e+01,3.850482771393723169e+01,4.003997830481998221e+01,4.165131232942871975e+01,4.332351627316533182e+01,4.503847053842311965e+01,4.677546408998738059e+01,4.851151979105052447e+01,5.022182767737292863e+01,5.188027789193635186e+01,5.346007944575850246e+01,5.493444572656595426e+01,5.627732309610311034e+01,5.746413532945441460e+01,5.847251434017373128e+01,5.928298681712607276e+01,5.987958719626470838e+01,6.025036982261504903e+01,6.038779713423457451e+01,6.028898602364061077e+01,5.995580091053092531e+01,5.939478912408058875e+01,5.861696152527739656e+01,5.763742846154192279e+01,5.647490771138554067e+01,5.515112666332023394e+01,5.369014526820458855e+01,5.211762908682756290e+01,5.046010290909350715e+01,4.874421494211925676e+01,4.699603955266130129e+01,4.524044319975798345e+01,4.350053377725186721e+01,4.179720842614248966e+01,4.014880932282343196e+01,3.857089135021488602e+01,3.707610023893739282e+01,3.567415500395180317e+01,3.437192451670291860e+01,3.317358499174484621e+01,3.208084310469191536e+01,3.109320839899667988e+01,3.020829852330855303e+01,2.942216155826859847e+01,2.872960109321099154e+01,2.812449162842163730e+01,2.760007412845925145e+01,2.714922396296079299e+01,2.676468588592237197e+01,2.643927298956265659e+01,2.616602862079356484e+01,2.593835199476899334e+01,2.575008963961636255e+01,2.559559584619539052e+01,2.546976598750353560e+01,2.536804694390960080e+01,2.528642896575810184e+01,2.522142317489078422e+01,2.517002860505171569e+01,2.512969226057491312e+01
2.680364566568945506e+01,2.686878085357755808e+01,2.692723420505196685e+01,2.697827451714463010e+01,2.702126959496019865e+01,2.705570579051784108e+01,2.708120671623341735e+01,2.709755098136135487e+01,2.710468890635052119e+01,2.710275828608491722e+01,2.709209939077389251e+01,2.707326950367707497e+01,2.704705738742746846e+01,2.701449813402413369e+01,2.697688887570385674e+01,2.693580580314290529e+01,2.689312284302558709e+01,2.685103218009556514e+01,2.681206656350763140e+01,2.677912301188641209e+01,2.675548712955210817e+01,2.674485677790034899e+01,2.675136332829450581e+01,2.677958818140273678e+01,2.683457170619109178e+01,2.692181127096080928e+01,2.704724465656928345e+01,2.721721491040280227e+01,2.743841267234566317e+01,2.771779223212653065e+01,2.806245810530471019e+01,2.847951977507195664e+01,2.897591345404238794e+01,2.955819126715894640e+01,3.023228011032342977e+01,3.100321453685166873e+01,3.187485027295245033e+01,3.284956724335749101e+01,3.392797315413627501e+01,3.510862056977631340e+01,3.638775186677588636e+01,3.775908728212289134e+01,3.921367135640393542e+01,4.073979228470397373e+01,4.232298696664140891e+01,4.394614187984985421e+01,4.558969634431309004e+01,4.723195042243492026e+01,4.884947480294633237e+01,5.041761479662193324e+01,5.191107532544540959e+01,5.330456883932148315e+01,5.457350377622672966e+01,5.569468780435359179e+01,5.664701791606825054e+01,5.741212868446022100e+01,5.797497075958595758e+01,5.832429399067796538e+01,5.845301332647722603e+01,5.835844068147763863e+01,5.804237198441494883e+01,5.751102529855393897e+01,5.677483282612116255e+01,5.584809636812909162e+01,5.474852200415408987e+01,5.349665502355637869e+01,5.211524018587977736e+01,5.062853500596472145e+01,4.906160484015186540e+01,4.743962808925108732e+01,4.578723792737747544e+01,4.412792379797323861e+01,4.248351174535204677e+01,4.087373777706901734e+01,3.931592320899466131e+01,3.782475566042392501e+01,3.641217434673486508e+01,3.508735382501077282e+01,3.385677658925720834e+01,3.272438202574289789e+01,3.169177729569705093e+01,3.075849471553065229e+01,2.992228009788836474e+01,2.917939719556588329e+01,2.852493471461697894e+01,2.795310417150361459e+01,2.745751899313459887e+01,2.703144753431790193e+01,2.666803496604861223e+01,2.636049114462973364e+01,2.610224350804060833e+01,2.588705569407494167e+01,2.570911389559078231e+01,2.556308394942323048e+01,2.544414280742739720e+01,2.534798838881628669e+01,2.527083190301495819e+01,2.520937660963488725e+01,2.516078669761277098e+01,2.512264956867883825e+01
2.651127545061470769e+01,2.656587231761689338e+01,2.661488014734644736e+01,2.665769012524386028e+01,2.669377780815889523e+01,2.672271995939106048e+01,2.674421082209024902e+01,2.675807773227144182e+01,2.676429606547578288e+01,2.676300361119823634e+01,2.675451456979057596e+01,2.673933345942792172e+01,2.671816929648305106e+01,2.669195046098072410e+01,2.666184066894742344e+01,2.662925643480711813e+01,2.659588630973826184e+01,2.656371201807407445e+01,2.653503137809847701e+01,2.651248258447879635e+01,2.649906905051770423e+01,2.649818356880850700e+01,2.651363006500666586e+01,2.654964071500597811e+01,2.661088570216465143e+01,2.670247244689292287e+01,2.682993079049082397e+01,2.699918040735330038e+01,2.721647670464653856e+01,2.748833169417646616e+01,2.782140682876219273e+01,2.822237561503666825e+01,2.869775496004326953e+01,2.925370567322829984e+01,2.989580429663854844e+01,3.062879041517477674e+01,3.145629571836855121e+01,3.238056323145186610e+01,3.340216716999599811e+01,3.451974564674215884e+01,3.572975981242269938e+01,3.702629379007686339e+01,3.840090982779216233e+01,3.984257234188977748e+01,4.133765288859250120e+01,4.287002557845621453e+01,4.442125908714347560e+01,4.597090733616384739e+01,4.749689629880620600e+01,4.897599946640014679e+01,5.038438956837646998e+01,5.169824948250382590e+01,5.289442121029004795e+01,5.395106861988986680e+01,5.484832762653105931e+01,5.556891677712907551e+01,5.609868193953528248e+01,5.642705098337992098e+01,5.654737789680946491e+01,5.645716053479785046e+01,5.615812187887306806e+01,5.565615097674714207e+01,5.496110625123569093e+01,5.408649023171318504e+01,5.304901059016179943e+01,5.186804731830036985e+01,5.056504968574682835e+01,4.916288907663075491e+01,4.768519481198241294e+01,4.615569962383715819e+01,4.459761964489358377e+01,4.303309078901614981e+01,4.148267946417735175e+01,3.996498096804476319e+01,3.849631397770453844e+01,3.709051456890238541e+01,3.575882847443670443e+01,3.450989606332972670e+01,3.334982098543186169e+01,3.228231071113049211e+01,3.130887536862097420e+01,3.042907034478246686e+01,2.964076801718761800e+01,2.894044462557728892e+01,2.832346953937030776e+01,2.778438588157147393e+01,2.731717346991900541e+01,2.691548717913619981e+01,2.657286597399969708e+01,2.628290989348019480e+01,2.603942408939370523e+01,2.583653057470398906e+01,2.566874958017407238e+01,2.553105334189074682e+01,2.541889575600279372e+01,2.532822166724757196e+01,2.525545964268714982e+01,2.519750196668254105e+01,2.515167532525437366e+01,2.511570527432072097e+01
2.626034508404721635e+01,2.630589598708337817e+01,2.634679512463551632e+01,2.638253846924821389e+01,2.641269370963695806e+01,2.643691473455244889e+01,2.645495577274765964e+01,2.646668513385079535e+01,2.647209857560300605e+01,2.647133240914245178e+01,2.646467653970808342e+01,2.645258771793185915e+01,2.643570333832003527e+01,2.641485615730081449e+01,2.639109030361369079e+01,2.636567890921197233e+01,2.634014359038837938e+01,2.631627584923391083e+01,2.629616024002235619e+01,2.628219885240903864e+01,2.627713630672669609e+01,2.628408404497923101e+01,2.630654224958215437e+01,2.634841725262786483e+01,2.641403184072128951e+01,2.650812545021348043e+01,2.663584092660758884e+01,2.680269433554100544e+01,2.701452430784224745e+01,2.727741762239426748e+01,2.759760821644083606e+01,2.798134759146192252e+01,2.843474566649205215e+01,2.896358251283751173e+01,2.957309305440083946e+01,3.026772868042837672e+01,3.105090171027515922e+01,3.192472066559077959e+01,3.288972621588132483e+01,3.394463932558036845e+01,3.508613439531264788e+01,3.630865091224509911e+01,3.760425717612464069e+01,3.896257894962391077e+01,4.037080433557694903e+01,4.181377380200903815e+01,4.327416110881173950e+01,4.473274704865358586e+01,4.616878356964683405e+01,4.756044122124833251e+01,4.888532822128196642e+01,5.012106506853062626e+01,5.124589481425238091e+01,5.223930613221720876e+01,5.308264442631691793e+01,5.375968556410590082e+01,5.425714752466636526e+01,5.456511731389909414e+01,5.467737385204905110e+01,5.459159201027478048e+01,5.430941831942087106e+01,5.383641478609842324e+01,5.318187337888512900e+01,5.235850972524642089e+01,5.138205003276141269e+01,5.027072989799388836e+01,4.904472723353126185e+01,4.772555384562913616e+01,4.633543113669657032e+01,4.489667498552992697e+01,4.343111315928402405e+01,4.195955579869733754e+01,4.050133581895985202e+01,3.907393175294716059e+01,3.769268092288857730e+01,3.637058615190798605e+01,3.511821478840927568e+01,3.394368484610965453e+01,3.285272974198966978e+01,3.184883056629072939e+01,3.093340310452983744e+01,3.010602595398571069e+01,2.936469598642801770e+01,2.870609801232905411e+01,2.812587667550567261e+01,2.761890020842994531e+01,2.717950755812381303e+01,2.680173240588492689e+01,2.647949961989467127e+01,2.620679158713645407e+01,2.597778358358596407e+01,2.578694879913830107e+01,2.562913480179991410e+01,2.549961409342775909e+01,2.539411198588178564e+01,2.530881533668781813e+01,2.524036576305471158e+01,2.518584084474835194e+01,2.514272657473728501e+01,2.510888396555672486e+01
2.604613825271585625e+01,2.608396575646834492e+01,2.611794096626497463e+01,2.614764905423328401e+01,2.617273601323305243e+01,2.619292110331884871e+01,2.620800913166569757e+01,2.621790254607334703e+01,2.622261339224444754e+01,2.622227525922620828e+01,2.621715541025260876e+01,2.620766736111462336e+01,2.619438421750336587e+01,2.617805310813675490e+01,2.615961104310449059e+01,2.614020247803208008e+01,2.612119876633997606e+01,2.610421952745723573e+01,2.609115574402824222e+01,2.608419412484788324e+01,2.608584193560209030e+01,2.609895111474096296e+01,2.612674007115998975e+01,2.617281112446219993e+01,2.624116112468998452e+01,2.633618241008368344e+01,2.646265096747065826e+01,2.662569849274278511e+01,2.683076505214277674e+01,2.708352926036288366e+01,2.738981335461304667e+01,2.775546128073300167e+01,2.818618892971482381e+01,2.868740696391848743e+01,2.926401822328676161e+01,2.992019345046378476e+01,3.065913094268602634e+01,3.148280762709839209e+01,3.239173084445390316e+01,3.338470167986844217e+01,3.445860185865106473e+01,3.560821689479880092e+01,3.682610821972421178e+01,3.810254633662965773e+01,3.942551558741929796e+01,4.078079887757983357e+01,4.215214772771647489e+01,4.352153941312170105e+01,4.486951887504473291e+01,4.617561874843298853e+01,4.741884649795640883e+01,4.857822355680779935e+01,4.963335779485761634e+01,5.056502786168829999e+01,5.135575617650199831e+01,5.199034673588413824e+01,5.245636457586208223e+01,5.274453566902615620e+01,5.284904918727328038e+01,5.276774825918907652e+01,5.250220036727084505e+01,5.205764407444975461e+01,5.144281451370437708e+01,5.066965567629623024e+01,4.975293266089477129e+01,4.870976139949963368e+01,4.755907671397449121e+01,4.632106170842952508e+01,4.501656237922401260e+01,4.366651092362800313e+01,4.229137963073362982e+01,4.091068459806035662e+01,3.954255504728485704e+01,3.820337996586611240e+01,3.690753945124029656e+01,3.566722375334163786e+01,3.449233885245994458e+01,3.339049369020702329e+01,3.236706106134744942e+01,3.142530178828479848e+01,3.056654019560051694e+01,2.979037808156742528e+01,2.909493430021237614e+01,2.847709763436316166e+01,2.793278174104247213e+01,2.745717245188740918e+01,2.704495947320123150e+01,2.669054641720399701e+01,2.638823498516789101e+01,2.613238091053191425e+01,2.591752087485777167e+01,2.573847097525167982e+01,2.559039841641541813e+01,2.546886891363486782e+01,2.536987283333148824e+01,2.528983338854553509e+01,2.522560028149170108e+01,2.517443208384673525e+01,2.513397040970351881e+01,2.510220860725429048e+01
2.586425688139359025e+01,2.589552521508826644e+01,2.592361945696562842e+01,2.594820026908492849e+01,2.596897979191439987e+01,2.598573233093189572e+01,2.599830501888259704e+01,2.600662846195524480e+01,2.601072743901369932e+01,2.601073178681326326e+01,2.600688766594660706e+01,2.599956945616972703e+01,2.598929256890266970e+01,2.597672748152526623e+01,2.596271528465045719e+01,2.594828498196092070e+01,2.593467268515491497e+01,2.592334269807943770e+01,2.591601028034407506e+01,2.591466562069217971e+01,2.592159823712493250e+01,2.593942066194940210e+01,2.597108987877033570e+01,2.601992457418455018e+01,2.608961587493768874e+01,2.618422889276601850e+01,2.630819213019563207e+01,2.646627165068471754e+01,2.666352692622954379e+01,2.690524548359995549e+01,2.719685391001912578e+01,2.754380347433463072e+01,2.795142958116866794e+01,2.842478549664727439e+01,2.896845223821375370e+01,2.958632815842061703e+01,3.028140350111673840e+01,3.105552697397877182e+01,3.190917305134473736e+01,3.284122017041404717e+01,3.384875108149617517e+01,3.492688723269226614e+01,3.606866909943447297e+01,3.726499372351248951e+01,3.850461935429656535e+01,3.977424498114077522e+01,4.105866975545248465e+01,4.234103392201004112e+01,4.360313906195541733e+01,4.482584139040547200e+01,4.598950778106759429e+01,4.707452036084069391e+01,4.806181218499949637e+01,4.893341390868222618e+01,4.967298971896984483e+01,5.026634023765836901e+01,5.070185073518081253e+01,5.097086482206329805e+01,5.106796673662749697e+01,5.099115927928932734e+01,5.074192913846663089e+01,5.032519653972283891e+01,4.974915152158060039e+01,4.902498437809720144e+01,4.816652259920022772e+01,4.718979070652237340e+01,4.611251249857483003e+01,4.495357722532844491e+01,4.373249202640633371e+01,4.246884258729677697e+01,4.118178246991460867e+01,3.988956910172120729e+01,3.860916116059419778e+01,3.735588830752521972e+01,3.614320015141793618e+01,3.498249723453244542e+01,3.388304293984604243e+01,3.285195174577557964e+01,3.189424634779889089e+01,3.101297393768592769e+01,3.020937043290892277e+01,2.948306068340716024e+01,2.883228260639506857e+01,2.825412373100960650e+01,2.774475966469728760e+01,2.729968539738224820e+01,2.691393200699600641e+01,2.658226309418511946e+01,2.629934704012771007e+01,2.605990285233221115e+01,2.585881886344619573e+01,2.569124482481373661e+01,2.555265895968927836e+01,2.543891230114969204e+01,2.534625314485583303e+01,2.527133471863522729e+01,2.521120924079337300e+01,2.516331144423257271e+01,2.512543442312580311e+01,2.509570035146941791e+01
2.571064256595025910e+01,2.573636985165438773e+01,2.575949523233413885e+01,2.577974288311608930e+01,2.579688047758533642e+01,2.581072835862018877e+01,2.582116879672222964e+01,2.582815536606928575e+01,2.583172252140105485e+01,2.583199551366879376e+01,2.582920083475591611e+01,2.582367742617794448e+01,2.581588891733404978e+01,2.580643716879088601e+01,2.579607737805205403e+01,2.578573495215194455e+01,2.577652425660687641e+01,2.576976920833499207e+01,2.576702548761177525e+01,2.577010390018658725e+01,2.578109412815268797e+01,2.580238777423734575e+01,2.583669924114637340e+01,2.588708261330881655e+01,2.595694234638301978e+01,2.605003524917890800e+01,2.617046099676978699e+01,2.632263827916865750e+01,2.651126370468313809e+01,2.674125077684023211e+01,2.701764667944915388e+01,2.734552525811593782e+01,2.772985548805024791e+01,2.817534586101857741e+01,2.868626648354521080e+01,2.926625220778110048e+01,2.991809174822964579e+01,3.064350938384580303e+01,3.144294740089915052e+01,3.231535878048376986e+01,3.325802065395149043e+01,3.426637962208140209e+01,3.533394005548787220e+01,3.645220588454202471e+01,3.761068510039781643e+01,3.879696421967600628e+01,3.999685735638360029e+01,4.119463138787556034e+01,4.237330513749816419e+01,4.351501670800099930e+01,4.460144930272119268e+01,4.561430230123526997e+01,4.653579125120643312e+01,4.734915802261548379e+01,4.803917083621029605e+01,4.859259336788141326e+01,4.899860272570627728e+01,4.924913780641489325e+01,4.933916229800928477e+01,4.926683026762528073e+01,4.903354665639874099e+01,4.864391984305816408e+01,4.810560844900972199e+01,4.742906944108726464e+01,4.662721905436998782e+01,4.571502184712045391e+01,4.470902610206226768e+01,4.362686565476690248e+01,4.248674898452283344e+01,4.130695604436246526e+01,4.010536190575224680e+01,3.889900398456460096e+01,3.770370658420660703e+01,3.653377296008689967e+01,3.540175131512989992e+01,3.431827731631756961e+01,3.329199209756096423e+01,3.232953147373450520e+01,3.143557938205997360e+01,3.061297648997796017e+01,2.986287351303855786e+01,2.918491807398402216e+01,2.857746386411796280e+01,2.803779136437665542e+01,2.756233034494627177e+01,2.714687567227975862e+01,2.678678948915563396e+01,2.647718447887137927e+01,2.621308457174497875e+01,2.598956101034704247e+01,2.580184308882478206e+01,2.564540407223206131e+01,2.551602375590023541e+01,2.540982983372888526e+01,2.532332071531843809e+01,2.525337268537334623e+01,2.519723436405534756e+01,2.515251133856833832e+01,2.511714363081444645e+01,2.508937837928747783e+01
2.558158705688900980e+01,2.560265791509080202e+01,2.562160697746320182e+01,2.563821153853762880e+01,2.565228559940866049e+01,2.566368773632921929e+01,2.567232914267554023e+01,2.567818189119709871e+01,2.568128750941857419e+01,2.568176600816512689e+01,2.567982554750681246e+01,2.567577296117844554e+01,2.567002538417984425e+01,2.566312323264937589e+01,2.565574476373997470e+01,2.564872238963637230e+01,2.564306082804893094e+01,2.563995703658769543e+01,2.564082169719821280e+01,2.564730178867482024e+01,2.566130351280087751e+01,2.568501452959489839e+01,2.572092412086634994e+01,2.577183955535250348e+01,2.584089659495475644e+01,2.593156178687240399e+01,2.604762396183494388e+01,2.619317223813315465e+01,2.637255784963236138e+01,2.659033730666610040e+01,2.685119479020616851e+01,2.715984229244513060e+01,2.752089685977567868e+01,2.793873536108434408e+01,2.841732847163655151e+01,2.896005698752048474e+01,2.956951510459949972e+01,3.024730682733209264e+01,3.099384311890592869e+01,3.180814865611451481e+01,3.268768799710762352e+01,3.362822149814169848e+01,3.462370133019606300e+01,3.566621737357238686e+01,3.674600156537172779e+01,3.785149743683652446e+01,3.896949914477536936e+01,4.008536135973056957e+01,4.118327805412891252e+01,4.224662470688279825e+01,4.325835490776024272e+01,4.420143902428209515e+01,4.505932970782359348e+01,4.581643677230271550e+01,4.645859255645804353e+01,4.697348841197240432e+01,4.735106351948812176e+01,4.758382883157406695e+01,4.766711151506495270e+01,4.759920868651773418e+01,4.738144331554968858e+01,4.701811967593508257e+01,4.651638038720410862e+01,4.588597163221578512e+01,4.513892728953626232e+01,4.428918624233016743e+01,4.335215982193626871e+01,4.234426807684779703e+01,4.128246425576983825e+01,4.018376655580720325e+01,3.906481487980305189e+01,3.794146819595466980e+01,3.682845527110882244e+01,3.573908826214816514e+01,3.468504511917920752e+01,3.367622320071342301e+01,3.272066312953568001e+01,3.182453890431075294e+01,3.099220776336333927e+01,3.022631136615495251e+01,2.952791856101536894e+01,2.889669934624426872e+01,2.833111956759644556e+01,2.782864635776849127e+01,2.738595521857214976e+01,2.699913086561607756e+01,2.666385538523951482e+01,2.637557878430207481e+01,2.612966854570614927e+01,2.592153625209582657e+01,2.574674064150896058e+01,2.560106756623051538e+01,2.548058821363187221e+01,2.538169760716573720e+01,2.530113584387509817e+01,2.523599476061700742e+01,2.518371278192913820e+01,2.514206062026516619e+01,2.510912030823767083e+01,2.508325977584275535e+01
2.547373342464555179e+01,2.549091162162409674e+01,2.550636867136456942e+01,2.551992602722972947e+01,2.553143608745651605e+01,2.554078894734873373e+01,2.554791938872124391e+01,2.555281416573435038e+01,2.555551968620799386e+01,2.555615022798389191e+01,2.555489686738378197e+01,2.555203732699562735e+01,2.554794696791353559e+01,2.554311115161546297e+01,2.553813917301844683e+01,2.553377991304337868e+01,2.553093927082505132e+01,2.553069930806709564e+01,2.553433886811404463e+01,2.554335521954526556e+01,2.555948602096830413e+01,2.558473061641829105e+01,2.562136935990930908e+01,2.567197934854283758e+01,2.573944463635508484e+01,2.582695873061646807e+01,2.593801696733789086e+01,2.607639625470882905e+01,2.624611969434899095e+01,2.645140377132602083e+01,2.669658617123790734e+01,2.698603285512670880e+01,2.732402380866304270e+01,2.771461787518383701e+01,2.816149826068309991e+01,2.866780162262237752e+01,2.923593506483166138e+01,2.986738678175496986e+01,3.056253743609809703e+01,3.132048051360370167e+01,3.213886077223474302e+01,3.301374038905058939e+01,3.393950241707954518e+01,3.490880062786235527e+01,3.591256369343790311e+01,3.694005995075832516e+01,3.797902672912312738e+01,3.901586548738727345e+01,4.003590092420123625e+01,4.102369894982309972e+01,4.196343512875513682e+01,4.283930212184580455e+01,4.363594198043239203e+01,4.433888706674168390e+01,4.493499205918779182e+01,4.541283907127122177e+01,4.576309843764123997e+01,4.597882920824029185e+01,4.605570578443848717e+01,4.599216031024275964e+01,4.578943422204930158e+01,4.545153654320665026e+01,4.498511083761587770e+01,4.439921695186834683e+01,4.370503752826430599e+01,4.291552253790911209e+01,4.204498758236059786e+01,4.110868331668088160e+01,4.012235399090083376e+01,3.910180279020289618e+01,3.806248043817127780e+01,3.701911152893154622e+01,3.598537043358184206e+01,3.497361557480486738e+01,3.399468758653362954e+01,3.305777357794244864e+01,3.217033659283568170e+01,3.133810655975521797e+01,3.056512669198806975e+01,2.985384750600178805e+01,2.920525942446858636e+01,2.861905431733533689e+01,2.809380627585866463e+01,2.762716234457219144e+01,2.721603476731860027e+01,2.685678743518636580e+01,2.654541055133898908e+01,2.627767894841250040e+01,2.604929091606316049e+01,2.585598574134915495e+01,2.569363937214967564e+01,2.555833864144481993e+01,2.544643531382197921e+01,2.535458182742188527e+01,2.527975101114700607e+01,2.521924227581528299e+01,2.517067683431693226e+01,2.513198442958055878e+01,2.510138387186126252e+01,2.507735943942895318e+01
2.538406952997863897e+01,2.539801038992932902e+01,2.541056261133136118e+01,2.542158413153737939e+01,2.543095895959339359e+01,2.543860297299936946e+01,2.544446999716739199e+01,2.544855823520466842e+01,2.545091715040796032e+01,2.545165493865541606e+01,2.545094675955912678e+01,2.544904391993518189e+01,2.544628421636342708e+01,2.544310364034416949e+01,2.544004962451319685e+01,2.543779595624522472e+01,2.543715940084649318e+01,2.543911795637873041e+01,2.544483050340047470e+01,2.545565741509604862e+01,2.547318145870872641e+01,2.549922805365795142e+01,2.553588366495265305e+01,2.558551081664740678e+01,2.565075792776936581e+01,2.573456192529470954e+01,2.584014140191355224e+01,2.597097798948661307e+01,2.613078364202759474e+01,2.632345169308079491e+01,2.655298989579338453e+01,2.682343418713324823e+01,2.713874264793606983e+01,2.750267005234670137e+01,2.791862449317456196e+01,2.838950879645552661e+01,2.891755074474896148e+01,2.950412744391837805e+01,3.014959040829029391e+01,3.085309901070233352e+01,3.161247074990600581e+01,3.242405723427336284e+01,3.328265478512852127e+01,3.418145806191346736e+01,3.511206406835309934e+01,3.606453231072522669e+01,3.702750478103206433e+01,3.798838690378919125e+01,3.893358772824871750e+01,3.984881461500599187e+01,4.071941462999831884e+01,4.153075200807077749e+01,4.226860857308239616e+01,4.291959208063265407e+01,4.347153623550705248e+01,4.391387574233391433e+01,4.423798023842585536e+01,4.443743233915591873e+01,4.450823724555020533e+01,4.444895431021434717e+01,4.426074446907452398e+01,4.394733132001480413e+01,4.351487763641133455e+01,4.297178300512641869e+01,4.232841184366509424e+01,4.159676407312196744e+01,4.079010303439293494e+01,3.992255671726267963e+01,3.900870896518301123e+01,3.806319702245954772e+01,3.710033066238470667e+01,3.613374628274065969e+01,3.517610692787256710e+01,3.423885637085015787e+01,3.333203235538267961e+01,3.246414104475646667e+01,3.164209182989684166e+01,3.087118906153284925e+01,3.015517510995874062e+01,2.949631749941881509e+01,2.889553175221523063e+01,2.835253101144812860e+01,2.786599345793262117e+01,2.743373893556456622e+01,2.705290696925251837e+01,2.672012940740937736e+01,2.643169214963952030e+01,2.618368173537175991e+01,2.597211388535131249e+01,2.579304233292570459e+01,2.564264739970856510e+01,2.551730472133290206e+01,2.541363529124480181e+01,2.532853855679701027e+01,2.525921067825780497e+01,2.520315026393938140e+01,2.515815394685074935e+01,2.512230409772527295e+01,2.509395080519004395e+01,2.507169002483087539e+01
2.530991536095692140e+01,2.532117772206629169e+01,2.533132588533959151e+01,2.534024774102839572e+01,2.534785314025097591e+01,2.535407887513955671e+01,2.535889397185232497e+01,2.536230536947849856e+01,2.536436408813394650e+01,2.536517201948300482e+01,2.536488949969146134e+01,2.536374384494774503e+01,2.536203903913786206e+01,2.536016675751488947e+01,2.535861888447742984e+01,2.535800163306589639e+01,2.535905129405319158e+01,2.536265152990051774e+01,2.536985198105525896e+01,2.538188776869975527e+01,2.540019926128131900e+01,2.542645122728208307e+01,2.546255023271182694e+01,2.551065887174913271e+01,2.557320515998741683e+01,2.565288519297492797e+01,2.575265700261235580e+01,2.587572345718763245e+01,2.602550207478522992e+01,2.620557978058464954e+01,2.641965095849389300e+01,2.667143764254650762e+01,2.696459137021786034e+01,2.730257707316460269e+01,2.768854039175947435e+01,2.812516093368499881e+01,2.861449520349147946e+01,2.915781414427656415e+01,2.975544137685330526e+01,3.040659920964591123e+01,3.110927023443834116e+01,3.186008273246058664e+01,3.265422811594915231e+01,3.348541816391215065e+01,3.434588884390690566e+01,3.522645604157455779e+01,3.611662657880037841e+01,3.700476555867135886e+01,3.787831843537352228e+01,3.872408340555865891e+01,3.952852691425196952e+01,4.027813243685416467e+01,4.095977041509064520e+01,4.156107545374541701e+01,4.207081576741019546e+01,4.247923950682313432e+01,4.277838305122519102e+01,4.296232763254394627e+01,4.302739270997177812e+01,4.297225723705795986e+01,4.279800320785203382e+01,4.250807944665218230e+01,4.210818730610722582e+01,4.160609354044537866e+01,4.101137891119333290e+01,4.033513387111961634e+01,3.958961480347002038e+01,3.878787565946231553e+01,3.794339038206792480e+01,3.706968122818810230e+01,3.617996705741973784e+01,3.528684394368278276e+01,3.440200822353215671e+01,3.353602948513510995e+01,3.269817820034040068e+01,3.189630988402981870e+01,3.113680499223977449e+01,3.042456138252305209e+01,2.976303416516507738e+01,2.915431624536900657e+01,2.859925183078816247e+01,2.809757465685142463e+01,2.764806263376413753e+01,2.724870098777320493e+01,2.689684668049144989e+01,2.658938785784297210e+01,2.632289321473465193e+01,2.609374737584485970e+01,2.589826960810480472e+01,2.573281432990828677e+01,2.559385291392598560e+01,2.547803715849468631e+01,2.538224550626094711e+01,2.530361361158679046e+01,2.523955120569328514e+01,2.518774739556774023e+01,2.514616658087211221e+01,2.511303710797076150e+01,2.508683462872384240e+01,2.506626192026662636e+01
2.524890569436702137e+01,2.525796324052505426e+01,2.526613184982768345e+01,2.527332384347788974e+01,2.527947004363800332e+01,2.528452405619950838e+01,2.528846688408238563e+01,2.529131194697466256e+01,2.529311060980868575e+01,2.529395834805032450e+01,2.529400170050473307e+01,2.529344617670092887e+01,2.529256529236673146e+01,2.529171089897977609e+01,2.529132494755666016e+01,2.529195277838370259e+01,2.529425795327618331e+01,2.529903854188054524e+01,2.530724463642260247e+01,2.531999669983050794e+01,2.533860415233576546e+01,2.536458337637858662e+01,2.539967407718397752e+01,2.544585268870235950e+01,2.550534127750319868e+01,2.558061019007337222e+01,2.567437253426169264e+01,2.578956850785727895e+01,2.592933761166219497e+01,2.609697693486253911e+01,2.629588399750764438e+01,2.652948309303253183e+01,2.680113469907967172e+01,2.711402831258427071e+01,2.747105999750225536e+01,2.787469697882683661e+01,2.832683272828583299e+01,2.882863710528761203e+01,2.938040716974027333e+01,2.998142519182590604e+01,3.062983106513473075e+01,3.132251670411810807e+01,3.205505000454848386e+01,3.282163551297751525e+01,3.361511805741649539e+01,3.442703423439584043e+01,3.524771485716276231e+01,3.606643930977715939e+01,3.687164031866338121e+01,3.765115507192641076e+01,3.839251603463668516e+01,3.908327238541469484e+01,3.971133089793801929e+01,4.026530346219778522e+01,4.073484741389512465e+01,4.111098451237420193e+01,4.138638483164609028e+01,4.155560301067079365e+01,4.161525620264103509e+01,4.156413557387831759e+01,4.140324619287053309e+01,4.113577344638545696e+01,4.076697752773348782e+01,4.030402085921473088e+01,3.975573634023959357e+01,3.913234687897871567e+01,3.844514862625664620e+01,3.770617158609962871e+01,3.692783177703822162e+01,3.612258886198132046e+01,3.530262220116169658e+01,3.447953670448590913e+01,3.366410779328161595e+01,3.286607237718890673e+01,3.209397017156003784e+01,3.135503708536946377e+01,3.065514994860889431e+01,2.999881964952294666e+01,2.938922791564118953e+01,2.882830156570767244e+01,2.831681711575712512e+01,2.785452814263643617e+01,2.744030776415689132e+01,2.707229893509805763e+01,2.674806591360695052e+01,2.646474114400842126e+01,2.621916284699807775e+01,2.600799972649674885e+01,2.582786032152273137e+01,2.567538558995227049e+01,2.554732426121997335e+01,2.544059130360460586e+01,2.535231049975594431e+01,2.527984260556882390e+01,2.522080088748664650e+01,2.517305600557611100e+01,2.513473225412782952e+01,2.510419711158728262e+01,2.508004591214782408e+01,2.506108325664780168e+01
2.519896940544557751e+01,2.520622125295409077e+01,2.521276802712588605e+01,2.521854184151404255e+01,2.522349040394644959e+01,2.522758070396661267e+01,2.523080303838653293e+01,2.523317545172138310e+01,2.523474869130165743e+01,2.523561179908235275e+01,2.523589848130592017e+01,2.523579441042720717e+01,2.523554561779890193e+01,2.523546812688241658e+01,2.523595895129057354e+01,2.523750853586795273e+01,2.524071464863514791e+01,2.524629763378581160e+01,2.525511680915484902e+01,2.526818763540333634e+01,2.528669910045255520e+01,2.531203055595137741e+01,2.534576702036564555e+01,2.538971173661332870e+01,2.544589455550515567e+01,2.551657452737406828e+01,2.560423494377776876e+01,2.571156900152240254e+01,2.584145428554974799e+01,2.599691440739125881e+01,2.618106641067799956e+01,2.639705297790889205e+01,2.664795904882760169e+01,2.693671318584822671e+01,2.726597487968364675e+01,2.763800994933506416e+01,2.805455721223589549e+01,2.851669062739690830e+01,2.902468208111839587e+01,2.957787081820439923e+01,3.017454614584036676e+01,3.081185037928493387e+01,3.148570899401164525e+01,3.219079454879936719e+01,3.292053012050472915e+01,3.366713674196621042e+01,3.442172768738741695e+01,3.517445046332612435e+01,3.591467512677331797e+01,3.663122517981860682e+01,3.731264491835108288e+01,3.794749488720842123e+01,3.852466516488515680e+01,3.903369470665503371e+01,3.946508403452574498e+01,3.981058826392608552e+01,4.006347784956464153e+01,4.021875552116966901e+01,4.027331962183811243e+01,4.022606637035214305e+01,4.007792631694879049e+01,3.983183329104706161e+01,3.949262727041870846e+01,3.906689564786071855e+01,3.856276015331289386e+01,3.798961904538513323e+01,3.735785598572886101e+01,3.667852816121818904e+01,3.596304667594618820e+01,3.522286199776431204e+01,3.446916635756965519e+01,3.371262354854458465e+01,3.296313467349107640e+01,3.222964617932601072e+01,3.152000414730219191e+01,3.084085642358042278e+01,3.019760191450139430e+01,2.959438435186113026e+01,2.903412614729113272e+01,2.851859666325304943e+01,2.804850836185154250e+01,2.762363385242265679e+01,2.724293681885732710e+01,2.690471012037338383e+01,2.660671496169663186e+01,2.634631584766783519e+01,2.612060699723763690e+01,2.592652691906346618e+01,2.576095887882981827e+01,2.562081596066128597e+01,2.550311029772439042e+01,2.540500678978777671e+01,2.532386222069118631e+01,2.525725113087730733e+01,2.520298009403894923e+01,2.515909220516289224e+01,2.512386362805812112e+01,2.509579399540655942e+01,2.507359232628073897e+01,2.505615994725724249e+01
2.515830659642234224e+01,2.516408705720324335e+01,2.516931167291651050e+01,2.517392847815984425e+01,2.517789866330416970e+01,2.518119975367173069e+01,2.518382912641651217e+01,2.518580794114011923e+01,2.518718558039310551e+01,2.518804471539430878e+01,2.518850712850072426e+01,2.518874043466404444e+01,2.518896584637197478e+01,2.518946711709481079e+01,2.519060077352335725e+01,2.519280770335743114e+01,2.519662609980100854e+01,2.520270567355179736e+01,2.521182292625317700e+01,2.522489713588133142e+01,2.524300653608857559e+01,2.526740398224685435e+01,2.529953119377993787e+01,2.534103045538411436e+01,2.539375246215228188e+01,2.545975882170581173e+01,2.554131759903343735e+01,2.564089022740131085e+01,2.576110813252406118e+01,2.590473754722339095e+01,2.607463124718094249e+01,2.627366632724620032e+01,2.650466766707091537e+01,2.677031740042865593e+01,2.707305148942603523e+01,2.741494538598446695e+01,2.779759169932751206e+01,2.822197372912140168e+01,2.868833960911520364e+01,2.919608256871019591e+01,2.974363339043304677e+01,3.032837145287150094e+01,3.094656074244717914e+01,3.159331684854576139e+01,3.226261019946153397e+01,3.294730964974746712e+01,3.363926901841172423e+01,3.432945735588762659e+01,3.500813166721066949e+01,3.566504864489384374e+01,3.628970979160968824e+01,3.687163227472873217e+01,3.740063608826538655e+01,3.786713673040501504e+01,3.826243174524554291e+01,3.857896920624843773e+01,3.881058658102110570e+01,3.895270941655150665e+01,3.900250088225863010e+01,3.895895532523107363e+01,3.882293151122252084e+01,3.859712400097426155e+01,3.828597398027696386e+01,3.789552365313189597e+01,3.743322085531441701e+01,3.690768270300570464e+01,3.632842873832352382e+01,3.570559508695167494e+01,3.504964156012260190e+01,3.437106341422548894e+01,3.368011866769260365e+01,3.298658054429461828e+01,3.229952287125799160e+01,3.162714423619470594e+01,3.097663453483038154e+01,3.035408535747820480e+01,2.976444359169064313e+01,2.921150576918145703e+01,2.869794914081275294e+01,2.822539428071803869e+01,2.779449322752943274e+01,2.740503676786560305e+01,2.705607443103913212e+01,2.674604105082830685e+01,2.647288430216887534e+01,2.623418837117260338e+01,2.602728979642872176e+01,2.584938246069527779e+01,2.569760965379609630e+01,2.556914201822896970e+01,2.546124098849356088e+01,2.537130801550254589e+01,2.529692041267778890e+01,2.523585506543390977e+01,2.518610151499590444e+01,2.514586607245992411e+01,2.511356865640091129e+01,2.508783399691162330e+01,2.506747873161987528e+01,2.505149575542139218e+01
2.512536455099480648e+01,2.512995203006359191e+01,2.513410408958531406e+01,2.513778147539651542e+01,2.514095604527091155e+01,2.514361351392456001e+01,2.514575652910938430e+01,2.514740815286195996e+01,2.514861583956897562e+01,2.514945601909106543e+01,2.515003940691664752e+01,2.515051717194000602e+01,2.515108809332769013e+01,2.515200682808579202e+01,2.515359338720027793e+01,2.515624387740498236e+01,2.516044250477522581e+01,2.516677475302477873e+01,2.517594154208527968e+01,2.518877404108388518e+01,2.520624865578871976e+01,2.522950153774135984e+01,2.525984177698581945e+01,2.529876225170403359e+01,2.534794692825963480e+01,2.540927324898180117e+01,2.548480812967273579e+01,2.557679603305674476e+01,2.568763760744514002e+01,2.581985750005151914e+01,2.597606018726825994e+01,2.615887302084390242e+01,2.637087617378375626e+01,2.661451977905813493e+01,2.689202927406805799e+01,2.720530076961972554e+01,2.755578911808341047e+01,2.794439221515841609e+01,2.837133587813602276e+01,2.883606433960528292e+01,2.933714191576050823e+01,2.987217169172743070e+01,3.043773705895315018e+01,3.102937160075394729e+01,3.164156212835175452e+01,3.226778861981247815e+01,3.290060343166720713e+01,3.353175048703860739e+01,3.415232326928363449e+01,3.475295846301327174e+01,3.532406009823169768e+01,3.585604719141424113e+01,3.633961626408514434e+01,3.676600887136754636e+01,3.712727348930704352e+01,3.741651086401731874e+01,3.762809225871528440e+01,3.775784095011319152e+01,3.780316878797577118e+01,3.776316156772796973e+01,3.763860926918519567e+01,3.743197975186753723e+01,3.714733711909084235e+01,3.679020851310934148e+01,3.636740543118137481e+01,3.588680762277535052e+01,3.535711913201775758e+01,3.478760701063166039e+01,3.418783360627956824e+01,3.356739312976768019e+01,3.293566245990325569e+01,3.230157492802176478e+01,3.167342423286062569e+01,3.105870378614957517e+01,3.046398480439062340e+01,2.989483446664284827e+01,2.935577356639765867e+01,2.885027139614466307e+01,2.838077419256824641e+01,2.794876239008477370e+01,2.755483120621382653e+01,2.719878871465074965e+01,2.687976552921274020e+01,2.659633048427628310e+01,2.634660720194700900e+01,2.612838712216580461e+01,2.593923537572421978e+01,2.577658674016762674e+01,2.563782977904284621e+01,2.552037807878492970e+01,2.542172822804398180e+01,2.533950480588868359e+01,2.527149314350299392e+01,2.521566099413234951e+01,2.517017049204840973e+01,2.513338191376165653e+01,2.510385078888884181e+01,2.508031986202422559e+01,2.506170729975928424e+01,2.504709238732536747e+01
2.509881335666317881e+01,2.510243837194547822e+01,2.510572458485412994e+01,2.510864280876509724e+01,2.511117325667852285e+01,2.511330791496839154e+01,2.511505323691768510e+01,2.511643322721939242e+01,2.511749300402819784e+01,2.511830293949927295e+01,2.511896349140330997e+01,2.511961084533740873e+01,2.512042348688342486e+01,2.512162981313078802e+01,2.512351687042932369e+01,2.512644026719726398e+01,2.513083525441293631e+01,2.513722888988111492e+01,2.514625310412821690e+01,2.515865836568893954e+01,2.517532750305234046e+01,2.519728908308413651e+01,2.522572957711605923e+01,2.526200337444141297e+01,2.530763953967856139e+01,2.536434406887620341e+01,2.543399629497730885e+01,2.551863804340755237e+01,2.562045416061572212e+01,2.574174314899864058e+01,2.588487685498395052e+01,2.605224848313982378e+01,2.624620865208998666e+01,2.646898976415867821e+01,2.672261961745156356e+01,2.700882592396853710e+01,2.732893417766322131e+01,2.768376209988104009e+01,2.807351462608693637e+01,2.849768403150669727e+01,2.895496026646154064e+01,2.944315682910630372e+01,2.995915749511970461e+01,3.049888891339204022e+01,3.105732344282258239e+01,3.162851564685060168e+01,3.220567460076425448e+01,3.278127264727126544e+01,3.334718952623667576e+01,3.389488899292548751e+01,3.441562322890141701e+01,3.490065865318878480e+01,3.534151527182469010e+01,3.573021056764211778e+01,3.605949821940404121e+01,3.632309171713907858e+01,3.651586324582458332e+01,3.663400904559040328e+01,3.667517379095632890e+01,3.663852829744870832e+01,3.652479696400585851e+01,3.633623367269839832e+01,3.607654725685861763e+01,3.575077997257734808e+01,3.536514452926308394e+01,3.492682702980948761e+01,3.444376454043894142e+01,3.392440688505779889e+01,3.337747260375920177e+01,3.281170883035554198e+01,3.223566416414281832e+01,3.165748250134327435e+01,3.108472434077536661e+01,3.052422039162306078e+01,2.998196050206457031e+01,2.946301910880312036e+01,2.897151668370421973e+01,2.851061511434316742e+01,2.808254367004941088e+01,2.768865122098738496e+01,2.732947971821400657e+01,2.700485360799658707e+01,2.671397982420194595e+01,2.645555324200279301e+01,2.622786293622112908e+01,2.602889521289911912e+01,2.585643011526465429e+01,2.570812888904147897e+01,2.558161067623629492e+01,2.547451744819358055e+01,2.538456685441597216e+01,2.530959323013707163e+01,2.524757745961869304e+01,2.519666672945043473e+01,2.515518543032316146e+01,2.512163858646509595e+01,2.509470922308404894e+01,2.507325104019501794e+01,2.505627766352415975e+01,2.504294960678843296e+01
2.507752187644465991e+01,2.508037421354946872e+01,2.508296480372380088e+01,2.508527236515710612e+01,2.508728358097667410e+01,2.508899515509358480e+01,2.509041617311300953e+01,2.509157083594185877e+01,2.509250164722623921e+01,2.509327314819127963e+01,2.509397630336176022e+01,2.509473364620113145e+01,2.509570529278680340e+01,2.509709592184537996e+01,2.509916279824071594e+01,2.510222488175758571e+01,2.510667301135364937e+01,2.511298108499871518e+01,2.512171806556424158e+01,2.513356053383951760e+01,2.514930538196059473e+01,2.516988209748086192e+01,2.519636393524161022e+01,2.522997711870253568e+01,2.527210706445486110e+01,2.532430049553815365e+01,2.538826221511707715e+01,2.546584526754991273e+01,2.555903323478688449e+01,2.566991351746504435e+01,2.580064064488912123e+01,2.595338895537762269e+01,2.613029439186506409e+01,2.633338566389383928e+01,2.656450562470974575e+01,2.682522438057951675e+01,2.711674635893695040e+01,2.743981427412333929e+01,2.779461359863565661e+01,2.818068172327216558e+01,2.859682641884884902e+01,2.904105844467735409e+01,2.951054314037018855e+01,3.000157555397284170e+01,3.050958308181897038e+01,3.102915872292300392e+01,3.155412690276019205e+01,3.207764243902421697e+01,3.259232166724770963e+01,3.309040309709450867e+01,3.356393332468172730e+01,3.400497238451788462e+01,3.440581138963178631e+01,3.475919427663885131e+01,3.505853482592709724e+01,3.529811992655088915e+01,3.547329033443364210e+01,3.558059093387497285e+01,3.561788372656509694e+01,3.558441837850327971e+01,3.548085706492683045e+01,3.530925245638407972e+01,3.507297986125556832e+01,3.477662665213138382e+01,3.442584403061955811e+01,3.402716781586084949e+01,3.358781618594433382e+01,3.311547309552911145e+01,3.261806640535498047e+01,3.210354959041676182e+01,3.157969527492187467e+01,3.105390783273958277e+01,3.053306097274823117e+01,3.002336469507192618e+01,2.953026435968807917e+01,2.905837295581590851e+01,2.861143609380370023e+01,2.819232784228434596e+01,2.780307436552142164e+01,2.744490142179122572e+01,2.711830118446656357e+01,2.682311354360927780e+01,2.655861701936347075e+01,2.632362463628886928e+01,2.611658052610649605e+01,2.593565359475873322e+01,2.577882525560122673e+01,2.564396894296440976e+01,2.552891983307959833e+01,2.543153387345478578e+01,2.534973582683448967e+01,2.528155655074627717e+01,2.522516014625207603e+01,2.517886191609325408e+01,2.514113827618681540e+01,2.511062987415374081e+01,2.508613919688360738e+01,2.506662391100651632e+01,2.505118709136124977e+01,2.503906536858672993e+01
2.506053460094383212e+01,2.506276963462135754e+01,2.506480400093663974e+01,2.506662256589811477e+01,2.506821695765730595e+01,2.506958734965382263e+01,2.507074453173964557e+01,2.507171233292182677e+01,2.507253047120264000e+01,2.507325791679369686e+01,2.507397686341646192e+01,2.507479740685343828e+01,2.507586302847091630e+01,2.507735697194783597e+01,2.507950958161532640e+01,2.508260663831903159e+01,2.508699868140407929e+01,2.509311124152752015e+01,2.510145582743400894e+01,2.511264141048122411e+01,2.512738603478158694e+01,2.514652805118271317e+01,2.517103633470365764e+01,2.520201870435023395e+01,2.524072763050051194e+01,2.528856219939901351e+01,2.534706521958845826e+01,2.541791431538077717e+01,2.550290587211332038e+01,2.560393079061208255e+01,2.572294118563650756e+01,2.586190743330847752e+01,2.602276533891406274e+01,2.620735365599562527e+01,2.641734272987175558e+01,2.665415564500405310e+01,2.691888389898322487e+01,2.721220027148523357e+01,2.753427216292286062e+01,2.788467919875758128e+01,2.826233928393688188e+01,2.866544750185622092e+01,2.909143224342052747e+01,2.953693269360669049e+01,2.999780127815490971e+01,3.046913388085899044e+01,3.094532960021992096e+01,3.142018056029120388e+01,3.188699088050987385e+01,3.233872241581410378e+01,3.276816338663986983e+01,3.316811462099084906e+01,3.353158692112155848e+01,3.385200213283953019e+01,3.412338991036935454e+01,3.434057198908971031e+01,3.449932603266333331e+01,3.459652181255574988e+01,3.463022357979229326e+01,3.459975394582036046e+01,3.450571632126155919e+01,3.434997486822545909e+01,3.413559289112509987e+01,3.386673250546574820e+01,3.354852017069767811e+01,3.318688415088039534e+01,3.278837109378128645e+01,3.235994963806182767e+01,3.190880924051306877e+01,3.144216226135889514e+01,3.096705678409232121e+01,3.049020673066376119e+01,3.001784463642942669e+01,2.955560105892731926e+01,2.910841310365836421e+01,2.868046305154339137e+01,2.827514665264061478e+01,2.789506938277144599e+01,2.754206790131490834e+01,2.721725313824282466e+01,2.692107089560249022e+01,2.665337557347445596e+01,2.641351260662829503e+01,2.620040539576279315e+01,2.601264289657242301e+01,2.584856454525398206e+01,2.570633980277025543e+01,2.558404024601562909e+01,2.547970278013971424e+01,2.539138315733096363e+01,2.531719953581690419e+01,2.525536627954311797e+01,2.520421857301089119e+01,2.516222870364794062e+01,2.512801504879751846e+01,2.510034490387634065e+01,2.507813231393205200e+01,2.506043203627059412e+01,2.504643068135071005e+01,2.503543596677767979e+01
2.504704977471690697e+01,2.504879400290873193e+01,2.505038567477353340e+01,2.505181438698657814e+01,2.505307548886611357e+01,2.505417163110972467e+01,2.505511458392462032e+01,2.505592738392668295e+01,2.505664687957378689e+01,2.505732675428229683e+01,2.505804111357326036e+01,2.505888872615500418e+01,2.505999800706218750e+01,2.506153282191323939e+01,2.506369917295733174e+01,2.506675279777860865e+01,2.507100766837451999e+01,2.507684532024640234e+01,2.508472486715780292e+01,2.509519346724200162e+01,2.510889690127377349e+01,2.512658980673784725e+01,2.514914498613467231e+01,2.517756108097464818e+01,2.521296778230300006e+01,2.525662764441443287e+01,2.530993349228113587e+01,2.537440037781180280e+01,2.545165105837882180e+01,2.554339405542999586e+01,2.565139351194914852e+01,2.577743031243727856e+01,2.592325426089537643e+01,2.609052752824938537e+01,2.628076007128897018e+01,2.649523827362516570e+01,2.673494864098026014e+01,2.700049896678111949e+01,2.729203993206390777e+01,2.760919057458261605e+01,2.795097141271148899e+01,2.831574919882774211e+01,2.870119726804681548e+01,2.910427521384218608e+01,2.952123114666854775e+01,2.994762907457044321e+01,3.037840300208362265e+01,3.080793820932300164e+01,3.123017889779935530e+01,3.163876003893386013e+01,3.202715991254037675e+01,3.238886855938188347e+01,3.271756627874307810e+01,3.300730545776296765e+01,3.325268849121297166e+01,3.344903438811633123e+01,3.359252689250563861e+01,3.368033757182769961e+01,3.371071832364668808e+01,3.368305906938517325e+01,3.359790797026560938e+01,3.345695322498802682e+01,3.326296728920597445e+01,3.301971608765572341e+01,3.273183736856426407e+01,3.240469368538327899e+01,3.204420650905355217e+01,3.165667862335810412e+01,3.124861221042447212e+01,3.082652989356324014e+01,3.039680549632119622e+01,2.996551044829883637e+01,2.953828068625108827e+01,2.912020764176919130e+01,2.871575555885119613e+01,2.832870602991229703e+01,2.796212935502785868e+01,2.761838118307262135e+01,2.729912193678498156e+01,2.700535579156310106e+01,2.673748548725514240e+01,2.649537900365079679e+01,2.627844410905426287e+01,2.608570697017702145e+01,2.591589135466818306e+01,2.576749542360987277e+01,2.563886365713864635e+01,2.552825204024520289e+01,2.543388521993277962e+01,2.535400489733017082e+01,2.528690921417867443e+01,2.523098331502885472e+01,2.518472160460671105e+01,2.514674247103531002e+01,2.511579641258553153e+01,2.509076859555404226e+01,2.507067689408757971e+01,2.505466643153393136e+01,2.504200157015320016e+01,2.503205619444185004e+01
2.503639906965043593e+01,2.503775491585422941e+01,2.503899585350880841e+01,2.504011507545484960e+01,2.504111067856361927e+01,2.504198701051952369e+01,2.504275626660945520e+01,2.504344039150047152e+01,2.504407335011014268e+01,2.504470383983732162e+01,2.504539852257355648e+01,2.504624585776020851e+01,2.504736061576595318e+01,2.504888914231263541e+01,2.505101542772989376e+01,2.505396800760833642e+01,2.505802768221532872e+01,2.506353598942168048e+01,2.507090429899077577e+01,2.508062331483132823e+01,2.509327267720681576e+01,2.510953025125427729e+01,2.513018057537640004e+01,2.515612182873388747e+01,2.518837056855084811e+01,2.522806339430773193e+01,2.527645462760668948e+01,2.533490906497985762e+01,2.540488887787969574e+01,2.548793381065054575e+01,2.558563397289243468e+01,2.569959474393756338e+01,2.583139360680011265e+01,2.598252910442676722e+01,2.615436255379993113e+01,2.634805364819314377e+01,2.656449160260336484e+01,2.680422402364293433e+01,2.706738617916841605e+01,2.735363376720061268e+01,2.766208259945175030e+01,2.799125878469394380e+01,2.833906298856232553e+01,2.870275213432137917e+01,2.907894147965735243e+01,2.946362935715477605e+01,2.985224601541597877e+01,3.023972697431364764e+01,3.062061015747806536e+01,3.098915484710229151e+01,3.133947929003729627e+01,3.166571264538799824e+01,3.196215597855916357e+01,3.222344624611476149e+01,3.244471674043526832e+01,3.262174731767913016e+01,3.275109794164853128e+01,3.283021964167080142e+01,3.285753788249549245e+01,3.283250453335146801e+01,3.275561603619460982e+01,3.262839692828355709e+01,3.245334947974940576e+01,3.223387176730902581e+01,3.197414792849901843e+01,3.167901554446892476e+01,3.135381601686200526e+01,3.100423438920548591e+01,3.063613529209341024e+01,3.025540156474392717e+01,2.986778164667761004e+01,2.947875108597525795e+01,2.909339253464473174e+01,2.871629746785473003e+01,2.835149164829241286e+01,2.800238513540199037e+01,2.767174648185984509e+01,2.736169972639446968e+01,2.707374192970849336e+01,2.680877834026617634e+01,2.656717183462157905e+01,2.634880305304521642e+01,2.615313763214121323e+01,2.597929709754337324e+01,2.582613028920891907e+01,2.569228261206548325e+01,2.557626089694761973e+01,2.547649218323213915e+01,2.539137526125215771e+01,2.531932431063755473e+01,2.525880441776756768e+01,2.520835913592202360e+01,2.516663055657044978e+01,2.513237258674556074e+01,2.510445827800665697e+01,2.508188213357829710e+01,2.506375834119036128e+01,2.504931585098479729e+01,2.503789115226846107e+01,2.502891951130643022e+01
2.502802897384849246e+01,2.502907891958128772e+01,2.503004321450488945e+01,2.503091774655268864e+01,2.503170259288089738e+01,2.503240319223732868e+01,2.503303174770381645e+01,2.503360891038404290e+01,2.503416580261950841e+01,2.503474644642523472e+01,2.503541066810528548e+01,2.503623755228045056e+01,2.503732951647353033e+01,2.503881706941437457e+01,2.504086430070015368e+01,2.504367512471160495e+01,2.504750026619538872e+01,2.505264492741226690e+01,2.505947701644406678e+01,2.506843574308959433e+01,2.508004030365999881e+01,2.509489828100119269e+01,2.511371328471824782e+01,2.513729125388960028e+01,2.516654474716369450e+01,2.520249446116572045e+01,2.524626715701927182e+01,2.529908914677698917e+01,2.536227450717461807e+01,2.543720725735381194e+01,2.552531686853497206e+01,2.562804667302367889e+01,2.574681500975424697e+01,2.588296928154104393e+01,2.603773349759761757e+01,2.621215031997697409e+01,2.640701910454088619e+01,2.662283190028928459e+01,2.685970981497072785e+01,2.711734253616784329e+01,2.739493408062253366e+01,2.769115799687858015e+01,2.800412523797655595e+01,2.833136772960484251e+01,2.866984027225906217e+01,2.901594283314521761e+01,2.936556451799128808e+01,2.971414959209731421e+01,3.005678488512230473e+01,3.038830681862222605e+01,3.070342520176444623e+01,3.099685991679955777e+01,3.126348573023750532e+01,3.149847978223717604e+01,3.169746587987307151e+01,3.185664958983875295e+01,3.197293831491809968e+01,3.204404104781229279e+01,3.206854330578245538e+01,3.204595381943675392e+01,3.197672081991138526e+01,3.186221716733751208e+01,3.170469500729506507e+01,3.150721204508805329e+01,3.127353280723342266e+01,3.100800934154982258e+01,3.071544663180519663e+01,3.040095852832811829e+01,3.006982020126995536e+01,2.972732300878546852e+01,2.937863725937449288e+01,2.902868767530021543e+01,2.868204548616737526e+01,2.834284006207632345e+01,2.801469190270286447e+01,2.770066770027934311e+01,2.740325715378529736e+01,2.712437028268066186e+01,2.686535321324387127e+01,2.662701981728135081e+01,2.640969618562034427e+01,2.621327471760861627e+01,2.603727459083745899e+01,2.588090552054183036e+01,2.574313199645311201e+01,2.562273556281166975e+01,2.551837314984677008e+01,2.542862993844891761e+01,2.535206571334154546e+01,2.528725410791326667e+01,2.523281454583645456e+01,2.518743702664227868e+01,2.514990017653607168e+01,2.511908318940582063e+01,2.509397241835668524e+01,2.507366345101220872e+01,2.505735952065576910e+01,2.504436707996818967e+01,2.503408930514676811e+01,2.502601821584140040e+01
2.502148397749914821e+01,2.502229408957143164e+01,2.502304112296560845e+01,2.502372295104769861e+01,2.502434103286378075e+01,2.502490143450746629e+01,2.502541606141616626e+01,2.502590414782845230e+01,2.502639405666994676e+01,2.502692544932959251e+01,2.502755188930762742e+01,2.502834394553165609e+01,2.502939285903373801e+01,2.503081482928977053e+01,2.503275596237343592e+01,2.503539790068646198e+01,2.503896412201384436e+01,2.504372685289020595e+01,2.505001448706047285e+01,2.505821933412582680e+01,2.506880544709326841e+01,2.508231619237442445e+01,2.509938113494007084e+01,2.512072171934679332e+01,2.514715514015297870e+01,2.517959572012897951e+01,2.521905306007800363e+01,2.526662619922571196e+01,2.532349303943427188e+01,2.539089434889277186e+01,2.547011177903768697e+01,2.556243950759912309e+01,2.566914936294532623e+01,2.579144958825826350e+01,2.593043776157307079e+01,2.608704878703511909e+01,2.626199929606062256e+01,2.645573022146627551e+01,2.666834970578716835e+01,2.689957884671911614e+01,2.714870303661943041e+01,2.741453178919534750e+01,2.769536993855503226e+01,2.798900292368765008e+01,2.829269852396659246e+01,2.860322688806814995e+01,2.891690001164931090e+01,2.922963099292040567e+01,2.953701246691870708e+01,2.983441263670219712e+01,3.011708633894557607e+01,3.038029766338548399e+01,3.061944985162223887e+01,3.083021758830587800e+01,3.100867641546897602e+01,3.115142388468763457e+01,3.125568723166349372e+01,3.131941281512454367e+01,3.134133328878019142e+01,3.132100943497393786e+01,3.125884472876555975e+01,3.115607195566384746e+01,3.101471250107966426e+01,3.083751018779875253e+01,3.062784268505614094e+01,3.038961448280129574e+01,3.012713616382521309e+01,2.984499517721012651e+01,2.954792350022664493e+01,2.924066747278718381e+01,2.892786471781276703e+01,2.861393245764850590e+01,2.830297074922698286e+01,2.799868324613025550e+01,2.770431711541025166e+01,2.742262275204625865e+01,2.715583300074571227e+01,2.690566076182691191e+01,2.667331316281917353e+01,2.645951994551424136e+01,2.626457336201340809e+01,2.608837669302895179e+01,2.593049848656128731e+01,2.579022974540826141e+01,2.566664154161898281e+01,2.555864087496495074e+01,2.546502298943399367e+01,2.538451878630572622e+01,2.531583639705660715e+01,2.525769638095396630e+01,2.520886037265438873e+01,2.516815331184386295e+01,2.513447963276322383e+01,2.510683397409961515e+01,2.508430709112592893e+01,2.506608771735170649e+01,2.505146113984022449e+01,2.503980522964610245e+01,2.503058461594907058e+01,2.502334361861435497e+01
2.501639156682301035e+01,2.501701448453066945e+01,2.501759160219641132e+01,2.501812222479187042e+01,2.501860873200020663e+01,2.501905746853470092e+01,2.501947982646038326e+01,2.501989356154863486e+01,2.502032439187096458e+01,2.502080793223856858e+01,2.502139202197707135e+01,2.502213950497657180e+01,2.502313151889586251e+01,2.502447134360811987e+01,2.502628884614620119e+01,2.502874553921766676e+01,2.503204024158330299e+01,2.503641529022574019e+01,2.504216320566301945e+01,2.504963365294500477e+01,2.505924047253527576e+01,2.507146847911031884e+01,2.508687964510532353e+01,2.510611820364071889e+01,2.512991412758880827e+01,2.515908437450950075e+01,2.519453123854190935e+01,2.523723712831360189e+01,2.528825510294794654e+01,2.534869455430287033e+01,2.541970152945743067e+01,2.550243334793670158e+01,2.559802738509304731e+01,2.570756416459540006e+01,2.583202522289434455e+01,2.597224656579864188e+01,2.612886891597788619e+01,2.630228632974784375e+01,2.649259511749997742e+01,2.669954530758305111e+01,2.692249712035603793e+01,2.716038504061095082e+01,2.741169206906155509e+01,2.767443657923695710e+01,2.794617389490742454e+01,2.822401423480226512e+01,2.850465805651434437e+01,2.878444909222898218e+01,2.905944453841751596e+01,2.932550098272450256e+01,2.957837377414604418e+01,2.981382672167062609e+01,3.002774829673688828e+01,3.021626996744386418e+01,3.037588195100774868e+01,3.050354156763725655e+01,3.059676953147625866e+01,3.065372992375699823e+01,3.067329024381016112e+01,3.065505879244993537e+01,3.059939766216795931e+01,3.050741073068379450e+01,3.038090721248768844e+01,3.022234244823232530e+01,3.003473863772098085e+01,2.982158908950041365e+01,2.958675022074011451e+01,2.933432596177487284e+01,2.906854938358804930e+01,2.879366627404393242e+01,2.851382505680126300e+01,2.823297690711332919e+01,2.795478921430937902e+01,2.768257472272786046e+01,2.741923780611923434e+01,2.716723844964691281e+01,2.692857367910810140e+01,2.670477543214157734e+01,2.649692324465278404e+01,2.630566965011548319e+01,2.613127587098074045e+01,2.597365522030103691e+01,2.583242161823439886e+01,2.570694074473113133e+01,2.559638157303466244e+01,2.549976633180469321e+01,2.541601729867763027e+01,2.534399920777419979e+01,2.528255643347199921e+01,2.523054447192364691e+01,2.518685556415569948e+01,2.515043857888261414e+01,2.512031349299236282e+01,2.509558097099178653e+01,2.507542765326965295e+01,2.505912782150759810e+01,2.504604212467766899e+01,2.503561402876674080e+01,2.502736460608061009e+01,2.502088621394200629e+01
