2.532708388091120355e+01,2.541507197904298110e+01,2.552364024324798564e+01,2.565673164377504634e+01,2.581881953646283989e+01,2.601492459261613988e+01,2.625061802128280775e+01,2.653200758542389082e+01,2.686570285146495252e+01,2.725875622020076605e+01,2.771857659967757570e+01,2.825281312574411174e+01,2.886920713301706343e+01,2.957541163565274900e+01,3.037877888610432819e+01,3.128611811589325953e+01,3.230342728087939008e+01,3.343560447013464909e+01,3.468614650868669713e+01,3.605684408968419064e+01,3.754748439783156755e+01,3.915557351316432744e+01,4.087609179250395641e+01,4.270129580384030277e+01,4.462058014235077508e+01,4.662041151781960480e+01,4.868434583807723470e+01,5.079313662864664281e+01,5.292494007699483660e+01,5.505561836909330964e+01,5.715913893959626080e+01,5.920806296760482468e+01,6.117411213140746185e+01,6.302879852081398582e+01,6.474409893316854436e+01,6.629315177723407260e+01,6.765095268048374066e+01,6.879502380183373589e+01,6.970603190186784559e+01,7.036833146132229899e+01,7.077041154239694265e+01,7.090522856301259935e+01,7.077041154239694265e+01,7.036833146132229899e+01,6.970603190186784559e+01,6.879502380183373589e+01,6.765095268048374066e+01,6.629315177723407260e+01,6.474409893316854436e+01,6.302879852081398582e+01,6.117411213140746185e+01,5.920806296760482468e+01,5.715913893959626080e+01,5.505561836909330964e+01,5.292494007699483660e+01,5.079313662864664281e+01,4.868434583807723470e+01,4.662041151781960480e+01,4.462058014235077508e+01,4.270129580384030277e+01,4.087609179250395641e+01,3.915557351316432744e+01,3.754748439783156755e+01,3.605684408968419064e+01,3.468614650868669713e+01,3.343560447013464909e+01,3.230342728087939008e+01,3.128611811589325953e+01,3.037877888610432819e+01,2.957541163565274900e+01,2.886920713301706343e+01,2.825281312574411174e+01,2.771857659967757570e+01,2.725875622020076605e+01,2.686570285146495252e+01,2.653200758542389082e+01,2.625061802128280775e+01,2.601492459261613988e+01,2.581881953646283989e+01,2.565673164377504634e+01,2.552364024324798564e+01,2.541507197904298110e+01,2.532708388091120355e+01,2.525623602887214503e+01,2.519955681993673124e+01,2.515450348528317903e+01,2.511892011303806527e+01,2.509099503001855425e+01,2.506921900599912689e+01,2.505234538168033609e+01,2.503935289708762468e+01,2.502941171678747523e+01,2.502185291454884819e+01,2.501614149241046903e+01,2.501185286482476755e+01,2.500865263339529321e+01,2.500627940655297010e+01,2.500453037578066784e+01,2.500324934016205347e+01,2.500231686888259475e+01
2.534489739175122125e+01,2.543767746231372939e+01,2.555215852768127149e+01,2.569249829856335410e+01,2.586341375690612665e+01,2.607019900779674515e+01,2.631872867723070186e+01,2.661544316670020649e+01,2.696731201018056012e+01,2.738177169348368523e+01,2.786663462562757587e+01,2.842996652662272794e+01,2.907993033653986359e+01,2.982459586491587444e+01,3.067171577962152895e+01,3.162847015380827287e+01,3.270118360159686688e+01,3.389502096981733104e+01,3.521366952617634638e+01,3.665901748783294778e+01,3.823084044923055558e+01,3.992650866753804451e+01,4.174072912178792905e+01,4.366533666028864502e+01,4.568914829092335594e+01,4.779789367886471041e+01,4.997423316040564600e+01,5.219787206731295726e+01,5.444577693811628194e+01,5.669249537486258816e+01,5.891057703709664395e+01,6.107108874188593006e+01,6.314421208492924364e+01,6.509990765892314357e+01,6.690862607281371766e+01,6.854204281017977962e+01,6.997379172040933781e+01,7.118017078327312674e+01,7.214079384024154251e+01,7.283916329206982709e+01,7.326314129689058063e+01,7.340530066788885222e+01,7.326314129689058063e+01,7.283916329206982709e+01,7.214079384024154251e+01,7.118017078327312674e+01,6.997379172040933781e+01,6.854204281017977962e+01,6.690862607281371766e+01,6.509990765892314357e+01,6.314421208492924364e+01,6.107108874188593006e+01,5.891057703709664395e+01,5.669249537486258816e+01,5.444577693811628194e+01,5.219787206731295726e+01,4.997423316040564600e+01,4.779789367886471041e+01,4.568914829092335594e+01,4.366533666028864502e+01,4.174072912178792905e+01,3.992650866753804451e+01,3.823084044923055558e+01,3.665901748783294778e+01,3.521366952617634638e+01,3.389502096981733104e+01,3.270118360159686688e+01,3.162847015380827287e+01,3.067171577962152895e+01,2.982459586491587444e+01,2.907993033653986359e+01,2.842996652662272794e+01,2.786663462562757587e+01,2.738177169348368523e+01,2.696731201018056012e+01,2.661544316670020649e+01,2.631872867723070186e+01,2.607019900779674515e+01,2.586341375690612665e+01,2.569249829856335410e+01,2.555215852768127149e+01,2.543767746231372939e+01,2.534489739175122125e+01,2.527019105247404696e+01,2.521042500324567470e+01,2.516291799199089141e+01,2.512539669243047769e+01,2.509595076476496445e+01,2.507298878367898709e+01,2.505519619481545845e+01,2.504149611874961323e+01,2.503101352588414130e+01,2.502304305919650673e+01,2.501702058388152139e+01,2.501249839078420578e+01,2.500912386963705814e+01,2.500662139306844267e+01,2.500477710728530312e+01,2.500342630441977931e+01,2.500244304926433614e+01
2.536258065916353743e+01,2.546011766566563139e+01,2.558046830076886025e+01,2.572800344556922880e+01,2.590768192684884497e+01,2.612506928426701691e+01,2.638634134233482342e+01,2.669826870899008142e+01,2.706817825385623877e+01,2.750388773952597532e+01,2.801361012579297594e+01,2.860582467097574266e+01,2.928911283803205734e+01,3.007195818448133906e+01,3.096251086597592916e+01,3.196831908588978166e+01,3.309603172824378703e+01,3.435107844722757875e+01,3.573733556080578211e+01,3.725678809710139205e+01,3.890920014503885938e+01,4.069180713198895916e+01,4.259904465799601070e+01,4.462232893508925002e+01,4.674990360688515523e+01,4.896676668284410283e+01,5.125468947569012101e+01,5.359233678729894734e+01,5.595549420537732033e+01,5.831740435962382207e+01,6.064920950053224402e+01,6.292049300915927290e+01,6.509990765892314357e+01,6.715587388917344924e+01,6.905732727917970237e+01,7.077449108350947427e+01,7.227964733010171017e+01,7.354787877016360653e+01,7.455775402446683131e+01,7.529192964376588293e+01,7.573764546573310952e+01,7.588709350354258731e+01,7.573764546573310952e+01,7.529192964376588293e+01,7.455775402446683131e+01,7.354787877016360653e+01,7.227964733010171017e+01,7.077449108350947427e+01,6.905732727917970237e+01,6.715587388917344924e+01,6.509990765892314357e+01,6.292049300915927290e+01,6.064920950053224402e+01,5.831740435962382207e+01,5.595549420537732033e+01,5.359233678729894734e+01,5.125468947569012101e+01,4.896676668284410283e+01,4.674990360688515523e+01,4.462232893508925002e+01,4.259904465799601070e+01,4.069180713198895916e+01,3.890920014503885938e+01,3.725678809710139205e+01,3.573733556080578211e+01,3.435107844722757875e+01,3.309603172824378703e+01,3.196831908588978166e+01,3.096251086597592916e+01,3.007195818448133906e+01,2.928911283803205734e+01,2.860582467097574266e+01,2.801361012579297594e+01,2.750388773952597532e+01,2.706817825385623877e+01,2.669826870899008142e+01,2.638634134233482342e+01,2.612506928426701691e+01,2.590768192684884497e+01,2.572800344556922880e+01,2.558046830076886025e+01,2.546011766566563139e+01,2.536258065916353743e+01,2.528404404396538041e+01,2.522121372386700600e+01,2.517127097605964536e+01,2.513182591833331614e+01,2.510087026567258306e+01,2.507673099864136290e+01,2.505802616423942908e+01,2.504362367025325753e+01,2.503260362335871037e+01,2.502422450210536908e+01,2.501789324787808511e+01,2.501313919698264598e+01,2.500959166043654136e+01,2.500696087915059707e+01,2.500502203481332586e+01,2.500360197480389957e+01,2.500256830707862221e+01
2.538001725308709666e+01,2.548224483844913024e+01,2.560838316547607718e+01,2.576301331202108358e+01,2.595133257607743005e+01,2.617917414548848498e+01,2.645301084169945582e+01,2.677993887286495323e+01,2.716763745958778031e+01,2.762430032260475699e+01,2.815853538498522823e+01,2.877922967468552784e+01,2.949537733934775119e+01,3.031586991287878874e+01,3.124924949393989237e+01,3.230342728087939008e+01,3.348537190420157827e+01,3.480077413151418853e+01,3.625369669387521299e+01,3.784622007990292047e+01,3.957809703349958852e+01,4.144643003305182560e+01,4.344538708522851778e+01,4.556597160556414394e+01,4.779586187157771349e+01,5.011933444327976162e+01,5.251728401129723522e+01,5.496734936253083248e+01,5.744415160758799033e+01,5.991964660758582539e+01,6.236358883667948305e+01,6.474409893316854436e+01,6.702832217456180786e+01,6.918316033129633524e+01,7.117605508693583261e+01,7.297579772496681016e+01,7.455333730916967738e+01,7.588255831407064989e+01,7.694099872009311980e+01,7.771048102721115924e+01,7.817763143372262391e+01,7.833426646477650479e+01,7.817763143372262391e+01,7.771048102721115924e+01,7.694099872009311980e+01,7.588255831407064989e+01,7.455333730916967738e+01,7.297579772496681016e+01,7.117605508693583261e+01,6.918316033129633524e+01,6.702832217456180786e+01,6.474409893316854436e+01,6.236358883667948305e+01,5.991964660758582539e+01,5.744415160758799033e+01,5.496734936253083248e+01,5.251728401129723522e+01,5.011933444327976162e+01,4.779586187157771349e+01,4.556597160556414394e+01,4.344538708522851778e+01,4.144643003305182560e+01,3.957809703349958852e+01,3.784622007990292047e+01,3.625369669387521299e+01,3.480077413151418853e+01,3.348537190420157827e+01,3.230342728087939008e+01,3.124924949393989237e+01,3.031586991287878874e+01,2.949537733934775119e+01,2.877922967468552784e+01,2.815853538498522823e+01,2.762430032260475699e+01,2.716763745958778031e+01,2.677993887286495323e+01,2.645301084169945582e+01,2.617917414548848498e+01,2.595133257607743005e+01,2.576301331202108358e+01,2.560838316547607718e+01,2.548224483844913024e+01,2.538001725308709666e+01,2.529770379256436996e+01,2.523185194677245846e+01,2.517950743982285999e+01,2.513816545947674186e+01,2.510572114179364434e+01,2.508042101141740332e+01,2.506081665688489579e+01,2.504572154338696421e+01,2.503417153970111286e+01,2.502538946442626511e+01,2.501875373861122043e+01,2.501377106422784635e+01,2.501005292576842720e+01,2.500729562955725171e+01,2.500526354571440990e+01,2.500377519466654519e+01,2.500269181760371140e+01
2.539708725740551998e+01,2.550390680618346551e+01,2.563571114381803184e+01,2.579728712571087712e+01,2.599406550741140620e+01,2.623214149787089866e+01,2.651827867135991923e+01,2.685989199078133893e+01,2.726500561983669968e+01,2.774218133320569990e+01,2.830041371346530710e+01,2.894898898519874919e+01,2.969730530438680205e+01,3.055465360396615182e+01,3.152995968533745952e+01,3.263149011016183465e+01,3.386652653302826366e+01,3.524101534527427759e+01,3.675920177187399673e+01,3.842325975496498813e+01,4.023293093194678960e+01,4.218518762736159289e+01,4.427393588042670558e+01,4.648977498887809645e+01,4.881982975048033069e+01,5.124767044365717084e+01,5.375333356717482047e+01,5.631345346405391439e+01,5.890151124994651610e+01,6.148820307060695001e+01,6.404192480067241888e+01,6.652936508861208154e+01,6.891619340984860287e+01,7.116782479463307709e+01,7.325023843871400686e+01,7.513082376047486832e+01,7.677922488397913980e+01,7.816815319982318044e+01,7.927413771642173401e+01,8.007818441817909161e+01,8.056631876526623159e+01,8.072998968912439466e+01,8.056631876526623159e+01,8.007818441817909161e+01,7.927413771642173401e+01,7.816815319982318044e+01,7.677922488397913980e+01,7.513082376047486832e+01,7.325023843871400686e+01,7.116782479463307709e+01,6.891619340984860287e+01,6.652936508861208154e+01,6.404192480067241888e+01,6.148820307060695001e+01,5.890151124994651610e+01,5.631345346405391439e+01,5.375333356717482047e+01,5.124767044365717084e+01,4.881982975048033069e+01,4.648977498887809645e+01,4.427393588042670558e+01,4.218518762736159289e+01,4.023293093194678960e+01,3.842325975496498813e+01,3.675920177187399673e+01,3.524101534527427759e+01,3.386652653302826366e+01,3.263149011016183465e+01,3.152995968533745952e+01,3.055465360396615182e+01,2.969730530438680205e+01,2.894898898519874919e+01,2.830041371346530710e+01,2.774218133320569990e+01,2.726500561983669968e+01,2.685989199078133893e+01,2.651827867135991923e+01,2.623214149787089866e+01,2.599406550741140620e+01,2.579728712571087712e+01,2.563571114381803184e+01,2.550390680618346551e+01,2.539708725740551998e+01,2.531107635652930199e+01,2.524226651006001987e+01,2.518757073891802989e+01,2.514437171714206087e+01,2.511047003235665187e+01,2.508403344480308306e+01,2.506354848178817107e+01,2.504777531051653483e+01,2.503570649193164144e+01,2.502652993440197804e+01,2.501959613825618334e+01,2.501438964699988787e+01,2.501050449338775294e+01,2.500762334212039306e+01,2.500549997905353905e+01,2.500394477272842764e+01,2.500281273142471861e+01
2.541366858726858879e+01,2.552494864224782845e+01,2.566225678580651248e+01,2.583057975996302247e+01,2.603557509447693974e+01,2.628359251835355437e+01,2.658167803511278038e+01,2.693755623719992798e+01,2.735958635649796378e+01,2.785668768510255333e+01,2.843823039593738145e+01,2.911388848214316027e+01,2.989345254222183002e+01,3.078660147427613936e+01,3.180263379793066747e+01,3.295016126493555220e+01,3.423676959281411314e+01,3.566865347872192160e+01,3.725023541717352060e+01,3.898378012846923468e+01,4.086901846145923400e+01,4.290279631284253270e+01,4.507876525390270217e+01,4.738713203352843095e+01,4.981448381456553420e+01,5.234370481304749489e+01,5.495399790391340389e+01,5.762102174119225140e+01,6.031715008098012021e+01,6.301185541638463405e+01,6.567221391606437919e+01,6.826352323319048310e+01,7.075001928987518340e+01,7.309567293809132593e+01,7.526504275339131311e+01,7.722415642118752999e+01,7.894139048321031282e+01,8.038831682878624463e+01,8.154048437883940892e+01,8.237810597714286587e+01,8.288662354347360406e+01,8.305712893891673332e+01,8.288662354347360406e+01,8.237810597714286587e+01,8.154048437883940892e+01,8.038831682878624463e+01,7.894139048321031282e+01,7.722415642118752999e+01,7.526504275339131311e+01,7.309567293809132593e+01,7.075001928987518340e+01,6.826352323319048310e+01,6.567221391606437919e+01,6.301185541638463405e+01,6.031715008098012021e+01,5.762102174119225140e+01,5.495399790391340389e+01,5.234370481304749489e+01,4.981448381456553420e+01,4.738713203352843095e+01,4.507876525390270217e+01,4.290279631284253270e+01,4.086901846145923400e+01,3.898378012846923468e+01,3.725023541717352060e+01,3.566865347872192160e+01,3.423676959281411314e+01,3.295016126493555220e+01,3.180263379793066747e+01,3.078660147427613936e+01,2.989345254222183002e+01,2.911388848214316027e+01,2.843823039593738145e+01,2.785668768510255333e+01,2.735958635649796378e+01,2.693755623719992798e+01,2.658167803511278038e+01,2.628359251835355437e+01,2.603557509447693974e+01,2.583057975996302247e+01,2.566225678580651248e+01,2.552494864224782845e+01,2.541366858726858879e+01,2.532406609514220719e+01,2.525238292866364276e+01,2.519540320454530757e+01,2.515040030410924743e+01,2.511508297324641603e+01,2.508754246263688259e+01,2.506620210090884626e+01,2.504977028307788345e+01,2.503719750205581462e+01,2.502763775537925994e+01,2.502041442196186338e+01,2.501499052118829169e+01,2.501094313367816468e+01,2.500794167303633131e+01,2.500572964385699493e+01,2.500410949616546930e+01,2.500293018376472531e+01
2.542963840111832141e+01,2.554521445975338878e+01,2.568782343001289448e+01,2.586264456875487738e+01,2.607555381656317195e+01,2.633314603585017366e+01,2.664273924345288336e+01,2.701235624228559473e+01,2.745067897516754130e+01,2.796697106644204212e+01,2.857096442768527211e+01,2.927270651977125482e+01,3.008236591052417808e+01,3.100999515513780835e+01,3.206525174568968595e+01,3.325707989347994697e+01,3.459335816518820650e+01,3.608052040632081514e+01,3.772315984326883864e+01,3.952362862661553322e+01,4.148164721454107706e+01,4.359393973853401860e+01,4.585391268666898412e+01,4.825139473610752816e+01,5.077245524264142773e+01,5.339931766175256200e+01,5.611038198842742020e+01,5.888036717091106453e+01,6.168058044493500347e+01,6.447931577901661626e+01,6.724237830631895463e+01,6.993372598433393250e+01,7.251621405101280970e+01,7.495242244104608176e+01,7.720554150196880983e+01,7.924028740665241344e+01,8.102381586266818658e+01,8.252660128264396633e+01,8.372324864543696776e+01,8.459320690505126095e+01,8.512135596171886220e+01,8.529844377484948836e+01,8.512135596171886220e+01,8.459320690505126095e+01,8.372324864543696776e+01,8.252660128264396633e+01,8.102381586266818658e+01,7.924028740665241344e+01,7.720554150196880983e+01,7.495242244104608176e+01,7.251621405101280970e+01,6.993372598433393250e+01,6.724237830631895463e+01,6.447931577901661626e+01,6.168058044493500347e+01,5.888036717091106453e+01,5.611038198842742020e+01,5.339931766175256200e+01,5.077245524264142773e+01,4.825139473610752816e+01,4.585391268666898412e+01,4.359393973853401860e+01,4.148164721454107706e+01,3.952362862661553322e+01,3.772315984326883864e+01,3.608052040632081514e+01,3.459335816518820650e+01,3.325707989347994697e+01,3.206525174568968595e+01,3.100999515513780835e+01,3.008236591052417808e+01,2.927270651977125482e+01,2.857096442768527211e+01,2.796697106644204212e+01,2.745067897516754130e+01,2.701235624228559473e+01,2.664273924345288336e+01,2.633314603585017366e+01,2.607555381656317195e+01,2.586264456875487738e+01,2.568782343001289448e+01,2.554521445975338878e+01,2.542963840111832141e+01,2.533657677488369586e+01,2.526212625584307148e+01,2.520294681046142315e+01,2.515620655803688166e+01,2.511952578983095208e+01,2.509092206861926755e+01,2.506875785510559496e+01,2.505169168146409220e+01,2.503863352403521603e+01,2.502870472014819470e+01,2.502120252753384477e+01,2.501556923526099396e+01,2.501136559700545448e+01,2.500824826397397871e+01,2.500595083867003510e+01,2.500426814463624581e+01,2.500304330448674506e+01
2.544487458550834802e+01,2.556454929579059510e+01,2.571221558066837432e+01,2.589323636799440820e+01,2.611369597570885759e+01,2.638042313856765730e+01,2.670099539083829399e+01,2.708372004655932130e+01,2.753758693462652474e+01,2.807218819352034345e+01,2.869760085573457431e+01,2.942422869332522950e+01,3.026260088009107463e+01,3.122312646306674822e+01,3.231580541612297708e+01,3.354989913741339080e+01,3.493356558971987624e+01,3.647346678078062610e+01,3.817435882569508010e+01,4.003867728891246003e+01,4.206613271527484699e+01,4.425333306477284623e+01,4.659345100102952131e+01,4.907595449753131334e+01,5.168641889030067205e+01,5.440643722862348142e+01,5.721364351064246989e+01,6.008186014750287995e+01,6.298137684892849109e+01,6.587936319851047529e+01,6.874041168339383034e+01,7.152720210901509290e+01,7.420127245573813468e+01,7.672387563763930984e+01,7.905689662859333566e+01,8.116380033786313675e+01,8.301057772216364583e+01,8.456665613386876146e+01,8.580573997306120759e+01,8.670654939593416088e+01,8.725342810151548179e+01,8.743679594587018755e+01,8.725342810151548179e+01,8.670654939593416088e+01,8.580573997306120759e+01,8.456665613386876146e+01,8.301057772216364583e+01,8.116380033786313675e+01,7.905689662859333566e+01,7.672387563763930984e+01,7.420127245573813468e+01,7.152720210901509290e+01,6.874041168339383034e+01,6.587936319851047529e+01,6.298137684892849109e+01,6.008186014750287995e+01,5.721364351064246989e+01,5.440643722862348142e+01,5.168641889030067205e+01,4.907595449753131334e+01,4.659345100102952131e+01,4.425333306477284623e+01,4.206613271527484699e+01,4.003867728891246003e+01,3.817435882569508010e+01,3.647346678078062610e+01,3.493356558971987624e+01,3.354989913741339080e+01,3.231580541612297708e+01,3.122312646306674822e+01,3.026260088009107463e+01,2.942422869332522950e+01,2.869760085573457431e+01,2.807218819352034345e+01,2.753758693462652474e+01,2.708372004655932130e+01,2.670099539083829399e+01,2.638042313856765730e+01,2.611369597570885759e+01,2.589323636799440820e+01,2.571221558066837432e+01,2.556454929579059510e+01,2.544487458550834802e+01,2.534851273263370075e+01,2.527142198908548210e+01,2.521014387435866411e+01,2.516174608130804913e+01,2.512376451003959232e+01,2.509414642053706501e+01,2.507119620176158392e+01,2.505352481367054196e+01,2.504000357730397752e+01,2.502972267014499153e+01,2.502195442870981168e+01,2.501612136407124609e+01,2.501176865299678909e+01,2.500854077058064817e+01,2.500616187212285624e+01,2.500441950503259747e+01,2.500315122861129780e+01
2.545925728828609280e+01,2.558280105704925234e+01,2.573524136218998848e+01,2.592211451390256016e+01,2.614970153486007476e+01,2.642505193139216857e+01,2.675598821787243153e+01,2.715108628207365271e+01,2.761962659218917437e+01,2.817151139854051678e+01,2.881714352198511975e+01,2.956726308636471146e+01,3.043273967147600345e+01,3.142431884667829323e+01,3.255232388291670276e+01,3.382631559742002025e+01,3.525471569820932416e+01,3.684440157434670482e+01,3.860028310514306327e+01,4.052487459633951516e+01,4.261787723475312362e+01,4.487578931642673297e+01,4.729156277861909530e+01,4.985432509659099765e+01,5.254918525998004952e+01,5.535714122518575664e+01,5.825510390216484069e+01,6.121604938606203206e+01,6.420930685909877411e+01,6.720098450433515325e+01,7.015453009139345397e+01,7.303141687158574769e+01,7.579193935618437195e+01,7.839609777404047009e+01,8.080454484816527838e+01,8.297956431594063531e+01,8.488604762878895826e+01,8.649243373174788019e+01,8.777157689362663007e+01,8.870150929769610570e+01,8.926606847803162736e+01,8.945536456663820957e+01,8.926606847803162736e+01,8.870150929769610570e+01,8.777157689362663007e+01,8.649243373174788019e+01,8.488604762878895826e+01,8.297956431594063531e+01,8.080454484816527838e+01,7.839609777404047009e+01,7.579193935618437195e+01,7.303141687158574769e+01,7.015453009139345397e+01,6.720098450433515325e+01,6.420930685909877411e+01,6.121604938606203206e+01,5.825510390216484069e+01,5.535714122518575664e+01,5.254918525998004952e+01,4.985432509659099765e+01,4.729156277861909530e+01,4.487578931642673297e+01,4.261787723475312362e+01,4.052487459633951516e+01,3.860028310514306327e+01,3.684440157434670482e+01,3.525471569820932416e+01,3.382631559742002025e+01,3.255232388291670276e+01,3.142431884667829323e+01,3.043273967147600345e+01,2.956726308636471146e+01,2.881714352198511975e+01,2.817151139854051678e+01,2.761962659218917437e+01,2.715108628207365271e+01,2.675598821787243153e+01,2.642505193139216857e+01,2.614970153486007476e+01,2.592211451390256016e+01,2.573524136218998848e+01,2.558280105704925234e+01,2.545925728828609280e+01,2.535978007675947055e+01,2.528019700551376658e+01,2.521693778208888759e+01,2.516697529845979986e+01,2.512776579089563000e+01,2.509719015472256842e+01,2.507349796014967325e+01,2.505525525975879830e+01,2.504129688463407177e+01,2.503068359788593966e+01,2.502266421082160974e+01,2.501664256441705447e+01,2.501214913109929583e+01,2.500881689191631452e+01,2.500636108416639658e+01,2.500456238671067055e+01,2.500325310717657956e+01
2.547267047368509552e+01,2.559982249324269787e+01,2.575671500878332054e+01,2.594904602538764493e+01,2.618328001087761692e+01,2.646667236126123868e+01,2.680727405726038270e+01,2.721391145621161911e+01,2.769613607402738609e+01,2.826413936867557553e+01,2.892862798845065697e+01,2.970065573598830611e+01,3.059140965080277041e+01,3.161194914009046997e+01,3.277289897887852987e+01,3.408409922006021020e+01,3.555421753820722586e+01,3.719033218515928496e+01,3.899749643941368049e+01,4.097829804016571131e+01,4.313242944701850234e+01,4.545628668435672637e+01,4.794261584192258852e+01,5.058022684924860357e+01,5.335379378532881844e+01,5.624375962803505047e+01,5.922636094147599550e+01,6.227378455374439881e+01,6.535446386734167845e+01,6.843351721228523843e+01,7.147332480444194402e+01,7.443423467308350894e+01,7.727538168086002202e+01,7.995559781311288816e+01,8.243438660625423609e+01,8.467293024688832759e+01,8.663509479722063134e+01,8.828839742207466657e+01,8.960489956511663934e+01,9.056199181196372194e+01,9.114303965159261622e+01,9.133786437000334502e+01,9.114303965159261622e+01,9.056199181196372194e+01,8.960489956511663934e+01,8.828839742207466657e+01,8.663509479722063134e+01,8.467293024688832759e+01,8.243438660625423609e+01,7.995559781311288816e+01,7.727538168086002202e+01,7.443423467308350894e+01,7.147332480444194402e+01,6.843351721228523843e+01,6.535446386734167845e+01,6.227378455374439881e+01,5.922636094147599550e+01,5.624375962803505047e+01,5.335379378532881844e+01,5.058022684924860357e+01,4.794261584192258852e+01,4.545628668435672637e+01,4.313242944701850234e+01,4.097829804016571131e+01,3.899749643941368049e+01,3.719033218515928496e+01,3.555421753820722586e+01,3.408409922006021020e+01,3.277289897887852987e+01,3.161194914009046997e+01,3.059140965080277041e+01,2.970065573598830611e+01,2.892862798845065697e+01,2.826413936867557553e+01,2.769613607402738609e+01,2.721391145621161911e+01,2.680727405726038270e+01,2.646667236126123868e+01,2.618328001087761692e+01,2.594904602538764493e+01,2.575671500878332054e+01,2.559982249324269787e+01,2.547267047368509552e+01,2.537028790536781031e+01,2.528838051066232140e+01,2.522327372223709219e+01,2.517185202157867252e+01,2.513149735114441441e+01,2.510002871514937794e+01,2.507564456030405609e+01,2.505686905895658612e+01,2.504250301197080830e+01,2.503157975086521603e+01,2.502332614753862217e+01,2.501712863139461618e+01,2.501250396171827006e+01,2.500907440030852058e+01,2.500654686761162182e+01,2.500469563693962272e+01,2.500334811825380044e+01
2.548500347142535816e+01,2.561547316292816845e+01,2.577645934445249765e+01,2.597380869438885753e+01,2.621415435254418114e+01,2.650494102394311824e+01,2.685442975685476341e+01,2.727167720742033552e+01,2.776648411131682792e+01,2.834930784375276858e+01,2.903113441269617923e+01,2.982330603846587991e+01,3.073730165469843456e+01,3.178446923250858092e+01,3.297571077034588427e+01,3.432112306942373436e+01,3.582959996274105663e+01,3.750840438907864183e+01,3.936272147792884368e+01,4.139520648821463311e+01,4.360554385514319620e+01,4.599003556755945965e+01,4.854123844495542528e+01,5.124767044365717084e+01,5.409360575614238087e+01,5.705897707516200512e+01,6.011940092524668700e+01,6.324633842851557830e+01,6.640739934648270548e+01,6.956679187074767867e+01,7.268591463542324504e+01,7.572408106387142368e+01,7.863935975868457717e+01,8.138950854242031596e+01,8.393297431093114369e+01,8.622992640988539392e+01,8.824328808868779106e+01,8.993972896454650368e+01,9.129058150360241086e+01,9.227264636281846322e+01,9.286885500070339106e+01,9.306876311853437755e+01,9.286885500070339106e+01,9.227264636281846322e+01,9.129058150360241086e+01,8.993972896454650368e+01,8.824328808868779106e+01,8.622992640988539392e+01,8.393297431093114369e+01,8.138950854242031596e+01,7.863935975868457717e+01,7.572408106387142368e+01,7.268591463542324504e+01,6.956679187074767867e+01,6.640739934648270548e+01,6.324633842851557830e+01,6.011940092524668700e+01,5.705897707516200512e+01,5.409360575614238087e+01,5.124767044365717084e+01,4.854123844495542528e+01,4.599003556755945965e+01,4.360554385514319620e+01,4.139520648821463311e+01,3.936272147792884368e+01,3.750840438907864183e+01,3.582959996274105663e+01,3.432112306942373436e+01,3.297571077034588427e+01,3.178446923250858092e+01,3.073730165469843456e+01,2.982330603846587991e+01,2.903113441269617923e+01,2.834930784375276858e+01,2.776648411131682792e+01,2.727167720742033552e+01,2.685442975685476341e+01,2.650494102394311824e+01,2.621415435254418114e+01,2.597380869438885753e+01,2.577645934445249765e+01,2.561547316292816845e+01,2.548500347142535816e+01,2.537994951986330605e+01,2.529590498359714701e+01,2.522909941786462085e+01,2.517633601351763417e+01,2.513492840221445945e+01,2.510263868126018849e+01,2.507761829093296413e+01,2.505835289603685467e+01,2.504361200772953211e+01,2.503240373505238736e+01,2.502393477731538951e+01,2.501757555453461634e+01,2.501283021719687838e+01,2.500931117109224999e+01,2.500671768958581964e+01,2.500481815629081694e+01,2.500343547792011734e+01
2.549615249110442861e+01,2.562962135528081120e+01,2.579430820744281760e+01,2.599619412652913653e+01,2.624206473168056419e+01,2.653953586311503443e+01,2.689705846998926120e+01,2.732389739837194398e+01,2.783007867839953775e+01,2.842630007424449090e+01,2.912380013478687601e+01,2.993418180969077369e+01,3.086918790463601425e+01,3.194042725227901869e+01,3.315905246081221236e+01,3.453539243171639583e+01,3.607854544502022520e+01,3.779594139634533434e+01,3.969288460837374544e+01,4.177209137780590709e+01,4.403323888580177936e+01,4.647254411315680755e+01,4.908239277921444454e+01,5.185103889676545919e+01,5.476239516121006545e+01,5.779593296797537505e+01,6.092670832632991562e+01,6.412552632079759007e+01,6.735925214212626599e+01,7.059127121754440282e+01,7.378209483207697872e+01,7.689010112620600523e+01,7.987239480431999539e+01,8.268576264671553133e+01,8.528769634705955127e+01,8.763744964365864121e+01,8.969709348393108428e+01,9.143253130274716511e+01,9.281443657117262092e+01,9.381907665115842576e+01,9.442899063803203319e+01,9.463349414470252441e+01,9.442899063803203319e+01,9.381907665115842576e+01,9.281443657117262092e+01,9.143253130274716511e+01,8.969709348393108428e+01,8.763744964365864121e+01,8.528769634705955127e+01,8.268576264671553133e+01,7.987239480431999539e+01,7.689010112620600523e+01,7.378209483207697872e+01,7.059127121754440282e+01,6.735925214212626599e+01,6.412552632079759007e+01,6.092670832632991562e+01,5.779593296797537505e+01,5.476239516121006545e+01,5.185103889676545919e+01,4.908239277921444454e+01,4.647254411315680755e+01,4.403323888580177936e+01,4.177209137780590709e+01,3.969288460837374544e+01,3.779594139634533434e+01,3.607854544502022520e+01,3.453539243171639583e+01,3.315905246081221236e+01,3.194042725227901869e+01,3.086918790463601425e+01,2.993418180969077369e+01,2.912380013478687601e+01,2.842630007424449090e+01,2.783007867839953775e+01,2.732389739837194398e+01,2.689705846998926120e+01,2.653953586311503443e+01,2.624206473168056419e+01,2.599619412652913653e+01,2.579430820744281760e+01,2.562962135528081120e+01,2.549615249110442861e+01,2.538868361131539331e+01,2.530270710085945041e+01,2.523436584185686726e+01,2.518038953849356787e+01,2.513803006952239372e+01,2.510499808844925340e+01,2.507940254177661998e+01,2.505969428352081252e+01,2.504461453897119583e+01,2.503314861607089270e+01,2.502448497812636319e+01,2.501797957268071571e+01,2.501312515187764518e+01,2.500952521168341747e+01,2.500687211250813391e+01,2.500492891368219261e+01,2.500351445098566217e+01
2.550602207302453905e+01,2.564214593120455987e+01,2.581010877292163030e+01,2.601601065414189762e+01,2.626677217513633167e+01,2.657016067220576261e+01,2.693479520277300665e+01,2.737012491140147219e+01,2.788637526837461778e+01,2.849445684030316883e+01,2.920583173592192594e+01,3.003233371349570646e+01,3.098593916935380577e+01,3.207848786177924438e+01,3.332135424926683243e+01,3.472507269823231013e+01,3.629892247382824166e+01,3.805048126890555693e+01,3.998515892097927349e+01,4.210572575996199873e+01,4.441185254542544669e+01,4.689968100545827667e+01,4.956144539434421858e+01,5.238516607093687583e+01,5.535443571819364195e+01,5.844831737171657693e+01,6.164137084905014774e+01,6.490382048260048009e+01,6.820187233770505486e+01,7.149818349590844946e+01,7.475247972343984770e+01,7.792231120897287155e+01,8.096392937359796349e+01,8.383326139009268729e+01,8.648695336690754232e+01,8.888344850813825815e+01,9.098406326757827856e+01,9.275402282321348935e+01,9.416341727590604194e+01,9.518804189239507707e+01,9.581008843159000321e+01,9.601865997006163411e+01,9.581008843159000321e+01,9.518804189239507707e+01,9.416341727590604194e+01,9.275402282321348935e+01,9.098406326757827856e+01,8.888344850813825815e+01,8.648695336690754232e+01,8.383326139009268729e+01,8.096392937359796349e+01,7.792231120897287155e+01,7.475247972343984770e+01,7.149818349590844946e+01,6.820187233770505486e+01,6.490382048260048009e+01,6.164137084905014774e+01,5.844831737171657693e+01,5.535443571819364195e+01,5.238516607093687583e+01,4.956144539434421858e+01,4.689968100545827667e+01,4.441185254542544669e+01,4.210572575996199873e+01,3.998515892097927349e+01,3.805048126890555693e+01,3.629892247382824166e+01,3.472507269823231013e+01,3.332135424926683243e+01,3.207848786177924438e+01,3.098593916935380577e+01,3.003233371349570646e+01,2.920583173592192594e+01,2.849445684030316883e+01,2.788637526837461778e+01,2.737012491140147219e+01,2.693479520277300665e+01,2.657016067220576261e+01,2.626677217513633167e+01,2.601601065414189762e+01,2.581010877292163030e+01,2.564214593120455987e+01,2.550602207302453905e+01,2.539641539702978434e+01,2.530872862162835801e+01,2.523902790224546422e+01,2.518397788957436134e+01,2.514077579609439184e+01,2.510708673509314792e+01,2.508098203579263341e+01,2.506088173623330206e+01,2.504550202186224084e+01,2.503380801612977535e+01,2.502497203906380108e+01,2.501833722656463621e+01,2.501338624048244341e+01,2.500971468943209430e+01,2.500700881418469379e+01,2.500502696079117015e+01,2.500358436127035944e+01
2.551452644716653140e+01,2.565293804788057841e+01,2.582372372860815801e+01,2.603308606487136601e+01,2.628806196683579799e+01,2.659654931122236476e+01,2.696731201018056012e+01,2.740995801371919072e+01,2.793488464475365873e+01,2.855318583648183761e+01,2.927651633362485484e+01,3.011690877649863296e+01,3.108654084070601797e+01,3.219745126741943864e+01,3.346120567804111801e+01,3.488851548302921657e+01,3.648881589793215596e+01,3.826981196881050096e+01,4.023700445269587078e+01,4.239321023858067861e+01,4.473809455271326385e+01,4.726773427978975661e+01,4.997423316040569574e+01,5.284541021960764340e+01,5.586458239356214506e+01,5.901046084433018279e+01,6.225717783334475541e+01,6.557445727330511431e+01,6.892793727751758581e+01,7.227964733010166754e+01,7.558863633520772396e+01,7.881174105595538038e+01,8.190447766036402300e+01,8.482203261871583777e+01,8.752032341963641215e+01,8.995709484997971117e+01,9.209301323508114478e+01,9.389271931577867747e+01,9.532580051728774606e+01,9.636764531360338992e+01,9.700014617245165027e+01,9.721222303310803170e+01,9.700014617245165027e+01,9.636764531360338992e+01,9.532580051728774606e+01,9.389271931577867747e+01,9.209301323508114478e+01,8.995709484997971117e+01,8.752032341963641215e+01,8.482203261871583777e+01,8.190447766036402300e+01,7.881174105595538038e+01,7.558863633520772396e+01,7.227964733010166754e+01,6.892793727751758581e+01,6.557445727330511431e+01,6.225717783334475541e+01,5.901046084433018279e+01,5.586458239356214506e+01,5.284541021960764340e+01,4.997423316040569574e+01,4.726773427978975661e+01,4.473809455271326385e+01,4.239321023858067861e+01,4.023700445269587078e+01,3.826981196881050096e+01,3.648881589793215596e+01,3.488851548302921657e+01,3.346120567804111801e+01,3.219745126741943864e+01,3.108654084070601797e+01,3.011690877649863296e+01,2.927651633362485484e+01,2.855318583648183761e+01,2.793488464475365873e+01,2.740995801371919072e+01,2.696731201018056012e+01,2.659654931122236476e+01,2.628806196683579799e+01,2.603308606487136601e+01,2.582372372860815801e+01,2.565293804788057841e+01,2.551452644716653140e+01,2.540307768516246867e+01,2.531391721684314078e+01,2.524304508414213544e+01,2.518706988277031300e+01,2.514314172063394537e+01,2.510888647014310848e+01,2.508234304664151892e+01,2.506190493480692894e+01,2.504626674387490226e+01,2.503437620481855674e+01,2.502539172740272733e+01,2.501864540805264880e+01,2.501361121406262100e+01,2.500987795771229116e+01,2.500712660663149478e+01,2.500511144555506249e+01,2.500364460123009280e+01
2.552159077329304893e+01,2.566190273246781928e+01,2.583503326009888212e+01,2.604727009159963913e+01,2.630574675224382020e+01,2.661846955472715237e+01,2.699432273763503076e+01,2.744304616585186096e+01,2.797517991507149304e+01,2.860197023556425933e+01,2.933523188893299505e+01,3.018716272079224794e+01,3.117010760334359531e+01,3.229627056682139141e+01,3.357737602586754377e+01,3.502428245606613899e+01,3.664655461623802069e+01,3.845200334089931715e+01,4.044620491117146344e+01,4.263201489126485910e+01,4.500909391106362989e+01,4.757346499182091293e+01,5.031712346036279371e+01,5.322772109983792177e+01,5.628834579190180420e+01,5.947741640791802809e+01,6.276871005140244364e+01,6.613153495155385997e+01,6.953105744112151854e+01,7.292878567804456225e+01,7.628320631763679671e+01,7.955056350200933935e+01,8.268576264671553133e+01,8.564337494289969754e+01,8.837871263675816635e+01,9.084894036108698856e+01,9.301418439919434888e+01,9.483860001767354220e+01,9.629135708429896567e+01,9.734750616264892642e+01,9.798869110832463036e+01,9.820367973399486061e+01,9.798869110832463036e+01,9.734750616264892642e+01,9.629135708429896567e+01,9.483860001767354220e+01,9.301418439919434888e+01,9.084894036108698856e+01,8.837871263675816635e+01,8.564337494289969754e+01,8.268576264671553133e+01,7.955056350200933935e+01,7.628320631763679671e+01,7.292878567804456225e+01,6.953105744112151854e+01,6.613153495155385997e+01,6.276871005140244364e+01,5.947741640791802809e+01,5.628834579190180420e+01,5.322772109983792177e+01,5.031712346036279371e+01,4.757346499182091293e+01,4.500909391106362989e+01,4.263201489126485910e+01,4.044620491117146344e+01,3.845200334089931715e+01,3.664655461623802069e+01,3.502428245606613899e+01,3.357737602586754377e+01,3.229627056682139141e+01,3.117010760334359531e+01,3.018716272079224794e+01,2.933523188893299505e+01,2.860197023556425933e+01,2.797517991507149304e+01,2.744304616585186096e+01,2.699432273763503076e+01,2.661846955472715237e+01,2.630574675224382020e+01,2.604727009159963913e+01,2.583503326009888212e+01,2.566190273246781928e+01,2.552159077329304893e+01,2.540861184621092761e+01,2.531822722580132279e+01,2.524638203552195748e+01,2.518963830790689684e+01,2.514510702251966379e+01,2.511038145556143419e+01,2.508347359714855074e+01,2.506275487488430542e+01,2.504690197529856022e+01,2.503484818196019290e+01,2.502574034979964424e+01,2.501890140508442784e+01,2.501379809280451383e+01,2.501001357972964101e+01,2.500722445325084209e+01,2.500518162449062132e+01,2.500369464074085357e+01
2.552715223712407422e+01,2.566896027315826601e+01,2.584393680577402108e+01,2.605843661339023143e+01,2.631966928252409943e+01,2.663572649321440267e+01,2.701558721227810622e+01,2.746909515595023876e+01,2.800690278352639950e+01,2.864037625846810187e+01,2.938145631732385255e+01,3.024247086528876594e+01,3.123589640181658211e+01,3.237406708266576061e+01,3.366883233409902232e+01,3.513116641024241460e+01,3.677073605419819557e+01,3.859543538353867120e+01,4.061090013650640174e+01,4.282001632477719255e+01,4.522244095969993793e+01,4.781415465797501696e+01,5.058706739656690843e+01,5.352869929570965724e+01,5.662195791152524293e+01,5.984503200650184596e+01,6.317141908241021042e+01,6.657010011731298960e+01,7.000587002983473894e+01,7.343982655848542151e+01,7.683001372236518023e+01,8.013220911656497947e+01,8.330083733544029201e+01,8.628998518526853445e+01,8.905448842888156946e+01,9.155105496679132671e+01,9.373938592863250108e+01,9.558325438637660909e+01,9.705150148138251609e+01,9.811891175375693308e+01,9.876693333663359908e+01,9.898421427943627293e+01,9.876693333663359908e+01,9.811891175375693308e+01,9.705150148138251609e+01,9.558325438637660909e+01,9.373938592863250108e+01,9.155105496679132671e+01,8.905448842888156946e+01,8.628998518526853445e+01,8.330083733544029201e+01,8.013220911656497947e+01,7.683001372236518023e+01,7.343982655848542151e+01,7.000587002983473894e+01,6.657010011731298960e+01,6.317141908241021042e+01,5.984503200650184596e+01,5.662195791152524293e+01,5.352869929570965724e+01,5.058706739656690843e+01,4.781415465797501696e+01,4.522244095969993793e+01,4.282001632477719255e+01,4.061090013650640174e+01,3.859543538353867120e+01,3.677073605419819557e+01,3.513116641024241460e+01,3.366883233409902232e+01,3.237406708266576061e+01,3.123589640181658211e+01,3.024247086528876594e+01,2.938145631732385255e+01,2.864037625846810187e+01,2.800690278352639950e+01,2.746909515595023876e+01,2.701558721227810622e+01,2.663572649321440267e+01,2.631966928252409943e+01,2.605843661339023143e+01,2.584393680577402108e+01,2.566896027315826601e+01,2.552715223712407422e+01,2.541296867175307383e+01,2.532162032494525050e+01,2.524900908502001329e+01,2.519166032716874781e+01,2.514665422676232254e+01,2.511155839829921632e+01,2.508436363473195740e+01,2.506342399900374929e+01,2.504740206780897793e+01,2.503521975084805007e+01,2.502601480638848486e+01,2.501910294139625535e+01,2.501394521502752255e+01,2.501012034956594832e+01,2.500730148401425268e+01,2.500523687358371561e+01,2.500373403486341317e+01
2.553116098013817847e+01,2.567404739910193356e+01,2.585035454534949295e+01,2.606648552237892247e+01,2.632970474219719748e+01,2.664816541823618934e+01,2.703091479810153785e+01,2.748787145482657124e+01,2.802976885461301038e+01,2.866805959521054348e+01,2.941477521681195384e+01,3.028233737249076896e+01,3.128331743956807287e+01,3.243014336921331875e+01,3.373475469696203533e+01,3.520820913094359383e+01,3.686024692526180502e+01,3.869882222851303766e+01,4.072961363605915608e+01,4.295552910632746091e+01,4.537622304240066029e+01,4.798764549547339442e+01,5.078164492171777056e+01,5.374564653779476942e+01,5.686242791988872369e+01,6.011001196635990595e+01,6.346169464003617833e+01,6.688622103401425534e+01,7.034811834895401716e+01,7.380818849009747851e+01,7.722415642118752999e+01,8.055146344687719306e+01,8.374418758215419700e+01,8.675606648521005582e+01,8.954159246625042101e+01,9.205714420988110192e+01,9.426211639192023028e+01,9.612000659571489791e+01,9.759941901426603295e+01,9.867494643605425608e+01,9.932789591605512669e+01,9.954682917748650084e+01,9.932789591605512669e+01,9.867494643605425608e+01,9.759941901426603295e+01,9.612000659571489791e+01,9.426211639192023028e+01,9.205714420988110192e+01,8.954159246625042101e+01,8.675606648521005582e+01,8.374418758215419700e+01,8.055146344687719306e+01,7.722415642118752999e+01,7.380818849009747851e+01,7.034811834895401716e+01,6.688622103401425534e+01,6.346169464003617833e+01,6.011001196635990595e+01,5.686242791988872369e+01,5.374564653779476942e+01,5.078164492171777056e+01,4.798764549547339442e+01,4.537622304240066029e+01,4.295552910632746091e+01,4.072961363605915608e+01,3.869882222851303766e+01,3.686024692526180502e+01,3.520820913094359383e+01,3.373475469696203533e+01,3.243014336921331875e+01,3.128331743956807287e+01,3.028233737249076896e+01,2.941477521681195384e+01,2.866805959521054348e+01,2.802976885461301038e+01,2.748787145482657124e+01,2.703091479810153785e+01,2.664816541823618934e+01,2.632970474219719748e+01,2.606648552237892247e+01,2.585035454534949295e+01,2.567404739910193356e+01,2.553116098013817847e+01,2.541610910284934377e+01,2.532406609514220719e+01,2.525090268113840963e+01,2.519311781315384025e+01,2.514776946267638991e+01,2.511240674706519371e+01,2.508500518020508352e+01,2.506390630846774670e+01,2.504776253807695952e+01,2.503548758036716748e+01,2.502621263666602047e+01,2.501924821021516010e+01,2.501405126178097760e+01,2.501019731002967461e+01,2.500735700834095354e+01,2.500527669752624504e+01,2.500376243042947522e+01
2.553358084375332027e+01,2.567711822477806294e+01,2.585422859126251183e+01,2.607134421796873980e+01,2.633576261211770131e+01,2.665567413155750032e+01,2.704016724135160388e+01,2.749920570157624056e+01,2.804357187796698270e+01,2.868477054402744031e+01,2.943488805325074864e+01,3.030640264928738858e+01,3.131194298214922611e+01,3.246399362227551677e+01,3.377454849934726155e+01,3.525471569820932416e+01,3.691427984762285064e+01,3.876123133370077056e+01,4.080127462235415692e+01,4.303733092008968697e+01,4.546905305551926801e+01,4.809237262907756616e+01,5.089910096012690843e+01,5.387660597712037713e+01,5.700758679431010734e+01,6.026996618675924822e+01,6.363691845902206978e+01,6.707704631306546617e+01,7.055471534254188271e+01,7.403054887398226924e+01,7.746207927448560326e+01,8.080454484816527838e+01,8.401181439859331590e+01,8.703741482194769219e+01,8.983563110446463895e+01,9.236264320072670841e+01,9.457766079678387428e+01,9.644401517824439907e+01,9.793016750506684787e+01,9.901059481553740227e+01,9.966651900329780744e+01,9.988644968105546695e+01,9.966651900329780744e+01,9.901059481553740227e+01,9.793016750506684787e+01,9.644401517824439907e+01,9.457766079678387428e+01,9.236264320072670841e+01,8.983563110446463895e+01,8.703741482194769219e+01,8.401181439859331590e+01,8.080454484816527838e+01,7.746207927448560326e+01,7.403054887398226924e+01,7.055471534254188271e+01,6.707704631306546617e+01,6.363691845902206978e+01,6.026996618675924822e+01,5.700758679431010734e+01,5.387660597712037713e+01,5.089910096012690843e+01,4.809237262907756616e+01,4.546905305551926801e+01,4.303733092008968697e+01,4.080127462235415692e+01,3.876123133370077056e+01,3.691427984762285064e+01,3.525471569820932416e+01,3.377454849934726155e+01,3.246399362227551677e+01,3.131194298214922611e+01,3.030640264928738858e+01,2.943488805325074864e+01,2.868477054402744031e+01,2.804357187796698270e+01,2.749920570157624056e+01,2.704016724135160388e+01,2.665567413155750032e+01,2.633576261211770131e+01,2.607134421796873980e+01,2.585422859126251183e+01,2.567711822477806294e+01,2.553358084375332027e+01,2.541800481303056358e+01,2.532554247571581740e+01,2.525204574377239553e+01,2.519399761944037053e+01,2.514844267091180541e+01,2.511291884981274336e+01,2.508539244687256797e+01,2.506419745287861645e+01,2.504798013468586149e+01,2.503564925471398794e+01,2.502633205621695822e+01,2.501933590122654394e+01,2.501411527653055700e+01,2.501024376694280704e+01,2.500739052540539475e+01,2.500530073710902457e+01,2.500377957131301443e+01
2.553438991235316280e+01,2.567814493909973450e+01,2.585552385802175479e+01,2.607296869713910681e+01,2.633778802888249615e+01,2.665818463013911455e+01,2.704326074681143410e+01,2.750299524702445808e+01,2.804818684581424293e+01,2.869035776137174309e+01,2.944161267372714619e+01,3.031444874729097805e+01,3.132151378089633198e+01,3.247531127533583373e+01,3.378785334668530993e+01,3.527026492297796523e+01,3.693234546940695395e+01,3.878209748790712297e+01,4.082523409407087911e+01,4.306468092383011026e+01,4.550009027938076400e+01,4.812738759224360763e+01,5.093837176528490573e+01,5.392039157294844642e+01,5.705611989615448465e+01,6.032344603427140584e+01,6.369550361605299571e+01,6.714084773574528242e+01,7.062378995455250674e+01,7.410489389215811684e+01,7.754162752199204078e+01,8.088916127601105188e+01,8.410129400905681507e+01,8.713148215014288667e+01,8.993394136783314252e+01,9.246478517237800077e+01,9.468316139947684462e+01,9.655234573396867859e+01,9.804075151347088024e+01,9.912281707580440582e+01,9.977973584136948659e+01,1.000000000000000000e+02,9.977973584136948659e+01,9.912281707580440582e+01,9.804075151347088024e+01,9.655234573396867859e+01,9.468316139947684462e+01,9.246478517237800077e+01,8.993394136783314252e+01,8.713148215014288667e+01,8.410129400905681507e+01,8.088916127601105188e+01,7.754162752199204078e+01,7.410489389215811684e+01,7.062378995455250674e+01,6.714084773574528242e+01,6.369550361605299571e+01,6.032344603427140584e+01,5.705611989615448465e+01,5.392039157294844642e+01,5.093837176528490573e+01,4.812738759224360763e+01,4.550009027938076400e+01,4.306468092383011026e+01,4.082523409407087911e+01,3.878209748790712297e+01,3.693234546940695395e+01,3.527026492297796523e+01,3.378785334668530993e+01,3.247531127533583373e+01,3.132151378089633198e+01,3.031444874729097805e+01,2.944161267372714619e+01,2.869035776137174309e+01,2.804818684581424293e+01,2.750299524702445808e+01,2.704326074681143410e+01,2.665818463013911455e+01,2.633778802888249615e+01,2.607296869713910681e+01,2.585552385802175479e+01,2.567814493909973450e+01,2.553438991235316280e+01,2.541863863370228671e+01,2.532603609575128445e+01,2.525242792071783526e+01,2.519429177801853470e+01,2.514866775452437864e+01,2.511309006865761617e+01,2.508552192743439591e+01,2.506429479547238159e+01,2.504805288696107013e+01,2.503570330967666990e+01,2.502637198351214565e+01,2.501936522025236087e+01,2.501413667952347097e+01,2.501025929956597693e+01,2.500740173165860369e+01,2.500530877461637047e+01,2.500378530227675711e+01
2.553358084375332027e+01,2.567711822477806294e+01,2.585422859126251183e+01,2.607134421796873980e+01,2.633576261211770131e+01,2.665567413155750032e+01,2.704016724135160388e+01,2.749920570157624056e+01,2.804357187796698270e+01,2.868477054402744031e+01,2.943488805325074864e+01,3.030640264928738858e+01,3.131194298214922611e+01,3.246399362227551677e+01,3.377454849934726155e+01,3.525471569820932416e+01,3.691427984762285064e+01,3.876123133370077056e+01,4.080127462235415692e+01,4.303733092008968697e+01,4.546905305551926801e+01,4.809237262907756616e+01,5.089910096012690843e+01,5.387660597712037713e+01,5.700758679431010734e+01,6.026996618675924822e+01,6.363691845902206978e+01,6.707704631306546617e+01,7.055471534254188271e+01,7.403054887398226924e+01,7.746207927448560326e+01,8.080454484816527838e+01,8.401181439859331590e+01,8.703741482194769219e+01,8.983563110446463895e+01,9.236264320072670841e+01,9.457766079678387428e+01,9.644401517824439907e+01,9.793016750506684787e+01,9.901059481553740227e+01,9.966651900329780744e+01,9.988644968105546695e+01,9.966651900329780744e+01,9.901059481553740227e+01,9.793016750506684787e+01,9.644401517824439907e+01,9.457766079678387428e+01,9.236264320072670841e+01,8.983563110446463895e+01,8.703741482194769219e+01,8.401181439859331590e+01,8.080454484816527838e+01,7.746207927448560326e+01,7.403054887398226924e+01,7.055471534254188271e+01,6.707704631306546617e+01,6.363691845902206978e+01,6.026996618675924822e+01,5.700758679431010734e+01,5.387660597712037713e+01,5.089910096012690843e+01,4.809237262907756616e+01,4.546905305551926801e+01,4.303733092008968697e+01,4.080127462235415692e+01,3.876123133370077056e+01,3.691427984762285064e+01,3.525471569820932416e+01,3.377454849934726155e+01,3.246399362227551677e+01,3.131194298214922611e+01,3.030640264928738858e+01,2.943488805325074864e+01,2.868477054402744031e+01,2.804357187796698270e+01,2.749920570157624056e+01,2.704016724135160388e+01,2.665567413155750032e+01,2.633576261211770131e+01,2.607134421796873980e+01,2.585422859126251183e+01,2.567711822477806294e+01,2.553358084375332027e+01,2.541800481303056358e+01,2.532554247571581740e+01,2.525204574377239553e+01,2.519399761944037053e+01,2.514844267091180541e+01,2.511291884981274336e+01,2.508539244687256797e+01,2.506419745287861645e+01,2.504798013468586149e+01,2.503564925471398794e+01,2.502633205621695822e+01,2.501933590122654394e+01,2.501411527653055700e+01,2.501024376694280704e+01,2.500739052540539475e+01,2.500530073710902457e+01,2.500377957131301443e+01
2.553116098013817847e+01,2.567404739910193356e+01,2.585035454534949295e+01,2.606648552237892247e+01,2.632970474219719748e+01,2.664816541823618934e+01,2.703091479810153785e+01,2.748787145482657124e+01,2.802976885461301038e+01,2.866805959521054348e+01,2.941477521681195384e+01,3.028233737249076896e+01,3.128331743956807287e+01,3.243014336921331875e+01,3.373475469696203533e+01,3.520820913094359383e+01,3.686024692526180502e+01,3.869882222851303766e+01,4.072961363605915608e+01,4.295552910632746091e+01,4.537622304240066029e+01,4.798764549547339442e+01,5.078164492171777056e+01,5.374564653779476942e+01,5.686242791988872369e+01,6.011001196635990595e+01,6.346169464003617833e+01,6.688622103401425534e+01,7.034811834895401716e+01,7.380818849009747851e+01,7.722415642118752999e+01,8.055146344687719306e+01,8.374418758215419700e+01,8.675606648521005582e+01,8.954159246625042101e+01,9.205714420988110192e+01,9.426211639192023028e+01,9.612000659571489791e+01,9.759941901426603295e+01,9.867494643605425608e+01,9.932789591605512669e+01,9.954682917748650084e+01,9.932789591605512669e+01,9.867494643605425608e+01,9.759941901426603295e+01,9.612000659571489791e+01,9.426211639192023028e+01,9.205714420988110192e+01,8.954159246625042101e+01,8.675606648521005582e+01,8.374418758215419700e+01,8.055146344687719306e+01,7.722415642118752999e+01,7.380818849009747851e+01,7.034811834895401716e+01,6.688622103401425534e+01,6.346169464003617833e+01,6.011001196635990595e+01,5.686242791988872369e+01,5.374564653779476942e+01,5.078164492171777056e+01,4.798764549547339442e+01,4.537622304240066029e+01,4.295552910632746091e+01,4.072961363605915608e+01,3.869882222851303766e+01,3.686024692526180502e+01,3.520820913094359383e+01,3.373475469696203533e+01,3.243014336921331875e+01,3.128331743956807287e+01,3.028233737249076896e+01,2.941477521681195384e+01,2.866805959521054348e+01,2.802976885461301038e+01,2.748787145482657124e+01,2.703091479810153785e+01,2.664816541823618934e+01,2.632970474219719748e+01,2.606648552237892247e+01,2.585035454534949295e+01,2.567404739910193356e+01,2.553116098013817847e+01,2.541610910284934377e+01,2.532406609514220719e+01,2.525090268113840963e+01,2.519311781315384025e+01,2.514776946267638991e+01,2.511240674706519371e+01,2.508500518020508352e+01,2.506390630846774670e+01,2.504776253807695952e+01,2.503548758036716748e+01,2.502621263666602047e+01,2.501924821021516010e+01,2.501405126178097760e+01,2.501019731002967461e+01,2.500735700834095354e+01,2.500527669752624504e+01,2.500376243042947522e+01
2.552715223712407422e+01,2.566896027315826601e+01,2.584393680577402108e+01,2.605843661339023143e+01,2.631966928252409943e+01,2.663572649321440267e+01,2.701558721227810622e+01,2.746909515595023876e+01,2.800690278352639950e+01,2.864037625846810187e+01,2.938145631732385255e+01,3.024247086528876594e+01,3.123589640181658211e+01,3.237406708266576061e+01,3.366883233409902232e+01,3.513116641024241460e+01,3.677073605419819557e+01,3.859543538353867120e+01,4.061090013650640174e+01,4.282001632477719255e+01,4.522244095969993793e+01,4.781415465797501696e+01,5.058706739656690843e+01,5.352869929570965724e+01,5.662195791152524293e+01,5.984503200650184596e+01,6.317141908241021042e+01,6.657010011731298960e+01,7.000587002983473894e+01,7.343982655848542151e+01,7.683001372236518023e+01,8.013220911656497947e+01,8.330083733544029201e+01,8.628998518526853445e+01,8.905448842888156946e+01,9.155105496679132671e+01,9.373938592863250108e+01,9.558325438637660909e+01,9.705150148138251609e+01,9.811891175375693308e+01,9.876693333663359908e+01,9.898421427943627293e+01,9.876693333663359908e+01,9.811891175375693308e+01,9.705150148138251609e+01,9.558325438637660909e+01,9.373938592863250108e+01,9.155105496679132671e+01,8.905448842888156946e+01,8.628998518526853445e+01,8.330083733544029201e+01,8.013220911656497947e+01,7.683001372236518023e+01,7.343982655848542151e+01,7.000587002983473894e+01,6.657010011731298960e+01,6.317141908241021042e+01,5.984503200650184596e+01,5.662195791152524293e+01,5.352869929570965724e+01,5.058706739656690843e+01,4.781415465797501696e+01,4.522244095969993793e+01,4.282001632477719255e+01,4.061090013650640174e+01,3.859543538353867120e+01,3.677073605419819557e+01,3.513116641024241460e+01,3.366883233409902232e+01,3.237406708266576061e+01,3.123589640181658211e+01,3.024247086528876594e+01,2.938145631732385255e+01,2.864037625846810187e+01,2.800690278352639950e+01,2.746909515595023876e+01,2.701558721227810622e+01,2.663572649321440267e+01,2.631966928252409943e+01,2.605843661339023143e+01,2.584393680577402108e+01,2.566896027315826601e+01,2.552715223712407422e+01,2.541296867175307383e+01,2.532162032494525050e+01,2.524900908502001329e+01,2.519166032716874781e+01,2.514665422676232254e+01,2.511155839829921632e+01,2.508436363473195740e+01,2.506342399900374929e+01,2.504740206780897793e+01,2.503521975084805007e+01,2.502601480638848486e+01,2.501910294139625535e+01,2.501394521502752255e+01,2.501012034956594832e+01,2.500730148401425268e+01,2.500523687358371561e+01,2.500373403486341317e+01
2.552159077329304893e+01,2.566190273246781928e+01,2.583503326009888212e+01,2.604727009159963913e+01,2.630574675224382020e+01,2.661846955472715237e+01,2.699432273763503076e+01,2.744304616585186096e+01,2.797517991507149304e+01,2.860197023556425933e+01,2.933523188893299505e+01,3.018716272079224794e+01,3.117010760334359531e+01,3.229627056682139141e+01,3.357737602586754377e+01,3.502428245606613899e+01,3.664655461623802069e+01,3.845200334089931715e+01,4.044620491117146344e+01,4.263201489126485910e+01,4.500909391106362989e+01,4.757346499182091293e+01,5.031712346036279371e+01,5.322772109983792177e+01,5.628834579190180420e+01,5.947741640791802809e+01,6.276871005140244364e+01,6.613153495155385997e+01,6.953105744112151854e+01,7.292878567804456225e+01,7.628320631763679671e+01,7.955056350200933935e+01,8.268576264671553133e+01,8.564337494289969754e+01,8.837871263675816635e+01,9.084894036108698856e+01,9.301418439919434888e+01,9.483860001767354220e+01,9.629135708429896567e+01,9.734750616264892642e+01,9.798869110832463036e+01,9.820367973399486061e+01,9.798869110832463036e+01,9.734750616264892642e+01,9.629135708429896567e+01,9.483860001767354220e+01,9.301418439919434888e+01,9.084894036108698856e+01,8.837871263675816635e+01,8.564337494289969754e+01,8.268576264671553133e+01,7.955056350200933935e+01,7.628320631763679671e+01,7.292878567804456225e+01,6.953105744112151854e+01,6.613153495155385997e+01,6.276871005140244364e+01,5.947741640791802809e+01,5.628834579190180420e+01,5.322772109983792177e+01,5.031712346036279371e+01,4.757346499182091293e+01,4.500909391106362989e+01,4.263201489126485910e+01,4.044620491117146344e+01,3.845200334089931715e+01,3.664655461623802069e+01,3.502428245606613899e+01,3.357737602586754377e+01,3.229627056682139141e+01,3.117010760334359531e+01,3.018716272079224794e+01,2.933523188893299505e+01,2.860197023556425933e+01,2.797517991507149304e+01,2.744304616585186096e+01,2.699432273763503076e+01,2.661846955472715237e+01,2.630574675224382020e+01,2.604727009159963913e+01,2.583503326009888212e+01,2.566190273246781928e+01,2.552159077329304893e+01,2.540861184621092761e+01,2.531822722580132279e+01,2.524638203552195748e+01,2.518963830790689684e+01,2.514510702251966379e+01,2.511038145556143419e+01,2.508347359714855074e+01,2.506275487488430542e+01,2.504690197529856022e+01,2.503484818196019290e+01,2.502574034979964424e+01,2.501890140508442784e+01,2.501379809280451383e+01,2.501001357972964101e+01,2.500722445325084209e+01,2.500518162449062132e+01,2.500369464074085357e+01
2.551452644716653140e+01,2.565293804788057841e+01,2.582372372860815801e+01,2.603308606487136601e+01,2.628806196683579799e+01,2.659654931122236476e+01,2.696731201018056012e+01,2.740995801371919072e+01,2.793488464475365873e+01,2.855318583648183761e+01,2.927651633362485484e+01,3.011690877649863296e+01,3.108654084070601797e+01,3.219745126741943864e+01,3.346120567804111801e+01,3.488851548302921657e+01,3.648881589793215596e+01,3.826981196881050096e+01,4.023700445269587078e+01,4.239321023858067861e+01,4.473809455271326385e+01,4.726773427978975661e+01,4.997423316040569574e+01,5.284541021960764340e+01,5.586458239356214506e+01,5.901046084433018279e+01,6.225717783334475541e+01,6.557445727330511431e+01,6.892793727751758581e+01,7.227964733010166754e+01,7.558863633520772396e+01,7.881174105595538038e+01,8.190447766036402300e+01,8.482203261871583777e+01,8.752032341963641215e+01,8.995709484997971117e+01,9.209301323508114478e+01,9.389271931577867747e+01,9.532580051728774606e+01,9.636764531360338992e+01,9.700014617245165027e+01,9.721222303310803170e+01,9.700014617245165027e+01,9.636764531360338992e+01,9.532580051728774606e+01,9.389271931577867747e+01,9.209301323508114478e+01,8.995709484997971117e+01,8.752032341963641215e+01,8.482203261871583777e+01,8.190447766036402300e+01,7.881174105595538038e+01,7.558863633520772396e+01,7.227964733010166754e+01,6.892793727751758581e+01,6.557445727330511431e+01,6.225717783334475541e+01,5.901046084433018279e+01,5.586458239356214506e+01,5.284541021960764340e+01,4.997423316040569574e+01,4.726773427978975661e+01,4.473809455271326385e+01,4.239321023858067861e+01,4.023700445269587078e+01,3.826981196881050096e+01,3.648881589793215596e+01,3.488851548302921657e+01,3.346120567804111801e+01,3.219745126741943864e+01,3.108654084070601797e+01,3.011690877649863296e+01,2.927651633362485484e+01,2.855318583648183761e+01,2.793488464475365873e+01,2.740995801371919072e+01,2.696731201018056012e+01,2.659654931122236476e+01,2.628806196683579799e+01,2.603308606487136601e+01,2.582372372860815801e+01,2.565293804788057841e+01,2.551452644716653140e+01,2.540307768516246867e+01,2.531391721684314078e+01,2.524304508414213544e+01,2.518706988277031300e+01,2.514314172063394537e+01,2.510888647014310848e+01,2.508234304664151892e+01,2.506190493480692894e+01,2.504626674387490226e+01,2.503437620481855674e+01,2.502539172740272733e+01,2.501864540805264880e+01,2.501361121406262100e+01,2.500987795771229116e+01,2.500712660663149478e+01,2.500511144555506249e+01,2.500364460123009280e+01
2.550602207302453905e+01,2.564214593120455987e+01,2.581010877292163030e+01,2.601601065414189762e+01,2.626677217513633167e+01,2.657016067220576261e+01,2.693479520277300665e+01,2.737012491140147219e+01,2.788637526837461778e+01,2.849445684030316883e+01,2.920583173592192594e+01,3.003233371349570646e+01,3.098593916935380577e+01,3.207848786177924438e+01,3.332135424926683243e+01,3.472507269823231013e+01,3.629892247382824166e+01,3.805048126890555693e+01,3.998515892097927349e+01,4.210572575996199873e+01,4.441185254542544669e+01,4.689968100545827667e+01,4.956144539434421858e+01,5.238516607093687583e+01,5.535443571819364195e+01,5.844831737171657693e+01,6.164137084905014774e+01,6.490382048260048009e+01,6.820187233770505486e+01,7.149818349590844946e+01,7.475247972343984770e+01,7.792231120897287155e+01,8.096392937359796349e+01,8.383326139009268729e+01,8.648695336690754232e+01,8.888344850813825815e+01,9.098406326757827856e+01,9.275402282321348935e+01,9.416341727590604194e+01,9.518804189239507707e+01,9.581008843159000321e+01,9.601865997006163411e+01,9.581008843159000321e+01,9.518804189239507707e+01,9.416341727590604194e+01,9.275402282321348935e+01,9.098406326757827856e+01,8.888344850813825815e+01,8.648695336690754232e+01,8.383326139009268729e+01,8.096392937359796349e+01,7.792231120897287155e+01,7.475247972343984770e+01,7.149818349590844946e+01,6.820187233770505486e+01,6.490382048260048009e+01,6.164137084905014774e+01,5.844831737171657693e+01,5.535443571819364195e+01,5.238516607093687583e+01,4.956144539434421858e+01,4.689968100545827667e+01,4.441185254542544669e+01,4.210572575996199873e+01,3.998515892097927349e+01,3.805048126890555693e+01,3.629892247382824166e+01,3.472507269823231013e+01,3.332135424926683243e+01,3.207848786177924438e+01,3.098593916935380577e+01,3.003233371349570646e+01,2.920583173592192594e+01,2.849445684030316883e+01,2.788637526837461778e+01,2.737012491140147219e+01,2.693479520277300665e+01,2.657016067220576261e+01,2.626677217513633167e+01,2.601601065414189762e+01,2.581010877292163030e+01,2.564214593120455987e+01,2.550602207302453905e+01,2.539641539702978434e+01,2.530872862162835801e+01,2.523902790224546422e+01,2.518397788957436134e+01,2.514077579609439184e+01,2.510708673509314792e+01,2.508098203579263341e+01,2.506088173623330206e+01,2.504550202186224084e+01,2.503380801612977535e+01,2.502497203906380108e+01,2.501833722656463621e+01,2.501338624048244341e+01,2.500971468943209430e+01,2.500700881418469379e+01,2.500502696079117015e+01,2.500358436127035944e+01
2.549615249110442861e+01,2.562962135528081120e+01,2.579430820744281760e+01,2.599619412652913653e+01,2.624206473168056419e+01,2.653953586311503443e+01,2.689705846998926120e+01,2.732389739837194398e+01,2.783007867839953775e+01,2.842630007424449090e+01,2.912380013478687601e+01,2.993418180969077369e+01,3.086918790463601425e+01,3.194042725227901869e+01,3.315905246081221236e+01,3.453539243171639583e+01,3.607854544502022520e+01,3.779594139634533434e+01,3.969288460837374544e+01,4.177209137780590709e+01,4.403323888580177936e+01,4.647254411315680755e+01,4.908239277921444454e+01,5.185103889676545919e+01,5.476239516121006545e+01,5.779593296797537505e+01,6.092670832632991562e+01,6.412552632079759007e+01,6.735925214212626599e+01,7.059127121754440282e+01,7.378209483207697872e+01,7.689010112620600523e+01,7.987239480431999539e+01,8.268576264671553133e+01,8.528769634705955127e+01,8.763744964365864121e+01,8.969709348393108428e+01,9.143253130274716511e+01,9.281443657117262092e+01,9.381907665115842576e+01,9.442899063803203319e+01,9.463349414470252441e+01,9.442899063803203319e+01,9.381907665115842576e+01,9.281443657117262092e+01,9.143253130274716511e+01,8.969709348393108428e+01,8.763744964365864121e+01,8.528769634705955127e+01,8.268576264671553133e+01,7.987239480431999539e+01,7.689010112620600523e+01,7.378209483207697872e+01,7.059127121754440282e+01,6.735925214212626599e+01,6.412552632079759007e+01,6.092670832632991562e+01,5.779593296797537505e+01,5.476239516121006545e+01,5.185103889676545919e+01,4.908239277921444454e+01,4.647254411315680755e+01,4.403323888580177936e+01,4.177209137780590709e+01,3.969288460837374544e+01,3.779594139634533434e+01,3.607854544502022520e+01,3.453539243171639583e+01,3.315905246081221236e+01,3.194042725227901869e+01,3.086918790463601425e+01,2.993418180969077369e+01,2.912380013478687601e+01,2.842630007424449090e+01,2.783007867839953775e+01,2.732389739837194398e+01,2.689705846998926120e+01,2.653953586311503443e+01,2.624206473168056419e+01,2.599619412652913653e+01,2.579430820744281760e+01,2.562962135528081120e+01,2.549615249110442861e+01,2.538868361131539331e+01,2.530270710085945041e+01,2.523436584185686726e+01,2.518038953849356787e+01,2.513803006952239372e+01,2.510499808844925340e+01,2.507940254177661998e+01,2.505969428352081252e+01,2.504461453897119583e+01,2.503314861607089270e+01,2.502448497812636319e+01,2.501797957268071571e+01,2.501312515187764518e+01,2.500952521168341747e+01,2.500687211250813391e+01,2.500492891368219261e+01,2.500351445098566217e+01
2.548500347142535816e+01,2.561547316292816845e+01,2.577645934445249765e+01,2.597380869438885753e+01,2.621415435254418114e+01,2.650494102394311824e+01,2.685442975685476341e+01,2.727167720742033552e+01,2.776648411131682792e+01,2.834930784375276858e+01,2.903113441269617923e+01,2.982330603846587991e+01,3.073730165469843456e+01,3.178446923250858092e+01,3.297571077034588427e+01,3.432112306942373436e+01,3.582959996274105663e+01,3.750840438907864183e+01,3.936272147792884368e+01,4.139520648821463311e+01,4.360554385514319620e+01,4.599003556755945965e+01,4.854123844495542528e+01,5.124767044365717084e+01,5.409360575614238087e+01,5.705897707516200512e+01,6.011940092524668700e+01,6.324633842851557830e+01,6.640739934648270548e+01,6.956679187074767867e+01,7.268591463542324504e+01,7.572408106387142368e+01,7.863935975868457717e+01,8.138950854242031596e+01,8.393297431093114369e+01,8.622992640988539392e+01,8.824328808868779106e+01,8.993972896454650368e+01,9.129058150360241086e+01,9.227264636281846322e+01,9.286885500070339106e+01,9.306876311853437755e+01,9.286885500070339106e+01,9.227264636281846322e+01,9.129058150360241086e+01,8.993972896454650368e+01,8.824328808868779106e+01,8.622992640988539392e+01,8.393297431093114369e+01,8.138950854242031596e+01,7.863935975868457717e+01,7.572408106387142368e+01,7.268591463542324504e+01,6.956679187074767867e+01,6.640739934648270548e+01,6.324633842851557830e+01,6.011940092524668700e+01,5.705897707516200512e+01,5.409360575614238087e+01,5.124767044365717084e+01,4.854123844495542528e+01,4.599003556755945965e+01,4.360554385514319620e+01,4.139520648821463311e+01,3.936272147792884368e+01,3.750840438907864183e+01,3.582959996274105663e+01,3.432112306942373436e+01,3.297571077034588427e+01,3.178446923250858092e+01,3.073730165469843456e+01,2.982330603846587991e+01,2.903113441269617923e+01,2.834930784375276858e+01,2.776648411131682792e+01,2.727167720742033552e+01,2.685442975685476341e+01,2.650494102394311824e+01,2.621415435254418114e+01,2.597380869438885753e+01,2.577645934445249765e+01,2.561547316292816845e+01,2.548500347142535816e+01,2.537994951986330605e+01,2.529590498359714701e+01,2.522909941786462085e+01,2.517633601351763417e+01,2.513492840221445945e+01,2.510263868126018849e+01,2.507761829093296413e+01,2.505835289603685467e+01,2.504361200772953211e+01,2.503240373505238736e+01,2.502393477731538951e+01,2.501757555453461634e+01,2.501283021719687838e+01,2.500931117109224999e+01,2.500671768958581964e+01,2.500481815629081694e+01,2.500343547792011734e+01
2.547267047368509552e+01,2.559982249324269787e+01,2.575671500878332054e+01,2.594904602538764493e+01,2.618328001087761692e+01,2.646667236126123868e+01,2.680727405726038270e+01,2.721391145621161911e+01,2.769613607402738609e+01,2.826413936867557553e+01,2.892862798845065697e+01,2.970065573598830611e+01,3.059140965080277041e+01,3.161194914009046997e+01,3.277289897887852987e+01,3.408409922006021020e+01,3.555421753820722586e+01,3.719033218515928496e+01,3.899749643941368049e+01,4.097829804016571131e+01,4.313242944701850234e+01,4.545628668435672637e+01,4.794261584192258852e+01,5.058022684924860357e+01,5.335379378532881844e+01,5.624375962803505047e+01,5.922636094147599550e+01,6.227378455374439881e+01,6.535446386734167845e+01,6.843351721228523843e+01,7.147332480444194402e+01,7.443423467308350894e+01,7.727538168086002202e+01,7.995559781311288816e+01,8.243438660625423609e+01,8.467293024688832759e+01,8.663509479722063134e+01,8.828839742207466657e+01,8.960489956511663934e+01,9.056199181196372194e+01,9.114303965159261622e+01,9.133786437000334502e+01,9.114303965159261622e+01,9.056199181196372194e+01,8.960489956511663934e+01,8.828839742207466657e+01,8.663509479722063134e+01,8.467293024688832759e+01,8.243438660625423609e+01,7.995559781311288816e+01,7.727538168086002202e+01,7.443423467308350894e+01,7.147332480444194402e+01,6.843351721228523843e+01,6.535446386734167845e+01,6.227378455374439881e+01,5.922636094147599550e+01,5.624375962803505047e+01,5.335379378532881844e+01,5.058022684924860357e+01,4.794261584192258852e+01,4.545628668435672637e+01,4.313242944701850234e+01,4.097829804016571131e+01,3.899749643941368049e+01,3.719033218515928496e+01,3.555421753820722586e+01,3.408409922006021020e+01,3.277289897887852987e+01,3.161194914009046997e+01,3.059140965080277041e+01,2.970065573598830611e+01,2.892862798845065697e+01,2.826413936867557553e+01,2.769613607402738609e+01,2.721391145621161911e+01,2.680727405726038270e+01,2.646667236126123868e+01,2.618328001087761692e+01,2.594904602538764493e+01,2.575671500878332054e+01,2.559982249324269787e+01,2.547267047368509552e+01,2.537028790536781031e+01,2.528838051066232140e+01,2.522327372223709219e+01,2.517185202157867252e+01,2.513149735114441441e+01,2.510002871514937794e+01,2.507564456030405609e+01,2.505686905895658612e+01,2.504250301197080830e+01,2.503157975086521603e+01,2.502332614753862217e+01,2.501712863139461618e+01,2.501250396171827006e+01,2.500907440030852058e+01,2.500654686761162182e+01,2.500469563693962272e+01,2.500334811825380044e+01
2.545925728828609280e+01,2.558280105704925234e+01,2.573524136218998848e+01,2.592211451390256016e+01,2.614970153486007476e+01,2.642505193139216857e+01,2.675598821787243153e+01,2.715108628207365271e+01,2.761962659218917437e+01,2.817151139854051678e+01,2.881714352198511975e+01,2.956726308636471146e+01,3.043273967147600345e+01,3.142431884667829323e+01,3.255232388291670276e+01,3.382631559742002025e+01,3.525471569820932416e+01,3.684440157434670482e+01,3.860028310514306327e+01,4.052487459633951516e+01,4.261787723475312362e+01,4.487578931642673297e+01,4.729156277861909530e+01,4.985432509659099765e+01,5.254918525998004952e+01,5.535714122518575664e+01,5.825510390216484069e+01,6.121604938606203206e+01,6.420930685909877411e+01,6.720098450433515325e+01,7.015453009139345397e+01,7.303141687158574769e+01,7.579193935618437195e+01,7.839609777404047009e+01,8.080454484816527838e+01,8.297956431594063531e+01,8.488604762878895826e+01,8.649243373174788019e+01,8.777157689362663007e+01,8.870150929769610570e+01,8.926606847803162736e+01,8.945536456663820957e+01,8.926606847803162736e+01,8.870150929769610570e+01,8.777157689362663007e+01,8.649243373174788019e+01,8.488604762878895826e+01,8.297956431594063531e+01,8.080454484816527838e+01,7.839609777404047009e+01,7.579193935618437195e+01,7.303141687158574769e+01,7.015453009139345397e+01,6.720098450433515325e+01,6.420930685909877411e+01,6.121604938606203206e+01,5.825510390216484069e+01,5.535714122518575664e+01,5.254918525998004952e+01,4.985432509659099765e+01,4.729156277861909530e+01,4.487578931642673297e+01,4.261787723475312362e+01,4.052487459633951516e+01,3.860028310514306327e+01,3.684440157434670482e+01,3.525471569820932416e+01,3.382631559742002025e+01,3.255232388291670276e+01,3.142431884667829323e+01,3.043273967147600345e+01,2.956726308636471146e+01,2.881714352198511975e+01,2.817151139854051678e+01,2.761962659218917437e+01,2.715108628207365271e+01,2.675598821787243153e+01,2.642505193139216857e+01,2.614970153486007476e+01,2.592211451390256016e+01,2.573524136218998848e+01,2.558280105704925234e+01,2.545925728828609280e+01,2.535978007675947055e+01,2.528019700551376658e+01,2.521693778208888759e+01,2.516697529845979986e+01,2.512776579089563000e+01,2.509719015472256842e+01,2.507349796014967325e+01,2.505525525975879830e+01,2.504129688463407177e+01,2.503068359788593966e+01,2.502266421082160974e+01,2.501664256441705447e+01,2.501214913109929583e+01,2.500881689191631452e+01,2.500636108416639658e+01,2.500456238671067055e+01,2.500325310717657956e+01
2.544487458550834802e+01,2.556454929579059510e+01,2.571221558066837432e+01,2.589323636799440820e+01,2.611369597570885759e+01,2.638042313856765730e+01,2.670099539083829399e+01,2.708372004655932130e+01,2.753758693462652474e+01,2.807218819352034345e+01,2.869760085573457431e+01,2.942422869332522950e+01,3.026260088009107463e+01,3.122312646306674822e+01,3.231580541612297708e+01,3.354989913741339080e+01,3.493356558971987624e+01,3.647346678078062610e+01,3.817435882569508010e+01,4.003867728891246003e+01,4.206613271527484699e+01,4.425333306477284623e+01,4.659345100102952131e+01,4.907595449753131334e+01,5.168641889030067205e+01,5.440643722862348142e+01,5.721364351064246989e+01,6.008186014750287995e+01,6.298137684892849109e+01,6.587936319851047529e+01,6.874041168339383034e+01,7.152720210901509290e+01,7.420127245573813468e+01,7.672387563763930984e+01,7.905689662859333566e+01,8.116380033786313675e+01,8.301057772216364583e+01,8.456665613386876146e+01,8.580573997306120759e+01,8.670654939593416088e+01,8.725342810151548179e+01,8.743679594587018755e+01,8.725342810151548179e+01,8.670654939593416088e+01,8.580573997306120759e+01,8.456665613386876146e+01,8.301057772216364583e+01,8.116380033786313675e+01,7.905689662859333566e+01,7.672387563763930984e+01,7.420127245573813468e+01,7.152720210901509290e+01,6.874041168339383034e+01,6.587936319851047529e+01,6.298137684892849109e+01,6.008186014750287995e+01,5.721364351064246989e+01,5.440643722862348142e+01,5.168641889030067205e+01,4.907595449753131334e+01,4.659345100102952131e+01,4.425333306477284623e+01,4.206613271527484699e+01,4.003867728891246003e+01,3.817435882569508010e+01,3.647346678078062610e+01,3.493356558971987624e+01,3.354989913741339080e+01,3.231580541612297708e+01,3.122312646306674822e+01,3.026260088009107463e+01,2.942422869332522950e+01,2.869760085573457431e+01,2.807218819352034345e+01,2.753758693462652474e+01,2.708372004655932130e+01,2.670099539083829399e+01,2.638042313856765730e+01,2.611369597570885759e+01,2.589323636799440820e+01,2.571221558066837432e+01,2.556454929579059510e+01,2.544487458550834802e+01,2.534851273263370075e+01,2.527142198908548210e+01,2.521014387435866411e+01,2.516174608130804913e+01,2.512376451003959232e+01,2.509414642053706501e+01,2.507119620176158392e+01,2.505352481367054196e+01,2.504000357730397752e+01,2.502972267014499153e+01,2.502195442870981168e+01,2.501612136407124609e+01,2.501176865299678909e+01,2.500854077058064817e+01,2.500616187212285624e+01,2.500441950503259747e+01,2.500315122861129780e+01
2.542963840111832141e+01,2.554521445975338878e+01,2.568782343001289448e+01,2.586264456875487738e+01,2.607555381656317195e+01,2.633314603585017366e+01,2.664273924345288336e+01,2.701235624228559473e+01,2.745067897516754130e+01,2.796697106644204212e+01,2.857096442768527211e+01,2.927270651977125482e+01,3.008236591052417808e+01,3.100999515513780835e+01,3.206525174568968595e+01,3.325707989347994697e+01,3.459335816518820650e+01,3.608052040632081514e+01,3.772315984326883864e+01,3.952362862661553322e+01,4.148164721454107706e+01,4.359393973853401860e+01,4.585391268666898412e+01,4.825139473610752816e+01,5.077245524264142773e+01,5.339931766175256200e+01,5.611038198842742020e+01,5.888036717091106453e+01,6.168058044493500347e+01,6.447931577901661626e+01,6.724237830631895463e+01,6.993372598433393250e+01,7.251621405101280970e+01,7.495242244104608176e+01,7.720554150196880983e+01,7.924028740665241344e+01,8.102381586266818658e+01,8.252660128264396633e+01,8.372324864543696776e+01,8.459320690505126095e+01,8.512135596171886220e+01,8.529844377484948836e+01,8.512135596171886220e+01,8.459320690505126095e+01,8.372324864543696776e+01,8.252660128264396633e+01,8.102381586266818658e+01,7.924028740665241344e+01,7.720554150196880983e+01,7.495242244104608176e+01,7.251621405101280970e+01,6.993372598433393250e+01,6.724237830631895463e+01,6.447931577901661626e+01,6.168058044493500347e+01,5.888036717091106453e+01,5.611038198842742020e+01,5.339931766175256200e+01,5.077245524264142773e+01,4.825139473610752816e+01,4.585391268666898412e+01,4.359393973853401860e+01,4.148164721454107706e+01,3.952362862661553322e+01,3.772315984326883864e+01,3.608052040632081514e+01,3.459335816518820650e+01,3.325707989347994697e+01,3.206525174568968595e+01,3.100999515513780835e+01,3.008236591052417808e+01,2.927270651977125482e+01,2.857096442768527211e+01,2.796697106644204212e+01,2.745067897516754130e+01,2.701235624228559473e+01,2.664273924345288336e+01,2.633314603585017366e+01,2.607555381656317195e+01,2.586264456875487738e+01,2.568782343001289448e+01,2.554521445975338878e+01,2.542963840111832141e+01,2.533657677488369586e+01,2.526212625584307148e+01,2.520294681046142315e+01,2.515620655803688166e+01,2.511952578983095208e+01,2.509092206861926755e+01,2.506875785510559496e+01,2.505169168146409220e+01,2.503863352403521603e+01,2.502870472014819470e+01,2.502120252753384477e+01,2.501556923526099396e+01,2.501136559700545448e+01,2.500824826397397871e+01,2.500595083867003510e+01,2.500426814463624581e+01,2.500304330448674506e+01
2.541366858726858879e+01,2.552494864224782845e+01,2.566225678580651248e+01,2.583057975996302247e+01,2.603557509447693974e+01,2.628359251835355437e+01,2.658167803511278038e+01,2.693755623719992798e+01,2.735958635649796378e+01,2.785668768510255333e+01,2.843823039593738145e+01,2.911388848214316027e+01,2.989345254222183002e+01,3.078660147427613936e+01,3.180263379793066747e+01,3.295016126493555220e+01,3.423676959281411314e+01,3.566865347872192160e+01,3.725023541717352060e+01,3.898378012846923468e+01,4.086901846145923400e+01,4.290279631284253270e+01,4.507876525390270217e+01,4.738713203352843095e+01,4.981448381456553420e+01,5.234370481304749489e+01,5.495399790391340389e+01,5.762102174119225140e+01,6.031715008098012021e+01,6.301185541638463405e+01,6.567221391606437919e+01,6.826352323319048310e+01,7.075001928987518340e+01,7.309567293809132593e+01,7.526504275339131311e+01,7.722415642118752999e+01,7.894139048321031282e+01,8.038831682878624463e+01,8.154048437883940892e+01,8.237810597714286587e+01,8.288662354347360406e+01,8.305712893891673332e+01,8.288662354347360406e+01,8.237810597714286587e+01,8.154048437883940892e+01,8.038831682878624463e+01,7.894139048321031282e+01,7.722415642118752999e+01,7.526504275339131311e+01,7.309567293809132593e+01,7.075001928987518340e+01,6.826352323319048310e+01,6.567221391606437919e+01,6.301185541638463405e+01,6.031715008098012021e+01,5.762102174119225140e+01,5.495399790391340389e+01,5.234370481304749489e+01,4.981448381456553420e+01,4.738713203352843095e+01,4.507876525390270217e+01,4.290279631284253270e+01,4.086901846145923400e+01,3.898378012846923468e+01,3.725023541717352060e+01,3.566865347872192160e+01,3.423676959281411314e+01,3.295016126493555220e+01,3.180263379793066747e+01,3.078660147427613936e+01,2.989345254222183002e+01,2.911388848214316027e+01,2.843823039593738145e+01,2.785668768510255333e+01,2.735958635649796378e+01,2.693755623719992798e+01,2.658167803511278038e+01,2.628359251835355437e+01,2.603557509447693974e+01,2.583057975996302247e+01,2.566225678580651248e+01,2.552494864224782845e+01,2.541366858726858879e+01,2.532406609514220719e+01,2.525238292866364276e+01,2.519540320454530757e+01,2.515040030410924743e+01,2.511508297324641603e+01,2.508754246263688259e+01,2.506620210090884626e+01,2.504977028307788345e+01,2.503719750205581462e+01,2.502763775537925994e+01,2.502041442196186338e+01,2.501499052118829169e+01,2.501094313367816468e+01,2.500794167303633131e+01,2.500572964385699493e+01,2.500410949616546930e+01,2.500293018376472531e+01
2.539708725740551998e+01,2.550390680618346551e+01,2.563571114381803184e+01,2.579728712571087712e+01,2.599406550741140620e+01,2.623214149787089866e+01,2.651827867135991923e+01,2.685989199078133893e+01,2.726500561983669968e+01,2.774218133320569990e+01,2.830041371346530710e+01,2.894898898519874919e+01,2.969730530438680205e+01,3.055465360396615182e+01,3.152995968533745952e+01,3.263149011016183465e+01,3.386652653302826366e+01,3.524101534527427759e+01,3.675920177187399673e+01,3.842325975496498813e+01,4.023293093194678960e+01,4.218518762736159289e+01,4.427393588042670558e+01,4.648977498887809645e+01,4.881982975048033069e+01,5.124767044365717084e+01,5.375333356717482047e+01,5.631345346405391439e+01,5.890151124994651610e+01,6.148820307060695001e+01,6.404192480067241888e+01,6.652936508861208154e+01,6.891619340984860287e+01,7.116782479463307709e+01,7.325023843871400686e+01,7.513082376047486832e+01,7.677922488397913980e+01,7.816815319982318044e+01,7.927413771642173401e+01,8.007818441817909161e+01,8.056631876526623159e+01,8.072998968912439466e+01,8.056631876526623159e+01,8.007818441817909161e+01,7.927413771642173401e+01,7.816815319982318044e+01,7.677922488397913980e+01,7.513082376047486832e+01,7.325023843871400686e+01,7.116782479463307709e+01,6.891619340984860287e+01,6.652936508861208154e+01,6.404192480067241888e+01,6.148820307060695001e+01,5.890151124994651610e+01,5.631345346405391439e+01,5.375333356717482047e+01,5.124767044365717084e+01,4.881982975048033069e+01,4.648977498887809645e+01,4.427393588042670558e+01,4.218518762736159289e+01,4.023293093194678960e+01,3.842325975496498813e+01,3.675920177187399673e+01,3.524101534527427759e+01,3.386652653302826366e+01,3.263149011016183465e+01,3.152995968533745952e+01,3.055465360396615182e+01,2.969730530438680205e+01,2.894898898519874919e+01,2.830041371346530710e+01,2.774218133320569990e+01,2.726500561983669968e+01,2.685989199078133893e+01,2.651827867135991923e+01,2.623214149787089866e+01,2.599406550741140620e+01,2.579728712571087712e+01,2.563571114381803184e+01,2.550390680618346551e+01,2.539708725740551998e+01,2.531107635652930199e+01,2.524226651006001987e+01,2.518757073891802989e+01,2.514437171714206087e+01,2.511047003235665187e+01,2.508403344480308306e+01,2.506354848178817107e+01,2.504777531051653483e+01,2.503570649193164144e+01,2.502652993440197804e+01,2.501959613825618334e+01,2.501438964699988787e+01,2.501050449338775294e+01,2.500762334212039306e+01,2.500549997905353905e+01,2.500394477272842764e+01,2.500281273142471861e+01
2.538001725308709666e+01,2.548224483844913024e+01,2.560838316547607718e+01,2.576301331202108358e+01,2.595133257607743005e+01,2.617917414548848498e+01,2.645301084169945582e+01,2.677993887286495323e+01,2.716763745958778031e+01,2.762430032260475699e+01,2.815853538498522823e+01,2.877922967468552784e+01,2.949537733934775119e+01,3.031586991287878874e+01,3.124924949393989237e+01,3.230342728087939008e+01,3.348537190420157827e+01,3.480077413151418853e+01,3.625369669387521299e+01,3.784622007990292047e+01,3.957809703349958852e+01,4.144643003305182560e+01,4.344538708522851778e+01,4.556597160556414394e+01,4.779586187157771349e+01,5.011933444327976162e+01,5.251728401129723522e+01,5.496734936253083248e+01,5.744415160758799033e+01,5.991964660758582539e+01,6.236358883667948305e+01,6.474409893316854436e+01,6.702832217456180786e+01,6.918316033129633524e+01,7.117605508693583261e+01,7.297579772496681016e+01,7.455333730916967738e+01,7.588255831407064989e+01,7.694099872009311980e+01,7.771048102721115924e+01,7.817763143372262391e+01,7.833426646477650479e+01,7.817763143372262391e+01,7.771048102721115924e+01,7.694099872009311980e+01,7.588255831407064989e+01,7.455333730916967738e+01,7.297579772496681016e+01,7.117605508693583261e+01,6.918316033129633524e+01,6.702832217456180786e+01,6.474409893316854436e+01,6.236358883667948305e+01,5.991964660758582539e+01,5.744415160758799033e+01,5.496734936253083248e+01,5.251728401129723522e+01,5.011933444327976162e+01,4.779586187157771349e+01,4.556597160556414394e+01,4.344538708522851778e+01,4.144643003305182560e+01,3.957809703349958852e+01,3.784622007990292047e+01,3.625369669387521299e+01,3.480077413151418853e+01,3.348537190420157827e+01,3.230342728087939008e+01,3.124924949393989237e+01,3.031586991287878874e+01,2.949537733934775119e+01,2.877922967468552784e+01,2.815853538498522823e+01,2.762430032260475699e+01,2.716763745958778031e+01,2.677993887286495323e+01,2.645301084169945582e+01,2.617917414548848498e+01,2.595133257607743005e+01,2.576301331202108358e+01,2.560838316547607718e+01,2.548224483844913024e+01,2.538001725308709666e+01,2.529770379256436996e+01,2.523185194677245846e+01,2.517950743982285999e+01,2.513816545947674186e+01,2.510572114179364434e+01,2.508042101141740332e+01,2.506081665688489579e+01,2.504572154338696421e+01,2.503417153970111286e+01,2.502538946442626511e+01,2.501875373861122043e+01,2.501377106422784635e+01,2.501005292576842720e+01,2.500729562955725171e+01,2.500526354571440990e+01,2.500377519466654519e+01,2.500269181760371140e+01
2.536258065916353743e+01,2.546011766566563139e+01,2.558046830076886025e+01,2.572800344556922880e+01,2.590768192684884497e+01,2.612506928426701691e+01,2.638634134233482342e+01,2.669826870899008142e+01,2.706817825385623877e+01,2.750388773952597532e+01,2.801361012579297594e+01,2.860582467097574266e+01,2.928911283803205734e+01,3.007195818448133906e+01,3.096251086597592916e+01,3.196831908588978166e+01,3.309603172824378703e+01,3.435107844722757875e+01,3.573733556080578211e+01,3.725678809710139205e+01,3.890920014503885938e+01,4.069180713198895916e+01,4.259904465799601070e+01,4.462232893508925002e+01,4.674990360688515523e+01,4.896676668284410283e+01,5.125468947569012101e+01,5.359233678729894734e+01,5.595549420537732033e+01,5.831740435962382207e+01,6.064920950053224402e+01,6.292049300915927290e+01,6.509990765892314357e+01,6.715587388917344924e+01,6.905732727917970237e+01,7.077449108350947427e+01,7.227964733010171017e+01,7.354787877016360653e+01,7.455775402446683131e+01,7.529192964376588293e+01,7.573764546573310952e+01,7.588709350354258731e+01,7.573764546573310952e+01,7.529192964376588293e+01,7.455775402446683131e+01,7.354787877016360653e+01,7.227964733010171017e+01,7.077449108350947427e+01,6.905732727917970237e+01,6.715587388917344924e+01,6.509990765892314357e+01,6.292049300915927290e+01,6.064920950053224402e+01,5.831740435962382207e+01,5.595549420537732033e+01,5.359233678729894734e+01,5.125468947569012101e+01,4.896676668284410283e+01,4.674990360688515523e+01,4.462232893508925002e+01,4.259904465799601070e+01,4.069180713198895916e+01,3.890920014503885938e+01,3.725678809710139205e+01,3.573733556080578211e+01,3.435107844722757875e+01,3.309603172824378703e+01,3.196831908588978166e+01,3.096251086597592916e+01,3.007195818448133906e+01,2.928911283803205734e+01,2.860582467097574266e+01,2.801361012579297594e+01,2.750388773952597532e+01,2.706817825385623877e+01,2.669826870899008142e+01,2.638634134233482342e+01,2.612506928426701691e+01,2.590768192684884497e+01,2.572800344556922880e+01,2.558046830076886025e+01,2.546011766566563139e+01,2.536258065916353743e+01,2.528404404396538041e+01,2.522121372386700600e+01,2.517127097605964536e+01,2.513182591833331614e+01,2.510087026567258306e+01,2.507673099864136290e+01,2.505802616423942908e+01,2.504362367025325753e+01,2.503260362335871037e+01,2.502422450210536908e+01,2.501789324787808511e+01,2.501313919698264598e+01,2.500959166043654136e+01,2.500696087915059707e+01,2.500502203481332586e+01,2.500360197480389957e+01,2.500256830707862221e+01
2.534489739175122125e+01,2.543767746231372939e+01,2.555215852768127149e+01,2.569249829856335410e+01,2.586341375690612665e+01,2.607019900779674515e+01,2.631872867723070186e+01,2.661544316670020649e+01,2.696731201018056012e+01,2.738177169348368523e+01,2.786663462562757587e+01,2.842996652662272794e+01,2.907993033653986359e+01,2.982459586491587444e+01,3.067171577962152895e+01,3.162847015380827287e+01,3.270118360159686688e+01,3.389502096981733104e+01,3.521366952617634638e+01,3.665901748783294778e+01,3.823084044923055558e+01,3.992650866753804451e+01,4.174072912178792905e+01,4.366533666028864502e+01,4.568914829092335594e+01,4.779789367886471041e+01,4.997423316040564600e+01,5.219787206731295726e+01,5.444577693811628194e+01,5.669249537486258816e+01,5.891057703709664395e+01,6.107108874188593006e+01,6.314421208492924364e+01,6.509990765892314357e+01,6.690862607281371766e+01,6.854204281017977962e+01,6.997379172040933781e+01,7.118017078327312674e+01,7.214079384024154251e+01,7.283916329206982709e+01,7.326314129689058063e+01,7.340530066788885222e+01,7.326314129689058063e+01,7.283916329206982709e+01,7.214079384024154251e+01,7.118017078327312674e+01,6.997379172040933781e+01,6.854204281017977962e+01,6.690862607281371766e+01,6.509990765892314357e+01,6.314421208492924364e+01,6.107108874188593006e+01,5.891057703709664395e+01,5.669249537486258816e+01,5.444577693811628194e+01,5.219787206731295726e+01,4.997423316040564600e+01,4.779789367886471041e+01,4.568914829092335594e+01,4.366533666028864502e+01,4.174072912178792905e+01,3.992650866753804451e+01,3.823084044923055558e+01,3.665901748783294778e+01,3.521366952617634638e+01,3.389502096981733104e+01,3.270118360159686688e+01,3.162847015380827287e+01,3.067171577962152895e+01,2.982459586491587444e+01,2.907993033653986359e+01,2.842996652662272794e+01,2.786663462562757587e+01,2.738177169348368523e+01,2.696731201018056012e+01,2.661544316670020649e+01,2.631872867723070186e+01,2.607019900779674515e+01,2.586341375690612665e+01,2.569249829856335410e+01,2.555215852768127149e+01,2.543767746231372939e+01,2.534489739175122125e+01,2.527019105247404696e+01,2.521042500324567470e+01,2.516291799199089141e+01,2.512539669243047769e+01,2.509595076476496445e+01,2.507298878367898709e+01,2.505519619481545845e+01,2.504149611874961323e+01,2.503101352588414130e+01,2.502304305919650673e+01,2.501702058388152139e+01,2.501249839078420578e+01,2.500912386963705814e+01,2.500662139306844267e+01,2.500477710728530312e+01,2.500342630441977931e+01,2.500244304926433614e+01
2.532708388091120355e+01,2.541507197904298110e+01,2.552364024324798564e+01,2.565673164377504634e+01,2.581881953646283989e+01,2.601492459261613988e+01,2.625061802128280775e+01,2.653200758542389082e+01,2.686570285146495252e+01,2.725875622020076605e+01,2.771857659967757570e+01,2.825281312574411174e+01,2.886920713301706343e+01,2.957541163565274900e+01,3.037877888610432819e+01,3.128611811589325953e+01,3.230342728087939008e+01,3.343560447013464909e+01,3.468614650868669713e+01,3.605684408968419064e+01,3.754748439783156755e+01,3.915557351316432744e+01,4.087609179250395641e+01,4.270129580384030277e+01,4.462058014235077508e+01,4.662041151781960480e+01,4.868434583807723470e+01,5.079313662864664281e+01,5.292494007699483660e+01,5.505561836909330964e+01,5.715913893959626080e+01,5.920806296760482468e+01,6.117411213140746185e+01,6.302879852081398582e+01,6.474409893316854436e+01,6.629315177723407260e+01,6.765095268048374066e+01,6.879502380183373589e+01,6.970603190186784559e+01,7.036833146132229899e+01,7.077041154239694265e+01,7.090522856301259935e+01,7.077041154239694265e+01,7.036833146132229899e+01,6.970603190186784559e+01,6.879502380183373589e+01,6.765095268048374066e+01,6.629315177723407260e+01,6.474409893316854436e+01,6.302879852081398582e+01,6.117411213140746185e+01,5.920806296760482468e+01,5.715913893959626080e+01,5.505561836909330964e+01,5.292494007699483660e+01,5.079313662864664281e+01,4.868434583807723470e+01,4.662041151781960480e+01,4.462058014235077508e+01,4.270129580384030277e+01,4.087609179250395641e+01,3.915557351316432744e+01,3.754748439783156755e+01,3.605684408968419064e+01,3.468614650868669713e+01,3.343560447013464909e+01,3.230342728087939008e+01,3.128611811589325953e+01,3.037877888610432819e+01,2.957541163565274900e+01,2.886920713301706343e+01,2.825281312574411174e+01,2.771857659967757570e+01,2.725875622020076605e+01,2.686570285146495252e+01,2.653200758542389082e+01,2.625061802128280775e+01,2.601492459261613988e+01,2.581881953646283989e+01,2.565673164377504634e+01,2.552364024324798564e+01,2.541507197904298110e+01,2.532708388091120355e+01,2.525623602887214503e+01,2.519955681993673124e+01,2.515450348528317903e+01,2.511892011303806527e+01,2.509099503001855425e+01,2.506921900599912689e+01,2.505234538168033609e+01,2.503935289708762468e+01,2.502941171678747523e+01,2.502185291454884819e+01,2.501614149241046903e+01,2.501185286482476755e+01,2.500865263339529321e+01,2.500627940655297010e+01,2.500453037578066784e+01,2.500324934016205347e+01,2.500231686888259475e+01
2.530925186701509588e+01,2.539244301525069503e+01,2.549509233661270002e+01,2.562092783783637984e+01,2.577417899559627656e+01,2.595959276339662836e+01,2.618243661817571777e+01,2.644848533884874087e+01,2.676398815038995238e+01,2.713561296962438618e+01,2.757036478450638484e+01,2.807547571401314102e+01,2.865826504938190666e+01,2.932596857645923905e+01,3.008553771636551843e+01,3.094341047379571918e+01,3.190525780704579972e+01,3.297571077034588427e+01,3.415807554823011571e+01,3.545404520853760744e+01,3.686341853827278925e+01,3.838383758141822710e+01,4.001055635654437026e+01,4.173625358936654806e+01,4.355090206230163119e+01,4.544170629532036543e+01,4.739311869802905619e+01,4.938694207847518669e+01,5.140252350876238552e+01,5.341704112425713902e+01,5.540588160737858914e+01,5.734310205146935857e+01,5.920196581710533934e+01,6.095553810276365425e+01,6.257732347945245266e+01,6.404192480067241888e+01,6.532570088647332796e+01,6.640739934648270548e+01,6.726874095407450227e+01,6.789493315502913617e+01,6.827509256678463601e+01,6.840255961045139088e+01,6.827509256678463601e+01,6.789493315502913617e+01,6.726874095407450227e+01,6.640739934648270548e+01,6.532570088647332796e+01,6.404192480067241888e+01,6.257732347945245266e+01,6.095553810276365425e+01,5.920196581710533934e+01,5.734310205146935857e+01,5.540588160737858914e+01,5.341704112425713902e+01,5.140252350876238552e+01,4.938694207847518669e+01,4.739311869802905619e+01,4.544170629532036543e+01,4.355090206230163119e+01,4.173625358936654806e+01,4.001055635654437026e+01,3.838383758141822710e+01,3.686341853827278925e+01,3.545404520853760744e+01,3.415807554823011571e+01,3.297571077034588427e+01,3.190525780704579972e+01,3.094341047379571918e+01,3.008553771636551843e+01,2.932596857645923905e+01,2.865826504938190666e+01,2.807547571401314102e+01,2.757036478450638484e+01,2.713561296962438618e+01,2.676398815038995238e+01,2.644848533884874087e+01,2.618243661817571777e+01,2.595959276339662836e+01,2.577417899559627656e+01,2.562092783783637984e+01,2.549509233661270002e+01,2.539244301525069503e+01,2.530925186701509588e+01,2.524226651006001987e+01,2.518867734774671874e+01,2.514608023835064188e+01,2.511243680636360054e+01,2.508603414770528417e+01,2.506544531261683062e+01,2.504949160737962544e+01,2.503720744924175889e+01,2.502780824387709657e+01,2.502066153368709323e+01,2.501526148781908887e+01,2.501120666835163320e+01,2.500818090767615232e+01,2.500593706481298284e+01,2.500428338799377315e+01,2.500307219208993814e+01,2.500219055743614049e+01
2.529150732653894096e+01,2.536992505590605518e+01,2.546668446929324503e+01,2.558529966440736914e+01,2.572975743508722957e+01,2.590453235973579638e+01,2.611458967311367374e+01,2.636537280351499746e+01,2.666277240208689037e+01,2.701307378773789125e+01,2.742288000972592954e+01,2.789900821579727719e+01,2.844835772410748476e+01,2.907774913887114820e+01,2.979373501611971164e+01,3.060238395474313577e+01,3.150904151953207588e+01,3.251807303979146013e+01,3.363259499473253555e+01,3.485420330577748871e+01,3.618270830531670867e+01,3.761588733432023446e+01,3.914926673068315210e+01,4.077594530698773667e+01,4.248647119664212823e+01,4.426878311053883408e+01,4.610822556234709424e+01,4.798764549547339442e+01,4.988757502487499806e+01,5.178650178003600502e+01,5.366122472914229036e+01,5.548728954169818195e+01,5.723949369797641396e+01,5.889244788647960860e+01,6.042117695751676365e+01,6.180174102561792893e+01,6.301185541638463405e+01,6.403148717881222751e+01,6.484340592869509123e+01,6.543366789271067319e+01,6.579201416511669720e+01,6.591216728651824042e+01,6.579201416511669720e+01,6.543366789271067319e+01,6.484340592869509123e+01,6.403148717881222751e+01,6.301185541638463405e+01,6.180174102561792893e+01,6.042117695751676365e+01,5.889244788647960860e+01,5.723949369797641396e+01,5.548728954169818195e+01,5.366122472914229036e+01,5.178650178003600502e+01,4.988757502487499806e+01,4.798764549547339442e+01,4.610822556234709424e+01,4.426878311053883408e+01,4.248647119664212823e+01,4.077594530698773667e+01,3.914926673068315210e+01,3.761588733432023446e+01,3.618270830531670867e+01,3.485420330577748871e+01,3.363259499473253555e+01,3.251807303979146013e+01,3.150904151953207588e+01,3.060238395474313577e+01,2.979373501611971164e+01,2.907774913887114820e+01,2.844835772410748476e+01,2.789900821579727719e+01,2.742288000972592954e+01,2.701307378773789125e+01,2.666277240208689037e+01,2.636537280351499746e+01,2.611458967311367374e+01,2.590453235973579638e+01,2.572975743508722957e+01,2.558529966440736914e+01,2.546668446929324503e+01,2.536992505590605518e+01,2.529150732653894096e+01,2.522836551752836698e+01,2.517785124387759765e+01,2.513769831093594931e+01,2.510598530299585818e+01,2.508109760057616455e+01,2.506169013076485541e+01,2.504665183202481771e+01,2.503507252570691222e+01,2.502621263666602047e+01,2.501947599704232417e+01,2.501438580001501677e+01,2.501056364174006319e+01,2.500771149596720377e+01,2.500559640240114234e+01,2.500403761178435502e+01,2.500289591300255054e+01,2.500206486559968866e+01
2.527394953957080759e+01,2.534764408821001425e+01,2.543857558232127047e+01,2.555004646188173467e+01,2.568580339202491913e+01,2.585005144268103905e+01,2.604745678739941184e+01,2.628313499117310315e+01,2.656262190515442256e+01,2.689182427701072342e+01,2.727694744753205924e+01,2.772439796062404582e+01,2.824065958139304300e+01,2.883214210202633865e+01,2.950500341134662463e+01,3.026494659027292045e+01,3.111699523471460083e+01,3.206525174568968595e+01,3.311264489365188979e+01,3.426067447602994775e+01,3.550916224908996099e+01,3.685601942684809273e+01,3.829704180048260298e+01,3.982574384821245417e+01,4.143324299912030995e+01,4.310820442798288354e+01,4.483685536352830070e+01,4.660307589545500662e+01,4.838857070951767980e+01,5.017312314746668278e+01,5.193492959956584798e+01,5.365100864487011023e+01,5.529767573741180797e+01,5.685107079011419273e+01,5.828772293231416768e+01,5.958513420253751747e+01,6.072236215531172121e+01,6.168058044493500347e+01,6.244359649101580345e+01,6.299830636808172812e+01,6.333506907486546567e+01,6.344798524982670074e+01,6.333506907486546567e+01,6.299830636808172812e+01,6.244359649101580345e+01,6.168058044493500347e+01,6.072236215531172121e+01,5.958513420253751747e+01,5.828772293231416768e+01,5.685107079011419273e+01,5.529767573741180797e+01,5.365100864487011023e+01,5.193492959956584798e+01,5.017312314746668278e+01,4.838857070951767980e+01,4.660307589545500662e+01,4.483685536352830070e+01,4.310820442798288354e+01,4.143324299912030995e+01,3.982574384821245417e+01,3.829704180048260298e+01,3.685601942684809273e+01,3.550916224908996099e+01,3.426067447602994775e+01,3.311264489365188979e+01,3.206525174568968595e+01,3.111699523471460083e+01,3.026494659027292045e+01,2.950500341134662463e+01,2.883214210202633865e+01,2.824065958139304300e+01,2.772439796062404582e+01,2.727694744753205924e+01,2.689182427701072342e+01,2.656262190515442256e+01,2.628313499117310315e+01,2.604745678739941184e+01,2.585005144268103905e+01,2.568580339202491913e+01,2.555004646188173467e+01,2.543857558232127047e+01,2.534764408821001425e+01,2.527394953957080759e+01,2.521461082684790966e+01,2.516713908000475186e+01,2.512940459963204987e+01,2.509960169887225589e+01,2.507621300844104084e+01,2.505797447055533311e+01,2.504384194406045694e+01,2.503296007130617085e+01,2.502463382252120994e+01,2.501830293765091540e+01,2.501351932844111658e+01,2.500992738270163329e+01,2.500724702461066684e+01,2.500525932531181539e+01,2.500379442226177318e+01,2.500272148917526494e+01,2.500194049661470430e+01
2.525667030775213817e+01,2.532571660915682088e+01,2.541091264421664420e+01,2.551535255313932993e+01,2.564254668200673493e+01,2.579643486804144459e+01,2.598138896820223565e+01,2.620220188574841913e+01,2.646406030075677762e+01,2.677249839570473355e+01,2.713333011257878624e+01,2.755255790569390228e+01,2.803625657987672426e+01,2.859043163284014710e+01,2.922085254761269368e+01,2.993286268610293988e+01,3.073116878339101277e+01,3.161961448357820359e+01,3.260094382636926014e+01,3.367656201021137008e+01,3.484630203400605808e+01,3.610820686091306442e+01,3.745833746050432467e+01,3.889061738207990970e+01,4.039672431849319878e+01,4.196603838302002032e+01,4.358565551512975134e+01,4.524047255989652427e+01,4.691334817097911980e+01,4.858534084585564727e+01,5.023602222669850192e+01,5.184386043433082136e+01,5.338666481381679318e+01,5.484208024127990200e+01,5.618811625962447920e+01,5.740369395517765128e+01,5.846919181686484279e+01,5.936697096143524277e+01,6.008186014750287995e+01,6.060158197321835161e+01,6.091710353870465866e+01,6.102289758173495215e+01,6.091710353870465866e+01,6.060158197321835161e+01,6.008186014750287995e+01,5.936697096143524277e+01,5.846919181686484279e+01,5.740369395517765128e+01,5.618811625962447920e+01,5.484208024127990200e+01,5.338666481381679318e+01,5.184386043433082136e+01,5.023602222669850192e+01,4.858534084585564727e+01,4.691334817097911980e+01,4.524047255989652427e+01,4.358565551512975134e+01,4.196603838302002032e+01,4.039672431849319878e+01,3.889061738207990970e+01,3.745833746050432467e+01,3.610820686091306442e+01,3.484630203400605808e+01,3.367656201021137008e+01,3.260094382636926014e+01,3.161961448357820359e+01,3.073116878339101277e+01,2.993286268610293988e+01,2.922085254761269368e+01,2.859043163284014710e+01,2.803625657987672426e+01,2.755255790569390228e+01,2.713333011257878624e+01,2.677249839570473355e+01,2.646406030075677762e+01,2.620220188574841913e+01,2.598138896820223565e+01,2.579643486804144459e+01,2.564254668200673493e+01,2.551535255313932993e+01,2.541091264421664420e+01,2.532571660915682088e+01,2.525667030775213817e+01,2.520107435500819903e+01,2.515659686513596327e+01,2.512124246846385134e+01,2.509331937094046694e+01,2.507140591059917512e+01,2.505431775947686290e+01,2.504107663510615822e+01,2.503088113109786761e+01,2.502308005634007060e+01,2.501714848890415510e+01,2.501266660348113646e+01,2.500930121794398175e+01,2.500678992211493323e+01,2.500492759596700765e+01,2.500355509095287232e+01,2.500254983259053176e+01,2.500181810074975530e+01
2.523975332779647118e+01,2.530424883052441842e+01,2.538382964803129838e+01,2.548138598767286922e+01,2.560019683080935948e+01,2.574394234244840973e+01,2.591670623318240629e+01,2.612296550900510894e+01,2.636756499914321239e+01,2.665567413155750032e+01,2.699272365494300274e+01,2.738432040559318281e+01,2.783613880173608024e+01,2.835378852247460912e+01,2.894265878780802126e+01,2.960774078199300519e+01,3.035343102213507294e+01,3.118331982014922232e+01,3.209997035779414176e+01,3.310469521776342106e+01,3.419733840589691454e+01,3.537607187243231266e+01,3.663721620598115436e+01,3.797509545092066219e+01,3.938193581817941435e+01,4.084781737114598599e+01,4.236068654787393228e+01,4.390643563296206509e+01,4.546905305551926801e+01,4.703084573564523652e+01,4.857273173584017911e+01,5.007459832965916746e+01,5.151571743439767914e+01,5.287520733845612142e+01,5.413252696205538683e+01,5.526798668958053895e+01,5.626325825151829463e+01,5.710186533241561335e+01,5.776963661794717808e+01,5.825510390216484069e+01,5.854982963799068330e+01,5.864865086160510543e+01,5.854982963799068330e+01,5.825510390216484069e+01,5.776963661794717808e+01,5.710186533241561335e+01,5.626325825151829463e+01,5.526798668958053895e+01,5.413252696205538683e+01,5.287520733845612142e+01,5.151571743439767914e+01,5.007459832965916746e+01,4.857273173584017911e+01,4.703084573564523652e+01,4.546905305551926801e+01,4.390643563296206509e+01,4.236068654787393228e+01,4.084781737114598599e+01,3.938193581817941435e+01,3.797509545092066219e+01,3.663721620598115436e+01,3.537607187243231266e+01,3.419733840589691454e+01,3.310469521776342106e+01,3.209997035779414176e+01,3.118331982014922232e+01,3.035343102213507294e+01,2.960774078199300519e+01,2.894265878780802126e+01,2.835378852247460912e+01,2.783613880173608024e+01,2.738432040559318281e+01,2.699272365494300274e+01,2.665567413155750032e+01,2.636756499914321239e+01,2.612296550900510894e+01,2.591670623318240629e+01,2.574394234244840973e+01,2.560019683080935948e+01,2.548138598767286922e+01,2.538382964803129838e+01,2.530424883052441842e+01,2.523975332779647118e+01,2.518782166963503499e+01,2.514627566338954523e+01,2.511325145295940686e+01,2.508716874938435026e+01,2.506669959155159688e+01,2.505073770981566739e+01,2.503836929969668645e+01,2.502884577500091368e+01,2.502155886421660469e+01,2.501601824269218710e+01,2.501183175554304228e+01,2.500868818046839692e+01,2.500634240258170138e+01,2.500460282118907074e+01,2.500332077712468859e+01,2.500238177471425516e+01,2.500169827086288521e+01
2.522327372223709219e+01,2.528333608338957461e+01,2.535744686010636428e+01,2.544829759940492409e+01,2.555894189966560859e+01,2.569280696728949565e+01,2.585369581628635416e+01,2.604577772264452307e+01,2.627356450300900903e+01,2.654187026124751370e+01,2.685575245990630222e+01,2.722043254563107340e+01,2.764119490171254512e+01,2.812326362220345288e+01,2.867165749545700493e+01,2.929102463333718376e+01,2.998545935540170859e+01,3.075830519107153194e+01,3.161194914009046997e+01,3.254761356390159222e+01,3.356515319070778958e+01,3.466286562297150908e+01,3.583732435611036493e+01,3.708324357511270364e+01,3.839338382750538159e+01,3.975850703016379839e+01,4.116738813079471981e+01,4.260688911726352046e+01,4.406209898472802422e+01,4.551654079898470684e+01,4.695244423228775332e+01,4.835107901991480617e+01,4.969314183780866756e+01,5.095918629280175338e+01,5.213008320999102807e+01,5.318749635267769804e+01,5.411435725722876100e+01,5.489532211876876033e+01,5.551719369775361912e+01,5.596929206305196658e+01,5.624375962803505047e+01,5.633578830865948817e+01,5.624375962803505047e+01,5.596929206305196658e+01,5.551719369775361912e+01,5.489532211876876033e+01,5.411435725722876100e+01,5.318749635267769804e+01,5.213008320999102807e+01,5.095918629280175338e+01,4.969314183780866756e+01,4.835107901991480617e+01,4.695244423228775332e+01,4.551654079898470684e+01,4.406209898472802422e+01,4.260688911726352046e+01,4.116738813079471981e+01,3.975850703016379839e+01,3.839338382750538159e+01,3.708324357511270364e+01,3.583732435611036493e+01,3.466286562297150908e+01,3.356515319070778958e+01,3.254761356390159222e+01,3.161194914009046997e+01,3.075830519107153194e+01,2.998545935540170859e+01,2.929102463333718376e+01,2.867165749545700493e+01,2.812326362220345288e+01,2.764119490171254512e+01,2.722043254563107340e+01,2.685575245990630222e+01,2.654187026124751370e+01,2.627356450300900903e+01,2.604577772264452307e+01,2.585369581628635416e+01,2.569280696728949565e+01,2.555894189966560859e+01,2.544829759940492409e+01,2.535744686010636428e+01,2.528333608338957461e+01,2.522327372223709219e+01,2.517491162138028571e+01,2.513622130769925533e+01,2.510546703849079009e+01,2.508117714701469225e+01,2.506211495045466364e+01,2.504725021935022511e+01,2.503573196018443525e+01,2.502686304133694861e+01,2.502007700124575962e+01,2.501491721805262358e+01,2.501101849190154880e+01,2.500809099256504808e+01,2.500590645329246442e+01,2.500428644319192983e+01,2.500309252128495174e+01,2.500221806183409257e+01,2.500158153907771563e+01
2.520729772573416483e+01,2.526306242004921288e+01,2.533187031787011634e+01,2.541622037684329172e+01,2.551894769996792078e+01,2.564323426533549366e+01,2.579261096832977174e+01,2.597094875901903777e+01,2.618243661817571777e+01,2.643154418411292994e+01,2.672296704067870365e+01,2.706155302219877612e+01,2.745220839631225118e+01,2.789978345532088611e+01,2.840893787615011234e+01,2.898398718240345318e+01,2.962873273110689709e+01,3.034627881074519706e+01,3.113884162308747605e+01,3.200755606544556997e+01,3.295228726071508163e+01,3.397145462370978208e+01,3.506187682793937199e+01,3.621864627648833590e+01,3.743504152440466015e+01,3.870248550492615891e+01,4.001055635654437026e+01,4.134705613671194868e+01,4.269814077385064621e+01,4.404851231460868632e+01,4.538167195881220550e+01,4.668022965607631392e+01,4.792626330103144028e+01,4.910171795628070868e+01,5.018883320464269104e+01,5.117058482970669786e+01,5.203112567464022220e+01,5.275620983615040416e+01,5.333358438220372477e+01,5.375333356717482047e+01,5.400816204156361522e+01,5.409360575614238087e+01,5.400816204156361522e+01,5.375333356717482047e+01,5.333358438220372477e+01,5.275620983615040416e+01,5.203112567464022220e+01,5.117058482970669786e+01,5.018883320464269104e+01,4.910171795628070868e+01,4.792626330103144028e+01,4.668022965607631392e+01,4.538167195881220550e+01,4.404851231460868632e+01,4.269814077385064621e+01,4.134705613671194868e+01,4.001055635654437026e+01,3.870248550492615891e+01,3.743504152440466015e+01,3.621864627648833590e+01,3.506187682793937199e+01,3.397145462370978208e+01,3.295228726071508163e+01,3.200755606544556997e+01,3.113884162308747605e+01,3.034627881074519706e+01,2.962873273110689709e+01,2.898398718240345318e+01,2.840893787615011234e+01,2.789978345532088611e+01,2.745220839631225118e+01,2.706155302219877612e+01,2.672296704067870365e+01,2.643154418411292994e+01,2.618243661817571777e+01,2.597094875901903777e+01,2.579261096832977174e+01,2.564323426533549366e+01,2.551894769996792078e+01,2.541622037684329172e+01,2.533187031787011634e+01,2.526306242004921288e+01,2.520729772573416483e+01,2.516239609817632683e+01,2.512647420842746371e+01,2.509792051209609909e+01,2.507536864521775044e+01,2.505767041385044180e+01,2.504386930496612962e+01,2.503317521653708866e+01,2.502494089908860175e+01,2.501864042331586546e+01,2.501384984021229840e+01,2.501023008121746471e+01,2.500751205444537462e+01,2.500548382641009226e+01,2.500397973355875791e+01,2.500287124083717671e+01,2.500205935194315998e+01,2.500146837456143700e+01
2.519188252219922575e+01,2.524350040733011014e+01,2.530719156908474687e+01,2.538526913605323898e+01,2.548035738552688301e+01,2.559540167534601807e+01,2.573367033423667749e+01,2.589874645824961874e+01,2.609450752454100098e+01,2.632509079737554814e+01,2.659484268464928647e+01,2.690825052299038944e+01,2.726985573708571309e+01,2.768414793875790281e+01,2.815544029911347934e+01,2.868772742808230447e+01,2.928452800379432830e+01,2.994871547168641612e+01,3.068234123094135413e+01,3.148645578492506658e+01,3.236093428634899993e+01,3.330431368649419710e+01,3.431364923066667671e+01,3.538439826375170583e+01,3.651033916510368726e+01,3.768353268118002575e+01,3.889433194747616795e+01,4.013144609250128525e+01,4.138206052621319486e+01,4.263201489126485910e+01,4.386603728161199456e+01,4.506803081670648936e+01,4.622140612602216692e+01,4.730945088474420857e+01,4.831572538697599839e+01,4.922447138176831061e+01,5.002102014850706979e+01,5.069218514669762499e+01,5.122662460452566791e+01,5.161516013726276242e+01,5.185103889676550892e+01,5.193012879223526568e+01,5.185103889676550892e+01,5.161516013726276242e+01,5.122662460452566791e+01,5.069218514669762499e+01,5.002102014850706979e+01,4.922447138176831061e+01,4.831572538697599839e+01,4.730945088474420857e+01,4.622140612602216692e+01,4.506803081670648936e+01,4.386603728161199456e+01,4.263201489126485910e+01,4.138206052621319486e+01,4.013144609250128525e+01,3.889433194747616795e+01,3.768353268118002575e+01,3.651033916510368726e+01,3.538439826375170583e+01,3.431364923066667671e+01,3.330431368649419710e+01,3.236093428634899993e+01,3.148645578492506658e+01,3.068234123094135413e+01,2.994871547168641612e+01,2.928452800379432830e+01,2.868772742808230447e+01,2.815544029911347934e+01,2.768414793875790281e+01,2.726985573708571309e+01,2.690825052299038944e+01,2.659484268464928647e+01,2.632509079737554814e+01,2.609450752454100098e+01,2.589874645824961874e+01,2.573367033423667749e+01,2.559540167534601807e+01,2.548035738552688301e+01,2.538526913605323898e+01,2.530719156908474687e+01,2.524350040733011014e+01,2.519188252219922575e+01,2.515031989764010589e+01,2.511706925399332846e+01,2.509063888554249999e+01,2.506976403473748860e+01,2.505338189035458640e+01,2.504060706818762938e+01,2.503070822027158115e+01,2.502308622830322093e+01,2.501725427246267230e+01,2.501281992970535839e+01,2.500946934549985201e+01,2.500695343833981354e+01,2.500507603467015727e+01,2.500368379011506548e+01,2.500265772782469043e+01,2.500190621312196981e+01,2.500135918237107546e+01
2.517707622523476729e+01,2.522471110176661213e+01,2.528348764053139419e+01,2.535554048138336825e+01,2.544329140360385111e+01,2.554945849137454417e+01,2.567705787824944608e+01,2.582939617660810683e+01,2.601005166450512007e+01,2.622284236106176891e+01,2.647177929080878300e+01,2.676100353247687025e+01,2.709470607923996965e+01,2.747703010946166202e+01,2.791195597554498065e+01,2.840317004996176919e+01,2.895391949787290642e+01,2.956685604005810930e+01,3.024387278288043390e+01,3.098593916935380577e+01,3.179293998582383907e+01,3.266352507730238841e+01,3.359497691621337623e+01,3.458310337389882250e+01,3.562216291076394725e+01,3.670482889261406712e+01,3.782219883926369874e+01,3.896385312061683237e+01,4.011796596324398223e+01,4.127146967031567470e+01,4.241027076711894495e+01,4.351951446222801678e+01,4.458389147641254624e+01,4.558797906371729880e+01,4.651660606091818551e+01,4.735523017639630439e+01,4.809031457706439028e+01,4.870969023998118530e+01,4.920289056236618563e+01,4.956144539434421858e+01,4.977912296011248827e+01,4.985211001481388848e+01,4.977912296011248827e+01,4.956144539434421858e+01,4.920289056236618563e+01,4.870969023998118530e+01,4.809031457706439028e+01,4.735523017639630439e+01,4.651660606091818551e+01,4.558797906371729880e+01,4.458389147641254624e+01,4.351951446222801678e+01,4.241027076711894495e+01,4.127146967031567470e+01,4.011796596324398223e+01,3.896385312061683237e+01,3.782219883926369874e+01,3.670482889261406712e+01,3.562216291076394725e+01,3.458310337389882250e+01,3.359497691621337623e+01,3.266352507730238841e+01,3.179293998582383907e+01,3.098593916935380577e+01,3.024387278288043390e+01,2.956685604005810930e+01,2.895391949787290642e+01,2.840317004996176919e+01,2.791195597554498065e+01,2.747703010946166202e+01,2.709470607923996965e+01,2.676100353247687025e+01,2.647177929080878300e+01,2.622284236106176891e+01,2.601005166450512007e+01,2.582939617660810683e+01,2.567705787824944608e+01,2.554945849137454417e+01,2.544329140360385111e+01,2.535554048138336825e+01,2.528348764053139419e+01,2.522471110176661213e+01,2.517707622523476729e+01,2.513872071174960965e+01,2.510803579893881832e+01,2.508364488608653886e+01,2.506438080856387174e+01,2.504926276521460338e+01,2.503747369103815856e+01,2.502833867132371282e+01,2.502130481773946258e+01,2.501592287511047985e+01,2.501183070106636919e+01,2.500873865914070393e+01,2.500641688778896921e+01,2.500468435086348507e+01,2.500339953655318226e+01,2.500245264865973027e+01,2.500175912334413297e+01,2.500125430331495124e+01
2.516291799199089141e+01,2.520674419408557299e+01,2.526082122028735455e+01,2.532711303407138814e+01,2.540784777993891552e+01,2.550552621605980264e+01,2.562292331926418498e+01,2.576308131980320582e+01,2.592929239241498607e+01,2.612506928426701691e+01,2.635410231607572840e+01,2.662020146419784794e+01,2.692722262849482462e+01,2.727897771707886676e+01,2.767912883094663812e+01,2.813106759650111854e+01,2.863778154991194214e+01,2.920171039207165009e+01,2.982459586491587444e+01,3.050732989907486470e+01,3.124980649286941414e+01,3.205078344374382482e+01,3.290776050563007971e+01,3.381688073397103267e+01,3.477286165733112000e+01,3.576896244684149195e+01,3.679699242533117598e+01,3.784736507032775421e+01,3.890920014503885938e+01,3.997047478798439357e+01,4.101822237647195379e+01,4.203877584261988432e+01,4.301804996958016147e+01,4.394185514607853804e+01,4.479623322812724240e+01,4.556780466154630460e+01,4.624411495866216626e+01,4.681396807788605230e+01,4.726773427978975661e+01,4.759762065028949962e+01,4.779789367886471041e+01,4.786504501088297303e+01,4.779789367886471041e+01,4.759762065028949962e+01,4.726773427978975661e+01,4.681396807788605230e+01,4.624411495866216626e+01,4.556780466154630460e+01,4.479623322812724240e+01,4.394185514607853804e+01,4.301804996958016147e+01,4.203877584261988432e+01,4.101822237647195379e+01,3.997047478798439357e+01,3.890920014503885938e+01,3.784736507032775421e+01,3.679699242533117598e+01,3.576896244684149195e+01,3.477286165733112000e+01,3.381688073397103267e+01,3.290776050563007971e+01,3.205078344374382482e+01,3.124980649286941414e+01,3.050732989907486470e+01,2.982459586491587444e+01,2.920171039207165009e+01,2.863778154991194214e+01,2.813106759650111854e+01,2.767912883094663812e+01,2.727897771707886676e+01,2.692722262849482462e+01,2.662020146419784794e+01,2.635410231607572840e+01,2.612506928426701691e+01,2.592929239241498607e+01,2.576308131980320582e+01,2.562292331926418498e+01,2.550552621605980264e+01,2.540784777993891552e+01,2.532711303407138814e+01,2.526082122028735455e+01,2.520674419408557299e+01,2.516291799199089141e+01,2.512762921603863120e+01,2.509939773339367619e+01,2.507695701025622625e+01,2.505923320332851034e+01,2.504532393198489260e+01,2.503447746013520359e+01,2.502607283626939960e+01,2.501960137856588773e+01,2.501464975231023757e+01,2.501088477043726144e+01,2.500803995453375350e+01,2.500590382176954662e+01,2.500430981084811677e+01,2.500312772461808208e+01,2.500225654570043332e+01,2.500161847160741146e+01,2.500115401475917309e+01
2.514943825854647486e+01,2.518963830790689684e+01,2.523924103455613377e+01,2.530004790485150679e+01,2.537410270800246792e+01,2.546369929100150387e+01,2.557138303081978137e+01,2.569994444546745527e+01,2.585240331719007401e+01,2.603198175063678832e+01,2.624206473168056775e+01,2.648614700160133495e+01,2.676776542550147298e+01,2.709041651658414906e+01,2.745745937588464614e+01,2.787200500874439868e+01,2.833679376444638365e+01,2.885406348454695902e+01,2.942541180033605741e+01,3.005165684465768550e+01,3.073270138634575233e+01,3.146740600191226633e+01,3.225347731409559060e+01,3.308737749953516527e+01,3.396426115520021227e+01,3.487794518421473811e+01,3.582091660094847896e+01,3.678438206584274894e+01,3.775836156613799233e+01,3.873182700444374404e+01,3.969288460837374544e+01,4.062899811475210043e+01,4.152724770882237237e+01,4.237461781893183854e+01,4.315830518925474735e+01,4.386603728161199456e+01,4.448639008490267344e+01,4.500909391106362989e+01,4.542531577932436448e+01,4.572790755647108085e+01,4.591161011908172895e+01,4.597320539160661212e+01,4.591161011908172895e+01,4.572790755647108085e+01,4.542531577932436448e+01,4.500909391106362989e+01,4.448639008490267344e+01,4.386603728161199456e+01,4.315830518925474735e+01,4.237461781893183854e+01,4.152724770882237237e+01,4.062899811475210043e+01,3.969288460837374544e+01,3.873182700444374404e+01,3.775836156613799233e+01,3.678438206584274894e+01,3.582091660094847896e+01,3.487794518421473811e+01,3.396426115520021227e+01,3.308737749953516527e+01,3.225347731409559060e+01,3.146740600191226633e+01,3.073270138634575233e+01,3.005165684465768550e+01,2.942541180033605741e+01,2.885406348454695902e+01,2.833679376444638365e+01,2.787200500874439868e+01,2.745745937588464614e+01,2.709041651658414906e+01,2.676776542550147298e+01,2.648614700160133495e+01,2.624206473168056775e+01,2.603198175063678832e+01,2.585240331719007401e+01,2.569994444546745527e+01,2.557138303081978137e+01,2.546369929100150387e+01,2.537410270800246792e+01,2.530004790485150679e+01,2.523924103455613377e+01,2.518963830790689684e+01,2.514943825854647486e+01,2.511706925399332846e+01,2.509117362668358808e+01,2.507058963503721927e+01,2.505433228488377395e+01,2.504157385800998270e+01,2.503162481650275950e+01,2.502391558599423504e+01,2.501797957268071571e+01,2.501343764090525568e+01,2.500998417129345341e+01,2.500737473369045816e+01,2.500541534322408666e+01,2.500395321977601526e+01,2.500286893862628546e+01,2.500206984051105863e+01,2.500148456027209320e+01,2.500105853229493036e+01
2.513665908335211086e+01,2.517342143557529610e+01,2.521878239749751671e+01,2.527438938353243714e+01,2.534211140876792356e+01,2.542404616244629167e+01,2.552252135426550339e+01,2.564008887178804841e+01,2.577951026133824186e+01,2.594373209009438597e+01,2.613584987771162460e+01,2.635905951354595089e+01,2.661659540856770789e+01,2.691165507253056077e+01,2.724731035378736266e+01,2.762640622083813824e+01,2.805144868268433456e+01,2.852448421242294430e+01,2.904697382030490260e+01,2.961966567674929252e+01,3.024247086528876594e+01,3.091434739994912562e+01,3.163319802104999923e+01,3.239578744130802335e+01,3.319768461111721791e+01,3.403323517957997524e+01,3.489556863214758664e+01,3.577664358948801748e+01,3.666733347712947477e+01,3.755755326266355354e+01,3.843642626666607498e+01,3.929248826136210937e+01,4.011392426671325495e+01,4.088883173441185193e+01,4.160550227584252525e+01,4.225271283585001925e+01,4.282001632477722097e+01,4.329802126435952658e+01,4.367865002396144547e+01,4.395536574118787598e+01,4.412335902523700071e+01,4.417968699348253381e+01,4.412335902523700071e+01,4.395536574118787598e+01,4.367865002396144547e+01,4.329802126435952658e+01,4.282001632477722097e+01,4.225271283585001925e+01,4.160550227584252525e+01,4.088883173441185193e+01,4.011392426671325495e+01,3.929248826136210937e+01,3.843642626666607498e+01,3.755755326266355354e+01,3.666733347712947477e+01,3.577664358948801748e+01,3.489556863214758664e+01,3.403323517957997524e+01,3.319768461111721791e+01,3.239578744130802335e+01,3.163319802104999923e+01,3.091434739994912562e+01,3.024247086528876594e+01,2.961966567674929252e+01,2.904697382030490260e+01,2.852448421242294430e+01,2.805144868268433456e+01,2.762640622083813824e+01,2.724731035378736266e+01,2.691165507253056077e+01,2.661659540856770789e+01,2.635905951354595089e+01,2.613584987771162460e+01,2.594373209009438597e+01,2.577951026133824186e+01,2.564008887178804841e+01,2.552252135426550339e+01,2.542404616244629167e+01,2.534211140876792356e+01,2.527438938353243714e+01,2.521878239749751671e+01,2.517342143557529610e+01,2.513665908335211086e+01,2.510705810610385313e+01,2.508337693686782188e+01,2.506455318010378264e+01,2.504968607317070095e+01,2.503801867997068697e+01,2.502892042825232721e+01,2.502187045065694804e+01,2.501644205403293597e+01,2.501228852441395389e+01,2.500913037738973088e+01,2.500674408518880298e+01,2.500495225150666911e+01,2.500361516117849803e+01,2.500262360205930534e+01,2.500189283861895717e+01,2.500135760847281219e+01,2.500096801217125275e+01
2.512459458413519542e+01,2.515811149259621615e+01,2.519946791068450054e+01,2.525016581623228973e+01,2.531190922445688685e+01,2.538661063698189579e+01,2.547639226928463430e+01,2.558358072389900428e+01,2.571069375308418969e+01,2.586041779599375801e+01,2.603557509447693974e+01,2.623907939927379473e+01,2.647387958198426361e+01,2.674289087069458759e+01,2.704891392569503950e+01,2.739454255676717764e+01,2.778206153812224244e+01,2.821333667668802292e+01,2.868970000221451855e+01,2.921183363534780497e+01,2.977965650931940189e+01,3.039221862647127637e+01,3.104760787681933465e+01,3.174287458981299892e+01,3.247397889653616687e+01,3.323576562192572936e+01,3.402197079228895404e+01,3.482526293510921533e+01,3.563732118562577966e+01,3.644895083545853964e+01,3.725023541717352060e+01,3.803072278476604140e+01,3.877964100498199684e+01,3.948613830697544813e+01,4.013953993884084070e+01,4.072961363605915608e+01,4.124683459603889446e+01,4.168264043638963301e+01,4.202966663361872435e+01,4.228195341080035519e+01,4.243511595843487072e+01,4.248647119664212823e+01,4.243511595843487072e+01,4.228195341080035519e+01,4.202966663361872435e+01,4.168264043638963301e+01,4.124683459603889446e+01,4.072961363605915608e+01,4.013953993884084070e+01,3.948613830697544813e+01,3.877964100498199684e+01,3.803072278476604140e+01,3.725023541717352060e+01,3.644895083545853964e+01,3.563732118562577966e+01,3.482526293510921533e+01,3.402197079228895404e+01,3.323576562192572936e+01,3.247397889653616687e+01,3.174287458981299892e+01,3.104760787681933465e+01,3.039221862647127637e+01,2.977965650931940189e+01,2.921183363534780497e+01,2.868970000221451855e+01,2.821333667668802292e+01,2.778206153812224244e+01,2.739454255676717764e+01,2.704891392569503950e+01,2.674289087069458759e+01,2.647387958198426361e+01,2.623907939927379473e+01,2.603557509447693974e+01,2.586041779599375801e+01,2.571069375308418969e+01,2.558358072389900428e+01,2.547639226928463430e+01,2.538661063698189579e+01,2.531190922445688685e+01,2.525016581623228973e+01,2.519946791068450054e+01,2.515811149259621615e+01,2.512459458413519542e+01,2.509760683213382038e+01,2.507601627729894034e+01,2.505885431419814324e+01,2.504529970106754178e+01,2.503466232543146575e+01,2.502636728304277014e+01,2.501993968961017245e+01,2.501499052118829169e+01,2.501120367231680319e+01,2.500832433195047955e+01,2.500614870573444648e+01,2.500451505821546050e+01,2.500329600852404610e+01,2.500239198595144430e+01,2.500172573556604405e+01,2.500123775645891655e+01,2.500088255438977569e+01
2.511325145295940686e+01,2.514371697125030636e+01,2.518130828768034135e+01,2.522739063953486038e+01,2.528351290793549921e+01,2.535141347974043313e+01,2.543302136324457408e+01,2.553045134633580204e+01,2.564599196429454864e+01,2.578208508198628834e+01,2.594129600345090125e+01,2.612627321062010921e+01,2.633969710887110338e+01,2.658421752298371388e+01,2.686238014023094323e+01,2.717654262911422336e+01,2.752878175726274890e+01,2.792079346793908101e+01,2.835378852247460912e+01,2.882838694103149635e+01,2.934451503718606347e+01,2.990130930137385690e+01,3.049703170272118768e+01,3.112900110963701295e+01,3.179354544417593331e+01,3.248597886007739532e+01,3.320060765783651391e+01,3.393076782456217444e+01,3.466889602970856998e+01,3.540663465411582678e+01,3.613497002874754571e+01,3.684440157434670482e+01,3.752513803794125380e+01,3.816731559740755131e+01,3.876123133370077056e+01,3.929758453096807358e+01,3.976771752772180690e+01,4.016384746362945179e+01,4.047928028379543264e+01,4.070859879130986769e+01,4.084781737114598599e+01,4.089449721188237419e+01,4.084781737114598599e+01,4.070859879130986769e+01,4.047928028379543264e+01,4.016384746362945179e+01,3.976771752772180690e+01,3.929758453096807358e+01,3.876123133370077056e+01,3.816731559740755131e+01,3.752513803794125380e+01,3.684440157434670482e+01,3.613497002874754571e+01,3.540663465411582678e+01,3.466889602970856998e+01,3.393076782456217444e+01,3.320060765783651391e+01,3.248597886007739532e+01,3.179354544417593331e+01,3.112900110963701295e+01,3.049703170272118768e+01,2.990130930137385690e+01,2.934451503718606347e+01,2.882838694103149635e+01,2.835378852247460912e+01,2.792079346793908101e+01,2.752878175726274890e+01,2.717654262911422336e+01,2.686238014023094323e+01,2.658421752298371388e+01,2.633969710887110338e+01,2.612627321062010921e+01,2.594129600345090125e+01,2.578208508198628834e+01,2.564599196429454864e+01,2.553045134633580204e+01,2.543302136324457408e+01,2.535141347974043313e+01,2.528351290793549921e+01,2.522739063953486038e+01,2.518130828768034135e+01,2.514371697125030636e+01,2.511325145295940686e+01,2.508872067461556199e+01,2.506909573086522514e+01,2.505349619842734654e+01,2.504117560165343193e+01,2.503150665613046044e+01,2.502396679707960203e+01,2.501812437382881171e+01,2.501362577929832298e+01,2.501018368637100764e+01,2.500756648208147581e+01,2.500558892557874202e+01,2.500410400585744952e+01,2.500299593884361471e+01,2.500217421877796298e+01,2.500156862404281100e+01,2.500112507071117918e+01,2.500080220635312145e+01
2.510262953383527673e+01,2.513023767358573224e+01,2.516430327875595196e+01,2.520606354023849605e+01,2.525692206870082401e+01,2.531845420669455748e+01,2.539240803971350857e+01,2.548070000846922767e+01,2.558540400519760993e+01,2.570873287084933523e+01,2.585301130811808079e+01,2.602063939628691358e+01,2.621404614396597665e+01,2.643563284733993868e+01,2.668770643220350181e+01,2.697240343996885770e+01,2.729160585703087349e+01,2.764685056315488509e+01,2.803923476166835371e+01,2.846932032068465190e+01,2.893704046487228965e+01,2.944161267372714619e+01,2.998146192729411297e+01,3.055415855886118237e+01,3.115637489679240701e+01,3.178386458305195816e+01,3.243146793349703927e+01,3.309314595685098226e+01,3.376204469170428979e+01,3.443059038482079615e+01,3.509061476438428429e+01,3.573350831594850519e+01,3.635039811380769237e+01,3.693234546940695395e+01,3.747055750607776758e+01,3.795660582747400724e+01,3.838264477917478246e+01,3.874162145980929495e+01,3.902746965375328614e+01,3.923528024612111409e+01,3.936144143501913106e+01,3.940374314655656462e+01,3.936144143501913106e+01,3.923528024612111409e+01,3.902746965375328614e+01,3.874162145980929495e+01,3.838264477917478246e+01,3.795660582747400724e+01,3.747055750607776758e+01,3.693234546940695395e+01,3.635039811380769237e+01,3.573350831594850519e+01,3.509061476438428429e+01,3.443059038482079615e+01,3.376204469170428979e+01,3.309314595685098226e+01,3.243146793349703927e+01,3.178386458305195816e+01,3.115637489679240701e+01,3.055415855886118237e+01,2.998146192729411297e+01,2.944161267372714619e+01,2.893704046487228965e+01,2.846932032068465190e+01,2.803923476166835371e+01,2.764685056315488509e+01,2.729160585703087349e+01,2.697240343996885770e+01,2.668770643220350181e+01,2.643563284733993868e+01,2.621404614396597665e+01,2.602063939628691358e+01,2.585301130811808079e+01,2.570873287084933523e+01,2.558540400519760993e+01,2.548070000846922767e+01,2.539240803971350857e+01,2.531845420669455748e+01,2.525692206870082401e+01,2.520606354023849605e+01,2.516430327875595196e+01,2.513023767358573224e+01,2.510262953383527673e+01,2.508039951134764323e+01,2.506261520239610263e+01,2.504847875910718713e+01,2.503731371821422513e+01,2.502855162867125927e+01,2.502171893735161134e+01,2.501642447834884564e+01,2.501234780959526205e+01,2.500922855254983546e+01,2.500685681736086252e+01,2.500506473702365540e+01,2.500371908877988503e+01,2.500271494801068428e+01,2.500197029754415823e+01,2.500142150188867163e+01,2.500101954967996321e+01,2.500072696695635344e+01
2.509272244736862945e+01,2.511766550410185062e+01,2.514844267091180541e+01,2.518617170954926010e+01,2.523212073662136135e+01,2.528771302290963874e+01,2.535452790682808555e+01,2.543429683025674137e+01,2.552889348740919928e+01,2.564031710814569109e+01,2.577066798577465079e+01,2.592211451390256016e+01,2.609685122284243164e+01,2.629704760563178922e+01,2.652478789472875675e+01,2.678200238584101811e+01,2.707039139249359039e+01,2.739134343559101126e+01,2.774584980266992673e+01,2.813441812330463065e+01,2.855698806815396651e+01,2.901285265538193414e+01,2.950058890566246106e+01,3.001800169410890362e+01,3.056208457757965036e+01,3.112900110963701295e+01,3.171408968339756029e+01,3.231189426656838748e+01,3.291622252783599833e+01,3.352023182737168128e+01,3.411654239713723769e+01,3.469737582072289683e+01,3.525471569820932416e+01,3.578048621508093419e+01,3.626674329312115930e+01,3.670587215023560645e+01,3.709078449271457600e+01,3.741510825345699232e+01,3.767336280385697478e+01,3.786111291820901670e+01,3.797509545092066219e+01,3.801331367208035061e+01,3.797509545092066219e+01,3.786111291820901670e+01,3.767336280385697478e+01,3.741510825345699232e+01,3.709078449271457600e+01,3.670587215023560645e+01,3.626674329312115930e+01,3.578048621508093419e+01,3.525471569820932416e+01,3.469737582072289683e+01,3.411654239713723769e+01,3.352023182737168128e+01,3.291622252783599833e+01,3.231189426656838748e+01,3.171408968339756029e+01,3.112900110963701295e+01,3.056208457757965036e+01,3.001800169410890362e+01,2.950058890566246106e+01,2.901285265538193414e+01,2.855698806815396651e+01,2.813441812330463065e+01,2.774584980266992673e+01,2.739134343559101126e+01,2.707039139249359039e+01,2.678200238584101811e+01,2.652478789472875675e+01,2.629704760563178922e+01,2.609685122284243164e+01,2.592211451390256016e+01,2.577066798577465079e+01,2.564031710814569109e+01,2.552889348740919928e+01,2.543429683025674137e+01,2.535452790682808555e+01,2.528771302290963874e+01,2.523212073662136135e+01,2.518617170954926010e+01,2.514844267091180541e+01,2.511766550410185062e+01,2.509272244736862945e+01,2.507263834474158770e+01,2.505657079976575830e+01,2.504379898282522987e+01,2.503371173135015226e+01,2.502579546830066093e+01,2.501962235382184829e+01,2.501483898223392899e+01,2.501115584454619167e+01,2.500833769721164401e+01,2.500619491157272023e+01,2.500457582524797928e+01,2.500336007580630593e+01,2.500245286726560678e+01,2.500178009977743798e+01,2.500128428074386733e+01,2.500092112999062977e+01,2.500065679101161464e+01
2.508351824737329494e+01,2.510598530299585818e+01,2.513370733907266796e+01,2.516769116145336938e+01,2.520907900569687854e+01,2.525915285997957227e+01,2.531933528787789811e+01,2.539118585770949110e+01,2.547639226928463430e+01,2.557675529662041924e+01,2.569416674500314457e+01,2.583057975996301892e+01,2.598797102924668323e+01,2.616829468867909370e+01,2.637342807699495850e+01,2.660510987688646978e+01,2.686487161830807935e+01,2.715396398904552555e+01,2.747327987534213989e+01,2.782327651634079757e+01,2.820389957136152503e+01,2.861451223793046239e+01,2.905383279039503108e+01,2.951988400545599234e+01,3.000995787799551806e+01,3.052059879082798943e+01,3.104760787681933465e+01,3.158607070297466990e+01,3.213040962684455337e+01,3.267446125108435240e+01,3.321157836878717262e+01,3.373475469696203533e+01,3.423676959281411314e+01,3.471034889681041591e+01,3.514833710876219186e+01,3.554387533664598919e+01,3.589057891435020764e+01,3.618270830531670867e+01,3.641532692181888820e+01,3.658443980591346190e+01,3.668710773189476981e+01,3.672153217753402998e+01,3.668710773189476981e+01,3.658443980591346190e+01,3.641532692181888820e+01,3.618270830531670867e+01,3.589057891435020764e+01,3.554387533664598919e+01,3.514833710876219186e+01,3.471034889681041591e+01,3.423676959281411314e+01,3.373475469696203533e+01,3.321157836878717262e+01,3.267446125108435240e+01,3.213040962684455337e+01,3.158607070297466990e+01,3.104760787681933465e+01,3.052059879082798943e+01,3.000995787799551806e+01,2.951988400545599234e+01,2.905383279039503108e+01,2.861451223793046239e+01,2.820389957136152503e+01,2.782327651634079757e+01,2.747327987534213989e+01,2.715396398904552555e+01,2.686487161830807935e+01,2.660510987688646978e+01,2.637342807699495850e+01,2.616829468867909370e+01,2.598797102924668323e+01,2.583057975996301892e+01,2.569416674500314457e+01,2.557675529662041924e+01,2.547639226928463430e+01,2.539118585770949110e+01,2.531933528787789811e+01,2.525915285997957227e+01,2.520907900569687854e+01,2.516769116145336938e+01,2.513370733907266796e+01,2.510598530299585818e+01,2.508351824737329494e+01,2.506542781620933624e+01,2.505095523449848471e+01,2.503945122660269362e+01,2.503036529770499286e+01,2.502323485157892335e+01,2.501767451838306400e+01,2.501336597365742520e+01,2.501004844685303397e+01,2.500751004614316741e+01,2.500557996657625992e+01,2.500412160071097389e+01,2.500302653403084108e+01,2.500220938058557252e+01,2.500160339613308835e+01,2.500115679514407674e+01,2.500082969296651925e+01,2.500059159389918406e+01
2.507500009512158101e+01,2.509517570179185242e+01,2.512007032551918684e+01,2.515058808650326938e+01,2.518775472197235743e+01,2.523272146819154216e+01,2.528676579932851709e+01,2.535128822097157908e+01,2.542780430187712071e+01,2.551793115239913590e+01,2.562336762974411641e+01,2.574586767517830665e+01,2.588720637107813261e+01,2.604913854800294004e+01,2.623335007207309033e+01,2.644140229510571061e+01,2.667467054400094995e+01,2.693427794700740208e+01,2.722102632355122509e+01,2.753532627826419343e+01,2.787712901275439492e+01,2.824586267299453368e+01,2.864037625846810897e+01,2.905889420586791161e+01,2.949898470361006630e+01,2.995754457812740412e+01,3.043080321108963915e+01,3.091434739994912562e+01,3.140316837443803522e+01,3.189173135142025473e+01,3.237406708266576061e+01,3.284388386657279568e+01,3.329469750461611710e+01,3.371997573978526219e+01,3.411329287216821626e+01,3.446848955850326490e+01,3.477983231442325263e+01,3.504216698737644009e+01,3.525106047967801004e+01,3.540292528518197912e+01,3.549512195425378991e+01,3.552603539866447591e+01,3.549512195425378991e+01,3.540292528518197912e+01,3.525106047967801004e+01,3.504216698737644009e+01,3.477983231442325263e+01,3.446848955850326490e+01,3.411329287216821626e+01,3.371997573978526219e+01,3.329469750461611710e+01,3.284388386657279568e+01,3.237406708266576061e+01,3.189173135142025473e+01,3.140316837443803522e+01,3.091434739994912562e+01,3.043080321108963915e+01,2.995754457812740412e+01,2.949898470361006630e+01,2.905889420586791161e+01,2.864037625846810897e+01,2.824586267299453368e+01,2.787712901275439492e+01,2.753532627826419343e+01,2.722102632355122509e+01,2.693427794700740208e+01,2.667467054400094995e+01,2.644140229510571061e+01,2.623335007207309033e+01,2.604913854800294004e+01,2.588720637107813261e+01,2.574586767517830665e+01,2.562336762974411641e+01,2.551793115239913590e+01,2.542780430187712071e+01,2.535128822097157908e+01,2.528676579932851709e+01,2.523272146819154216e+01,2.518775472197235743e+01,2.515058808650326938e+01,2.512007032551918684e+01,2.509517570179185242e+01,2.507500009512158101e+01,2.505875473436798373e+01,2.504575823313493999e+01,2.503542753638782870e+01,2.502726829510790196e+01,2.502086509395684644e+01,2.501587186754569814e+01,2.501200275780715288e+01,2.500902359057456081e+01,2.500674408518880298e+01,2.500501085735341533e+01,2.500370123242642606e+01,2.500271785325172402e+01,2.500198404252111573e+01,2.500143986333862500e+01,2.500103881185933119e+01,2.500074507132713819e+01,2.500053125634346429e+01
2.506714693791217030e+01,2.508520998444874905e+01,2.510749792623143861e+01,2.513482021427246949e+01,2.516809518226019549e+01,2.520835352208759517e+01,2.525673894535241359e+01,2.531450531262149539e+01,2.538300949952310148e+01,2.546369929100150387e+01,2.555809565925256521e+01,2.566776889275544349e+01,2.579430820744281760e+01,2.593928468797028586e+01,2.610420767572640344e+01,2.629047503551858966e+01,2.649931808565149893e+01,2.673174235315349634e+01,2.698846570003712841e+01,2.726985573708571309e+01,2.757586877552009597e+01,2.790599283936473540e+01,2.825919744779034204e+01,2.863389295429106340e+01,2.902790217894236235e+01,2.943844687722991083e+01,2.986215124710302860e+01,3.029506418640669096e+01,3.073270138634575233e+01,3.117010760334360597e+01,3.160193862097444040e+01,3.202256153309156161e+01,3.242617109271388642e+01,3.280691902651325620e+01,3.315905246081221236e+01,3.347705698874359825e+01,3.375579947123342350e+01,3.399066543998243617e+01,3.417768598089094922e+01,3.431364923066669093e+01,3.439619211283019240e+01,3.442386865282833242e+01,3.439619211283019240e+01,3.431364923066669093e+01,3.417768598089094922e+01,3.399066543998243617e+01,3.375579947123342350e+01,3.347705698874359825e+01,3.315905246081221236e+01,3.280691902651325620e+01,3.242617109271388642e+01,3.202256153309156161e+01,3.160193862097444040e+01,3.117010760334360597e+01,3.073270138634575233e+01,3.029506418640669096e+01,2.986215124710302860e+01,2.943844687722991083e+01,2.902790217894236235e+01,2.863389295429106340e+01,2.825919744779034204e+01,2.790599283936473540e+01,2.757586877552009597e+01,2.726985573708571309e+01,2.698846570003712841e+01,2.673174235315349634e+01,2.649931808565149893e+01,2.629047503551858966e+01,2.610420767572640344e+01,2.593928468797028586e+01,2.579430820744281760e+01,2.566776889275544349e+01,2.555809565925256521e+01,2.546369929100150387e+01,2.538300949952310148e+01,2.531450531262149539e+01,2.525673894535241359e+01,2.520835352208759517e+01,2.516809518226019549e+01,2.513482021427246949e+01,2.510749792623143861e+01,2.508520998444874905e+01,2.506714693791217030e+01,2.505260260662679883e+01,2.504096695123254790e+01,2.503171796758868695e+01,2.502441306928495024e+01,2.501868033855398110e+01,2.501420994603958192e+01,2.501074596548104623e+01,2.500807874276789633e+01,2.500603792126813829e+01,2.500448617734485524e+01,2.500331368144977517e+01,2.500243327056121601e+01,2.500177629614688612e+01,2.500128909722106485e+01,2.500093003929272228e+01,2.500066705592922744e+01,2.500047562921956512e+01
2.505993417985038363e+01,2.507605693858564067e+01,2.509595076476496445e+01,2.512033816017407872e+01,2.515003881336694036e+01,2.518597270186159420e+01,2.522916068258356859e+01,2.528072192949757024e+01,2.534186756600649915e+01,2.541388985957530622e+01,2.549814640332689564e+01,2.559603880923425834e+01,2.570898558358363317e+01,2.583838904900114386e+01,2.598559641715494806e+01,2.615185539767084322e+01,2.633826504368538934e+01,2.654572287099956185e+01,2.677486963066330361e+01,2.702603344561843457e+01,2.729917532002645331e+01,2.759383827310533732e+01,2.790910251572879019e+01,2.824354915728851978e+01,2.859523488514478728e+01,2.896167988694029560e+01,2.933987098093456325e+01,2.972628148259768111e+01,3.011690877649864007e+01,3.050732989907486470e+01,3.089277469641639584e+01,3.126821533522847574e+01,3.162847015380827287e+01,3.196831908588978166e+01,3.228262721726297713e+01,3.256647248501304404e+01,3.281527313917450073e+01,3.302491038622440556e+01,3.319184164300322237e+01,3.331320005663274486e+01,3.338687638646671019e+01,3.341157998096350212e+01,3.338687638646671019e+01,3.331320005663274486e+01,3.319184164300322237e+01,3.302491038622440556e+01,3.281527313917450073e+01,3.256647248501304404e+01,3.228262721726297713e+01,3.196831908588978166e+01,3.162847015380827287e+01,3.126821533522847574e+01,3.089277469641639584e+01,3.050732989907486470e+01,3.011690877649864007e+01,2.972628148259768111e+01,2.933987098093456325e+01,2.896167988694029560e+01,2.859523488514478728e+01,2.824354915728851978e+01,2.790910251572879019e+01,2.759383827310533732e+01,2.729917532002645331e+01,2.702603344561843457e+01,2.677486963066330361e+01,2.654572287099956185e+01,2.633826504368538934e+01,2.615185539767084322e+01,2.598559641715494806e+01,2.583838904900114386e+01,2.570898558358363317e+01,2.559603880923425834e+01,2.549814640332689564e+01,2.541388985957530622e+01,2.534186756600649915e+01,2.528072192949757024e+01,2.522916068258356859e+01,2.518597270186159420e+01,2.515003881336694036e+01,2.512033816017407872e+01,2.509595076476496445e+01,2.507605693858564067e+01,2.505993417985038363e+01,2.504695216467344210e+01,2.503656638261457346e+01,2.502831090192728425e+01,2.502179067773928622e+01,2.501667374277029410e+01,2.501268354876754785e+01,2.500959166043654136e+01,2.500721094419300883e+01,2.500538934269318858e+01,2.500400428326573987e+01,2.500295773398092081e+01,2.500217189465335466e+01,2.500158549080635950e+01,2.500115062558463919e+01,2.500083013677125265e+01,2.500059540243048772e+01,2.500042453830470635e+01
2.505333433410797284e+01,2.506768168320451551e+01,2.508538483647670247e+01,2.510708673509314792e+01,2.513351680495591722e+01,2.516549371728802242e+01,2.520392591405828853e+01,2.524980932777647169e+01,2.530422171508122631e+01,2.536831304123285591e+01,2.544329140360385111e+01,2.553040407113897459e+01,2.563091334672438038e+01,2.574606713170210170e+01,2.587706428517729762e+01,2.602501512120144156e+01,2.619089766712611933e+01,2.637551060590178409e+01,2.657942413020752070e+01,2.680293023066790070e+01,2.704599420559709344e+01,2.730820939612749143e+01,2.758875729868245585e+01,2.788637526837462488e+01,2.819933398671057390e+01,2.852542671387806195e+01,2.886197207437358614e+01,2.920583173592193305e+01,2.955344384401476887e+01,2.990087248400403297e+01,3.024387278288043390e+01,3.057797056344740128e+01,3.089855475941217122e+01,3.120098012896124118e+01,3.148067720554356796e+01,3.173326593509555593e+01,3.195466910184374854e+01,3.214122146651356360e+01,3.228977054892914822e+01,3.239776518897409829e+01,3.246332841184662499e+01,3.248531169026721699e+01,3.246332841184662499e+01,3.239776518897409829e+01,3.228977054892914822e+01,3.214122146651356360e+01,3.195466910184374854e+01,3.173326593509555593e+01,3.148067720554356796e+01,3.120098012896124118e+01,3.089855475941217122e+01,3.057797056344740128e+01,3.024387278288043390e+01,2.990087248400403297e+01,2.955344384401476887e+01,2.920583173592193305e+01,2.886197207437358614e+01,2.852542671387806195e+01,2.819933398671057390e+01,2.788637526837462488e+01,2.758875729868245585e+01,2.730820939612749143e+01,2.704599420559709344e+01,2.680293023066790070e+01,2.657942413020752070e+01,2.637551060590178409e+01,2.619089766712611933e+01,2.602501512120144156e+01,2.587706428517729762e+01,2.574606713170210170e+01,2.563091334672438038e+01,2.553040407113897459e+01,2.544329140360385111e+01,2.536831304123285591e+01,2.530422171508122631e+01,2.524980932777647169e+01,2.520392591405828853e+01,2.516549371728802242e+01,2.513351680495591722e+01,2.510708673509314792e+01,2.508538483647670247e+01,2.506768168320451551e+01,2.505333433410797284e+01,2.504178187545132417e+01,2.503253975731968239e+01,2.502519335554531921e+01,2.501939112689766631e+01,2.501483765974542806e+01,2.501128685883967862e+01,2.500853544377598325e+01,2.500641688778896921e+01,2.500479587782027835e+01,2.500356333868405301e+01,2.500263203355305208e+01,2.500193272946052758e+01,2.500141089936664685e+01,2.500102392073300095e+01,2.500073872358016303e+01,2.500052983776929239e+01,2.500037778889844375e+01
2.504731764740778743e+01,2.506004646116614865e+01,2.507575250828475788e+01,2.509500619925113440e+01,2.511845467287785638e+01,2.514682424546607464e+01,2.518092087695678671e+01,2.522162814795762742e+01,2.526990223256305512e+01,2.532676336757977253e+01,2.539328336399899655e+01,2.547056878540941227e+01,2.555973953335077198e+01,2.566190273246781928e+01,2.577812199766037793e+01,2.590938238760928769e+01,2.605655159765847273e+01,2.622033821072872328e+01,2.640124809563034702e+01,2.659954030330398922e+01,2.681518404678733702e+01,2.704781854270819608e+01,2.729671762349948594e+01,2.756076108420165838e+01,2.783841469205273356e+01,2.812772065123313681e+01,2.842630007424449090e+01,2.873136866645689835e+01,2.903976638887181139e+01,2.934800134035910801e+01,2.965230751525467667e+01,2.994871547168640902e+01,3.023313432124887612e+01,3.050144285538230804e+01,3.074958709252452849e+01,3.097368109583439733e+01,3.117010760334360597e+01,3.133561485420126758e+01,3.146740600191226633e+01,3.156321768466866828e+01,3.162138467062035474e+01,3.164088799872165580e+01,3.162138467062035474e+01,3.156321768466866828e+01,3.146740600191226633e+01,3.133561485420126758e+01,3.117010760334360597e+01,3.097368109583439733e+01,3.074958709252452849e+01,3.050144285538230804e+01,3.023313432124887612e+01,2.994871547168640902e+01,2.965230751525467667e+01,2.934800134035910801e+01,2.903976638887181139e+01,2.873136866645689835e+01,2.842630007424449090e+01,2.812772065123313681e+01,2.783841469205273356e+01,2.756076108420165838e+01,2.729671762349948594e+01,2.704781854270819608e+01,2.681518404678733702e+01,2.659954030330398922e+01,2.640124809563034702e+01,2.622033821072872328e+01,2.605655159765847273e+01,2.590938238760928769e+01,2.577812199766037793e+01,2.566190273246781928e+01,2.555973953335077198e+01,2.547056878540941227e+01,2.539328336399899655e+01,2.532676336757977253e+01,2.526990223256305512e+01,2.522162814795762742e+01,2.518092087695678671e+01,2.514682424546607464e+01,2.511845467287785638e+01,2.509500619925113440e+01,2.507575250828475788e+01,2.506004646116614865e+01,2.504731764740778743e+01,2.503706843037806351e+01,2.502886892260566398e+01,2.502235127398983039e+01,2.501720359915858083e+01,2.501316381209090522e+01,2.501001357972964101e+01,2.500757255388702305e+01,2.500569299380843802e+01,2.500425485120431546e+01,2.500316135574328413e+01,2.500233511185077617e+01,2.500171469678355507e+01,2.500125173473852414e+01,2.500090841145817322e+01,2.500065538761255013e+01,2.500047006636850355e+01,2.500033517024614937e+01
2.504185268901393968e+01,2.505311138662318271e+01,2.506700346160375759e+01,2.508403344480308306e+01,2.510477373364485842e+01,2.512986675842608619e+01,2.516002539463015353e+01,2.519603117359717359e+01,2.523872983595905239e+01,2.528902378612789903e+01,2.534786104613258573e+01,2.541622037684329172e+01,2.549509233661270002e+01,2.558545618256779619e+01,2.568825268725480271e+01,2.580435313986259516e+01,2.593452502113837355e+01,2.607939507611806107e+01,2.623941074822202069e+01,2.641480116926578958e+01,2.660553910803162836e+01,2.681130544987405528e+01,2.703145789605206772e+01,2.726500561983669968e+01,2.751059158489625389e+01,2.776648411131683147e+01,2.803057906154884904e+01,2.830041371346530710e+01,2.857319299721968520e+01,2.884582830929781139e+01,2.911498859939349160e+01,2.937716287688627403e+01,2.962873273110689709e+01,2.986605293306233833e+01,3.008553771636551843e+01,3.028374995100153555e+01,3.045749015118579450e+01,3.060388211864776409e+01,3.072045202907468564e+01,3.080519792795143275e+01,3.085664690961642975e+01,3.087389769807440132e+01,3.085664690961642975e+01,3.080519792795143275e+01,3.072045202907468564e+01,3.060388211864776409e+01,3.045749015118579450e+01,3.028374995100153555e+01,3.008553771636551843e+01,2.986605293306233833e+01,2.962873273110689709e+01,2.937716287688627403e+01,2.911498859939349160e+01,2.884582830929781139e+01,2.857319299721968520e+01,2.830041371346530710e+01,2.803057906154884904e+01,2.776648411131683147e+01,2.751059158489625389e+01,2.726500561983669968e+01,2.703145789605206772e+01,2.681130544987405528e+01,2.660553910803162836e+01,2.641480116926578958e+01,2.623941074822202069e+01,2.607939507611806107e+01,2.593452502113837355e+01,2.580435313986259516e+01,2.568825268725480271e+01,2.558545618256779619e+01,2.549509233661270002e+01,2.541622037684329172e+01,2.534786104613258573e+01,2.528902378612789903e+01,2.523872983595905239e+01,2.519603117359717359e+01,2.516002539463015353e+01,2.512986675842608619e+01,2.510477373364485842e+01,2.508403344480308306e+01,2.506700346160375759e+01,2.505311138662318271e+01,2.504185268901393968e+01,2.503278720675771751e+01,2.502553470229763377e+01,2.501976981043245729e+01,2.501521666703543900e+01,2.501164345574771630e+01,2.500885705991950658e+01,2.500669796070255657e+01,2.500503548068164505e+01,2.500376343656142097e+01,2.500279623451364586e+01,2.500206541777660973e+01,2.500151665763550568e+01,2.500110716545748346e+01,2.500080349434805882e+01,2.500057969352734943e+01,2.500041577598664944e+01,2.500029645971106618e+01
2.503690689805488745e+01,2.504683513957735386e+01,2.505908556857387737e+01,2.507410309477403842e+01,2.509239247459518651e+01,2.511452022144512242e+01,2.514111496931155543e+01,2.517286589488004367e+01,2.521051879642586613e+01,2.525486943996614286e+01,2.530675381843698801e+01,2.536703503116384439e+01,2.543658658082960500e+01,2.551627200437315679e+01,2.560692090192949877e+01,2.570930160122207653e+01,2.582409088872181258e+01,2.595184144612471400e+01,2.609294784183462923e+01,2.624761213083910150e+01,2.641581029987157336e+01,2.659726094451178113e+01,2.679139766736176753e+01,2.699734672907675659e+01,2.721391145621161911e+01,2.743956480389654828e+01,2.767245128346724670e+01,2.791039919612441622e+01,2.815094376934537834e+01,2.839136138422499656e+01,2.862871462534354450e+01,2.885990740076633543e+01,2.908174889248771322e+01,2.929102463333718376e+01,2.948457259197065383e+01,2.965936180884764539e+01,2.981257088590599835e+01,2.994166350925867803e+01,3.004445818988148886e+01,3.011918954703208939e+01,3.016455873037669022e+01,3.017977096896839839e+01,3.016455873037669022e+01,3.011918954703208939e+01,3.004445818988148886e+01,2.994166350925867803e+01,2.981257088590599835e+01,2.965936180884764539e+01,2.948457259197065383e+01,2.929102463333718376e+01,2.908174889248771322e+01,2.885990740076633543e+01,2.862871462534354450e+01,2.839136138422499656e+01,2.815094376934537834e+01,2.791039919612441622e+01,2.767245128346724670e+01,2.743956480389654828e+01,2.721391145621161911e+01,2.699734672907675659e+01,2.679139766736176753e+01,2.659726094451178113e+01,2.641581029987157336e+01,2.624761213083910150e+01,2.609294784183462923e+01,2.595184144612471400e+01,2.582409088872181258e+01,2.570930160122207653e+01,2.560692090192949877e+01,2.551627200437315679e+01,2.543658658082960500e+01,2.536703503116384439e+01,2.530675381843698801e+01,2.525486943996614286e+01,2.521051879642586613e+01,2.517286589488004367e+01,2.514111496931155543e+01,2.511452022144512242e+01,2.509239247459518651e+01,2.507410309477403842e+01,2.505908556857387737e+01,2.504683513957735386e+01,2.503690689805488745e+01,2.502891269655119544e+01,2.502251723071477585e+01,2.501743358420655028e+01,2.501341849215052804e+01,2.501026753225209376e+01,2.500781040872681871e+01,2.500590645329246442e+01,2.500444043086724832e+01,2.500331870598474637e+01,2.500246579955945592e+01,2.500182134446120585e+01,2.500133743207561210e+01,2.500097633016257603e+01,2.500070854429404932e+01,2.500051119033020441e+01,2.500036664315518209e+01,2.500026142665122464e+01
2.503244708452425726e+01,2.504117560165343193e+01,2.505194569413092509e+01,2.506514850898784275e+01,2.508122780809530283e+01,2.510068164762696341e+01,2.512406269771251033e+01,2.515197685522615245e+01,2.518507979650352269e+01,2.522407112754186542e+01,2.526968582025400778e+01,2.532268267741778800e+01,2.538382964803129838e+01,2.545388591960480085e+01,2.553358084375332027e+01,2.562358990381191504e+01,2.572450810366832030e+01,2.583682133920245505e+01,2.596087649934362673e+01,2.609685122284243519e+01,2.624472439818503489e+01,2.640424862573907916e+01,2.657492595132215740e+01,2.675598821787243153e+01,2.694638335744409474e+01,2.714476885260615191e+01,2.734951343113857192e+01,2.755870782138170938e+01,2.777018509285395353e+01,2.798155074757567462e+01,2.819022232613061973e+01,2.839347786698871801e+01,2.858851212920620100e+01,2.877249908042926307e+01,2.894265878780802126e+01,2.909632655163640536e+01,2.923102191036859665e+01,2.934451503718606347e+01,2.943488805325075575e+01,2.950058890566246106e+01,2.954047569659757144e+01,2.955384969488521918e+01,2.954047569659757144e+01,2.950058890566246106e+01,2.943488805325075575e+01,2.934451503718606347e+01,2.923102191036859665e+01,2.909632655163640536e+01,2.894265878780802126e+01,2.877249908042926307e+01,2.858851212920620100e+01,2.839347786698871801e+01,2.819022232613061973e+01,2.798155074757567462e+01,2.777018509285395353e+01,2.755870782138170938e+01,2.734951343113857192e+01,2.714476885260615191e+01,2.694638335744409474e+01,2.675598821787243153e+01,2.657492595132215740e+01,2.640424862573907916e+01,2.624472439818503489e+01,2.609685122284243519e+01,2.596087649934362673e+01,2.583682133920245505e+01,2.572450810366832030e+01,2.562358990381191504e+01,2.553358084375332027e+01,2.545388591960480085e+01,2.538382964803129838e+01,2.532268267741778800e+01,2.526968582025400778e+01,2.522407112754186542e+01,2.518507979650352269e+01,2.515197685522615245e+01,2.512406269771251033e+01,2.510068164762696341e+01,2.508122780809530283e+01,2.506514850898784275e+01,2.505194569413092509e+01,2.504117560165343193e+01,2.503244708452425726e+01,2.502541889885803172e+01,2.501979625833544674e+01,2.501532691746322001e+01,2.501179700738731171e+01,2.500902680811440248e+01,2.500686660232868164e+01,2.500519272004204296e+01,2.500390385112992675e+01,2.500291767499501461e+01,2.500216783341170057e+01,2.500160125398760513e+01,2.500117581736450134e+01,2.500085835084979635e+01,2.500062292410931164e+01,2.500044941831273704e+01,2.500032233815555927e+01,2.500022983596824133e+01
2.502843988075676762e+01,2.503609042902564497e+01,2.504553041879022146e+01,2.505710269055792949e+01,2.507119620176158392e+01,2.508824749880887950e+01,2.510874099725876007e+01,2.513320776593007722e+01,2.516222250535675897e+01,2.519639842043625322e+01,2.523637971430320448e+01,2.528283147785363028e+01,2.533642681864876067e+01,2.539783116480272085e+01,2.546768379325719067e+01,2.554657676538791122e+01,2.563503160230733968e+01,2.573347419192151619e+01,2.584220858249639718e+01,2.596139047445806014e+01,2.609100136355734278e+01,2.623082440393131165e+01,2.638042313856765730e+01,2.653912427753719072e+01,2.670600568292320176e+01,2.687989063773520471e+01,2.705934933131070608e+01,2.724270828638269037e+01,2.742806818763795818e+01,2.761333025677296860e+01,2.779623096722025366e+01,2.797438451876154986e+01,2.814533211674383395e+01,2.830659674283600680e+01,2.845574178493805562e+01,2.859043163284015421e+01,2.870849216114340052e+01,2.880796892587364155e+01,2.888718090556901430e+01,2.894476772532812703e+01,2.897972851131543592e+01,2.899145082541911478e+01,2.897972851131543592e+01,2.894476772532812703e+01,2.888718090556901430e+01,2.880796892587364155e+01,2.870849216114340052e+01,2.859043163284015421e+01,2.845574178493805562e+01,2.830659674283600680e+01,2.814533211674383395e+01,2.797438451876154986e+01,2.779623096722025366e+01,2.761333025677296860e+01,2.742806818763795818e+01,2.724270828638269037e+01,2.705934933131070608e+01,2.687989063773520471e+01,2.670600568292320176e+01,2.653912427753719072e+01,2.638042313856765730e+01,2.623082440393131165e+01,2.609100136355734278e+01,2.596139047445806014e+01,2.584220858249639718e+01,2.573347419192151619e+01,2.563503160230733968e+01,2.554657676538791122e+01,2.546768379325719067e+01,2.539783116480272085e+01,2.533642681864876067e+01,2.528283147785363028e+01,2.523637971430320448e+01,2.519639842043625322e+01,2.516222250535675897e+01,2.513320776593007722e+01,2.510874099725876007e+01,2.508824749880887950e+01,2.507119620176158392e+01,2.505710269055792949e+01,2.504553041879022146e+01,2.503609042902564497e+01,2.502843988075676762e+01,2.502227967360057903e+01,2.501735142724670524e+01,2.501343404843343876e+01,2.501034008103658834e+01,2.500791200042012719e+01,2.500601857930520211e+01,2.500455142090465799e+01,2.500342172685944675e+01,2.500255734313765998e+01,2.500190010673172125e+01,2.500140349967143294e+01,2.500103060432481072e+01,2.500075234481536768e+01,2.500054599319627968e+01,2.500039391530584254e+01,2.500028252950432517e+01,2.500020145130529414e+01
2.502485214153444204e+01,2.503153756015557718e+01,2.503978667919089673e+01,2.504989908923599273e+01,2.506221468008343578e+01,2.507711492707073475e+01,2.509502313591197620e+01,2.511640338019325114e+01,2.514175786100081211e+01,2.517162242639363612e+01,2.520656001218766207e+01,2.524715180693366179e+01,2.529398600453169976e+01,2.534764408821001425e+01,2.540868468903918753e+01,2.547762517884763156e+01,2.555492128797439833e+01,2.564094517784341676e+01,2.573596254051589938e+01,2.584010943454493869e+01,2.595336969002380201e+01,2.607555381656317195e+01,2.620628041694354593e+01,2.634496113790293492e+01,2.649079017078776133e+01,2.664273924345288336e+01,2.679955891827738768e+01,2.695978682999152198e+01,2.712176326513214519e+01,2.728365420984050971e+01,2.744348168526702736e+01,2.759916086393987911e+01,2.774854313232429348e+01,2.788946395215534935e+01,2.801979409408458110e+01,2.813749258909385986e+01,2.824065958139304300e+01,2.832758718343215776e+01,2.839680643745958122e+01,2.844712858217642548e+01,2.847767900568004507e+01,2.848792252996580032e+01,2.847767900568004507e+01,2.844712858217642548e+01,2.839680643745958122e+01,2.832758718343215776e+01,2.824065958139304300e+01,2.813749258909385986e+01,2.801979409408458110e+01,2.788946395215534935e+01,2.774854313232429348e+01,2.759916086393987911e+01,2.744348168526702736e+01,2.728365420984050971e+01,2.712176326513214519e+01,2.695978682999152198e+01,2.679955891827738768e+01,2.664273924345288336e+01,2.649079017078776133e+01,2.634496113790293492e+01,2.620628041694354593e+01,2.607555381656317195e+01,2.595336969002380201e+01,2.584010943454493869e+01,2.573596254051589938e+01,2.564094517784341676e+01,2.555492128797439833e+01,2.547762517884763156e+01,2.540868468903918753e+01,2.534764408821001425e+01,2.529398600453169976e+01,2.524715180693366179e+01,2.520656001218766207e+01,2.517162242639363612e+01,2.514175786100081211e+01,2.511640338019325114e+01,2.509502313591197620e+01,2.507711492707073475e+01,2.506221468008343578e+01,2.504989908923599273e+01,2.503978667919089673e+01,2.503153756015557718e+01,2.502485214153444204e+01,2.501946905496539131e+01,2.501516251525270818e+01,2.501173932042485504e+01,2.500903566226584118e+01,2.500691388813979898e+01,2.500525932531181539e+01,2.500397725143339400e+01,2.500299007020916875e+01,2.500223472996081853e+01,2.500166040504287324e+01,2.500122644580602582e+01,2.500090059184021385e+01,2.500065743524011808e+01,2.500047711522797300e+01,2.500034422222150354e+01,2.500024688792787941e+01,2.500017603788124987e+01
2.502165129221774009e+01,2.502747565757328019e+01,2.503466232543146575e+01,2.504347230040318451e+01,2.505420169593244140e+01,2.506718285496823384e+01,2.508278456326289785e+01,2.510141112371359640e+01,2.512350005605903647e+01,2.514951819342477535e+01,2.517995596790632362e+01,2.521531971346001555e+01,2.525612186713249940e+01,2.530286901960437973e+01,2.535604785265855909e+01,2.541610910284934377e+01,2.548344980440131380e+01,2.555839418594202783e+01,2.564117371953393487e+01,2.573190693997161205e+01,2.583057975996302247e+01,2.593702709466885636e+01,2.605091666919686944e+01,2.617173590766361002e+01,2.629878278611649733e+01,2.643116146945564182e+01,2.656778344227078748e+01,2.670737468567142514e+01,2.684848925017515597e+01,2.698952933504789797e+01,2.712877171663854980e+01,2.726440008431836048e+01,2.739454255676717764e+01,2.751731337897167862e+01,2.763085755719788850e+01,2.773339699048989360e+01,2.782327651634079757e+01,2.789900821579728074e+01,2.795931232657039089e+01,2.800315319472164788e+01,2.802976885461301393e+01,2.803869305687312519e+01,2.802976885461301393e+01,2.800315319472164788e+01,2.795931232657039089e+01,2.789900821579728074e+01,2.782327651634079757e+01,2.773339699048989360e+01,2.763085755719788850e+01,2.751731337897167862e+01,2.739454255676717764e+01,2.726440008431836048e+01,2.712877171663854980e+01,2.698952933504789797e+01,2.684848925017515597e+01,2.670737468567142514e+01,2.656778344227078748e+01,2.643116146945564182e+01,2.629878278611649733e+01,2.617173590766361002e+01,2.605091666919686944e+01,2.593702709466885636e+01,2.583057975996302247e+01,2.573190693997161205e+01,2.564117371953393487e+01,2.555839418594202783e+01,2.548344980440131380e+01,2.541610910284934377e+01,2.535604785265855909e+01,2.530286901960437973e+01,2.525612186713249940e+01,2.521531971346001555e+01,2.517995596790632362e+01,2.514951819342477535e+01,2.512350005605903647e+01,2.510141112371359640e+01,2.508278456326289785e+01,2.506718285496823384e+01,2.505420169593244140e+01,2.504347230040318451e+01,2.503466232543146575e+01,2.502747565757328019e+01,2.502165129221774009e+01,2.501696152412759844e+01,2.501320964827266025e+01,2.501022734626728194e+01,2.500787190769163360e+01,2.500602340897938802e+01,2.500458194675241685e+01,2.500346499849473858e+01,2.500260496198126603e+01,2.500194690631961691e+01,2.500144655198962695e+01,2.500106848484259103e+01,2.500078459947100740e+01,2.500057276039887100e+01,2.500041566483146127e+01,2.500029988787466451e+01,2.500021508982089813e+01,2.500015336495662055e+01
2.501880562540015518e+01,2.502386448433422572e+01,2.503010659599468468e+01,2.503775866070457212e+01,2.504707787320533896e+01,2.505835289603685467e+01,2.507190404480161661e+01,2.508808248416710285e+01,2.510726822989535378e+01,2.512986675842608619e+01,2.515630404351548677e+01,2.518701987077147564e+01,2.522245932675255986e+01,2.526306242004921288e+01,2.530925186701509588e+01,2.536141916311889588e+01,2.541990915968973042e+01,2.548500347142535816e+01,2.555690314761434934e+01,2.563571114381803184e+01,2.572141522426154125e+01,2.581387200149178796e+01,2.591279287208082849e+01,2.601773262888091054e+01,2.612808151616284746e+01,2.624306143998474639e+01,2.636172695040108493e+01,2.648297147502963966e+01,2.660553910803163191e+01,2.672804205038946890e+01,2.684898356471965641e+01,2.696678606124366695e+01,2.707982368324374178e+01,2.718645852375247074e+01,2.728507939407358052e+01,2.737414189213794202e+01,2.745220839631225473e+01,2.751798654740702332e+01,2.757036478450638839e+01,2.760844357146186212e+01,2.763156108909828035e+01,2.763931236800630487e+01,2.763156108909828035e+01,2.760844357146186212e+01,2.757036478450638839e+01,2.751798654740702332e+01,2.745220839631225473e+01,2.737414189213794202e+01,2.728507939407358052e+01,2.718645852375247074e+01,2.707982368324374178e+01,2.696678606124366695e+01,2.684898356471965641e+01,2.672804205038946890e+01,2.660553910803163191e+01,2.648297147502963966e+01,2.636172695040108493e+01,2.624306143998474639e+01,2.612808151616284746e+01,2.601773262888091054e+01,2.591279287208082849e+01,2.581387200149178796e+01,2.572141522426154125e+01,2.563571114381803184e+01,2.555690314761434934e+01,2.548500347142535816e+01,2.541990915968973042e+01,2.536141916311889588e+01,2.530925186701509588e+01,2.526306242004921288e+01,2.522245932675255986e+01,2.518701987077147564e+01,2.515630404351548677e+01,2.512986675842608619e+01,2.510726822989535378e+01,2.508808248416710285e+01,2.507190404480161661e+01,2.505835289603685467e+01,2.504707787320533896e+01,2.503775866070457212e+01,2.503010659599468468e+01,2.502386448433422572e+01,2.501880562540015518e+01,2.501473224164874409e+01,2.501147348133243753e+01,2.500888314844240767e+01,2.500683728923635130e+01,2.500523174190986708e+01,2.500397973355875791e+01,2.500300958774417737e+01,2.500226258731851559e+01,2.500169102105166274e+01,2.500125642915744351e+01,2.500092805203003365e+01,2.500068147820428166e+01,2.500049748150811624e+01,2.500036103328308812e+01,2.500026047309215116e+01,2.500018682019338456e+01,2.500013320793487637e+01
2.501628454754095188e+01,2.502066521699819646e+01,2.502607051259075277e+01,2.503269674324796767e+01,2.504076662424281707e+01,2.505053012008080771e+01,2.506226460492769093e+01,2.507627416639558504e+01,2.509288787542000421e+01,2.511245685036147179e+01,2.513534995903142288e+01,2.516194802947930853e+01,2.519263648006094769e+01,2.522779633191536419e+01,2.526779363213809759e+01,2.531296739240444538e+01,2.536361623335286453e+01,2.541998401647885331e+01,2.548224483844913024e+01,2.555048785262592048e+01,2.562470246355954728e+01,2.570476450628623510e+01,2.579042406748787641e+01,2.588129562438558295e+01,2.597685116496437274e+01,2.607641690637903764e+01,2.617917414548848498e+01,2.628416465675208613e+01,2.639030090078184543e+01,2.649638112658047717e+01,2.660110924903731444e+01,2.670311916970033295e+01,2.680100299383315843e+01,2.689334239190348796e+01,2.697874217080481429e+01,2.705586497065773344e+01,2.712346589705777689e+01,2.718042584419412577e+01,2.722578226675420154e+01,2.725875622020076605e+01,2.727877460868658588e+01,2.728548675290912939e+01,2.727877460868658588e+01,2.725875622020076605e+01,2.722578226675420154e+01,2.718042584419412577e+01,2.712346589705777689e+01,2.705586497065773344e+01,2.697874217080481429e+01,2.689334239190348796e+01,2.680100299383315843e+01,2.670311916970033295e+01,2.660110924903731444e+01,2.649638112658047717e+01,2.639030090078184543e+01,2.628416465675208613e+01,2.617917414548848498e+01,2.607641690637903764e+01,2.597685116496437274e+01,2.588129562438558295e+01,2.579042406748787641e+01,2.570476450628623510e+01,2.562470246355954728e+01,2.555048785262592048e+01,2.548224483844913024e+01,2.541998401647885331e+01,2.536361623335286453e+01,2.531296739240444538e+01,2.526779363213809759e+01,2.522779633191536419e+01,2.519263648006094769e+01,2.516194802947930853e+01,2.513534995903142288e+01,2.511245685036147179e+01,2.509288787542000421e+01,2.507627416639558504e+01,2.506226460492769093e+01,2.505053012008080771e+01,2.504076662424281707e+01,2.503269674324796767e+01,2.502607051259075277e+01,2.502066521699819646e+01,2.501628454754095188e+01,2.501275724068776896e+01,2.500993534903746252e+01,2.500769227558486563e+01,2.500592068379814137e+01,2.500453037578066784e+01,2.500344621138403411e+01,2.500260612309645936e+01,2.500195926537777424e+01,2.500146432315451506e+01,2.500108799255067993e+01,2.500080363758619839e+01,2.500059011939138642e+01,2.500043078925041229e+01,2.500031263324336095e+01,2.500022555412872549e+01,2.500016177512079807e+01,2.500011535010945707e+01
2.501405877783416898e+01,2.501784069799556676e+01,2.502250719853373795e+01,2.502822775690071211e+01,2.503519464767673597e+01,2.504362367025325753e+01,2.505375428733339760e+01,2.506584902387649194e+01,2.508019197344806983e+01,2.509708626359968164e+01,2.511685034534128036e+01,2.513981299519716472e+01,2.516630695259556205e+01,2.519666116075888240e+01,2.523119163551625022e+01,2.527019105247404696e+01,2.531391721684314078e+01,2.536258065916353743e+01,2.541633168059362191e+01,2.547524724902638837e+01,2.553931821719675455e+01,2.560843739099103900e+01,2.568238901520889428e+01,2.576084026027156426e+01,2.584333528277328540e+01,2.592929239241498607e+01,2.601800478628773661e+01,2.610864520898531893e+01,2.620027476585296711e+01,2.629185596105357803e+01,2.638226985821023618e+01,2.647033707701850602e+01,2.655484215359994593e+01,2.663456061550667542e+01,2.670828796443310793e+01,2.677486963066330361e+01,2.683323087178788313e+01,2.688240554122356940e+01,2.692156265421803596e+01,2.695002973226571896e+01,2.696731201018056368e+01,2.697310673945863257e+01,2.696731201018056368e+01,2.695002973226571896e+01,2.692156265421803596e+01,2.688240554122356940e+01,2.683323087178788313e+01,2.677486963066330361e+01,2.670828796443310793e+01,2.663456061550667542e+01,2.655484215359994593e+01,2.647033707701850602e+01,2.638226985821023618e+01,2.629185596105357803e+01,2.620027476585296711e+01,2.610864520898531893e+01,2.601800478628773661e+01,2.592929239241498607e+01,2.584333528277328540e+01,2.576084026027156426e+01,2.568238901520889428e+01,2.560843739099103900e+01,2.553931821719675455e+01,2.547524724902638837e+01,2.541633168059362191e+01,2.536258065916353743e+01,2.531391721684314078e+01,2.527019105247404696e+01,2.523119163551625022e+01,2.519666116075888240e+01,2.516630695259556205e+01,2.513981299519716472e+01,2.511685034534128036e+01,2.509708626359968164e+01,2.508019197344806983e+01,2.506584902387649194e+01,2.505375428733339760e+01,2.504362367025325753e+01,2.503519464767673597e+01,2.502822775690071211e+01,2.502250719853373795e+01,2.501784069799556676e+01,2.501405877783416898e+01,2.501101358279407805e+01,2.500857738690444876e+01,2.500664089642127763e+01,2.500511144555506249e+01,2.500391116464523122e+01,2.500297518368845573e+01,2.500224991855189671e+01,2.500169147325678054e+01,2.500126417966817627e+01,2.500093928587925518e+01,2.500069379651201018e+01,2.500050946195454671e+01,2.500037190903521633e+01,2.500026990257487824e+01,2.500019472542158994e+01,2.500013966371965068e+01,2.500009958407244071e+01
2.501210050222065817e+01,2.501535563106977378e+01,2.501937212530497234e+01,2.502429585552102864e+01,2.503029231398283727e+01,2.503754724094791229e+01,2.504626674387490226e+01,2.505667678009029942e+01,2.506902187119202097e+01,2.508356292148155120e+01,2.510057402428326156e+01,2.512033816017407872e+01,2.514314172063394537e+01,2.516926782971818000e+01,2.519898848477159348e+01,2.523255559402309345e+01,2.527019105247404696e+01,2.531207606543951272e+01,2.535833999832538055e+01,2.540904909801107436e+01,2.546419549137258898e+01,2.552368691558123714e+01,2.558733766841513457e+01,2.565486128080105033e+01,2.572586540468364902e+01,2.579984937458270622e+01,2.587620483959673834e+01,2.595421977439908900e+01,2.603308606487136601e+01,2.611191073007107022e+01,2.618973069253348029e+01,2.626553085022332823e+01,2.633826504368538934e+01,2.640687935971684652e+01,2.647033707701850247e+01,2.652764444822649992e+01,2.657787643397649191e+01,2.662020146419785149e+01,2.665390430368596952e+01,2.667840614482712525e+01,2.669328113927922530e+01,2.669826870899008142e+01,2.669328113927922530e+01,2.667840614482712525e+01,2.665390430368596952e+01,2.662020146419785149e+01,2.657787643397649191e+01,2.652764444822649992e+01,2.647033707701850247e+01,2.640687935971684652e+01,2.633826504368538934e+01,2.626553085022332823e+01,2.618973069253348029e+01,2.611191073007107022e+01,2.603308606487136601e+01,2.595421977439908900e+01,2.587620483959673834e+01,2.579984937458270622e+01,2.572586540468364902e+01,2.565486128080105033e+01,2.558733766841513457e+01,2.552368691558123714e+01,2.546419549137258898e+01,2.540904909801107436e+01,2.535833999832538055e+01,2.531207606543951272e+01,2.527019105247404696e+01,2.523255559402309345e+01,2.519898848477159348e+01,2.516926782971818000e+01,2.514314172063394537e+01,2.512033816017407872e+01,2.510057402428326156e+01,2.508356292148155120e+01,2.506902187119202097e+01,2.505667678009029942e+01,2.504626674387490226e+01,2.503754724094791229e+01,2.503029231398283727e+01,2.502429585552102864e+01,2.501937212530497234e+01,2.501535563106977378e+01,2.501210050222065817e+01,2.500947947855987863e+01,2.500738262532554401e+01,2.500571587252040828e+01,2.500439946196030405e+01,2.500336637060726019e+01,2.500256076433198515e+01,2.500193652284392343e+01,2.500145586452402213e+01,2.500108808952403550e+01,2.500080845084841741e+01,2.500059715619190115e+01,2.500043849796796280e+01,2.500032010507311497e+01,2.500023230729905421e+01,2.500016760172357522e+01,2.500012020967752235e+01,2.500008571280547542e+01
2.501038348594853389e+01,2.501317672411742521e+01,2.501662329275507446e+01,2.502084836396125311e+01,2.502599394726380666e+01,2.503221942706835179e+01,2.503970166495150451e+01,2.504863455573530828e+01,2.505922792431213253e+01,2.507170565363319170e+01,2.508630294419928930e+01,2.510326262269568076e+01,2.512283044271618593e+01,2.514524935406541317e+01,2.517075275867629713e+01,2.519955681993673480e+01,2.523185194677245846e+01,2.526779363213809759e+01,2.530749288496945937e+01,2.535100655196010422e+01,2.539832787715304363e+01,2.544937768947192325e+01,2.550399663714965826e+01,2.556193890000933422e+01,2.562286780272580700e+01,2.568635372238889403e+01,2.575187463082800576e+01,2.581881953646284344e+01,2.588649499356361261e+01,2.595413473186321696e+01,2.602091233100818712e+01,2.608595672816763411e+01,2.614837021002311701e+01,2.620724840973656811e+01,2.626170171290632638e+01,2.631087738122444364e+01,2.635398163497282198e+01,2.639030090078184543e+01,2.641922143266300438e+01,2.644024655365079823e+01,2.645301084169945938e+01,2.645729069381349774e+01,2.645301084169945938e+01,2.644024655365079823e+01,2.641922143266300438e+01,2.639030090078184543e+01,2.635398163497282198e+01,2.631087738122444364e+01,2.626170171290632638e+01,2.620724840973656811e+01,2.614837021002311701e+01,2.608595672816763411e+01,2.602091233100818712e+01,2.595413473186321696e+01,2.588649499356361261e+01,2.581881953646284344e+01,2.575187463082800576e+01,2.568635372238889403e+01,2.562286780272580700e+01,2.556193890000933422e+01,2.550399663714965826e+01,2.544937768947192325e+01,2.539832787715304363e+01,2.535100655196010422e+01,2.530749288496945937e+01,2.526779363213809759e+01,2.523185194677245846e+01,2.519955681993673480e+01,2.517075275867629713e+01,2.514524935406541317e+01,2.512283044271618593e+01,2.510326262269568076e+01,2.508630294419928930e+01,2.507170565363319170e+01,2.505922792431213253e+01,2.504863455573530828e+01,2.503970166495150451e+01,2.503221942706835179e+01,2.502599394726380666e+01,2.502084836396125311e+01,2.501662329275507446e+01,2.501317672411742521e+01,2.501038348594853389e+01,2.500813437579953558e+01,2.500633505824247393e+01,2.500490481146294286e+01,2.500377519466654519e+01,2.500288869513518009e+01,2.500219740139489844e+01,2.500166173745289555e+01,2.500124928276136771e+01,2.500093369366638996e+01,2.500069373467906786e+01,2.500051242194866319e+01,2.500037627673676610e+01,2.500027468335348146e+01,2.500019934375709951e+01,2.500014381966218835e+01,2.500010315237125269e+01,2.500007355047708302e+01
2.500888314844240767e+01,2.501127278419789945e+01,2.501422134896477445e+01,2.501783592839313641e+01,2.502223801267638237e+01,2.502756395634338560e+01,2.503396506577107417e+01,2.504160721940288070e+01,2.505066992397430070e+01,2.506134471299338173e+01,2.507383280221489130e+01,2.508834193165039395e+01,2.510508234530319527e+01,2.512426188851435427e+01,2.514608023835064188e+01,2.517072232417701372e+01,2.519835104222701361e+01,2.522909941786462085e+01,2.526306242004921288e+01,2.530028868154436950e+01,2.534077242257930962e+01,2.538444591171710485e+01,2.543117282235138887e+01,2.548074285351652790e+01,2.553286797700070210e+01,2.558718064725087515e+01,2.564323426533549366e+01,2.570050612347300856e+01,2.575840297375178523e+01,2.581626926633398966e+01,2.587339799254142036e+01,2.592904395172875098e+01,2.598243914356296713e+01,2.603280987557616299e+01,2.607939507611806462e+01,2.612146522130723270e+01,2.615834122676859153e+01,2.618941262524690572e+01,2.621415435254418469e+01,2.623214149787090221e+01,2.624306143998474639e+01,2.624672288488186567e+01,2.624306143998474639e+01,2.623214149787090221e+01,2.621415435254418469e+01,2.618941262524690572e+01,2.615834122676859153e+01,2.612146522130723270e+01,2.607939507611806462e+01,2.603280987557616299e+01,2.598243914356296713e+01,2.592904395172875098e+01,2.587339799254142036e+01,2.581626926633398966e+01,2.575840297375178523e+01,2.570050612347300856e+01,2.564323426533549366e+01,2.558718064725087515e+01,2.553286797700070210e+01,2.548074285351652790e+01,2.543117282235138887e+01,2.538444591171710485e+01,2.534077242257930962e+01,2.530028868154436950e+01,2.526306242004921288e+01,2.522909941786462085e+01,2.519835104222701361e+01,2.517072232417701372e+01,2.514608023835064188e+01,2.512426188851435427e+01,2.510508234530319527e+01,2.508834193165039395e+01,2.507383280221489130e+01,2.506134471299338173e+01,2.505066992397430070e+01,2.504160721940288070e+01,2.503396506577107417e+01,2.502756395634338560e+01,2.502223801267638237e+01,2.501783592839313641e+01,2.501422134896477445e+01,2.501127278419789945e+01,2.500888314844240767e+01,2.500695901820176559e+01,2.500541968882494359e+01,2.500419610220722788e+01,2.500322970674666934e+01,2.500247129989079298e+01,2.500187989302197877e+01,2.500142162858788808e+01,2.500106877057192278e+01,2.500079878178478765e+01,2.500059349510986451e+01,2.500043838073819202e+01,2.500032190751012351e+01,2.500023499362504253e+01,2.500017054004735684e+01,2.500012303877662134e+01,2.500008824761073356e+01,2.500006292297299382e+01
2.500757660446402397e+01,2.500961476976654296e+01,2.501212965614044492e+01,2.501521259895177351e+01,2.501896721947260716e+01,2.502350981704644539e+01,2.502896944372936971e+01,2.503548758036716748e+01,2.504321733163240182e+01,2.505232206005823414e+01,2.506297338634825778e+01,2.507534849586745551e+01,2.508962670968249142e+01,2.510598530299585818e+01,2.512459458413519542e+01,2.514561228283576000e+01,2.516917733636042342e+01,2.519540320454530757e+01,2.522437088820293027e+01,2.525612186713249940e+01,2.529065121165874430e+01,2.532790115236458561e+01,2.536775541372214349e+01,2.541003462608052033e+01,2.545449312475792070e+01,2.550081742323591882e+01,2.554862660888197823e+01,2.559747485439322290e+01,2.564685616746245955e+01,2.569621141729727398e+01,2.574493758289198553e+01,2.579239906859347897e+01,2.583794083246597850e+01,2.588090297764474457e+01,2.592063637179790092e+01,2.595651879027924025e+01,2.598797102924668323e+01,2.601447240969084618e+01,2.603557509447693974e+01,2.605091666919686944e+01,2.606023049331036034e+01,2.606335340856188054e+01,2.606023049331036034e+01,2.605091666919686944e+01,2.603557509447693974e+01,2.601447240969084618e+01,2.598797102924668323e+01,2.595651879027924025e+01,2.592063637179790092e+01,2.588090297764474457e+01,2.583794083246597850e+01,2.579239906859347897e+01,2.574493758289198553e+01,2.569621141729727398e+01,2.564685616746245955e+01,2.559747485439322290e+01,2.554862660888197823e+01,2.550081742323591882e+01,2.545449312475792070e+01,2.541003462608052033e+01,2.536775541372214349e+01,2.532790115236458561e+01,2.529065121165874430e+01,2.525612186713249940e+01,2.522437088820293027e+01,2.519540320454530757e+01,2.516917733636042342e+01,2.514561228283576000e+01,2.512459458413519542e+01,2.510598530299585818e+01,2.508962670968249142e+01,2.507534849586745551e+01,2.506297338634825778e+01,2.505232206005823414e+01,2.504321733163240182e+01,2.503548758036716748e+01,2.502896944372936971e+01,2.502350981704644539e+01,2.501896721947260716e+01,2.501521259895177351e+01,2.501212965614044492e+01,2.500961476976654296e+01,2.500757660446402397e+01,2.500593547757470603e+01,2.500462255458308292e+01,2.500357893453215397e+01,2.500275467765882098e+01,2.500210781818022454e+01,2.500160339613308835e+01,2.500121253377392350e+01,2.500091157453224611e+01,2.500068129601521605e+01,2.500050620314722138e+01,2.500037390318077613e+01,2.500027456097283718e+01,2.500020043048476026e+01,2.500014545681550615e+01,2.500010494208784451e+01,2.500007526804778024e+01,2.500005366818771080e+01
2.500644267564899792e+01,2.500817580531486684e+01,2.501031430908368236e+01,2.501293585289953114e+01,2.501612854988083257e+01,2.501999129379350606e+01,2.502463382252120994e+01,2.503017644262136088e+01,2.503674934483445469e+01,2.504449144255096726e+01,2.505354867139854846e+01,2.506407169884858632e+01,2.507621300844104084e+01,2.509012334403956856e+01,2.510594752530850471e+01,2.512381967585550058e+01,2.514385793933243818e+01,2.516615879496385588e+01,2.519079112082895477e+01,2.521779018878250156e+01,2.524715180693366179e+01,2.527882685174451893e+01,2.531271644970048129e+01,2.534866807594855231e+01,2.538647283244335284e+01,2.542586414964596031e+01,2.546651812302187068e+01,2.550805564861738972e+01,2.555004646188173467e+01,2.559201511258414286e+01,2.563344882897208521e+01,2.567380713982837648e+01,2.571253303802022572e+01,2.574906538808366108e+01,2.578285220804740874e+01,2.581336439657124515e+01,2.584010943454493869e+01,2.586264456875487738e+01,2.588058898621066461e+01,2.589363451212331668e+01,2.590155441187523877e+01,2.590420994578100888e+01,2.590155441187523877e+01,2.589363451212331668e+01,2.588058898621066461e+01,2.586264456875487738e+01,2.584010943454493869e+01,2.581336439657124515e+01,2.578285220804740874e+01,2.574906538808366108e+01,2.571253303802022572e+01,2.567380713982837648e+01,2.563344882897208521e+01,2.559201511258414286e+01,2.555004646188173467e+01,2.550805564861738972e+01,2.546651812302187068e+01,2.542586414964596031e+01,2.538647283244335284e+01,2.534866807594855231e+01,2.531271644970048129e+01,2.527882685174451893e+01,2.524715180693366179e+01,2.521779018878250156e+01,2.519079112082895477e+01,2.516615879496385588e+01,2.514385793933243818e+01,2.512381967585550058e+01,2.510594752530850471e+01,2.509012334403956856e+01,2.507621300844104084e+01,2.506407169884858632e+01,2.505354867139854846e+01,2.504449144255096726e+01,2.503674934483445469e+01,2.503017644262136088e+01,2.502463382252120994e+01,2.501999129379350606e+01,2.501612854988083257e+01,2.501293585289953114e+01,2.501031430908368236e+01,2.500817580531486684e+01,2.500644267564899792e+01,2.500504716288375562e+01,2.500393073440615765e+01,2.500304330448674506e+01,2.500234240744090286e+01,2.500179235816343848e+01,2.500136342886465712e+01,2.500103106369824602e+01,2.500077514658037359e+01,2.500057933197751581e+01,2.500043044383609114e+01,2.500031794413042263e+01,2.500023346966339233e+01,2.500017043368300662e+01,2.500012368747605862e+01,2.500008923625842172e+01,2.500006400329077394e+01,2.500004563610621844e+01
2.500546187650052232e+01,2.500693116359645884e+01,2.500874411276812737e+01,2.501096656650365091e+01,2.501367322404245641e+01,2.501694792408225609e+01,2.502088369858687500e+01,2.502558253927444554e+01,2.503115481732999470e+01,2.503771829869804222e+01,2.504539670253172901e+01,2.505431775947686290e+01,2.506461073977906651e+01,2.507640343884684953e+01,2.508981862975845090e+01,2.510497001784697702e+01,2.512195776119441604e+01,2.514086365153420743e+01,2.516174608130804913e+01,2.518463495276853337e+01,2.520952671217630581e+01,2.523637971430320448e+01,2.526511013761989233e+01,2.529558867685700108e+01,2.532763823551188764e+01,2.536103282519405866e+01,2.539549785089643308e+01,2.543071192146280524e+01,2.546631027356082910e+01,2.550188983700910228e+01,2.553701590173717406e+01,2.557123027503114088e+01,2.560406074560257750e+01,2.563503160230733968e+01,2.566367489401427449e+01,2.568954206699601528e+01,2.571221558066837432e+01,2.573132008424470385e+01,2.574653273770686823e+01,2.575759228117936672e+01,2.576430649693353914e+01,2.576655776628597394e+01,2.576430649693353914e+01,2.575759228117936672e+01,2.574653273770686823e+01,2.573132008424470385e+01,2.571221558066837432e+01,2.568954206699601528e+01,2.566367489401427449e+01,2.563503160230733968e+01,2.560406074560257750e+01,2.557123027503114088e+01,2.553701590173717406e+01,2.550188983700910228e+01,2.546631027356082910e+01,2.543071192146280524e+01,2.539549785089643308e+01,2.536103282519405866e+01,2.532763823551188764e+01,2.529558867685700108e+01,2.526511013761989233e+01,2.523637971430320448e+01,2.520952671217630581e+01,2.518463495276853337e+01,2.516174608130804913e+01,2.514086365153420743e+01,2.512195776119441604e+01,2.510497001784697702e+01,2.508981862975845090e+01,2.507640343884684953e+01,2.506461073977906651e+01,2.505431775947686290e+01,2.504539670253172901e+01,2.503771829869804222e+01,2.503115481732999470e+01,2.502558253927444554e+01,2.502088369858687500e+01,2.501694792408225609e+01,2.501367322404245641e+01,2.501096656650365091e+01,2.500874411276812737e+01,2.500693116359645884e+01,2.500546187650052232e+01,2.500427880927909285e+01,2.500333234001717031e+01,2.500258000777404988e+01,2.500198581161820854e+01,2.500151949895769121e+01,2.500115586760558983e+01,2.500087409996883281e+01,2.500065714233068093e+01,2.500049113751590113e+01,2.500036491532419802e+01,2.500026954198364848e+01,2.500019792746640235e+01,2.500014448775304388e+01,2.500010485794345172e+01,2.500007565139849319e+01,2.500005425976548779e+01,2.500003868870477319e+01
2.500461637882637689e+01,2.500585822049725948e+01,2.500739052540539475e+01,2.500926894363148989e+01,2.501155661098376726e+01,2.501432438794192592e+01,2.501765090513556444e+01,2.502162236597994038e+01,2.502633205621695822e+01,2.503187951164036207e+01,2.503836929969668645e+01,2.504590937834666775e+01,2.505460900682103187e+01,2.506457619781796353e+01,2.507591471916135362e+01,2.508872067461556199e+01,2.510307871780631572e+01,2.511905797911881066e+01,2.513670781185341241e+01,2.515605348939843822e+01,2.517709200813285619e+01,2.519978816950366607e+01,2.522407112754186542e+01,2.524983159341465822e+01,2.527691988513180021e+01,2.530514499727221178e+01,2.533427484209528302e+01,2.536403777974823370e+01,2.539412551220859626e+01,2.542419736449940260e+01,2.545388591960480085e+01,2.548280391297520353e+01,2.551055223155975682e+01,2.553672880422904967e+01,2.556093811861779486e+01,2.558280105704925589e+01,2.560196471415989095e+01,2.561811184340929515e+01,2.563096958036637218e+01,2.564031710814569109e+01,2.564599196429454864e+01,2.564789473748432158e+01,2.564599196429454864e+01,2.564031710814569109e+01,2.563096958036637218e+01,2.561811184340929515e+01,2.560196471415989095e+01,2.558280105704925589e+01,2.556093811861779486e+01,2.553672880422904967e+01,2.551055223155975682e+01,2.548280391297520353e+01,2.545388591960480085e+01,2.542419736449940260e+01,2.539412551220859626e+01,2.536403777974823370e+01,2.533427484209528302e+01,2.530514499727221178e+01,2.527691988513180021e+01,2.524983159341465822e+01,2.522407112754186542e+01,2.519978816950366607e+01,2.517709200813285619e+01,2.515605348939843822e+01,2.513670781185341241e+01,2.511905797911881066e+01,2.510307871780631572e+01,2.508872067461556199e+01,2.507591471916135362e+01,2.506457619781796353e+01,2.505460900682103187e+01,2.504590937834666775e+01,2.503836929969668645e+01,2.503187951164036207e+01,2.502633205621695822e+01,2.502162236597994038e+01,2.501765090513556444e+01,2.501432438794192592e+01,2.501155661098376726e+01,2.500926894363148989e+01,2.500739052540539475e+01,2.500585822049725948e+01,2.500461637882637689e+01,2.500361645023577850e+01,2.500281649427556374e+01,2.500218062295236265e+01,2.500167840827353061e+01,2.500128428074386733e+01,2.500097693947126842e+01,2.500073878942298933e+01,2.500055541679512316e+01,2.500041510950110535e+01,2.500030842648600427e+01,2.500022781692446117e+01,2.500016728832389035e+01,2.500012212107025178e+01,2.500008862594932069e+01,2.500006394057319881e+01,2.500004586036181919e+01,2.500003269969899833e+01
2.500388995843596973e+01,2.500493638739369828e+01,2.500622757311048261e+01,2.500781040872681871e+01,2.500973809517768487e+01,2.501207034253696904e+01,2.501487340833950768e+01,2.501821993127354915e+01,2.502218851789898224e+01,2.502686304133694861e+01,2.503233161459464995e+01,2.503868520767170835e+01,2.504601588707355475e+01,2.505441466892392910e+01,2.506396899243375742e+01,2.507475983874929426e+01,2.508685854063977771e+01,2.510032335032738970e+01,2.511519585501593355e+01,2.513149735114441796e+01,2.514922530773316467e+01,2.516835006497449356e+01,2.518881192502186295e+01,2.521051879642586613e+01,2.523334455073333160e+01,2.525712823859911182e+01,2.528167429295680790e+01,2.530675381843698801e+01,2.533210702992704100e+01,2.535744686010636428e+01,2.538246370766750459e+01,2.540683124692137440e+01,2.543021316812445320e+01,2.545227066892959655e+01,2.547267047368509552e+01,2.549109312160570795e+01,2.550724123952349842e+01,2.552084750192152640e+01,2.553168198154825319e+01,2.553955860864238403e+01,2.554434048538590929e+01,2.554594384353732650e+01,2.554434048538590929e+01,2.553955860864238403e+01,2.553168198154825319e+01,2.552084750192152640e+01,2.550724123952349842e+01,2.549109312160570795e+01,2.547267047368509552e+01,2.545227066892959655e+01,2.543021316812445320e+01,2.540683124692137440e+01,2.538246370766750459e+01,2.535744686010636428e+01,2.533210702992704100e+01,2.530675381843698801e+01,2.528167429295680790e+01,2.525712823859911182e+01,2.523334455073333160e+01,2.521051879642586613e+01,2.518881192502186295e+01,2.516835006497449356e+01,2.514922530773316467e+01,2.513149735114441796e+01,2.511519585501593355e+01,2.510032335032738970e+01,2.508685854063977771e+01,2.507475983874929426e+01,2.506396899243375742e+01,2.505441466892392910e+01,2.504601588707355475e+01,2.503868520767170835e+01,2.503233161459464995e+01,2.502686304133694861e+01,2.502218851789898224e+01,2.501821993127354915e+01,2.501487340833950768e+01,2.501207034253696904e+01,2.500973809517768487e+01,2.500781040872681871e+01,2.500622757311048261e+01,2.500493638739369828e+01,2.500388995843596973e+01,2.500304737579648773e+01,2.500237329865661806e+01,2.500183748625670432e+01,2.500141429866745568e+01,2.500108218993753439e+01,2.500082321102331662e+01,2.500062253559693559e+01,2.500046801797012819e+01,2.500034978903734029e+01,2.500025989336149124e+01,2.500019196829387269e+01,2.500014096430367516e+01,2.500010290444205197e+01,2.500007468001916067e+01,2.500005387906440646e+01,2.500003864390424724e+01,2.500002755416631928e+01
2.500326792768483486e+01,2.500414702555116975e+01,2.500523174190986708e+01,2.500656147137004126e+01,2.500818090767615232e+01,2.501014021285607924e+01,2.501249504941521451e+01,2.501530644062262709e+01,2.501864042331586546e+01,2.502256745873482657e+01,2.502716157001893649e+01,2.503249918044755162e+01,2.503865763446712478e+01,2.504571339410556874e+01,2.505373991645062404e+01,2.506280523321373011e+01,2.507296927057024760e+01,2.508428096581673827e+01,2.509677525608091031e+01,2.511047003235665187e+01,2.512536316838511397e+01,2.514142974716313361e+01,2.515861961693494209e+01,2.517685541229882418e+01,2.519603117359717359e+01,2.521601168837733908e+01,2.523663266207394429e+01,2.525770180124042241e+01,2.527900086216656561e+01,2.530028868154436950e+01,2.532130516541639409e+01,2.534177616978568182e+01,2.536141916311889588e+01,2.537994951986330605e+01,2.539708725740551998e+01,2.541256399890771078e+01,2.542612992318947107e+01,2.543756045189809001e+01,2.544666242470982809e+01,2.545327952568089103e+01,2.545729674788335473e+01,2.545864371818598926e+01,2.545729674788335473e+01,2.545327952568089103e+01,2.544666242470982809e+01,2.543756045189809001e+01,2.542612992318947107e+01,2.541256399890771078e+01,2.539708725740551998e+01,2.537994951986330605e+01,2.536141916311889588e+01,2.534177616978568182e+01,2.532130516541639409e+01,2.530028868154436950e+01,2.527900086216656561e+01,2.525770180124042241e+01,2.523663266207394429e+01,2.521601168837733908e+01,2.519603117359717359e+01,2.517685541229882418e+01,2.515861961693494209e+01,2.514142974716313361e+01,2.512536316838511397e+01,2.511047003235665187e+01,2.509677525608091031e+01,2.508428096581673827e+01,2.507296927057024760e+01,2.506280523321373011e+01,2.505373991645062404e+01,2.504571339410556874e+01,2.503865763446712478e+01,2.503249918044755162e+01,2.502716157001893649e+01,2.502256745873482657e+01,2.501864042331586546e+01,2.501530644062262709e+01,2.501249504941521451e+01,2.501014021285607924e+01,2.500818090767615232e+01,2.500656147137004126e+01,2.500523174190986708e+01,2.500414702555116975e+01,2.500326792768483486e+01,2.500256007972716787e+01,2.500199379209624340e+01,2.500154365973509485e+01,2.500118814271311152e+01,2.500090914042279167e+01,2.500069157399438780e+01,2.500052298793046646e+01,2.500039317872073852e+01,2.500029385539660609e+01,2.500021833464935384e+01,2.500016127126098553e+01,2.500011842315493382e+01,2.500008644932345803e+01,2.500006273817731994e+01,2.500004526343638389e+01,2.500003246448171978e+01,2.500002314806814141e+01
2.500273705717969719e+01,2.500347334676709465e+01,2.500438185239629618e+01,2.500549556907458282e+01,2.500685193010707152e+01,2.500849294876694628e+01,2.501046524525964543e+01,2.501281992970535839e+01,2.501561231134521179e+01,2.501890140508442784e+01,2.502274920910189238e+01,2.502721973181690629e+01,2.503237775317347413e+01,2.503828731404480124e+01,2.504500993851243607e+01,2.505260260662679883e+01,2.506111550963577983e+01,2.507058963503721927e+01,2.508105424446889842e+01,2.509252432255655307e+01,2.510499808844925340e+01,2.511845467287785638e+01,2.513285207117260001e+01,2.514812548583836005e+01,2.516418617022295479e+01,2.518092087695678671e+01,2.519819200090808309e+01,2.521583848644485215e+01,2.523367754325728995e+01,2.525150718469596001e+01,2.526910956872081471e+01,2.528625508566250701e+01,2.530270710085945041e+01,2.531822722580132279e+01,2.533258096067781651e+01,2.534554352611140260e+01,2.535690568404008971e+01,2.536647933856581005e+01,2.537410270800246792e+01,2.537964486972338918e+01,2.538300949952310148e+01,2.538413765629191943e+01,2.538300949952310148e+01,2.537964486972338918e+01,2.537410270800246792e+01,2.536647933856581005e+01,2.535690568404008971e+01,2.534554352611140260e+01,2.533258096067781651e+01,2.531822722580132279e+01,2.530270710085945041e+01,2.528625508566250701e+01,2.526910956872081471e+01,2.525150718469596001e+01,2.523367754325728995e+01,2.521583848644485215e+01,2.519819200090808309e+01,2.518092087695678671e+01,2.516418617022295479e+01,2.514812548583836005e+01,2.513285207117260001e+01,2.511845467287785638e+01,2.510499808844925340e+01,2.509252432255655307e+01,2.508105424446889842e+01,2.507058963503721927e+01,2.506111550963577983e+01,2.505260260662679883e+01,2.504500993851243607e+01,2.503828731404480124e+01,2.503237775317347413e+01,2.502721973181690629e+01,2.502274920910189238e+01,2.501890140508442784e+01,2.501561231134521179e+01,2.501281992970535839e+01,2.501046524525964543e+01,2.500849294876694628e+01,2.500685193010707152e+01,2.500549556907458282e+01,2.500438185239629618e+01,2.500347334676709465e+01,2.500273705717969719e+01,2.500214419818111367e+01,2.500166990322251337e+01,2.500129289426462975e+01,2.500099513050993139e+01,2.500076145177052211e+01,2.500057922871898697e+01,2.500043802923688219e+01,2.500032930736059456e+01,2.500024611897833537e+01,2.500018286647601329e+01,2.500013507295917492e+01,2.500009918547095111e+01,2.500007240574586476e+01,2.500005254644387165e+01,2.500003791045135770e+01,2.500002719066985080e+01,2.500001938769526433e+01
2.500228548965156250e+01,2.500290030407525421e+01,2.500365892184522210e+01,2.500458889435799037e+01,2.500572147906485299e+01,2.500709175776892579e+01,2.500873865914070393e+01,2.501070486100644885e+01,2.501303654753036909e+01,2.501578299716969411e+01,2.501899597946630038e+01,2.502272894254724278e+01,2.502703597877594177e+01,2.503197056337902637e+01,2.503758407001896913e+01,2.504392407801435994e+01,2.505103249791735109e+01,2.505894355499106396e+01,2.506768168320451906e+01,2.507725939497700196e+01,2.508767520326747658e+01,2.509891168187855115e+01,2.511093375619111612e+01,2.512368731918627773e+01,2.513709826588855378e+01,2.515107203280355463e+01,2.516549371728802242e+01,2.518022883512914945e+01,2.519512475328566481e+01,2.521001280944372880e+01,2.522471110176661213e+01,2.523902790224546422e+01,2.525276561688251320e+01,2.526572518718624139e+01,2.527771080179628882e+01,2.528853476608023598e+01,2.529802236267049409e+01,2.530601652826867110e+01,2.531238217239432586e+01,2.531700997241049222e+01,2.531981949595483883e+01,2.532076152619066889e+01,2.531981949595483883e+01,2.531700997241049222e+01,2.531238217239432586e+01,2.530601652826867110e+01,2.529802236267049409e+01,2.528853476608023598e+01,2.527771080179628882e+01,2.526572518718624139e+01,2.525276561688251320e+01,2.523902790224546422e+01,2.522471110176661213e+01,2.521001280944372880e+01,2.519512475328566481e+01,2.518022883512914945e+01,2.516549371728802242e+01,2.515107203280355463e+01,2.513709826588855378e+01,2.512368731918627773e+01,2.511093375619111612e+01,2.509891168187855115e+01,2.508767520326747658e+01,2.507725939497700196e+01,2.506768168320451906e+01,2.505894355499106396e+01,2.505103249791735109e+01,2.504392407801435994e+01,2.503758407001896913e+01,2.503197056337902637e+01,2.502703597877594177e+01,2.502272894254724278e+01,2.501899597946630038e+01,2.501578299716969411e+01,2.501303654753036909e+01,2.501070486100644885e+01,2.500873865914070393e+01,2.500709175776892579e+01,2.500572147906485299e+01,2.500458889435799037e+01,2.500365892184522210e+01,2.500290030407525421e+01,2.500228548965156250e+01,2.500179044222758407e+01,2.500139439780888395e+01,2.500107958886803416e+01,2.500083095102991493e+01,2.500063582527782202e+01,2.500048366590692694e+01,2.500036576191955362e+01,2.500027497728962445e+01,2.500020551356479359e+01,2.500015269664135786e+01,2.500011278823573235e+01,2.500008282156804285e+01,2.500006046003865734e+01,2.500004387718115240e+01,2.500003165587657605e+01,2.500002270467530963e+01,2.500001618905780632e+01
2.500190264868014722e+01,2.500241447591636756e+01,2.500304601808842619e+01,2.500382021147529343e+01,2.500476307761174510e+01,2.500590382176954662e+01,2.500727485170144604e+01,2.500891169629717936e+01,2.501085280343989581e+01,2.501313919698264598e+01,2.501581397458305744e+01,2.501892163130516877e+01,2.502250719853373795e+01,2.502661519389294398e+01,2.503128838547452872e+01,2.503656638261457346e+01,2.504248407545431476e+01,2.504906995620401489e+01,2.505634436591351388e+01,2.506431772105440814e+01,2.507298878367898709e+01,2.508234304664151892e+01,2.509235131065084801e+01,2.510296853212167179e+01,2.511413301935755271e+01,2.512576604913711265e+01,2.513777196608847930e+01,2.515003881336694036e+01,2.516243952539846873e+01,2.517483369239009150e+01,2.518706988277031300e+01,2.519898848477159348e+01,2.521042500324567470e+01,2.522121372386700955e+01,2.523119163551625022e+01,2.524020248417388146e+01,2.524810081927151373e+01,2.525475588708766139e+01,2.526005522606549647e+01,2.526390782613599839e+01,2.526624672811257710e+01,2.526703095944070299e+01,2.526624672811257710e+01,2.526390782613599839e+01,2.526005522606549647e+01,2.525475588708766139e+01,2.524810081927151373e+01,2.524020248417388146e+01,2.523119163551625022e+01,2.522121372386700955e+01,2.521042500324567470e+01,2.519898848477159348e+01,2.518706988277031300e+01,2.517483369239009150e+01,2.516243952539846873e+01,2.515003881336694036e+01,2.513777196608847930e+01,2.512576604913711265e+01,2.511413301935755271e+01,2.510296853212167179e+01,2.509235131065084801e+01,2.508234304664151892e+01,2.507298878367898709e+01,2.506431772105440814e+01,2.505634436591351388e+01,2.504906995620401489e+01,2.504248407545431476e+01,2.503656638261457346e+01,2.503128838547452872e+01,2.502661519389294398e+01,2.502250719853373795e+01,2.501892163130516877e+01,2.501581397458305744e+01,2.501313919698264598e+01,2.501085280343989581e+01,2.500891169629717936e+01,2.500727485170144604e+01,2.500590382176954662e+01,2.500476307761174510e+01,2.500382021147529343e+01,2.500304601808842619e+01,2.500241447591636756e+01,2.500190264868014722e+01,2.500149052634688474e+01,2.500116082308614196e+01,2.500089874759811792e+01,2.500069175893194284e+01,2.500052931857504745e+01,2.500040264732715656e+01,2.500030449336448157e+01,2.500022891601229347e+01,2.500017108811345423e+01,2.500012711852050984e+01,2.500009389514746161e+01,2.500006894817791547e+01,2.500005033241462016e+01,2.500003652734141824e+01,2.500002635322008260e+01,2.500001890142905836e+01,2.500001347723864953e+01
2.500157914462082687e+01,2.500200394675865923e+01,2.500252810890916066e+01,2.500317066753551387e+01,2.500395321977601526e+01,2.500490000518065870e+01,2.500603792126813829e+01,2.500739645601259653e+01,2.500900752007022021e+01,2.501090516207938563e+01,2.501312515187764518e+01,2.501570441911037079e+01,2.501868033855398110e+01,2.502208985857812706e+01,2.502596847548998937e+01,2.503034906391885173e+01,2.503526058169567037e+01,2.504072667654954998e+01,2.504676423097686566e+01,2.505338189035458640e+01,2.506057862722111196e+01,2.506834240105556333e+01,2.507664897727168807e+01,2.508546097096695959e+01,2.509472717977723022e+01,2.510438226565409181e+01,2.511434683734284690e+01,2.512452797382716696e+01,2.513482021427246949e+01,2.514510702251966379e+01,2.515526271464504759e+01,2.516515481739343230e+01,2.517464680444168579e+01,2.518360113758398100e+01,2.519188252219922575e+01,2.519936127186817743e+01,2.520591666673064779e+01,2.521144018489390959e+01,2.521583848644485215e+01,2.521903603559883322e+01,2.522097725812377789e+01,2.522162814795762742e+01,2.522097725812377789e+01,2.521903603559883322e+01,2.521583848644485215e+01,2.521144018489390959e+01,2.520591666673064779e+01,2.519936127186817743e+01,2.519188252219922575e+01,2.518360113758398100e+01,2.517464680444168579e+01,2.516515481739343230e+01,2.515526271464504759e+01,2.514510702251966379e+01,2.513482021427246949e+01,2.512452797382716696e+01,2.511434683734284690e+01,2.510438226565409181e+01,2.509472717977723022e+01,2.508546097096695959e+01,2.507664897727168807e+01,2.506834240105556333e+01,2.506057862722111196e+01,2.505338189035458640e+01,2.504676423097686566e+01,2.504072667654954998e+01,2.503526058169567037e+01,2.503034906391885173e+01,2.502596847548998937e+01,2.502208985857812706e+01,2.501868033855398110e+01,2.501570441911037079e+01,2.501312515187764518e+01,2.501090516207938563e+01,2.500900752007022021e+01,2.500739645601259653e+01,2.500603792126813829e+01,2.500490000518065870e+01,2.500395321977601526e+01,2.500317066753551387e+01,2.500252810890916066e+01,2.500200394675865923e+01,2.500157914462082687e+01,2.500123709473401235e+01,2.500096345034758372e+01,2.500074593510082011e+01,2.500057414035901004e+01,2.500043931945461750e+01,2.500033418589958600e+01,2.500025272088516104e+01,2.500018999381925155e+01,2.500014199829788097e+01,2.500010550477866289e+01,2.500007793031818437e+01,2.500005722503865613e+01,2.500004177448134612e+01,2.500003031666082975e+01,2.500002187242772322e+01,2.500001568765181403e+01,2.500001118572710723e+01
2.500130667975520637e+01,2.500165818673319507e+01,2.500209191019428090e+01,2.500262360205930534e+01,2.500327113310653715e+01,2.500405456060548559e+01,2.500499614118969660e+01,2.500612027499220957e+01,2.500745336681968922e+01,2.500902359057456081e+01,2.501086054438353656e+01,2.501299478606844318e+01,2.501545724177946894e+01,2.501827848483204164e+01,2.502148788701730453e+01,2.502511265079155578e+01,2.502917673761530892e+01,2.503369971504967495e+01,2.503869555269308478e+01,2.504417140425327304e+01,2.505012641954636265e+01,2.505655063551725803e+01,2.506342399900374929e+01,2.507071557547670082e+01,2.507838299700364360e+01,2.508637219893212489e+01,2.509461748813696857e+01,2.510304197615002764e+01,2.511155839829921632e+01,2.512007032551918684e+01,2.512847375933095861e+01,2.513665908335211086e+01,2.514451332744669543e+01,2.515192268418583410e+01,2.515877520261834022e+01,2.516496357235837777e+01,2.517038790249330660e+01,2.517495839544642777e+01,2.517859781612905579e+01,2.518124366166509986e+01,2.518284994657418352e+01,2.518338853218410378e+01,2.518284994657418352e+01,2.518124366166509986e+01,2.517859781612905579e+01,2.517495839544642777e+01,2.517038790249330660e+01,2.516496357235837777e+01,2.515877520261834022e+01,2.515192268418583410e+01,2.514451332744669543e+01,2.513665908335211086e+01,2.512847375933095861e+01,2.512007032551918684e+01,2.511155839829921632e+01,2.510304197615002764e+01,2.509461748813696857e+01,2.508637219893212489e+01,2.507838299700364360e+01,2.507071557547670082e+01,2.506342399900374929e+01,2.505655063551725803e+01,2.505012641954636265e+01,2.504417140425327304e+01,2.503869555269308478e+01,2.503369971504967495e+01,2.502917673761530892e+01,2.502511265079155578e+01,2.502148788701730453e+01,2.501827848483204164e+01,2.501545724177946894e+01,2.501299478606844318e+01,2.501086054438353656e+01,2.500902359057456081e+01,2.500745336681968922e+01,2.500612027499220957e+01,2.500499614118969660e+01,2.500405456060548559e+01,2.500327113310653715e+01,2.500262360205930534e+01,2.500209191019428090e+01,2.500165818673319507e+01,2.500130667975520637e+01,2.500102364699400326e+01,2.500079721708051750e+01,2.500061723181150342e+01,2.500047507845314954e+01,2.500036351948380542e+01,2.500027652562260982e+01,2.500020911654322475e+01,2.500015721237558353e+01,2.500011749797875993e+01,2.500008730103407473e+01,2.500006448425796179e+01,2.500004735145756740e+01,2.500003456673210422e+01,2.500002508583851579e+01,2.500001809856939161e+01,2.500001298091179436e+01,2.500000925574704524e+01
2.500107795436589697e+01,2.500136793244205435e+01,2.500172573556604405e+01,2.500216435839228168e+01,2.500269854354104382e+01,2.500334483739345259e+01,2.500412160071097389e+01,2.500504896254959064e+01,2.500614870573444648e+01,2.500744407251827894e+01,2.500895948007735825e+01,2.501072013729498167e+01,2.501275155690943208e+01,2.501507896058555147e+01,2.501772657878254336e+01,2.502071685235205223e+01,2.502406954846415843e+01,2.502780080951171371e+01,2.503192215981011515e+01,2.503643950085928083e+01,2.504135213129424287e+01,2.504665183202481771e+01,2.505232206005823414e+01,2.505833729574392876e+01,2.506466258736738695e+01,2.507125333392524169e+01,2.507805534142634230e+01,2.508500518020508352e+01,2.509203086067573096e+01,2.509905283302390089e+01,2.510598530299585818e+01,2.511273784181015500e+01,2.511921725398352834e+01,2.512532965330220236e+01,2.513098268506632138e+01,2.513608782284203258e+01,2.514056266094044290e+01,2.514433312023889755e+01,2.514733548512482386e+01,2.514951819342477535e+01,2.515084330910344335e+01,2.515128761897149445e+01,2.515084330910344335e+01,2.514951819342477535e+01,2.514733548512482386e+01,2.514433312023889755e+01,2.514056266094044290e+01,2.513608782284203258e+01,2.513098268506632138e+01,2.512532965330220236e+01,2.511921725398352834e+01,2.511273784181015500e+01,2.510598530299585818e+01,2.509905283302390089e+01,2.509203086067573096e+01,2.508500518020508352e+01,2.507805534142634230e+01,2.507125333392524169e+01,2.506466258736738695e+01,2.505833729574392876e+01,2.505232206005823414e+01,2.504665183202481771e+01,2.504135213129424287e+01,2.503643950085928083e+01,2.503192215981011515e+01,2.502780080951171371e+01,2.502406954846415843e+01,2.502071685235205223e+01,2.501772657878254336e+01,2.501507896058555147e+01,2.501275155690943208e+01,2.501072013729498167e+01,2.500895948007735825e+01,2.500744407251827894e+01,2.500614870573444648e+01,2.500504896254959064e+01,2.500412160071097389e+01,2.500334483739345259e+01,2.500269854354104382e+01,2.500216435839228168e+01,2.500172573556604405e+01,2.500136793244205435e+01,2.500107795436589697e+01,2.500084446456136433e+01,2.500065766966166692e+01,2.500050918958783086e+01,2.500039191920642878e+01,2.500029988787466451e+01,2.500022812169622100e+01,2.500017251211695068e+01,2.500012969342025571e+01,2.500009693075804051e+01,2.500007201958280589e+01,2.500005319672790804e+01,2.500003906290750422e+01,2.500002851606113552e+01,2.500002069473338295e+01,2.500001493053811785e+01,2.500001070869161879e+01,2.500000763559157946e+01
2.500088657513176571e+01,2.500112507071117918e+01,2.500141934972876712e+01,2.500178009977743798e+01,2.500221944608339797e+01,2.500275099739529594e+01,2.500338985471836040e+01,2.500415257341061093e+01,2.500505706899026492e+01,2.500612245729740479e+01,2.500736882050059151e+01,2.500881689191631452e+01,2.501048765476985025e+01,2.501240185289001516e+01,2.501457941487790748e+01,2.501703879745269177e+01,2.501979625833544674e+01,2.502286507401034044e+01,2.502625472277419050e+01,2.502997005837892175e+01,2.503401050397938121e+01,2.503836929969668645e+01,2.504303283956896564e+01,2.504798013468586149e+01,2.505318243863483119e+01,2.505860306884220989e+01,2.506419745287861645e+01,2.506991342233515141e+01,2.507569176860477000e+01,2.508146706508927437e+01,2.508716874938435026e+01,2.509272244736862945e+01,2.509805150941717500e+01,2.510307871780631572e+01,2.510772811442244645e+01,2.511192688975038934e+01,2.511560726834732549e+01,2.511870832304416012e+01,2.512117765025183758e+01,2.512297284210768566e+01,2.512406269771251033e+01,2.512442812512973234e+01,2.512406269771251033e+01,2.512297284210768566e+01,2.512117765025183758e+01,2.511870832304416012e+01,2.511560726834732549e+01,2.511192688975038934e+01,2.510772811442244645e+01,2.510307871780631572e+01,2.509805150941717500e+01,2.509272244736862945e+01,2.508716874938435026e+01,2.508146706508927437e+01,2.507569176860477000e+01,2.506991342233515141e+01,2.506419745287861645e+01,2.505860306884220989e+01,2.505318243863483119e+01,2.504798013468586149e+01,2.504303283956896564e+01,2.503836929969668645e+01,2.503401050397938121e+01,2.502997005837892175e+01,2.502625472277419050e+01,2.502286507401034044e+01,2.501979625833544674e+01,2.501703879745269177e+01,2.501457941487790748e+01,2.501240185289001516e+01,2.501048765476985025e+01,2.500881689191631452e+01,2.500736882050059151e+01,2.500612245729740479e+01,2.500505706899026492e+01,2.500415257341061093e+01,2.500338985471836040e+01,2.500275099739529594e+01,2.500221944608339797e+01,2.500178009977743798e+01,2.500141934972876712e+01,2.500112507071117918e+01,2.500088657513176571e+01,2.500069453893731364e+01,2.500054090746825253e+01,2.500041878843873633e+01,2.500032233815555927e+01,2.500024664599950341e+01,2.500018762113618465e+01,2.500014188444117380e+01,2.500010666774474899e+01,2.500007972174175563e+01,2.500005923327845281e+01,2.500004375221952557e+01,2.500003212770731764e+01,2.500002345334038267e+01,2.500001702060546904e+01,2.500001227978124163e+01,2.500000880747829513e+01,2.500000627997420466e+01
2.500072696695635344e+01,2.500092252669997706e+01,2.500116382731181375e+01,2.500145963232087709e+01,2.500181988407550548e+01,2.500225574137119366e+01,2.500277958661233768e+01,2.500340499473218614e+01,2.500414665595751984e+01,2.500502024474568685e+01,2.500604222791650599e+01,2.500722960621300217e+01,2.500859958529645155e+01,2.501016917452968968e+01,2.501195471481148758e+01,2.501397134013836876e+01,2.501623238138956040e+01,2.501874872491291768e+01,2.502152814264828606e+01,2.502457461453727916e+01,2.502788766758291672e+01,2.503146175887247082e+01,2.503528573189552731e+01,2.503934237632920912e+01,2.504360812091453070e+01,2.504805288696107013e+01,2.505264012631609916e+01,2.505732706233488116e+01,2.506206514560597043e+01,2.506680072813807314e+01,2.507147595072166624e+01,2.507602982864524321e+01,2.508039951134764323e+01,2.508452168244253144e+01,2.508833405838880992e+01,2.509177693740853954e+01,2.509479474552313860e+01,2.509733752414806673e+01,2.509936230379740252e+01,2.510083431120293440e+01,2.510172796249487348e+01,2.510202760281609358e+01,2.510172796249487348e+01,2.510083431120293440e+01,2.509936230379740252e+01,2.509733752414806673e+01,2.509479474552313860e+01,2.509177693740853954e+01,2.508833405838880992e+01,2.508452168244253144e+01,2.508039951134764323e+01,2.507602982864524321e+01,2.507147595072166624e+01,2.506680072813807314e+01,2.506206514560597043e+01,2.505732706233488116e+01,2.505264012631609916e+01,2.504805288696107013e+01,2.504360812091453070e+01,2.503934237632920912e+01,2.503528573189552731e+01,2.503146175887247082e+01,2.502788766758291672e+01,2.502457461453727916e+01,2.502152814264828606e+01,2.501874872491291768e+01,2.501623238138956040e+01,2.501397134013836876e+01,2.501195471481148758e+01,2.501016917452968968e+01,2.500859958529645155e+01,2.500722960621300217e+01,2.500604222791650599e+01,2.500502024474568685e+01,2.500414665595751984e+01,2.500340499473218614e+01,2.500277958661233768e+01,2.500225574137119366e+01,2.500181988407550548e+01,2.500145963232087709e+01,2.500116382731181375e+01,2.500092252669997706e+01,2.500072696695635344e+01,2.500056950261657107e+01,2.500044352908374634e+01,2.500034339487513080e+01,2.500026430832477331e+01,2.500020224286146941e+01,2.500015384411476660e+01,2.500011634129659299e+01,2.500008746458474107e+01,2.500006536961153358e+01,2.500004856964131861e+01,2.500003587560345508e+01,2.500002634382667210e+01,2.500001923108698065e+01,2.500001395642321711e+01,2.500001006907917045e+01,2.500000722188730506e+01,2.500000514940423102e+01
2.500059428908313919e+01,2.500075415745090979e+01,2.500095141857552505e+01,2.500119323656475956e+01,2.500148773920079748e+01,2.500184404870065791e+01,2.500227228757086451e+01,2.500278355319976598e+01,2.500338985471836040e+01,2.500410400585744952e+01,2.500493946809718437e+01,2.500591013939523322e+01,2.500703008522813064e+01,2.500831321060016421e+01,2.500977287405213190e+01,2.501142144749287866e+01,2.501326982879875160e+01,2.501532691746322001e+01,2.501759906697864722e+01,2.502008953091224797e+01,2.502279792259315272e+01,2.502571971073903967e+01,2.502884577500091368e+01,2.503216204609142181e+01,2.503564925471398794e+01,2.503928281180413862e+01,2.504303283956896564e+01,2.504686436847820730e+01,2.505073770981566739e+01,2.505460900682103187e+01,2.505843096010018556e+01,2.506215371518867840e+01,2.506572589230638215e+01,2.506909573086522514e+01,2.507221231461898725e+01,2.507502683789010689e+01,2.507749386944063374e+01,2.507957256856777661e+01,2.508122780809530283e+01,2.508243116118275751e+01,2.508316171324195665e+01,2.508340666656508944e+01,2.508316171324195665e+01,2.508243116118275751e+01,2.508122780809530283e+01,2.507957256856777661e+01,2.507749386944063374e+01,2.507502683789010689e+01,2.507221231461898725e+01,2.506909573086522514e+01,2.506572589230638215e+01,2.506215371518867840e+01,2.505843096010018556e+01,2.505460900682103187e+01,2.505073770981566739e+01,2.504686436847820730e+01,2.504303283956896564e+01,2.503928281180413862e+01,2.503564925471398794e+01,2.503216204609142181e+01,2.502884577500091368e+01,2.502571971073903967e+01,2.502279792259315272e+01,2.502008953091224797e+01,2.501759906697864722e+01,2.501532691746322001e+01,2.501326982879875160e+01,2.501142144749287866e+01,2.500977287405213190e+01,2.500831321060016421e+01,2.500703008522813064e+01,2.500591013939523322e+01,2.500493946809718437e+01,2.500410400585744952e+01,2.500338985471836040e+01,2.500278355319976598e+01,2.500227228757086451e+01,2.500184404870065791e+01,2.500148773920079748e+01,2.500119323656475956e+01,2.500095141857552505e+01,2.500075415745090979e+01,2.500059428908313919e+01,2.500046556337243331e+01,2.500036258111902043e+01,2.500028072228553455e+01,2.500021606972727284e+01,2.500016533175774214e+01,2.500012576620864380e+01,2.500009510798513901e+01,2.500007150152757163e+01,2.500005343908160427e+01,2.500003970525393981e+01,2.500002932798980737e+01,2.500002153584624764e+01,2.500001572124420335e+01,2.500001140925304099e+01,2.500000823138352501e+01,2.500000590382925836e+01,2.500000420959259628e+01
2.500048435611859432e+01,2.500061465166717056e+01,2.500077542297423250e+01,2.500097250891438350e+01,2.500121253377392350e+01,2.500150293232114151e+01,2.500185195457796539e+01,2.500226864511227376e+01,2.500276279157831993e+01,2.500334483739345259e+01,2.500402575390218729e+01,2.500481686818594795e+01,2.500572964385699493e+01,2.500677541373987012e+01,2.500796506528170227e+01,2.500930868180711641e+01,2.501081514527816907e+01,2.501249170893951757e+01,2.501434355099986107e+01,2.501637332317405082e+01,2.501858071031848141e+01,2.502096201935788145e+01,2.502350981704644539e+01,2.502621263666602047e+01,2.502905477339892570e+01,2.503201618672252593e+01,2.503507252570691222e+01,2.503819528956614704e+01,2.504135213129424287e+01,2.504450730685550397e+01,2.504762226640677980e+01,2.505065637767736675e+01,2.505356776523731810e+01,2.505631424329144963e+01,2.505885431419814324e+01,2.506114820046657954e+01,2.506315887483393112e+01,2.506485305140475006e+01,2.506620210090884626e+01,2.506718285496823384e+01,2.506777826782346352e+01,2.506797790911622315e+01,2.506777826782346352e+01,2.506718285496823384e+01,2.506620210090884626e+01,2.506485305140475006e+01,2.506315887483393112e+01,2.506114820046657954e+01,2.505885431419814324e+01,2.505631424329144963e+01,2.505356776523731810e+01,2.505065637767736675e+01,2.504762226640677980e+01,2.504450730685550397e+01,2.504135213129424287e+01,2.503819528956614704e+01,2.503507252570691222e+01,2.503201618672252593e+01,2.502905477339892570e+01,2.502621263666602047e+01,2.502350981704644539e+01,2.502096201935788145e+01,2.501858071031848141e+01,2.501637332317405082e+01,2.501434355099986107e+01,2.501249170893951757e+01,2.501081514527816907e+01,2.500930868180711641e+01,2.500796506528170227e+01,2.500677541373987012e+01,2.500572964385699493e+01,2.500481686818594795e+01,2.500402575390218729e+01,2.500334483739345259e+01,2.500276279157831993e+01,2.500226864511227376e+01,2.500185195457796539e+01,2.500150293232114151e+01,2.500121253377392350e+01,2.500097250891438350e+01,2.500077542297423250e+01,2.500061465166717056e+01,2.500048435611859432e+01,2.500037944238659193e+01,2.500029551002780792e+01,2.500022879363003980e+01,2.500017610065104279e+01,2.500013474830807425e+01,2.500010250168545411e+01,2.500007751469080830e+01,2.500005827501017563e+01,2.500004355379710219e+01,2.500003236048453914e+01,2.500002390283064457e+01,2.500001755209576615e+01,2.500001281309221213e+01,2.500000929874311240e+01,2.500000670872322672e+01,2.500000481172531153e+01,2.500000343089245547e+01
2.500039356437909177e+01,2.500049943624630799e+01,2.500063007124235881e+01,2.500079021375462318e+01,2.500098524635808417e+01,2.500122121018621968e+01,2.500150480880823167e+01,2.500184339140296430e+01,2.500224491094535040e+01,2.500271785325172402e+01,2.500327113310653715e+01,2.500391395434885311e+01,2.500465563175610484e+01,2.500550537383393745e+01,2.500647202719583362e+01,2.500756378506418898e+01,2.500878786449221280e+01,2.501015015911605133e+01,2.501165487649790009e+01,2.501330417129311812e+01,2.501509778743124812e+01,2.501703272409775636e+01,2.501910294139625535e+01,2.502129912202562423e+01,2.502360850500982892e+01,2.502601480638848486e+01,2.502849823977252797e+01,2.503103564680038318e+01,2.503360074385792089e+01,2.503616448706879183e+01,2.503869555269308478e+01,2.504116092491088352e+01,2.504352657777111801e+01,2.504575823313493999e+01,2.504782217202383165e+01,2.504968607317070450e+01,2.505131985001084516e+01,2.505269645603391027e+01,2.505379262847823085e+01,2.505458954183930231e+01,2.505507334555660037e+01,2.505523556442492605e+01,2.505507334555660037e+01,2.505458954183930231e+01,2.505379262847823085e+01,2.505269645603391027e+01,2.505131985001084516e+01,2.504968607317070450e+01,2.504782217202383165e+01,2.504575823313493999e+01,2.504352657777111801e+01,2.504116092491088352e+01,2.503869555269308478e+01,2.503616448706879183e+01,2.503360074385792089e+01,2.503103564680038318e+01,2.502849823977252797e+01,2.502601480638848486e+01,2.502360850500982892e+01,2.502129912202562423e+01,2.501910294139625535e+01,2.501703272409775636e+01,2.501509778743124812e+01,2.501330417129311812e+01,2.501165487649790009e+01,2.501015015911605133e+01,2.500878786449221280e+01,2.500756378506418898e+01,2.500647202719583362e+01,2.500550537383393745e+01,2.500465563175610484e+01,2.500391395434885311e+01,2.500327113310653715e+01,2.500271785325172402e+01,2.500224491094535040e+01,2.500184339140296430e+01,2.500150480880823167e+01,2.500122121018621968e+01,2.500098524635808417e+01,2.500079021375462318e+01,2.500063007124235881e+01,2.500049943624630799e+01,2.500039356437909177e+01,2.500030831654963492e+01,2.500024011717028927e+01,2.500018590664903329e+01,2.500014309088029307e+01,2.500010948996444071e+01,2.500008328791697565e+01,2.500006298469243404e+01,2.500004735145756740e+01,2.500003538971111539e+01,2.500002629456615821e+01,2.500001942228525564e+01,2.500001426198494414e+01,2.500001041129963397e+01,2.500000755570936306e+01,2.500000545118434658e+01,2.500000390977549714e+01,2.500000278777743645e+01
2.500031882380035597e+01,2.500040458987281866e+01,2.500051041638587179e+01,2.500064014673514023e+01,2.500079814130764433e+01,2.500098929398413006e+01,2.500121903527996281e+01,2.500149331871444502e+01,2.500181858693794368e+01,2.500220171425199567e+01,2.500264992246224693e+01,2.500317066753551387e+01,2.500377149530901022e+01,2.500445986552991684e+01,2.500524294477905940e+01,2.500612737032961164e+01,2.500711898866682148e+01,2.500822257418484895e+01,2.500944153540092785e+01,2.501077761778656239e+01,2.501223061390084013e+01,2.501379809280451383e+01,2.501547516161900475e+01,2.501725427246267230e+01,2.501912508775647837e+01,2.502107441597595283e+01,2.502308622830322093e+01,2.502514176430863557e+01,2.502721973181690629e+01,2.502929660258329392e+01,2.503134700146123137e+01,2.503334418256177685e+01,2.503526058169567037e+01,2.503706843037806351e+01,2.503874041309605758e+01,2.504025034661317051e+01,2.504157385800998270e+01,2.504268903709422744e+01,2.504357703886245190e+01,2.504422261290275742e+01,2.504461453897119583e+01,2.504474595136224835e+01,2.504461453897119583e+01,2.504422261290275742e+01,2.504357703886245190e+01,2.504268903709422744e+01,2.504157385800998270e+01,2.504025034661317051e+01,2.503874041309605758e+01,2.503706843037806351e+01,2.503526058169567037e+01,2.503334418256177685e+01,2.503134700146123137e+01,2.502929660258329392e+01,2.502721973181690629e+01,2.502514176430863557e+01,2.502308622830322093e+01,2.502107441597595283e+01,2.501912508775647837e+01,2.501725427246267230e+01,2.501547516161900475e+01,2.501379809280451383e+01,2.501223061390084013e+01,2.501077761778656239e+01,2.500944153540092785e+01,2.500822257418484895e+01,2.500711898866682148e+01,2.500612737032961164e+01,2.500524294477905940e+01,2.500445986552991684e+01,2.500377149530901022e+01,2.500317066753551387e+01,2.500264992246224693e+01,2.500220171425199567e+01,2.500181858693794368e+01,2.500149331871444502e+01,2.500121903527996281e+01,2.500098929398413006e+01,2.500079814130764433e+01,2.500064014673514023e+01,2.500051041638587179e+01,2.500040458987281866e+01,2.500031882380035597e+01,2.500024976511922503e+01,2.500019451727043673e+01,2.500015060169950587e+01,2.500011591693932544e+01,2.500008869706817549e+01,2.500006747096949056e+01,2.500005102346673880e+01,2.500003835909054573e+01,2.500002866896190312e+01,2.500002130104744325e+01,2.500001573385988607e+01,2.500001155353604787e+01,2.500000843412232499e+01,2.500000612082826024e+01,2.500000441596699829e+01,2.500000316728227645e+01,2.500000225835935552e+01
2.500025749549802612e+01,2.500032676378200946e+01,2.500041223372074128e+01,2.500051700940203148e+01,2.500064461245766267e+01,2.500079899539136008e+01,2.500098454411552140e+01,2.500120606694249759e+01,2.500146876722745048e+01,2.500177819694514980e+01,2.500214018872929600e+01,2.500256076433198515e+01,2.500304601808842619e+01,2.500360197480389957e+01,2.500423442251021200e+01,2.500494872174808236e+01,2.500574959438465683e+01,2.500664089642127763e+01,2.500762538071969132e+01,2.500870445699603195e+01,2.500987795771229116e+01,2.501114391953979421e+01,2.501249839078420578e+01,2.501393527545914353e+01,2.501544622450140309e+01,2.501702058388152139e+01,2.501864540805264880e+01,2.502030554530350059e+01,2.502198379917862425e+01,2.502366116727891665e+01,2.502531715556975911e+01,2.502693016294738726e+01,2.502847792741431832e+01,2.502993802197536866e+01,2.503128838547452872e+01,2.503250787122981080e+01,2.503357679464734531e+01,2.503447746013520359e+01,2.503519464767673597e+01,2.503571604039847287e+01,2.503603257635993629e+01,2.503613871052885287e+01,2.503603257635993629e+01,2.503571604039847287e+01,2.503519464767673597e+01,2.503447746013520359e+01,2.503357679464734531e+01,2.503250787122981080e+01,2.503128838547452872e+01,2.502993802197536866e+01,2.502847792741431832e+01,2.502693016294738726e+01,2.502531715556975911e+01,2.502366116727891665e+01,2.502198379917862425e+01,2.502030554530350059e+01,2.501864540805264880e+01,2.501702058388152139e+01,2.501544622450140309e+01,2.501393527545914353e+01,2.501249839078420578e+01,2.501114391953979421e+01,2.500987795771229116e+01,2.500870445699603195e+01,2.500762538071969132e+01,2.500664089642127763e+01,2.500574959438465683e+01,2.500494872174808236e+01,2.500423442251021200e+01,2.500360197480389957e+01,2.500304601808842619e+01,2.500256076433198515e+01,2.500214018872929600e+01,2.500177819694514980e+01,2.500146876722745048e+01,2.500120606694249759e+01,2.500098454411552140e+01,2.500079899539136008e+01,2.500064461245766267e+01,2.500051700940203148e+01,2.500041223372074128e+01,2.500032676378200946e+01,2.500025749549802612e+01,2.500020172080532888e+01,2.500015710032115024e+01,2.500012163226075046e+01,2.500009361939098440e+01,2.500007163547927647e+01,2.500005449239006694e+01,2.500004120869572688e+01,2.500003098041336003e+01,2.500002315425829380e+01,2.500001720362097757e+01,2.500001270732637693e+01,2.500000933112118773e+01,2.500000681175158945e+01,2.500000494343809621e+01,2.500000356652050471e+01,2.500000255803025340e+01,2.500000182394591164e+01
2.500020733494345393e+01,2.500026310964962306e+01,2.500033192990104425e+01,2.500041629510401719e+01,2.500051904087055021e+01,2.500064334975002112e+01,2.500079275327173889e+01,2.500097112308075253e+01,2.500118264890991426e+01,2.500143180120000608e+01,2.500172327637790914e+01,2.500206192314831810e+01,2.500245264865973027e+01,2.500290030407525421e+01,2.500340954990840814e+01,2.500398470245758631e+01,2.500462956376230750e+01,2.500534723866839215e+01,2.500613994377549787e+01,2.500700881418469379e+01,2.500795371499465958e+01,2.500897306533643416e+01,2.501006368331236374e+01,2.501122066044443315e+01,2.501243727408093775e+01,2.501370494561520985e+01,2.501501325131462750e+01,2.501634999104665269e+01,2.501770131825417565e+01,2.501905193223729285e+01,2.502038533123367614e+01,2.502168412207076997e+01,2.502293037942551734e+01,2.502410604511898029e+01,2.502519335554532276e+01,2.502617528343163755e+01,2.502703597877594177e+01,2.502776119311726433e+01,2.502833867132371282e+01,2.502875849586941470e+01,2.502901337009507543e+01,2.502909882915000495e+01,2.502901337009507543e+01,2.502875849586941470e+01,2.502833867132371282e+01,2.502776119311726433e+01,2.502703597877594177e+01,2.502617528343163755e+01,2.502519335554532276e+01,2.502410604511898029e+01,2.502293037942551734e+01,2.502168412207076997e+01,2.502038533123367614e+01,2.501905193223729285e+01,2.501770131825417565e+01,2.501634999104665269e+01,2.501501325131462750e+01,2.501370494561520985e+01,2.501243727408093775e+01,2.501122066044443315e+01,2.501006368331236374e+01,2.500897306533643416e+01,2.500795371499465958e+01,2.500700881418469379e+01,2.500613994377549787e+01,2.500534723866839215e+01,2.500462956376230750e+01,2.500398470245758631e+01,2.500340954990840814e+01,2.500290030407525421e+01,2.500245264865973027e+01,2.500206192314831810e+01,2.500172327637790914e+01,2.500143180120000608e+01,2.500118264890991426e+01,2.500097112308075253e+01,2.500079275327173889e+01,2.500064334975002112e+01,2.500051904087055021e+01,2.500041629510401719e+01,2.500033192990104425e+01,2.500026310964962306e+01,2.500020733494345393e+01,2.500016242525436994e+01,2.500012649691529276e+01,2.500009793809250169e+01,2.500007538217671765e+01,2.500005768076785273e+01,2.500004387718115240e+01,2.500003318117273210e+01,2.500002494537691433e+01,2.500001864376996963e+01,2.500001385232677720e+01,2.500001023191790139e+01,2.500000751340314054e+01,2.500000548481096274e+01,2.500000398044807071e+01,2.500000287175633318e+01,2.500000205972167322e+01,2.500000146863818884e+01
2.500016644061850712e+01,2.500021121443442595e+01,2.500026646071863468e+01,2.500033418589958600e+01,2.500041666629891424e+01,2.500051645674638934e+01,2.500063639221962575e+01,2.500077958072823492e+01,2.500094938563062641e+01,2.500114939562688932e+01,2.500138338083015910e+01,2.500165523359642705e+01,2.500196889319814275e+01,2.500232825396481573e+01,2.500273705717969719e+01,2.500319876780322659e+01,2.500371643796832544e+01,2.500429256012730406e+01,2.500492891368219261e+01,2.500562640984901819e+01,2.500638494033412584e+01,2.500720323607595219e+01,2.500807874276789633e+01,2.500900752007022021e+01,2.500998417129345341e+01,2.501100180985795163e+01,2.501205206798703884e+01,2.501312515187764518e+01,2.501420994603958192e+01,2.501529416765205482e+01,2.501636456972695655e+01,2.501740718968592248e+01,2.501840763776036169e+01,2.501935141753002867e+01,2.502022426904677488e+01,2.502101252346257354e+01,2.502170345699777343e+01,2.502228563152903718e+01,2.502274920910189238e+01,2.502308622830322093e+01,2.502329083165205148e+01,2.502335943493581638e+01,2.502329083165205148e+01,2.502308622830322093e+01,2.502274920910189238e+01,2.502228563152903718e+01,2.502170345699777343e+01,2.502101252346257354e+01,2.502022426904677488e+01,2.501935141753002867e+01,2.501840763776036169e+01,2.501740718968592248e+01,2.501636456972695655e+01,2.501529416765205482e+01,2.501420994603958192e+01,2.501312515187764518e+01,2.501205206798703884e+01,2.501100180985795163e+01,2.500998417129345341e+01,2.500900752007022021e+01,2.500807874276789633e+01,2.500720323607595219e+01,2.500638494033412584e+01,2.500562640984901819e+01,2.500492891368219261e+01,2.500429256012730406e+01,2.500371643796832544e+01,2.500319876780322659e+01,2.500273705717969719e+01,2.500232825396481573e+01,2.500196889319814275e+01,2.500165523359642705e+01,2.500138338083015910e+01,2.500114939562688932e+01,2.500094938563062641e+01,2.500077958072823492e+01,2.500063639221962575e+01,2.500051645674638934e+01,2.500041666629891424e+01,2.500033418589958600e+01,2.500026646071863468e+01,2.500021121443442595e+01,2.500016644061850712e+01,2.500013038882567429e+01,2.500010154691953801e+01,2.500007862098119915e+01,2.500006051394862894e+01,2.500004630392985305e+01,2.500003522293467739e+01,2.500002663658532498e+01,2.500002002520121991e+01,2.500001496651048427e+01,2.500001112012185800e+01,2.500000821379510541e+01,2.500000603147470102e+01,2.500000440299794136e+01,2.500000319535254434e+01,2.500000230533692047e+01,2.500000165346633807e+01,2.500000117896696494e+01
2.500013320793487637e+01,2.500016904190141886e+01,2.500021325733089128e+01,2.500026746003438305e+01,2.500033347182742460e+01,2.500041333742482408e+01,2.500050932575298290e+01,2.500062392425484248e+01,2.500075982473744318e+01,2.500091989935622294e+01,2.500110716545748346e+01,2.500132473822253232e+01,2.500157577038147139e+01,2.500186337869507369e+01,2.500219055743614049e+01,2.500256007972716787e+01,2.500297438829113617e+01,2.500343547792011734e+01,2.500394477272842764e+01,2.500450300199241838e+01,2.500511007904108851e+01,2.500576498820247195e+01,2.500646568518047275e+01,2.500720901639080296e+01,2.500799066268428561e+01,2.500880511250334948e+01,2.500964566883940066e+01,2.501050449338775294e+01,2.501137269005377206e+01,2.501224042848950546e+01,2.501309710669200470e+01,2.501393154994774903e+01,2.501473224164874409e+01,2.501548757983015037e+01,2.501618615178357530e+01,2.501681701787760659e+01,2.501736999485033408e+01,2.501783592839313641e+01,2.501820694486549357e+01,2.501847667248502205e+01,2.501864042331586546e+01,2.501869532879409519e+01,2.501864042331586546e+01,2.501847667248502205e+01,2.501820694486549357e+01,2.501783592839313641e+01,2.501736999485033408e+01,2.501681701787760659e+01,2.501618615178357530e+01,2.501548757983015037e+01,2.501473224164874409e+01,2.501393154994774903e+01,2.501309710669200470e+01,2.501224042848950546e+01,2.501137269005377206e+01,2.501050449338775294e+01,2.500964566883940066e+01,2.500880511250334948e+01,2.500799066268428561e+01,2.500720901639080296e+01,2.500646568518047275e+01,2.500576498820247195e+01,2.500511007904108851e+01,2.500450300199241838e+01,2.500394477272842764e+01,2.500343547792011734e+01,2.500297438829113617e+01,2.500256007972716787e+01,2.500219055743614049e+01,2.500186337869507369e+01,2.500157577038147139e+01,2.500132473822253232e+01,2.500110716545748346e+01,2.500091989935622294e+01,2.500075982473744318e+01,2.500062392425484248e+01,2.500050932575298290e+01,2.500041333742482408e+01,2.500033347182742460e+01,2.500026746003438305e+01,2.500021325733089128e+01,2.500016904190141886e+01,2.500013320793487637e+01,2.500010435449204138e+01,2.500008127136011638e+01,2.500006292297299382e+01,2.500004843131562637e+01,2.500003705856735792e+01,2.500002819008022570e+01,2.500002131814069983e+01,2.500001602683121504e+01,2.500001197819361565e+01,2.500000889980151086e+01,2.500000657377203694e+01,2.500000482718879624e+01,2.500000352386495805e+01,2.500000255734638088e+01,2.500000184503742773e+01,2.500000132332382563e+01,2.500000094356627400e+01
2.500010628814463587e+01,2.500013488047903820e+01,2.500017016047918972e+01,2.500021340944025283e+01,2.500026608100980141e+01,2.500032980668932225e+01,2.500040639688131350e+01,2.500049783634512579e+01,2.500060627290458726e+01,2.500073399828558252e+01,2.500088342006345599e+01,2.500105702387723738e+01,2.500125732532656286e+01,2.500148681131073758e+01,2.500174787099449247e+01,2.500204271708419057e+01,2.500237329865661806e+01,2.500274120737932648e+01,2.500314757956953216e+01,2.500359299712522443e+01,2.500407739089061110e+01,2.500459995044934658e+01,2.500515904463403771e+01,2.500575215716347799e+01,2.500637584173882644e+01,2.500702570062484398e+01,2.500769639020128920e+01,2.500838165619461861e+01,2.500907440030852058e+01,2.500976677879520338e+01,2.501045033219446978e+01,2.501111614407376393e+01,2.501175502519900462e+01,2.501235771822888410e+01,2.501291511683200142e+01,2.501341849215052804e+01,2.501385971884256065e+01,2.501423149257987077e+01,2.501452753089404979e+01,2.501474274966659195e+01,2.501487340833950768e+01,2.501491721805262358e+01,2.501487340833950768e+01,2.501474274966659195e+01,2.501452753089404979e+01,2.501423149257987077e+01,2.501385971884256065e+01,2.501341849215052804e+01,2.501291511683200142e+01,2.501235771822888410e+01,2.501175502519900462e+01,2.501111614407376393e+01,2.501045033219446978e+01,2.500976677879520338e+01,2.500907440030852058e+01,2.500838165619461861e+01,2.500769639020128920e+01,2.500702570062484398e+01,2.500637584173882644e+01,2.500575215716347799e+01,2.500515904463403771e+01,2.500459995044934658e+01,2.500407739089061110e+01,2.500359299712522443e+01,2.500314757956953216e+01,2.500274120737932648e+01,2.500237329865661806e+01,2.500204271708419057e+01,2.500174787099449247e+01,2.500148681131073758e+01,2.500125732532656286e+01,2.500105702387723738e+01,2.500088342006345599e+01,2.500073399828558252e+01,2.500060627290458726e+01,2.500049783634512579e+01,2.500040639688131350e+01,2.500032980668932225e+01,2.500026608100980141e+01,2.500021340944025283e+01,2.500017016047918972e+01,2.500013488047903820e+01,2.500010628814463587e+01,2.500008326565045635e+01,2.500006484735377654e+01,2.500005020696447744e+01,2.500003864390424724e+01,2.500002956945748878e+01,2.500002249318951542e+01,2.500001700998986465e+01,2.500001278799311777e+01,2.500000955753857212e+01,2.500000710125407366e+01,2.500000524528838142e+01,2.500000385166950778e+01,2.500000281173241490e+01,2.500000204053611697e+01,2.500000147217660285e+01,2.500000105589531429e+01,2.500000075288239287e+01
2.500008455192755719e+01,2.500010729705115864e+01,2.500013536219452348e+01,2.500016976662443469e+01,2.500021166671355743e+01,2.500026236031684590e+01,2.500032328760452316e+01,2.500039602744720924e+01,2.500048228843286680e+01,2.500058389362315481e+01,2.500070275823765797e+01,2.500084085959540303e+01,2.500100019884900604e+01,2.500118275432004111e+01,2.500139042658249977e+01,2.500162497583822230e+01,2.500188795257245289e+01,2.500218062295236265e+01,2.500250389091517533e+01,2.500285821935914754e+01,2.500324355327104087e+01,2.500365924796686912e+01,2.500410400585744952e+01,2.500457582524797928e+01,2.500507196461718351e+01,2.500558892557874202e+01,2.500612245729740479e+01,2.500666758451572491e+01,2.500721866055845055e+01,2.500776944574572269e+01,2.500831321060016421e+01,2.500884286212412277e+01,2.500935109030708503e+01,2.500983053095944086e+01,2.501027394001953041e+01,2.501067437370488733e+01,2.501102536832831191e+01,2.501132111331673613e+01,2.501155661098376726e+01,2.501172781692707403e+01,2.501183175554304228e+01,2.501186660604967571e+01,2.501183175554304228e+01,2.501172781692707403e+01,2.501155661098376726e+01,2.501132111331673613e+01,2.501102536832831191e+01,2.501067437370488733e+01,2.501027394001953041e+01,2.500983053095944086e+01,2.500935109030708503e+01,2.500884286212412277e+01,2.500831321060016421e+01,2.500776944574572269e+01,2.500721866055845055e+01,2.500666758451572491e+01,2.500612245729740479e+01,2.500558892557874202e+01,2.500507196461718351e+01,2.500457582524797928e+01,2.500410400585744952e+01,2.500365924796686912e+01,2.500324355327104087e+01,2.500285821935914754e+01,2.500250389091517533e+01,2.500218062295236265e+01,2.500188795257245289e+01,2.500162497583822230e+01,2.500139042658249977e+01,2.500118275432004111e+01,2.500100019884900604e+01,2.500084085959540303e+01,2.500070275823765797e+01,2.500058389362315481e+01,2.500048228843286680e+01,2.500039602744720924e+01,2.500032328760452316e+01,2.500026236031684590e+01,2.500021166671355743e+01,2.500016976662443469e+01,2.500013536219452348e+01,2.500010729705115864e+01,2.500008455192755719e+01,2.500006623759657742e+01,2.500005158589208420e+01,2.500003993950254966e+01,2.500003074111984702e+01,2.500002352242233528e+01,2.500001789327057011e+01,2.500001353140028471e+01,2.500001017281345383e+01,2.500000760299572278e+01,2.500000564902814304e+01,2.500000417261252039e+01,2.500000306399252992e+01,2.500000223672542177e+01,2.500000162324088393e+01,2.500000117111244791e+01,2.500000083996182809e+01,2.500000059891587867e+01
2.500006705731430401e+01,2.500008509625139652e+01,2.500010735444460508e+01,2.500013464026453391e+01,2.500016787081914060e+01,2.500020807542460943e+01,2.500025639626598561e+01,2.500031408553025614e+01,2.500038249828197934e+01,2.500046308037368092e+01,2.500055735074746011e+01,2.500066687759587225e+01,2.500079324801365743e+01,2.500093803098848610e+01,2.500110273384717274e+01,2.500128875258873862e+01,2.500149731688800259e+01,2.500172943092987410e+01,2.500198581161820854e+01,2.500226682607312512e+01,2.500257243066415924e+01,2.500290211409869201e+01,2.500325484727130743e+01,2.500362904265727337e+01,2.500402252598262010e+01,2.500443252271107397e+01,2.500485566154639017e+01,2.500528799666010116e+01,2.500572504972879884e+01,2.500616187212285624e+01,2.500659312675897894e+01,2.500701318824948061e+01,2.500741625909586219e+01,2.500779649883071798e+01,2.500814816225894788e+01,2.500846574233397490e+01,2.500874411276812737e+01,2.500897866525221147e+01,2.500916543616959586e+01,2.500930121794398175e+01,2.500938365065297830e+01,2.500941129025202869e+01,2.500938365065297830e+01,2.500930121794398175e+01,2.500916543616959586e+01,2.500897866525221147e+01,2.500874411276812737e+01,2.500846574233397490e+01,2.500814816225894788e+01,2.500779649883071798e+01,2.500741625909586219e+01,2.500701318824948061e+01,2.500659312675897894e+01,2.500616187212285624e+01,2.500572504972879884e+01,2.500528799666010116e+01,2.500485566154639017e+01,2.500443252271107397e+01,2.500402252598262010e+01,2.500362904265727337e+01,2.500325484727130743e+01,2.500290211409869201e+01,2.500257243066415924e+01,2.500226682607312512e+01,2.500198581161820854e+01,2.500172943092987410e+01,2.500149731688800259e+01,2.500128875258873862e+01,2.500110273384717274e+01,2.500093803098848610e+01,2.500079324801365743e+01,2.500066687759587225e+01,2.500055735074746011e+01,2.500046308037368092e+01,2.500038249828197934e+01,2.500031408553025614e+01,2.500025639626598561e+01,2.500020807542460943e+01,2.500016787081914060e+01,2.500013464026453391e+01,2.500010735444460508e+01,2.500008509625139652e+01,2.500006705731430401e+01,2.500005253239589820e+01,2.500004091227106429e+01,2.500003167563239614e+01,2.500002438048421993e+01,2.500001865540518509e+01,2.500001419097947775e+01,2.500001073162242804e+01,2.500000806795975805e+01,2.500000602986222020e+01,2.500000448018947097e+01,2.500000330925855252e+01,2.500000243002278211e+01,2.500000177392525558e+01,2.500000128737661242e+01,2.500000092879793456e+01,2.500000066616558314e+01,2.500000047499437983e+01
2.500005302159091158e+01,2.500006728480966345e+01,2.500008488415474517e+01,2.500010645879722659e+01,2.500013273388578838e+01,2.500016452329110450e+01,2.500020273012820127e+01,2.500024834448961286e+01,2.500030243781220562e+01,2.500036615331804057e+01,2.500044069202042252e+01,2.500052729387452644e+01,2.500062721378131414e+01,2.500074169232465593e+01,2.500087192133375780e+01,2.500101900461198312e+01,2.500118391445169763e+01,2.500136744485252294e+01,2.500157016266362220e+01,2.500179235816343848e+01,2.500203399685377192e+01,2.500229467446033027e+01,2.500257357727910090e+01,2.500286945006912376e+01,2.500318057365232605e+01,2.500350475422883179e+01,2.500383932614625238e+01,2.500418116947494696e+01,2.500452674324649394e+01,2.500487213462576364e+01,2.500521312363093784e+01,2.500554526232061292e+01,2.500586396666697553e+01,2.500616461866710338e+01,2.500644267564899792e+01,2.500669378324246139e+01,2.500691388813979898e+01,2.500709934659406386e+01,2.500724702461066684e+01,2.500735438598904992e+01,2.500741956476066008e+01,2.500744141913298435e+01,2.500741956476066008e+01,2.500735438598904992e+01,2.500724702461066684e+01,2.500709934659406386e+01,2.500691388813979898e+01,2.500669378324246139e+01,2.500644267564899792e+01,2.500616461866710338e+01,2.500586396666697553e+01,2.500554526232061292e+01,2.500521312363093784e+01,2.500487213462576364e+01,2.500452674324649394e+01,2.500418116947494696e+01,2.500383932614625238e+01,2.500350475422883179e+01,2.500318057365232605e+01,2.500286945006912376e+01,2.500257357727910090e+01,2.500229467446033027e+01,2.500203399685377192e+01,2.500179235816343848e+01,2.500157016266362220e+01,2.500136744485252294e+01,2.500118391445169763e+01,2.500101900461198312e+01,2.500087192133375780e+01,2.500074169232465593e+01,2.500062721378131414e+01,2.500052729387452644e+01,2.500044069202042252e+01,2.500036615331804057e+01,2.500030243781220562e+01,2.500024834448961286e+01,2.500020273012820127e+01,2.500016452329110450e+01,2.500013273388578838e+01,2.500010645879722659e+01,2.500008488415474517e+01,2.500006728480966345e+01,2.500005302159091158e+01,2.500004153687384800e+01,2.500003234894987969e+01,2.500002504562612060e+01,2.500001927742072283e+01,2.500001475065430512e+01,2.500001122067467563e+01,2.500000848539342968e+01,2.500000637926028091e+01,2.500000476775563385e+01,2.500000354244388845e+01,2.500000261659976886e+01,2.500000192139627231e+01,2.500000140262610060e+01,2.500000101791664164e+01,2.500000073439183268e+01,2.500000052673089357e+01,2.500000037557360955e+01
2.500004179682661487e+01,2.500005304049680888e+01,2.500006691402949954e+01,2.500008392128212620e+01,2.500010463388810322e+01,2.500012969342025571e+01,2.500015981180256830e+01,2.500019576952323064e+01,2.500023841119404366e+01,2.500028863801493983e+01,2.500034739674258333e+01,2.500041566483146127e+01,2.500049443151778306e+01,2.500058467475163226e+01,2.500068733404986077e+01,2.500080327953871873e+01,2.500093327767456586e+01,2.500107795436589697e+01,2.500123775645891655e+01,2.500141291277960320e+01,2.500160339613308835e+01,2.500180888783065924e+01,2.500202874643088080e+01,2.500226198242951625e+01,2.500250724060152052e+01,2.500276279157831993e+01,2.500302653403084108e+01,2.500329600852404610e+01,2.500356842371877164e+01,2.500384069513398799e+01,2.500410949616546930e+01,2.500437132050884514e+01,2.500462255458308292e+01,2.500485955802461646e+01,2.500507874985311929e+01,2.500527669752624504e+01,2.500545020582868361e+01,2.500559640240114234e+01,2.500571281672121771e+01,2.500579744950647765e+01,2.500584882981720014e+01,2.500586605758036640e+01,2.500584882981720014e+01,2.500579744950647765e+01,2.500571281672121771e+01,2.500559640240114234e+01,2.500545020582868361e+01,2.500527669752624504e+01,2.500507874985311929e+01,2.500485955802461646e+01,2.500462255458308292e+01,2.500437132050884514e+01,2.500410949616546930e+01,2.500384069513398799e+01,2.500356842371877164e+01,2.500329600852404610e+01,2.500302653403084108e+01,2.500276279157831993e+01,2.500250724060152052e+01,2.500226198242951625e+01,2.500202874643088080e+01,2.500180888783065924e+01,2.500160339613308835e+01,2.500141291277960320e+01,2.500123775645891655e+01,2.500107795436589697e+01,2.500093327767456586e+01,2.500080327953871873e+01,2.500068733404986077e+01,2.500058467475163226e+01,2.500049443151778306e+01,2.500041566483146127e+01,2.500034739674258333e+01,2.500028863801493983e+01,2.500023841119404366e+01,2.500019576952323064e+01,2.500015981180256830e+01,2.500012969342025571e+01,2.500010463388810322e+01,2.500008392128212620e+01,2.500006691402949954e+01,2.500005304049680888e+01,2.500004179682661487e+01,2.500003274344440740e+01,2.500002550062014706e+01,2.500001974342290367e+01,2.500001519635676317e+01,2.500001162791477682e+01,2.500000884523806022e+01,2.500000668902067602e+01,2.500000502875963093e+01,2.500000375841335654e+01,2.500000279250227209e+01,2.500000206266098246e+01,2.500000151463329345e+01,2.500000110568768008e+01,2.500000080242189426e+01,2.500000057891978855e+01,2.500000041522103444e+01,2.500000029606401597e+01
2.500003284867231201e+01,2.500004168521967074e+01,2.500005258861033752e+01,2.500006595483245420e+01,2.500008223314020128e+01,2.500010192775404505e+01,2.500012559818434354e+01,2.500015385782697308e+01,2.500018737047338035e+01,2.500022684438837572e+01,2.500027302364039627e+01,2.500032667642369333e+01,2.500038858019193810e+01,2.500045950352888013e+01,2.500054018481309370e+01,2.500063130788816679e+01,2.500073347512217836e+01,2.500084717842478810e+01,2.500097276897826859e+01,2.500111042661995242e+01,2.500126012997703384e+01,2.500142162858788808e+01,2.500159441833530849e+01,2.500177772155497635e+01,2.500197047315782584e+01,2.500217131401048931e+01,2.500237859265098095e+01,2.500259037617716373e+01,2.500280447083910929e+01,2.500301845250285737e+01,2.500322970674666934e+01,2.500343547792011734e+01,2.500363292606263244e+01,2.500381919016491850e+01,2.500399145588772853e+01,2.500414702555116975e+01,2.500428338799377315e+01,2.500439828579082757e+01,2.500448977732648359e+01,2.500455629133854885e+01,2.500459667179627843e+01,2.500461021132051442e+01,2.500459667179627843e+01,2.500455629133854885e+01,2.500448977732648359e+01,2.500439828579082757e+01,2.500428338799377315e+01,2.500414702555116975e+01,2.500399145588772853e+01,2.500381919016491850e+01,2.500363292606263244e+01,2.500343547792011734e+01,2.500322970674666934e+01,2.500301845250285737e+01,2.500280447083910929e+01,2.500259037617716373e+01,2.500237859265098095e+01,2.500217131401048931e+01,2.500197047315782584e+01,2.500177772155497635e+01,2.500159441833530849e+01,2.500142162858788808e+01,2.500126012997703384e+01,2.500111042661995242e+01,2.500097276897826859e+01,2.500084717842478810e+01,2.500073347512217836e+01,2.500063130788816679e+01,2.500054018481309370e+01,2.500045950352888013e+01,2.500038858019193810e+01,2.500032667642369333e+01,2.500027302364039627e+01,2.500022684438837572e+01,2.500018737047338035e+01,2.500015385782697308e+01,2.500012559818434354e+01,2.500010192775404505e+01,2.500008223314020128e+01,2.500006595483245420e+01,2.500005258861033752e+01,2.500004168521967074e+01,2.500003284867231201e+01,2.500002573350091239e+01,2.500002004127065902e+01,2.500001551661410204e+01,2.500001194301539442e+01,2.500000913853019924e+01,2.500000695158819752e+01,2.500000525698877496e+01,2.500000395216791915e+01,2.500000295378617921e+01,2.500000219466403095e+01,2.500000162107222579e+01,2.500000119037010293e+01,2.500000086897439999e+01,2.500000063063385269e+01,2.500000045498062917e+01,2.500000032632763691e+01,2.500000023268057703e+01
2.500002573808839657e+01,2.500003266183358619e+01,2.500004120502309846e+01,2.500005167792754790e+01,2.500006443255336208e+01,2.500007986397497817e+01,2.500009841058841431e+01,2.500012055301089120e+01,2.500014681134630834e+01,2.500017774054502340e+01,2.500021392361078654e+01,2.500025596245077608e+01,2.500030446622724511e+01,2.500036003715255006e+01,2.500042325377224017e+01,2.500049465190178566e+01,2.500057470351772793e+01,2.500066379404855965e+01,2.500076219865792737e+01,2.500087005825469433e+01,2.500098735609251932e+01,2.500111389592592559e+01,2.500124928276136771e+01,2.500139290727155128e+01,2.500154393492178073e+01,2.500170130078333486e+01,2.500186371087774617e+01,2.500202965070830530e+01,2.500219740139489844e+01,2.500236506354344002e+01,2.500253058866267253e+01,2.500269181760371140e+01,2.500284652515771455e+01,2.500299246962341115e+01,2.500312744586717173e+01,2.500324934016205347e+01,2.500335618492485423e+01,2.500344621138403411e+01,2.500351789821538517e+01,2.500357001427979853e+01,2.500360165378658195e+01,2.500361226247932578e+01,2.500360165378658195e+01,2.500357001427979853e+01,2.500351789821538517e+01,2.500344621138403411e+01,2.500335618492485423e+01,2.500324934016205347e+01,2.500312744586717173e+01,2.500299246962341115e+01,2.500284652515771455e+01,2.500269181760371140e+01,2.500253058866267253e+01,2.500236506354344002e+01,2.500219740139489844e+01,2.500202965070830530e+01,2.500186371087774617e+01,2.500170130078333486e+01,2.500154393492178073e+01,2.500139290727155128e+01,2.500124928276136771e+01,2.500111389592592559e+01,2.500098735609251932e+01,2.500087005825469433e+01,2.500076219865792737e+01,2.500066379404855965e+01,2.500057470351772793e+01,2.500049465190178566e+01,2.500042325377224017e+01,2.500036003715255006e+01,2.500030446622724511e+01,2.500025596245077608e+01,2.500021392361078654e+01,2.500017774054502340e+01,2.500014681134630834e+01,2.500012055301089120e+01,2.500009841058841431e+01,2.500007986397497817e+01,2.500006443255336208e+01,2.500005167792754790e+01,2.500004120502309846e+01,2.500003266183358619e+01,2.500002573808839657e+01,2.500002016310171982e+01,2.500001570303940923e+01,2.500001215781209041e+01,2.500000935777199729e+01,2.500000716035935255e+01,2.500000544681348913e+01,2.500000411903532793e+01,2.500000309666236475e+01,2.500000231439520704e+01,2.500000171959634443e+01,2.500000127016702223e+01,2.500000093269678203e+01,2.500000068087195970e+01,2.500000049412377123e+01,2.500000035649330243e+01,2.500000025568916584e+01,2.500000018231340349e+01
