2.503208575828881877e+01,2.503403467353389189e+01,2.503601135941086397e+01,2.503800775464545580e+01,2.504001532436002009e+01,2.504202513650960427e+01,2.504402794740522964e+01,2.504601429522270806e+01,2.504797460017277899e+01,2.504989926980519854e+01,2.505177880774208177e+01,2.505360392399004610e+01,2.505536564487237428e+01,2.505705542055555668e+01,2.505866522812349828e+01,2.506018766817924970e+01,2.506161605303021744e+01,2.506294448463780000e+01,2.506416792068525368e+01,2.506528222733509281e+01,2.506628421750525604e+01,2.506717167378619138e+01,2.506794335544183028e+01,2.506859898927880081e+01,2.506913924452128128e+01,2.506956569218453978e+01,2.506988074978949044e+01,2.507008761259339025e+01,2.507019017281973561e+01,2.507019292864452353e+01,2.507010088492868860e+01,2.506991944787129967e+01,2.506965431588936610e+01,2.506931136910439761e+01,2.506889655983063747e+01,2.506841580641475176e+01,2.506787489267307834e+01,2.506727937501262815e+01,2.506663449911109964e+01,2.506594512777450134e+01,2.506521568129612021e+01,2.506445009131568824e+01,2.506365176883188539e+01,2.506282358666406651e+01,2.506196787630051048e+01,2.506108643871995412e+01,2.506018056844026631e+01,2.505925108974154369e+01,2.505829840373823103e+01,2.505732254474324705e+01,2.505632324418126444e+01,2.505530000017287406e+01,2.505425215082812684e+01,2.505317894925815381e+01,2.505207963833635887e+01,2.505095352331363046e+01,2.504980004051203935e+01,2.504861882048313504e+01,2.504740974421492439e+01,2.504617299119876250e+01,2.504490907841684688e+01,2.504361888957465254e+01,2.504230369417317803e+01,2.504096515628536679e+01,2.503960533316233139e+01,2.503822666404141728e+01,2.503683194975349835e+01,2.503542432392642425e+01,2.503400721675081542e+01,2.503258431241059867e+01,2.503115950138189660e+01,2.502973682886904783e+01,2.502832044067624651e+01,2.502691452780852899e+01,2.502552327105889418e+01,2.502415078677202231e+01,2.502280107488310534e+01,2.502147797021678599e+01,2.502018509790022449e+01,2.501892583360103473e+01,2.501770326914945031e+01,2.501652018394923260e+01,2.501537902242808187e+01,2.501428187762915911e+01,2.501323048090475254e+01,2.501222619754383203e+01,2.501127002804975419e+01,2.501036261468471622e+01,2.500950425281472178e+01,2.500869490652379312e+01,2.500793422791883458e+01,2.500722157951677715e+01,2.500655605909242141e+01,2.500593652636770159e+01,2.500536163093931918e+01,2.500482984087014060e+01,2.500433947140848190e+01,2.500388871334656216e+01,2.500347566058270132e+01,2.500309833650960201e+01
2.503872874018030359e+01,2.504109214211901957e+01,2.504349141221594621e+01,2.504591711681580435e+01,2.504835927072820212e+01,2.505080742876829802e+01,2.505325078790478344e+01,2.505567829865281837e+01,2.505807878408367628e+01,2.506044106458133314e+01,2.506275408626691359e+01,2.506500705084198444e+01,2.506718954447773839e+01,2.506929166330476733e+01,2.507130413304162175e+01,2.507321842034270531e+01,2.507502683354892170e+01,2.507672261068693587e+01,2.507829999278395761e+01,2.507975428083971892e+01,2.508108187512131693e+01,2.508228029581207963e+01,2.508334818444457781e+01,2.508428528597020701e+01,2.508509241175316262e+01,2.508577138421335562e+01,2.508632496426949388e+01,2.508675676313841407e+01,2.508707114041842701e+01,2.508727309071253231e+01,2.508736812132231364e+01,2.508736212375692176e+01,2.508726124194765461e+01,2.508707174013224162e+01,2.508679987337181672e+01,2.508645176358725948e+01,2.508603328385163778e+01,2.508554995345608063e+01,2.508500684598315189e+01,2.508440851228272805e+01,2.508375891985959427e+01,2.508306140976030107e+01,2.508231867160093032e+01,2.508153273691957352e+01,2.508070499058020886e+01,2.507983619951054877e+01,2.507892655763752998e+01,2.507797574550122732e+01,2.507698300269123948e+01,2.507594721096725010e+01,2.507486698570434314e+01,2.507374077314852556e+01,2.507256695088160825e+01,2.507134392887785879e+01,2.507007024858657829e+01,2.506874467759167047e+01,2.506736629757633139e+01,2.506593458355188986e+01,2.506444947258645684e+01,2.506291142058235977e+01,2.506132144599196110e+01,2.505968115971876742e+01,2.505799278081471115e+01,2.505625913794505166e+01,2.505448365693961676e+01,2.505267033507463026e+01,2.505082370302498873e+01,2.504894877568613509e+01,2.504705099328224094e+01,2.504513615434933982e+01,2.504321034230622445e+01,2.504127984740100032e+01,2.503935108584830260e+01,2.503743051795257557e+01,2.503552456695014783e+01,2.503363954020081295e+01,2.503178155422355644e+01,2.502995646490622406e+01,2.502816980403198599e+01,2.502642672306199145e+01,2.502473194490070085e+01,2.502308972415373489e+01,2.502150381617379082e+01,2.501997745498358228e+01,2.501851333997052151e+01,2.501711363107018116e+01,2.501577995199769333e+01,2.501451340095050924e+01,2.501331456809429810e+01,2.501218355905667678e+01,2.501112002359154829e+01,2.501012318853891614e+01,2.500919189419058952e+01,2.500832463317876631e+01,2.500751959103071087e+01,2.500677468757542954e+01,2.500608761844533490e+01,2.500545589598415219e+01,2.500487688894915550e+01,2.500434786047846814e+01
2.504663869911815510e+01,2.504949960047148849e+01,2.505240685821959090e+01,2.505534951149383360e+01,2.505831596234838443e+01,2.506129408502651046e+01,2.506427134751403329e+01,2.506723494369537519e+01,2.507017193411116907e+01,2.507306939303051507e+01,2.507591455930536029e+01,2.507869498827767174e+01,2.508139870187045517e+01,2.508401433391716040e+01,2.508653126777683084e+01,2.508893976334680787e+01,2.509123107072347736e+01,2.509339752797321310e+01,2.509543264075783853e+01,2.509733114190709458e+01,2.509908902943712761e+01,2.510070358197079443e+01,2.510217335101124192e+01,2.510349813004318875e+01,2.510467890097258703e+01,2.510571775895158453e+01,2.510661781715633722e+01,2.510738309357696352e+01,2.510801838232650240e+01,2.510852911236725049e+01,2.510892119687587254e+01,2.510920087671344447e+01,2.510937456162559300e+01,2.510944867286514182e+01,2.510942949090279086e+01,2.510932301176971038e+01,2.510913481536251979e+01,2.510886994874078226e+01,2.510853282706791134e+01,2.510812715439840304e+01,2.510765586600950527e+01,2.510712109342787102e+01,2.510652415272637583e+01,2.510586555607889636e+01,2.510514504597767171e+01,2.510436165095496364e+01,2.510351376112290822e+01,2.510259922136749111e+01,2.510161543961644526e+01,2.510055950725744722e+01,2.509942832852076577e+01,2.509821875546504444e+01,2.509692772511997916e+01,2.509555239534542537e+01,2.509409027606158205e+01,2.509253935268404589e+01,2.509089819885481631e+01,2.508916607588604109e+01,2.508734301671738010e+01,2.508542989261792755e+01,2.508342846132698511e+01,2.508134139581083133e+01,2.507917229330158548e+01,2.507692566476567464e+01,2.507460690541087800e+01,2.507222224727066617e+01,2.506977869529229253e+01,2.506728394869229959e+01,2.506474630962283356e+01,2.506217458140942256e+01,2.505957795877305117e+01,2.505696591253503058e+01,2.505434807132385089e+01,2.505173410276119128e+01,2.504913359650424809e+01,2.504655595136916091e+01,2.504401026856251278e+01,2.504150525281241713e+01,2.503904912292585649e+01,2.503664953301367291e+01,2.503431350532706645e+01,2.503204737534858282e+01,2.502985674948405048e+01,2.502774647541703956e+01,2.502572062492073357e+01,2.502378248867884736e+01,2.502193458245216817e+01,2.502017866374320931e+01,2.501851575796109373e+01,2.501694619297257915e+01,2.501546964084387525e+01,2.501408516552989525e+01,2.501279127525177159e+01,2.501158597831703290e+01,2.501046684117683228e+01,2.500943104757770641e+01,2.500847545774767866e+01,2.500759666665425129e+01,2.500679106048110256e+01,2.500605487058711773e+01
2.505603500886822133e+01,2.505949204345007786e+01,2.506300899395661119e+01,2.506657322434864810e+01,2.507017136932476120e+01,2.507378946430632283e+01,2.507741308953577075e+01,2.508102752620566278e+01,2.508461792216057518e+01,2.508816946437717732e+01,2.509166755514115721e+01,2.509509798861405372e+01,2.509844712432753866e+01,2.510170205406570076e+01,2.510485075860345106e+01,2.510788225086503189e+01,2.511078670225290921e+01,2.511355554917265565e+01,2.511618157714054789e+01,2.511865898030102784e+01,2.512098339469223518e+01,2.512315190416835975e+01,2.512516301850365963e+01,2.512701662385023837e+01,2.512871390638236946e+01,2.513025725061758564e+01,2.513165011454007924e+01,2.513289688424755042e+01,2.513400271138117859e+01,2.513497333706335013e+01,2.513581490644538974e+01,2.513653377824498136e+01,2.513713633382130652e+01,2.513762879038830178e+01,2.513801702289984519e+01,2.513830639895521912e+01,2.513850163077251665e+01,2.513860664786894006e+01,2.513862449358027717e+01,2.513855724796068003e+01,2.513840597894375151e+01,2.513817072293496935e+01,2.513785049526291004e+01,2.513744333016293453e+01,2.513694634922290660e+01,2.513635585650624549e+01,2.513566745790285140e+01,2.513487620166125680e+01,2.513397673654133513e+01,2.513296348360984922e+01,2.513183081739122571e+01,2.513057325189056002e+01,2.512918562692895108e+01,2.512766329027295598e+01,2.512600227119779106e+01,2.512419944139067951e+01,2.512225265946831598e+01,2.512016089583748979e+01,2.511792433515742218e+01,2.511554445424934912e+01,2.511302407392661706e+01,2.511036738386888700e+01,2.510757994031881779e+01,2.510466863702141538e+01,2.510164165043796203e+01,2.509850836083343495e+01,2.509527925134437965e+01,2.509196578757272533e+01,2.508858028061071721e+01,2.508513573667692853e+01,2.508164569672950606e+01,2.507812406951954642e+01,2.507458496155635430e+01,2.507104250738118623e+01,2.506751070339338128e+01,2.506400324825010273e+01,2.506053339257810819e+01,2.505711380040353831e+01,2.505375642433495642e+01,2.505047239613778842e+01,2.504727193392644935e+01,2.504416426678532659e+01,2.504115757722226832e+01,2.503825896146779328e+01,2.503547440726901030e+01,2.503280878849604107e+01,2.503026587558692384e+01,2.502784836060839169e+01,2.502555789550785903e+01,2.502339514197748116e+01,2.502135983124420804e+01,2.501945083203919751e+01,2.501766622498310610e+01,2.501600338164728399e+01,2.501445904661064290e+01,2.501302942092292980e+01,2.501171024550248845e+01,2.501049688313461061e+01,2.500938439789007006e+01,2.500836763094731197e+01
2.506717054788829202e+01,2.507134068298940122e+01,2.507558821916269309e+01,2.507989871398370596e+01,2.508425689865108055e+01,2.508864683209081292e+01,2.509305207111994918e+01,2.509745585409609347e+01,2.510184129503530670e+01,2.510619158478614921e+01,2.511049019551539629e+01,2.511472108450436380e+01,2.511886889308512849e+01,2.512291913647284503e+01,2.512685838028117402e+01,2.513067439964697414e+01,2.513435631713972995e+01,2.513789471598921921e+01,2.514128172562654484e+01,2.514451107709143685e+01,2.514757812650086422e+01,2.515047984548660764e+01,2.515321477827555796e+01,2.515578296588689966e+01,2.515818583873438996e+01,2.516042607972725875e+01,2.516250746073761135e+01,2.516443465602302254e+01,2.516621303683888655e+01,2.516784845202596443e+01,2.516934699979686485e+01,2.517071479625601071e+01,2.517195774635940353e+01,2.517308132304565405e+01,2.517409036014471369e+01,2.517498886439623007e+01,2.517577985149079467e+01,2.517646521049392305e+01,2.517704560033782002e+01,2.517752038128752190e+01,2.517788758342569722e+01,2.517814391327801360e+01,2.517828479874301806e+01,2.517830447152341833e+01,2.517819608530607667e+01,2.517795186703195398e+01,2.517756329775970414e+01,2.517702131888043127e+01,2.517631655880658315e+01,2.517543957475191618e+01,2.517438110385503691e+01,2.517313231768502391e+01,2.517168507410874767e+01,2.517003216059550397e+01,2.516816752328117346e+01,2.516608647650226160e+01,2.516378588802771077e+01,2.516126433584661015e+01,2.515852223309416047e+01,2.515556191849499612e+01,2.515238771054937672e+01,2.514900592455989425e+01,2.514542485247051573e+01,2.514165470634262078e+01,2.513770752710212264e+01,2.513359706093798707e+01,2.512933860639760297e+01,2.512494883579405069e+01,2.512044559500281338e+01,2.511584768607282214e+01,2.511117463730471755e+01,2.510644646555664394e+01,2.510168343552755132e+01,2.509690582064529707e+01,2.509213366996063499e+01,2.508738658512903186e+01,2.508268351116360861e+01,2.507804254417839118e+01,2.507348075882718774e+01,2.506901405759578338e+01,2.506465704353923485e+01,2.506042291748785900e+01,2.505632340018896187e+01,2.505236867931999356e+01,2.504856738081398504e+01,2.504492656348988788e+01,2.504145173558628557e+01,2.503814689146275896e+01,2.503501456646294443e+01,2.503205590772790501e+01,2.502927075860876727e+01,2.502665775425045069e+01,2.502421442590139833e+01,2.502193731154179801e+01,2.501982207050977891e+01,2.501786359993429798e+01,2.501605615094833368e+01,2.501439344284872135e+01,2.501286877358247906e+01,2.501147512516653038e+01
2.508033584714912934e+01,2.508535749628100930e+01,2.509047902062410174e+01,2.509568406972852372e+01,2.510095536739314070e+01,2.510627489373241161e+01,2.511162408532638679e+01,2.511698405027451031e+01,2.512233579445136655e+01,2.512766045480193711e+01,2.513293953513142043e+01,2.513815513955599101e+01,2.514329019859989245e+01,2.514832868286204004e+01,2.515325579924055077e+01,2.515805816490187041e+01,2.516272395451327526e+01,2.516724301672235597e+01,2.517160695645701907e+01,2.517580918032549064e+01,2.517984490320248625e+01,2.518371111497773640e+01,2.518740650739504616e+01,2.519093136190002014e+01,2.519428740041646009e+01,2.519747760195760833e+01,2.520050598892107629e+01,2.520337738778737346e+01,2.520609716971487657e+01,2.520867097717432159e+01,2.521110444327158362e+01,2.521340291075037143e+01,2.521557115783287273e+01,2.521761313803707694e+01,2.521953174090072736e+01,2.522132858014541057e+01,2.522300381523707813e+01,2.522455601155442650e+01,2.522598204348128803e+01,2.522727704371650859e+01,2.522843440097078371e+01,2.522944580702468187e+01,2.523030135288775710e+01,2.523098967255894465e+01,2.523149813167719557e+01,2.523181305720250833e+01,2.523192000321239092e+01,2.523180404696686807e+01,2.523145010861201953e+01,2.523084328727887282e+01,2.522996920590777137e+01,2.522881435689905416e+01,2.522736644066384315e+01,2.522561468932387285e+01,2.522355016817939344e+01,2.522116604811790808e+01,2.521845784285615366e+01,2.521542360577240061e+01,2.521206408206954208e+01,2.520838281308435569e+01,2.520438619069329533e+01,2.520008346092989981e+01,2.519548667709086587e+01,2.519061060373746486e+01,2.518547257406645912e+01,2.518009230410454791e+01,2.517449166804919258e+01,2.516869443981747523e+01,2.516272600645876167e+01,2.515661305952598781e+01,2.515038327077922276e+01,2.514406495871251579e+01,2.513768675235525407e+01,2.513127725860987383e+01,2.512486473906060525e+01,2.511847680173802289e+01,2.511214011276913283e+01,2.510588013220191428e+01,2.509972087758768211e+01,2.509368471815569634e+01,2.508779220164351997e+01,2.508206191507416705e+01,2.507651038001679211e+01,2.507115198214887997e+01,2.506599893427024739e+01,2.506106127131554118e+01,2.505634687538286798e+01,2.505186152834897584e+01,2.504760898928118706e+01,2.504359109358479429e+01,2.503980787064167046e+01,2.503625767659852741e+01,2.503293733894659567e+01,2.502984230959230061e+01,2.502696682324232214e+01,2.502430405810764569e+01,2.502184629616002098e+01,2.501958508044051044e+01,2.501751136721380320e+01,2.501561567107364681e+01
2.509586350392456566e+01,2.510190007343718932e+01,2.510806529296358036e+01,2.511434084816176338e+01,2.512070740116934431e+01,2.512714480495441194e+01,2.513363233778754946e+01,2.514014895390950599e+01,2.514667354585674985e+01,2.515318521337228219e+01,2.515966353339191031e+01,2.516608882527562585e+01,2.517244240526570564e+01,2.517870682411188810e+01,2.518486608191877707e+01,2.519090581454787880e+01,2.519681344634782150e+01,2.520257830458763237e+01,2.520819169172163754e+01,2.521364691250680679e+01,2.521893925400642900e+01,2.522406591762489469e+01,2.522902590350074803e+01,2.523381984880866113e+01,2.523844982275333493e+01,2.524291908224497050e+01,2.524723179339211043e+01,2.525139272499881216e+01,2.525540692117614583e+01,2.525927936094264226e+01,2.526301461326768205e+01,2.526661649638370832e+01,2.527008775034098775e+01,2.527342973169150042e+01,2.527664213886282241e+01,2.527972277622113140e+01,2.528266736403482895e+01,2.528546940055363379e+01,2.528812008123527733e+01,2.529060827881292539e+01,2.529292058643478214e+01,2.529504142456188021e+01,2.529695321072223280e+01,2.529863658963211037e+01,2.530007071965250276e+01,2.530123361009293959e+01,2.530210250254680560e+01,2.530265428827903307e+01,2.530286595272101380e+01,2.530271503738572036e+01,2.530218010901879211e+01,2.530124122556196653e+01,2.529988038852969723e+01,2.529808197168661366e+01,2.529583311645292554e+01,2.529312408524122446e+01,2.528994856491813792e+01,2.528630391375895670e+01,2.528219134658986889e+01,2.527761605425225611e+01,2.527258725503796555e+01,2.526711817729102805e+01,2.526122597390979507e+01,2.525493157097288233e+01,2.524825945411542349e+01,2.524123739756459983e+01,2.523389614187509622e+01,2.522626902736163146e+01,2.521839159098755800e+01,2.521030113502333592e+01,2.520203627612895758e+01,2.519363648364052466e+01,2.518514161575782850e+01,2.517659146204847787e+01,2.516802530022049211e+01,2.515948147448984429e+01,2.515099700210562617e+01,2.514260721371969254e+01,2.513434543232769869e+01,2.512624269449316117e+01,2.511832751652368145e+01,2.511062570722683773e+01,2.510316022785777434e+01,2.509595109890507203e+01,2.508901535246617698e+01,2.508236702815612773e+01,2.507601720978701465e+01,2.506997409946035305e+01,2.506424312523693487e+01,2.505882707819087685e+01,2.505372627441617794e+01,2.504893873743073485e+01,2.504446039640826172e+01,2.504028529575339945e+01,2.503640581170943591e+01,2.503281287193825833e+01,2.502949617432657803e+01,2.502644440163636830e+01,2.502364542901839428e+01,2.502108652183176218e+01
2.511413280366127054e+01,2.512137670045818183e+01,2.512878592525052568e+01,2.513634020961798399e+01,2.514401817077784429e+01,2.515179756305396808e+01,2.515965555143023380e+01,2.516756900234619465e+01,2.517551478617757255e+01,2.518347008522664865e+01,2.519141270055191484e+01,2.519932135061498002e+01,2.520717595453544035e+01,2.521495789273699728e+01,2.522265023795241490e+01,2.523023794993765989e+01,2.523770802782749811e+01,2.524504961484164411e+01,2.525225405101085840e+01,2.525931487071939685e+01,2.526622774313067055e+01,2.527299035494860391e+01,2.527960223643417592e+01,2.528606453310779756e+01,2.529237972708241600e+01,2.529855131344721286e+01,2.530458343851385195e+01,2.531048050800355043e+01,2.531624677435328863e+01,2.532188591321516213e+01,2.532740059988191916e+01,2.533279209676655697e+01,2.533805986317476666e+01,2.534320119842304209e+01,2.534821092886895144e+01,2.535308114863763507e+01,2.535780102276375203e+01,2.536235666014320955e+01,2.536673106213397588e+01,2.537090415089867435e+01,2.537485287968680936e+01,2.537855142526161245e+01,2.538197146063815524e+01,2.538508250427117474e+01,2.538785233986874701e+01,2.539024749916588064e+01,2.539223379832223770e+01,2.539377691715737839e+01,2.539484300924645410e+01,2.539539933000293104e+01,2.539541486929815406e+01,2.539486097492667227e+01,2.539371195332817166e+01,2.539194563441810715e+01,2.538954388814718399e+01,2.538649308148259465e+01,2.538278446585064785e+01,2.537841448666334898e+01,2.537338500832611388e+01,2.536770345004104144e+01,2.536138282972760294e+01,2.535444171542634351e+01,2.534690408557687746e+01,2.533879910151717141e+01,2.533016079738721871e+01,2.532102769429254252e+01,2.531144234705231710e+01,2.530145083309161080e+01,2.529110219401261617e+01,2.528044784107925125e+01,2.526954093626531872e+01,2.525843576064771767e+01,2.524718708178152227e+01,2.523584953128755259e+01,2.522447700323719744e+01,2.521312208306067149e+01,2.520183551566539748e+01,2.519066572026574491e+01,2.517965835813090081e+01,2.516885595809259613e+01,2.515829760325625841e+01,2.514801868096471082e+01,2.513805069670661041e+01,2.512842115137392796e+01,2.511915348008031401e+01,2.511026704967876100e+01,2.510177721117955585e+01,2.509369540248205510e+01,2.508602929620348831e+01,2.507878298691880659e+01,2.507195721181557602e+01,2.506554959861215792e+01,2.505955493457659600e+01,2.505396545060559532e+01,2.504877111456350036e+01,2.504395992842331253e+01,2.503951822417876372e+01,2.503543095398934071e+01,2.503168197056164246e+01,2.502825429434228255e+01
2.513557446547677543e+01,2.514425158319612663e+01,2.515314054819025458e+01,2.516221923730493160e+01,2.517146433616624179e+01,2.518085163314728447e+01,2.519035633718929645e+01,2.519995341351073748e+01,2.520961793040618915e+01,2.521932540962760783e+01,2.522905217228322172e+01,2.523877567181063242e+01,2.524847480540440614e+01,2.525813019532290227e+01,2.526772443177857141e+01,2.527724226963721321e+01,2.528667077191558477e+01,2.529599939406646314e+01,2.530522000426132223e+01,2.531432683630156077e+01,2.532331637338043961e+01,2.533218716264353532e+01,2.534093956231392397e+01,2.534957542501227223e+01,2.535809772276079599e+01,2.536651012096083591e+01,2.537481651032220853e+01,2.538302050724596270e+01,2.539112493446972607e+01,2.539913129483067067e+01,2.540703925174449296e+01,2.541484613040724838e+01,2.542254645377537159e+01,2.543013152705431068e+01,2.543758908372286953e+01,2.544490300504663693e+01,2.545205312360733529e+01,2.545901511962529540e+01,2.546576051681836717e+01,2.547225678227198031e+01,2.547846753234785666e+01,2.548435284409694290e+01,2.548986966903321516e+01,2.549497234353966491e+01,2.549961318768724539e+01,2.550374318192130829e+01,2.550731270897347258e+01,2.551027234654995368e+01,2.551257369488192595e+01,2.551417022214197061e+01,2.551501811006505349e+01,2.551507708188240642e+01,2.551431119489007671e+01,2.551268958062522785e+01,2.551018711669537353e+01,2.550678501576861734e+01,2.550247131904678710e+01,2.549724128365757636e+01,2.549109765575850872e+01,2.548405082368077501e+01,2.547611884808572214e+01,2.546732736879137704e+01,2.545770939057965165e+01,2.544730495284974481e+01,2.543616069037484095e+01,2.542432929459069513e+01,2.541186888674522137e+01,2.539884231582671958e+01,2.538531639543383633e+01,2.537136109463119382e+01,2.535704869834141917e+01,2.534245295295703926e+01,2.532764821262564325e+01,2.531270860108877230e+01,2.529770720306825638e+01,2.528271529802923823e+01,2.526780164774882209e+01,2.525303184752947061e+01,2.523846774916620106e+01,2.522416696195637442e+01,2.521018243618038213e+01,2.519656213162898339e+01,2.518334877195324495e+01,2.517057968390695066e+01,2.515828671897435953e+01,2.514649625345813178e+01,2.513522926186684003e+01,2.512450145740506713e+01,2.511432349254266683e+01,2.510470121202702032e+01,2.509563595030099847e+01,2.508712486509275053e+01,2.507916129893889590e+01,2.507173516057420315e+01,2.506483331844875906e+01,2.505843999909628650e+01,2.505253718365135285e+01,2.504710499647459088e+01,2.504212208056957323e+01,2.503756595523982398e+01
2.516067539621175442e+01,2.517105008321557946e+01,2.518169529716294619e+01,2.519258727690836253e+01,2.520370101629044512e+01,2.521501060655348780e+01,2.522648960404593410e+01,2.523811141585462181e+01,2.524984969507033128e+01,2.526167873657028551e+01,2.527357386358232816e+01,2.528551179489551970e+01,2.529747098243081638e+01,2.530943190900571693e+01,2.532137733653359035e+01,2.533329249560061669e+01,2.534516520835958175e+01,2.535698593796155365e+01,2.536874775929484827e+01,2.538044624758762424e+01,2.539207928341955167e+01,2.540364677483371381e+01,2.541515029949009730e+01,2.542659267209793583e+01,2.543797744464281152e+01,2.544930834911963657e+01,2.546058869452785700e+01,2.547182073171443051e+01,2.548300500120149081e+01,2.549413968035172573e+01,2.550521994705624351e+01,2.551623737753700638e+01,2.552717939580943352e+01,2.553802879183379915e+01,2.554876332439327413e+01,2.555935542328172616e+01,2.556977200349067658e+01,2.557997440178965931e+01,2.558991844344896904e+01,2.559955464392102087e+01,2.560882854714919787e+01,2.561768119889173079e+01,2.562604975011999642e+01,2.563386818226503294e+01,2.564106814293370107e+01,2.564757987778480697e+01,2.565333324162896389e+01,2.565825876956897744e+01,2.566228878719633144e+01,2.566535853755649299e+01,2.566740730183139263e+01,2.566837949048541390e+01,2.566822568199018306e+01,2.566690358717569609e+01,2.566437891872651988e+01,2.566062614731347225e+01,2.565562912826976572e+01,2.564938158552083536e+01,2.564188744258330033e+01,2.563316099377727753e+01,2.562322691225830695e+01,2.561212009497998920e+01,2.559988534815406069e+01,2.558657692009386153e+01,2.557225789142684036e+01,2.555699943546782293e+01,2.554087996399247373e+01,2.552398417568653599e+01,2.550640202613155338e+01,2.548822763929458546e+01,2.546955818110641090e+01,2.545049271584059980e+01,2.543113106565994386e+01,2.541157269290395959e+01,2.539191562348981890e+01,2.537225542823689040e+01,2.535268427705721450e+01,2.533329007884159267e+01,2.531415571757823813e+01,2.529535839283356324e+01,2.527696907026841444e+01,2.525905204542077342e+01,2.524166462161623059e+01,2.522485690062390162e+01,2.520867168260420499e+01,2.519314447003498358e+01,2.517830356868406838e+01,2.516417027734177481e+01,2.515075915694909625e+01,2.513807836896164716e+01,2.512613007227251671e+01,2.511491086776986847e+01,2.510441227960999200e+01,2.509462126252331871e+01,2.508552072491279006e+01,2.507709005812292347e+01,2.506930566302263941e+01,2.506214146592401093e+01,2.505556941682057115e+01,2.504955996394228634e+01
2.518998330399623597e+01,2.520236379781353619e+01,2.521508840248818473e+01,2.522813208476034674e+01,2.524146854698735609e+01,2.525507062458551033e+01,2.526891070962953378e+01,2.528296119159322330e+01,2.529719490510350610e+01,2.531158557366079620e+01,2.532610823759363683e+01,2.534073965410341600e+01,2.535545865714862046e+01,2.537024646514387882e+01,2.538508692502495734e+01,2.539996668216566178e+01,2.541487526692439758e+01,2.542980509023457358e+01,2.544475134260962434e+01,2.545971179317518107e+01,2.547468648782116674e+01,2.548967734822914011e+01,2.550468767630930245e+01,2.551972157140455977e+01,2.553478327040735962e+01,2.554987642360705635e+01,2.556500332155848554e+01,2.558016409045525563e+01,2.559535587532725742e+01,2.561057203179109365e+01,2.562580134800404963e+01,2.564102731885839859e+01,2.565622749426792737e+01,2.567137292262373194e+01,2.568642770912807904e+01,2.570134870676884375e+01,2.571608535520431715e+01,2.573057967983875827e+01,2.574476645994854351e+01,2.575857357094717770e+01,2.577192250184779709e+01,2.578472904479718508e+01,2.579690414932543163e+01,2.580835492979456447e+01,2.581898581055206066e+01,2.582869978961254631e+01,2.583739979840834167e+01,2.584499013236167997e+01,2.585137792482104402e+01,2.585647463533751633e+01,2.586019752238351899e+01,2.586247107046557048e+01,2.586322834216370836e+01,2.586241222693177377e+01,2.585997656048281712e+01,2.585588709121104145e+01,2.585012227329681167e+01,2.584267386981918690e+01,2.583354735326333085e+01,2.582276209514980181e+01,2.581035134101479400e+01,2.579636197151679866e+01,2.578085405491880167e+01,2.576390020048282281e+01,2.574558472630901562e+01,2.572600265875943037e+01,2.570525858374371353e+01,2.568346537274310393e+01,2.566074280845898059e+01,2.563721613635946284e+01,2.561301456914730323e+01,2.558826977128691738e+01,2.556311435022824696e+01,2.553768037988592354e+01,2.551209798032448717e+01,2.548649397552624762e+01,2.546099064865045492e+01,2.543570461140986794e+01,2.541074580117770410e+01,2.538621661628023318e+01,2.536221119671277435e+01,2.533881485432159053e+01,2.531610365339746949e+01,2.529414413969774245e+01,2.527299321321253700e+01,2.525269813756807125e+01,2.523329667685458944e+01,2.521481734890712190e+01,2.519727978267063051e+01,2.518069516625354254e+01,2.516506677161114425e+01,2.515039054148932962e+01,2.513665572427857597e+01,2.512384554274904858e+01,2.511193788322707832e+01,2.510090599259279287e+01,2.509071917148812148e+01,2.508134345328251413e+01,2.507274225960847147e+01,2.506487702461101463e+01
2.522411098620784387e+01,2.523885527539248486e+01,2.525403537160549305e+01,2.526962551965010562e+01,2.528559872891166549e+01,2.530192723302300450e+01,2.531858297578810379e+01,2.533553811231329433e+01,2.535276551301853232e+01,2.537023925716398409e+01,2.538793510178005164e+01,2.540583091147750494e+01,2.542390703457814993e+01,2.544214661137606370e+01,2.546053580113537507e+01,2.547906391566256090e+01,2.549772344895505682e+01,2.551650999450727753e+01,2.553542204431852980e+01,2.555446066645038883e+01,2.557362906106526168e+01,2.559293199817324904e+01,2.561237514373877033e+01,2.563196428426201834e+01,2.565170446335550380e+01,2.567159904708204721e+01,2.569164873780522740e+01,2.571185055892686222e+01,2.573219683505406508e+01,2.575267419376519484e+01,2.577326261615580449e+01,2.579393456368338988e+01,2.581465420845185221e+01,2.583537679296019718e+01,2.585604814348423730e+01,2.587660435868451714e+01,2.589697169178115388e+01,2.591706664076978939e+01,2.593679625675692435e+01,2.595605867566931124e+01,2.597474387345876323e+01,2.599273463961128527e+01,2.600990775841693292e+01,2.602613538220815315e+01,2.604128657577421890e+01,2.605522900654797880e+01,2.606783075107064107e+01,2.607896218479007189e+01,2.608849791954132868e+01,2.609631875117801414e+01,2.610231357883012038e+01,2.610638125719461655e+01,2.610843234412888947e+01,2.610839070759841718e+01,2.610619495868606421e+01,2.610179968083450319e+01,2.609517642967567141e+01,2.608631448259207275e+01,2.607522132242834090e+01,2.606192284538875725e+01,2.604646328897016616e+01,2.602890488163933824e+01,2.600932722171885914e+01,2.598782639845093101e+01,2.596451387332912475e+01,2.593951514440119865e+01,2.591296822024685298e+01,2.588502193363585491e+01,2.585583412741067377e+01,2.582556974687058471e+01,2.579439887384383212e+01,2.576249473772436005e+01,2.573003173804733379e+01,2.569718351172967630e+01,2.566412107597436787e+01,2.563101107511090859e+01,2.559801415641306832e+01,2.556528349630183783e+01,2.553296349441483670e+01,2.550118864891448922e+01,2.547008262222577812e+01,2.543975750224615950e+01,2.541031326005376556e+01,2.538183740134444477e+01,2.535440480533131691e+01,2.532807774170674264e+01,2.530290605354667832e+01,2.527892749176753284e+01,2.525616818494745885e+01,2.523464322700499096e+01,2.521435736438275654e+01,2.519530576399490229e+01,2.517747484323578178e+01,2.516084314377742359e+01,2.514538223166046293e+01,2.513105760725825633e+01,2.511782961001446068e+01,2.510565430436662737e+01,2.509448433491819230e+01,2.508426974065722348e+01
2.526374007029926716e+01,2.528126211594774020e+01,2.529933348076282584e+01,2.531792845989075502e+01,2.533702020698095936e+01,2.535658126394654133e+01,2.537658411601745456e+01,2.539700175857576880e+01,2.541780826080173838e+01,2.543897930999629864e+01,2.546049271964035654e+01,2.548232888385855333e+01,2.550447116102105483e+01,2.552690616977791649e+01,2.554962398189958606e+01,2.557261819790444335e+01,2.559588589358318345e+01,2.561942742815844198e+01,2.564324610790650993e+01,2.566734770256011799e+01,2.569173981563421449e+01,2.571643111388299019e+01,2.574143042530467440e+01,2.576674571934936608e+01,2.579238298713403665e+01,2.581834504340375247e+01,2.584463027557281123e+01,2.587123136831194614e+01,2.589813403470170883e+01,2.592531578684328153e+01,2.595274477991599937e+01,2.598037876392506718e+01,2.600816417674257508e+01,2.603603541048517656e+01,2.606391428079223260e+01,2.609170972519681087e+01,2.611931775257307820e+01,2.614662166067907378e+01,2.617349253320008984e+01,2.619979002156453163e+01,2.622536341029985252e+01,2.625005295798553817e+01,2.627369149911853796e+01,2.629610628561463770e+01,2.631712104040894928e+01,2.633655818986586894e+01,2.635424123662883034e+01,2.636999723028283427e+01,2.638365928989623299e+01,2.639506913025621060e+01,2.640407954248982492e+01,2.641055677981294281e+01,2.641438280038384434e+01,2.641545732163427118e+01,2.641369964395278203e+01,2.640905020611720033e+01,2.640147184029883931e+01,2.639095070065140547e+01,2.637749684628978031e+01,2.636114446668204891e+01,2.634195174493360625e+01,2.632000036194350301e+01,2.629539465176831214e+01,2.626826042555392959e+01,2.623874348791829902e+01,2.620700787553298738e+01,2.617323385272517200e+01,2.613761570309495141e+01,2.610035935933446893e+01,2.606167991559271968e+01,2.602179906783082686e+01,2.598094252766325951e+01,2.593933745421689707e+01,2.589720994662269860e+01,2.585478263696916557e+01,2.581227241999727795e+01,2.576988835162369185e+01,2.572782974367540021e+01,2.568628447714382190e+01,2.564542755096258020e+01,2.560541987792129959e+01,2.556640733398386445e+01,2.552852006210934022e+01,2.549187202679210529e+01,2.545656081104325352e+01,2.542266764351145270e+01,2.539025763995192619e+01,2.535938024034409466e+01,2.533006982065806412e+01,2.530234645658798343e+01,2.527621681549772248e+01,2.525167515233938786e+01,2.522870438537054483e+01,2.520727722806463689e+01,2.518735735462350078e+01,2.516890057789824198e+01,2.515185602023701250e+01,2.513616725973615118e+01,2.512177343650547812e+01,2.510861030580193187e+01
2.530962395163857082e+01,2.533040016738392453e+01,2.535186524945516595e+01,2.537399457694841942e+01,2.539676256578944091e+01,2.542014327716075428e+01,2.544411104885416819e+01,2.546864113307725574e+01,2.549371032257810654e+01,2.551929754565662023e+01,2.554538440977475133e+01,2.557195567312717799e+01,2.559899962374255011e+01,2.562650834649582876e+01,2.565447785985092466e+01,2.568290810622958631e+01,2.571180278260823115e+01,2.574116900124923646e+01,2.577101677432766635e+01,2.580135832054740419e+01,2.583220719656208075e+01,2.586357726101708465e+01,2.589548148418455042e+01,2.592793062133569038e+01,2.596093177303647082e+01,2.599448686031018241e+01,2.602859104693033032e+01,2.606323114483837600e+01,2.609838404168274195e+01,2.613401519161957509e+01,2.617007721169341039e+01,2.620650862624096433e+01,2.624323280077408427e+01,2.628015710466933541e+01,2.631717233872457484e+01,2.635415245927374883e+01,2.639095462515047785e+01,2.642741958746242403e+01,2.646337243501677605e+01,2.649862370048548144e+01,2.653297082420395370e+01,2.656619996406566742e+01,2.659808813152606177e+01,2.662840562548998946e+01,2.665691872805356866e+01,2.668339261892421277e+01,2.670759445905784801e+01,2.672929658881638559e+01,2.674827978192056577e+01,2.676433649378215307e+01,2.677727404153674229e+01,2.678691765331729613e+01,2.679311332602041063e+01,2.679573043399199861e+01,2.679466403562457444e+01,2.678983683070406485e+01,2.678120072832233234e+01,2.676873799310442337e+01,2.675246194618141971e+01,2.673241720654634079e+01,2.670867946792394321e+01,2.668135481582191204e+01,2.665057859876889523e+01,2.661651387665095214e+01,2.657934947731460085e+01,2.653929770001602151e+01,2.649659171069345476e+01,2.645148267928631824e+01,2.640423671331794253e+01,2.635513164463382196e+01,2.630445372751641031e+01,2.625249430639068393e+01,2.619954651003796897e+01,2.614590202672761166e+01,2.609184801106593810e+01,2.603766416878316647e+01,2.598362006028605364e+01,2.592997265776538285e+01,2.587696418414160604e+01,2.582482025534020309e+01,2.577374834049035002e+01,2.572393654780893968e+01,2.567555273732745036e+01,2.562874395538717565e+01,2.558363618009467544e+01,2.554033436179967964e+01,2.549892273821311051e+01,2.545946540008259973e+01,2.542200708042063795e+01,2.538657413814821595e+01,2.535317570566429879e+01,2.532180496924897284e+01,2.529244055130894964e+01,2.526504796421671273e+01,2.523958110680632672e+01,2.521598377638872890e+01,2.519419117135040764e+01,2.517413136191321144e+01,2.515572670937072175e+01,2.513889521699295315e+01
2.536258964317749687e+01,2.538716549510380460e+01,2.541260053315258460e+01,2.543887255426788840e+01,2.546595867721583062e+01,2.549383603898579054e+01,2.552248250996326817e+01,2.555187740785700257e+01,2.558200218847442642e+01,2.561284109000443365e+01,2.564438170657091831e+01,2.567661546654111859e+01,2.570953799147376984e+01,2.574314931272210671e+01,2.577745392459676310e+01,2.581246065565232684e+01,2.584818234307579132e+01,2.588463529928694840e+01,2.592183856464728109e+01,2.595981294552663599e+01,2.599857984278443723e+01,2.603815988184967267e+01,2.607857136187820757e+01,2.611982854775759222e+01,2.616193983483734442e+01,2.620490582199932916e+01,2.624871733386021333e+01,2.629335343733210451e+01,2.633877950128652046e+01,2.638494535051539458e+01,2.643178356642883386e+01,2.647920798686891430e+01,2.652711245598194267e+01,2.657536987224391112e+01,2.662383157848295667e+01,2.667232713213530815e+01,2.672066448709849595e+01,2.676863061053714787e+01,2.681599254902318208e+01,2.686249894865630594e+01,2.690788202354720937e+01,2.695185995651157995e+01,2.699413970529160522e+01,2.703442017737516423e+01,2.707239572680338213e+01,2.710775991751799197e+01,2.714020949005710293e+01,2.716944846199229957e+01,2.719519228760893270e+01,2.721717199912299634e+01,2.723513825031555768e+01,2.724886518391208767e+01,2.725815404635251937e+01,2.726283647774709706e+01,2.726277741070174088e+01,2.725787751918310065e+01,2.724807516749158864e+01,2.723334781949478156e+01,2.721371287928519678e+01,2.718922794608246463e+01,2.715999047820089629e+01,2.712613687294331299e+01,2.708784098105619975e+01,2.704531208559717825e+01,2.699879238544982130e+01,2.694855403302781127e+01,2.689489578372872813e+01,2.683813932125583790e+01,2.677862532789715999e+01,2.671670937215302999e+01,2.665275768770417386e+01,2.658714291762482063e+01,2.652023989602951559e+01,2.645242153609834546e+01,2.638405488879186223e+01,2.631549743071403213e+01,2.624709363270384088e+01,2.617917185304886019e+01,2.611204159094104682e+01,2.604599112716751463e+01,2.598128557027293439e+01,2.591816531776440868e+01,2.585684493355709890e+01,2.579751243496288282e+01,2.574032897526445396e+01,2.568542890142567359e+01,2.563292016086932179e+01,2.558288502657828190e+01,2.553538110608963052e+01,2.549044259726623451e+01,2.544808175203506906e+01,2.540829050853643167e+01,2.537104225227492194e+01,2.533629366782241377e+01,2.530398664430351729e+01,2.527405020019175907e+01,2.524640239575030876e+01,2.522095220465153531e+01,2.519760131979303708e+01,2.517624587198515940e+01
2.542353823083070452e+01,2.545253477872438452e+01,2.548259684329915586e+01,2.551370631005532985e+01,2.554584480288107784e+01,2.557899447851341534e+01,2.561313883339983732e+01,2.564826349871950129e+01,2.568435699718768461e+01,2.572141143368878602e+01,2.575942309086304149e+01,2.579839290060067114e+01,2.583832676305030063e+01,2.587923568628242066e+01,2.592113572219795259e+01,2.596404767764528643e+01,2.600799658398768699e+01,2.605301091349785381e+01,2.609912153686917335e+01,2.614636042271436978e+01,2.619475908703409672e+01,2.624434680811553733e+01,2.629514862997620739e+01,2.634718318509370150e+01,2.640046037453699412e+01,2.645497895051090609e+01,2.651072405251257535e+01,2.656766475355464152e+01,2.662575167702494383e+01,2.668491474753898629e+01,2.674506114043974137e+01,2.680607349428523989e+01,2.686780844865393547e+01,2.693009556585355924e+01,2.699273668965167872e+01,2.705550578701788567e+01,2.711814931019246444e+01,2.718038710633769739e+01,2.724191389079805958e+01,2.730240128784715736e+01,2.736150043002380272e+01,2.741884509407532278e+01,2.747405533847280878e+01,2.752674159478896243e+01,2.757650915328413177e+01,2.762296297216718699e+01,2.766571273050167434e+01,2.770437803689862832e+01,2.773859370021859050e+01,2.776801496469096264e+01,2.779232261028638362e+01,2.781122781992420556e+01,2.782447671817492818e+01,2.783185449147362078e+01,2.783318900737792134e+01,2.782835385990534860e+01,2.781727077923471469e+01,2.779991135677283154e+01,2.777629805044643163e+01,2.774650444972613883e+01,2.771065479495011274e+01,2.766892276060706379e+01,2.762152952698111008e+01,2.756874117858995277e+01,2.751086548082067296e+01,2.744824809777956887e+01,2.738126832435932556e+01,2.731033441367614500e+01,2.723587858718266830e+01,2.715835181882003369e+01,2.707821848649377117e+01,2.699595098396281045e+01,2.691202438399345809e+01,2.682691123947904188e+01,2.674107660333499581e+01,2.665497334056282952e+01,2.656903779718022562e+01,2.648368588100766630e+01,2.639930959886739004e+01,2.631627408387703326e+01,2.623491513549269882e+01,2.615553728404865907e+01,2.607841238100766645e+01,2.600377870620774345e+01,2.593184057426715228e+01,2.586276841415565997e+01,2.579669928888577246e+01,2.573373781641424785e+01,2.567395744822522730e+01,2.561740205870930254e+01,2.556408779634023176e+01,2.551400514673476749e+01,2.546712115788576725e+01,2.542338177908540331e+01,2.538271426718794999e+01,2.534502961676991362e+01,2.531022497429115603e+01,2.527818600040218300e+01,2.524878914893837134e+01,2.522190383575538775e+01
2.549344361957388827e+01,2.552756378009260629e+01,2.556299749300855240e+01,2.559973277127983948e+01,2.563775794159423072e+01,2.567706254780677355e+01,2.571763825771915180e+01,2.575947974395714724e+01,2.580258550729798017e+01,2.584695860907397957e+01,2.589260727835409170e+01,2.593954535958563667e+01,2.598779256735499033e+01,2.603737451696232341e+01,2.608832250264078922e+01,2.614067299949275025e+01,2.619446687053835277e+01,2.624974826661403782e+01,2.630656321412214993e+01,2.636495789368337128e+01,2.642497662141206760e+01,2.648665955361923352e+01,2.655004014501948362e+01,2.661514239972476759e+01,2.668197796318003512e+01,2.675054311145721186e+01,2.682081570169559370e+01,2.689275215368873262e+01,2.696628453741773512e+01,2.704131784449117859e+01,2.711772752278142207e+01,2.719535735289693790e+01,2.727401774240138721e+01,2.735348450884001892e+01,2.743349821567939628e+01,2.751376411628704943e+01,2.759395275021635996e+01,2.767370122352231476e+01,2.775261519087833761e+01,2.783027154220641819e+01,2.790622178073120097e+01,2.797999606321687338e+01,2.805110785706078858e+01,2.811905915333061756e+01,2.818334616017007477e+01,2.824346538767835924e+01,2.829892002377825833e+01,2.834922649107574344e+01,2.839392106757892265e+01,2.843256644962193036e+01,2.846475813359818474e+01,2.849013049423900767e+01,2.850836244119030383e+01,2.851918254247385320e+01,2.852237351292385981e+01,2.851777597763942040e+01,2.850529143459947434e+01,2.848488435649414896e+01,2.845658338913398211e+01,2.842048162206570439e+01,2.837673592578504511e+01,2.832556536871870279e+01,2.826724874547802102e+01,2.820212126531168906e+01,2.813057046578328624e+01,2.805303143109056663e+01,2.796998140680299372e+01,2.788193391285810563e+01,2.778943246423033742e+01,2.769304401364668422e+01,2.759335223302272411e+01,2.749095074995527099e+01,2.738643645273026550e+01,2.728040297204568887e+01,2.717343444022825594e+01,2.706609961940689146e+01,2.695894647920167131e+01,2.685249729233060734e+01,2.674724430348064175e+01,2.664364601319379844e+01,2.654212410473932238e+01,2.644306102831932392e+01,2.634679824380617674e+01,2.625363511082061407e+01,2.616382840357940509e+01,2.607759241777607784e+01,2.599509962796851781e+01,2.591648184664647658e+01,2.584183183040679310e+01,2.577120527449474707e+01,2.570462313435533730e+01,2.564207421171666823e+01,2.558351794300509141e+01,2.552888732944470362e+01,2.547809195087629774e+01,2.543102100898078888e+01,2.538754635003665427e+01,2.534752542240248729e+01,2.531080412941819802e+01,2.527721954419078543e+01
2.557334926212668336e+01,2.561338353523069600e+01,2.565502717719873615e+01,2.569827675862000049e+01,2.574312992685829826e+01,2.578958643028147790e+01,2.583764913358524140e+01,2.588732498907908308e+01,2.593862592610321727e+01,2.599156961887208084e+01,2.604618009213404051e+01,2.610248812422316078e+01,2.616053140846103986e+01,2.622035443651999387e+01,2.628200807132661154e+01,2.634554878237268838e+01,2.641103752287503426e+01,2.647853823600893008e+01,2.654811598631176039e+01,2.661983472214873814e+01,2.669375468564532738e+01,2.676992949747629069e+01,2.684840295508087848e+01,2.692920559394183400e+01,2.701235107219786613e+01,2.709783244871987407e+01,2.718561843353429452e+01,2.727564969679729145e+01,2.736783532810668973e+01,2.746204954151165722e+01,2.755812872291429727e+01,2.765586891547440374e+01,2.775502383501288506e+01,2.785530350121183929e+01,2.795637356165538279e+01,2.805785537454490708e+01,2.815932690243373315e+01,2.826032445381078162e+01,2.836034529214315825e+01,2.845885111344996332e+01,2.855527237406250762e+01,2.864901343041315940e+01,2.873945843299603453e+01,2.882597789758494855e+01,2.890793585890082795e+01,2.898469749570043774e+01,2.905563710218453721e+01,2.912014626912164061e+01,2.917764212951711755e+01,2.922757551831288225e+01,2.926943889368471829e+01,2.930277386911991044e+01,2.932717821062218277e+01,2.934231216201461123e+01,2.934790397321258126e+01,2.934375452123934025e+01,2.932974093129589832e+01,2.930581912493879315e+01,2.927202524386663995e+01,2.922847592042666776e+01,2.917536738915171668e+01,2.911297345684195648e+01,2.904164237133255355e+01,2.896179265058033891e+01,2.887390795354013662e+01,2.877853109201691950e+01,2.867625729787514288e+01,2.856772687233544517e+01,2.845361735335531961e+01,2.833463534312201659e+01,2.821150814042778521e+01,2.808497532217983306e+01,2.795578041464103691e+01,2.782466278840100671e+01,2.769234990181195499e+01,2.755955000602158123e+01,2.742694541117542073e+01,2.729518639826062554e+01,2.716488584485714952e+01,2.703661461619780226e+01,2.691089775585324162e+01,2.678821149347461983e+01,2.666898107073697233e+01,2.655357937128442458e+01,2.644232632639117142e+01,2.633548905547406349e+01,2.623328268972207056e+01,2.613587181808422244e+01,2.604337248776253233e+01,2.595585468621525393e+01,2.587334522846036222e+01,2.579583097210408127e+01,2.572326228288652317e+01,2.565555667548338548e+01,2.559260255764733571e+01,2.553426301031529633e+01,2.548037954183235954e+01,2.543077576073137891e+01,2.538526091833931631e+01,2.534363327964662105e+01
2.566436258803281234e+01,2.571119395330255841e+01,2.575998463153453599e+01,2.581074258359658913e+01,2.586347782771260739e+01,2.591820359728324163e+01,2.597493747384992702e+01,2.603370245318198428e+01,2.609452789944790396e+01,2.615745034041038508e+01,2.622251405572690430e+01,2.628977141089023917e+01,2.635928289122666257e+01,2.643111679377034662e+01,2.650534853979895189e+01,2.658205957735130198e+01,2.666133585110856430e+01,2.674326582651043083e+01,2.682793806574837348e+01,2.691543836513012522e+01,2.700584647599179178e+01,2.709923244455153579e+01,2.719565261951496282e+01,2.729514538948929570e+01,2.739772672495017147e+01,2.750338561122779879e+01,2.761207946933565083e+01,2.772372967006318589e+01,2.783821725323074858e+01,2.795537896803261191e+01,2.807500375170025109e+01,2.819682976209130132e+01,2.832054207511369626e+01,2.844577115007474788e+01,2.857209215513592682e+01,2.869902523118112114e+01,2.882603675578896940e+01,2.895254164994672408e+01,2.907790674904916273e+01,2.920145523706095503e+01,2.932247211902131667e+01,2.944021068292243370e+01,2.955389987801999752e+01,2.966275251347494546e+01,2.976597415951759018e+01,2.986277261368502423e+01,2.995236777768491976e+01,3.003400177660064330e+01,3.010694914191177674e+01,3.017052687351015905e+01,3.022410419378662283e+01,3.026711180907939891e+01,3.029905050032267866e+01,3.031949887550459977e+01,3.032812013130914153e+01,3.032466768973677773e+01,3.030898959712838803e+01,3.028103159732299332e+01,3.024083881705192667e+01,3.018855602944561056e+01,3.012442649000220740e+01,3.004878936782377252e+01,2.996207582265413549e+01,2.986480380457227923e+01,2.975757167746796483e+01,2.964105078908511359e+01,2.951597712897224213e+01,2.938314223073510689e+01,2.924338348625262185e+01,2.909757404681265314e+01,2.894661248937973497e+01,2.879141242546464241e+01,2.863289222547322055e+01,2.847196502321598999e+01,2.830952915379377544e+01,2.814645916374616519e+01,2.798359751562654907e+01,2.782174709056005213e+01,2.766166457238558962e+01,2.750405477622746631e+01,2.734956596332427736e+01,2.719878616318094089e+01,2.705224050408525471e+01,2.691038953417686130e+01,2.677362849795087740e+01,2.664228751763226555e+01,2.651663261551324524e+01,2.639686750227543399e+01,2.628313604762043809e+01,2.617552534323750990e+01,2.607406926421008819e+01,2.597875243331042228e+01,2.588951449310834363e+01,2.580625459323773896e+01,2.572883600429945261e+01,2.565709077548504524e+01,2.559082435981780890e+01,2.552982013865585031e+01,2.547384378551785389e+01,2.542264741811510831e+01
2.576764689863336244e+01,2.582225456119754270e+01,2.587923207896727007e+01,2.593860203368302209e+01,2.600039029221284181e+01,2.606462731185841264e+01,2.613134940063804379e+01,2.620059988252381089e+01,2.627243011424348396e+01,2.634690029808940892e+01,2.642408003440069919e+01,2.650404855817370731e+01,2.658689460674765215e+01,2.667271586980781706e+01,2.676161797910113904e+01,2.685371300326860577e+01,2.694911742300936552e+01,2.704794957328452654e+01,2.715032655226451652e+01,2.725636061098050433e+01,2.736615505285637084e+01,2.747979968811738871e+01,2.759736590409194434e+01,2.771890142820214109e+01,2.784442487550930068e+01,2.797392018655962076e+01,2.810733107348072934e+01,2.824455560234568097e+01,2.838544104731196782e+01,2.852977915657131192e+01,2.867730197138626380e+01,2.882767833719292128e+01,2.898051123975561083e+01,2.913533608960795718e+01,2.929162006455135270e+01,2.944876260296193138e+01,2.960609712034945318e+01,2.976289399839120620e+01,2.991836487001078382e+01,3.007166819655530432e+01,3.022191610439381648e+01,3.036818241902516391e+01,3.050951180579667366e+01,3.064492989836929837e+01,3.077345426988867771e+01,3.089410607818044241e+01,3.100592219587495890e+01,3.110796761980292047e+01,3.119934794181989801e+01,3.127922165582977598e+01,3.134681207347872345e+01,3.140141862393590344e+01,3.144242732137515972e+01,3.146932019708860651e+01,3.148168351131845455e+01,3.147921458246997872e+01,3.146172709782781851e+01,3.142915479958490721e+01,3.138155347217087154e+01,3.131910119072323795e+01,3.124209682522831599e+01,3.115095682949844758e+01,3.104621037788607651e+01,3.092849294463213639e+01,3.079853845023790981e+01,3.065717012554132381e+01,3.050529026668024102e+01,3.034386907235791497e+01,3.017393276843674954e+01,2.999655123365884890e+01,2.981282534414252439e+01,2.962387425328552837e+01,2.943082281800177213e+01,2.923478937212769324e+01,2.903687403376701681e+01,2.883814771579531566e+01,2.863964198828835350e+01,2.844233991889418789e+01,2.824716799279196522e+01,2.805498918853624701e+01,2.786659726043207286e+01,2.768271225275259440e+01,2.750397724668514599e+01,2.733095631790012447e+01,2.716413366153966891e+01,2.700391382259838835e+01,2.685062295341175798e+01,2.670451100648702791e+01,2.656575476032675809e+01,2.643446156824273885e+01,2.631067371539509026e+01,2.619437326730266591e+01,2.608548729367928942e+01,2.598389335442487535e+01,2.588942513966952674e+01,2.580187816262964873e+01,2.572101541236600397e+01,2.564657288300515958e+01,2.557826490626921512e+01,2.551578922493720469e+01
2.588441056437222798e+01,2.594787221461062288e+01,2.601418126784683693e+01,2.608337853101072312e+01,2.615550959923464092e+01,2.623062632377196479e+01,2.630878821002823642e+01,2.639006368644880496e+01,2.647453118126250260e+01,2.656227994176741447e+01,2.665341053018904560e+01,2.674803493134311339e+01,2.684627621055530255e+01,2.694826766564387910e+01,2.705415142431613518e+01,2.716407644806400867e+01,2.727819591549521050e+01,2.739666397186123348e+01,2.751963184712449362e+01,2.764724336195363463e+01,2.777962985918706451e+01,2.791690461713609039e+01,2.805915682012839341e+01,2.820644518039507531e+01,2.835879132322165219e+01,2.851617306364217086e+01,2.867851771728217614e+01,2.884569559969736474e+01,2.901751387719363962e+01,2.919371093719221122e+01,2.937395144733496011e+01,2.955782226941833457e+01,2.974482938671175347e+01,2.993439599119051309e+01,3.012586186075317940e+01,3.031848413579062651e+01,3.051143957985328825e+01,3.070382838107964218e+01,3.089467952007890972e+01,3.108295769679192588e+01,3.126757177426503631e+01,3.144738466211746442e+01,3.162122452766427472e+01,3.178789718910456230e+01,3.194619951381891809e+01,3.209493361653569110e+01,3.223292162775268821e+01,3.235902078308504315e+01,3.247213856978368085e+01,3.257124765803119004e+01,3.265540034212105525e+01,3.272374222044290804e+01,3.277552485334172161e+01,3.281011715422342689e+01,3.282701529140564389e+01,3.282585090565339669e+01,3.280639748044163184e+01,3.276857473796304987e+01,3.271245097285427761e+01,3.263824327657170699e+01,3.254631564727826287e+01,3.243717502195626423e+01,3.231146530819782470e+01,3.216995953174238565e+01,3.201355025140370003e+01,3.184323842471979304e+01,3.166012093475870159e+01,3.146537701044175961e+01,3.126025378908489927e+01,3.104605128034269157e+01,3.082410699527489584e+01,3.059578050290507178e+01,3.036243816962830522e+01,3.012543832451536119e+01,2.988611707644799864e+01,2.964577498770824704e+01,2.940566478382168825e+01,2.916698025187702825e+01,2.893084644999999355e+01,2.869831131995673701e+01,2.847033876379335737e+01,2.824780321474683475e+01,2.803148570309678433e+01,2.782207138980569638e+01,2.762014851527130688e+01,2.742620868774663734e+01,2.724064841632773692e+01,2.706377177711594584e+01,2.689579408837610330e+01,2.673684646127763997e+01,2.658698108706832386e+01,2.644617711915207892e+01,2.631434700930639892e+01,2.619134316090246273e+01,2.607696476815239350e+01,2.597096471873688017e+01,2.587305644727279486e+01,2.578292063856546079e+01,2.570021169205615408e+01,2.562456387193848428e+01
2.601589345506578610e+01,2.608938570551427816e+01,2.616627603144762304e+01,2.624662739525133048e+01,2.633050935083600663e+01,2.641799969070041598e+01,2.650918599311966872e+01,2.660416699962554077e+01,2.670305374879151472e+01,2.680597038987827929e+01,2.691305459940159395e+01,2.702445752538373824e+01,2.714034318812888102e+01,2.726088727295170244e+01,2.738627525945317487e+01,2.751669984366898447e+01,2.765235762362603111e+01,2.779344503535750732e+01,2.794015354498610648e+01,2.809266412274189051e+01,2.825114104630647915e+01,2.841572510316400724e+01,2.858652628412084695e+01,2.876361608220759791e+01,2.894701953213746037e+01,2.913670714468658574e+01,2.933258690710649574e+01,2.953449653432186750e+01,2.974219616559961565e+01,2.995536170705657852e+01,3.017357902134954983e+01,3.039633916182147999e+01,3.062303483904278778e+01,3.085295829301249171e+01,3.108530072434481895e+01,3.131915341279562170e+01,3.155351062187165923e+01,3.178727435455753891e+01,3.201926098808332455e+01,3.224820977595851446e+01,3.247279316414845596e+01,3.269162882628533140e+01,3.290329328126511399e+01,3.310633691659012356e+01,3.329930020347477182e+01,3.348073085610319310e+01,3.364920165850161737e+01,3.380332865915181628e+01,3.394178941647878389e+01,3.406334096828599911e+01,3.416683719549875775e+01,3.425124525542329224e+01,3.431566077214232280e+01,3.435932149144510106e+01,3.438161913442036877e+01,3.438210921691615596e+01,3.436051864070803674e+01,3.431675090546895746e+01,3.425088883743021739e+01,3.416319477979200769e+01,3.405410824025066319e+01,3.392424104120108552e+01,3.377437006700151301e+01,3.360542774895468909e+01,3.341849047125661798e+01,3.321476511908995377e+01,3.299557402244414561e+01,3.276233857543977024e+01,3.251656183041499304e+01,3.225981037848758604e+01,3.199369583362182468e+01,3.171985623548548716e+01,3.143993767784913729e+01,3.115557645439418977e+01,3.086838199315560161e+01,3.057992082515251298e+01,3.029170180288397418e+01,3.000516275119328924e+01,2.972165869748180711e+01,2.944245179134892609e+01,2.916870298640252557e+01,2.890146552013723635e+01,2.864168019226808681e+01,2.839017240849788593e+01,2.814765092605417962e+01,2.791470821000393343e+01,2.769182228576842419e+01,2.747935995371707563e+01,2.727758121639024580e+01,2.708664475783822212e+01,2.690661430770265738e+01,2.673746571983937059e+01,2.657909459622805315e+01,2.643132429129956051e+01,2.629391413923808329e+01,2.616656775684423053e+01,2.604894128670669318e+01,2.594065145924592386e+01,2.584128336718486096e+01,2.575039786170887623e+01
2.616335064931943677e+01,2.624814732944003381e+01,2.633697145268545015e+01,2.642991231831380006e+01,2.652706794058313022e+01,2.662854689310482925e+01,2.673447001787676314e+01,2.684497191713781206e+01,2.696020214158423300e+01,2.708032598588982864e+01,2.720552480218301739e+01,2.733599574442123625e+01,2.747195086168008871e+01,2.761361546639062325e+01,2.776122571458426336e+01,2.791502534922797096e+01,2.807526157464263861e+01,2.824218004958844475e+01,2.841601900856118235e+01,2.859700254476367220e+01,2.878533311358750879e+01,2.898118334166825250e+01,2.918468725298756539e+01,2.939593104935612544e+01,2.961494360714257823e+01,2.984168687451983004e+01,3.007604637298213390e+01,3.031782202267775261e+01,3.056671952248645496e+01,3.082234252211481973e+01,3.108418582425547783e+01,3.135162984965930377e+01,3.162393658655070183e+01,3.190024722809176438e+01,3.217958167766470723e+01,3.246084007187384657e+01,3.274280643583593786e+01,3.302415454517849014e+01,3.330345602502217872e+01,3.357919066905785144e+01,3.384975891274681459e+01,3.411349634488179561e+01,3.436869009252227158e+01,3.461359686697092997e+01,3.484646241429145164e+01,3.506554207413951474e+01,3.526912211656104290e+01,3.545554149895163221e+01,3.562321366545854318e+01,3.577064799944031392e+01,3.589647053666324439e+01,3.599944355295855303e+01,3.607848365509231314e+01,3.613267802736793044e+01,3.616129851849703414e+01,3.616381329281421131e+01,3.613989581603932066e+01,3.608943099738200289e+01,3.601251836556242125e+01,3.590947221489656727e+01,3.578081871749786558e+01,3.562729005738507482e+01,3.544981570037820973e+01,3.524951096868740308e+01,3.502766313973349099e+01,3.478571533379927416e+01,3.452524849358405845e+01,3.424796178980647454e+01,3.395565181007169286e+01,3.365019090292273063e+01,3.333350505519692319e+01,3.300755167860631900e+01,3.267429767117597805e+01,3.233569810133239031e+01,3.199367583774484558e+01,3.165010241734955798e+01,3.130678040831627484e+01,3.096542748512987231e+01,3.062766239058444739e+01,3.029499291547758588e+01,2.996880598228228720e+01,2.965035987515246774e+01,2.934077861629765849e+01,2.904104844895343973e+01,2.875201635066849448e+01,2.847439046807889795e+01,2.820874233625395888e+01,2.795551072243189594e+01,2.771500691572293817e+01,2.748742127120244660e+01,2.727283080866986609e+01,2.707120766300975490e+01,2.688242818424899383e+01,2.670628249065886806e+01,2.654248428712908492e+01,2.639068077301838144e+01,2.625046247820449707e+01,2.612137288254321987e+01,2.600291769183315083e+01,2.589457366211970779e+01
2.632803360216818689e+01,2.642550162933021340e+01,2.652770989435320814e+01,2.663477836131381338e+01,2.674683816571436523e+01,2.686403367613392135e+01,2.698652437944863891e+01,2.711448649419574508e+01,2.724811421156629976e+01,2.738762046077083312e+01,2.753323709548257625e+01,2.768521440103116049e+01,2.784381982824142554e+01,2.800933586945504317e+01,2.818205700541722436e+01,2.836228566833531417e+01,2.855032718638900491e+01,2.874648369804703307e+01,2.895104705035559078e+01,2.916429072342700124e+01,2.938646085307681943e+01,2.961776645423508469e+01,2.985836897860477279e+01,3.010837137019814946e+01,3.036780681094035117e+01,3.063662737455592122e+01,3.091469282951690545e+01,3.120175985003300667e+01,3.149747190707134337e+01,3.180135011846494564e+01,3.211278533768986421e+01,3.243103175439620145e+01,3.275520226597862461e+01,3.308426585827429278e+01,3.341704720499541992e+01,3.375222866007359812e+01,3.408835477526827162e+01,3.442383942793578200e+01,3.475697559173953977e+01,3.508594772745134094e+01,3.540884671315035348e+01,3.572368717449141684e+01,3.602842701778943990e+01,3.632098891299286691e+01,3.659928342172814553e+01,3.686123341896920635e+01,3.710479941689632710e+01,3.732800536739011221e+01,3.752896449640073229e+01,3.770590470996108934e+01,3.785719310844008589e+01,3.798135915305029897e+01,3.807711604663224136e+01,3.814337991904329073e+01,3.817928644550082851e+01,3.818420457310874383e+01,3.815774708542761573e+01,3.809977779600329484e+01,3.801041522773942916e+01,3.789003270424356629e+01,3.773925485006165559e+01,3.755895056728097359e+01,3.735022262457709274e+01,3.711439405973021621e+01,3.685299165638202368e+01,3.656772680894935235e+01,3.626047413496230831e+01,3.593324823069139029e+01,3.558817899306508536e+01,3.522748594812556178e+01,3.485345203346923171e+01,3.446839727938868947e+01,3.407465282115572336e+01,3.367453565368280266e+01,3.327032451051314865e+01,3.286423721273921217e+01,3.245840979120255554e+01,3.205487763846148397e+01,3.165555889686189772e+01,3.126224023697369603e+01,3.087656512800096209e+01,3.050002464982541639e+01,3.013395084629624776e+01,2.977951257230972359e+01,2.943771374406525609e+01,2.910939386341043189e+01,2.879523065399649084e+01,2.849574461947785409e+01,2.821130531244681805e+01,2.794213908726734985e+01,2.768833810036800003e+01,2.744987031763507801e+01,2.722659028994610964e+01,2.701825046412648135e+01,2.682451280713874553e+01,2.664496053550438504e+01,2.647910975915036147e+01,2.632642086839186035e+01,2.618630951393490136e+01,2.605815705195808363e+01
2.651116909404169775e+01,2.662276169864654207e+01,2.673989434596773762e+01,2.686272200313117509e+01,2.699141360156464486e+01,2.712615433810236709e+01,2.726714775284317582e+01,2.741461747314965791e+01,2.756880850755254642e+01,2.772998797043609542e+01,2.789844511863257637e+01,2.807449058479767245e+01,2.825845469995407555e+01,2.845068480906825670e+01,2.865154149905338699e+01,2.886139367813958501e+01,2.908061246896529184e+01,2.930956390472846351e+01,2.954860044786557083e+01,2.979805138343527560e+01,3.005821217397631884e+01,3.032933289827253276e+01,3.061160593227366533e+01,3.090515306538963358e+01,3.121001227844003978e+01,3.152612443961622546e+01,3.185332020081763460e+01,3.219130739761600069e+01,3.253965927091245192e+01,3.289780383622536419e+01,3.326501472676878990e+01,3.364040382851548827e+01,3.402291600895316748e+01,3.441132621613414244e+01,3.480423919102636887e+01,3.520009199449221171e+01,3.559715950110147986e+01,3.599356295632321689e+01,3.638728163257276549e+01,3.677616755445685470e+01,3.715796319588194052e+01,3.753032198313229628e+01,3.789083137033551196e+01,3.823703818871900495e+01,3.856647591050620605e+01,3.887669341393588240e+01,3.916528478931780910e+01,3.942991968869891650e+01,3.966837369482382769e+01,3.987855816958609978e+01,4.005854903874053718e+01,4.020661397861815090e+01,4.032123749194919071e+01,4.040114339331132953e+01,4.044531426949346553e+01,4.045300753519477865e+01,4.042376776866452559e+01,4.035743508357410292e+01,4.025414937083260014e+01,4.011435032528460454e+01,3.993877325523651223e+01,3.972844075548096043e+01,3.948465040487950262e+01,3.920895872565971274e+01,3.890316171155826908e+01,3.856927229416361058e+01,3.820949516988264349e+01,3.782619945275324369e+01,3.742188965002206658e+01,3.699917547750456492e+01,3.656074104005802639e+01,3.610931389917112000e+01,3.564763453515386260e+01,3.517842668643100978e+01,3.470436901398640828e+01,3.422806849627522752e+01,3.375203591028358119e+01,3.327866369937063240e+01,3.281020646963973775e+01,3.234876429545472831e+01,3.189626895291398867e+01,3.145447313912919896e+01,3.102494267643062997e+01,3.060905164539562051e+01,3.020798033996944909e+01,2.982271589282040480e+01,2.945405538014608737e+01,2.910261118291941429e+01,2.876881835631185780e+01,2.845294374084118871e+01,2.815509653755135844e+01,2.787524006496352413e+01,2.761320441720843277e+01,2.736869975010390377e+01,2.714132993432088270e+01,2.693060633145780258e+01,2.673596146904106874e+01,2.655676241339503107e+01,2.639232366418860565e+01,2.624191942050430271e+01
2.671393643101876236e+01,2.684118359529473352e+01,2.697485973212494059e+01,2.711515899184805178e+01,2.726229261040118246e+01,2.741649147450748814e+01,2.757800841126186597e+01,2.774712007464025376e+01,2.792412829524732842e+01,2.810936075657148692e+01,2.830317086159765338e+01,2.850593665823982548e+01,2.871805870101280789e+01,2.893995673988386130e+01,2.917206514542420592e+01,2.941482700218158897e+01,2.966868682943049507e+01,2.993408191978857857e+01,3.021143232111596433e+01,3.050112952498453112e+01,3.080352396501070444e+01,3.111891146954613774e+01,3.144751885455412577e+01,3.178948888281083640e+01,3.214486485363612189e+01,3.251357512192831223e+01,3.289541787509942594e+01,3.329004652038220513e+01,3.369695605178916509e+01,3.411547077476076595e+01,3.454473376642125260e+01,3.498369843975348203e+01,3.543112256052665998e+01,3.588556503634941919e+01,3.634538575794175586e+01,3.680874872408433873e+01,3.727362862447122893e+01,3.773782098990614031e+01,3.819895594826099483e+01,3.865451554891809849e+01,3.910185453980840720e+01,3.953822440156810103e+01,3.996080036479716568e+01,4.036671106100767759e+01,4.075307038766781886e+01,4.111701110478551868e+01,4.145571962659390408e+01,4.176647142876430507e+01,4.204666646059041568e+01,4.229386393386449328e+01,4.250581585646384042e+01,4.268049868936876834e+01,4.281614253093340494e+01,4.291125727132272516e+01,4.296465521231456819e+01,4.297546971196738497e+01,4.294316948846912396e+01,4.286756830098912019e+01,4.274882981550577199e+01,4.258746755813542961e+01,4.238433995508432872e+01,4.214064055458634073e+01,4.185788361969466820e+01,4.153788536928112762e+01,4.118274122594717568e+01,4.079479950186118486e+01,4.037663201518945755e+01,3.993100217947696251e+01,3.946083114510095413e+01,3.896916259518482661e+01,3.845912680791182936e+01,3.793390459318364094e+01,3.739669169455395092e+01,3.685066421818261517e+01,3.629894561035217038e+01,3.574457565526144265e+01,3.519048190695581013e+01,3.463945390511260314e+01,3.409412045579816919e+01,3.355693018710820752e+01,3.303013551762722244e+01,3.251578010465009783e+01,3.201568977073341671e+01,3.153146684285083978e+01,3.106448777949272610e+01,3.061590390852459009e+01,3.018664505331968684e+01,2.977742578718093114e+01,2.938875402669378900e+01,2.902094165350061772e+01,2.867411684092900614e+01,2.834823775661633860e+01,2.804310731424692804e+01,2.775838865610771933e+01,2.749362106260866767e+01,2.724823600435562199e+01,2.702157307590336899e+01,2.681289557703086146e+01,2.662140553634908002e+01,2.644625800238677016e+01
2.693744350603861903e+01,2.708193957812343911e+01,2.723384301064418267e+01,2.739339095990642647e+01,2.756084109581451003e+01,2.773647445860302341e+01,2.792059798248120828e+01,2.811354654014940735e+01,2.831568435528710026e+01,2.852740562688940784e+01,2.874913421027179083e+01,2.898132220512567869e+01,2.922444731155150421e+01,2.947900883076325229e+01,2.974552220825607662e+01,3.002451204360747994e+01,3.031650352252654557e+01,3.062201226288075873e+01,3.094153260664084826e+01,3.127552443323610731e+01,3.162439861577860256e+01,3.198850128891191602e+01,3.236809714444867581e+01,3.276335201715406953e+01,3.317431506660621210e+01,3.360090090058228895e+01,3.404287201944715235e+01,3.449982198818149470e+01,3.497115976169813223e+01,3.545609559882661443e+01,3.595362899985785532e+01,3.646253909112846259e+01,3.698137785735731597e+01,3.750846658819716595e+01,3.804189585992838829e+01,3.857952931693617415e+01,3.911901145145306202e+01,3.965777950522182493e+01,4.019307953475944117e+01,4.072198659457870207e+01,4.124142890208474910e+01,4.174821575613288616e+01,4.223906889075234972e+01,4.271065685871879225e+01,4.315963195887975701e+01,4.358266914871231990e+01,4.397650632166175910e+01,4.433798527929087641e+01,4.466409269278248928e+01,4.495200032815239410e+01,4.519910380552039442e+01,4.540305917539410530e+01,4.556181662412942046e+01,4.567365066607405311e+01,4.573718624044848724e+01,4.575142020541852617e+01,4.571573780831843692e+01,4.562992380750159782e+01,4.549416802545459859e+01,4.530906522202701581e+01,4.507560928818010382e+01,4.479518187177450272e+01,4.446953565485394222e+01,4.410077260400528587e+01,4.369131760924038588e+01,4.324388801026152862e+01,4.276145958006878800e+01,4.224722959314112813e+01,4.170457764776973875e+01,4.113702493887288369e+01,4.054819268853638192e+01,3.994176043679738797e+01,3.932142487542811438e+01,3.869085987366705837e+01,3.805367829831636328e+01,3.741339617298866926e+01,3.677339965438783764e+01,3.613691522935937428e+01,3.550698345715255044e+01,3.488643649904818744e+01,3.427787959433400289e+01,3.368367655958466145e+01,3.310593930920674666e+01,3.254652132093805506e+01,3.200701490191452336e+01,3.148875205025159119e+01,3.099280865477240710e+01,3.052001173221380270e+01,3.007094936733099289e+01,2.964598299691163419e+01,2.924526166365139446e+01,2.886873785975799223e+01,2.851618458245818744e+01,2.818721323353168629e+01,2.788129201170338689e+01,2.759776446920976056e+01,2.733586793107264512e+01,2.709475150649682362e+01,2.687349345529325717e+01,2.667111770729199804e+01
2.718270245216289638e+01,2.734609101638098849e+01,2.751795304681069609e+01,2.769857194369286191e+01,2.788825531821048287e+01,2.808733817143901490e+01,2.829618567828389430e+01,2.851519541009536951e+01,2.874479882207001324e+01,2.898546182812059513e+01,2.923768428721914603e+01,2.950199823180706105e+01,2.977896468112771799e+01,3.006916890054416669e+01,3.037321399217418971e+01,3.069171273244823794e+01,3.102527760822197678e+01,3.137450904440214572e+01,3.173998186201273697e+01,3.212223005537545362e+01,3.252173002954414471e+01,3.293888249308099603e+01,3.337399325530066818e+01,3.382725322972189019e+01,3.429871799505492902e+01,3.478828730997758356e+01,3.529568501657848856e+01,3.582043979810218559e+01,3.636186727805932861e+01,3.691905395857489225e+01,3.749084349497191226e+01,3.807582579022552949e+01,3.867232936658524522e+01,3.927841743220967174e+01,3.989188800831803405e+01,4.051027841775089655e+01,4.113087435995634422e+01,4.175072371165813934e+01,4.236665509855919964e+01,4.297530118344626260e+01,4.357312651231570300e+01,4.415645965518176297e+01,4.472152927473273110e+01,4.526450365672614851e+01,4.578153314368444171e+01,4.626879483071097354e+01,4.672253881153882560e+01,4.713913520644197774e+01,4.751512116323299040e+01,4.784724699969203243e+01,4.813252065141600156e+01,4.836824960374573834e+01,4.855207952010313477e+01,4.868202883120841307e+01,4.875651861918700547e+01,4.877439721596157796e+01,4.873495903455645362e+01,4.863795726262181063e+01,4.848361016689567293e+01,4.827260088250370984e+01,4.800607068883114437e+01,4.768560590101743202e+01,4.731321862977767978e+01,4.689132177922944322e+01,4.642269875990112382e+01,4.591046848960975524e+01,4.535804633628096383e+01,4.476910172232106078e+01,4.414751315857819947e+01,4.349732150648206641e+01,4.282268227935584548e+01,4.212781778837483415e+01,4.141696991590107757e+01,4.069435426008293888e+01,3.996411634119684209e+01,3.923029049407561786e+01,3.849676199422502521e+01,3.776723288018760627e+01,3.704519184378138164e+01,3.633388846548616868e+01,3.563631197689062446e+01,3.495517463807607328e+01,3.429289972725428726e+01,3.365161405484094104e+01,3.303314483611733010e+01,3.243902068710237074e+01,3.187047644830388293e+01,3.132846149139972525e+01,3.081365112504891712e+01,3.032646068807355277e+01,2.986706190101405411e+01,2.943540104010885017e+01,2.903121850041865315e+01,2.865406932624449254e+01,2.830334430616335695e+01,2.797829125580151555e+01,2.767803614268578372e+01,2.740160374293406420e+01,2.714793755794892860e+01,2.691591875948633827e+01
2.745060571072728095e+01,2.763456192633556086e+01,2.782814136739391131e+01,2.803167608079659701e+01,2.824552623644080285e+01,2.847008366268117285e+01,2.870577492140246179e+01,2.895306373446488379e+01,2.921245256489169861e+01,2.948448315249320473e+01,2.976973580533003627e+01,3.006882725609144202e+01,3.038240690655806731e+01,3.071115130413960514e+01,3.105575672215494620e+01,3.141692974998540677e+01,3.179537584019419683e+01,3.219178580665136735e+01,3.260682031988430651e+01,3.304109250230902717e+01,3.349514878548485797e+01,3.396944825267177492e+01,3.446434075117749529e+01,3.498004411854230256e+01,3.551662092271126880e+01,3.607395516712702488e+01,3.665172945529121762e+01,3.724940314400868147e+01,3.786619203859518024e+01,3.850105019533570072e+01,3.915265439521852642e+01,3.981939183753590328e+01,4.049935157178438772e+01,4.119032014126047159e+01,4.188978185209356297e+01,4.259492400789075361e+01,4.330264736383159629e+01,4.400958195651715243e+01,4.471210835912327752e+01,4.540638429777254714e+01,4.608837644716520288e+01,4.675389710428716228e+01,4.739864532148159526e+01,4.801825196746175095e+01,4.860832808004855110e+01,4.916451578053752769e+01,4.968254093941281724e+01,5.015826671911660384e+01,5.058774707385347824e+01,5.096727926060279401e+01,5.129345441075952294e+01,5.156320522869209810e+01,5.177384992196768110e+01,5.192313152743638227e+01,5.200925187657318816e+01,5.203089954068289558e+01,5.198727120950273672e+01,5.187808608266303878e+01,5.170359298929964353e+01,5.146457009348645784e+01,5.116231718852941412e+01,5.079864072792872776e+01,5.037583188140084189e+01,4.989663803732767633e+01,4.936422829518751598e+01,4.878215360006936407e+01,4.815430226384690116e+01,4.748485169203605949e+01,4.677821719034572112e+01,4.603899875958873622e+01,4.527192680163877014e+01,4.448180765275635906e+01,4.367346983465739640e+01,4.285171186944850774e+01,4.202125244373736734e+01,4.118668363194949222e+01,4.035242780154618458e+01,3.952269872606905210e+01,3.870146732847709359e+01,3.789243236989657504e+01,3.709899629042226366e+01,3.632424630163778545e+01,3.557094072751404212e+01,3.484150049350984091e+01,3.413800557495156340e+01,3.346219613669190807e+01,3.281547802786745649e+01,3.219893223915308056e+01,3.161332788573788832e+01,3.105913824746479079e+01,3.053655937798767894e+01,3.004553078691366608e+01,2.958575770195384891e+01,2.915673443112571661e+01,2.875776836687975191e+01,2.838800420338269959e+01,2.804644797371872045e+01,2.773199055407492608e+01,2.744343032567346796e+01,2.717949473096024349e+01
2.774190338858595339e+01,2.794811414588634335e+01,2.816517496050026992e+01,2.839346782687260529e+01,2.863340691619426082e+01,2.888544250665223956e+01,2.915006438581026771e+01,2.942780451334737535e+01,2.971923872309521997e+01,3.002498723933359770e+01,3.034571378438416644e+01,3.068212306333502681e+01,3.103495642774522523e+01,3.140498554376079454e+01,3.179300392136469711e+01,3.219981620040137926e+01,3.262622513523674428e+01,3.307301627285430357e+01,3.354094037800272332e+01,3.403069372259378156e+01,3.454289642354783041e+01,3.507806908211677666e+01,3.563660804660310077e+01,3.621875968740530993e+01,3.682459413641191759e+01,3.745397899984766354e+01,3.810655360266192559e+01,3.878170436143884103e+01,3.947854190974113919e+01,4.019588061313540805e+01,4.093222110952349624e+01,4.168573649280968141e+01,4.245426272374586318e+01,4.323529380084602280e+01,4.402598215684427885e+01,4.482314466308343981e+01,4.562327452675556572e+01,4.642255925584390042e+01,4.721690474617142286e+01,4.800196541677652107e+01,4.877318018689877022e+01,4.952581395341719173e+01,5.025500409507719013e+01,5.095581140278843435e+01,5.162327471717165395e+01,5.225246844875098873e+01,5.283856206586520443e+01,5.337688056330448205e+01,5.386296487323879489e+01,5.429263115104114945e+01,5.466202786339528785e+01,5.496768962525139557e+01,5.520658677572278350e+01,5.537616975020557675e+01,5.547440739548216015e+01,5.549981848434360643e+01,5.545149581376626458e+01,5.532912241282806320e+01,5.513297953986342748e+01,5.486394630903712510e+01,5.452349095056645467e+01,5.411365387217274758e+01,5.363702284796451636e+01,5.309670081097973338e+01,5.249626686345602167e+01,5.183973124133949284e+01,5.113148507384201480e+01,5.037624586280792016e+01,4.957899966863847396e+01,4.874494102856696998e+01,4.787941164883253720e+01,4.698783890505600880e+01,4.607567515577513007e+01,4.514833882410238175e+01,4.421115813378194304e+01,4.326931830092183873e+01,4.232781288407123554e+01,4.139139988606571308e+01,4.046456308427460158e+01,3.955147894471090808e+01,3.865598935301839134e+01,3.778158027460976598e+01,3.693136633997043816e+01,3.610808124185005852e+01,3.531407373090669921e+01,3.455130890712575109e+01,3.382137442739585964e+01,3.312549118595488551e+01,3.246452797457749284e+01,3.183901959351810618e+01,3.124918786213045507e+01,3.069496496919855844e+01,3.017601860647836176e+01,2.969177834365849478e+01,2.924146272760044596e+01,2.882410662186897099e+01,2.843858834267549440e+01,2.808365619285946124e+01,2.775795404486022022e+01,2.746004567527495155e+01
2.805718278072865246e+01,2.828732515710991180e+01,2.852961228281823480e+01,2.878447602518148685e+01,2.905238453172112045e+01,2.933384659787157744e+01,2.962941543888640084e+01,2.993969162915422189e+01,3.026532496184735166e+01,3.060701497746097388e+01,3.096550991221641169e+01,3.134160382722359017e+01,3.173613169729652839e+01,3.214996226477224894e+01,3.258398849875658243e+01,3.303911554381675586e+01,3.351624609389645570e+01,3.401626318649098835e+01,3.454001047794207579e+01,3.508827013185661770e+01,3.566173852760600482e+01,3.626100007285273108e+01,3.688649948109205212e+01,3.753851295012305656e+01,3.821711874789353658e+01,3.892216777595578492e+01,3.965325473549647484e+01,4.040969056432214757e+01,4.119047684321570557e+01,4.199428288489156813e+01,4.281942621684837036e+01,4.366385714961437259e+01,4.452514808351013187e+01,4.540048814992468351e+01,4.628668370755168837e+01,4.718016512094975212e+01,4.807700013962721641e+01,4.897291407258671825e+01,4.986331681840249530e+01,5.074333666738932891e+01,5.160786064359966474e+01,5.245158100389367917e+01,5.326904736301263199e+01,5.405472377138613638e+01,5.480304994023384779e+01,5.550850569015568681e+01,5.616567759835230333e+01,5.676932673900893889e+01,5.731445635386449311e+01,5.779637825764282155e+01,5.821077677727037525e+01,5.855376904535271620e+01,5.882196051719938623e+01,5.901249465598783672e+01,5.912309583091277432e+01,5.915210459613600591e+01,5.909850466116806444e+01,5.896194102251779157e+01,5.874272889814858445e+01,5.844185328622003084e+01,5.806095915330107005e+01,5.760233244015601173e+01,5.706887225081990067e+01,5.646405475865812917e+01,5.579188951744181679e+01,5.505686900255150817e+01,5.426391232418774990e+01,5.341830414844264396e+01,5.252562993146564452e+01,5.159170861564297184e+01,5.062252395431664809e+01,4.962415562341978159e+01,4.860271124550772015e+01,4.756426039564583164e+01,4.651477158166697734e+01,4.546005309609552114e+01,4.440569852658715178e+01,4.335703758937135888e+01,4.231909281937906542e+01,4.129654251502617512e+01,4.029369019848972044e+01,3.931444071709219656e+01,3.836228298120907709e+01,3.744027921171890938e+01,3.655106045785150570e+01,3.569682804635148443e+01,3.487936053671426606e+01,3.410002568595573536e+01,3.335979687056605059e+01,3.265927337314930412e+01,3.199870391651722201e+01,3.137801281806203590e+01,3.079682814112157274e+01,3.025451123653108709e+01,2.975018709517190274e+01,2.928277496945997882e+01,2.885101876664617038e+01,2.845351676776473582e+01,2.808875028131482665e+01,2.775511089860039959e+01
2.839685088130620727e+01,2.865256950134213199e+01,2.892178355642860765e+01,2.920497306628554668e+01,2.950265837325442675e+01,2.981540499488030704e+01,3.014382781427600122e+01,3.048859434516577238e+01,3.085042679706259605e+01,3.123010266118568978e+01,3.162845354041132495e+01,3.204636195757760220e+01,3.248475589646580630e+01,3.294460085918248637e+01,3.342688926264044369e+01,3.393262704528391538e+01,3.446281741271462806e+01,3.501844171672928496e+01,3.560043753542022671e+01,3.620967410104826456e+01,3.684692530568273128e+01,3.751284060015605348e+01,3.820791418748599710e+01,3.893245299517750624e+01,3.968654398918599924e+01,4.047002146321035099e+01,4.128243499779141246e+01,4.212301883193755003e+01,4.299066342336826096e+01,4.388388998992430601e+01,4.480082882254558285e+01,4.573920213820918690e+01,4.669631219857856763e+01,4.766903535663098523e+01,4.865382260957445482e+01,4.964670713293048721e+01,5.064331914934980006e+01,5.163890834875590485e+01,5.262837392654546420e+01,5.360630214710121777e+01,5.456701117449631511e+01,5.550460274504324332e+01,5.641302009152690289e+01,5.728611137095161610e+01,5.811769770075982677e+01,5.890164477695286394e+01,5.963193693525322914e+01,6.030275242687680759e+01,6.090853861657733148e+01,6.144408577468536237e+01,6.190459812847523580e+01,6.228576086213762153e+01,6.258380180888771349e+01,6.279554666241586602e+01,6.291846664629489538e+01,6.295071771660898463e+01,6.289117053176784822e+01,6.273943060038620700e+01,6.249584820890898840e+01,6.216151793061615649e+01,6.173826772178387756e+01,6.122863781403800232e+01,6.063584980930529156e+01,5.996376657043288816e+01,5.921684367204471044e+01,5.840007332853436139e+01,5.751892184584618661e+01,5.657926174812099873e+01,5.558729980738218046e+01,5.454950225297839950e+01,5.347251845706509243e+01,5.236310438334959372e+01,5.122804704976735479e+01,5.007409119350658955e+01,4.890786924129059798e+01,4.773583558202033572e+01,4.656420601614467358e+01,4.539890312015531748e+01,4.424550811924622451e+01,4.310921971037242884e+01,4.199482012555372989e+01,4.090664857500897966e+01,3.984858206502094902e+01,3.882402344942487105e+01,3.783589644897211457e+01,3.688664726176698139e+01,3.597825229223069243e+01,3.511223144682092823e+01,3.428966638271654688e+01,3.351122305106321164e+01,3.277717784889104990e+01,3.208744668276649747e+01,3.144161625156168327e+01,3.083897687403884191e+01,3.027855621763551497e+01,2.975915332609924491e+01,2.927937239354713128e+01,2.883765578915926753e+01,2.843231589810871540e+01,2.806156540860522597e+01
2.876112059533049958e+01,2.904400459909150811e+01,2.934177628025360818e+01,2.965496018985404802e+01,2.998412505450940913e+01,3.032988916624836051e+01,3.069292504757118323e+01,3.107396310118208405e+01,3.147379394110635786e+01,3.189326909645063068e+01,3.233329978192713838e+01,3.279485344133509983e+01,3.327894779217591292e+01,3.378664213194231536e+01,3.431902570956196286e+01,3.487720301887917884e+01,3.546227593448107029e+01,3.607532268281519094e+01,3.671737372224546903e+01,3.738938469293609046e+01,3.809220668937942378e+01,3.882655420282585368e+01,3.959297117539152566e+01,4.039179569956052518e+01,4.122312398336038086e+01,4.208677427980246222e+01,4.298225154638568313e+01,4.390871365381149616e+01,4.486494000000341487e+01,4.584930340381124836e+01,4.685974615054304593e+01,4.789376103731401457e+01,4.894837821928338428e+01,5.002015858792883307e+01,5.110519431999536266e+01,5.219911712174114626e+01,5.329711455936154607e+01,5.439395471543356564e+01,5.548401924595383150e+01,5.656134473665439089e+01,5.761967207486978992e+01,5.865250336876117387e+01,5.965316576388371317e+01,6.061488133275458523e+01,6.153084205102445736e+01,6.239428872871452825e+01,6.319859264105041774e+01,6.393733850454410828e+01,6.460440737339956740e+01,6.519405799158280956e+01,6.570100512875283982e+01,6.612049345456438232e+01,6.644836556559320684e+01,6.668112287133422456e+01,6.681597816850833738e+01,6.685089888354794141e+01,6.678464013808721234e+01,6.661676698734072488e+01,6.634766539162816912e+01,6.597854170178669619e+01,6.551141066431694071e+01,6.494907217625532780e+01,6.429507723741954806e+01,6.355368375353344845e+01,6.272980303287761927e+01,6.182893798712187561e+01,6.085711419010831236e+01,5.982080506354608929e+01,5.872685254363494778e+01,5.758238463620515546e+01,5.639473128957786940e+01,5.517134000440499619e+01,5.391969255947714146e+01,5.264722416388347881e+01,5.136124625165494706e+01,5.006887401838331186e+01,4.877695966400061423e+01,4.749203215599698069e+01,4.622024416709515293e+01,4.496732667512921466e+01,4.373855154485485741e+01,4.253870224574045267e+01,4.137205270025830828e+01,4.024235410722715756e+01,3.915282944732219050e+01,3.810617525541279349e+01,3.710457013881210031e+01,3.614968943315849970e+01,3.524272531925696228e+01,3.438441167500640461e+01,3.357505290622445671e+01,3.281455598798828532e+01,3.210246495286472879e+01,3.143799708258731229e+01,3.082008009356573552e+01,3.024738965210222830e+01,2.971838661023125994e+01,2.923135341553676270e+01,2.878442921598830395e+01,2.837564325170170321e+01
2.915000119734670037e+01,2.946156159058928381e+01,2.978942664969405740e+01,3.013415970894985207e+01,3.049637179743748305e+01,3.087672762368484314e+01,3.127595077943373525e+01,3.169482784361991889e+01,3.213421105347699580e+01,3.259501920346390591e+01,3.307823643562583982e+01,3.358490859801230499e+01,3.411613687166746445e+01,3.467306840199565698e+01,3.525688371720632119e+01,3.586878077494029071e+01,3.650995554758479500e+01,3.718157913632730072e+01,3.788477149240593889e+01,3.862057191962855995e+01,3.938990663301446915e+01,4.019355375198814073e+01,4.103210621024557980e+01,4.190593316531597878e+01,4.281514058587708860e+01,4.375953178090934159e+01,4.473856870865130730e+01,4.575133496203555694e+01,4.679650136803924454e+01,4.787229515870762953e+01,4.897647366944985947e+01,5.010630349403804473e+01,5.125854597462525675e+01,5.242944982877497750e+01,5.361475161440677084e+01,5.480968460890417759e+01,5.600899653233901887e+01,5.720697637950250680e+01,5.839749044455411564e+01,5.957402742955715524e+01,6.072975232845494986e+01,6.185756857603714565e+01,6.295018775231682184e+01,6.400020594177442490e+01,6.500018566937903586e+01,6.594274217624311518e+01,6.682063266191508433e+01,6.762684701187232861e+01,6.835469845131052580e+01,6.899791252261476870e+01,6.955071277585938105e+01,7.000790159027751258e+01,7.036493460982464399e+01,7.061798737668888748e+01,7.076401288081655139e+01,7.080078890823898519e+01,7.072695426233704552e+01,7.054203314555684301e+01,7.024644721924532575e+01,6.984151510051738398e+01,6.932943930138569044e+01,6.871328086067535423e+01,6.799692215744641999e+01,6.718501861996207936e+01,6.628294025126729139e+01,6.529670407636163532e+01,6.423289877263304959e+01,6.309860287135623480e+01,6.190129801122288455e+01,6.064877878358752383e+01,5.934906073285888795e+01,5.801028806468031007e+01,5.664064257056736551e+01,5.524825520268915113e+01,5.384112162942732027e+01,5.242702297479221585e+01,5.101345279678884026e+01,4.960755119585262207e+01,4.821604676917226584e+01,4.684520694482429093e+01,4.550079704583210116e+01,4.418804825300562555e+01,4.291163446088096123e+01,4.167565785699817837e+01,4.048364290438295399e+01,3.933853827310804974e+01,3.824272615128704444e+01,3.719803827025082654e+01,3.620577790381154415e+01,3.526674704766651303e+01,3.438127795180599833e+01,3.354926816542693757e+01,3.277021825903450036e+01,3.204327141047536287e+01,3.136725407863629300e+01,3.074071703829085678e+01,3.016197610977872046e+01,2.962915198549731954e+01,2.914020862922525623e+01,2.869298980181384096e+01
2.956329336941950103e+01,2.990494156056078978e+01,3.026431728193162485e+01,3.064201459103298930e+01,3.103867826832436094e+01,3.145501045953666264e+01,3.189177649024267325e+01,3.234980950481528339e+01,3.283001356606963839e+01,3.333336484473827710e+01,3.386091053072027535e+01,3.441376511185138298e+01,3.499310369161410961e+01,3.560015205531448856e+01,3.623617324504027692e+01,3.690245046705967980e+01,3.760026623069679630e+01,3.833087770418202922e+01,3.909548836914435554e+01,3.989521615948206090e+01,4.073105838010230428e+01,4.160385381387119708e+01,4.251424253815228838e+01,4.346262408236371755e+01,4.444911466170583481e+01,4.547350431617129374e+01,4.653521486473182733e+01,4.763325964891131292e+01,4.876620608475531782e+01,4.993214206479283490e+01,5.112864724972314434e+01,5.235277026157621094e+01,5.360101273496638896e+01,5.486932110049188793e+01,5.615308686480646827e+01,5.744715601669285832e+01,5.874584802970747432e+01,6.004298475252804224e+01,6.133192928166995728e+01,6.260563470203862835e+01,6.385670236373359643e+01,6.507744914392689850e+01,6.625998292611879492e+01,6.739628532137763273e+01,6.847830046301848483e+01,6.949802853307568284e+01,7.044762253101114879e+01,7.131948667694555866e+01,7.210637475718458234e+01,7.280148667196655765e+01,7.339856143626630569e+01,7.389196491520198151e+01,7.427677064606778856e+01,7.454883220812094180e+01,7.470484574676099498e+01,7.474240143740534847e+01,7.466002288199442205e+01,7.445719366264469841e+01,7.413437052681160822e+01,7.369298294024486040e+01,7.313541901148494162e+01,7.246499805803311745e+01,7.168593034303751210e+01,7.080326475608246994e+01,6.982282543657544238e+01,6.875113853805723352e+01,6.759535050203405149e+01,6.636313934704196527e+01,6.506262057997091119e+01,6.370224940058869834e+01,6.229072089614888341e+01,6.083686991140915268e+01,5.934957223178791708e+01,5.783764863611249751e+01,5.630977326365089652e+01,5.477438760173999555e+01,5.323962123975158534e+01,5.171322035719160937e+01,5.020248472347198287e+01,4.871421378946692471e+01,4.725466225144505472e+01,4.582950527120762274e+01,4.444381334678880791e+01,4.310203664994056538e+01,4.180799848336478419e+01,4.056489736517599454e+01,3.937531712263837846e+01,3.824124427340525756e+01,3.716409189120333423e+01,3.614472909440628001e+01,3.518351525987682749e+01,3.428033804991364519e+01,3.343465434572668471e+01,3.264553320477936893e+01,3.191169999945846669e+01,3.123158094850784749e+01,3.060334731798759123e+01,3.002495864263325842e+01,2.949420439884261214e+01,2.900874364464692690e+01
3.000058890083009189e+01,3.037361721687402039e+01,3.076578130009082557e+01,3.117769542819279849e+01,3.161002697230692249e+01,3.206350376499288757e+01,3.253892060591010704e+01,3.303714452796032219e+01,3.355911842904684050e+01,3.410586266630156871e+01,3.467847421209884828e+01,3.527812298557659432e+01,3.590604500065034443e+01,3.656353201226174576e+01,3.725191739712298755e+01,3.797255807337793243e+01,3.872681234483870583e+01,3.951601364875639888e+01,4.034144028995866194e+01,4.120428135668733205e+01,4.210559913219974248e+01,4.304628843836118790e+01,4.402703346990316646e+01,4.504826279732368022e+01,4.611010332893752661e+01,4.721233412463537604e+01,4.835434104177632264e+01,4.953507326376048781e+01,5.075300281089981524e+01,5.200608815830129572e+01,5.329174308417270822e+01,5.460681184243900077e+01,5.594755169470231948e+01,5.730962374806301796e+01,5.868809292765165964e+01,6.007743776728535323e+01,6.147157053072424304e+01,6.286386798267696463e+01,6.424721291692020486e+01,6.561404632329471553e+01,6.695642984118144625e+01,6.826611791008176056e+01,6.953463879418728766e+01,7.075338343353271853e+01,7.191370086566263353e+01,7.300699877465454790e+01,7.402484756437348778e+01,7.495908622492828499e+01,7.580192816965154634e+01,7.654606516780629022e+01,7.718476748789701958e+01,7.771197839906128024e+01,7.812240125351316067e+01,7.841157749018040590e+01,7.857595405613024298e+01,7.861293893461632365e+01,7.852094369208791136e+01,7.829941220587963358e+01,7.794883500341094873e+01,7.747074892590276818e+01,7.686772211782218278e+01,7.614332463035077581e+01,7.530208520602937483e+01,7.434943507557659359e+01,7.329163984037887758e+01,7.213572072965592952e+01,7.088936670497952264e+01,6.956083903278205582e+01,6.815887005488841055e+01,6.669255795620216531e+01,6.517125935686442517e+01,6.360448154397705878e+01,6.200177610691557106e+01,6.037263565289315181e+01,5.872639515921277109e+01,5.707213936972350865e+01,5.541861747014939255e+01,5.377416608537278364e+01,5.214664143688544584e+01,5.054336128600891698e+01,4.897105707359740023e+01,4.743583645500702062e+01,4.594315622501701313e+01,4.449780543549501743e+01,4.310389833271514703e+01,4.176487658449689633e+01,4.048352013217214562e+01,3.926196589051393460e+01,3.810173343115064171e+01,3.700375672192515708e+01,3.596842095575490106e+01,3.499560348683013444e+01,3.408471789795289908e+01,3.323476024852817545e+01,3.244435659588864240e+01,3.171181094072894524e+01,3.103515281774965473e+01,3.041218383240448730e+01,2.984052253116264097e+01,2.931764708328870483e+01
3.046127486215805291e+01,3.086683977600865347e+01,3.129291245897718099e+01,3.174011439734502815e+01,3.220912171196668794e+01,3.270067332504859081e+01,3.321557824528411373e+01,3.375472156484808295e+01,3.431906874199054869e+01,3.490966773329917316e+01,3.552764854159953956e+01,3.617421976021169172e+01,3.685066172289243980e+01,3.755831591195229180e+01,3.829857033505317077e+01,3.907284065394137684e+01,3.988254693526035766e+01,4.072908599353541348e+01,4.161379940783433540e+01,4.253793741439778131e+01,4.350261900512879265e+01,4.450878869322949782e+01,4.555717053908803393e+01,4.664822015806610978e+01,4.778207555321915834e+01,4.895850772620143232e+01,5.017687211468752650e+01,5.143606198074140679e+01,5.273446492812773556e+01,5.406992375443414289e+01,5.543970284343990329e+01,5.684046127246448066e+01,5.826823374724605742e+01,5.971842038287226728e+01,6.118578622394436195e+01,6.266447124197527785e+01,6.414801136542213555e+01,6.562937089106179656e+01,6.710098639884714089e+01,6.855482205089424497e+01,6.998243590448774398e+01,7.137505661510067512e+01,7.272366965489916879e+01,7.401911193170039382e+01,7.525217346949757768e+01,7.641370461083968735e+01,7.749472702950177450e+01,7.848654670430849478e+01,7.938086690617997476e+01,8.016989919397106235e+01,8.084647040290712994e+01,8.140412364360263098e+01,8.183721140976430775e+01,8.214097901742998431e+01,8.231163676542291796e+01,8.234641941187712177e+01,8.224363180037930476e+01,8.200267973570814206e+01,8.162408549676484881e+01,8.110948767594717879e+01,8.046162534239395825e+01,7.968430683356390887e+01,7.878236377791259315e+01,7.776159123372629267e+01,7.662867508868538380e+01,7.539110809541509184e+01,7.405709611495448996e+01,7.263545629857956953e+01,7.113550905569951510e+01,6.956696572974566095e+01,6.793981393442760464e+01,6.626420248997079909e+01,6.455032784464728479e+01,6.280832377378693110e+01,6.104815602017762188e+01,5.927952338078068806e+01,5.751176656010145649e+01,5.575378590590815975e+01,5.401396892412016371e+01,5.230012824251021897e+01,5.061945046323059216e+01,4.897845611767669993e+01,4.738297071905625302e+01,4.583810670291217804e+01,4.434825585782523660e+01,4.291709168094763527e+01,4.154758094849938743e+01,4.024200367172188919e+01,3.900198051507466346e+01,3.782850668598376842e+01,3.672199126379562273e+01,3.568230091871546250e+01,3.470880697781237245e+01,3.380043482258154341e+01,3.295571464862795352e+01,3.217283268006627139e+01,3.144968200633716293e+01,3.078391229437215060e+01,3.017297772146388368e+01,2.961418257098068452e+01
3.094454179628783663e+01,3.138365049138230489e+01,3.184458062470673312e+01,3.232794537975829030e+01,3.283441311503741389e+01,3.336471640728174748e+01,3.391966021214258831e+01,3.450012870678892085e+01,3.510709035683709089e+01,3.574160073868667808e+01,3.640480264939288446e+01,3.709792305100410204e+01,3.782226642594131505e+01,3.857920416524500240e+01,3.937015967270789929e+01,4.019658894493345258e+01,4.105995647959046124e+01,4.196170647042822566e+01,4.290322936628446371e+01,4.388582400013638818e+01,4.491065563047520470e+01,4.597871037772018354e+01,4.709074667941810333e+01,4.824724452565797606e+01,4.944835336630823264e+01,5.069383970008057361e+01,5.198303545778465207e+01,5.331478837435442131e+01,5.468741560249463163e+01,5.609866185173113706e+01,5.754566333744982387e+01,5.902491879306222700e+01,6.053226873343475489e+01,6.206288405875618963e+01,6.361126495564587202e+01,6.517125088807534894e+01,6.673604227715472348e+01,6.829823424955311850e+01,6.984986259375442330e+01,7.138246180677418806e+01,7.288713484737940007e+01,7.435463394179967622e+01,7.577545152131038719e+01,7.713992011498919510e+01,7.843831978245452774e+01,7.966099145727764608e+01,8.079845438836096605e+01,8.184152571953649158e+01,8.278144014176803012e+01,8.360996749138476503e+01,8.431952615433223741e+01,8.490329017182057214e+01,8.535528802695826300e+01,8.567049122362897151e+01,8.584489094528279907e+01,8.587556129852922027e+01,8.576070789929751470e+01,8.549970084175691909e+01,8.509309139519200471e+01,8.454261209402912414e+01,8.385116021321918822e+01,8.302276494706282506e+01,8.206253892625390733e+01,8.097661500768435872e+01,7.977206954720224985e+01,7.845683361062401673e+01,7.703959378734867869e+01,7.552968443950081223e+01,7.393697334437922564e+01,7.227174276713736845e+01,7.054456803334986148e+01,6.876619565798762324e+01,6.694742303010170303e+01,6.509898155408149023e+01,6.323142501259612658e+01,6.135502474796675898e+01,5.947967306316144231e+01,5.761479602673165346e+01,5.576927663401192348e+01,5.395138903606309100e+01,5.216874430435752430e+01,5.042824795902089363e+01,4.873606925709052007e+01,4.709762201968675299e+01,4.551755657754355866e+01,4.399976223656267393e+01,4.254737951171288302e+01,4.116282125063134600e+01,3.984780166881124330e+01,3.860337224660217004e+01,3.742996339397609518e+01,3.632743077101843454e+01,3.529510515869309728e+01,3.433184480340630529e+01,3.343608920766973114e+01,3.260591340486704581e+01,3.183908183570439832e+01,3.113310103424785424e+01,3.048527042940768439e+01,2.989273067031514941e+01
3.144939521938139038e+01,3.192289596801692753e+01,3.241945157875451855e+01,3.293964901138458856e+01,3.348412977466472285e+01,3.405359992779519018e+01,3.464883921975963688e+01,3.527070890263011904e+01,3.592015773026026437e+01,3.659822564053500571e+01,3.730604461922203541e+01,3.804483625797372071e+01,3.881590554934462745e+01,3.962063050864060898e+01,4.046044727638475536e+01,4.133683043606944807e+01,4.225126837902198673e+01,4.320523366044422175e+01,4.420014841621073742e+01,4.523734504647935495e+01,4.631802251667971859e+01,4.744319877560603516e+01,4.861365994031410764e+01,4.982990704413392535e+01,5.109210128293415920e+01,5.240000882127654336e+01,5.375294632975027298e+01,5.514972851321377334e+01,5.658861895283973809e+01,5.806728561916153097e+01,5.958276241575902787e+01,6.113141808154646384e+01,6.270893371242264180e+01,6.431029005986728464e+01,6.592976562547366370e+01,6.756094639802518032e+01,6.919674787624336432e+01,7.082944978948114567e+01,7.245074367512279423e+01,7.405179320085699146e+01,7.562330683864092862e+01,7.715562221198763382e+01,7.863880115648456126e+01,8.006273426268313642e+01,8.141725341814624528e+01,8.269225063868418601e+01,8.387780128435724691e+01,8.496428959965339800e+01,8.594253440444286696e+01,8.680391269684983513e+01,8.754047891381992486e+01,8.814507763131085483e+01,8.861144757369373792e+01,8.893431493970281565e+01,8.910947423726945260e+01,8.913385504766797851e+01,8.900557340518260219e+01,8.872396677553581412e+01,8.828961193724802570e+01,8.770432540695007617e+01,8.697114639401172553e+01,8.609430261311348431e+01,8.507915961706345342e+01,8.393215462810262295e+01,8.266071613655537931e+01,8.127317079419222523e+01,7.977863935025699504e+01,7.818692355611256062e+01,7.650838609644060284e+01,7.475382568879527412e+01,7.293434952830054385e+01,7.106124524097100448e+01,6.914585444938410319e+01,6.719944995126374465e+01,6.523311836904032646e+01,6.325764995159374848e+01,6.128343700385618575e+01,5.932038219193965034e+01,5.737781772747403863e+01,5.546443618151043609e+01,5.358823342219154284e+01,5.175646391766975540e+01,4.997560840229051138e+01,4.825135367507719764e+01,4.658858408960958286e+01,4.499138410722496673e+01,4.346305112400951032e+01,4.200611764833226403e+01,4.062238180088075978e+01,3.931294503362890680e+01,3.807825591745381644e+01,3.691815882906065127e+01,3.583194637468761812e+01,3.481841441843881313e+01,3.387591863430972694e+01,3.300243157000772953e+01,3.219559929431349588e+01,3.145279679469023648e+01,3.077118139485012449e+01,3.014774356987037152e+01
3.197466951695154691e+01,3.248324616326841152e+01,3.301600983219273644e+01,3.357350110399563192e+01,3.415631316113495330e+01,3.476510283312266836e+01,3.540060082376609785e+01,3.606362062944464952e+01,3.675506562954376477e+01,3.747593381465528495e+01,3.822731961650453059e+01,3.901041231738124537e+01,3.982649054741249017e+01,4.067691242621589254e+01,4.156310097173847851e+01,4.248652448333635334e+01,4.344867170772739939e+01,4.445102171410728431e+01,4.549500853659215238e+01,4.658198078577837009e+01,4.771315658353705658e+01,4.888957433261815311e+01,5.011203999117924468e+01,5.138107167757911498e+01,5.269684257801094418e+01,5.405912326400945744e+01,5.546722464376329498e+01,5.691994286588709429e+01,5.841550756256535948e+01,5.995153485696391726e+01,6.152498656433496649e+01,6.313213698492190673e+01,6.476854861808897112e+01,6.642905802055965125e+01,6.810777288780712979e+01,6.979808125818685482e+01,7.149267352713931700e+01,7.318357771761813524e+01,7.486220818774322083e+01,7.651942767339141938e+01,7.814562226865048444e+01,7.973078864803056831e+01,8.126463253871406778e+01,8.273667716679422313e+01,8.413638013623734935e+01,8.545325696074942812e+01,8.667700926388002358e+01,8.779765549784025325e+01,8.880566191199403647e+01,8.969207143199385257e+01,9.044862809298147965e+01,9.106789470666370789e+01,9.154336153241767704e+01,9.186954386541756890e+01,9.204206664713960606e+01,9.205773444116714188e+01,9.191458539433166663e+01,9.161192811316283269e+01,9.115036072069173656e+01,9.053177171051328287e+01,8.975932257484683419e+01,8.883741254217093797e+01,8.777162610893992678e+01,8.656866438039575939e+01,8.523626153960995566e+01,8.378308803453954567e+01,8.221864230395129880e+01,8.055313304968511545e+01,7.879735420127636303e+01,7.696255480724437348e+01,7.506030612456630990e+01,7.310236816458976250e+01,7.110055789182376884e+01,6.906662116483792602e+01,6.701211036016215417e+01,6.494826943579482759e+01,6.288592797663948630e+01,6.083540552636143417e+01,5.880642725559506090e+01,5.680805175204787361e+01,5.484861145066308552e+01,5.293566595815624964e+01,5.107596827201518153e+01,4.927544365491674228e+01,4.753918070622063397e+01,4.587143397667240663e+01,4.427563730373473305e+01,4.275442690521074240e+01,4.130967315925649075e+01,3.994251991986409678e+01,3.865343016796665410e+01,3.744223677826329322e+01,3.630819718882708003e+01,3.525005079213173076e+01,3.426607791947502335e+01,3.335415936273543736e+01,3.251183546461827234e+01,3.173636390759384085e+01,3.102477543918536540e+01,3.037392688382514550e+01
3.251904317280223466e+01,3.306321380047993586e+01,3.363258293387007569e+01,3.422762264187974779e+01,3.484885419100464077e+01,3.549686022119790607e+01,3.617229617514418294e+01,3.687590046341143335e+01,3.760850281725792144e+01,3.837103026276547268e+01,3.916451014641050676e+01,3.999006965488356968e+01,4.084893130230095437e+01,4.174240390688667901e+01,4.267186864722000905e+01,4.363875987518229493e+01,4.464454046813457921e+01,4.569067162533163184e+01,4.677857715118976500e+01,4.790960241821165511e+01,4.908496836194073154e+01,5.030572102553509239e+01,5.157267733817994326e+01,5.288636797498405429e+01,5.424697830133001730e+01,5.565428854684351734e+01,5.710761447818727987e+01,5.860574994092357315e+01,6.014691271420900165e+01,6.172869516407686064e+01,6.334802118816941885e+01,6.500111091446891010e+01,6.668345454722884824e+01,6.838979664437306383e+01,7.011413196266312298e+01,7.184971382166614262e+01,7.358907571788392943e+01,7.532406667037648162e+01,7.704590050394824630e+01,7.874521898155164479e+01,8.041216839090638757e+01,8.203648887898930298e+01,8.360761552000715824e+01,8.511478980592202959e+01,8.654717997172323862e+01,8.789400831830633365e+01,8.914468348137914688e+01,9.028893542183386955e+01,9.131695078708671076e+01,9.221950621838412587e+01,9.298809715905194651e+01,9.361505975471384033e+01,9.409368352866752616e+01,9.441831266238293097e+01,9.458443390941724260e+01,9.458874941644552337e+01,9.442923301172713479e+01,9.410516884219019573e+01,9.361717158743792311e+01,9.296718784370352751e+01,9.215847864394093847e+01,9.119558345252633558e+01,9.008426633520386417e+01,8.883144534808099024e+01,8.744510650539686480e+01,8.593420396707780640e+01,8.430854832741061955e+01,8.257868508042759004e+01,8.075576548204935534e+01,7.885141212137602906e+01,7.687758155289844808e+01,7.484642632842580667e+01,7.277015870418293275e+01,7.066091818807967684e+01,6.853064493901291598e+01,6.639096083959699968e+01,6.425305984208443988e+01,6.212760894113956311e+01,6.002466086361488351e+01,5.795357929172042333e+01,5.592297715904312838e+01,5.394066828554916526e+01,5.201363235429114695e+01,5.014799298472554057e+01,4.834900843024632167e+01,4.662107422483599350e+01,4.496773692878821294e+01,4.339171797849341772e+01,4.189494653158216408e+01,4.047860011666973890e+01,3.914315184606265774e+01,3.788842292882464591e+01,3.671363922863349671e+01,3.561749064339691273e+01,3.459819213869589305e+01,3.365354534152362476e+01,3.278099969101050704e+01,3.197771224531513212e+01,3.124060535507525671e+01,3.056642153033013543e+01
3.308105419684071080e+01,3.366117383805309515e+01,3.426736565748770147e+01,3.490000944359775303e+01,3.555952920559853681e+01,3.624640656933462424e+01,3.696119352613381892e+01,3.770452399245018427e+01,3.847712360394969267e+01,3.927981714663878421e+01,4.011353302175689350e+01,4.097930415227214240e+01,4.187826476840797341e+01,4.281164255873184743e+01,4.378074574249522755e+01,4.478694470809329431e+01,4.583164797105696664e+01,4.691627233158460797e+01,4.804220725427197891e+01,4.921077364874934545e+01,5.042317739607729266e+01,5.168045813809963818e+01,5.298343402109716749e+01,5.433264325621912860e+01,5.572828352218128600e+01,5.717015038536568738e+01,5.865757604348708298e+01,6.018936980633792189e+01,6.176376180606512634e+01,6.337835147576277706e+01,6.503006234536644570e+01,6.671510467523063426e+01,6.842894737865057664e+01,7.016630057433755496e+01,7.192110995901254000e+01,7.368656400060419287e+01,7.545511472700141553e+01,7.721851262807957994e+01,7.896785590507967356e+01,8.069365399765705149e+01,8.238590500217374313e+01,8.403418627290126608e+01,8.562775717899808114e+01,8.715567268291729874e+01,8.860690611874733236e+01,8.997047929005128708e+01,9.123559778367304318e+01,9.239178921552957036e+01,9.342904199241378649e+01,9.433794209484925375e+01,9.510980536325128298e+01,9.573680280472977699e+01,9.621207653088696077e+01,9.652984408640308800e+01,9.668548913093158603e+01,9.667563668823660805e+01,9.649821147058570148e+01,9.615247811596661620e+01,9.563906253251720102e+01,9.495995391971277400e+01,9.411848741990466749e+01,9.311930773714418308e+01,9.196831443331186051e+01,9.067258996526638271e+01,8.924031185249887699e+01,8.768065065501617994e+01,8.600365568932599558e+01,8.422013061121040778e+01,8.234150114356339145e+01,8.037967732354866257e+01,7.834691268481404336e+01,7.625566277807870108e+01,7.411844536913044124e+01,7.194770454047100827e+01,6.975568076606408852e+01,6.755428883339104118e+01,6.535500525962947904e+01,6.316876659613261324e+01,6.100587974475950404e+01,5.887594512835865856e+01,5.678779327312058456e+01,5.474943507956810151e+01,5.276802578813689593e+01,5.084984239046040955e+01,4.900027400368443153e+01,4.722382451659485270e+01,4.552412663630924783e+01,4.390396631505386438e+01,4.236531641944743853e+01,4.090937842013807568e+01,3.953663082710364307e+01,3.824688307415139832e+01,3.703933356316495207e+01,3.591263061188686123e+01,3.486493510547224162e+01,3.389398372835003670e+01,3.299715174551120356e+01,3.217151440755190350e+01,3.141390616799359492e+01,3.072097702106485073e+01
3.365911463118838753e+01,3.427538165176808604e+01,3.491844247002647705e+01,3.558855959823159054e+01,3.628603313351617032e+01,3.701121546290610098e+01,3.776452545099840563e+01,3.854646154517180889e+01,3.935761319530989510e+01,4.019866996065213982e+01,4.107042766776406495e+01,4.197379099266552771e+01,4.290977186845103120e+01,4.387948316840235918e+01,4.488412718423293768e+01,4.592497850972078766e+01,4.700336105093710160e+01,4.812061901422841004e+01,4.927808187002489859e+01,5.047702345169111027e+01,5.171861552059904454e+01,5.300387630736945965e+01,5.433361472023842964e+01,5.570837108977363528e+01,5.712835548939944630e+01,5.859338482794034064e+01,6.010282004821223012e+01,6.165550487930889290e+01,6.324970767473546118e+01,6.488306791954545361e+01,6.655254900347125613e+01,6.825439883088974113e+01,6.998411977052499822e+01,7.173644933737944029e+01,7.350535284701447836e+01,7.528402908974223351e+01,7.706492984256945533e+01,7.883979377411114342e+01,8.059969500757314620e+01,8.233510629574402628e+01,8.403597643706987697e+01,8.569182123133919049e+01,8.729182694578612711e+01,8.882496494625627292e+01,9.028011585218132495e+01,9.164620130687914923e+01,9.291232122398288595e+01,9.406789418363482014e+01,9.510279851443824839e+01,9.600751151376448433e+01,9.677324423315710078e+01,9.739206928901799643e+01,9.785703925160076722e+01,9.816229331606155029e+01,9.830315016473866763e+01,9.827618518526560365e+01,9.807929050842041363e+01,9.771171666543671108e+01,9.717409502844681413e+01,9.646844058066515970e+01,9.559813495518766047e+01,9.456789007305182793e+01,9.338369309269792495e+01,9.205273374483688542e+01,9.058331546022546377e+01,8.898475199517164924e+01,8.726725151402435188e+01,8.544179029405506753e+01,8.351997837201901120e+01,8.151391955083406060e+01,7.943606822830244596e+01,7.729908549822252439e+01,7.511569690966005908e+01,7.289855415596909438e+01,7.066010280599314797e+01,6.841245799136194705e+01,6.616728973238346612e+01,6.393571932774876387e+01,6.172822795752466618e+01,5.955457836223531842e+01,5.742375017066073184e+01,5.534388916243815970e+01,5.332227047527213415e+01,5.136527550651467777e+01,4.947838202025369014e+01,4.766616675813484960e+01,4.593231966827916324e+01,4.427966871419235417e+01,4.271021410585463229e+01,4.122517070864066113e+01,3.982501733186078496e+01,3.850955157623675973e+01,3.727794892652084258e+01,3.612882480912622896e+01,3.506029839198484410e+01,3.407005698146335959e+01,3.315541996541028880e+01,3.231340135854684092e+01,3.154077012273848268e+01,3.083410755660643687e+01
3.425152311551035211e+01,3.490398870665794107e+01,3.558380682183344845e+01,3.629109694545827836e+01,3.702600779668185282e+01,3.778873343155635922e+01,3.857952898856422053e+01,3.939872549140220315e+01,4.024674308096768982e+01,4.112410202044956975e+01,4.203143080562063005e+01,4.296947071890213721e+01,4.393907619220074423e+01,4.494121039111145421e+01,4.597693550250735939e+01,4.704739729884615684e+01,4.815380366509124599e+01,4.929739690663677720e+01,5.047941980696773356e+01,5.170107556919141700e+01,5.296348195254645930e+01,5.426762009940654963e+01,5.561427873545650868e+01,5.700399461049356375e+01,5.843699022423735556e+01,5.991311004499705462e+01,6.143175657341214446e+01,6.299182772330649271e+01,6.459165708188615440e+01,6.622895866752332950e+01,6.790077782138097007e+01,6.960344984621362130e+01,7.133256793991961331e+01,7.308296186206803213e+01,7.484868861915464322e+01,7.662303626051885885e+01,7.839854164473663900e+01,8.016702277020728218e+01,8.191962596908216199e+01,8.364688794720947840e+01,8.533881232187387411e+01,8.698495997198733676e+01,8.857455218072458081e+01,9.009658522731494656e+01,9.153995478170887168e+01,9.289358818172249244e+01,9.414658243507186342e+01,9.528834559562697848e+01,9.630873902039084555e+01,9.719821792598135346e+01,9.794796763417065222e+01,9.855003292714140173e+01,9.899743802470089804e+01,9.928429484624592760e+01,9.940589742658730188e+01,9.935880061208757752e+01,9.914088146571226901e+01,9.875138214910131751e+01,9.819093341810544473e+01,9.746155825613205081e+01,9.656665556729082311e+01,9.551096424873236401e+01,9.430050834879698129e+01,9.294252438512205572e+01,9.144537223580110208e+01,8.981843131910925138e+01,8.807198403636451189e+01,8.621708866269349869e+01,8.426544402773323839e+01,8.222924843011631424e+01,8.012105527497811863e+01,7.795362791328389562e+01,7.573979609756872833e+01,7.349231635414827224e+01,7.122373841166080410e+01,6.894627962563109236e+01,6.667170910514150250e+01,6.441124298777526747e+01,6.217545203026640621e+01,5.997418239237865123e+01,5.781649019797295352e+01,5.571059016724118607e+01,5.366381833440225790e+01,5.168260860183778505e+01,4.977248263994525246e+01,4.793805242626352481e+01,4.618303453106641143e+01,4.451027510201393511e+01,4.292178437898293453e+01,4.141877948229382866e+01,4.000173416272072302e+01,3.867043417860955401e+01,3.742403697210558988e+01,3.626113435027250631e+01,3.517981693465811333e+01,3.417773922116957408e+01,3.325218418727746439e+01,3.240012649180239634e+01,3.161829343009091176e+01,3.090322293062828152e+01
3.485647467764876950e+01,3.554505471130512717e+01,3.626137605110397999e+01,3.700538916203829842e+01,3.777706365905432051e+01,3.857640589174258139e+01,3.940347636445838475e+01,4.025840638687519402e+01,4.114141330366522453e+01,4.205281361991639244e+01,4.299303332346904938e+01,4.396261470874780741e+01,4.496221903064424907e+01,4.599262436287786215e+01,4.705471810376195663e+01,4.814948366353217324e+01,4.927798098076326028e+01,5.044132064957797468e+01,5.164063159225173649e+01,5.287702238060612103e+01,5.415153649070427377e+01,5.546510196459539088e+01,5.681847614540915004e+01,5.821218634270707781e+01,5.964646746806309352e+01,6.112119785059275046e+01,6.263583459279633558e+01,6.418934995301580670e+01,6.578017033679148540e+01,6.740611954074307732e+01,6.906436791534301278e+01,7.075138909404313381e+01,7.246292587365462623e+01,7.419396672383936675e+01,7.593873425247326736e+01,7.769068676023059083e+01,7.944253378507170282e+01,8.118626626974236160e+01,8.291320168847133232e+01,8.461404414943081065e+01,8.627895915478315203e+01,8.789766235858654397e+01,8.945952132328636708e+01,9.095366894704004324e+01,9.236912692575627659e+01,9.369493733421442982e+01,9.492030016814355520e+01,9.603471449100842960e+01,9.702812068173301441e+01,9.789104118764022644e+01,9.861471715399400750e+01,9.919123832958862863e+01,9.961366373703997112e+01,9.987613074531282109e+01,9.997395038737244022e+01,9.990368702292305159e+01,9.966322074873905024e+01,9.925179129961009039e+01,9.867002255282055501e+01,9.791992713902206447e+01,9.700489106243382764e+01,9.592963863344296271e+01,9.470017840684521104e+01,9.332373118955811719e+01,9.180864152367500708e+01,9.016427435617977437e+01,8.840089886859706780e+01,8.652956165274694911e+01,8.456195157847317034e+01,8.251025880316271355e+01,8.038703042005840871e+01,7.820502523336092793e+01,7.597707008497744141e+01,7.371592004393795605e+01,7.143412460964844968e+01,6.914390187999211435e+01,6.685702240139423225e+01,6.458470415748620042e+01,6.233751987348823320e+01,6.012531752254453465e+01,5.795715462557194542e+01,5.584124664499113067e+01,5.378492949176745697e+01,5.179463590059521039e+01,4.987588518510902702e+01,4.803328566809012301e+01,4.627054889416538686e+01,4.459051457688822495e+01,4.299518510974177588e+01,4.148576838195463523e+01,4.006272758458574401e+01,3.872583666881060083e+01,3.747424012469677024e+01,3.630651578234920152e+01,3.522073939501520101e+01,3.421454984209411521e+01,3.328521388529910041e+01,3.242968951968056501e+01,3.164468707906831213e+01,3.092672737907624381e+01
3.547206717285837385e+01,3.619655554862583102e+01,3.694900104696108656e+01,3.772915942602708128e+01,3.853679379081904699e+01,3.937169374163212865e+01,4.023369458108211916e+01,4.112269595794456478e+01,4.203867927513521607e+01,4.298172315267203203e+01,4.395201621698498684e+01,4.494986648774325033e+01,4.597570665432338899e+01,4.703009457753906020e+01,4.811370841910637353e+01,4.922733589169332191e+01,5.037185723574071972e+01,5.154822166424169438e+01,5.275741717123339924e+01,5.400043377103529707e+01,5.527822041965626454e+01,5.659163606300776905e+01,5.794139545371960764e+01,5.932801057409478318e+01,6.075172869134714659e+01,6.221246824684092758e+01,6.370975393767781014e+01,6.524265248091140279e+01,6.680971065253564234e+01,6.840889726037050877e+01,7.003755073797998421e+01,7.169233403264122728e+01,7.336919840204225807e+01,7.506335763090913815e+01,7.676927403051900001e+01,7.848065739274133534e+01,8.019047783890415815e+01,8.189099323674965092e+01,8.357379156160007483e+01,8.522984825728524072e+01,8.684959831601105407e+01,8.842302245255615389e+01,8.993974640585220470e+01,9.138915206928282942e+01,9.276049883905687921e+01,9.404305328660989005e+01,9.522622501442558018e+01,9.629970635237101817e+01,9.725361339994391585e+01,9.807862582377588012e+01,9.876612278288071423e+01,9.930831237844589054e+01,9.969835211068587455e+01,9.993045797097575189e+01,1.000000000000000000e+02,9.990358239725780720e+01,9.963910656772297614e+01,9.920581583027792760e+01,9.860432088113580562e+01,9.783660549448104859e+01,9.690601234208006076e+01,9.581720921354664711e+01,9.457613630923665937e+01,9.318993564876055302e+01,9.166686398083064091e+01,9.001619088654895506e+01,8.824808403133960155e+01,8.637348373494961606e+01,8.440396919011431009e+01,8.235161876601875974e+01,8.022886688154775925e+01,7.804835992604120065e+01,7.582281364389430678e+01,7.356487428726941857e+01,7.128698568307419237e+01,6.900126416190082068e+01,6.671938306435109212e+01,6.445246828123737259e+01,6.221100600607074682e+01,6.000476358868553461e+01,5.784272408536571675e+01,5.573303481069922327e+01,5.368296991634710480e+01,5.169890675807229741e+01,4.978631557002064767e+01,4.794976174877404418e+01,4.619291986251943172e+01,4.451859834521724935e+01,4.292877371331537972e+01,4.142463305378909411e+01,4.000662347662108687e+01,3.867450720097703964e+01,3.742742095026270022e+01,3.626393836434243667e+01,3.518213419435009826e+01,3.417964912327486360e+01,3.325375415017504110e+01,3.240141358368677516e+01,3.161934580769269587e+01,3.090408110496281324e+01
3.609630410611581652e+01,3.685638664205829684e+01,3.764447024156154953e+01,3.846009112618440184e+01,3.930277939647309893e+01,4.017207981984464027e+01,4.106757293019498434e+01,4.198889580295029589e+01,4.293576181343992459e+01,4.390797864525005423e+01,4.490546379128333854e+01,4.592825678597539252e+01,4.697652742448305219e+01,4.805057926514251676e+01,4.915084777599949462e+01,5.027789257496077369e+01,5.143238332560845549e+01,5.261507898567755603e+01,5.382680026054640621e+01,5.506839528696774266e+01,5.634069875904219060e+01,5.764448490478385168e+01,5.898041492260206553e+01,6.034897968718802730e+01,6.175043872784259946e+01,6.318475666321696593e+01,6.465153843873373773e+01,6.614996485075803889e+01,6.767872994940682929e+01,6.923598198478542542e+01,7.081926959523779885e+01,7.242549492762988450e+01,7.405087532655701921e+01,7.569091513068929089e+01,7.734038897053376616e+01,7.899333777434014792e+01,8.064307846069948482e+01,8.228222803188963042e+01,8.390274248676972491e+01,8.549597065268255847e+01,8.705272270002680557e+01,8.856335275929198758e+01,9.001785471732121380e+01,9.140596993654648372e+01,9.271730532710874684e+01,9.394145991599062029e+01,9.506815780787616177e+01,9.608738522687238515e+01,9.698952917287832065e+01,9.776551512635838037e+01,9.840694119418803609e+01,9.890620610910826827e+01,9.925662857646514681e+01,9.945255560294653208e+01,9.948945763986148449e+01,9.936400862347392149e+01,9.907414929082561628e+01,9.861913248393865672e+01,9.799954951974441997e+01,9.721733708825281894e+01,9.627576453748942242e+01,9.517940180054866062e+01,9.393406860772759615e+01,9.254676599552712446e+01,9.102559146535564594e+01,8.937963945001493471e+01,8.761888900855328188e+01,8.575408088425407982e+01,8.379658622221108999e+01,8.175826934952368674e+01,7.965134707155654326e+01,7.748824693245410344e+01,7.528146682916519694e+01,7.304343825897275622e+01,7.078639532552867308e+01,6.852225143328939794e+01,6.626248537150377160e+01,6.401803823358569900e+01,6.179922234326642183e+01,5.961564307294455745e+01,5.747613414963727507e+01,5.538870675707973845e+01,5.336051246552491989e+01,5.139781975970762318e+01,4.950600369550924995e+01,4.768954800144955186e+01,4.595205875563813436e+01,4.429628861464596667e+01,4.272417044931411567e+01,4.123685915425890869e+01,3.983478034230340370e+01,3.851768461099731411e+01,3.728470607379318835e+01,3.613442388073502798e+01,3.506492550961978338e+01,3.407387068509914485e+01,3.315855487645833932e+01,3.231597143110997195e+01,3.154287151645652898e+01,3.083582116411055196e+01
3.672709391396235645e+01,3.752236181768996204e+01,3.834550797151088375e+01,3.919582563170708056e+01,4.007258689125374218e+01,4.097506517564803374e+01,4.190255833202272839e+01,4.285441166288427439e+01,4.383004019483333025e+01,4.482894942635657287e+01,4.585075376999754582e+01,4.689519189540136779e+01,4.796213819296367831e+01,4.905160961467788638e+01,5.016376721024747098e+01,5.129891176291368282e+01,5.245747304029951863e+01,5.363999230965687559e+01,5.484709792217415725e+01,5.607947394460573776e+01,5.733782200478493252e+01,5.862281671622898926e+01,5.993505525105967990e+01,6.127500183434849390e+01,6.264292813088892586e+01,6.403885068122207258e+01,6.546246671138925421e+01,6.691308978441018951e+01,6.838958687530768543e+01,6.989031853058315846e+01,7.141308381311868914e+01,7.295507173117667321e+01,7.451282080320626733e+01,7.608218831746680166e+01,7.765833070725318521e+01,7.923569628032197443e+01,8.080803131788505311e+01,8.236840029851364875e+01,8.390922071096858303e+01,8.542231260397045389e+01,8.689896268782894140e+01,8.833000246101059361e+01,8.970589949302124921e+01,9.101686066255415142e+01,9.225294583586897090e+01,9.340419018367600756e+01,9.446073308372298527e+01,9.541295134829104541e+01,9.625159435732106772e+01,9.696791857402782000e+01,9.755381887428001164e+01,9.800195413580132708e+01,9.830586460875764487e+01,9.846007872424425500e+01,9.846020718856021858e+01,9.830302245439310127e+01,9.798652194906610191e+01,9.750997376751048762e+01,9.687394389521351457e+01,9.608030440487954138e+01,9.513222246019829242e+01,9.403413035100989248e+01,9.279167716639980767e+01,9.141166307635852206e+01,8.990195752971180809e+01,8.827140297811756398e+01,8.652970599615318292e+01,8.468731788034257590e+01,8.275530697123627988e+01,8.074522504975469417e+01,7.866897021084361086e+01,7.653864861453138246e+01,7.436643745864074617e+01,7.216445141196592772e+01,6.994461459617409105e+01,6.771854001454261152e+01,6.549741810225008010e+01,6.329191582323994680e+01,6.111208746999793817e+01,5.896729804238149342e+01,5.686615979728875914e+01,5.481648227953762387e+01,5.282523587244008212e+01,5.089852865015676286e+01,4.904159607817689448e+01,4.725880289748729979e+01,4.555365634552181575e+01,4.392882971520057822e+01,4.238619513367239477e+01,4.092686435522599453e+01,3.955123630780125410e+01,3.825905010837780651e+01,3.704944226730259516e+01,3.592100683280637696e+01,3.487185728154690878e+01,3.389968903565931413e+01,3.300184157792202910e+01,3.217535924060138797e+01,3.141704985667112027e+01,3.072354058088809836e+01
3.736224612885067131e+01,3.819220813068953646e+01,3.904976772692432974e+01,3.993395369559537755e+01,4.084375715965297360e+01,4.177815585072569604e+01,4.273613927383864564e+01,4.371673411413588894e+01,4.471902916032115627e+01,4.574219896792968854e+01,4.678552545156397002e+01,4.784841658144783594e+01,4.893042136826603183e+01,5.003124035293087246e+01,5.115073087572679356e+01,5.228890648260713192e+01,5.344592993488146249e+01,5.462209942095346094e+01,5.581782772314687691e+01,5.703361426615843044e+01,5.827001016267980305e+01,5.952757657188335116e+01,6.080683689277268655e+01,6.210822352133231306e+01,6.343202010206909591e+01,6.477830039479030688e+01,6.614686505014439888e+01,6.753717773654540224e+01,6.894830218095589203e+01,7.037884177150169762e+01,7.182688341667619625e+01,7.328994736051309644e+01,7.476494461319393281e+01,7.624814357093733008e+01,7.773514726781658624e+01,7.922088252683036558e+01,8.069960206094714295e+01,8.216490032110093011e+01,8.360974360264270899e+01,8.502651461107944897e+01,8.640707135955472040e+01,8.774281993270491853e+01,8.902480031306140518e+01,9.024378413613163730e+01,9.139038292777166816e+01,9.245516509126311178e+01,9.342877965990051337e+01,9.430208462132839031e+01,9.506627745874246216e+01,9.571302544651560140e+01,9.623459318751027070e+01,9.662396488841967823e+01,9.687495893838462280e+01,9.698233248365890802e+01,9.694187387434581638e+01,9.675048109376868410e+01,9.640622456095377402e+01,9.590839301484693635e+01,9.525752153702691771e+01,9.445540113882735511e+01,9.350506971938757772e+01,9.241078458347620028e+01,9.117797708225512565e+01,8.981319029714674684e+01,8.832400101789662017e+01,8.671892756295673621e+01,8.500732524667772338e+01,8.319927150801466098e+01,8.130544287541511039e+01,7.933698604966431844e+01,7.730538543960854270e+01,7.522232948526507812e+01,7.309957805070095560e+01,7.094883306838360681e+01,6.878161447184309907e+01,6.660914326979710154e+01,6.444223339856557686e+01,6.229119374740497506e+01,6.016574149046994080e+01,5.807492758673799926e+01,5.602707503261379429e+01,5.402973017798062472e+01,5.208962715163573165e+01,5.021266519215460278e+01,4.840389845033912763e+01,4.666753762372343317e+01,4.500696260542524385e+01,4.342474518127524163e+01,4.192268069201325886e+01,4.050182749187067088e+01,3.916255298065726720e+01,3.790458496234692376e+01,3.672706708723069369e+01,3.562861716451718053e+01,3.460738718489071886e+01,3.366112396473381807e+01,3.278722941201129970e+01,3.198281951463622619e+01,3.124478126194329874e+01,3.056982682524660788e+01
3.799946517282174341e+01,3.886355750682643873e+01,3.975482125604192163e+01,4.067200159125033565e+01,4.161378824335710647e+01,4.257884158523395968e+01,4.356581994543043379e+01,4.457340748649645690e+01,4.560034190877502169e+01,4.664544118334785594e+01,4.770762847832249065e+01,4.878595442353197598e+01,4.987961586225785027e+01,5.098797026656097842e+01,5.211054504637381513e+01,5.324704106213656729e+01,5.439732975614883514e+01,5.556144344784443945e+01,5.673955849092297399e+01,5.793197116290439652e+01,5.913906634661439199e+01,6.036127926402424038e+01,6.159905073076517112e+01,6.285277660898520224e+01,6.412275234108827249e+01,6.540911364113549098e+01,6.671177459809410948e+01,6.803036459962426363e+01,6.936416561098680233e+01,7.071205143576412411e+01,7.207243063897030311e+01,7.344319482526698550e+01,7.482167393293434543e+01,7.620460012671037475e+01,7.758808174962510407e+01,7.896758862687941871e+01,8.033794980637055971e+01,8.169336457466994261e+01,8.302742730940755678e+01,8.433316642550271069e+01,8.560309735087264471e+01,8.682928913528525072e+01,8.800344396256323876e+01,8.911698851035224322e+01,9.016117579210754229e+01,9.112719583154041914e+01,9.200629326868347846e+01,9.278988978636584761e+01,9.346970908260036026e+01,9.403790200328138837e+01,9.448716939437970552e+01,9.481088023565899903e+01,9.500318267935425354e+01,9.505910573614130499e+01,9.497464952433224994e+01,9.474686222228326926e+01,9.437390213277178930e+01,9.385508357465651841e+01,9.319090565347192978e+01,9.238306331997864618e+01,9.143444049478711122e+01,9.034908540849424696e+01,8.913216867083768591e+01,8.778992493007334019e+01,8.632957930657734380e+01,8.475926007490508596e+01,8.308789931957257124e+01,8.132512349628601100e+01,7.948113598819162462e+01,7.756659385336809009e+01,7.559248101411880327e+01,7.356998014098337535e+01,7.151034543652755815e+01,6.942477842891649686e+01,6.732430874723628733e+01,6.521968167467593958e+01,6.312125406799596306e+01,6.103889999873810979e+01,5.898192722029142487e+01,5.695900530227150682e+01,5.497810600667598635e+01,5.304645621565610014e+01,5.117050346475134859e+01,4.935589389371740765e+01,4.760746220456105959e+01,4.592923301716572837e+01,4.432443284014853901e+01,4.279551173061475566e+01,4.134417360262027330e+01,3.997141406088560700e+01,3.867756458324623736e+01,3.746234185133966577e+01,3.632490103231208423e+01,3.526389184251073061e+01,3.427751627439693038e+01,3.336358693713374635e+01,3.251958504611701528e+01,3.174271719369362543e+01,3.102997013901236656e+01,3.037816296606367672e+01
3.863634280282034439e+01,3.953393637691348772e+01,4.045814487961281714e+01,4.140741353601339370e+01,4.238011323735887004e+01,4.337456848004701726e+01,4.438908688733290830e+01,4.542198963997414296e+01,4.647164206449356527e+01,4.753648356477534520e+01,4.861505603744524961e+01,4.970602988669914168e+01,5.080822675232847985e+01,5.192063808751408516e+01,5.304243877178086564e+01,5.417299501987779564e+01,5.531186594905476994e+01,5.645879829420393037e+01,5.761371391073443249e+01,5.877668987611897222e+01,5.994793118923863062e+01,6.112773626765576296e+01,6.231645565179458401e+01,6.351444453618364605e+01,6.472200995549306413e+01,6.593935365091616063e+01,6.716651182427395383e+01,6.840329314697348195e+01,6.964921652287252130e+01,7.090345020296987855e+01,7.216475391115514526e+01,7.343142566041993291e+01,7.470125491540647999e+01,7.597148368859269851e+01,7.723877704369688502e+01,7.849920432226551270e+01,7.974823221047665811e+01,8.098073052682515538e+01,8.219099134269606566e+01,8.337276175310881854e+01,8.451929030133504739e+01,8.562338673661645316e+01,8.667749445734285985e+01,8.767377467157969306e+01,8.860420100158520995e+01,8.946066297749598561e+01,9.023507661575602867e+01,9.091950006740128742e+01,9.150625215629300158e+01,9.198803151288278457e+01,9.235803394880645101e+01,9.261006571372811891e+01,9.273865032900700101e+01,9.273912680194284519e+01,9.260773718697443257e+01,9.234170167217885705e+01,9.193927962524699637e+01,9.139981532610900672e+01,9.072376743582569247e+01,8.991272159478165804e+01,8.896938589860968705e+01,8.789756935843240626e+01,8.670214380373370489e+01,8.538899002262805027e+01,8.396492924718279482e+01,8.243764137332135533e+01,8.081557154923034147e+01,7.910782696787065049e+01,7.732406585419006717e+01,7.547438074340726644e+01,7.356917820215100789e+01,7.161905714957154601e+01,6.963468789243421497e+01,6.762669389953815369e+01,6.560553821059127699e+01,6.358141620787198889e+01,6.156415628135512463e+01,5.956312969576008953e+01,5.758717072784329361e+01,5.564450789098563632e+01,5.374270680843804371e+01,5.188862504294067435e+01,5.008837894486039488e+01,4.834732234893125025e+01,4.667003673589363899e+01,4.506033228374839439e+01,4.352125906707395586e+01,4.205512752410550092e+01,4.066353720136631011e+01,3.934741270504075317e+01,3.810704573664084194e+01,3.694214206676935675e+01,3.585187230320467222e+01,3.483492533586331064e+01,3.388956338874790220e+01,3.301367767475711901e+01,3.220484373000996925e+01,3.146037559682558538e+01,3.077737812541175799e+01,3.015279677046776996e+01
3.927035043505210865e+01,4.020075472801201499e+01,4.115710466243419319e+01,4.213753230267300864e+01,4.314007558218488469e+01,4.416270812671692880e+01,4.520337102718387712e+01,4.626000588361099375e+01,4.733058835815539567e+01,4.841316140632340392e+01,4.950586730425330018e+01,5.060697755921688668e+01,5.171491978280114665e+01,5.282830062352874023e+01,5.394592389932023480e+01,5.506680314083740768e+01,5.619016785424619087e+01,5.731546293533572367e+01,5.844234081441574347e+01,5.957064608031672037e+01,6.070039251864364616e+01,6.183173269992880705e+01,6.296492046256341268e+01,6.410026684786660667e+01,6.523809025447667409e+01,6.637866178026089869e+01,6.752214690591593182e+01,6.866854483926191222e+01,6.981762697715035415e+01,7.096887604763507795e+01,7.212142756406215938e+01,7.327401525134595772e+01,7.442492209029458650e+01,7.557193856696896717e+01,7.671232961050628774e+01,7.784281155571207478e+01,7.895954027847301404e+01,8.005811142637519140e+01,8.113357340879571211e+01,8.218045352620936228e+01,8.319279731452688509e+01,8.416422086471439457e+01,8.508797555903782950e+01,8.595702435161891231e+01,8.676412842121879976e+01,8.750194274667518357e+01,8.816311890812585261e+01,8.874041320722147930e+01,8.922679803316850666e+01,8.961557428367116529e+01,8.990048258435261630e+01,9.007581103926527533e+01,9.013649728933006600e+01,9.007822275412007684e+01,8.989749708289232899e+01,8.959173103931419746e+01,8.915929628567907628e+01,8.859957081015966196e+01,8.791296904740329410e+01,8.710095607038303456e+01,8.616604557123109487e+01,8.511178169191413190e+01,8.394270510321261725e+01,8.266430405399761128e+01,8.128295141425152792e+01,7.980582900745159236e+01,7.824084076456597359e+01,7.659651642791700965e+01,7.488190768468034264e+01,7.310647871431721967e+01,7.127999319062510608e+01,6.941239978755908169e+01,6.751371820003475932e+01,6.559392760928854216e+01,6.366285940084422634e+01,6.173009578642447792e+01,5.980487579471523674e+01,5.789600988572846063e+01,5.601180421596370707e+01,5.415999534311344377e+01,5.234769591611462403e+01,5.058135165509139597e+01,4.886670969193798442e+01,4.720879812116076835e+01,4.561191640669338199e+01,4.407963610750179839e+01,4.261481122588419623e+01,4.121959734957464150e+01,3.989547865336083987e+01,3.864330174839235355e+01,3.746331531737792631e+01,3.635521445044317090e+01,3.531818859792187482e+01,3.435097208064478025e+01,3.345189614281935775e+01,3.261894159451054520e+01,3.184979116698706392e+01,3.114188079165632317e+01,3.049244910884608828e+01,2.989858461327198924e+01
3.989883269405529376e+01,4.086129614095933960e+01,4.184894226703562481e+01,4.285958013440178149e+01,4.389090419695936873e+01,4.494052602188430967e+01,4.600600833991119032e+01,4.708490074234351397e+01,4.817477625350065296e+01,4.927326793237433833e+01,5.037810459988592982e+01,5.148714475129496293e+01,5.259840769959146911e+01,5.371010100718292790e+01,5.482064330130978647e+01,5.592868163413621119e+01,5.703310264132284857e+01,5.813303687222595784e+01,5.922785580894346680e+01,6.031716125765571235e+01,6.140076698065662697e+01,6.247867263694787709e+01,6.355103030839644163e+01,6.461810410178449615e+01,6.568022352874697845e+01,6.673773156945935625e+01,6.779092851579665080e+01,6.884001285943195114e+01,6.988502063419022647e+01,7.092576473462898434e+01,7.196177580969651899e+01,7.299224636769511676e+01,7.401597972394507963e+01,7.503134537395553139e+01,7.603624228223074510e+01,7.702807144105042880e+01,7.800371887693223982e+01,7.895955006855720626e+01,7.989141649347422458e+01,8.079467474772995672e+01,8.166421838948043899e+01,8.249452235215741780e+01,8.327969946295760906e+01,8.401356829665107284e+01,8.468973130139481498e+01,8.530166186057077482e+01,8.584279871039484533e+01,8.630664592417753056e+01,8.668687650675559553e+01,8.697743752171362530e+01,8.717265460324850324e+01,8.726733368615893482e+01,8.725685782223985143e+01,8.713727703859863993e+01,8.690538933085161943e+01,8.655881106816798365e+01,8.609603531274862576e+01,8.551647681746580076e+01,8.482050275498912129e+01,8.400944854200778877e+01,8.308561844484557923e+01,8.205227097935794234e+01,8.091358944000739939e+01,7.967463820224330107e+01,7.834130573107771056e+01,7.692023549011017280e+01,7.541874617319587060e+01,7.384474287054310082e+01,7.220662092853510217e+01,7.051316436553875633e+01,6.877344076323822719e+01,6.699669456475221807e+01,6.519224067834899472e+01,6.336936021148954268e+01,6.153720004778151065e+01,5.970467783365072734e+01,5.788039376729432917e+01,5.607255038543952708e+01,5.428888132960631907e+01,5.253658984910059360e+01,5.082229756894062689e+01,4.915200382320707462e+01,4.753105563339319417e+01,4.596412820216941242e+01,4.445521559990518767e+01,4.300763114791733699e+01,4.162401685158184961e+01,4.030636111019964574e+01,3.905602383007980904e+01,3.787376799316649567e+01,3.675979668541488365e+01,3.571379456608720204e+01,3.473497275967605447e+01,3.382211617426003158e+01,3.297363229135697793e+01,3.218760053007822108e+01,3.146182135972687632e+01,3.079386441696918553e+01,3.018111497338691862e+01,2.962081819372879110e+01
4.051900355410079868e+01,4.151271041800552553e+01,4.253076336337140617e+01,4.357064214475740016e+01,4.462969098444961702e+01,4.570515219284578734e+01,4.679420250460808006e+01,4.789399144628056604e+01,4.900168095596728790e+01,5.011448539463529528e+01,5.122971102500542884e+01,5.234479399089384799e+01,5.345733580995887735e+01,5.456513539825122905e+01,5.566621667731557466e+01,5.675885087468412848e+01,5.784157271649704057e+01,5.891318982589258013e+01,5.997278478109143407e+01,6.101970945023997217e+01,6.205357140272869287e+01,6.307421239474170704e+01,6.408167913540617633e+01,6.507618675370420647e+01,6.605807559946646279e+01,6.702776221818801616e+01,6.798568553290908767e+01,6.893224944089666906e+01,6.986776318255814999e+01,7.079238095960749888e+01,7.170604236436528822e+01,7.260841522842849827e+01,7.349884250401085239e+01,7.437629475338025031e+01,7.523932974055824729e+01,7.608606049561907980e+01,7.691413305764467623e+01,7.772071490099722268e+01,7.850249481561817788e+01,7.925569475114761531e+01,7.997609385332414433e+01,8.065906462664636933e+01,8.129962085746787182e+01,8.189247663466422011e+01,8.243211551893332967e+01,8.291286864463775430e+01,8.332900029741243486e+01,8.367479930340016381e+01,8.394467439790776098e+01,8.413325161737895996e+01,8.423547168249936590e+01,8.424668531427499829e+01,8.416274444991279324e+01,8.398008740069431610e+01,8.369581611773219265e+01,8.330776390014848687e+01,8.281455208915252797e+01,8.221563453497229546e+01,8.151132889491746880e+01,8.070283411264344409e+01,7.979223373306489009e+01,7.878248501624611322e+01,7.767739411887529855e+01,7.648157790579426774e+01,7.520041322915696469e+01,7.383997476248603675e+01,7.240696269541953711e+01,7.090862177754618756e+01,6.935265334281140781e+01,6.774712204713608799e+01,6.610035910996852238e+01,6.442086386555024546e+01,6.271720540296823287e+01,6.099792600792598307e+01,5.927144801691899545e+01,5.754598556029806389e+01,5.582946250938474009e+01,5.412943775969436899e+01,5.245303878307794321e+01,5.080690417199682685e+01,4.919713568493715172e+01,4.762926008868505789e+01,4.610820088600183198e+01,4.463825982083762511e+01,4.322310787171277724e+01,4.186578528069101424e+01,4.056871002317353003e+01,3.933369400450158793e+01,3.816196617425926263e+01,3.705420167867953296e+01,3.601055612544776352e+01,3.503070401261237521e+01,3.411388037285069430e+01,3.325892470412779289e+01,3.246432629559168248e+01,3.172827011085853144e+01,3.104868245696882667e+01,3.042327574347093133e+01,2.984959171954687918e+01,2.932504266515325853e+01
4.112794636426333739e+01,4.215201032469752818e+01,4.319953038556170100e+01,4.426765429863792178e+01,4.535337315089084598e+01,4.645355687039906201e+01,4.756499283856928884e+01,4.868442692308401831e+01,4.980860614508360129e+01,5.093432210696049367e+01,5.205845423729309118e+01,5.317801186003261193e+01,5.429017406886244856e+01,5.539232638693204080e+01,5.648209321858035281e+01,5.755736515413970977e+01,5.861632027160528935e+01,5.965743868917595449e+01,6.067950975886915899e+01,6.168163145115904200e+01,6.266320166062040187e+01,6.362390135883460118e+01,6.456366972858674558e+01,6.548267162732710744e+01,6.638125794222392528e+01,6.725991960784827484e+01,6.811923625445663788e+01,6.895982063390525241e+01,6.978226012566381087e+01,7.058705675187286488e+01,7.137456722326319891e+01,7.214494459319377029e+01,7.289808311221473502e+01,7.363356784867312399e+01,7.435063057137928411e+01,7.504811327891508199e+01,7.572444060872143723e+01,7.637760217079676295e+01,7.700514562999657642e+01,7.760418111290103127e+01,7.817139724630007436e+01,7.870308885153183098e+01,7.919519602974887107e+01,7.964335408551437467e+01,8.004295345786232474e+01,8.038920856682847216e+01,8.067723424680002609e+01,8.090212823251562213e+01,8.105905799501216791e+01,8.114335009804908339e+01,8.115058016415622433e+01,8.107666150576220332e+01,8.091793049180617459e+01,8.067122678337352681e+01,8.033396668139548069e+01,7.990420798218028153e+01,7.938070492815811008e+01,7.876295206631564838e+01,7.805121607907483394e+01,7.724655492486027697e+01,7.635082391084925746e+01,7.536666861074584745e+01,7.429750482817925672e+01,7.314748608407930419e+01,7.192145936713137644e+01,7.062491012383654265e+01,6.926389767328936387e+01,6.784498240699288374e+01,6.637514627238411435e+01,6.486170813790720047e+01,6.331223569628113523e+01,6.173445558105026976e+01,6.013616335069019669e+01,5.852513493660064370e+01,5.690904105932202128e+01,5.529536599511597927e+01,5.369133192715374037e+01,5.210382994693132730e+01,5.053935858745825271e+01,4.900397057565354686e+01,4.750322829261052959e+01,4.604216823214088095e+01,4.462527455514187125e+01,4.325646165424349476e+01,4.193906547374570692e+01,4.067584317726986853e+01,3.946898062237435312e+01,3.832010698946902494e+01,3.723031582284517071e+01,3.620019167497899559e+01,3.522984150127720682e+01,3.431892993034325912e+01,3.346671753336295296e+01,3.267210123361554253e+01,3.193365603134061814e+01,3.124967726790637812e+01,3.061822271393582895e+01,3.003715383618299839e+01,2.950417567493943238e+01,2.901687484509660209e+01
4.172261887975491135e+01,4.277607378306984742e+01,4.385206121944095514e+01,4.494739784055109055e+01,4.605872252936832467e+01,4.718253376414614308e+01,4.831523047844743246e+01,4.945315573118074326e+01,5.059264239391501405e+01,5.173005996958025321e+01,5.286186158059656037e+01,5.398463010876047008e+01,5.509512243671981935e+01,5.619031073394869225e+01,5.726741975053489853e+01,5.832395913084928907e+01,5.935774983652538594e+01,6.036694387355194635e+01,6.135003665020375507e+01,6.230587144868079719e+01,6.323363567051301004e+01,6.413284871005659227e+01,6.500334151709206765e+01,6.584522812338443032e+01,6.665886962337563659e+01,6.744483130996158593e+01,6.820383386644911639e+01,6.893669969926020258e+01,6.964429565697983548e+01,7.032747351461662788e+01,7.098700970277843680e+01,7.162354582599107289e+01,7.223753153967760454e+01,7.282917133952315680e+01,7.339837675937749850e+01,7.394472537502052489e+01,7.446742787277702291e+01,7.496530426706333117e+01,7.543677014356781285e+01,7.587983357001846230e+01,7.629210306038578437e+01,7.667080670763837702e+01,7.701282232206369827e+01,7.731471813425497430e+01,7.757280335178725750e+01,7.778318760384939878e+01,7.794184807576628771e+01,7.804470293192945007e+01,7.808768945684226992e+01,7.806684521447851921e+01,7.797839043951975668e+01,7.781880983261646634e+01,7.758493193663224474e+01,7.727400432158302124e+01,7.688376290105099997e+01,7.641249383937201856e+01,7.585908668283306611e+01,7.522307755443858923e+01,7.450468148460571172e+01,7.370481320288206462e+01,7.282509598143258245e+01,7.186785839238555695e+01,7.083611911090960689e+01,6.973356015709184419e+01,6.856448921568269839e+01,6.733379189755839889e+01,6.604687500508981657e+01,6.470960203115804177e+01,6.332822225498590996e+01,6.190929489499465177e+01,6.045960983837122882e+01,5.898610648885937024e+01,5.749579225942922989e+01,5.599566218686622676e+01,5.449262106375638837e+01,5.299340937338384805e+01,5.150453417884996554e+01,5.003220596388321439e+01,4.858228225423034985e+01,4.716021867022858061e+01,4.577102787816200902e+01,4.441924672512708838e+01,4.310891166390884166e+01,4.184354240490208809e+01,4.062613357501336253e+01,3.945915402176409970e+01,3.834455327688276327e+01,3.728377458926603083e+01,3.627777385339429372e+01,3.532704369656133281e+01,3.443164194647576437e+01,3.359122367922429220e+01,3.280507604508392916e+01,3.207215508465748854e+01,3.139112377838432622e+01,3.076039061650871531e+01,3.017814803177369853e+01,2.964241010107867424e+01,2.915104899272141381e+01,2.870182971033495178e+01
4.229986417352341732e+01,4.338165257314403789e+01,4.448503508943791473e+01,4.560650168205059884e+01,4.674234369726039517e+01,4.788869304845975705e+01,4.904156527742881622e+01,5.019690581052449829e+01,5.135063861153160758e+01,5.249871633383891378e+01,5.363717099242465736e+01,5.476216411419601116e+01,5.587003528649078987e+01,5.695734801046142337e+01,5.802093178046476396e+01,5.905791935360250022e+01,6.006577824554607759e+01,6.104233558923444747e+01,6.198579562059406101e+01,6.289474920785457357e+01,6.376817501523495935e+01,6.460543208388256176e+01,6.540624381836872203e+01,6.617067358061723326e+01,6.689909230921591643e+01,6.759213879472093822e+01,6.825067344473427511e+01,6.887572656023075979e+01,6.946844231106840084e+01,7.003001973853457685e+01,7.056165222144585414e+01,7.106446691583312258e+01,7.153946571359827544e+01,7.198746926078973729e+01,7.240906553049288163e+01,7.280456435912942936e+01,7.317395922978678868e+01,7.351689742477597633e+01,7.383265947581146804e+01,7.412014861886578387e+01,7.437789071762077242e+01,7.460404486095774246e+01,7.479642457306800907e+01,7.495252930680710790e+01,7.506958562921738576e+01,7.514459725994811379e+01,7.517440289547766952e+01,7.515574055088676175e+01,7.508531698199524840e+01,7.495988061854717444e+01,7.477629634735183117e+01,7.453162043520796942e+01,7.422317387616952544e+01,7.384861248609578865e+01,7.340599214805732231e+01,7.289382773243809766e+01,7.231114437177970444e+01,7.165751995787439910e+01,7.093311794183614438e+01,7.013870975073798775e+01,6.927568638032573745e+01,6.834605897552086162e+01,6.735244846208576064e+01,6.629806453732612681e+01,6.518667455880753892e+01,6.402256308207984148e+01,6.281048298637193739e+01,6.155559928700832018e+01,6.026342686171395258e+01,5.893976341281430109e+01,5.759061904742807059e+01,5.622214388292601939e+01,5.484055507601351565e+01,5.345206463250621454e+01,5.206280928375610273e+01,5.067878361799180453e+01,4.930577753436764255e+01,4.794931894852132359e+01,4.661462252542018803e+01,4.530654505288520539e+01,4.402954790203793323e+01,4.278766685349292231e+01,4.158448940461740051e+01,4.042313951741203937e+01,3.930626962188895135e+01,3.823605955904757536e+01,3.721422203291795228e+01,3.624201404429410900e+01,3.532025370075172077e+01,3.444934173878727535e+01,3.362928705432565124e+01,3.285973551681373550e+01,3.214000133859981645e+01,3.146910028386376723e+01,3.084578402828644172e+01,3.026857501997751143e+01,2.973580124182090145e+01,2.924563033317795657e+01,2.879610259263716543e+01,2.838516245110354674e+01
4.285642799196682518e+01,4.396538824770260590e+01,4.509500651419122619e+01,4.624145380825294183e+01,4.740068216716628058e+01,4.856846559015978926e+01,4.974044523649685345e+01,5.091217819484150198e+01,5.207918902072822931e+01,5.323702313411430964e+01,5.438130108085406533e+01,5.550777259391576024e+01,5.661236934531490306e+01,5.769125526059507081e+01,5.874087327618495635e+01,5.975798745731788841e+01,6.073971946086210494e+01,6.168357842296816784e+01,6.258748347463030370e+01,6.344977823692967434e+01,6.426923681888612805e+01,6.504506103070175982e+01,6.577686872923783312e+01,6.646467342572320547e+01,6.710885550238938890e+01,6.771012559909175366e+01,6.826948093700147524e+01,6.878815553817642581e+01,6.926756547151575205e+01,6.970925040195827194e+01,7.011481283609010973e+01,7.048585653962177844e+01,7.082392564742765728e+01,7.113044599296912907e+01,7.140667015001719165e+01,7.165362760585909996e+01,7.187208137301543331e+01,7.206249219843164155e+01,7.222499134876630933e+01,7.235936274238068222e+01,7.246503496840817604e+01,7.254108348701063846e+01,7.258624304928952142e+01,7.259893011731207935e+01,7.257727481142043757e+01,7.251916167039962602e+01,7.242227828682820245e+01,7.228417068113520827e+01,7.210230410892745567e+01,7.187412786153558386e+01,7.159714252294912740e+01,7.126896808973232567e+01,7.088741134533398736e+01,7.045053090640706728e+01,6.995669842513612480e+01,6.940465453579096788e+01,6.879355827239857035e+01,6.812302885322731072e+01,6.739317892162036117e+01,6.660463854588573440e+01,6.575856950732676864e+01,6.485666963871875623e+01,6.390116720922878102e+01,6.289480557970869512e+01,6.184081856860685633e+01,6.074289716807550121e+01,5.960514842750822595e+01,5.843204747379828490e+01,5.722838376101518065e+01,5.599920273481396293e+01,5.474974415754904555e+01,5.348537836851684091e+01,5.221154175068052439e+01,5.093367264215560652e+01,4.965714886994056343e+01,4.838722799780374828e+01,4.712899127335153082e+01,4.588729213498552184e+01,4.466671000183168161e+01,4.347150992306368522e+01,4.230560851158885782e+01,4.117254643494190702e+01,4.007546758730549641e+01,3.901710492437512556e+01,3.799977281040900579e+01,3.702536560686487377e+01,3.609536212661055288e+01,3.521083548834198496e+01,3.437246783353164403e+01,3.358056931341150175e+01,3.283510071610328396e+01,3.213569908352303628e+01,3.148170566317194741e+01,3.087219555010340954e+01,3.030600839766942300e+01,2.978177961033611965e+01,2.929797147601514951e+01,2.885290374701762417e+01,2.844478323592489843e+01,2.807173205346320088e+01
4.338898276908237506e+01,4.452383556681067489e+01,4.567842774662942418e+01,4.684862224759826432e+01,4.803004334532077735e+01,4.921811928550944515e+01,5.040812953725819057e+01,5.159525598156794501e+01,5.277463722752884934e+01,5.394142513816954931e+01,5.509084255409449327e+01,5.621824112913823512e+01,5.731915814150260502e+01,5.838937111882806619e+01,5.942494911840753957e+01,6.042229953559002809e+01,6.137820937487883555e+01,6.228988000898778665e+01,6.315495457000884727e+01,6.397153726180246025e+01,6.473820405084671847e+01,6.545400438036995183e+01,6.611845375522668178e+01,6.673151725764026310e+01,6.729358427113425023e+01,6.780543490590162037e+01,6.826819882756325342e+01,6.868330738681893877e+01,6.905244012419808541e+01,6.937746687666484036e+01,6.966038683649932750e+01,6.990326600367018273e+01,7.010817452771620140e+01,7.027712545183933912e+01,7.041201634942976284e+01,7.051457528165832400e+01,7.058631240530871764e+01,7.062847842500043782e+01,7.064203091677427437e+01,7.062760935502718951e+01,7.058551945719932519e+01,7.051572722631046020e+01,7.041786282682380715e+01,7.029123418108689236e+01,7.013484992858757039e+01,6.994745115519461365e+01,6.972755108084439257e+01,6.947348169770867798e+01,6.918344618197760099e+01,6.885557576541786773e+01,6.848798965127285499e+01,6.807885649523893790e+01,6.762645594745089284e+01,6.712923876576839177e+01,6.658588406317100805e+01,6.599535234065106692e+01,6.535693307857611956e+01,6.467028581009500954e+01,6.393547377508932072e+01,6.315298944712619544e+01,6.232377143315125068e+01,6.144921246034534335e+01,6.053115838069628296e+01,5.957189833557349345e+01,5.857414642444992126e+01,5.754101540883258536e+01,5.647598315002450420e+01,5.538285262382078145e+01,5.426570647372133038e+01,5.312885715466460823e+01,5.197679378046305487e+01,5.081412681974412493e+01,4.964553178781038412e+01,4.847569305674832663e+01,4.730924885537228164e+01,4.615073845682841380e+01,4.500455245804012350e+01,4.387488694517065113e+01,4.276570221667306981e+01,4.168068660417975480e+01,4.062322579534205147e+01,3.959637792553360924e+01,3.860285457063373116e+01,3.764500764414388811e+01,3.672482208152423766e+01,3.584391408527777401e+01,3.500353460789492033e+01,3.420457766773738939e+01,3.344759302621618957e+01,3.273280270364956834e+01,3.206012077594911602e+01,3.142917587433230509e+01,3.083933580477974346e+01,3.028973371180834917e+01,2.977929523092878128e+01,2.930676610431437723e+01,2.887073977302030059e+01,2.846968450478263435e+01,2.810196966721540335e+01,2.776589081037252527e+01
4.389415814857808584e+01,4.505349334141229178e+01,4.623167963796662150e+01,4.742428560611990207e+01,4.862662233371329989e+01,4.983378767237645945e+01,5.104071544810472005e+01,5.224222895518028054e+01,5.343309792186390439e+01,5.460809802059971219e+01,5.576207189609806392e+01,5.688999060515483563e+01,5.798701430564108250e+01,5.904855100145314850e+01,6.007031214745974523e+01,6.104836394501313634e+01,6.197917321503340560e+01,6.285964682179643859e+01,6.368716373527880847e+01,6.445959896125950195e+01,6.517533873353529827e+01,6.583328654795573698e+01,6.643285981918852201e+01,6.697397715324427736e+01,6.745703644639939967e+01,6.788288423851338393e+01,6.825277695993801785e+01,6.856833491038096895e+01,6.883148998953780051e+01,6.904442835774716514e+01,6.920952933561855502e+01,6.932930195050204247e+01,6.940632060164172401e+01,6.944316134266583163e+01,6.944234026855818342e+01,6.940625544434956851e+01,6.933713372552423948e+01,6.923698369767680560e+01,6.910755580846587520e+01,6.895031058250074807e+01,6.876639560441780930e+01,6.855663173266448496e+01,6.832150877254355237e+01,6.806119059831436857e+01,6.777552947716380061e+01,6.746408911912894268e+01,6.712617576278213960e+01,6.676087641240303583e+01,6.636710317357307076e+01,6.594364249493708030e+01,6.548920801769259015e+01,6.500249566359224218e+01,6.448223955821642051e+01,6.392726738925837537e+01,6.333655383874852163e+01,6.270927080169134626e+01,6.204483320871904795e+01,6.134293940345272489e+01,6.060360518197349933e+01,5.982719077725163004e+01,5.901442026026691678e+01,5.816639302637651809e+01,5.728458723467912961e+01,5.637085526425162385e+01,5.542741143903616319e+01,5.445681244810257482e+01,5.346193104582198430e+01,5.244592375364695158e+01,5.141219339890824358e+01,5.036434741431993700e+01,4.930615288354101722e+01,4.824148935279754369e+01,4.717430043663065931e+01,4.610854522843115433e+01,4.504815048534274524e+01,4.399696449471703374e+01,4.295871344840151096e+01,4.193696105491227399e+01,4.093507201139202323e+01,3.995617984070921835e+01,3.900315947765399471e+01,3.807860486536401368e+01,3.718481170211674680e+01,3.632376536241346088e+01,3.549713390748112829e+01,3.470626600115126337e+01,3.395219345933071509e+01,3.323563808629810268e+01,3.255702238972028084e+01,3.191648371902679671e+01,3.131389133862089125e+01,3.074886592797736995e+01,3.022080099427238764e+01,2.972888568880961913e+01,2.927212853492186895e+01,2.884938160083059699e+01,2.845936468461318825e+01,2.810068911837401728e+01,2.777188084334434848e+01,2.747140245538986747e+01
4.436857750747192597e+01,4.555084216724177537e+01,4.675111039808295743e+01,4.796467263405607184e+01,4.918654404391327262e+01,5.041151029124227989e+01,5.163417858932827187e+01,5.284903336849502153e+01,5.405049574078681474e+01,5.523298582617885444e+01,5.639098689994482072e+01,5.751911023599800643e+01,5.861215945924083570e+01,5.966519318398247407e+01,6.067358470750079391e+01,6.163307754931717852e+01,6.253983567841628144e+01,6.339048735234815268e+01,6.418216160288730521e+01,6.491251654080733147e+01,6.557975881463148937e+01,6.618265374139356538e+01,6.672052582724182912e+01,6.719324960726410723e+01,6.760123095185790021e+01,6.794537920562532918e+01,6.822707073829423052e+01,6.844810468970547390e+01,6.861065187681727195e+01,6.871719799466748668e+01,6.877048238056437413e+01,6.877343371737876510e+01,6.872910412446714190e+01,6.864060312116703244e+01,6.851103294670835453e+01,6.834342668157640333e+01,6.814069053972670531e+01,6.790555159054729017e+01,6.764051202704908405e+01,6.734781092633365063e+01,6.702939425463767975e+01,6.668689365754661935e+01,6.632161435217064138e+01,6.593453220836795481e+01,6.552629987679318901e+01,6.509726159889021346e+01,6.464747612393816212e+01,6.417674696644689902e+01,6.368465906855711012e+01,6.317062079083999038e+01,6.263391004438304321e+01,6.207372329970201008e+01,6.148922616524700402e+01,6.087960422046460707e+01,6.024411281490581871e+01,5.958212460413180622e+01,5.889317368266848263e+01,5.817699529069369646e+01,5.743356021053305227e+01,5.666310312687966189e+01,5.586614439603957294e+01,5.504350484932741949e+01,5.419631343881765417e+01,5.332600771491851788e+01,5.243432729985862295e+01,5.152330068471513869e+01,5.059522582613805497e+01,4.965264514910121818e+01,4.869831567117775961e+01,4.773517505006535089e+01,4.676630441818289086e+01,4.579488890568465820e+01,4.482417676646865345e+01,4.385743801164165490e+01,4.289792342300339101e+01,4.194882476750954936e+01,4.101323696487905579e+01,4.009412287737742986e+01,3.919428129639479153e+01,3.831631859794044459e+01,3.746262443178896717e+01,3.663535169986160156e+01,3.583640097145642756e+01,3.506740937885848552e+01,3.432974393906308563e+01,3.362449915787273369e+01,3.295249869313291669e+01,3.231430078560028818e+01,3.171020710972201684e+01,3.114027465288241814e+01,3.060433020049401165e+01,3.010198698538176387e+01,2.963266305262765954e+01,2.919560089454194340e+01,2.878988792362877547e+01,2.841447737307881738e+01,2.806820924309964127e+01,2.774983094588109367e+01,2.745801734076668055e+01,2.719138989287669972e+01
4.480889964958912941e+01,4.601238815675866078e+01,4.723308129639759301e+01,4.846600980234767064e+01,4.970591253054541880e+01,5.094728363028499984e+01,5.218442531649017013e+01,5.341150556201155553e+01,5.462261989165919829e+01,5.581185633435622861e+01,5.697336248040355144e+01,5.810141350108226987e+01,5.919047992102657219e+01,6.023529389283492463e+01,6.123091271050451923e+01,6.217277831503073315e+01,6.305677159269167475e+01,6.387926034407704634e+01,6.463713990889735328e+01,6.532786556621479690e+01,6.594947598932154165e+01,6.650060721558463683e+01,6.698049679000857282e+01,6.738897795222553100e+01,6.772646395483232595e+01,6.799392282081693395e+01,6.819284306346310132e+01,6.832519109777709332e+01,6.839336126252902659e+01,6.840011954115738035e+01,6.834854221330223822e+01,6.824195078251628388e+01,6.808384460648409231e+01,6.787783270148487702e+01,6.762756620150244657e+01,6.733667292398652648e+01,6.700869542954553992e+01,6.664703386357430759e+01,6.625489473676546481e+01,6.583524664229224754e+01,6.539078372465064604e+01,6.492389751383655039e+01,6.443665752431962801e+01,6.393080079710382080e+01,6.340773034111067830e+01,6.286852221320911127e+01,6.231394077024771860e+01,6.174446143681282706e+01,6.116030016396896940e+01,6.056144861107497945e+01,5.994771396822800824e+01,5.931876225339922826e+01,5.867416386736411482e+01,5.801344017160656108e+01,5.733610986902956341e+01,5.664173401316021739e+01,5.592995854635582731e+01,5.520055336830843373e+01,5.445344705926373052e+01,5.368875652366364193e+01,5.290681097485919793e+01,5.210816984538162444e+01,5.129363437518735225e+01,5.046425279757537652e+01,4.962131920460286949e+01,4.876636632663139892e+01,4.790115260041758205e+01,4.702764402376131869e+01,4.614799139960094720e+01,4.526450365672614851e+01,4.437961799677410113e+01,4.349586765737930705e+01,4.261584809942266361e+01,4.174218242304950621e+01,4.087748679384040429e+01,4.002433661905124040e+01,3.918523415641486451e+01,3.836257816716056368e+01,3.755863614340096035e+01,3.677551955073316492e+01,3.601516243268204676e+01,3.527930362730467095e+01,3.456947275054692881e+01,3.388698000825695544e+01,3.323290981130139699e+01,3.260811808786891675e+01,3.201323311530319415e+01,3.144865963184409452e+01,3.091458593725888093e+01,3.041099365094659746e+01,2.993766976678424641e+01,2.949422062552790536e+01,2.908008741748057346e+01,2.869456282964853244e+01,2.833680846179347768e+01,2.800587265356660893e+01,2.770070838909821731e+01,2.742019097477442813e+01,2.716313521920784169e+01,2.692831188037303392e+01
4.521186456174505963e+01,4.643471145928675980e+01,4.767401798229444410e+01,4.892457544777160194e+01,5.018086797293902634e+01,5.143712094214717467e+01,5.268735535723370589e+01,5.392544739168464929e+01,5.514519232759990075e+01,5.634037192486229628e+01,5.750482415806368408e+01,5.863251416240451164e+01,5.971760515836830052e+01,6.075452807938971489e+01,6.173804860931337402e+01,6.266333034880748443e+01,6.352599287290097152e+01,6.432216351547290856e+01,6.504852181998481342e+01,6.570233572727984495e+01,6.628148872829366667e+01,6.678449738864351559e+01,6.721051884917204688e+01,6.755934811688567265e+01,6.783140517912127621e+01,6.802771219462601948e+01,6.814986123279111041e+01,6.819997324077364453e+01,6.818064911207255818e+01,6.809491390402662603e+01,6.794615540091515982e+01,6.773805833975492874e+01,6.747453570417411584e+01,6.715965854547599179e+01,6.679758580772028154e+01,6.639249561490908036e+01,6.594851942376585896e+01,6.546968035675706687e+01,6.495983690951194944e+01,6.442263307812285689e+01,6.386145577920926542e+01,6.327940024399806163e+01,6.267924386240262180e+01,6.206342873988211295e+01,6.143405301458619761e+01,6.079287077076185852e+01,6.014130018223517027e+01,5.948043933221179458e+01,5.881108898738558821e+01,5.813378145944937359e+01,5.744881456885619286e+01,5.675628963651861625e+01,5.605615237059618039e+01,5.534823548822329542e+01,5.463230191567599547e+01,5.390808744388867524e+01,5.317534177742773238e+01,5.243386700129319422e+01,5.168355259792232914e+01,5.092440627269044739e+01,5.015657998585372468e+01,4.938039073786491429e+01,4.859633580883163972e+01,4.780510230716902242e+01,4.700757103300248474e+01,4.620481480469428703e+01,4.539809152850876472e+01,4.458883240890164501e+01,4.377862579779082353e+01,4.296919726362167324e+01,4.216238652388756236e+01,4.136012192744508553e+01,4.056439319552457334e+01,3.977722313339925364e+01,3.900063900938152983e+01,3.823664426575228248e+01,3.748719117935879552e+01,3.675415503019757324e+01,3.603931026677604166e+01,3.534430907999665550e+01,3.467066271531767541e+01,3.401972576856485375e+01,3.339268362641190890e+01,3.279054313044839830e+01,3.221412646590119522e+01,3.166406820417982360e+01,3.114081536387898552e+01,3.064463029877074973e+01,3.017559617440137387e+01,2.973362475760032098e+01,2.931846621563029132e+01,2.892972060369477560e+01,2.856685071066060644e+01,2.822919593251874559e+01,2.791598685049412865e+01,2.762636020488766775e+01,2.735937397565950846e+01,2.711402230535980351e+01,2.688925002818283971e+01,2.668396659958231965e+01
4.557434191323443429e+01,4.681451811412400588e+01,4.807046582096349141e+01,4.933675871944780056e+01,5.060764935908822792e+01,5.187711879110904079e+01,5.313893234661277631e+01,5.438670087682852738e+01,5.561394663223627788e+01,5.681417282388265733e+01,5.798093579231614569e+01,5.910791861107778544e+01,6.018900487605369420e+01,6.121835138219957173e+01,6.219045836757299384e+01,6.310023601294814455e+01,6.394306592445526150e+01,6.471485639676782853e+01,6.541209035456719789e+01,6.603186499868823489e+01,6.657192233797098879e+01,6.703066996509667774e+01,6.740719163052060026e+01,6.770124737836138706e+01,6.791326322659641335e+01,6.804431059563201245e+01,6.809607590855065951e+01,6.807082099736143732e+01,6.797133514681394217e+01,6.780087978552732864e+01,6.756312698857004762e+01,6.726209308206918536e+01,6.690206873556755340e+01,6.648754698918739336e+01,6.602315068866025172e+01,6.551356079139549138e+01,6.496344696146019260e+01,6.437740179209441749e+01,6.375987988361190872e+01,6.311514286551965824e+01,6.244721128849546687e+01,6.175982412916785336e+01,6.105640645363570940e+01,6.034004557983694639e+01,5.961347586988349434e+01,5.887907207695415934e+01,5.813885097272449087e+01,5.739448079570008332e+01,5.664729789281295780e+01,5.589832978020920962e+01,5.514832372755346057e+01,5.439777987584918151e+01,5.364698783331130016e+01,5.289606565795266135e+01,5.214500012910285420e+01,5.139368723207935830e+01,5.064197182892488058e+01,4.988968556104862273e+01,4.913668212372758148e+01,4.838286916421651540e+01,4.762823618081220900e+01,4.687287793554082782e+01,4.611701303401802932e+01,4.536099746834636903e+01,4.460533305872145604e+01,4.385067086303465800e+01,4.309780974789875074e+01,4.234769042633941183e+01,4.160138536456400260e+01,4.086008504097499383e+01,4.012508110374487558e+01,3.939774701820110181e+01,3.867951682193315577e+01,3.797186261440391775e+01,3.727627139987912841e+01,3.659422187905434498e+01,3.592716174757475756e+01,3.527648601070345791e+01,3.464351676487677167e+01,3.402948483108584554e+01,3.343551355426871652e+01,3.286260500947328467e+01,3.231162878164515462e+01,3.178331341352136974e+01,3.127824054708722912e+01,3.079684171993812569e+01,3.033939771997485124e+01,2.990604035115052639e+01,2.949675642018960176e+01,2.911139371973709089e+01,2.874966875741693073e+01,2.841117596267823231e+01,2.809539809375773345e+01,2.780171756506303282e+01,2.752942842010244462e+01,2.727774868595048829e+01,2.704583286125251007e+01,2.683278430999887831e+01,2.663766735678112951e+01,2.645951890503611281e+01
4.589338083924429412e+01,4.714869361812479553e+01,4.841914745072228499e+01,4.969912133948716360e+01,5.098266067188956185e+01,5.226352789658230336e+01,5.353525956969405541e+01,5.479122909469310798e+01,5.602471433098686049e+01,5.722896910949439331e+01,5.839729757193403259e+01,5.952313014835673499e+01,6.060009990804311286e+01,6.162211796529113883e+01,6.258344659629565854e+01,6.347876872800686954e+01,6.430325249552922173e+01,6.505260963142907826e+01,6.572314654753233754e+01,6.631180709581802546e+01,6.681620614739287589e+01,6.723465330401222673e+01,6.756616625120167896e+01,6.781047347112932755e+01,6.796800625185659328e+01,6.803988015199897177e+01,6.802786630048440486e+01,6.793435312431662965e+01,6.776229929747637470e+01,6.751517888609265583e+01,6.719691982401106145e+01,6.681183698473836330e+01,6.636456121704220834e+01,6.585996577969319787e+01,6.530309164432782154e+01,6.469907313355049894e+01,6.405306532453579393e+01,6.337017457786666341e+01,6.265539344942364863e+01,6.191354111293679097e+01,6.114921026620686462e+01,6.036672131948828479e+01,5.957008447509005578e+01,5.876297010819725131e+01,5.794868765570880242e+01,5.713017301798774383e+01,5.630998428311378490e+01,5.549030539947177942e+01,5.467295725480320101e+01,5.385941547209056068e+01,5.305083410805724498e+01,5.224807434110036297e+01,5.145173716377065887e+01,5.066219905128338041e+01,4.987964956196468336e+01,4.910412983719614033e+01,4.833557100576251742e+01,4.757383155831870170e+01,4.681873283918819340e+01,4.607009190165049262e+01,4.532775108568484512e+01,4.459160380002477098e+01,4.386161611945426841e+01,4.313784393969187647e+01,4.242044556225727092e+01,4.170968970693954248e+01,4.100595906677156677e+01,4.030974962705881381e+01,3.962166606378163891e+01,3.894241361586912120e+01,3.827278688923733796e+01,3.761365609743684502e+01,3.696595127412194159e+01,3.633064500668049845e+01,3.570873423903529442e+01,3.510122167601965515e+01,3.450909729333615417e+01,3.393332041768439211e+01,3.337480279311937181e+01,3.283439299412665946e+01,3.231286248535149497e+01,3.181089356445523109e+01,3.132906936016316379e+01,3.086786599403951570e+01,3.042764695352907722e+01,3.000865966676723673e+01,2.961103421777216482e+01,2.923478409482876827e+01,2.887980882582739639e+01,2.854589832245077119e+01,2.823273873058403893e+01,2.793991956710387470e+01,2.766694191303034245e+01,2.741322742947179592e+01,2.717812796528765773e+01,2.696093553325464853e+01,2.676089244398609779e+01,2.657720140311311496e+01,2.640903539646146925e+01,2.625554720933018160e+01
4.616625948425733128e+01,4.743435651194086233e+01,4.871702067585130180e+01,5.000846008163417622e+01,5.130253824942224128e+01,5.259282568868694341e+01,5.387265804516128753e+01,5.513520014514593015e+01,5.637351511141314120e+01,5.758063758498906282e+01,5.874964996244346338e+01,5.987376045283617998e+01,6.094638167571799414e+01,6.196120846462730469e+01,6.291229351185302932e+01,6.379411949164729378e+01,6.460166633159477101e+01,6.533047236567864502e+01,6.597668819705614851e+01,6.653712222213164296e+01,6.700927691779145334e+01,6.739137516744878553e+01,6.768237609490506657e+01,6.788198008341184675e+01,6.799062287565499219e+01,6.800945887326057004e+01,6.794033397621745962e+01,6.778574851766461506e+01,6.754881105227711657e+01,6.723318394177692880e+01,6.684302184412567271e+01,6.638290434956846298e+01,6.585776411345518966e+01,6.527281191007931227e+01,6.463346007195630705e+01,6.394524578429182071e+01,6.321375567511511662e+01,6.244455307888596707e+01,6.164310925745218839e+01,6.081473974000437011e+01,5.996454679685822242e+01,5.909736889481177968e+01,5.821773779928754067e+01,5.732984379560350874e+01,5.643750930381727926e+01,5.554417096395384590e+01,5.465287007620325710e+01,5.376625109869317498e+01,5.288656773810654244e+01,5.201569601956169464e+01,5.115515359498748893e+01,5.030612444616870960e+01,4.946948806138783539e+01,4.864585211404047982e+01,4.783558764785120587e+01,4.703886577570143857e+01,4.625569492623804990e+01,4.548595772235404411e+01,4.472944664577665463e+01,4.398589772937623366e+01,4.325502162009840390e+01,4.253653146709588384e+01,4.183016720806283217e+01,4.113571594834606060e+01,4.045302824863841806e+01,3.978203025469079535e+01,3.912273171355475654e+01,3.847523002281430138e+01,3.783971054993479299e+01,3.721644353657561766e+01,3.660577796628848546e+01,3.600813282275569804e+01,3.542398619938904858e+01,3.485386273993488260e+01,3.429831989435095352e+01,3.375793346563055763e+01,3.323328290274623953e+01,3.272493676400736717e+01,3.223343873558352612e+01,3.175929454355784287e+01,3.130296004650443109e+01,3.086483074107856339e+01,3.044523285724373096e+01,3.004441616419181216e+01,2.966254855424258352e+01,2.929971242134479326e+01,2.895590280434097963e+01,2.863102722377611187e+01,2.832490710536673006e+01,2.803728065371950251e+01,2.776780701669249396e+01,2.751607156392570630e+01,2.728159209234447502e+01,2.706382576651807170e+01,2.686217660216542313e+01,2.667600330626650873e+01,2.650462729651513882e+01,2.634734073554424683e+01,2.620341443075597709e+01,2.607210546798795647e+01
4.639053279063590907e+01,4.766891029568469662e+01,4.896133481235770546e+01,5.026186787120072097e+01,5.156421698570697743e+01,5.286178798064673856e+01,5.414774406589260280e+01,5.541507098326233205e+01,5.665664740042929992e+01,5.786531958346929372e+01,5.903397925226707343e+01,6.015564341472227028e+01,6.122353489004937188e+01,6.223116217158015218e+01,6.317239724786740140e+01,6.404154999940071491e+01,6.483343781795376515e+01,6.554344915672868410e+01,6.616759981143412972e+01,6.670258085373595236e+01,6.714579728681276549e+01,6.749539666488755074e+01,6.775028711071468024e+01,6.791014437257544500e+01,6.797540778036784559e+01,6.794726518349210664e+01,6.782762717585507062e+01,6.761909112981797421e+01,6.732489576579757795e+01,6.694886717228756368e+01,6.649535735753860877e+01,6.596917655484882914e+01,6.537552061491999211e+01,6.471989489839279486e+01,6.400803612774876683e+01,6.324583366945330454e+01,6.243925169468101188e+01,6.159425361130301724e+01,6.071673007303802194e+01,5.981243175659976430e+01,5.888690795787066179e+01,5.794545189776871297e+01,5.699305345219453045e+01,5.603435983321559632e+01,5.507364455560792749e+01,5.411478482918005994e+01,5.316124732796697572e+01,5.221608210712066978e+01,5.128192427145667409e+01,5.036100284991332643e+01,4.945515620080175268e+01,4.856585316612648739e+01,4.769421911116176460e+01,4.684106592883426856e+01,4.600692505749606909e+01,4.519208255484510062e+01,4.439661528886466613e+01,4.362042734689523371e+01,4.286328582398570575e+01,4.212485522873561195e+01,4.140472983584454880e+01,4.070246341623842312e+01,4.001759588454190464e+01,3.934967651642082842e+01,3.869828350164389974e+01,3.806303970952245663e+01,3.744362464887441178e+01,3.683978270236104180e+01,3.625132780289537493e+01,3.567814479618166246e+01,3.512018779712941807e+01,3.457747589815370048e+01,3.405008662393333907e+01,3.353814755016873050e+01,3.304182651376336111e+01,3.256132083948507727e+01,3.209684599466255861e+01,3.164862406018774621e+01,3.121687237453620156e+01,3.080179266930439042e+01,3.040356097156226411e+01,3.002231850179060757e+01,2.965816374792047583e+01,2.931114584751797381e+01,2.898125936283074466e+01,2.866844048843312009e+01,2.837256468959197164e+01,2.809344573204195683e+01,2.783083603122090111e+01,2.758442822158581720e+01,2.735385782462494575e+01,2.713870687764021739e+01,2.693850837417247135e+01,2.675275136081386407e+01,2.658088653371433452e+01,2.642233218086647639e+01,2.627648032270042222e+01,2.614270291304990224e+01,2.602035797455340571e+01,2.590879555642094090e+01
4.656407709419956120e+01,4.785009206815075089e+01,4.914968369471486653e+01,5.045679150803280777e+01,5.176499314522991568e+01,5.306755727862638139e+01,5.435750343808574314e+01,5.562766805367615319e+01,5.687077589343021344e+01,5.807951592643168226e+01,5.924662051188843037e+01,6.036494670422512598e+01,6.142755837614860326e+01,6.242780779924451195e+01,6.335941528751896357e+01,6.421654550527182437e+01,6.499387906789993963e+01,6.568667812295853992e+01,6.629084468849029577e+01,6.680297064481462144e+01,6.722037842237054406e+01,6.754115159871919616e+01,6.776415480862246454e+01,6.788904257776277973e+01,6.791625690820153238e+01,6.784701366675930956e+01,6.768327805061068148e+01,6.742772962192289299e+01,6.708371760987353127e+01,6.665520736865940421e+01,6.614671904941533853e+01,6.556325968811428595e+01,6.491025002706250291e+01,6.419344747185388655e+01,6.341886663683165892e+01,6.259269894934902823e+01,6.172123276651036150e+01,6.081077540860815134e+01,5.986757843304940963e+01,5.889776736388447631e+01,5.790727695854236146e+01,5.690179293906680869e+01,5.588670094453235748e+01,5.486704327922659274e+01,5.384748384260855403e+01,5.283228143701549584e+01,5.182527146247960559e+01,5.082985582945602943e+01,4.984900075398246599e+01,4.888524194950363011e+01,4.794069659843168552e+01,4.701708137693188405e+01,4.611573572016859401e+01,4.523764945334914955e+01,4.438349387664852941e+01,4.355365537908876661e+01,4.274827066662543018e+01,4.196726272141547298e+01,4.121037666036042424e+01,4.047721472896944306e+01,3.976726974849191265e+01,3.907995642704032946e+01,3.841464004586684666e+01,3.777066213687188423e+01,3.714736287370632795e+01,3.654410000354788224e+01,3.596026424711389069e+01,3.539529118835634591e+01,3.484866976057187316e+01,3.431994751075097838e+01,3.380873288770110463e+01,3.331469485103788486e+01,3.283756013719333566e+01,3.237710854516401326e+01,3.193316661920183819e+01,3.150560010873184069e+01,3.109430557842632226e+01,3.069920152475242148e+01,3.032021933077541931e+01,2.995729435998479673e+01,2.961035745390776697e+01,2.927932705877976360e+01,2.896410216500520818e+01,2.866455620093034184e+01,2.838053198081446027e+01,2.811183776693176029e+01,2.785824446840693369e+01,2.761948396545194484e+01,2.739524851771685832e+01,2.718519118990293393e+01,2.698892720684717972e+01,2.680603613404901608e+01,2.663606476800058687e+01,2.647853061350385317e+01,2.633292582210503241e+01,2.619872146645913702e+01,2.607537202940043741e+01,2.596231999324228212e+01,2.585900042384408692e+01,2.576484545474266952e+01
4.668513022314153460e+01,4.797601643286421336e+01,4.928005371685252101e+01,5.059108419720331540e+01,5.190258176697206238e+01,5.320770547353005497e+01,5.449935990795439977e+01,5.577026193382785380e+01,5.701301293198955733e+01,5.822017559161501055e+01,5.938435414668913381e+01,6.049827684443055631e+01,6.155487934215354784e+01,6.254738766457692378e+01,6.346939931729204432e+01,6.431496114588451007e+01,6.507864255521610630e+01,6.575560275993294113e+01,6.634165082484202003e+01,6.683329737098850387e+01,6.722779696782565395e+01,6.752318040074763417e+01,6.771827619268205467e+01,6.781272096400662974e+01,6.780695843186023808e+01,6.770222707267703299e+01,6.750053669499970965e+01,6.720463438776909015e+01,6.681796051691452476e+01,6.634459563501270907e+01,6.578919934031085859e+01,6.515694226835137215e+01,6.445343251830999520e+01,6.368463790427795601e+01,6.285680547725327472e+01,6.197637978563822259e+01,6.104992133058034653e+01,6.008402662845868747e+01,5.908525121800506952e+01,5.806003684655001962e+01,5.701464394200245778e+01,5.595509032831006380e+01,5.488709697666995879e+01,5.381604140735815633e+01,5.274691917258822116e+01,5.168431366419326878e+01,5.063237430593136423e+01,4.959480301336522245e+01,4.857484863871897574e+01,4.757530896752717808e+01,4.659853970136171597e+01,4.564646974890314368e+01,4.472062205788996181e+01,4.382213915410349614e+01,4.295181251090253483e+01,4.211011485361060380e+01,4.129723450635292181e+01,4.051311091324485147e+01,3.975747050916461944e+01,3.902986217531408641e+01,3.832969158868615267e+01,3.765625385951363313e+01,3.700876394375985967e+01,3.638638441569788995e+01,3.578825028566657807e+01,3.521349064739702328e+01,3.466124703531600915e+01,3.413068846268117085e+01,3.362102319435729925e+01,3.313150738193309053e+01,3.266145075252453012e+01,3.221021959522007450e+01,3.177723733028267361e+01,3.136198297588312300e+01,3.096398784557885620e+01,3.058283081754780142e+01,3.021813251456219263e+01,2.986954872287441276e+01,2.953676335976539491e+01,2.921948127476481005e+01,2.891742113982991924e+01,2.863030865041782747e+01,2.835787022371978949e+01,2.809982734359364187e+01,2.785589166507855197e+01,2.762576095582661750e+01,2.740911591821785009e+01,2.720561790506314281e+01,2.701490751420890746e+01,2.683660402344221652e+01,2.667030560710740517e+01,2.651559025989042340e+01,2.637201734128141339e+01,2.623912964614795129e+01,2.611645590240460635e+01,2.600351359563203602e+01,2.589981202230564250e+01,2.580485547762424758e+01,2.571814649034388367e+01,2.563918902507696274e+01
4.675232597716489380e+01,4.804521341544958091e+01,4.935086550481380385e+01,5.066305132163562064e+01,5.197516691125064625e+01,5.328028896783170865e+01,5.457123560774415694e+01,5.584063357361590363e+01,5.708099104854897377e+01,5.828477511260905430e+01,5.944449274114080595e+01,6.055277413052962743e+01,6.160245704540788125e+01,6.258667081515044828e+01,6.349891856942520008e+01,6.433315629448296136e+01,6.508386731495764366e+01,6.574613086055383349e+01,6.631568346262557156e+01,6.678897204093780715e+01,6.716319768364205345e+01,6.743634929069389727e+01,6.760722643886211358e+01,6.767545103077864610e+01,6.764146750629498683e+01,6.750653161651690937e+01,6.727268798384177728e+01,6.694273688961499147e+01,6.652019093926026017e+01,6.600922244778567460e+01,6.541460256171032484e+01,6.474163328253555960e+01,6.399607367841583283e+01,6.318406166196386664e+01,6.231203277129146301e+01,6.138663741748157321e+01,6.041465805465494299e+01,5.940292768948329893e+01,5.835825107711690407e+01,5.728732985252861454e+01,5.619669272343161737e+01,5.509263170697776246e+01,5.398114523164321099e+01,5.286788875262132592e+01,5.175813334842020907e+01,5.065673258298882331e+01,4.956809773625005278e+01,4.849618133083207283e+01,4.744446871814779598e+01,4.641597733637883749e+01,4.541326311944308713e+01,4.443843342210985270e+01,4.349316573386236229e+01,4.257873138401311763e+01,4.169602339338968733e+01,4.084558760342099504e+01,4.002765621084984105e+01,3.924218285421051178e+01,3.848887843480173387e+01,3.776724690792395478e+01,3.707662034709983345e+01,3.641619266212140360e+01,3.578505143821146106e+01,3.518220745547785810e+01,3.460662154236948851e+01,3.405722851134689222e+01,3.353295801700490131e+01,3.303275226424302247e+01,3.255558057489481882e+01,3.210045089396652429e+01,3.166641838012059651e+01,3.125259127845745866e+01,3.085813431654366212e+01,3.048226989688384236e+01,3.012427738083367501e+01,2.978349077076794060e+01,2.945929509986060424e+01,2.915112183300258408e+01,2.885844356922722653e+01,2.858076831668336126e+01,2.831763358690067989e+01,2.806860052705399511e+01,2.783324827835287252e+01,2.761116871670211381e+01,2.740196169945476967e+01,2.720523091036011465e+01,2.702058036451678547e+01,2.684761160696309901e+01,2.668592161301505428e+01,2.653510137600043706e+01,2.639473514889725081e+01,2.626440029070005266e+01,2.614366765612352239e+01,2.603210245841829362e+01,2.592926552944087604e+01,2.583471489843573465e+01,2.574800761094549983e+01,2.566870171151873592e+01,2.559635831806362560e+01,2.553054372142194239e+01
4.676472207716966523e+01,4.805665937510824648e+01,4.936100808436782472e+01,5.067148818730018434e+01,5.198144333295767439e+01,5.328389465820843895e+01,5.457160176184518718e+01,5.583713017355179886e+01,5.707292450127549444e+01,5.827138629260951319e+01,5.942495551239346696e+01,6.052619442384354898e+01,6.156787256777422357e+01,6.254305146703693197e+01,6.344516764379272189e+01,6.426811252759171111e+01,6.500630785364155884e+01,6.565477520348925111e+01,6.620919842414116374e+01,6.666597777508675904e+01,6.702227479360061579e+01,6.727604703412643516e+01,6.742607202381097409e+01,6.747195997906419507e+01,6.741415504255900260e+01,6.725392502118444327e+01,6.699333982772844820e+01,6.663523904704200618e+01,6.618318925576375023e+01,6.564143191827301393e+01,6.501482285569400688e+01,6.430876443535788667e+01,6.352913175166126081e+01,6.268219416302805769e+01,6.177453361180248237e+01,6.081296118338025281e+01,5.980443335761656698e+01,5.875596937031653511e+01,5.767457103704442289e+01,5.656714629798615590e+01,5.544043762426638722e+01,5.430095628662603247e+01,5.315492333085329335e+01,5.200821793528064063e+01,5.086633364865444662e+01,4.973434282643196269e+01,4.861686940463980022e+01,4.751806997719608461e+01,4.644162297905637615e+01,4.539072562725587545e+01,4.436809813791337831e+01,4.337599462197381683e+01,4.241621996769696779e+01,4.149015194479849811e+01,4.059876771421289732e+01,3.974267389854315269e+01,3.892213936066894320e+01,3.813712985045140158e+01,3.738734371028385794e+01,3.667224787729799118e+01,3.599111348095376428e+01,3.534305040692103717e+01,3.472704027889137990e+01,3.414196739650096646e+01,3.358664725721722277e+01,3.305985238028734585e+01,3.256033523930780404e+01,3.208684819453599602e+01,3.163816039490649956e+01,3.121307169132899872e+01,3.081042366606391880e+01,3.042910793696589522e+01,3.006807193965924796e+01,2.972632242508738543e+01,2.940292693447609906e+01,2.909701352894911963e+01,2.880776905743762839e+01,2.853443624492438957e+01,2.827630987439113142e+01,2.803273232112920965e+01,2.780308867842186871e+01,2.758680169012470174e+01,2.738332667945859811e+01,2.719214663543671406e+01,2.701276758975327397e+01,2.684471438854993153e+01,2.668752693601910408e+01,2.654075696095414827e+01,2.640396533363965048e+01,2.627671993928818495e+01,2.615859409584701822e+01,2.604916548857371339e+01,2.594801558136360953e+01,2.585472945535516942e+01,2.576889601871362601e+01,2.569010852750142249e+01,2.561796535593683899e+01,2.555207095483285684e+01,2.549203693928581416e+01,2.543748325042610503e+01
4.672182090896463080e+01,4.800980015323904126e+01,4.930986469717408482e+01,5.061570879525702082e+01,5.192064852530384655e+01,5.321767559606362852e+01,5.449951834013450025e+01,5.575870923953806368e+01,5.698765817294916758e+01,5.817873042545013362e+01,5.932432836793071829e+01,6.041697559783026605e+01,6.144940223945162927e+01,6.241463003373081619e+01,6.330605580673758936e+01,6.411753189525356333e+01,6.484344212772836613e+01,6.547877201014776460e+01,6.601917184841653352e+01,6.646101165047463155e+01,6.680142679039639120e+01,6.703835358026654490e+01,6.717055408005006711e+01,6.719762967673207754e+01,6.712002317694893350e+01,6.693900937704577814e+01,6.665667429563906410e+01,6.627588347093612242e+01,6.580023993296003937e+01,6.523403265439253573e+01,6.458217645832527865e+01,6.385014451268522606e+01,6.304389466600347447e+01,6.216979097481894456e+01,6.123452183745205701e+01,6.024501618112295631e+01,5.920835914927967991e+01,5.813170870426976222e+01,5.702221449869242065e+01,5.588694027923212104e+01,5.473279097250805592e+01,5.356644546705017973e+01,5.239429595297138320e+01,5.122239451559328671e+01,5.005640750573877540e+01,4.890157803220448329e+01,4.776269674556329647e+01,4.664408091118490063e+01,4.554956160714728242e+01,4.448247873304465116e+01,4.344568338157654352e+01,4.244154700864615393e+01,4.147197674131197687e+01,4.053843608749798477e+01,3.964197025741644609e+01,3.878323527412545957e+01,3.796253003889310662e+01,3.717983052491498341e+01,3.643482529882849263e+01,3.572695161140882192e+01,3.505543135454944803e+01,3.441930624865771193e+01,3.381747170034491035e+01,3.324870885214367178e+01,3.271171443136897494e+01,3.220512809169972002e+01,3.172755702631813790e+01,3.127759771345867890e+01,3.085385473221338515e+01,3.045495665693848508e+01,3.007956910144876872e+01,2.972640503852988303e+01,2.939423256562009357e+01,2.908188032358735597e+01,2.878824080240919159e+01,2.851227178555440034e+01,2.825299619448533761e+01,2.800950059664396719e+01,2.778093263538782764e+01,2.756649762953843563e+01,2.736545457448831442e+01,2.717711175720366867e+01,2.700082217496782633e+01,2.683597892330897849e+01,2.668201069315455598e+01,2.653837749168124560e+01,2.640456667631407583e+01,2.628008936749196067e+01,2.616447728366899383e+01,2.605728002195385784e+01,2.595806279008520789e+01,2.586640458027267897e+01,2.578189676287785304e+01,2.570414206795513934e+01,2.563275391523184510e+01,2.556735604802965867e+01,2.550758242371623297e+01,2.545307731228933790e+01,2.540349555537601489e+01,2.535850294000231031e+01
4.662358262486119997e+01,4.790456597020595808e+01,4.919732971763991713e+01,5.049556502720843554e+01,5.179258444799812366e+01,5.308137555919384454e+01,5.435466180245845180e+01,5.560496985940581283e+01,5.682470277001731063e+01,5.800621783999900316e+01,5.914190825142379282e+01,6.022428717547556687e+01,6.124607309231898711e+01,6.220027495421884112e+01,6.308027578663128310e+01,6.387991331002699269e+01,6.459355618389847109e+01,6.521617452415721061e+01,6.574340342552511629e+01,6.617159833030530081e+01,6.649788122199518625e+01,6.672017678371358329e+01,6.683723784378040023e+01,6.684865962981911025e+01,6.675488256376314666e+01,6.655718354807913784e+01,6.625765591309857427e+01,6.585917841123190897e+01,6.536537385077784279e+01,6.478055815502541748e+01,6.410968080677190528e+01,6.335825779015345205e+01,6.253229826736538399e+01,6.163822632472994911e+01,6.068279918874909384e+01,5.967302334721206591e+01,5.861607001293568686e+01,5.751919133897098391e+01,5.638963873561763762e+01,5.523458455359348562e+01,5.406104828713509391e+01,5.287582831914546944e+01,5.168544008169214976e+01,5.049606134344396935e+01,4.931348516545738647e+01,4.814308089256309131e+01,4.698976337386473290e+01,4.585797043672772588e+01,4.475164847798591694e+01,4.367424588737371494e+01,4.262871388436182940e+01,4.161751423303670805e+01,4.064263320221967035e+01,3.970560106086634988e+01,3.880751634249524784e+01,3.794907407695338009e+01,3.713059717266839499e+01,3.635207013658762776e+01,3.561317434075733246e+01,3.491332408207694016e+01,3.425170273301586121e+01,3.362729834364719039e+01,3.303893812675997310e+01,3.248532133554442680e+01,3.196505012493351927e+01,3.147665807075952671e+01,3.101863610324938492e+01,3.058945569105100049e+01,3.018758918722646456e+01,2.981152731801890354e+01,2.945979385754672109e+01,2.913095758605548724e+01,2.882364167541530620e+01,2.853653068292659611e+01,2.826837536319142430e+01,2.801799552806009075e+01,2.778428119691754006e+01,2.756619228444825609e+01,2.736275707126122114e+01,2.717306969521680315e+01,2.699628688888530093e+01,2.683162417221990381e+01,2.667835169018083974e+01,2.653578986360634673e+01,2.640330499894187710e+01,2.628030497928943632e+01,2.616623513631670406e+01,2.606057438046525476e+01,2.596283164611182670e+01,2.587254268925469347e+01,2.578926725820575427e+01,2.571258664285635120e+01,2.564210159545095280e+01,2.557743060546475178e+01,2.551820850308769906e+01,2.546408535985629484e+01,2.541472565098801439e+01,2.536980764176672665e+01,2.532902295968312956e+01,2.529207631471888362e+01
4.647043040361410249e+01,4.774137784443287558e+01,4.902381641516693378e+01,5.031145595624168720e+01,5.159762861463904926e+01,5.287534216820652944e+01,5.413734052202909197e+01,5.537617073806805479e+01,5.658425580223197926e+01,5.775397218591584902e+01,5.887773112591732882e+01,5.994806243141606927e+01,6.095769953295870636e+01,6.189966441926846130e+01,6.276735106578711765e+01,6.355460594608934599e+01,6.425580423490484350e+01,6.486592035985842131e+01,6.538059163779914229e+01,6.579617383949789655e+01,6.610978766151086461e+01,6.631935524330521048e+01,6.642362604781325786e+01,6.642219162028337109e+01,6.631548894901376912e+01,6.610479236729445063e+01,6.579219415344252297e+01,6.538057419991520192e+01,6.487355932794210389e+01,6.427547301598303875e+01,6.359127648402890998e+01,6.282650222727127698e+01,6.198718121856234120e+01,6.107976509666895737e+01,6.011104472470596249e+01,5.908806653924494867e+01,5.801804811523675909e+01,5.690829434568624379e+01,5.576611557942732134e+01,5.459874897754027501e+01,5.341328424178177414e+01,5.221659474026168368e+01,5.101527491034057959e+01,4.981558466049744283e+01,4.862340132606752974e+01,4.744417956266650549e+01,4.628291939010867395e+01,4.514414243280735661e+01,4.403187624381529020e+01,4.294964645221793376e+01,4.190047634045367886e+01,4.088689334167447953e+01,3.991094184927695210e+01,3.897420165243274681e+01,3.807781125342652473e+01,3.722249528490819159e+01,3.640859522726611885e+01,3.563610262723489797e+01,3.490469403713841956e+01,3.421376692805304742e+01,3.356247587760027784e+01,3.294976839178292494e+01,3.237441978788884711e+01,3.183506663958618432e+01,3.133023836353914504e+01,3.085838660689921653e+01,3.041791217474295550e+01,3.000718931400735201e+01,2.962458724403084531e+01,2.926848889202182846e+01,2.893730685350933030e+01,2.862949665223275630e+01,2.834356742043274480e+01,2.807809015881981196e+01,2.783170376557975345e+01,2.760311904580993669e+01,2.739112092715271984e+01,2.719456911464834548e+01,2.701239741864972999e+01,2.684361198479987820e+01,2.668728864540759815e+01,2.654256959793674753e+01,2.640865959961877607e+01,2.628482184825397994e+01,2.617037369888303999e+01,2.606468234492406566e+01,2.596716057123878940e+01,2.587726266598708236e+01,2.579448055852910571e+01,2.571834023242352174e+01,2.564839844603797658e+01,2.558423977863503040e+01,2.552547400714091452e+01,2.547173380818714961e+01,2.542267277141387538e+01,2.537796370335901130e+01,2.533729719640534839e+01,2.530038043405981796e+01,2.526693620211224456e+01,2.523670207476661531e+01
4.626324789288996442e+01,4.752114555607725066e+01,4.879025558140294550e+01,5.006432729893991507e+01,5.133673455115030748e+01,5.260052855415705864e+01,5.384849788770390688e+01,5.507323498350170610e+01,5.626720832594281063e+01,5.742283943319026207e+01,5.853258355446562433e+01,5.958901290482756963e+01,6.058490116539176285e+01,6.151330790790920844e+01,6.236766156045521114e+01,6.314183951761233971e+01,6.383024401516905755e+01,6.442787243642752060e+01,6.493038079434116128e+01,6.533413923968097947e+01,6.563627857825142087e+01,6.583472693707365408e+01,6.592823589696274666e+01,6.591639560298156653e+01,6.579963857030432450e+01,6.557923211615366199e+01,6.525725956355410062e+01,6.483659057447266605e+01,6.432084117337979023e+01,6.371432421247540390e+01,6.302199120228728191e+01,6.224936658205601248e+01,6.140247562989993924e+01,6.048776731053035860e+01,5.951203342637766269e+01,5.848232547532113301e+01,5.740587062456688017e+01,5.628998818618184430e+01,5.514200792676382434e+01,5.396919146382757759e+01,5.277865789748169334e+01,5.157731470118360306e+01,5.037179475354196967e+01,4.916840023834861029e+01,4.797305397651585679e+01,4.679125858566223428e+01,4.562806369495928038e+01,4.448804127854809565e+01,4.337526901409529501e+01,4.229332142721747800e+01,4.124526845043797607e+01,4.023368090939258224e+01,3.926064235096293942e+01,3.832776654908609260e+01,3.743621996479767233e+01,3.658674839767562759e+01,3.577970704580309302e+01,3.501509318972576068e+01,3.429258073128730899e+01,3.361155584898742887e+01,3.297115307564573072e+01,3.237029115950452507e+01,3.180770813417812803e+01,3.128199509372497289e+01,3.079162824428251000e+01,3.033499888094988606e+01,2.991044101586670934e+01,2.951625645884321614e+01,2.915073722380330423e+01,2.881218520131467997e+01,2.849892909847686084e+01,2.820933870156859058e+01,2.794183656354436351e+01,2.769490725739653669e+01,2.746710436748916351e+01,2.725705541436391144e+01,2.706346492454843400e+01,2.688511586605557468e+01,2.672086967316509032e+01,2.656966508144194705e+01,2.643051598654221834e+01,2.630250852899779090e+01,2.618479759266914897e+01,2.607660288770581403e+01,2.597720477041294984e+01,2.588593993308781194e+01,2.580219707729098744e+01,2.572541266470351218e+01,2.565506682115739423e+01,2.559067945199194583e+01,2.553180661087301573e+01,2.547803714982630297e+01,2.542898966561112672e+01,2.538430974675888763e+01,2.534366751662136608e+01,2.530675546056532355e+01,2.527328651991571462e+01,2.524299243126152348e+01,2.521562228714121900e+01,2.519094129274999716e+01
4.600336906225924594e+01,4.724525740264090246e+01,4.849808529059491491e+01,4.975566129916172287e+01,5.101142193933141300e+01,5.225848391691742023e+01,5.348970345188531894e+01,5.469774203942246515e+01,5.587513787806481957e+01,5.701438204579235958e+01,5.810799837416220015e+01,5.914862585707319909e+01,6.012910233815415495e+01,6.104254815210637730e+01,6.188244835315143177e+01,6.264273214994454975e+01,6.331784818211073684e+01,6.390283431938194525e+01,6.439338073979143928e+01,6.478588514734477144e+01,6.507749912006451609e+01,6.526616473358433268e+01,6.535064078014238476e+01,6.533051809390292419e+01,6.520622369653889905e+01,6.497901368710753900e+01,6.465095501239410680e+01,6.422489646297108834e+01,6.370442944118524764e+01,6.309383923533454208e+01,6.239804770499391395e+01,6.162254843185150577e+01,6.077333551518568555e+01,5.985682728861534940e+01,5.887978630311202011e+01,5.784923695940948818e+01,5.677238218063719444e+01,5.565652049380761923e+01,5.450896483804793036e+01,5.333696434024214739e+01,5.214763019774592578e+01,5.094786668627897086e+01,4.974430817266581073e+01,4.854326286074696384e+01,4.735066383867425088e+01,4.617202783113921782e+01,4.501242189499879487e+01,4.387643813520104175e+01,4.276817636354141428e+01,4.169123447886877898e+01,4.064870621673777862e+01,3.964318580148287197e+01,3.867677893603683970e+01,3.775111948573544396e+01,3.686739115247981857e+01,3.602635339506021239e+01,3.522837082976413114e+01,3.447344534171282504e+01,3.376125015040526733e+01,3.309116510107119780e+01,3.246231249474739400e+01,3.187359282241003910e+01,3.132371982981312186e+01,3.081125440765314494e+01,3.033463687407328990e+01,2.989221729119865856e+01,2.948228353235028365e+01,2.910308688999966975e+01,2.875286508479175751e+01,2.842986260171907631e+01,2.813234833966675197e+01,2.785863061422288567e+01,2.760706960027675194e+01,2.737608734017266343e+01,2.716417547494669193e+01,2.696990088055221690e+01,2.679190940826831380e+01,2.662892793912503109e+01,2.647976496673923918e+01,2.634330992209388356e+01,2.621853144823493409e+01,2.610447482336159908e+01,2.600025871811197575e+01,2.590507145774942543e+01,2.581816694315071814e+01,2.573886036665127008e+01,2.566652384051762681e+01,2.560058203762308437e+01,2.554050792625063693e+01,2.548581866421058351e+01,2.543607170192982281e+01,2.539086113006124634e+01,2.534981429461752356e+01,2.531258869173118953e+01,2.527886914490072456e+01,2.524836525996981607e+01,2.522080914703109400e+01,2.519595339384149923e+01,2.517356927205437600e+01,2.515344515546702553e+01
4.569256087374245823e+01,4.691556219062752575e+01,4.814923227722708532e+01,4.938745757097152023e+01,5.062375701977580889e+01,5.185133359903562678e+01,5.306313280332496163e+01,5.425190750277701568e+01,5.541028840231506081e+01,5.653085919945900173e+01,5.760623540730681214e+01,5.862914569722045144e+01,5.959251452418998696e+01,6.048954472982776309e+01,6.131379877596446448e+01,6.205927724776057630e+01,6.272049328030012560e+01,6.329254160723431966e+01,6.377116100383690167e+01,6.415278899868037854e+01,6.443460785611142683e+01,6.461458098313730147e+01,6.469147908589016538e+01,6.466489558860368447e+01,6.453525102761125254e+01,6.430378633952400946e+01,6.397254517150320652e+01,6.354434554738782026e+01,6.302274142141865099e+01,6.241197483669941448e+01,6.171691957398088135e+01,6.094301732397491378e+01,6.009620753991150366e+01,5.918285222384707822e+01,5.820965696845868109e+01,5.718358961465951751e+01,5.611179789408640772e+01,5.500152740488032066e+01,5.386004122050759690e+01,5.269454235665362773e+01,5.151210022309470560e+01,5.031958206906629982e+01,4.912359029558278678e+01,4.793040636029441259e+01,4.674594184385213680e+01,4.557569708549672782e+01,4.442472763374151157e+01,4.329761859943680236e+01,4.219846684677777660e+01,4.113087081615345397e+01,4.009792764390768127e+01,3.910223713036943849e+01,3.814591201065081805e+01,3.723059390390551471e+01,3.635747425663075205e+01,3.552731955429933919e+01,3.474050005274122555e+01,3.399702127542190766e+01,3.329655753385426920e+01,3.263848675427261981e+01,3.202192593256500430e+01,3.144576658929385715e+01,3.090870965530471182e+01,3.040929928375476976e+01,2.994595515423184651e+01,2.951700290690455475e+01,2.912070241739929344e+01,2.875527369456780491e+01,2.841892025192497684e+01,2.810984986796628959e+01,2.782629270973007252e+01,2.756651684701486005e+01,2.732884123100978258e+01,2.711164625039732812e+01,2.691338201011924980e+01,2.673257450303331595e+01,2.656782986288676796e+01,2.641783689879340358e+01,2.628136811725023136e+01,2.615727943828053270e+01,2.604450880822078673e+01,2.594207390369176736e+01,2.584906911013298014e+01,2.576466194464627790e+01,2.568808907747133929e+01,2.561865208983843445e+01,2.555571308879097359e+01,2.549869028235381663e+01,2.544705360158204499e+01,2.540032043992511035e+01,2.535805156527253246e+01,2.531984724622893879e+01,2.528534362174888628e+01,2.525420933233415965e+01,2.522614242159223252e+01,2.520086750905988282e+01,2.517813322875699455e+01,2.515770992286681818e+01,2.513938757613027875e+01,2.512297397386679521e+01
4.533299932828836631e+01,4.653434407264482786e+01,4.774608559549778874e+01,4.896220562489052952e+01,5.017632404274698388e+01,5.138174953326981154e+01,5.257153709817218612e+01,5.373855184052632694e+01,5.487553826973615401e+01,5.597519424003826316e+01,5.703024850787667788e+01,5.803354078315783227e+01,5.897810305916850382e+01,5.985724093880111241e+01,6.066461363314058985e+01,6.139431129428050582e+01,6.204092835862088862e+01,6.259963162029407613e+01,6.306622182642770724e+01,6.343718768557128840e+01,6.370975130589920354e+01,6.388190422815691960e+01,6.395243338646928066e+01,6.392093651424568890e+01,6.378782670818944922e+01,6.355432606620294678e+01,6.322244851991440129e+01,6.279497218471365727e+01,6.227540174471989332e+01,6.166792157238314331e+01,6.097734044816102283e+01,6.020902889110844569e+01,5.936885023304220965e+01,5.846308666464052806e+01,5.749836154958086354e+01,5.648155934155879976e+01,5.541974444849878267e+01,5.432008036898282199e+01,5.318975037914100312e+01,5.203588097591612893e+01,5.086546918729408162e+01,4.968531474485170918e+01,4.850195798230922151e+01,4.732162417946049970e+01,4.615017491785474135e+01,4.499306685692516794e+01,4.385531818085799216e+01,4.274148281113777870e+01,4.165563233090303186e+01,4.060134542813658243e+01,3.958170453801906064e+01,3.859929925272093953e+01,3.765623597121604149e+01,3.675415318355040029e+01,3.589424172404092417e+01,3.507726928624148144e+01,3.430360846884653370e+01,3.357326761521073166e+01,3.288592371866565145e+01,3.224095668981425433e+01,3.163748431871694322e+01,3.107439731241257874e+01,3.055039384448362227e+01,3.006401311627373829e+01,2.961366749681152299e+01,2.919767287847235693e+01,2.881427695603225203e+01,2.846168520631042753e+01,2.813808441253524961e+01,2.784166364059854359e+01,2.757063263241839479e+01,2.732323763388495053e+01,2.709777472073177051e+01,2.689260072480038843e+01,2.670614189540822991e+01,2.653690045594274949e+01,2.638345923461335829e+01,2.624448456086675563e+01,2.611872762579738350e+01,2.600502450653898379e+01,2.590229505174338342e+01,2.580954081851253434e+01,2.572584224123613339e+01,2.565035520037718797e+01,2.558230714499318736e+01,2.552099290729033143e+01,2.546577033133859302e+01,2.541605582172145361e+01,2.537131990178264118e+01,2.533108285562139628e+01,2.529491051336560403e+01,2.526241022573846706e+01,2.523322706168594465e+01,2.520704025194607922e+01,2.518355989196295752e+01,2.516252390947673945e+01,2.514369529541813719e+01,2.512685959133123603e+01,2.511182262234872553e+01,2.509840846163765349e+01
4.492723956903670057e+01,4.610429097203248716e+01,4.729146336878292800e+01,4.848284995688452170e+01,4.967218872329066670e+01,5.085291210294897724e+01,5.201820337775087921e+01,5.316105923046281134e+01,5.427435772193194907e+01,5.535093082244539886e+01,5.638364050345923317e+01,5.736545728760521712e+01,5.828954006625657058e+01,5.914931592789918113e+01,5.993855869952820825e+01,6.065146488909054767e+01,6.128272573077229879e+01,6.182759407711651534e+01,6.228194495222776084e+01,6.264232867758531142e+01,6.290601560441223938e+01,6.307103163158659243e+01,6.313618385254471832e+01,6.310107585476201564e+01,6.296611238699843938e+01,6.273249330801719026e+01,6.240219693117662558e+01,6.197795307733719739e+01,6.146320633917515863e+01,6.086207023871597954e+01,6.017927312250730409e+01,5.942009678161370090e+01,5.859030890337587749e+01,5.769609055612553306e+01,5.674395997499367184e+01,5.574069395555344641e+01,5.469324817203276723e+01,5.360867771870834986e+01,5.249405912806989249e+01,5.135641504931064105e+01,5.020264267815110770e+01,4.903944691692136360e+01,4.787327911562017846e+01,4.671028210401351544e+01,4.555624207559252170e+01,4.441654773029115688e+01,4.329615692812122774e+01,4.219957095399455937e+01,4.113081634839660694e+01,4.009343412231623205e+01,3.909047605058264452e+01,3.812450762769512380e+01,3.719761717604198026e+01,3.631143051925155874e+01,3.546713057395133717e+01,3.466548117157035591e+01,3.390685439768045484e+01,3.319126072897487489e+01,3.251838125619767084e+01,3.188760130371871071e+01,3.129804479129953165e+01,3.074860872904143250e+01,3.023799729055809138e+01,2.976475497003588799e+01,2.932729839401349636e+01,2.892394642647705183e+01,2.855294827439482219e+01,2.821250936843093626e+01,2.790081485879714052e+01,2.761605062775308284e+01,2.735642177710512257e+01,2.712016860036838040e+01,2.690558009446642274e+01,2.671100510458704136e+01,2.653486122793948354e+01,2.637564162770357257e+01,2.623191992762570379e+01,2.610235337084194285e+01,2.598568443404943906e+01,2.588074109064618966e+01,2.578643591451942996e+01,2.570176421042362946e+01,2.562580134800404963e+01,2.555769946513775182e+01,2.549668369300378856e+01,2.544204804074338000e+01,2.539315106226449714e+01,2.534941141216191340e+01,2.531030338227853349e+01,2.527535249547666396e+01,2.524413121900296630e+01,2.521625484663785244e+01,2.519137758677917915e+01,2.516918888282421207e+01,2.514940998273708317e+01,2.513179076653127808e+01,2.511610683353082862e+01,2.510215684564286676e+01,2.508976011839767395e+01,2.507875444809178589e+01
4.447818081601079143e+01,4.562845743762085249e+01,4.678857354478854091e+01,4.795274869439683130e+01,4.911485477940274080e+01,5.026846458481996649e+01,5.140690694034410768e+01,5.252332789822010994e+01,5.361075722181543313e+01,5.466217933595902423e+01,5.567060776814324186e+01,5.662916200368692898e+01,5.753114559116662008e+01,5.837012426969270962e+01,5.914000284929667828e+01,5.983509956158453491e+01,6.045021661103002941e+01,6.098070569824977838e+01,6.142252735501349292e+01,6.177230302553032715e+01,6.202735894793821814e+01,6.218576103141516143e+01,6.224634008482907177e+01,6.220870692867938345e+01,6.207325710916148154e+01,6.184116512706233948e+01,6.151436829024649455e+01,6.109554049200264814e+01,6.058805640387193847e+01,5.999594674633564750e+01,5.932384545981933144e+01,5.857692973822399551e+01,5.776085400454523011e+01,5.688167900062521198e+01,5.594579722895419138e+01,5.495985602267046488e+01,5.393067953023577843e+01,5.286519088415514034e+01,5.177033577974714262e+01,5.065300862218749955e+01,4.951998231026149710e+01,4.837784261638019956e+01,4.723292799774558404e+01,4.609127553667030952e+01,4.495857356273273808e+01,4.384012135947307343e+01,4.274079620746957175e+01,4.166502786746150377e+01,4.061678046503450901e+01,3.959954160525591504e+01,3.861631842412479187e+01,3.766964017592398761e+01,3.676156686317410305e+01,3.589370334003655216e+01,3.506721826133269104e+01,3.428286720799221143e+01,3.354101929540865257e+01,3.284168656314042778e+01,3.218455545156685105e+01,3.156901969209364367e+01,3.099421397066918260e+01,3.045904776790638735e+01,2.996223883108413233e+01,2.950234579175631566e+01,2.907779950566841620e+01,2.868693275728007563e+01,2.832800803763943520e+01,2.799924317002527374e+01,2.769883462122300699e+01,2.742497839629263368e+01,2.717588847020006071e+01,2.694981275992294556e+01,2.674504668503351468e+01,2.655994440294476178e+01,2.639292783682206789e+01,2.624249363963206960e+01,2.610721825710510302e+01,2.598576126584449497e+01,2.587686717085271226e+01,2.577936584987349633e+01,2.569217183074318811e+01,2.561428258301238259e+01,2.554477599706402202e+01,2.548280721343521904e+01,2.542760495264431242e+01,2.537846748209447867e+01,2.533475834208659805e+01,2.529590193808950005e+01,2.526137909158804007e+01,2.523072262740045346e+01,2.520351306160474181e+01,2.517937444135843705e+01,2.515797037609726061e+01,2.513900028896405558e+01,2.512219590790962087e+01,2.510731800773934097e+01,2.509415340743656841e+01,2.508251222132822988e+01,2.507222535799999719e+01,2.506314225723081890e+01
4.398902697323046596e+01,4.511022284120043935e+01,4.624096964567333146e+01,4.737562687086109747e+01,4.850821471266088736e+01,4.963246142797727600e+01,5.074185712140409521e+01,5.182971341279154842e+01,5.288922828963264777e+01,5.391355531711045046e+01,5.489587625966477447e+01,5.582947606449313582e+01,5.670781907266784572e+01,5.752462526030272727e+01,5.827394527274150704e+01,5.895023300080661244e+01,5.954841446083666767e+01,6.006395177997587354e+01,6.049290115465548467e+01,6.083196374239509652e+01,6.107852856321927959e+01,6.123070662470986036e+01,6.128735564097829780e+01,6.124809488707860083e+01,6.111330991259963952e+01,6.088414702705436810e+01,6.056249766071636742e+01,6.015097289315536955e+01,5.965286862339080898e+01,5.907212202600007345e+01,5.841326009270742503e+01,5.768134119538706983e+01,5.688189072103880761e+01,5.602083191973680698e+01,5.510441317110442583e+01,5.413913291252946891e+01,5.313166348283379392e+01,5.208877511890611345e+01,5.101726130103316592e+01,4.992386657710197539e+01,4.881521790884251288e+01,4.769776047765311233e+01,4.657769876651629204e+01,4.546094360154398117e+01,4.435306569544093236e+01,4.325925608933873434e+01,4.218429374267812193e+01,4.113252037658751448e+01,4.010782253776551443e+01,3.911362072013228897e+01,3.815286526299324521e+01,3.722803863923659407e+01,3.634116365677149219e+01,3.549381702212459544e+01,3.468714765747866124e+01,3.392189912161477139e+01,3.319843546092236863e+01,3.251676980817666873e+01,3.187659505310589481e+01,3.127731592853965381e+01,3.071808188756406466e+01,3.019782018886200348e+01,2.971526865742786327e+01,2.926900764421082357e+01,2.885749076906702371e+01,2.847907409485574348e+01,2.813204344487802899e+01,2.781463963954973906e+01,2.752508148982550651e+01,2.726158644324137370e+01,2.702238883252854862e+01,2.680575572579113697e+01,2.661000042067348303e+01,2.643349366240997611e+01,2.627467269698746577e+01,2.613204829586836553e+01,2.600420990798614440e+01,2.588982910833049189e+01,2.578766152079086638e+01,2.569654739651021913e+01,2.561541102836062578e+01,2.554325917786989919e+01,2.547917868359947846e+01,2.542233341019108650e+01,2.537196068563662976e+01,2.532736736132262934e+01,2.528792561555507135e+01,2.525306860702932710e+01,2.522228607046375615e+01,2.519511993269691885e+01,2.517116001423048388e+01,2.515003986869805885e+01,2.513143280121544976e+01,2.511504809612970135e+01,2.510062747539695494e+01,2.508794180070653823e+01,2.507678802552003106e+01,2.506698639737053114e+01,2.505837790600738657e+01,2.505082196919694937e+01
4.346324379006189531e+01,4.455324587209862131e+01,4.565250254494291227e+01,4.675552544302033198e+01,4.785649603360543125e+01,4.894931166488639462e+01,5.002763787805403695e+01,5.108496644279165366e+01,5.211467843977857228e+01,5.311011158630790874e+01,5.406463088536520445e+01,5.497170157785529909e+01,5.582496329518316713e+01,5.661830424778634097e+01,5.734593424672506501e+01,5.800245534174755591e+01,5.858292887144092731e+01,5.908293775955021943e+01,5.949864295602036890e+01,5.982683301078225213e+01,6.006496588108385737e+01,6.021120220691674518e+01,6.026442944086726783e+01,6.022427638507593883e+01,6.009111786503559927e+01,5.986606945351006459e+01,5.955097234352336244e+01,5.914836865271212218e+01,5.866146761796671427e+01,5.809410330502506525e+01,5.745068460865457638e+01,5.673613845181590420e+01,5.595584720382249344e+01,5.511558142566336471e+01,5.422142911368224816e+01,5.327972264971889160e+01,5.229696467636474466e+01,5.127975410058866856e+01,5.023471338875778258e+01,4.916841825273109379e+01,4.808733074251439632e+01,4.699773665866396044e+01,4.590568808033054893e+01,4.481695167591161066e+01,4.373696332626936822e+01,4.267078944895907000e+01,4.162309526943452909e+01,4.059812014513368439e+01,3.959965991384609652e+01,3.863105611164864683e+01,3.769519179041526513e+01,3.679449356248306913e+01,3.593093941205196984e+01,3.510607174040112710e+01,3.432101505563758082e+01,3.357649767761127890e+01,3.287287680456466887e+01,3.221016627937264332e+01,3.158806639886255851e+01,3.100599512839438532e+01,3.046312011410247322e+01,2.995839092526734149e+01,2.949057100740181170e+01,2.905826888096318328e+01,2.865996817930919960e+01,2.829405618083322338e+01,2.795885055247437734e+01,2.765262408347708600e+01,2.737362724801381475e+01,2.712010849191717199e+01,2.689033219132801378e+01,2.668259427879701562e+01,2.649523557472724278e+01,2.632665289866150360e+01,2.617530806563464552e+01,2.603973489762888960e+01,2.591854439924200904e+01,2.581042826028160775e+01,2.571416085651609507e+01,2.562859992370674433e+01,2.555268607983476414e+01,2.548544136667787541e+01,2.542596697515276816e+01,2.537344030969136099e+01,2.532711153591003850e+01,2.528629974348240594e+01,2.525038884291606323e+01,2.521882330129477978e+01,2.519110380835649110e+01,2.516678295085846528e+01,2.514546096029963707e+01,2.512678158693837105e+01,2.511042814182093963e+01,2.509611973833235865e+01,2.508360775566342582e+01,2.507267253858438139e+01,2.506312034102070285e+01,2.505478051510843684e+01,2.504750294260967181e+01,2.504115570172305638e+01
4.290451347627789858e+01,4.396141629974299292e+01,4.502726931776680885e+01,4.609674717806406363e+01,4.716420414407410533e+01,4.822371875699900556e+01,4.926914457605020914e+01,5.029416647297831844e+01,5.129236182527738208e+01,5.225726582876288973e+01,5.318244003792224817e+01,5.406154314476261646e+01,5.488840292682256461e+01,5.565708823518616555e+01,5.636197985591668669e+01,5.699783906494715779e+01,5.755987270817523438e+01,5.804379367569632109e+01,5.844587570150343225e+01,5.876300150661245425e+01,5.899270341280917762e+01,5.913319568379014868e+01,5.918339799753689334e+01,5.914294961497390801e+01,5.901221398155608711e+01,5.879227367635061796e+01,5.848491580317390515e+01,5.809260809610749732e+01,5.761846618300355516e+01,5.706621261134191769e+01,5.644012838726558812e+01,5.574499790745798578e+01,5.498604827189785027e+01,5.416888405117849459e+01,5.329941864339315316e+01,5.238380339161173538e+01,5.142835564345546118e+01,5.043948691962245334e+01,4.942363231949794056e+01,4.838718223085751902e+01,4.733641732933953961e+01,4.627744775446417691e+01,4.521615723552545774e+01,4.415815281593791042e+01,4.310872069200583212e+01,4.207278854507140409e+01,4.105489460800757229e+01,4.005916357132986150e+01,3.908928930385063438e+01,3.814852424052521229e+01,3.723967517831925989e+01,3.636510512151235019e+01,3.552674073236659069e+01,3.472608487258825960e+01,3.396423366609738537e+01,3.324189747445441867e+01,3.255942515261897086e+01,3.191683094389835773e+01,3.131382337801569804e+01,3.074983555394605972e+01,3.022405621806694143e+01,2.973546108661876275e+01,2.928284390774269497e+01,2.886484681068083447e+01,2.847998954632295820e+01,2.812669728245377954e+01,2.780332667718769102e+01,2.750819001369757899e+01,2.723957723713959211e+01,2.699577578951561918e+01,2.677508818916470190e+01,2.657584734789784164e+01,2.639642965995060564e+01,2.623526593257865258e+01,2.609085025809593716e+01,2.596174695145041511e+01,2.584659569618686703e+01,2.574411505512406606e+01,2.565310451063645303e+01,2.557244520351891737e+01,2.550109953952368969e+01,2.543810982932140163e+01,2.538259612139999533e+01,2.533375337882096190e+01,2.529084814032971451e+01,2.525321479456633611e+01,2.522025158350556495e+01,2.519141643818637633e+01,2.516622273663802289e+01,2.514423506098320615e+01,2.512506501825933469e+01,2.510836717775249838e+01,2.509383516674220260e+01,2.508119795661833962e+01,2.507021636242335560e+01,2.506067977102290811e+01,2.505240310631670297e+01,2.504522403413976406e+01,2.503900040472455046e+01,2.503360792673062463e+01
4.231668766730617648e+01,4.333880496923457315e+01,4.436956020207239249e+01,4.540380052421204482e+01,4.643606307050579574e+01,4.746061815365041525e+01,4.847151834706013318e+01,4.946265294275882241e+01,5.042780715044200690e+01,5.136072528419822447e+01,5.225517707472904050e+01,5.310502615039315799e+01,5.390429965291551184e+01,5.464725789567481229e+01,5.532846293621816613e+01,5.594284492163134104e+01,5.648576507663242552e+01,5.695307424013071795e+01,5.734116591624277248e+01,5.764702288944591402e+01,5.786825655910341482e+01,5.800313827382087339e+01,5.805062208824413972e+01,5.801035852074316068e+01,5.788269905631739221e+01,5.766869131107804236e+01,5.737006494870683326e+01,5.698920861119573544e+01,5.652913829183403038e+01,5.599345773390379577e+01,5.538631158024919188e+01,5.471233212356314368e+01,5.397658061214848857e+01,5.318448414887424747e+01,5.234176928049834743e+01,5.145439340954169438e+01,5.052847517122772558e+01,4.957022490403873860e+01,4.858587630521503087e+01,4.758162030363451578e+01,4.656354210408343874e+01,4.553756226150820652e+01,4.450938253433605496e+01,4.348443714551250849e+01,4.246784995183423916e+01,4.146439788980671892e+01,4.047848093293083593e+01,3.951409866418577366e+01,3.857483344146424997e+01,3.766384001547862681e+01,3.678384135148191092e+01,3.593713030993218638e+01,3.512557675843849125e+01,3.435063961898886475e+01,3.361338330116059581e+01,3.291449793390799528e+01,3.225432278537141428e+01,3.163287225134434522e+01,3.104986379764483218e+01,3.050474725846752833e+01,2.999673492043126544e+01,2.952483185891862760e+01,2.908786603776156454e+01,2.868451773365173452e+01,2.831334790114363642e+01,2.797282515112605594e+01,2.766135107361085588e+01,2.737728369320537425e+01,2.711895890142897159e+01,2.688470976301437432e+01,2.667288364259557554e+01,2.648185714301440896e+01,2.631004888635578709e+01,2.615593020340944008e+01,2.601803382638928852e+01,2.589496070341084533e+01,2.578538507156381954e+01,2.568805793866811271e+01,2.560180913231283739e+01,2.552554807896880007e+01,2.545826347630968911e+01,2.539902201888327582e+01,2.534696633146459277e+01,2.530131225632064229e+01,2.526134563072729122e+01,2.522641867988418340e+01,2.519594613831590735e+01,2.516940120032826655e+01,2.514631138745964734e+01,2.512625440843144986e+01,2.510885407510959411e+01,2.509377632664214985e+01,2.508072540338923773e+01,2.506944020261965633e+01,2.505969083928189178e+01,2.505127542749867331e+01,2.504401709178547009e+01,2.503776121133107679e+01,2.503237289595810111e+01,2.502773468854293881e+01
4.170373961503840121e+01,4.268961296971863817e+01,4.368380467777963361e+01,4.468134254292873209e+01,4.567695520055229963e+01,4.666511379417089955e+01,4.764007932732711481e+01,4.859595520255582812e+01,4.952674433619934291e+01,5.042641012238277654e+01,5.128894041463235709e+01,5.210841360241627740e+01,5.287906578510466460e+01,5.359535798992042999e+01,5.425204234541764947e+01,5.484422610940497123e+01,5.536743246100844829e+01,5.581765700110318562e+01,5.619141896338895492e+01,5.648580621903820997e+01,5.669851325958721588e+01,5.682787146346653628e+01,5.687287108861292495e+01,5.683317458386683541e+01,5.670912097182075229e+01,5.650172122167403188e+01,5.621264469850002854e+01,5.584419694113698540e+01,5.539928918070760488e+01,5.488140016178395797e+01,5.429453096493333675e+01,5.364315364970360633e+01,5.293215463837893964e+01,5.216677384095756764e+01,5.135254057926167093e+01,5.049520740199285740e+01,4.960068289265482377e+01,4.867496455895365415e+01,4.772407285654498565e+01,4.675398734336761208e+01,4.577058588532690919e+01,4.477958774222304328e+01,4.378650125735995857e+01,4.279657675825266239e+01,4.181476515245618941e+01,4.084568257499870469e+01,3.989358131539739816e+01,3.896232712581328173e+01,3.805538289039838418e+01,3.717579852184968559e+01,3.632620684682218837e+01,3.550882514899309683e+01,3.472546195862670970e+01,3.397752861145727366e+01,3.326605504815036340e+01,3.259170928867858663e+01,3.195481999342396051e+01,3.135540151411487386e+01,3.079318084192920679e+01,3.026762587609947275e+01,2.977797446278291105e+01,2.932326368930599614e+01,2.890235896155611783e+01,2.851398244062863796e+01,2.815674046721068180e+01,2.782914965700635790e+01,2.752966140629166247e+01,2.725668460205891108e+01,2.700860638495275978e+01,2.678381086425985558e+01,2.658069573172002009e+01,2.639768676419132731e+01,2.623325024371965952e+01,2.608590335700803564e+01,2.595422266448962034e+01,2.583685075216947880e+01,2.573250119723567408e+01,2.563996199138474452e+01,2.555809757418898087e+01,2.548584963305303575e+01,2.542223682681861519e+01,2.536635358736340962e+01,2.531736814810489022e+01,2.527451994066143470e+01,2.523711649152815539e+01,2.520452993995381163e+01,2.517619328668370215e+01,2.515159647124720621e+01,2.513028236335654242e+01,2.511184274203687394e+01,2.509591432456985416e+01,2.508217489639771358e+01,2.507033958295207299e+01,2.506015729504740719e+01,2.505140737108134275e+01,2.504389643184624958e+01,2.503745545728327926e+01,2.503193708898043113e+01,2.502721315759005094e+01,2.502317243056256402e+01
4.106971644279573752e+01,4.201812087353532377e+01,4.297451762407732190e+01,4.393412192713658726e+01,4.489186111440369586e+01,4.584241471424798675e+01,4.678026001101541453e+01,4.769972259624926636e+01,4.859503132392876523e+01,4.946037697073872152e+01,5.028997380150721597e+01,5.107812315218420451e+01,5.181927807075638270e+01,5.250810800265688272e+01,5.313956247348259865e+01,5.370893270964852206e+01,5.421191014792513840e+01,5.464464081798159611e+01,5.500377463784333543e+01,5.528650873971128021e+01,5.549062404141648130e+01,5.561451439487169068e+01,5.565720777467790015e+01,5.561837911455357641e+01,5.549835455310660848e+01,5.529810701002783446e+01,5.501924317524286323e+01,5.466398215305648733e+01,5.423512615705340778e+01,5.373602379584683320e+01,5.317052662132453378e+01,5.254293972683616687e+01,5.185796728025015057e+01,5.112065395395845258e+01,5.033632326926589684e+01,4.951051390531677043e+01,4.864891503254070670e+01,4.775730171791254008e+01,4.684147141505992096e+01,4.590718249790234040e+01,4.496009572402267906e+01,4.400571942572290851e+01,4.304935912538363141e+01,4.209607216024816978e+01,4.115062778315041925e+01,4.021747308309575430e+01,3.930070494605344322e+01,3.840404815475253031e+01,3.753083960941387431e+01,3.668401854165401943e+01,3.586612249338157454e+01,3.507928874313390111e+01,3.432526078533294367e+01,3.360539940432789763e+01,3.292069783538632777e+01,3.227180046914672573e+01,3.165902453423454332e+01,3.108238418421327509e+01,3.054161641894105017e+01,3.003620828562695166e+01,2.956542483013326006e+01,2.912833730290299528e+01,2.872385116477141764e+01,2.835073348426734086e+01,2.800763936825429923e+01,2.769313712038148978e+01,2.740573187537697208e+01,2.714388751040440440e+01,2.690604668634907881e+01,2.669064892098783304e+01,2.649614664169113709e+01,2.632101920694390174e+01,2.616378492306612813e+01,2.602301111475012263e+01,2.589732233524848937e+01,2.578540682423306407e+01,2.568602133861363868e+01,2.559799449417945993e+01,2.552022876411875174e+01,2.545170128466388704e+01,2.539146361873455504e+01,2.533864062597218592e+01,2.529242858245493863e+01,2.525209268613229696e+01,2.521696407508693483e+01,2.518643647556038445e+01,2.515996258567649591e+01,2.513705028933228292e+01,2.511725878312527982e+01,2.510019468773047180e+01,2.508550820406159687e+01,2.507288936403939417e+01,2.506206441598739687e+01,2.505279237568796447e+01,2.504486176602389946e+01,2.503808756093835797e+01,2.503230834317345099e+01,2.502738367987790369e+01,2.502319171566911749e+01,2.501962697904314936e+01
4.041869225289632084e+01,4.132863888835600363e+01,4.224624645264484002e+01,4.316692306092721765e+01,4.408580052577756447e+01,4.499777283275890483e+01,4.589753985750285636e+01,4.677965587375330614e+01,4.763858228838201114e+01,4.846874393279167492e+01,4.926458814331836322e+01,5.002064577901512621e+01,5.073159325611641179e+01,5.139231462679998685e+01,5.199796269745522892e+01,5.254401816994284502e+01,5.302634579919646285e+01,5.344124659230818963e+01,5.378550512772945069e+01,5.405643114757331347e+01,5.425189466982916286e+01,5.437035397864397623e+01,5.441087597724751390e+01,5.437314852671637055e+01,5.425748454136461874e+01,5.406481776461779987e+01,5.379669030412794939e+01,5.345523215791193650e+01,5.304313311079948789e+01,5.256360751896328765e+01,5.202035262655427061e+01,5.141750116959626382e+01,5.075956911587154963e+01,5.005139946360259273e+01,4.929810307491578669e+01,4.850499755153087023e+01,4.767754516963336187e+01,4.682129087879871321e+01,4.594180133705673086e+01,4.504460590213079740e+01,4.413514042943868532e+01,4.321869464286125151e+01,4.230036374715162140e+01,4.138500484396340795e+01,4.047719859975583745e+01,3.958121649626094296e+01,3.870099387570775207e+01,3.784010887639647081e+01,3.700176724211814872e+01,3.618879288366888147e+01,3.540362397435165320e+01,3.464831427557972887e+01,3.392453931479828810e+01,3.323360697684518783e+01,3.257647202210059589e+01,3.195375401047796871e+01,3.136575808927618780e+01,3.081249809461332134e+01,3.029372141977997046e+01,2.980893511833192022e+01,2.935743273384139229e+01,2.893832138056338366e+01,2.855054863837468559e+01,2.819292886969910583e+01,2.786416861423736435e+01,2.756289076771740199e+01,2.728765730219708630e+01,2.703699033642535809e+01,2.680939141427761996e+01,2.660335889635623730e+01,2.641740341368389622e+01,2.625006137237969028e+01,2.609990653382880055e+01,2.596555972583041694e+01,2.584569676638218283e+01,2.573905470311792243e+01,2.564443648806566145e+01,2.556071421954711909e+01,2.548683109099476951e+01,2.542180219058301560e+01,2.536471429626734775e+01,2.531472480854339224e+01,2.527105995843292163e+01,2.523301242133391398e+01,2.519993845888137685e+01,2.517125470127655973e+01,2.514643467204566463e+01,2.512500514623854997e+01,2.510654242198586061e+01,2.509066857436825160e+01,2.507704774993798225e+01,2.506538255015264127e+01,2.505541054257170330e+01,2.504690093002981044e+01,2.503965140020090274e+01,2.503348517103860615e+01,2.502824824152699890e+01,2.502380685198613364e+01,2.502004515381430849e+01,2.501686308496455169e+01
3.975472281388103113e+01,4.062545869713777336e+01,4.150352004082648705e+01,4.238451199526966207e+01,4.326377525879149744e+01,4.413642289814596609e+01,4.499738218559038216e+01,4.584144102154524347e+01,4.666329840320658207e+01,4.745761829746549409e+01,4.821908618384331646e+01,4.894246745253403219e+01,4.962266677652131364e+01,5.025478752726159115e+01,5.083419027238989685e+01,5.135654938266253566e+01,5.181790678476529166e+01,5.221472192701018855e+01,5.254391707610129458e+01,5.280291713427307343e+01,5.298968325585974526e+01,5.310273964887417719e+01,5.314119306812590793e+01,5.310474463903230458e+01,5.299369379249159806e+01,5.280893423764670302e+01,5.255194204758683441e+01,5.222475607946167031e+01,5.182995109163479697e+01,5.137060405303236621e+01,5.085025426067059584e+01,5.027285798771374914e+01,4.964273847399122985e+01,4.896453214182429292e+01,4.824313197094821959e+01,4.748362899647141688e+01,4.669125290297454001e+01,4.587131267634850929e+01,4.502913824366874707e+01,4.417002398166039256e+01,4.329917490792288959e+01,4.242165628821416590e+01,4.154234730021146760e+01,4.066589929193833086e+01,3.979669906428094350e+01,3.893883749455788035e+01,3.809608370475878303e+01,3.727186486651863362e+01,3.646925162764098616e+01,3.569094904427637971e+01,3.493929281064760772e+01,3.421625049610885583e+01,3.352342742857682367e+01,3.286207680486170091e+01,3.223311356265399041e+01,3.163713151603509388e+01,3.107442323617565449e+01,3.054500215085889536e+01,3.004862633983927367e+01,2.958482351681084310e+01,2.915291671172892052e+01,2.875205019807998497e+01,2.838121524702352261e+01,2.803927533269168748e+01,2.772499045889018632e+01,2.743704032560452788e+01,2.717404610276589239e+01,2.693459062746630650e+01,2.671723688815902520e+01,2.652054470441020939e+01,2.634308555271211461e+01,2.618345552711803492e+01,2.604028645756698879e+01,2.591225523843875678e+01,2.579809144496956819e+01,2.569658333564935759e+01,2.560658235471460031e+01,2.552700626054671318e+01,2.545684101346792971e+01,2.539514156044085880e+01,2.534103165491753273e+01,2.529370284797032298e+01,2.525241278230712894e+01,2.521648291426250310e+01,2.518529578078941000e+01,2.515829191925601904e+01,2.513496653785126611e+01,2.511486602396027834e+01,2.509758436728438369e+01,2.508275956400763462e+01,2.507007005816749512e+01,2.505923126674484536e+01,2.504999222598174669e+01,2.504213238816089415e+01,2.503545859060154299e+01,2.502980221197614341e+01,2.502501652523707065e+01,2.502097425144934562e+01,2.501756531462119781e+01,2.501469479416362418e+01
3.908180248382240762e+01,3.991280768392767442e+01,4.075080020533997072e+01,4.159158512366676774e+01,4.243071508873461539e+01,4.326352546698541346e+01,4.408517427234640707e+01,4.489068647422929814e+01,4.567500216768812038e+01,4.643302799339943476e+01,4.715969110669790609e+01,4.784999491795267090e+01,4.849907576344698157e+01,4.910225961869146261e+01,4.965511793646534500e+01,5.015352168113432185e+01,5.059369263975678876e+01,5.097225111948223741e+01,5.128625918954533347e+01,5.153325869401921011e+01,5.171130334713069487e+01,5.181898432458112325e+01,5.185544887973232164e+01,5.182041164007374334e+01,5.171415837414671302e+01,5.153754215886866064e+01,5.129197201864957378e+01,5.097939424743783121e+01,5.060226675954631048e+01,5.016352694159959213e+01,4.966655359327053532e+01,4.911512364600719138e+01,4.851336443446398050e+01,4.786570236306701531e+01,4.717680885878645825e+01,4.645154453000898798e+01,4.569490246018843038e+01,4.491195155401922534e+01,4.410778082405227707e+01,4.328744545825031764e+01,4.245591544567071907e+01,4.161802746033700373e+01,4.077844061476099569e+01,3.994159659705784549e+01,3.911168460183409934e+01,3.829261135773293034e+01,3.748797644637221538e+01,3.670105300097166889e+01,3.593477377061617517e+01,3.519172243999328487e+01,3.447413000642862357e+01,3.378387593766828445e+01,3.312249376631056919e+01,3.249118072091479092e+01,3.189081095008838318e+01,3.132195186441624557e+01,3.078488310175762521e+01,3.027961761371405558e+01,2.980592437422588503e+01,2.936335222432393977e+01,2.895125438891629699e+01,2.856881323086729907e+01,2.821506484318751617e+01,2.788892312052296774e+01,2.758920299493828310e+01,2.731464256690429693e+01,2.706392390917324065e+01,2.683569236770524924e+01,2.662857422897437587e+01,2.644119266594552897e+01,2.627218191504161027e+01,2.612019967293178979e+01,2.598393773453927125e+01,2.586213092200989294e+01,2.575356437835958090e+01,2.565707931911273931e+01,2.557157735055050907e+01,2.549602347439807914e+01,2.542944790616203221e+01,2.537094683821207752e+01,2.531968227945951355e+01,2.527488110151914924e+01,2.523583341696722115e+01,2.520189040914003087e+01,2.517246172526126813e+01,2.514701253592321351e+01,2.512506035443476193e+01,2.510617169960893946e+01,2.508995867547952585e+01,2.507607553145573931e+01,2.506421525675076722e+01,2.505410625372045175e+01,2.504550912615011882e+01,2.503821361062352935e+01,2.503203567195884460e+01,2.502681477733451132e+01,2.502241135816081652e+01,2.501870446396729619e+01,2.501558960854247715e+01,2.501297680523731870e+01
3.840382394814178468e+01,3.919480615933868251e+01,3.999243636629082488e+01,4.079272124390096366e+01,4.159142716952207763e+01,4.238411367429271337e+01,4.316617145284973844e+01,4.393286453991997575e+01,4.467937616365016140e+01,4.540085769285265371e+01,4.609248001116645810e+01,4.674948657788069539e+01,4.736724737507699956e+01,4.794131289577826038e+01,4.846746729957104094e+01,4.894177985192684588e+01,4.936065377196796078e+01,4.972087164100177148e+01,5.001963657058558965e+01,5.025460839345939235e+01,5.042393422218563614e+01,5.052627281706680407e+01,5.056081231475672411e+01,5.052728098943182999e+01,5.042595084664873895e+01,5.025763398304357565e+01,5.002367177966083034e+01,4.972591712971255618e+01,4.936671002979672096e+01,4.894884698400676371e+01,4.847554478014672696e+01,4.795039929392207512e+01,4.737734005838835571e+01,4.676058140041395461e+01,4.610457099223997091e+01,4.541393669367792540e+01,4.469343256887987792e+01,4.394788495124130634e+01,4.318213940164341835e+01,4.240100936013780597e+01,4.160922723095443843e+01,4.081139856733486226e+01,4.001195993839566256e+01,3.921514096743632649e+01,3.842493093236767265e+01,3.764505021683459063e+01,3.687892679768568627e+01,3.612967785314328495e+01,3.540009647861614894e+01,3.469264340561795024e+01,3.400944353547416199e+01,3.335228702488853259e+01,3.272263459612803160e+01,3.212162669137658355e+01,3.155009604915681010e+01,3.100858325075938637e+01,3.049735476617189533e+01,3.001642302160485087e+01,2.956556801366777876e+01,2.914436000763952705e+01,2.875218287802906403e+01,2.838825767753740337e+01,2.805166605433414873e+01,2.774137317594438201e+01,2.745624985969916665e+01,2.719509365337338380e+01,2.695664865412580369e+01,2.673962389807639894e+01,2.654271019582921909e+01,2.636459533013463385e+01,2.620397756998293914e+01,2.605957749017955294e+01,2.593014811646230555e+01,2.581448344321698229e+01,2.571142539369192548e+01,2.561986931129058931e+01,2.553876808512207930e+01,2.546713502369431481e+01,2.540404559769738668e+01,2.534863817655842411e+01,2.530011388420840035e+01,2.525773569766750271e+01,2.522082690802255200e+01,2.518876905753245055e+01,2.516099945933973459e+01,2.513700839795243169e+01,2.511633609962910185e+01,2.509856955235731490e+01,2.508333924553290828e+01,2.507031588995758042e+01,2.505920716957124483e+01,2.504975456758117147e+01,2.504173030146386481e+01,2.503493439378745933e+01,2.502919189898920393e+01,2.502435030017660011e+01,2.502027708470883027e+01,2.501685750274576492e+01,2.501399250909689798e+01,2.501159688552151295e+01
3.772454126679555486e+01,3.847542810978742978e+01,3.923262395506571210e+01,3.999233758902924762e+01,4.075054966052796601e+01,4.150304443758182060e+01,4.224544589178747600e+01,4.297325773878314692e+01,4.368190696949731944e+01,4.436679031891837610e+01,4.502332303920605483e+01,4.564698927442052678e+01,4.623339327709307156e+01,4.677831066416511874e+01,4.727773888302439786e+01,4.772794604863469914e+01,4.812551732083483103e+01,4.846739801705250272e+01,4.875093269975264576e+01,4.897389953923173778e+01,4.913453932972950611e+01,4.923157862864864853e+01,4.926424659294067965e+01,4.923228520105372041e+01,4.913595267058913407e+01,4.897602000809543199e+01,4.875376075523224983e+01,4.847093412180686300e+01,4.812976181791518826e+01,4.773289901172310579e+01,4.728339994364789334e+01,4.678467881946544793e+01,4.624046668216584521e+01,4.565476502360112931e+01,4.503179694096456842e+01,4.437595666922685211e+01,4.369175832864430475e+01,4.298378471663015432e+01,4.225663694638760148e+01,4.151488569191210587e+01,4.076302474182668334e+01,4.000542749487962624e+01,3.924630694993484781e+01,3.848967965522034973e+01,3.773933398788751958e+01,3.699880303802451209e+01,3.627134227357753815e+01,3.555991206647872360e+01,3.486716506781243652e+01,3.419543833301027291e+01,3.354675001852880456e+01,3.292280040062470192e+01,3.232497690577806537e+01,3.175436279178412136e+01,3.121174907897287909e+01,3.069764930254859792e+01,3.021231663949966517e+01,2.975576295647874048e+01,2.932777932782413899e+01,2.892795758462293421e+01,2.855571247538076207e+01,2.821030404532901414e+01,2.789085987345606554e+01,2.759639684275554927e+01,2.732584215870225108e+01,2.707805337239879861e+01,2.685183720705186516e+01,2.664596702839916631e+01,2.645919884049238391e+01,2.629028572704791245e+01,2.613799069474299586e+01,2.600109790783471198e+01,2.587842233292585092e+01,2.576881783834143747e+01,2.567118381428280571e+01,2.558447039767698072e+01,2.550768239952276417e+01,2.543988204272143960e+01,2.538019062511099122e+01,2.532778922599406002e+01,2.528191857519740182e+01,2.524187820198619292e+01,2.520702497735315006e+01,2.517677115768448104e+01,2.515058203093629885e+01,2.512797325858178255e+01,2.510850799803224120e+01,2.509179388128477939e+01,2.507747991646236585e+01,2.506525336991083464e+01,2.505483667778693757e+01,2.504598442776223877e+01,2.503848044369555126e+01,2.503213499897607974e+01,2.502678217776611547e+01,2.502227739760569492e+01,2.501849510179003033e+01,2.501532662558248887e+01,2.501267823665529022e+01,2.501046934711880709e+01
3.704753663830227595e+01,3.775846590115200740e+01,3.847536701996641995e+01,3.919465030456666454e+01,3.991251005253296569e+01,4.062495461677266206e+01,4.132784057075001272e+01,4.201691061954181805e+01,4.268783481621724007e+01,4.333625455973284346e+01,4.395782877486370666e+01,4.454828160884578381e+01,4.510345092538170775e+01,4.561933683623219338e+01,4.609214948523795385e+01,4.651835529039554729e+01,4.689472085725204664e+01,4.721835380165596519e+01,4.748673976162096722e+01,4.769777493608327745e+01,4.784979356156904373e+01,4.794158982471552122e+01,4.797243380730054696e+01,4.794208116868485803e+01,4.785077638583871362e+01,4.769924949068071385e+01,4.748870636546064361e+01,4.722081277646659458e+01,4.689767244158832682e+01,4.652179953549529046e+01,4.609608613486845741e+01,4.562376519301501077e+01,4.510836970638725063e+01,4.455368879350154288e+01,4.396372144841821239e+01,4.334262875565738682e+01,4.269468536100471567e+01,4.202423098337605722e+01,4.133562272746701183e+01,4.063318891641793584e+01,3.992118510963820199e+01,3.920375290502553867e+01,3.848488204908873200e+01,3.776837629512123584e+01,3.705782336086078743e+01,3.635656924533053314e+01,3.566769707207551221e+01,3.499401053497720682e+01,3.433802193528717339e+01,3.370194471630027522e+01,3.308769032678236499e+01,3.249686917719100165e+01,3.193079539490451424e+01,3.139049503681990316e+01,3.087671738020911150e+01,3.038994888575241049e+01,2.993042941003886170e+01,2.949817023812567029e+01,2.909297350934878779e+01,2.871445262065723725e+01,2.836205321033736837e+01,2.803507435002626380e+01,2.773268960324035248e+01,2.745396764309223059e+01,2.719789215926414983e+01,2.696338082351645582e+01,2.674930312296459789e+01,2.655449691007611435e+01,2.637778355694484489e+01,2.621798163813707561e+01,2.607391910064427876e+01,2.594444391072364908e+01,2.582843319529312964e+01,2.572480091983172557e+01,2.563250416529574238e+01,2.555054808338207906e+01,2.547798962263012257e+01,2.541394012751607079e+01,2.535756691908453675e+01,2.530809396906266073e+01,2.526480178012890576e+01,2.522702658340412185e+01,2.519415896064950289e+01,2.516564199344857045e+01,2.514096903516257697e+01,2.511968119400805222e+01,2.510136460751506604e+01,2.508564758015998564e+01,2.507219764737071799e+01,2.506071862058525923e+01,2.505094765978160609e+01,2.504265241203094661e+01,2.503562824726674307e+01,2.502969561568960444e+01,2.502469754509492361e+01,2.502049729094526143e+01,2.501697614722022323e+01,2.501403142195260898e+01,2.501157457787650884e+01,2.500952953573489168e+01
3.637619119858179317e+01,3.704749927213631366e+01,3.772444538203580322e+01,3.840363974118822910e+01,3.908148857856890146e+01,3.975422253160112973e+01,4.041792890801779947e+01,4.106858748498785872e+01,4.170210942956700251e+01,4.231437884586287623e+01,4.290129638285262104e+01,4.345882427460828268e+01,4.398303213367245235e+01,4.447014278014481903e+01,4.491657736507271181e+01,4.531899903802724339e+01,4.567435441595785761e+01,4.597991213380358033e+01,4.623329779672955198e+01,4.643252470864217685e+01,4.657601982078556091e+01,4.666264442629886133e+01,4.669170921982151867e+01,4.666298344344377114e+01,4.657669794914094297e+01,4.643354212072178200e+01,4.623465471257773629e+01,4.598160877540649949e+01,4.567639094791329057e+01,4.532137549568822266e+01,4.491929357164397629e+01,4.447319825444971286e+01,4.398642599051619584e+01,4.346255511983773800e+01,4.290536220534977474e+01,4.231877690880519083e+01,4.170683616334191868e+01,4.107363838415768953e+01,4.042329843469590145e+01,3.975990402751912711e+01,3.908747418798986217e+01,3.840992034665293886e+01,3.773101055472162102e+01,3.705433723836385695e+01,3.638328882372823614e+01,3.572102547803009998e+01,3.507045912469812521e+01,3.443423780462929074e+01,3.381473437293909257e+01,3.321403944295729360e+01,3.263395841810805820e+01,3.207601238897187557e+01,3.154144261821839379e+01,3.103121829090373041e+01,3.054604717223129029e+01,3.008638878939499861e+01,2.965246973840724110e+01,2.924430071047324731e+01,2.886169483491238452e+01,2.850428694607217395e+01,2.817155339922134516e+01,2.786283208402839406e+01,2.757734231285291671e+01,2.731420429358845681e+01,2.707245793209324347e+01,2.685108074625765084e+01,2.664900471147532457e+01,2.646513189478164563e+01,2.629834877137166771e+01,2.614753915189654521e+01,2.601159568126875143e+01,2.588942989921309135e+01,2.577998087913608316e+01,2.568222248482329562e+01,2.559516930389629508e+01,2.551788133285386806e+01,2.544946750096033483e+01,2.538908812937980741e+01,2.533595642800312220e+01,2.528933913563840008e+01,2.524855640993607153e+01,2.521298107191724114e+01,2.518203730660352235e+01,2.515519891634113137e+01,2.513198721729653329e+01,2.511196866258453397e+01,2.509475226785858482e+01,2.507998690720672030e+01,2.506735853908510592e+01,2.505658741398213252e+01,2.504742530770610287e+01,2.503965281676243038e+01,2.503307674533644800e+01,2.502752760700092693e+01,2.502285725847338682e+01,2.501893667758394102e+01,2.501565389308769483e+01,2.501291207005634121e+01,2.501062775128922766e+01,2.500872925246055090e+01
3.571366008264097047e+01,3.634586885704445791e+01,3.698338659217760238e+01,3.762302082506558776e+01,3.826138698228076862e+01,3.889493511901910949e+01,3.951998030241725957e+01,4.013273632625113407e+01,4.072935236530889114e+01,4.130595210364204206e+01,4.185867480360500537e+01,4.238371772403216653e+01,4.287737924785582777e+01,4.333610204350851802e+01,4.375651556187827396e+01,4.413547716237881957e+01,4.447011116848306500e+01,4.475784517508994043e+01,4.499644296718598468e+01,4.518403346085364092e+01,4.531913514279678168e+01,4.540067556184698816e+01,4.542800551368971895e+01,4.540090765630399261e+01,4.531959939610898402e+01,4.518472999112566413e+01,4.499737192506233896e+01,4.475900671254451879e+01,4.447150539820111703e+01,4.413710410856337774e+01,4.375837510349357729e+01,4.333819385113632450e+01,4.287970271548310564e+01,4.238627189720804722e+01,4.186145830549837399e+01,4.130896306059740652e+01,4.073258833353455088e+01,4.013619422128032710e+01,3.952365633295855929e+01,3.889882472675678571e+01,3.826548478910040529e+01,3.762732058906532018e+01,3.698788117368333417e+01,3.635055019568001455e+01,3.571851918631493561e+01,3.509476470442480434e+01,3.448202951054074106e+01,3.388280783400898599e+01,3.329933472319861920e+01,3.273357939576639097e+01,3.218724243897730730e+01,3.166175665042486287e+01,3.115829125806192579e+01,3.067775921588459198e+01,3.022082723826989792e+01,2.978792821196380558e+01,2.937927560990416964e+01,2.899487952508120969e+01,2.863456394492321166e+01,2.829798489651987126e+01,2.798464910950257334e+01,2.769393286563342116e+01,2.742510073109710689e+01,2.717732389809709304e+01,2.694969789558936313e+01,2.674125946383550456e+01,2.655100242297094582e+01,2.637789240109136912e+01,2.622088032168224814e+01,2.607891458288055020e+01,2.595095189150569581e+01,2.583596674258610193e+01,2.573295955991219941e+01,2.564096353475226664e+01,2.555905021816406375e+01,2.548633393730927565e+01,2.542197511789958142e+01,2.536518260351538245e+01,2.531521506824311629e+01,2.527138162212274963e+01,2.523304170956559744e+01,2.519960439949726805e+01,2.517052716281497027e+01,2.514531422813698214e+01,2.512351460107033674e+01,2.510471982562162552e+01,2.508856155919489694e+01,2.507470902510415556e+01,2.506286639889246004e+01,2.505277017718149679e+01,2.504418657043130025e+01,2.503690895399580185e+01,2.503075540531443011e+01,2.502556634905428368e+01,2.502120232655873977e+01,2.501754190109237896e+01,2.501447970610557547e+01,2.501192464006652116e+01,2.500979820830191613e+01,2.500803300971873000e+01
3.506285188840803357e+01,3.565665438355318884e+01,3.625544284110094395e+01,3.685621866287244330e+01,3.745580280580641386e+01,3.805086089690733075e+01,3.863793177113961974e+01,3.921345913842068143e+01,3.977382601180654831e+01,4.031539145937455970e+01,4.083452917910081226e+01,4.132766734102491313e+01,4.179132909586642342e+01,4.222217311547900920e+01,4.261703350932425849e+01,4.297295845343573717e+01,4.328724687471610366e+01,4.355748255409162795e+01,4.378156504688369921e+01,4.395773686721150142e+01,4.408460644439935550e+01,4.416116643195886127e+01,4.418680703215493111e+01,4.416132408957275857e+01,4.408492180337170652e+01,4.395821000776865617e+01,4.378219607135577007e+01,4.355827156571177028e+01,4.328819395002939530e+01,4.297406360888286514e+01,4.261829666268778993e+01,4.222359404299101016e+01,4.179290738587310727e+01,4.132940234518485312e+01,4.083641996215727943e+01,4.031743674858686433e+01,3.977602414715070012e+01,3.921580802467356364e+01,3.864042883294477093e+01,3.805350303788240751e+01,3.745858637269446234e+01,3.685913941566116137e+01,3.625849592993741055e+01,3.565983433316799989e+01,3.506615259063431722e+01,3.448024674904144149e+01,3.390469325082413832e+01,3.334183509282764390e+01,3.279377182010402692e+01,3.226235327689322929e+01,3.174917697395436633e+01,3.125558887537912867e+01,3.078268735970890901e+01,3.033133007018913574e+01,2.990214333767369226e+01,2.949553383713961452e+01,2.911170212485347975e+01,2.875065769760436041e+01,2.841223521755662773e+01,2.809611155549541195e+01,2.780182332073318108e+01,2.752878456681951747e+01,2.727630438749392283e+01,2.704360414606196272e+01,2.682983411258135220e+01,2.663408931597018281e+01,2.645542445150126198e+01,2.629286771730489392e+01,2.614543348573666393e+01,2.601213374614521001e+01,2.589198828417274356e+01,2.578403358882325946e+01,2.568733050183283950e+01,2.560097064417259105e+01,2.552408167170370490e+01,2.545583142607333116e+01,2.539543105795499756e+01,2.534213720783242252e+01,2.529525333488993510e+01,2.525413028744010546e+01,2.521816620895335959e+01,2.518680587244086766e+01,2.515953953297490386e+01,2.513590138380505934e+01,2.511546769613181596e+01,2.509785471640327614e+01,2.508271638826017025e+01,2.506974195919764981e+01,2.505865352484323338e+01,2.504920355664364351e+01,2.504117245185627638e+01,2.503436613817232015e+01,2.502861375915035325e+01,2.502376546097879384e+01,2.501969029595706928e+01,2.501627425351321321e+01,2.501341842556598749e+01,2.501103730958493898e+01,2.500905724978129641e+01,2.500741501444704085e+01
3.442641259606683946e+01,3.498265760004643710e+01,3.554357287747878758e+01,3.610634943721899504e+01,3.666800925277712508e+01,3.722542878894191176e+01,3.777536573491413208e+01,3.831448866869278902e+01,3.883940930808018521e+01,3.934671693848485319e+01,3.983301454849048184e+01,4.029495615263231656e+01,4.072928473854706510e+01,4.113287024402004022e+01,4.150274694958774546e+01,4.183614966512984523e+01,4.213054809485178254e+01,4.238367878443099102e+01,4.259357408673010070e+01,4.275858762786847933e+01,4.287741581273297697e+01,4.294911497701230019e+01,4.297311387006220684e+01,4.294922123759779709e+01,4.287762836338762895e+01,4.275890652266448910e+01,4.259399939463757789e+01,4.238421057502864642e+01,4.213118641973068179e+01,4.183689453537094494e+01,4.150359830977683373e+01,4.113382794333845993e+01,4.073034849954182590e+01,4.029612553832397737e+01,3.983428892851982539e+01,3.934809545502988470e+01,3.884089084229152178e+01,3.831607180839866089e+01,3.777704874433482729e+01,3.722720958112843448e+01,3.666988536544924671e+01,3.610831801262582275e+01,3.554563064683932083e+01,3.498480087305154029e+01,3.442863725583708856e+01,3.387975920853008205e+01,3.334058042375142605e+01,3.281329590517025707e+01,3.229987259186387405e+01,3.180204350231183952e+01,3.132130526613468646e+01,3.085891885919679822e+01,3.041591331243586893e+01,2.999309212731939311e+01,2.959104210148596081e+01,2.921014424699803058e+01,2.885058647058979631e+01,2.851237768001814743e+01,2.819536298262177354e+01,2.789923965082470048e+01,2.762357354383005870e+01,2.736781569429755834e+01,2.713131879249063161e+01,2.691335332729650531e+01,2.671312317275059200e+01,2.652978043934820107e+01,2.636243944066543321e+01,2.621018965686980806e+01,2.607210760689451945e+01,2.594726756978747062e+01,2.583475112253485761e+01,2.573365548611086595e+01,2.564310069333250297e+01,2.556223561111259812e+01,2.549024286580894127e+01,2.542634273354982000e+01,2.536979606773845930e+01,2.531990634352592906e+01,2.527602090407157576e+01,2.523753149610037738e+01,2.520387418286528813e+01,2.517452872139644171e+01,2.514901748814395432e+01,2.512690403307273002e+01,2.510779133721569778e+01,2.509131984289127359e+01,2.507716531947919947e+01,2.506503662104080732e+01,2.505467338535585853e+01,2.504584371729209380e+01,2.503834189296368251e+01,2.503198611498157078e+01,2.502661634333941976e+01,2.502209222117561538e+01,2.501829110984680682e+01,2.501510624346416023e+01,2.501244500928610393e+01,2.501022735712329492e+01,2.500838433817405715e+01,2.500685677144378971e+01
3.380671391456363040e+01,3.432638990067689377e+01,3.485042889857100334e+01,3.537620655240391443e+01,3.590094058147350609e+01,3.642171276025720061e+01,3.693549389419945328e+01,3.743917153408888510e+01,3.792958010705059735e+01,3.840353308127717469e+01,3.885785672630314025e+01,3.928942498248778747e+01,3.969519491387421084e+01,4.007224218902982926e+01,4.041779601591272808e+01,4.072927295005815296e+01,4.100430900095331310e+01,4.124078947956559915e+01,4.143687606047350869e+01,4.159103057445221907e+01,4.170203510088838783e+01,4.176900799292911870e+01,4.179141554041729023e+01,4.176907905478313410e+01,4.170217724431362427e+01,4.159124383560952509e+01,4.143716048548669306e+01,4.124114511496549085e+01,4.100473588124147284e+01,4.072977108264497303e+01,4.041836536373991606e+01,4.007288265123727911e+01,3.969590630491501315e+01,3.929020701013157435e+01,3.885870896899668026e+01,3.840445496535129166e+01,3.793057088427384826e+01,3.744023026007022992e+01,3.693661940813479561e+01,3.642290366649766042e+01,3.590219523336718055e+01,3.537752303882752614e+01,3.485180503352456327e+01,3.432782321626314115e+01,3.380820165761605267e+01,3.329538770960427740e+01,3.279163652392195161e+01,3.229899893464947525e+01,3.181931269741278356e+01,3.135419701684658733e+01,3.090505023916849225e+01,3.047305053762945448e+01,3.005915937632270740e+01,2.966412750283249267e+01,2.928850319278766534e+01,2.893264244964024101e+01,2.859672085080044113e+01,2.828074672632727626e+01,2.798457535823578368e+01,2.770792389654173959e+01,2.745038670171655326e+01,2.721145084148379212e+01,2.699051149201968869e+01,2.678688701876448874e+01,2.659983353935478689e+01,2.642855879982082001e+01,2.627223522437547132e+01,2.613001202813678603e+01,2.600102631033294287e+01,2.588441307238581146e+01,2.577931413029660490e+01,2.568488591360190298e+01,2.560030616356144506e+01,2.552477956100481649e+01,2.545754232931190586e+01,2.539786587031997556e+01,2.534505950059637058e+01,2.529847236260689058e+01,2.525749459001164965e+01,2.522155780883674581e+01,2.519013505683233944e+01,2.516274020218527596e+01,2.513892694016436380e+01,2.511828744249709544e+01,2.510045072955900380e+01,2.508508083003981781e+01,2.507187478685574789e+01,2.506056056190499959e+01,2.505089488599230307e+01,2.504266109403068796e+01,2.503566697959388065e+01,2.502974269714432864e+01,2.502473873488087719e+01,2.502052397619529245e+01,2.501698386323696965e+01,2.501401867208173613e+01,2.501154190548915679e+01,2.500947880620654473e+01,2.500776499121908358e+01,2.500634520522820736e+01
3.320584595092056901e+01,3.369006453595647343e+01,3.417834829287235721e+01,3.466825190137913637e+01,3.515718288992825080e+01,3.564242211613716194e+01,3.612114703859192844e+01,3.659045754041650866e+01,3.704740400460431005e+01,3.748901728435961900e+01,3.791234016015346242e+01,3.831445983034089409e+01,3.869254094538526090e+01,3.904385866818824979e+01,3.936583122572975668e+01,3.965605141093077890e+01,3.991231649884636568e+01,4.013265605815625747e+01,4.031535716732435759e+01,4.045898658430772343e+01,4.056240946856429730e+01,4.062480431330569530e+01,4.064567381316307149e+01,4.062485146615468068e+01,4.056250378734554829e+01,4.045912809301565005e+01,4.031554589656425946e+01,4.013289203880349021e+01,3.991259975379433200e+01,3.965638194509662640e+01,3.936620901452357657e+01,3.904428364468466839e+01,3.869301298646525566e+01,3.831497874209600951e+01,3.791290566286350838e+01,3.748962899736837784e+01,3.704806143142538133e+01,3.659116005440246511e+01,3.612189386949519587e+01,3.564321233787974563e+01,3.515801540987992269e+01,3.466912545142059798e+01,3.417926142249086041e+01,3.369101560758726066e+01,3.320683313770946654e+01,3.272899448101480857e+01,3.225960101626547782e+01,3.180056374121118168e+01,3.135359510843138509e+01,3.092020392516192118e+01,3.050169320233510462e+01,3.009916079236693065e+01,2.971350261582549024e+01,2.934541824450064951e+01,2.899541858284757367e+01,2.866383537137721760e+01,2.835083222420754723e+01,2.805641690839096114e+01,2.778045457436571652e+01,2.752268165438677272e+01,2.728272015841541531e+01,2.706009211395789293e+01,2.685423391696142303e+01,2.666451038430262699e+01,2.649022832384164161e+01,2.633064946469345102e+01,2.618500261755813341e+01,2.605249496198581127e+01,2.593232238373383325e+01,2.582367881038862123e+01,2.572576451674439824e+01,2.563779339271715330e+01,2.555899918557476624e+01,2.548864074481855013e+01,2.542600631207383088e+01,2.537041690982627173e+01,2.532122889183025194e+01,2.527783572462476869e+01,2.523966907397526427e+01,2.520619927240663216e+01,2.517693524451860299e+01,2.515142396571223671e+01,2.512924952754486085e+01,2.511003187941107129e+01,2.509342531185342651e+01,2.507911674176051875e+01,2.506682385421852644e+01,2.505629315003254121e+01,2.504729794209112725e+01,2.503963633795493848e+01,2.503312924042728937e+01,2.502761839250870324e+01,2.502296448812341723e+01,2.501904536538880919e+01,2.501575429501474801e+01,2.501299837268905080e+01,2.501069702103258052e+01,2.500878060388701840e+01,2.500718915331330550e+01,2.500587120770508420e+01
3.262561402880507444e+01,3.307559322360649645e+01,3.352935003739609954e+01,3.398461204402775593e+01,3.443897007018870227e+01,3.488989722769527191e+01,3.533477053980517724e+01,3.577089493887983451e+01,3.619552935660698267e+01,3.660591457525823955e+01,3.699930246055745897e+01,3.737298615504981569e+01,3.772433077666218537e+01,3.805080414154569723e+01,3.835000701421949287e+01,3.861970238218793128e+01,3.885784325702995545e+01,3.906259851962636986e+01,3.923237635358656661e+01,3.936584484765021585e+01,3.946194939418263914e+01,3.951992656589147401e+01,3.953931421536223212e+01,3.951995761051633593e+01,3.946201149204618019e+01,3.936593801454993269e+01,3.923250060967245645e+01,3.906275388522624326e+01,3.885802974721643466e+01,3.861992000019838400e+01,3.835025574386434499e+01,3.805108393876243156e+01,3.772464156039136185e+01,3.737332779762543566e+01,3.699967477781655845e+01,3.660631731658331489e+01,3.619596219511992530e+01,3.577135746200675470e+01,3.533526224042832098e+01,3.489041749610079535e+01,3.443951818700766410e+01,3.398518717435224801e+01,3.352995122623342894e+01,3.307621939281222012e+01,3.262626397560980251e+01,3.218220425553107589e+01,3.174599308568702227e+01,3.131940639748354371e+01,3.090403561304072610e+01,3.050128290496769168e+01,3.011235919684866857e+01,2.973828475533210991e+01,2.937989218809956782e+01,2.903783163168289860e+01,2.871257788935577082e+01,2.840443926222602755e+01,2.811356780609778383e+01,2.783997074239713498e+01,2.758352275306391732e+01,2.734397889628650447e+01,2.712098789168645396e+01,2.691410553936594141e+01,2.672280805638948920e+01,2.654650513604009276e+01,2.638455255882793438e+01,2.623626420902037282e+01,2.610092337572847754e+01,2.597779324270699419e+01,2.586612649544748166e+01,2.576517399739002556e+01,2.567419250874975489e+01,2.559245144123558546e+01,2.551923865959784621e+01,2.545386535632585989e+01,2.539567003884832630e+01,2.534402167925756189e+01,2.529832208493394674e+01,2.525800755458984881e+01,2.522254988832672851e+01,2.519145682248132445e+01,2.516427196052709547e+01,2.514057427031085723e+01,2.511997721566521946e+01,2.510212758716761883e+01,2.508670409273466007e+01,2.507341576405220707e+01,2.506200022973939312e+01,2.505222190080195332e+01,2.504387010850136264e+01,2.503675722938335824e+01,2.503071682698458744e+01,2.502560183475877409e+01,2.502128280010444072e+01,2.501764620508533454e+01,2.501459287554650857e+01,2.501203648686131942e+01,2.500990217150314265e+01,2.500812523101398455e+01,2.500664995272503432e+01,2.500542852974977492e+01
3.206753942149633474e+01,3.248458690968092100e+01,3.290513548409125377e+01,3.332707901538680062e+01,3.374818463418925063e+01,3.416611037053644395e+01,3.457842519752227872e+01,3.498263127275342299e+01,3.537618811923631057e+01,3.575653843843317503e+01,3.612113520383041987e+01,3.646746964472924191e+01,3.679309969827028226e+01,3.709567848397835377e+01,3.737298234021695009e+01,3.762293795652388440e+01,3.784364814027067325e+01,3.803341577061045342e+01,3.819076551714120171e+01,3.831446293473868536e+01,3.840353058896428706e+01,3.845726091743625830e+01,3.847522559044971047e+01,3.845728119762389952e+01,3.840357115496661322e+01,3.831452379687556942e+01,3.819084668857581022e+01,3.803351726462212667e+01,3.784376996670573590e+01,3.762308011749716741e+01,3.737314482515246539e+01,3.709586126409185880e+01,3.679330272060895624e+01,3.646769282589408334e+01,3.612137842351526729e+01,3.575680153291985164e+01,3.537647087498866938e+01,3.498293342025375807e+01,3.457874640549124479e+01,3.416645024067284453e+01,3.374854269655868677e+01,3.332745472457796865e+01,3.290552821624638113e+01,3.248499596049218496e+01,3.206796400524354596e+01,3.165639657583218991e+01,3.125210364853080236e+01,3.085673122415226999e+01,3.047175429529009705e+01,3.009847245254874437e+01,2.973800803093228495e+01,2.939130665820263033e+01,2.905914003308340909e+01,2.874211073309426823e+01,2.844065882979526094e+01,2.815507007337162548e+01,2.788548539870345166e+01,2.763191150110161587e+01,2.739423223138086527e+01,2.717222056640395067e+01,2.696555092210111937e+01,2.677381159061702220e+01,2.659651710099287314e+01,2.643312032296589109e+01,2.628302415537518755e+01,2.614559266363888312e+01,2.602016155418374410e+01,2.590604789699131771e+01,2.580255903005960860e+01,2.570900060112355590e+01,2.562468372206236822e+01,2.554893122975540010e+01,2.548108306351538488e+01,2.542050078348680486e+01,2.536657126647566329e+01,2.531870962556522997e+01,2.527636140761673644e+01,2.523900412844826846e+01,2.520614820926223132e+01,2.517733737991517984e+01,2.515214861507897481e+01,2.513019166842932250e+01,2.511110826792291206e+01,2.509457103219479990e+01,2.508028216432503754e+01,2.506797197487905393e+01,2.505739728139797151e+01,2.504833972656374996e+01,2.504060405223276931e+01,2.503401636154284304e+01,2.502842239645618605e+01,2.502368585348802554e+01,2.501968675605193582e+01,2.501631989787620824e+01,2.501349336834146087e+01,2.501112716737587505e+01,2.500915191472491372e+01,2.500750765598249359e+01,2.500614276571531747e+01,2.500501294631135352e+01
