3.023886342328378163e+01,3.039206962028436365e+01,3.053170651812407854e+01,3.065652191300491225e+01,3.076538159301970765e+01,3.085728660785297706e+01,3.093138861733126177e+01,3.098700298598206260e+01,3.102361933863114984e+01,3.104090934800214541e+01,3.103873158767047258e+01,3.101713335073181099e+01,3.097634940417970029e+01,3.091679771916914987e+01,3.083907228598568651e+01,3.074393318762285432e+01,3.063229416551818218e+01,3.050520796353926656e+01,3.036384978034343618e+01,3.020949919466518452e+01,3.004352095216520269e+01,2.986734501581586443e+01,2.968244628437413724e+01,2.949032437563031550e+01,2.929248385347036177e+01,2.909041525129019590e+01,2.888557721013160062e+01,2.867938000943772892e+01,2.847317072304658581e+01,2.826822018451370511e+01,2.806571189565194402e+01,2.786673296181726300e+01,2.767226708838003901e+01,2.748318962628345119e+01,2.730026461171351571e+01,2.712414370659658758e+01,2.695536691359373549e+01,2.679436491195130188e+01,2.664146283924826264e+01,2.649688532880596270e+01,2.636076260315582687e+01,2.623313742019433903e+01,2.611397267005143519e+01,2.600315942670946967e+01,2.590052526840626612e+01,2.580584269415956200e+01,2.571883747966031564e+01,2.563919683360176904e+01,2.556657723456660847e+01,2.550061184825701233e+01,2.544091744454993886e+01,2.538710075308920366e+01,2.533876421445869553e+01,2.529551110106763900e+01,2.525694999744823832e+01,2.522269864352375990e+01,2.519238715642894277e+01,2.516566065659695184e+01,2.514218133207028671e+01,2.512162998139788073e+01,2.510370708014076158e+01,2.508813341905019811e+01,2.507465036355651122e+01,2.506301978448136580e+01,2.505302370903981668e+01,2.504446373941178194e+01,2.503716028361544943e+01,2.503095164028013642e+01,2.502569297535564630e+01,2.502125522495818899e+01,2.501752395457312161e+01,2.501439820082890719e+01,2.501178931812443551e+01,2.500961984861515219e+01,2.500782243050752385e+01,2.500633875632502168e+01,2.500511858982610391e+01,2.500411884759636649e+01,2.500330274901129002e+01,2.500263903627179118e+01,2.500210126454193116e+01,2.500166716084960683e+01,2.500131804932571455e+01,2.500103833952895016e+01,2.500081507400474479e+01,2.500063753082923768e+01,2.500049687666342990e+01,2.500038586576125610e+01,2.500029858041141750e+01,2.500023020842229826e+01,2.500017685345952856e+01,2.500013537429769883e+01,2.500010324933360195e+01,2.500007846301461711e+01,2.500005941114952535e+01,2.500004482238153969e+01,2.500003369340625170e+01,2.500002523580563363e+01,2.500001883263891145e+01,2.500001400317961142e+01
3.108369865019892231e+01,3.126190532383487763e+01,3.142439328278222632e+01,3.156970905080691736e+01,3.169653568377614405e+01,3.180371277588379542e+01,3.189025424189451030e+01,3.195536349057218928e+01,3.199844565995280021e+01,3.201911664991723683e+01,3.201720875974884706e+01,3.199277281589629141e+01,3.194607675569447736e+01,3.187760071391959116e+01,3.178802873835477172e+01,3.167823733568950217e+01,3.154928111790155754e+01,3.140237587985387790e+01,3.123887948956655691e+01,3.106027101224380971e+01,3.086812851679394853e+01,3.066410602883971848e+01,3.044991009705851326e+01,3.022727643050509982e+01,2.999794704411357671e+01,2.976364831894297325e+01,2.952607034428876176e+01,2.928684786211169566e+01,2.904754308205939850e+01,2.880963057947538530e+01,2.857448443101028346e+01,2.834336768451969490e+01,2.811742420348566185e+01,2.789767287270315421e+01,2.768500410269685119e+01,2.748017852631220137e+01,2.728382774294826874e+01,2.709645693450410775e+01,2.691844915258364423e+01,2.675007105889886816e+01,2.659147988996668843e+01,2.644273141276185513e+01,2.630378863946207346e+01,2.617453107617315666e+01,2.605476429183396192e+01,2.594422960859979455e+01,2.584261373309062293e+01,2.574955816817341869e+01,2.566466826666091094e+01,2.558752181073659671e+01,2.551767702340805855e+01,2.545467994027457692e+01,2.539807109088354764e+01,2.534739145854373632e+01,2.530218770535197947e+01,2.526201666514949906e+01,2.522644912101128867e+01,2.519507289561818197e+01,2.516749529246297357e+01,2.514334493335311649e+01,2.512227304319368315e+01,2.510395423670433246e+01,2.508808686371029140e+01,2.507439297013683088e+01,2.506261793102860835e+01,2.505252981001378387e+01,2.504391849683992533e+01,2.503659467112093395e+01,2.503038863643595491e+01,2.502514906458331367e+01,2.502074168526860021e+01,2.501704795193144903e+01,2.501396370990643803e+01,2.501139788876606218e+01,2.500927123658548012e+01,2.500751511005842431e+01,2.500607033092308029e+01,2.500488611605241118e+01,2.500391908583735301e+01,2.500313235314443716e+01,2.500249469315200557e+01,2.500197979274366844e+01,2.500156557684037750e+01,2.500123360805513784e+01,2.500096855532565598e+01,2.500075772668760976e+01,2.500059066106182826e+01,2.500045877381008808e+01,2.500035505083598153e+01,2.500027378614081286e+01,2.500021035796374136e+01,2.500016103891748642e+01,2.500012283585543926e+01,2.500009335555626322e+01,2.500007069267334359e+01,2.500005333675751018e+01,2.500004009551333084e+01,2.500003003178477101e+01,2.500002241208087028e+01,2.500001666474264184e+01
3.202948657515080555e+01,3.223576542610828000e+01,3.242393043358661231e+01,3.259230298784372337e+01,3.273936162709771480e+01,3.286376509338541752e+01,3.296437282742306962e+01,3.304026245991184396e+01,3.309074392073051740e+01,3.311536986212873757e+01,3.311394217521743144e+01,3.308651446829455267e+01,3.303339046818111768e+01,3.295511839900653683e+01,3.285248148399617207e+01,3.272648480210157373e+01,3.257833881028930278e+01,3.240943991176729355e+01,3.222134850853465338e+01,3.201576502196665786e+01,3.179450439672227446e+01,3.155946962060232153e+01,3.131262479608343696e+01,3.105596828856747393e+01,3.079150645280093102e+01,3.052122840370051549e+01,3.024708225254340022e+01,2.997095317596321706e+01,2.969464362541306812e+01,2.941985592077888612e+01,2.914817740571389493e+01,2.888106827601578175e+01,2.861985212784368926e+01,2.836570921144447510e+01,2.811967231976529646e+01,2.788262519104704040e+01,2.765530326111123216e+01,2.743829656517536364e+01,2.723205456097877075e+01,2.703689262482612676e+01,2.685299995967046982e+01,2.668044864916193504e+01,2.651920359310518194e+01,2.636913306728412465e+01,2.623001966331214518e+01,2.610157138117402909e+01,2.598343266754005398e+01,2.587519521585582893e+01,2.577640836878052255e+01,2.568658898895283826e+01,2.560523068957526860e+01,2.553181234127606203e+01,2.546580579558325752e+01,2.540668278767430976e+01,2.535392100149463346e+01,2.530700929861270154e+01,2.526545212813132935e+01,2.522877314852153319e+01,2.519651810337672515e+01,2.516825700185548342e+01,2.514358566109776305e+01,2.512212667231259644e+01,2.510352985472824017e+01,2.508747226237445460e+01,2.507365780795201360e+01,2.506181656606365138e+01,2.505170381506060195e+01,2.504309887291942971e+01,2.503580377811493207e+01,2.502964186158968474e+01,2.502445625081604774e+01,2.502010834175712617e+01,2.501647626939474733e+01,2.501345340251711136e+01,2.501094688373812147e+01,2.500887623132536319e+01,2.500717201539476875e+01,2.500577461742166463e+01,2.500463307883616437e+01,2.500370404172055672e+01,2.500295078229792267e+01,2.500234233597753075e+01,2.500185271117770469e+01,2.500146018794978175e+01,2.500114669654302091e+01,2.500089727044254317e+01,2.500069956804377114e+01,2.500054345695985347e+01,2.500042065495836852e+01,2.500032442165693070e+01,2.500024929534382423e+01,2.500019086960288561e+01,2.500014560478735604e+01,2.500011066978550645e+01,2.500008380993435608e+01,2.500006323735308911e+01,2.500004754037397703e+01,2.500003560913739520e+01,2.500002657478319534e+01,2.500001976000903170e+01
3.308177096456397237e+01,3.331938677136620441e+01,3.353623762037727829e+01,3.373039465187896013e+01,3.390010891914455016e+01,3.404383782021240989e+01,3.416026859616266620e+01,3.424833838971005662e+01,3.430725043135591790e+01,3.433648600594440126e+01,3.433581194776123624e+01,3.430528351447996727e+01,3.424524259624871547e+01,3.415631132284810434e+01,3.403938123596454091e+01,3.389559829215208708e+01,3.372634405216936671e+01,3.353321349156762921e+01,3.331798993358120242e+01,3.308261765691565870e+01,3.282917276685805774e+01,3.255983293770579934e+01,3.227684663783993813e+01,3.198250243639478185e+01,3.167909896342486320e+01,3.136891605519774018e+01,3.105418756455561891e+01,3.073707625526832743e+01,3.041965113120490827e+01,3.010386747832978926e+01,2.979154982232988402e+01,2.948437792936869783e+01,2.918387590414920041e+01,2.889140437004154904e+01,2.860815565211539635e+01,2.833515182683139244e+01,2.807324545289199946e+01,2.782312275699990423e+01,2.758530901637719879e+01,2.736017585691165621e+01,2.714795017149859291e+01,2.694872435708127512e+01,2.676246757040541979e+01,2.658903771078804823e+01,2.642819385233956453e+01,2.627960886708672206e+01,2.614288200330921086e+01,2.601755120911900931e+01,2.590310501891108430e+01,2.579899384889237623e+01,2.570464057663126312e+01,2.561945030773704346e+01,2.554281925975957535e+01,2.547414271868388624e+01,2.541282204658439525e+01,2.535827073980586377e+01,2.530991955526097570e+01,2.526722073797717627e+01,2.522965139586916195e+01,2.519671607791087808e+01,2.516794861954368301e+01,2.514291332444615179e+01,2.512120555490350071e+01,2.510245180417526001e+01,2.508630932371106326e+01,2.507246537605669090e+01,2.506063618107741675e+01,2.505056561894956602e+01,2.504202374846850176e+01,2.503480519381148284e+01,2.502872744717684483e+01,2.502362912887550550e+01,2.501936824063190912e+01,2.501582044219130196e+01,2.501287737593571592e+01,2.501044505916714655e+01,2.500844235908565238e+01,2.500679956131401482e+01,2.500545703912385775e+01,2.500436402730712970e+01,2.500347750190630336e+01,2.500276116474791266e+01,2.500218452989093265e+01,2.500172210766971403e+01,2.500135268094288676e+01,2.500105866741311189e+01,2.500082556141596513e+01,2.500064144834698254e+01,2.500049658486427262e+01,2.500038303813101237e+01,2.500029437761351403e+01,2.500022541329411752e+01,2.500017197456673657e+01,2.500013072453236518e+01,2.500009900488234038e+01,2.500007470703211965e+01,2.500005616563509747e+01,2.500004207105422083e+01,2.500003139779188288e+01,2.500002334627086142e+01
3.424524423526404604e+01,3.451763553983852262e+01,3.476634745665862170e+01,3.498917472022506558e+01,3.518411693732431900e+01,3.534940873044750731e+01,3.548354653887670906e+01,3.558531150162757228e+01,3.565378793025170978e+01,3.568837697712162083e+01,3.568880521340861378e+01,3.565512794730138069e+01,3.558772723361860812e+01,3.548730464723119127e+01,3.535486901101660351e+01,3.519171938094620344e+01,3.499942369314211987e+01,3.477979356749884943e+01,3.453485583738364539e+01,3.426682143319383300e+01,3.397805228794685206e+01,3.367102695501898069e+01,3.334830563166916306e+01,3.301249526771940168e+01,3.266621540789800093e+01,3.231206537055246031e+01,3.195259330677041021e+01,3.159026761477304035e+01,3.122745110733132279e+01,3.086637824756093806e+01,3.050913568343013083e+01,3.015764622622356939e+01,2.981365633541465954e+01,2.947872709403505453e+01,2.915422858650738647e+01,2.884133752650267013e+01,2.854103792680854923e+01,2.825412455719197879e+01,2.798120890019580642e+01,2.772272728877076275e+01,2.747895089335817431e+01,2.724999721898574023e+01,2.703584277438248407e+01,2.683633658415472567e+01,2.665121423066663198e+01,2.648011213333764147e+01,2.632258179847617185e+01,2.617810380139588133e+01,2.604610129333116220e+01,2.592595285757763079e+01,2.581700457141808869e+01,2.571858116194830046e+01,2.562999617420094012e+01,2.555056109841103407e+01,2.547959342942463934e+01,2.541642365479270183e+01,2.536040118879294170e+01,2.531089928736328787e+01,2.526731899368034462e+01,2.522909217592325959e+01,2.519568372774105214e+01,2.516659300825812196e+01,2.514135460231867825e+01,2.511953848332777284e+01,2.510074966075696778e+01,2.508462739242011708e+01,2.507084403826582886e+01,2.505910362795063051e+01,2.504914020911179051e+01,2.504071603729761364e+01,2.503361966216183632e+01,2.502766395799076093e+01,2.502268414008596409e+01,2.501853580212404538e+01,2.501509300348470433e+01,2.501224642977988211e+01,2.500990164450588438e+01,2.500797744493002384e+01,2.500640433104514315e+01,2.500512309269249656e+01,2.500408351676260565e+01,2.500324321371811465e+01,2.500256656051456261e+01,2.500202375528862930e+01,2.500158997789624848e+01,2.500124464946991054e+01,2.500097078357744351e+01,2.500075442125650937e+01,2.500058414212329438e+01,2.500045064386709370e+01,2.500034638270386367e+01,2.500026526773510938e+01,2.500020240261110160e+01,2.500015386840152232e+01,2.500011654210870660e+01,2.500008794579910898e+01,2.500006612186201238e+01,2.500004953041886324e+01,2.500003696539330633e+01,2.500002748620457282e+01
3.552352515298365887e+01,3.583427901046818675e+01,3.611817199699926562e+01,3.637269551662088674e+01,3.659557300993427020e+01,3.678479414978766471e+01,3.693864524914785363e+01,3.705573522973770650e+01,3.713501659519661047e+01,3.717580096325949768e+01,3.717776883452766157e+01,3.714097340716329398e+01,3.706583838333031622e+01,3.695314985033402877e+01,3.680404245309627242e+01,3.661998020091741068e+01,3.640273236679937696e+01,3.615434503874548255e+01,3.587710896676465921e+01,3.557352441476212590e+01,3.524626377175488301e+01,3.489813270126860090e+01,3.453203061142410490e+01,3.415091121184933343e+01,3.375774388851817776e+01,3.335547657582041126e+01,3.294700073895193526e+01,3.253511900175514171e+01,3.212251586833161809e+01,3.171173189408630222e+01,3.130514156632446543e+01,3.090493505897621418e+01,3.051310393311686653e+01,3.013143076705700452e+01,2.976148261890998015e+01,2.940460815234452596e+01,2.906193819392127153e+01,2.873438943880934460e+01,2.842267098119783597e+01,2.812729331639763330e+01,2.784857944317740674e+01,2.758667768670858322e+01,2.734157586378343652e+01,2.711311642171079583e+01,2.690101219934577870e+01,2.670486248185678235e+01,2.652416904882766957e+01,2.635835194690044148e+01,2.620676475219829626e+01,2.606870912312288269e+01,2.594344847978700841e+01,2.583022068143560546e+01,2.572824960696189578e+01,2.563675557541158412e+01,2.555496457268627353e+01,2.548211627713520855e+01,2.541747090010789023e+01,2.536031487768507375e+01,2.530996546666540681e+01,2.526577431149884845e+01,2.522713005933831099e+01,2.519346010789996981e+01,2.516423157560018709e+01,2.513895158572947253e+01,2.511716695651139020e+01,2.509846338707314928e+01,2.508246422592505809e+01,2.506882890380747497e+01,2.505725110700506164e+01,2.504745676072364446e+01,2.503920188512843126e+01,2.503227037938475874e+01,2.502647178172794185e+01,2.502163904639374437e+01,2.501762637131353983e+01,2.501430710393771051e+01,2.501157174648930237e+01,2.500932607643324701e+01,2.500748939301654161e+01,2.500599289641164802e+01,2.500477820228074322e+01,2.500379599145723120e+01,2.500300479188586422e+01,2.500236988793526294e+01,2.500186235065195817e+01,2.500145818141224652e+01,2.500113756069469773e+01,2.500088419328846356e+01,2.500068474111796846e+01,2.500052833495355742e+01,2.500040615654322451e+01,2.500031108310074046e+01,2.500023738658276429e+01,2.500018048074875665e+01,2.500013670959561551e+01,2.500010317137040516e+01,2.500007757297122524e+01,2.500005811013370760e+01,2.500004336935811011e+01,2.500003224805234936e+01
3.691893360745863362e+01,3.727175428492493836e+01,3.759426606401252968e+01,3.788362965026790619e+01,3.813726712542021602e+01,3.835290053548027345e+01,3.852858620920667931e+01,3.866274407407391323e+01,3.875418134438544371e+01,3.880211008113369786e+01,3.880615826196257245e+01,3.876637414800213577e+01,3.868322388796275391e+01,3.855758245408522100e+01,3.839071815474936500e+01,3.818427111033829391e+01,3.794022620828207693e+01,3.766088116649447670e+01,3.734881042872147816e+01,3.700682568839025066e+01,3.663793388791134475e+01,3.624529356735992991e+01,3.583217044016118535e+01,3.540189305469539249e+01,3.495780936117903082e+01,3.450324494492431171e+01,3.404146361277842914e+01,3.357563093220527151e+01,3.310878122534319346e+01,3.264378841680380816e+01,3.218334102729401280e+01,3.172992149853603294e+01,3.128578993137119468e+01,3.085297222098625980e+01,3.043325248312210363e+01,3.002816958471436593e+01,2.963901752301259762e+01,2.926684933971374747e+01,2.891248421146839931e+01,2.857651732530271005e+01,2.825933212670676653e+01,2.796111451871452758e+01,2.768186859132634936e+01,2.742143347098671313e+01,2.717950089827465021e+01,2.695563316715407609e+01,2.674928108970066987e+01,2.655980168481946535e+01,2.638647532679749830e+01,2.622852212838948205e+01,2.608511737241253670e+01,2.595540584455673283e+01,2.583851495746687377e+01,2.573356659142396552e+01,2.563968760959965820e+01,2.555601903545575482e+01,2.548172390612459637e+01,2.541599383836232207e+01,2.535805436284876890e+01,2.530716909824169392e+01,2.526264284858379128e+01,2.522382371658139277e+01,2.519010433114815939e+01,2.516092229070264352e+01,2.513575992432086892e+01,2.511414347128925328e+01,2.509564177620294601e+01,2.507986459183490524e+01,2.506646057587830256e+01,2.505511506064279459e+01,2.504554766714741376e+01,2.503750982705902928e+01,2.503078226780854010e+01,2.502517250818012684e+01,2.502051240388465558e+01,2.501665577523798234e+01,2.501347614217955595e+01,2.501086458556783043e+01,2.500872774803116272e+01,2.500698598266569306e+01,2.500557165356278233e+01,2.500442758850673997e+01,2.500350568118207306e+01,2.500276563782906436e+01,2.500217386143839704e+01,2.500170246522547401e+01,2.500132840621380126e+01,2.500103272922508424e+01,2.500079991136190571e+01,2.500061729712052383e+01,2.500047461453282338e+01,2.500036356315957420e+01,2.500027746529789852e+01,2.500021097238641232e+01,2.500015981925944075e+01,2.500012061958980070e+01,2.500009069654607075e+01,2.500006794335797267e+01,2.500005070911951321e+01,2.500003770575479578e+01
3.843226929805911851e+01,3.883094098420168194e+01,3.919559459293255088e+01,3.952303269938687436e+01,3.981035069411561267e+01,4.005498009705243589e+01,4.025472708475346906e+01,4.040780541102259349e+01,4.051286302184593069e+01,4.056900180581628490e+01,4.057579007681184891e+01,4.053326755195325859e+01,4.044194275979701558e+01,4.030278298616124744e+01,4.011719703278309623e+01,3.988701122225348428e+01,3.961443922684454577e+01,3.930204642497557899e+01,3.895270959388926713e+01,3.856957282815695010e+01,3.815600062929684100e+01,3.771552914135244094e+01,3.725181651091164525e+01,3.676859332875986297e+01,3.626961406592553772e+01,3.575861035172968627e+01,3.523924685856552941e+01,3.471508046087783583e+01,3.418952322780612718e+01,3.366580969392706635e+01,3.314696873416616540e+01,3.263580025077537528e+01,3.213485676553275994e+01,3.164642990189805261e+01,3.117254164218981316e+01,3.071494015589707516e+01,3.027509991845336401e+01,2.985422577613100970e+01,2.945326056262211623e+01,2.907289583636946517e+01,2.871358528440840274e+01,2.837556032764666725e+01,2.805884746313264344e+01,2.776328688972094838e+01,2.748855198326771898e+01,2.723416921462082740e+01,2.699953813672940584e+01,2.678395110471769058e+01,2.658661243334899282e+01,2.640665673863841079e+01,2.624316625326918739e+01,2.609518694787525561e+01,2.596174333126516842e+01,2.584185184152394754e+01,2.573453277603234568e+01,2.563882074132298783e+01,2.555377363302150684e+01,2.547848018169278816e+01,2.541206612213587235e+01,2.535369906155230524e+01,2.530259213614447589e+01,2.525800655624784952e+01,2.521925314728862944e+01,2.518569299795756322e+01,2.515673732830849119e+01,2.513184668935705446e+01,2.511052960251537414e+01,2.509234074220091415e+01,2.507687875854698589e+01,2.506378382965060680e+01,2.505273502453636425e+01,2.504344754928302663e+01,2.503566993981735322e+01,2.502918125595970622e+01,2.502378832260906094e+01,2.501932305564770331e+01,2.501563990236174817e+01,2.501261341901288304e+01,2.501013600172996121e+01,2.500811578115728295e+01,2.500647468631608561e+01,2.500514667890082166e+01,2.500407615571767650e+01,2.500321651413987922e+01,2.500252887325160600e+01,2.500198094172045060e+01,2.500154602231325640e+01,2.500120214228514470e+01,2.500093129856023566e+01,2.500071880662065738e+01,2.500055274226730617e+01,2.500042346585541253e+01,2.500032321919022138e+01,2.500024578594890556e+01,2.500018620723587404e+01,2.500014054464876168e+01,2.500010568400514899e+01,2.500007917363537402e+01,2.500005909186919340e+01,2.500004393902226241e+01
4.006260195473456776e+01,4.051094574017721328e+01,4.092131199067451064e+01,4.129011808571000586e+01,4.161410763175740612e+01,4.189039882194434483e+01,4.211652745847773360e+01,4.229048372577522485e+01,4.241074193729748742e+01,4.247628263566531359e+01,4.248660659915361748e+01,4.244174049287813943e+01,4.234223409434429186e+01,4.218914921475068525e+01,4.198404062381321467e+01,4.172892946143905135e+01,4.142626977932680177e+01,4.107890899512782568e+01,4.069004315758201074e+01,4.026316801034320747e+01,3.980202690329608117e+01,3.931055663230298336e+01,3.879283229174070868e+01,3.825301220006965508e+01,3.769528390902870996e+01,3.712381223460955226e+01,3.654269015605222393e+01,3.595589332147086026e+01,3.536723877937664895e+01,3.478034842843355534e+01,3.419861754732133363e+01,3.362518863646026546e+01,3.306293067712598344e+01,3.251442379428746676e+01,3.198194919998742591e+01,3.146748419636670846e+01,3.097270193307054242e+01,3.049897554376939368e+01,3.004738623135676079e+01,2.961873483103650173e+01,2.921355635453964084e+01,2.883213700630367526e+01,2.847453316249816169e+01,2.814059181495872153e+01,2.782997200291407225e+01,2.754216678428783283e+01,2.727652533373271027e+01,2.703227479483969731e+01,2.680854155765662838e+01,2.660437167835027239e+01,2.641875020428142662e+01,2.625061921380592977e+01,2.609889442479163790e+01,2.596248026833514189e+01,2.584028336381010860e+01,2.573122436766922050e+01,2.563424820098096646e+01,2.554833268926939382e+01,2.547249567271373749e+01,2.540580066513648205e+01,2.534736115653380395e+01,2.529634366633250053e+01,2.525196966330823400e+01,2.521351647344077307e+01,2.518031729922436668e+01,2.515176047343632604e+01,2.512728806745546706e+01,2.510639396928437250e+01,2.508862153983622179e+01,2.507356094816030279e+01,2.506084627744768056e+01,2.505015248420415119e+01,2.504119228319985169e+01,2.503371302096959283e+01,2.502749359097763460e+01,2.502234143427108393e+01,2.501808966068698226e+01,2.501459431757298191e+01,2.501173182561921138e+01,2.500939659483594824e+01,2.500749882797540025e+01,2.500596251378781787e+01,2.500472360840113595e+01,2.500372839978126649e+01,2.500293204761361210e+01,2.500229728898226256e+01,2.500179329884192470e+01,2.500139469340498621e+01,2.500108066412860097e+01,2.500083422991137638e+01,2.500064159532745478e+01,2.500049160317378849e+01,2.500037527022604422e+01,2.500028539583924214e+01,2.500021623384644798e+01,2.500016321906542061e+01,2.500012274058899919e+01,2.500009195488537372e+01,2.500006863255124046e+01,2.500005103333042911e+01
4.180708128849852301e+01,4.230890688811724232e+01,4.276856210219158783e+01,4.318205289263418933e+01,4.354574664869972622e+01,4.385642589091720112e+01,4.411133605661130730e+01,4.430822635823390954e+01,4.444538285590529370e+01,4.452165305945183604e+01,4.453646156766400566e+01,4.448981645770138016e+01,4.438230634932945406e+01,4.421508828060544261e+01,4.398986673740959930e+01,4.370886437282324266e+01,4.337478512827183863e+01,4.299077062179189568e+01,4.256035079582267144e+01,4.208738991464407775e+01,4.157602906813122701e+01,4.103062637311762018e+01,4.045569606668971119e+01,3.985584765852226496e+01,3.923572625418491100e+01,3.859995508126373664e+01,3.795308114884018380e+01,3.729952485250195338e+01,3.664353420604874145e+01,3.598914424191896444e+01,3.534014197954707015e+01,3.470003721857991508e+01,3.407203927599292825e+01,3.345903965604410502e+01,3.286360052253610320e+01,3.228794873628604734e+01,3.173397512867978421e+01,3.120323860576434427e+01,3.069697461698554619e+01,3.021610747836324862e+01,2.976126601110792080e+01,2.933280194252510142e+01,2.893081051532471548e+01,2.855515276271498237e+01,2.820547892832402681e+01,2.788125254038159184e+01,2.758177468701013879e+01,2.730620808225398477e+01,2.705360055902685801e+01,2.682290767400249365e+01,2.661301415926390490e+01,2.642275400506986571e+01,2.625092900635559090e+01,2.609632565168459806e+01,2.595773027659401677e+01,2.583394244306397525e+01,2.572378654277320820e+01,2.562612165359227490e+01,2.553984970624741990e+01,2.546392204120673242e+01,2.539734445463705370e+01,2.533918084688047401e+01,2.528855559750114423e+01,2.524465479781511945e+01,2.520672647524540366e+01,2.517407994418607586e+01,2.514608441568582720e+01,2.512216699355980865e+01,2.510181017790444713e+01,2.508454898881369033e+01,2.506996781375695704e+01,2.505769707193897489e+01,2.504740977835449911e+01,2.503881807947952964e+01,2.503166982187309486e+01,2.502574520462997043e+01,2.502085355681466083e+01,2.501683027187163333e+01,2.501353392265772513e+01,2.501084357325521523e+01,2.500865629713970506e+01,2.500688490560722244e+01,2.500545588559480592e+01,2.500430754212218787e+01,2.500338833748504541e+01,2.500265541697613614e+01,2.500207330922368243e+01,2.500161278813637011e+01,2.500124988284852279e+01,2.500096502188634773e+01,2.500074229794878988e+01,2.500056884014147585e+01,2.500043428115366595e+01,2.500033030766677200e+01,2.500025028317801556e+01,2.500018893337048453e+01,2.500014208512578762e+01,2.500010645122861419e+01,2.500007945373226548e+01,2.500005907982374254e+01
4.366077515675561926e+01,4.421982806372088248e+01,4.473230768012191305e+01,4.519378368740264307e+01,4.560022393969813237e+01,4.594805378116494410e+01,4.623420883677339077e+01,4.645618016727762978e+01,4.661205084520172903e+01,4.670052320073209984e+01,4.672093619866465986e+01,4.667327263360790823e+01,4.655815606363722736e+01,4.637683763549217986e+01,4.613117318025467739e+01,4.582359117063398202e+01,4.545705232349126845e+01,4.503500179884574095e+01,4.456131508506641126e+01,4.404023876613155153e+01,4.347632743877646533e+01,4.287437808430006214e+01,4.223936320221228868e+01,4.157636398232726549e+01,4.089050473090530602e+01,4.018688967842625459e+01,3.947054318561669106e+01,3.874635423502179066e+01,3.801902595254768613e+01,3.729303075193266181e+01,3.657257153986134313e+01,3.586154926497528095e+01,3.516353694450835121e+01,3.448176016132147481e+01,3.381908389476296151e+01,3.317800543343138031e+01,3.256065301829574565e+01,3.196878978181495867e+01,3.140382248316238645e+01,3.086681449131367572e+01,3.035850243602399701e+01,2.987931593062390334e+01,2.942939976880404984e+01,2.900863800860187425e+01,2.861667937896033465e+01,2.825296347572990285e+01,2.791674725304619287e+01,2.760713136089163910e+01,2.732308592867878616e+01,2.706347544633028335e+01,2.682708244717152013e+01,2.661262974974528106e+01,2.641880106731579048e+01,2.624425984342551033e+01,2.608766621863584945e+01,2.594769207690869806e+01,2.582303415949882108e+01,2.571242526939176543e+01,2.561464362002338646e+01,2.552852040815414369e+01,2.545294571234196113e+01,2.538687283555038832e+01,2.532932122321185275e+01,2.527937809677404957e+01,2.523619894768499705e+01,2.519900703825849675e+01,2.516709205428258045e+01,2.513980804998970697e+01,2.511657081951383930e+01,2.509685482063482098e+01,2.508018976686716073e+01,2.506615699318595958e+01,2.505438568927150200e+01,2.504454908243962663e+01,2.503636064071594802e+01,2.502957035507657579e+01,2.502396114894211365e+01,2.501934545275820199e+01,2.501556197206422993e+01,2.501247266893995302e+01,2.500995996918758024e+01,2.500792420107844549e+01,2.500628126596261325e+01,2.500496053647457373e+01,2.500390297441500920e+01,2.500305945757833470e+01,2.500238930274732141e+01,2.500185897070190322e+01,2.500144093829807090e+01,2.500111272237401394e+01,2.500085604034656939e+01,2.500065609278906109e+01,2.500050095395631899e+01,2.500038105707600522e+01,2.500028876219877816e+01,2.500021799544207113e+01,2.500016394953228982e+01,2.500012283661367718e+01,2.500009168532306347e+01,2.500006817510847767e+01
4.561654439200422928e+01,4.623644936926171312e+01,4.680519821230949162e+01,4.731790136386015888e+01,4.777010542285295713e+01,4.815785830626907682e+01,4.847776725403615927e+01,4.872704846440716153e+01,4.890356732998748157e+01,4.900586845554626336e+01,4.903319487156370116e+01,4.898549610506888996e+01,4.886342502418879263e+01,4.866832362723567229e+01,4.840219819351690944e+01,4.806768444414727526e+01,4.766800357044694181e+01,4.720691016937031748e+01,4.668863327527077445e+01,4.611781179182351309e+01,4.549942570505936601e+01,4.483872449749799216e+01,4.414115418488221110e+01,4.341228436280136549e+01,4.265773658341129959e+01,4.188311528629216696e+01,4.109394238671961830e+01,4.029559648424850593e+01,3.949325749979408329e+01,3.869185738567636434e+01,3.789603738557521950e+01,3.711011215491695481e+01,3.633804089131002968e+01,3.558340547312575097e+01,3.484939546537741251e+01,3.413879972818902786e+01,3.345400425614771223e+01,3.279699578779263902e+01,3.216937065385125294e+01,3.157234828044682473e+01,3.100678872872106240e+01,3.047321363407792560e+01,2.997182990516976275e+01,2.950255555319025191e+01,2.906504704423822005e+01,2.865872759962680405e+01,2.828281590918299315e+01,2.793635476901028269e+01,2.761823920616113526e+01,2.732724370659706636e+01,2.706204821825764739e+01,2.682126265672539844e+01,2.660344969573354490e+01,2.640714567764824139e+01,2.623087952925361321e+01,2.607318961501142596e+01,2.593263850293272554e+01,2.580782565689122521e+01,2.569739810335493146e+01,2.560005914995165810e+01,2.551457525795806092e+01,2.543978119074705901e+01,2.537458357556711164e+01,2.531796302695798317e+01,2.526897498689748645e+01,2.522674943974606521e+01,2.519048965958141650e+01,2.515947014399993975e+01,2.513303388233648761e+01,2.511058909796194527e+01,2.509160559430511839e+01,2.507561082294661858e+01,2.506218577996509111e+01,2.505096082406863900e+01,2.504161149727022107e+01,2.503385441627770902e+01,2.502744329063442308e+01,2.502216511218503925e+01,2.501783654982691019e+01,2.501430057386431827e+01,2.501142332569502003e+01,2.500909124106515691e+01,2.500720842873647953e+01,2.500569430109223745e+01,2.500448144891436542e+01,2.500351374922363235e+01,2.500274469260042665e+01,2.500213591470178898e+01,2.500165591566044299e+01,2.500127895059266336e+01,2.500098407445582538e+01,2.500075432489001415e+01,2.500057602736494999e+01,2.500043820785642623e+01,2.500033209932703926e+01,2.500025072942587556e+01,2.500018857800215955e+01,2.500014129420909370e+01,2.500010546412488566e+01,2.500007842091537213e+01
4.766496233974510233e+01,4.834916435860787942e+01,4.897748453595865215e+01,4.954455358654725927e+01,5.004547723174985663e+01,5.047590739008128935e+01,5.083210556391235002e+01,5.111099710476842972e+01,5.131021523964439979e+01,5.142813397123813957e+01,5.146388921892871338e+01,5.141738783697076798e+01,5.128930442351133934e+01,5.108106611025537802e+01,5.079482578965379247e+01,5.043342448656364496e+01,5.000034380738008366e+01,4.949964959560847433e+01,4.893592808386643611e+01,4.831421595486040133e+01,4.763992580587255077e+01,4.691876855206048447e+01,4.615667430416712591e+01,4.535971321810039569e+01,4.453401774047915751e+01,4.368570756981007008e+01,4.282081852237706698e+01,4.194523634060852402e+01,4.106463631533630831e+01,4.018442941771393606e+01,3.930971545717925153e+01,3.844524360394080986e+01,3.759538044271276647e+01,3.676408556288056673e+01,3.595489454227393367e+01,3.517090904983557209e+01,3.441479367851464133e+01,3.368877902476033626e+01,3.299467045543933352e+01,3.233386194663835767e+01,3.170735434091101013e+01,3.111577734893418068e+01,3.055941461678187565e+01,3.003823118940247028e+01,2.955190272256232831e+01,2.909984582759770078e+01,2.868124897390616468e+01,2.829510342137799483e+01,2.794023370718378629e+01,2.761532726689217654e+01,2.731896282733044501e+01,2.704963726661282664e+01,2.680579069419464844e+01,2.658582955966481975e+01,2.638814765241045279e+01,2.621114490456114510e+01,2.605324395616207767e+01,2.591290448387399081e+01,2.578863533230930116e+01,2.567900452015165413e+01,2.558264722134020985e+01,2.549827184479633502e+01,2.542466435448848472e+01,2.536069098521608822e+01,2.530529951856886228e+01,2.525751928837786053e+01,2.521646008597272726e+01,2.518131013309911026e+01,2.515133328487150521e+01,2.512586561710469013e+01,2.510431154225791417e+01,2.508613958651563536e+01,2.507087794767853950e+01,2.505810993998708724e+01,2.504746941815074734e+01,2.503863625907200685e+01,2.503133196635057089e+01,2.502531544989435019e+01,2.502037902106154021e+01,2.501634463287193810e+01,2.501306038506490736e+01,2.501039730520822246e+01,2.500824640969715418e+01,2.500651604230964153e+01,2.500512948295462579e+01,2.500402281529500215e+01,2.500314303895435941e+01,2.500244640992578482e+01,2.500189699148198841e+01,2.500146539722761219e+01,2.500112770782664739e+01,2.500086454327533758e+01,2.500066027327643781e+01,2.500050234921512526e+01,2.500038074236260854e+01,2.500028747417242769e+01,2.500021622582999470e+01,2.500016201552197614e+01,2.500012093317146622e+01,2.500008992361035354e+01
4.979428635973246742e+01,5.054599027687254420e+01,5.123698783296897119e+01,5.186141256485387174e+01,5.241391229748182923e+01,5.288972649162397488e+01,5.328475513112815065e+01,5.359561772677253089e+01,5.381970123153210750e+01,5.395519591245876256e+01,5.400111849974801714e+01,5.395732222548916468e+01,5.382449366413266034e+01,5.360413658474654142e+01,5.329854331276226986e+01,5.291075436773159879e+01,5.244450738608266960e+01,5.190417654751786358e+01,5.129470389540329478e+01,5.062152407159209133e+01,4.989048407246934858e+01,4.910775967505475137e+01,4.827977018068054349e+01,4.741309308142596279e+01,4.651438017468086628e+01,4.559027653851141793e+01,4.464734364024590008e+01,4.369198768874936434e+01,4.273039416333030260e+01,4.176846926524018500e+01,4.081178884719384570e+01,3.986555518773730000e+01,3.893456179552478602e+01,3.802316625784191473e+01,3.713527099145317578e+01,3.627431161467369947e+01,3.544325253927128472e+01,3.464458928042687091e+01,3.388035690284463186e+01,3.315214396091202786e+01,3.246111124974254381e+01,3.180801466075904216e+01,3.119323142864212173e+01,3.061678906422222468e+01,3.007839628835672485e+01,2.957747531308628908e+01,2.911319485651152661e+01,2.868450332504628975e+01,2.829016164927062249e+01,2.792877531593680018e+01,2.759882519733039530e+01,2.729869683885612375e+01,2.702670792524983057e+01,2.678113370419701411e+01,2.656023020247793909e+01,2.636225512329777487e+01,2.618548636354872627e+01,2.602823813585470347e+01,2.588887472193612993e+01,2.576582192077776057e+01,2.565757628706067806e+01,2.556271228220814606e+01,2.547988748216823041e+01,2.540784600278549377e+01,2.534542031546213892e+01,2.529153163302248331e+01,2.524518904859781188e+01,2.520548760933012034e+01,2.517160550219550785e+01,2.514280052175253033e+01,2.511840597963343669e+01,2.509782620363257166e+01,2.508053176081621416e+01,2.506605452467368167e+01,2.505398269141049283e+01,2.504395583547084669e+01,2.503566007963841500e+01,2.502882344091732136e+01,2.502321140009740219e+01,2.501862273065854936e+01,2.501488561161093571e+01,2.501185403908959515e+01,2.500940454306270411e+01,2.500743320836918215e+01,2.500585299343243406e+01,2.500459133533296097e+01,2.500358802637031275e+01,2.500279334469540160e+01,2.500216641992911093e+01,2.500167381377913145e+01,2.500128829540198439e+01,2.500098779151323569e+01,2.500075449191526644e+01,2.500057409208828219e+01,2.500043515568649255e+01,2.500032858111991985e+01,2.500024715781726670e+01,2.500018519920276816e+01,2.500013824083650249e+01,2.500010279353084286e+01
5.199048735909578056e+01,5.281259777223604601e+01,5.356912935353249594e+01,5.425370461286306067e+01,5.486049956241252801e+01,5.538432728565769025e+01,5.582071238728401852e+01,5.616595479689013359e+01,5.641718163516272000e+01,5.657238612170304748e+01,5.663045280059202469e+01,5.659116867394240558e+01,5.645522015544187866e+01,5.622417607542877249e+01,5.590045727679741105e+01,5.548729362803373277e+01,5.498866953790313516e+01,5.440925927893381697e+01,5.375435360848857158e+01,5.302977931311000503e+01,5.224181339185474826e+01,5.139709363707311951e+01,5.050252736771666662e+01,4.956520002343123110e+01,4.859228524135394878e+01,4.759095791667368047e+01,4.656831159841957657e+01,4.553128139989907908e+01,4.448657341523765041e+01,4.344060143605825886e+01,4.239943156169074001e+01,4.136873509813665351e+01,4.035374995041378554e+01,3.935925053416971053e+01,3.838952606905938580e+01,3.744836697092461719e+01,3.653905893405097771e+01,3.566438418965589818e+01,3.482662934250871700e+01,3.402759912379788432e+01,3.326863535412815764e+01,3.255064038453286912e+01,3.187410427401745849e+01,3.123913496761909414e+01,3.064549075738558059e+01,3.009261433814407383e+01,2.957966780858317790e+01,2.910556801423837214e+01,2.866902168079023738e+01,2.826855984212953743e+01,2.790257112652066951e+01,2.756933352464644216e+01,2.726704432421050583e+01,2.699384795609347876e+01,2.674786155589789516e+01,2.652719810126672684e+01,2.632998703890689285e+01,2.615439236517012844e+01,2.599862816980766667e+01,2.586097169368538928e+01,2.573977398748231238e+01,2.563346828945988776e+01,2.554057626614874721e+01,2.545971228022696664e+01,2.538958586503849446e+01,2.532900259530376630e+01,2.527686354888306752e+01,2.523216355532942501e+01,2.519398842384595483e+01,2.516151133663483108e+01,2.513398858402407399e+01,2.511075480573952490e+01,2.509121788881406800e+01,2.507485365744395267e+01,2.506120047413621421e+01,2.504985385522509489e+01,2.504046118770246210e+01,2.503271661868206621e+01,2.502635617401273294e+01,2.502115314881757868e+01,2.501691380024778510e+01,2.501347336162064394e+01,2.501069238742612910e+01,2.500845343044670699e+01,2.500665804541038995e+01,2.500522410812027729e+01,2.500408343478011730e+01,2.500317968314932671e+01,2.500246651508455287e+01,2.500190599882305165e+01,2.500146722890041673e+01,2.500112514173950018e+01,2.500085950557407344e+01,2.500065406436572601e+01,2.500049581663314768e+01,2.500037441155003037e+01,2.500028164620536231e+01,2.500021104949501094e+01,2.500015753967593213e+01,2.500011714412484309e+01
5.423734186186989348e+01,5.513240469121136300e+01,5.595702557102741537e+01,5.670430627358469167e+01,5.736794066295366434e+01,5.794230447684007146e+01,5.842253533741303073e+01,5.880460136268983007e+01,5.908535700400722135e+01,5.926258502569340436e+01,5.933502386130138007e+01,5.930237991680334630e+01,5.916532473459113106e+01,5.892547727247967515e+01,5.858537187896751419e+01,5.814841285025337925e+01,5.761881672746982730e+01,5.700154372713004847e+01,5.630221988833289259e+01,5.552705166298347450e+01,5.468273476813033795e+01,5.377635916223637480e+01,5.281531200125931491e+01,5.180718037882104454e+01,5.075965556185349215e+01,4.968044030434461433e+01,4.857716066340012873e+01,4.745728356049184526e+01,4.632804113338289653e+01,4.519636271761547164e+01,4.406881508707589035e+01,4.295155137693225100e+01,4.185026891434389995e+01,4.077017599713471441e+01,3.971596749153783890e+01,3.869180896970298278e+01,3.770132897754916002e+01,3.674761891457144714e+01,3.583323991946514298e+01,3.496023608838791574e+01,3.413015330532241620e+01,3.334406293493194795e+01,3.260258961587283721e+01,3.190594239494018680e+01,3.125394845782125586e+01,3.064608873877192252e+01,3.008153472743939361e+01,2.955918583465897953e+01,2.907770672880466378e+01,2.863556410875317937e+01,2.823106243743511001e+01,2.786237822011390719e+01,2.752759247287681177e+01,2.722472108834809745e+01,2.695174286642967942e+01,2.670662503708769009e+01,2.648734615905156886e+01,2.629191633205480016e+01,2.611839471027402837e+01,2.596490435034564825e+01,2.582964446827516980e+01,2.571090021532440417e+01,2.560705011329480385e+01,2.551657131437040249e+01,2.543804286981123042e+01,2.537014720539028900e+01,2.531167000975530712e+01,2.526149874518947414e+01,2.521861998895927215e+01,2.518211580806696404e+01,2.515115936132593788e+01,2.512500991084448643e+01,2.510300741085185194e+01,2.508456682594297149e+01,2.506917231384742095e+01,2.505637139029953886e+01,2.504576917600506647e+01,2.503702280850855644e+01,2.502983608533955007e+01,2.502395438945739770e+01,2.501915993395353155e+01,2.501526735036539861e+01,2.501211963390118953e+01,2.500958444940208025e+01,2.500755079396090608e+01,2.500592600571169655e+01,2.500463310330770383e+01,2.500360843689552581e+01,2.500279962883222495e+01,2.500216378083326418e+01,2.500166592353197359e+01,2.500127768442898457e+01,2.500097615077218194e+01,2.500074290490553963e+01,2.500056321094166378e+01,2.500042533314592674e+01,2.500031996808237622e+01,2.500023977429010458e+01,2.500017898497507574e+01,2.500013309087052349e+01
5.651658921434800931e+01,5.748673661271129731e+01,5.838165147013042855e+01,5.919390974601186883e+01,5.991671684567882750e+01,6.054400352659426687e+01,6.107051139789703598e+01,6.149186628823735390e+01,6.180463802891421210e+01,6.200638550969748763e+01,6.209568620380268555e+01,6.207214971569552375e+01,6.193641526963313737e+01,6.169013341692955521e+01,6.133593258505755585e+01,6.087737141184550183e+01,6.031887809432158321e+01,5.966567822679981958e+01,5.892371280088519114e+01,5.809954818736229498e+01,5.720028001450293687e+01,5.623343289916841314e+01,5.520685797798368810e+01,5.412863012921859251e+01,5.300694667662166637e+01,5.185002923018778631e+01,5.066603015236110252e+01,4.946294494859658641e+01,4.824853167577045809e+01,4.703023824772996875e+01,4.581513830097132711e+01,4.460987607105382580e+01,4.342062052712486775e+01,4.225302882215832767e+01,4.111221894355461615e+01,4.000275129500875693e+01,3.892861880750296422e+01,3.789324506557102268e+01,3.689948984453474168e+01,3.594966138455853866e+01,3.504553467697185454e+01,3.418837500590539236e+01,3.337896597220886719e+01,3.261764122509054431e+01,3.190431913816315657e+01,3.123853968886555776e+01,3.061950283192602384e+01,3.004610769713344354e+01,2.951699198781010125e+01,2.903057100778192634e+01,2.858507580017452199e+01,2.817858993997075601e+01,2.780908458295918351e+01,2.747445143554040570e+01,2.717253337193279350e+01,2.690115248674566217e+01,2.665813543080831494e+01,2.644133593572767538e+01,2.624865448710839644e+01,2.607805515697884857e+01,2.592757965207298199e+01,2.579535867566800889e+01,2.567962073623260011e+01,2.557869856589168123e+01,2.549103333549461681e+01,2.541517687086139787e+01,2.534979208669894035e+01,2.529365186098551987e+01,2.524563657369867897e+01,2.520473053009964204e+01,2.517001748095905356e+01,2.514067544074863036e+01,2.511597099060189819e+01,2.509525323644535533e+01,2.507794757478865222e+01,2.506354939987501851e+01,2.505161786681686564e+01,2.504176980649795681e+01,2.503367386985988929e+01,2.502704496207455875e+01,2.502163901132065504e+01,2.501724810263652898e+01,2.501369599474229943e+01,2.501083402687019586e+01,2.500853741351251358e+01,2.500670191753797766e+01,2.500524088624526087e+01,2.500408263049200031e+01,2.500316812391062626e+01,2.500244899723962533e+01,2.500188580179450781e+01,2.500144651591359946e+01,2.500110526868279948e+01,2.500084125622475284e+01,2.500063782719929861e+01,2.500048171578683665e+01,2.500036240221423256e+01,2.500027158274992800e+01,2.500020273297290885e+01,2.500015074995571140e+01
5.880815433838316153e+01,5.985505453145713517e+01,6.082207237423339308e+01,6.170125801363646190e+01,6.248532650486339435e+01,6.316775966707350420e+01,6.374289692324602896e+01,6.420601330931795303e+01,6.455338312746182794e+01,6.478232804796277833e+01,6.489124882325020849e+01,6.487964015493464842e+01,6.474808863840478068e+01,6.449825408783520686e+01,6.413283490598203684e+01,6.365551849741340362e+01,6.307091802163497363e+01,6.238449703632207388e+01,6.160248378479059284e+01,6.073177703216413192e+01,5.977984544969432790e+01,5.875462258665107385e+01,5.766439945628280839e+01,5.651771670039302364e+01,5.532325819133052391e+01,5.408974778698949137e+01,5.282585078083879182e+01,5.154008139254746368e+01,5.024071743298716086e+01,4.893572305758335972e+01,4.763268030094659622e+01,4.633872986950272832e+01,4.506052146263548508e+01,4.380417370084634854e+01,4.257524356480222139e+01,4.137870509405586006e+01,4.021893695992903162e+01,3.909971841395846326e+01,3.802423302112649850e+01,3.699507951499188607e+01,3.601428905853911999e+01,3.508334815855745603e+01,3.420322646097375241e+01,3.337440864809418173e+01,3.259692966450362661e+01,3.187041251487385551e+01,3.119410790272611678e+01,3.056693501300794225e+01,2.998752278204287336e+01,2.945425104497731894e+01,2.896529100234750587e+01,2.851864450294129583e+01,2.811218169887914797e+01,2.774367668992214675e+01,2.741084083655338333e+01,2.711135348445945681e+01,2.684288990572447275e+01,2.660314632338807783e+01,2.638986194506452421e+01,2.620083798715742418e+01,2.603395372298046695e+01,2.588717963504568331e+01,2.575858779326458148e+01,2.564635961632411920e+01,2.554879120271053594e+01,2.546429644059351105e+01,2.539140812205891606e+01,2.532877729716907922e+01,2.527517110736894068e+01,2.522946933631750355e+01,2.519065990989216530e+01,2.515783356656037384e+01,2.513017790526702555e+01,2.510697100120152570e+01,2.508757476103938089e+01,2.507142816922572592e+01,2.505804055625973348e+01,2.504698499935963696e+01,2.503789194586902767e+01,2.503044313074808258e+01,2.502436584182924406e+01,2.501942757046422727e+01,2.501543107091970342e+01,2.501220983948342180e+01,2.500962401374031785e+01,2.500755668382776875e+01,2.500591060058967585e+01,2.500460526029110397e+01,2.500357434177231397e+01,2.500276346944001915e+01,2.500212827413322714e+01,2.500163272347958454e+01,2.500124769370083655e+01,2.500094975576841705e+01,2.500072015020312222e+01,2.500054392652308621e+01,2.500040922525780829e+01,2.500030668246568410e+01,2.500022893873984131e+01,2.500017023669969873e+01
6.109043405464736765e+01,6.221524764917496242e+01,6.325574221141391007e+01,6.420344751930505822e+01,6.505059113721804920e+01,6.579020595451251552e+01,6.641622613652914708e+01,6.692356959203334554e+01,6.730820536805549636e+01,6.756720473102086544e+01,6.769877507098651392e+01,6.770227616171027307e+01,6.757821871071513442e+01,6.732824552806471274e+01,6.695509601836556612e+01,6.646255504668381775e+01,6.585538753614522989e+01,6.513926041525635924e+01,6.432065374069189545e+01,6.340676297282634977e+01,6.240539447518863625e+01,6.132485634593693646e+01,6.017384667198811599e+01,5.896134122890423868e+01,5.769648253776743019e+01,5.638847204086201970e+01,5.504646697852939496e+01,5.367948334789430476e+01,5.229630610808349900e+01,5.090540757352117396e+01,4.951487471372797700e+01,4.813234586077230404e+01,4.676495711915235631e+01,4.541929858138988152e+01,4.410138027888989143e+01,4.281660764352523074e+01,4.156976612186711861e+01,4.036501447111309204e+01,3.920588617301132928e+01,3.809529832839659491e+01,3.703556733895227637e+01,3.602843064291781161e+01,3.507507374604067962e+01,3.417616177653716392e+01,3.333187479170624101e+01,3.254194607283164231e+01,3.180570266297957716e+01,3.112210742829844889e+01,3.048980195663984105e+01,2.990714964703756351e+01,2.937227838915073264e+01,2.888312228255373881e+01,2.843746190106232419e+01,2.803296266637512346e+01,2.766721095735100988e+01,2.733774764530397050e+01,2.704209881076037192e+01,2.677780346209966211e+01,2.654243814025865333e+01,2.633363835509102202e+01,2.614911685694379528e+01,2.598667880053213963e+01,2.584423390637466156e+01,2.571980576716267208e+01,2.561153848193330873e+01,2.551770082945330387e+01,2.543668821366418342e+01,2.536702262846382183e+01,2.530735089677205352e+01,2.525644144019297244e+01,2.521317983123431716e+01,2.517656337068181571e+01,2.514569491914124555e+01,2.511977619478753354e+01,2.509810072984364027e+01,2.508004665707953151e+01,2.506506947545249986e+01,2.505269492161595579e+01,2.504251205202986341e+01,2.503416661934064180e+01,2.502735480698740389e+01,2.502181736795671796e+01,2.501733419747175446e+01,2.501371935529216728e+01,2.501081654126406661e+01,2.500849501776845685e+01,2.500664596468589806e+01,2.500517924629380673e+01,2.500402056497485503e+01,2.500310897355406681e+01,2.500239471629964427e+01,2.500183736791840516e+01,2.500140424005523698e+01,2.500106902568386857e+01,2.500081065318421381e+01,2.500061232368961939e+01,2.500046070732455306e+01,2.500034527612922375e+01,2.500025775369129022e+01,2.500019166370419299e+01
6.334064250182588296e+01,6.454398667231157560e+01,6.565886350251084025e+01,6.667629356792437534e+01,6.758802480739396401e+01,6.838664538257216918e+01,6.906568442676584141e+01,6.961969871702098089e+01,7.004434362660722968e+01,7.033642708017833911e+01,7.049394562909188267e+01,7.051610217701110628e+01,7.040330530290061972e+01,7.015715053691539538e+01,6.978038433215952807e+01,6.927685183067569596e+01,6.865142983568449608e+01,6.790994666627715048e+01,6.705909077984654232e+01,6.610631019815184573e+01,6.505970486395220576e+01,6.392791408770822414e+01,6.272000122103663955e+01,6.144533762024135370e+01,6.011348784557626601e+01,5.873409788717819424e+01,5.731678802473960133e+01,5.587105172308703516e+01,5.440616174788780768e+01,5.293108446223387631e+01,5.145440304263516396e+01,4.998425013782409110e+01,4.852825029049362371e+01,4.709347225428312811e+01,4.568639116849602999e+01,4.431286040262473591e+01,4.297809275228898684e+01,4.168665055739909064e+01,4.044244422137139594e+01,3.924873853576424665e+01,3.810816615624560910e+01,3.702274753173180954e+01,3.599391655728964423e+01,3.502255120154647727e+01,3.410900834969071838e+01,3.325316210268932338e+01,3.245444478134795929e+01,3.171188989974587003e+01,3.102417639598891697e+01,3.038967343882828942e+01,2.980648516619107014e+01,2.927249475572176607e+01,2.878540727759416740e+01,2.834279083553073164e+01,2.794211556240162153e+01,2.758079010102901663e+01,2.725619526779128421e+01,2.696571466506415859e+01,2.670676207711537486e+01,2.647680555140197711e+01,2.627338813193601652e+01,2.609414527218343238e+01,2.593681901066571882e+01,2.579926904204018001e+01,2.567948085914748901e+01,2.557557117677644598e+01,2.548579087539717136e+01,2.540852572279848332e+01,2.534229514361468460e+01,2.528574931154246741e+01,2.523766483721726317e+01,2.519693931697968026e+01,2.516258499496537837e+01,2.513372177401484819e+01,2.510956979076928519e+01,2.508944174793263215e+01,2.507273517293235088e+01,2.505892474792715774e+01,2.504755483202152888e+01,2.503823227328102163e+01,2.503061958621147909e+01,2.502442855016394319e+01,2.501941426593639406e+01,2.501536969183689507e+01,2.501212066672720979e+01,2.500952141607403334e+01,2.500745052771994992e+01,2.500580737681504573e+01,2.500450897394997085e+01,2.500348720680083758e+01,2.500268644331989520e+01,2.500206146346247849e+01,2.500157568641351702e+01,2.500119966106055358e+01,2.500090978886455062e+01,2.500068725013547066e+01,2.500051710687761641e+01,2.500038755770422938e+01,2.500028932272761750e+01,2.500021513872642842e+01
6.553520868614066330e+01,6.681713046109909726e+01,6.800680174647605725e+01,6.909475098413602723e+01,7.007225952644898825e+01,7.093147935736907073e+01,7.166553823998566486e+01,7.226863026737288465e+01,7.273609013216619701e+01,7.306444981108180059e+01,7.325147677117419676e+01,7.329619323169760037e+01,7.319887644535000959e+01,7.296104038200985542e+01,7.258539959415736575e+01,7.207581640461231132e+01,7.143723287431674862e+01,7.067558927297795890e+01,6.979773098306830548e+01,6.881130591493311499e+01,6.772465459694339529e+01,6.654669513137275771e+01,6.528680517763257285e+01,6.395470304507197312e+01,6.256032985450416106e+01,6.111373456868250287e+01,5.962496350537512058e+01,5.810395574084178349e+01,5.656044559449824760e+01,5.500387316484496836e+01,5.344330366895454176e+01,5.188735612849332313e+01,5.034414174876543768e+01,4.882121215675914527e+01,4.732551750163255377e+01,4.586337427741083417e+01,4.444044260288793424e+01,4.306171258711424343e+01,4.173149931916553612e+01,4.045344594658013193e+01,3.923053424624175989e+01,3.806510204294170308e+01,3.695886679291894694e+01,3.591295462115052572e+01,3.492793408116558851e+01,3.400385389411740533e+01,3.314028391949400998e+01,3.233635861313683080e+01,3.159082223927875077e+01,3.090207512228343134e+01,3.026822025081305867e+01,2.968710958230367680e+01,2.915638943873472044e+01,2.867354443534810216e+01,2.823593944154498558e+01,2.784085913672881674e+01,2.748554479218126900e+01,2.716722798174323472e+01,2.688316099755232358e+01,2.663064382069243408e+01,2.640704756864799307e+01,2.620983441028766947e+01,2.603657400321566939e+01,2.588495656639728537e+01,2.575280275190108981e+01,2.563807052259027941e+01,2.553885927712244452e+01,2.545341148946433307e+01,2.538011214736934562e+01,2.531748628324298878e+01,2.526419489211000524e+01,2.521902952576439816e+01,2.518090584054198189e+01,2.514885635951291576e+01,2.512202268930579763e+01,2.509964740830383789e+01,2.508106581762037379e+01,2.506569772001600782e+01,2.505303936561750078e+01,2.504265567767668799e+01,2.503417284727689562e+01,2.502727136333330549e+01,2.502167952379130256e+01,2.501716745582923451e+01,2.501354165723321898e+01,2.501064005794847134e+01,2.500832759005761474e+01,2.500649224596082476e+01,2.500504159815402261e+01,2.500389974950479655e+01,2.500300468007694121e+01,2.500230595511017384e+01,2.500176275848246377e+01,2.500134221663876488e+01,2.500101797934927461e+01,2.500076902557144365e+01,2.500057866496432268e+01,2.500043370809864385e+01,2.500032378100149799e+01,2.500024076227517966e+01
6.765021682694832350e+01,6.901017644841437004e+01,7.027454440171739236e+01,7.143338003379855650e+01,7.247751639412750535e+01,7.339868226069725665e+01,7.418961120118751751e+01,7.484413560436217949e+01,7.535726396935822891e+01,7.572524013517531216e+01,7.594558355633813562e+01,7.601711016949835198e+01,7.593993383550503040e+01,7.571544876839232074e+01,7.534629376387610478e+01,7.483629940382819257e+01,7.419041973014836344e+01,7.341465014403236466e+01,7.251593348977851861e+01,7.150205642344721468e+01,7.038153824580098217e+01,6.916351439825194802e+01,6.785761678432373856e+01,6.647385299341598852e+01,6.502248637575473822e+01,6.351391875551036037e+01,6.195857738174350970e+01,6.036680751265324574e+01,5.874877181566532869e+01,5.711435755155821425e+01,5.547309230139723013e+01,5.383406879564526548e+01,5.220587921926188812e+01,5.059655919742787944e+01,4.901354151505812240e+01,4.746361948975784628e+01,4.595291980171221269e+01,4.448688448392298511e+01,4.307026169053855824e+01,4.170710478790765308e+01,4.040077925058795216e+01,3.915397679122453667e+01,3.796873610766431995e+01,3.684646959198858696e+01,3.578799531385530486e+01,3.479357356458935158e+01,3.386294722915137356e+01,3.299538524102393922e+01,3.218972837091170902e+01,3.144443660472504476e+01,3.075763738028719985e+01,3.012717397606171588e+01,2.955065337914304635e+01,2.902549300364528051e+01,2.854896568393236933e+01,2.811824242894211068e+01,2.773043249288281586e+01,2.738262039223173616e+01,2.707189957739844743e+01,2.679540254763931983e+01,2.655032727776263357e+01,2.633395990282155807e+01,2.614369368045177211e+01,2.597704431807301972e+01,2.583166181240978432e+01,2.570533900058438803e+01,2.559601706463085335e+01,2.550178826426328982e+01,2.542089619604890771e+01,2.535173389104934571e+01,2.529284006805689344e+01,2.524289385655637119e+01,2.520070829346481389e+01,2.516522288164437526e+01,2.513549547732409195e+01,2.511069374909682850e+01,2.509008642424183932e+01,2.507303450985331139e+01,2.505898264762068806e+01,2.504745073297029023e+01,2.503802590236168513e+01,2.503035496741051702e+01,2.502413735160889630e+01,2.501911856502184506e+01,2.501508423461173081e+01,2.501185469282707174e+01,2.500928011473628132e+01,2.500723618416247973e+01,2.500562026179455444e+01,2.500434802288348024e+01,2.500335052862693175e+01,2.500257169343366925e+01,2.500196610967746125e+01,2.500149719204310017e+01,2.500113560489714359e+01,2.500085793806844947e+01,2.500064559880849302e+01,2.500048389035678653e+01,2.500036125032647050e+01,2.500026862493998436e+01
6.966187803881639695e+01,7.109874307160033879e+01,7.243719244404425694e+01,7.366684536484231671e+01,7.477811007548596933e+01,7.576230952908906602e+01,7.661179379584677918e+01,7.732003710580846700e+01,7.788171780466751670e+01,7.829277990465672588e+01,7.855047534674791621e+01,7.865338653775603461e+01,7.860142917205914159e+01,7.839583577834048356e+01,7.803912083397098343e+01,7.753502865189055626e+01,7.688846555765590551e+01,7.610541813057615457e+01,7.519285947799988890e+01,7.415864564388843405e+01,7.301140432241743383e+01,7.176041805744257829e+01,7.041550406426310360e+01,6.898689271789373834e+01,6.748510661990871995e+01,6.592084199247801735e+01,6.430485396234780637e+01,6.264784709788908401e+01,6.096037235698825896e+01,5.925273139956944135e+01,5.753488902179936559e+01,5.581639428406434433e+01,5.410631073474331032e+01,5.241315597839181351e+01,5.074485070071047232e+01,4.910867714306111509e+01,4.751124691496476515e+01,4.595847794206067505e+01,4.445558026725093725e+01,4.300705035199325010e+01,4.161667346093484809e+01,4.028753365468254799e+01,3.902203086136237431e+01,3.782190444719167743e+01,3.668826265959972233e+01,3.562161727405310074e+01,3.462192273866870096e+01,3.368861908023910701e+01,3.282067781292094821e+01,3.201665007801644691e+01,3.127471624133126227e+01,3.059273618454718147e+01,2.996829954953940600e+01,2.939877522974812152e+01,2.888135945022047224e+01,2.841312183688681259e+01,2.799104894464965554e+01,2.761208479114692338e+01,2.727316802646736349e+01,2.697126545628262306e+01,2.670340172434253390e+01,2.646668504759071894e+01,2.625832898094922996e+01,2.607567026696757750e+01,2.591618289621014881e+01,2.577748856600969063e+01,2.565736377699056803e+01,2.555374384793185172e+01,2.546472415987924975e+01,2.538855896009744839e+01,2.532365806599859326e+01,2.526858180939906262e+01,2.522203455338668121e+01,2.518285709892975888e+01,2.515001827743188301e+01,2.512260600007163802e+01,2.509981800628271742e+01,2.508095252337605530e+01,2.506539901822175054e+01,2.505262919109760489e+01,2.504218833211980666e+01,2.503368713278137037e+01,2.502679401955060001e+01,2.502122805358179747e+01,2.501675242057222803e+01,2.501316851774192429e+01,2.501031063078309558e+01,2.500804118230078643e+01,2.500624652455209684e+01,2.500483324294508236e+01,2.500372493250525707e+01,2.500285940706761778e+01,2.500218630001300468e+01,2.500166501565759347e+01,2.500126299165825827e+01,2.500095423477425882e+01,2.500071809481381990e+01,2.500053824440958650e+01,2.500040183525548088e+01,2.500029880447491593e+01
7.154702012390107768e+01,7.305907065467891925e+01,7.447047064316612364e+01,7.577043385815217391e+01,7.694897229830098695e+01,7.799702478047656484e+01,7.890657203957256627e+01,7.967073624551055389e+01,8.028386321871064979e+01,8.074158604104707138e+01,8.104086920086498935e+01,8.118003286315533273e+01,8.115875730452398784e+01,8.097806798283357921e+01,8.064030211024345363e+01,8.014905795449595871e+01,7.950912839755086736e+01,7.872642052643837474e+01,7.780786321453950904e+01,7.676130477120516105e+01,7.559540279508334493e+01,7.431950836552694284e+01,7.294354665279821859e+01,7.147789592887021115e+01,6.993326682493919577e+01,6.832058351836172960e+01,6.665086834973809005e+01,6.493513117897067843e+01,6.318426459519442773e+01,6.140894590619172533e+01,5.961954665357121286e+01,5.782605023438332381e+01,5.603797806021911754e+01,5.426432455200322380e+01,5.251350115219022996e+01,5.079328943442295952e+01,4.911080330169707509e+01,4.747246018505542509e+01,4.588396108305084908e+01,4.435027921507625592e+01,4.287565699699291599e+01,4.146361098369987985e+01,4.011694435952032478e+01,3.883776649341703546e+01,3.762751901272926602e+01,3.648700778763561914e+01,3.541644016070919321e+01,3.441546670391551999e+01,3.348322674153813949e+01,3.261839684409660123e+01,3.181924147740870623e+01,3.108366498420727453e+01,3.040926408428916261e+01,2.979338010355644073e+01,2.923315018234796270e+01,2.872555676831483140e+01,2.826747476729842390e+01,2.785571580520353763e+01,2.748706914225727616e+01,2.715833887553351289e+01,2.686637716325917680e+01,2.660811330223780757e+01,2.638057858487728069e+01,2.618092695218039623e+01,2.600645154137829707e+01,2.585459729980505017e+01,2.572296989874267226e+01,2.560934123141709762e+01,2.551165181769218293e+01,2.542801046434620460e+01,2.535669154459518637e+01,2.529613026457323599e+01,2.524491627889887013e+01,2.520178600356104326e+01,2.516561395359132192e+01,2.513540340684795638e+01,2.511027666521203372e+01,2.508946515200574368e+01,2.507229955079559858e+01,2.505820015709671367e+01,2.504666758183471487e+01,2.503727391455075946e+01,2.502965442586869216e+01,2.502349986311556052e+01,2.501854937046579153e+01,2.501458404568245442e+01,2.501142112944617679e+01,2.500890881027701695e+01,2.500692161796981239e+01,2.500535637102107955e+01,2.500412863843034472e+01,2.500316967319416861e+01,2.500242377345713862e+01,2.500184602732834449e+01,2.500140039852075802e+01,2.500105811195595251e+01,2.500079630105919648e+01,2.500059688144375514e+01,2.500044561887477812e+01,2.500033136267069267e+01
7.328358094420920565e+01,7.486852584836219648e+01,7.635124134889298375e+01,7.772057591290506195e+01,7.896617868168560506e+01,8.007863014028434634e+01,8.104955918671979020e+01,8.187174452265345792e+01,8.253919867159504520e+01,8.304723335303839349e+01,8.339250538664273904e+01,8.357304275436604257e+01,8.358825089513308626e+01,8.343889973178653463e+01,8.312709232073267174e+01,8.265621635982292048e+01,8.203088008095124906e+01,8.125683428462366464e+01,8.034088244121694800e+01,7.929078088745865216e+01,7.811513118916153076e+01,7.682326672714685856e+01,7.542513549926690075e+01,7.393118102565674121e+01,7.235222310590563666e+01,7.069934001521548339e+01,6.898375355112426632e+01,6.721671816164325719e+01,6.540941520726721592e+01,6.357285323940241994e+01,6.171777502088619372e+01,5.985457187328488970e+01,5.799320581176666423e+01,5.614313982122430247e+01,5.431327653537834266e+01,5.251190550123814660e+01,5.074665914132368982e+01,4.902447746196495615e+01,4.735158149438777286e+01,4.573345539314826880e+01,4.417483705142353756e+01,4.267971702318993010e+01,4.125134546784351386e+01,3.989224675375819373e+01,3.860424127496626312e+01,3.738847395172547294e+01,3.624544880397159119e+01,3.517506890970976485e+01,3.417668099159867268e+01,3.324912381756955426e+01,3.239077955821532839e+01,3.159962721728436463e+01,3.087329724363379313e+01,3.020912644436316441e+01,2.960421234963787285e+01,2.905546622915284871e+01,2.855966402671521820e+01,2.811349456077894260e+01,2.771360443211728963e+01,2.735663918194071087e+01,2.703928035119210094e+01,2.675827820095733500e+01,2.651047996150082042e+01,2.629285358021561336e+01,2.610250703398945404e+01,2.593670335683055228e+01,2.579287160730979522e+01,2.566861406126749046e+01,2.556170996268084394e+01,2.547011619951299011e+01,2.539196529217521103e+01,2.532556109076283590e+01,2.526937257464434694e+01,2.522202613571812435e+01,2.518229670629263239e+01,2.514909806576401863e+01,2.512147262873417120e+01,2.509858098254062853e+01,2.507969140584808088e+01,2.506416956330856749e+01,2.505146853547446284e+01,2.504111930908057460e+01,2.503272182122584866e+01,2.502593662240501970e+01,2.502047719809905502e+01,2.501610296689398893e+01,2.501261295487597991e+01,2.500984013124100613e+01,2.500764637845896488e+01,2.500591806167308206e+01,2.500456215597870013e+01,2.500350288646714603e+01,2.500267883409017600e+01,2.500204046015403136e+01,2.500154800326464866e+01,2.500116970451836806e+01,2.500088031939939270e+01,2.500065987797496092e+01,2.500049265837677481e+01,2.500036634206243136e+01
7.485109008650610463e+01,7.650609396802455819e+01,7.805800580402838307e+01,7.949535391342965340e+01,8.080746242965717840e+01,8.198458314680286207e+01,8.301801376556937839e+01,8.390020049983912998e+01,8.462482339525169550e+01,8.518686313719871350e+01,8.558264857192486375e+01,8.580988461532487577e+01,8.586766066421566279e+01,8.575644003998368703e+01,8.547803137182162914e+01,8.503554315570016797e+01,8.443332299776393768e+01,8.367688326184011771e+01,8.277281498800249437e+01,8.172869203334927590e+01,8.055296741073115641e+01,7.925486377186359732e+01,7.784425990571497778e+01,7.633157501026140324e+01,7.472765235537241324e+01,7.304364379661247142e+01,7.129089643354883776e+01,6.948084254025351925e+01,6.762489373720279673e+01,6.573434022818884159e+01,6.382025579679091010e+01,6.189340914615721800e+01,5.996418207327825911e+01,5.804249489295433762e+01,5.613773946435058804e+01,5.425872012055231863e+01,5.241360275452273498e+01,5.060987226888597945e+01,4.885429854785783021e+01,4.715291105394136650e+01,4.551098208713376891e+01,4.393301866891358287e+01,4.242276292699031615e+01,4.098320076070464779e+01,3.961657846321773491e+01,3.832442686833600476e+01,3.710759248082367634e+01,3.596627494366740763e+01,3.490007009842827301e+01,3.390801780986846126e+01,3.298865365736615729e+01,3.214006354646726038e+01,3.135994026664881318e+01,3.064564101738434232e+01,2.999424494426526877e+01,2.940260976955634220e+01,2.886742666548747849e+01,2.838527260128497431e+01,2.795265949319878018e+01,2.756607959685520370e+01,2.722204669911283403e+01,2.691713278808340348e+01,2.664800000105532973e+01,2.641142776695920702e+01,2.620433516939956320e+01,2.602379865534324566e+01,2.586706530111631608e+01,2.573156191988876529e+01,2.561490035244976227e+01,2.551487932555617633e+01,2.542948328980840600e+01,2.535687866270287216e+01,2.529540790346686663e+01,2.524358183604343608e+01,2.520007061690987626e+01,2.516369371713952674e+01,2.513340925512696344e+01,2.510830297950543866e+01,2.508757716268288718e+01,2.507053962562589433e+01,2.505659307533981206e+01,2.504522489901114568e+01,2.503599752384539556e+01,2.502853941987192599e+01,2.502253679480465820e+01,2.501772600565779925e+01,2.501388669126603759e+01,2.501083561305595993e+01,2.500842117815652799e+01,2.500651860893676925e+01,2.500502571597770185e+01,2.500385922695148011e+01,2.500295162151018147e+01,2.500224842170259265e+01,2.500170588828024165e+01,2.500128907519346555e+01,2.500097019731805403e+01,2.500072726973532866e+01,2.500054298049427715e+01,2.500040376253429741e+01
7.623112338395861798e+01,7.795284342731353888e+01,7.957137686642522567e+01,8.107498149993347170e+01,8.245269831035491848e+01,8.369448351620545168e+01,8.479132714365050560e+01,8.573535614163530738e+01,8.651992045894196792e+01,8.713966092817409503e+01,8.759055824467858997e+01,8.786996277200341865e+01,8.797660533428526719e+01,8.791058955578233736e+01,8.767336666628338548e+01,8.726769399837550623e+01,8.669757865136614328e+01,8.596820798285843068e+01,8.508586871150477293e+01,8.405785647520262671e+01,8.289237769257175614e+01,8.159844552887298619e+01,8.018577167928738447e+01,7.866465556252532565e+01,7.704587237645203857e+01,7.534056131504819120e+01,7.356011509207917243e+01,7.171607176958994501e+01,6.982000975534639053e+01,6.788344671724442492e+01,6.591774306702893682e+01,6.393401059085672955e+01,6.194302674881097914e+01,5.995515512628586663e+01,5.798027249277363637e+01,5.602770290273305420e+01,5.410615925326231945e+01,5.222369268871860015e+01,5.038765020827038654e+01,4.860464078462496218e+01,4.688051023807952333e+01,4.522032502827849498e+01,4.362836502682493034e+01,4.210812521889002369e+01,4.066232615425997210e+01,3.929293283206722265e+01,3.800118156383931733e+01,3.678761422204213716e+01,3.565211915173225066e+01,3.459397790679121698e+01,3.361191687448985022e+01,3.270416277699395380e+01,3.186850098900906403e+01,3.110233558900814899e+01,3.040275006807239322e+01,2.976656765471879851e+01,2.919041027442951020e+01,2.867075524613371229e+01,2.820398892096753229e+01,2.778645658696515497e+01,2.741450809223740848e+01,2.708453877385201025e+01,2.679302541530484660e+01,2.653655708772535249e+01,2.631186085482263337e+01,2.611582243569182893e+01,2.594550202030447750e+01,2.579814551789295862e+01,2.567119158735849638e+01,2.556227485086208873e+01,2.546922572714359490e+01,2.539006734068129489e+01,2.532300996785549074e+01,2.526644347348250008e+01,2.521892817235704598e+01,2.517918452283568698e+01,2.514608202510277479e+01,2.511862765761867422e+01,2.509595414326559037e+01,2.507730829360054514e+01,2.506203963689315017e+01,2.504958949451272687e+01,2.503948063172128613e+01,2.503130757375613413e+01,2.502472764673922967e+01,2.501945277570111159e+01,2.501524204893778247e+01,2.501189503895178845e+01,2.500924585516093401e+01,2.500715789209064610e+01,2.500551922853633258e+01,2.500423862778754369e+01,2.500324208602999221e+01,2.500246987507035001e+01,2.500187402616785803e+01,2.500141620364048833e+01,2.500106591971383452e+01,2.500079904551095922e+01,2.500059657689746828e+01,2.500044361789647240e+01
7.740771534981944058e+01,7.919234697948277812e+01,8.087450756015846309e+01,8.244223782580193927e+01,8.388434092453080382e+01,8.519051365265693221e+01,8.635146445350017075e+01,8.735901629326815510e+01,8.820619292213777385e+01,8.888728745243727758e+01,8.939791262153546825e+01,8.973503253869181151e+01,8.989697612739426802e+01,8.988343285376329561e+01,8.969543166564599801e+01,8.933530434691500943e+01,8.880663471103625284e+01,8.811419521420103251e+01,8.726387266144116950e+01,8.626258471243018278e+01,8.511818887308085380e+01,8.383938559277666513e+01,8.243561698494755774e+01,8.091696256149214150e+01,7.929403323029808348e+01,7.757786466040573714e+01,7.577981098072527288e+01,7.391143965355797718e+01,7.198442825939257261e+01,7.001046384815543888e+01,6.800114545554927759e+01,6.596789035025614112e+01,6.392184456548174154e+01,6.187379827171339031e+01,5.983410656052895149e+01,5.781261622495135555e+01,5.581859913313104471e+01,5.386069279234909857e+01,5.194684868361947139e+01,5.008428890895488905e+01,4.827947163067440783e+01,4.653806569378907199e+01,4.486493470918267690e+01,4.326413073949008492e+01,4.173889757536312572e+01,4.029168342265086267e+01,3.892416264733488873e+01,3.763726605185446061e+01,3.643121899088723126e+01,3.530558648359429696e+01,3.425932434900940393e+01,3.329083528687317539e+01,3.239802875175146113e+01,3.157838342627911032e+01,3.082901109087645253e+01,3.014672071183958835e+01,2.952808162544801363e+01,2.896948477956123114e+01,2.846720110196705278e+01,2.801743619161281984e+01,2.761638066942752445e+01,2.726025567416293782e+01,2.694535314004966509e+01,2.666807064190264498e+01,2.642494073496301610e+01,2.621265484725549655e+01,2.602808189839121056e+01,2.586828191822712597e+01,2.573051502014181224e+01,2.561224614627581886e+01,2.551114604605278302e+01,2.542508897545560131e+01,2.535214761424822072e+01,2.529058569340368123e+01,2.523884880751819892e+01,2.519555385922571844e+01,2.515947754689998206e+01,2.512954426551625886e+01,2.510481374558417045e+01,2.508446870849931543e+01,2.506780277019064584e+01,2.505420877998361462e+01,2.504316773929010864e+01,2.503423840592513727e+01,2.502704765511782981e+01,2.502128163796697180e+01,2.501667775231043933e+01,2.501301741967539272e+01,2.501011964494963635e+01,2.500783532235259798e+01,2.500604224180013446e+01,2.500464074341767429e+01,2.500354996430829146e+01,2.500270462027448559e+01,2.500205226559210914e+01,2.500155097573953000e+01,2.500116740083266365e+01,2.500087514108931330e+01,2.500065339967300915e+01,2.500048587252320331e+01
7.836771570928290487e+01,8.021104564900124956e+01,8.195346108382938155e+01,8.358284222750549475e+01,8.508780254298514478e+01,8.645781809494241088e+01,8.768334404208603416e+01,8.875591649579831710e+01,8.966823836614311460e+01,9.041424823379645659e+01,9.098917171070526422e+01,9.138955516719705940e+01,9.161328209375041354e+01,9.165957271829083197e+01,9.152896780365421137e+01,9.122329779656682547e+01,9.074563868414661272e+01,9.010025603489869184e+01,8.929253876016575475e+01,8.832892413377254570e+01,8.721681555965199095e+01,8.596449448914171398e+01,8.458102777244081949e+01,8.307617159417009134e+01,8.146027300278304040e+01,7.974416990864541788e+01,7.793909030538908667e+01,7.605655137112609054e+01,7.410825903533594783e+01,7.210600855617212801e+01,7.006158664134278524e+01,6.798667566086207614e+01,6.589276053684989165e+01,6.379103894741395919e+01,6.169233554045154477e+01,5.960702091031810568e+01,5.754493613708402222e+01,5.551532371653431142e+01,5.352676571232571234e+01,5.158712993463014129e+01,4.970352488896195808e+01,4.788226414369793815e+01,4.612884063626749764e+01,4.444791127946582066e+01,4.284329204607160335e+01,4.131796350873956669e+01,3.987408660092013690e+01,3.851302815190992135e+01,3.723539554377476435e+01,3.604107964817519871e+01,3.492930503462328318e+01,3.389868630478405720e+01,3.294728930499947239e+01,3.207269590447104690e+01,3.127207100093770720e+01,3.054223042891707607e+01,2.987970849568082343e+01,2.928082395368940638e+01,2.874174333059111319e+01,2.825854067356314303e+01,2.782725291762120889e+01,2.744393025117585694e+01,2.710468102025075865e+01,2.680571087941941144e+01,2.654335605725638914e+01,2.631411075229330621e+01,2.611464880836425451e+01,2.594183993303188274e+01,2.579276081769509688e+01,2.566470159213458757e+01,2.555516809967176073e+01,2.546188051258918250e+01,2.538276882241702737e+01,2.531596573806008621e+01,2.525979750880573249e+01,2.521277316150677095e+01,2.517357260424339671e+01,2.514103400506526498e+01,2.511414080639160318e+01,2.509200868548387220e+01,2.507387272101491504e+01,2.505907497675109852e+01,2.504705266703441069e+01,2.503732702607914717e+01,2.502949296476289476e+01,2.502320956500061300e+01,2.501819143310991578e+01,2.501420090976863619e+01,2.501104111503290639e+01,2.500854979210123119e+01,2.500659390266643811e+01,2.500506491932733155e+01,2.500387475614532917e+01,2.500295227653670338e+01,2.500224031781494460e+01,2.500169317339954134e+01,2.500127447658811519e+01,2.500095543349794269e+01,2.500071335702089215e+01,2.500053045815275254e+01
7.910107795257650309e+01,8.099854302756385493e+01,8.279750974622888293e+01,8.448575662161121613e+01,8.605175772255097399e+01,8.748480905734551527e+01,8.877514260438292126e+01,8.991402635669933829e+01,9.089384913787426967e+01,9.170818935440478015e+01,9.235186725824583220e+01,9.282098068654362066e+01,9.311292460894247824e+01,9.322639513342603834e+01,9.316137888929974054e+01,9.291912891359297078e+01,9.250212831124559898e+01,9.191404303985584079e+01,9.115966518986054723e+01,9.024484809726045853e+01,8.917643454750349008e+01,8.796217921700173292e+01,8.661066636533060148e+01,8.513122364921103724e+01,8.353383279129315042e+01,8.182903771373344171e+01,8.002785064791808622e+01,7.814165666434425361e+01,7.618211703472343288e+01,7.416107184293352361e+01,7.209044230063625491e+01,6.998213329255071358e+01,6.784793676848616428e+01,6.569943670540500591e+01,6.354791647290628021e+01,6.140426953900701790e+01,5.927891453959072265e+01,5.718171579496797108e+01,5.512191038276311161e+01,5.310804286198123236e+01,5.114790868519510525e+01,4.924850723350112247e+01,4.741600526405008509e+01,4.565571137685545722e+01,4.397206189273802579e+01,4.236861829597108198e+01,4.084807614302484069e+01,3.941228508306716094e+01,3.806227938698069124e+01,3.679831814958941294e+01,3.561993412358062017e+01,3.452598997089388888e+01,3.351474058403218237e+01,3.258390003978253446e+01,3.173071170310896960e+01,3.095201999935483883e+01,3.024434241630677889e+01,2.960394038037053832e+01,2.902688776792854242e+01,2.850913595766353126e+01,2.804657449532120950e+01,2.763508662180626274e+01,2.727059910145485944e+01,2.694912597295578394e+01,2.666680602448601434e+01,2.641993396181479881e+01,2.620498538903953545e+01,2.601863585295595271e+01,2.585777431164819973e+01,2.571951147459979836e+01,2.560118352535585018e+01,2.550035177926951846e+01,2.541479884963457536e+01,2.534252189760805507e+01,2.528172352724203620e+01,2.523080085939965045e+01,2.518833328015933759e+01,2.515306931331353368e+01,2.512391301540512956e+01,2.509991023785033448e+01,2.508023504621496969e+01,2.506417653345614838e+01,2.505112621338072643e+01,2.504056613382383745e+01,2.503205780690390370e+01,2.502523201664749308e+01,2.501977953251375197e+01,2.501544273087236903e+01,2.501200810510582428e+01,2.500929962837976106e+01,2.500717292081965581e+01,2.500551016434814855e+01,2.500421570324636988e+01,2.500321226607132630e+01,2.500243774437352329e+01,2.500184246523359377e+01,2.500138689753565657e+01,2.500103973573403238e+01,2.500077630931789940e+01,2.500057727096005777e+01
7.960107010951574580e+01,8.154781995305683040e+01,8.339935270547329083e+01,8.514340540438146832e+01,8.676836441947762069e+01,8.826338777272654568e+01,8.961851574514417962e+01,9.082476830368204901e+01,9.187422826533720865e+01,9.276010950999911131e+01,9.347680994213382633e+01,9.401994926830947463e+01,9.438639198846117040e+01,9.457425628163942122e+01,9.458290969268270487e+01,9.441295268908193350e+01,9.406619125521140745e+01,9.354559972572144488e+01,9.285527503640665259e+01,9.200038349759597622e+01,9.098710108294274335e+01,8.982254808815828540e+01,8.851471886345868256e+01,8.707240717411798414e+01,8.550512760861346351e+01,8.382303334484866753e+01,8.203683051098931855e+01,8.015768934477964081e+01,7.819715236683359194e+01,7.616703983891022745e+01,7.407935287388713164e+01,7.194617469327991444e+01,6.977957068144070263e+01,6.759148805179225405e+01,6.539365610726395062e+01,6.319748823178919395e+01,6.101398688008676174e+01,5.885365292802140402e+01,5.672640079661103130e+01,5.464148076268885035e+01,5.260740981469236033e+01,5.063191230243170082e+01,4.872187146747084086e+01,4.688329273127575902e+01,4.512127936942651729e+01,4.344002092186869390e+01,4.184279439275077550e+01,4.033197799101107961e+01,3.890907686680701971e+01,3.757476002085705602e+01,3.632890731441018062e+01,3.517066529586244883e+01,3.409851039300778552e+01,3.311031790228503269e+01,3.220343514055437595e+01,3.137475711094272413e+01,3.062080306998284840e+01,2.993779246452516318e+01,2.932171882799084983e+01,2.876842037949844766e+01,2.827364624845279550e+01,2.783311744316740999e+01,2.744258188684457167e+01,2.709786304998633000e+01,2.679490190797101334e+01,2.652979213995450181e+01,2.629880865540222246e+01,2.609842968359458126e+01,2.592535278678002797e+01,2.577650525788722646e+01,2.564904943858107345e+01,2.554038354367735408e+01,2.544813860507131054e+01,2.537017215459567154e+01,2.530455925328769240e+01,2.524958144739001753e+01,2.520371419214429665e+01,2.516561323614648060e+01,2.513410040466350281e+01,2.510814916256577334e+01,2.508687027879832243e+01,2.506949785662731145e+01,2.505537593890833747e+01,2.504394584659753420e+01,2.503473436256854256e+01,2.502734283207486143e+01,2.502143721617629524e+01,2.501673910514678312e+01,2.501301767510935647e+01,2.501008255255490909e+01,2.500777753753465760e+01,2.500597512663788891e+01,2.500457177080766158e+01,2.500348380003016047e+01,2.500264394639875221e+01,2.500199839847646643e+01,2.500150432278344681e+01,2.500112779219669079e+01,2.500084206570612366e+01,2.500062616901978885e+01
7.986440066772593127e+01,8.185536238876599668e+01,8.375524525579228907e+01,8.555180555876331994e+01,8.723339430096027058e+01,8.878907437103980271e+01,9.020872677196183531e+01,9.148314463247110950e+01,9.260411410080301664e+01,9.356448159781301399e+01,9.435820727115752504e+01,9.498040482784711003e+01,9.542736821569484107e+01,9.569658586375628317e+01,9.578674336991689131e+01,9.569771563610339626e+01,9.543054949786402119e+01,9.498743787880637512e+01,9.437168642879302638e+01,9.358767348817623599e+01,9.264080407151426755e+01,9.153745839761276670e+01,9.028493532355646778e+01,8.889139088359596030e+01,8.736577200307073099e+01,8.571774536466452332e+01,8.395762135805136950e+01,8.209627304988913465e+01,8.014505017090880301e+01,7.811568822847840465e+01,7.602021301076952398e+01,7.387084094348179519e+01,7.167987598026371643e+01,6.945960393978991476e+01,6.722218543113214650e+01,6.497954871961805168e+01,6.274328406360150723e+01,6.052454118588374143e+01,5.833393162169559787e+01,5.618143770093176670e+01,5.407632987181351325e+01,5.202709395601154085e+01,5.004136974466725007e+01,4.812590210718571626e+01,4.628650549949037440e+01,4.452804243727457845e+01,4.285441615593653353e+01,4.126857732647540189e+01,3.977254434990944532e+01,3.836743642536119125e+01,3.705351829115954132e+01,3.583025528458817632e+01,3.469637716244146475e+01,3.364994897693463827e+01,3.268844721267237929e+01,3.180883936055698058e+01,3.100766513145621062e+01,3.028111759167388684e+01,2.962512262744088432e+01,2.903541530902667489e+01,2.850761191797565175e+01,2.803727661424528605e+01,2.761998194450415767e+01,2.725136261977582919e+01,2.692716221198272919e+01,2.664327262777379701e+01,2.639576640855780454e+01,2.618092207349955203e+01,2.599524286433451437e+01,2.583546936553070594e+01,2.569858656013764531e+01,2.558182594128650678e+01,2.548266333335504541e+01,2.539881308764077161e+01,2.532821930789208764e+01,2.526904473446757038e+01,2.521965787562439587e+01,2.517861892386602207e+01,2.514466493764997779e+01,2.511669470705509966e+01,2.509375365888411125e+01,2.507501909439224619e+01,2.505978599323148259e+01,2.504745356171031645e+01,2.503751265311666785e+01,2.502953414329198623e+01,2.502315830620448978e+01,2.501808520199576691e+01,2.501406606368596997e+01,2.501089564806054710e+01,2.500840550074000390e+01,2.500645807448545455e+01,2.500494163280483306e+01,2.500376586727570327e+01,2.500285815608468454e+01,2.500216039253067279e+01,2.500162631513043010e+01,2.500121927504017449e+01,2.500091038136936561e+01,2.500067697028096347e+01
7.989125560331046927e+01,8.192119844919812977e+01,8.386503560897763521e+01,8.571060294063839535e+01,8.744626827670349201e+01,8.906104239099997244e+01,9.054467991930437165e+01,9.188776917637531483e+01,9.308181017353970788e+01,9.411928049823360709e+01,9.499368905309349032e+01,9.569961795205476562e+01,9.623275312137984372e+01,9.658990434451331453e+01,9.676901561462514678e+01,9.676916671510311119e+01,9.659056693766426349e+01,9.623454177578990709e+01,9.570351330717566896e+01,9.500097481528726462e+01,9.413146001177011613e+01,9.310050702465336769e+01,9.191461712874388468e+01,9.058120803040304736e+01,8.910856139347872329e+01,8.750576421839153340e+01,8.578264367075300356e+01,8.394969500405633767e+01,8.201800233330683909e+01,7.999915218910237513e+01,7.790514000670671635e+01,7.574826997060819167e+01,7.354104892754558875e+01,7.129607538364692232e+01,6.902592489675461707e+01,6.674303344582976649e+01,6.445958058920214739e+01,6.218737439804902323e+01,5.993774025933564076e+01,5.772141567552135655e+01,5.554845314247960886e+01,5.342813306223421677e+01,5.136888844723842595e+01,4.937824290568830321e+01,4.746276307370102643e+01,4.562802629359725870e+01,4.387860394330836300e+01,4.221806041634705764e+01,4.064896735117135051e+01,3.917293232875221065e+01,3.779064091184163487e+01,3.650191060084159744e+01,3.530575503871782672e+01,3.420045661760395461e+01,3.318364552608597506e+01,3.225238322911394562e+01,3.140324838970839494e+01,3.063242331824523035e+01,2.993577916415936357e+01,2.930895823784031506e+01,2.874745205766145872e+01,2.824667394830210299e+01,2.780202526156575260e+01,2.740895453996909126e+01,2.706300918749307272e+01,2.675987944319465939e+01,2.649543466536896119e+01,2.626575212160172867e+01,2.606713863986016833e+01,2.589614560572711710e+01,2.574957789037263112e+01,2.562449736349875806e+01,2.551822168695739634e+01,2.542831910053056177e+01,2.535259990459247348e+01,2.528910531855095911e+01,2.523609435278843804e+01,2.519202927899204880e+01,2.515556022283278637e+01,2.512550933720826407e+01,2.510085494662484606e+01,2.508071598626348475e+01,2.506433699490029454e+01,2.505107386073247611e+01,2.504038046444814469e+01,2.503179631532515970e+01,2.502493523413740917e+01,2.501947510126774077e+01,2.501514865950247568e+01,2.501173533814496253e+01,2.500905404782386299e+01,2.500695688308195130e+01,2.500532366185797173e+01,2.500405722664956443e+01,2.500307943081546469e+01,2.500232773452406576e+01,2.500175233772041494e+01,2.500131378166448570e+01,2.500098095565909517e+01,2.500072945117338463e+01
7.968524572527206828e+01,8.174884383551014366e+01,8.373210850847193853e+01,8.562301417097799572e+01,8.740999677972988025e+01,8.908205757062674479e+01,9.062885777958477718e+01,9.204080351749409772e+01,9.330912032864110017e+01,9.442591729558525060e+01,9.538424085755276849e+01,9.617811876905713575e+01,9.680259482841594831e+01,9.725375514318622550e+01,9.752874676628385942e+01,9.762578953194974929e+01,9.754418184840500317e+01,9.728430107185104703e+01,9.684759890602904875e+01,9.623659205761244095e+01,9.545484814724163414e+01,9.450696664723400886e+01,9.339855440821536092e+01,9.213619516538082621e+01,9.072741229593079026e+01,8.918062404444525271e+01,8.750509045068098146e+01,8.571085130813966657e+01,8.380865465069408060e+01,8.180987550273714248e+01,7.972642492550497195e+01,7.757064973429567090e+01,7.535522363111444122e+01,7.309303087560206791e+01,7.079704398379675467e+01,6.848019727940871348e+01,6.615525840729182505e+01,6.383470013753135675e+01,6.153057492820735064e+01,5.925439476660491067e+01,5.701701876804315106e+01,5.482855087882379763e+01,5.269824980982053120e+01,5.063445302891302191e+01,4.864451627638481312e+01,4.673476965301620112e+01,4.491049088335216766e+01,4.317589589500243363e+01,4.153414639739053626e+01,3.998737370782024669e+01,3.853671767509401036e+01,3.718237920484297376e+01,3.592368460695053756e+01,3.475915977145518099e+01,3.368661203918993863e+01,3.270321756786694323e+01,3.180561200090064489e+01,3.098998231972123563e+01,3.025215789305017466e+01,2.958769891917807016e+01,2.899198067906477050e+01,2.846027226780461916e+01,2.798780873833617022e+01,2.756985586333792426e+01,2.720176698903922130e+01,2.687903170941281061e+01,2.659731632360756848e+01,2.635249624785453193e+01,2.614068073144427018e+01,2.595823037237979136e+01,2.580176804114614342e+01,2.566818390126547555e+01,2.555463526464851753e+01,2.545854204086386474e+01,2.537757853566489175e+01,2.530966232922605030e+01,2.525294092255292000e+01,2.520577678547065403e+01,2.516673137534110083e+01,2.513454862580168125e+01,2.510813833256406014e+01,2.508655979140978687e+01,2.506900597423764765e+01,2.505478846412316329e+01,2.504332331113648280e+01,2.503411791797988428e+01,2.502675901880456522e+01,2.502090177596448584e+01,2.501625998780159676e+01,2.501259737545369433e+01,2.500971989759767311e+01,2.500746902834627861e+01,2.500571592450706504e+01,2.500435640337203580e+01,2.500330665043271239e+01,2.500249957724438588e+01,2.500188175248721123e+01,2.500141083354967009e+01,2.500105343122408641e+01,2.500078334596040719e+01
7.925326680397265022e+01,8.134515829389096098e+01,8.336323843545265788e+01,8.529567704178752763e+01,8.713102785487583901e+01,8.885832412713509143e+01,9.046716630459671649e+01,9.194780125591321962e+01,9.329119282070286090e+01,9.448908375773196155e+01,9.553404944177330549e+01,9.641954387333640852e+01,9.713993871651115342e+01,9.769055615927297254e+01,9.806769639441468200e+01,9.826866044901927921e+01,9.829176895190759922e+01,9.813637723198273477e+01,9.780288689991907347e+01,9.729275379832778015e+01,9.660849193061946494e+01,9.575367271647418477e+01,9.473291869205553439e+01,9.355189059433504895e+01,9.221726665691738845e+01,9.073671291171456232e+01,8.911884334434668631e+01,8.737316889385735408e+01,8.551003451654254661e+01,8.354054384151180557e+01,8.147647131929647912e+01,7.933016218752308646e+01,7.711442102927634323e+01,7.484239015809558282e+01,7.252741950554178629e+01,7.018293009033428120e+01,6.782227349131004246e+01,6.545859001184375359e+01,6.310466839668469419e+01,6.077281003374925916e+01,5.847470053862099348e+01,5.622129147892226797e+01,5.402269475495623396e+01,5.188809182238067308e+01,4.982565953648585122e+01,4.784251393340022673e+01,4.594467276093403996e+01,4.413703705160000368e+01,4.242339151349312942e+01,4.080642302106913633e+01,3.928775603543605399e+01,3.786800338792357934e+01,3.654683053352998456e+01,3.532303113086221202e+01,3.419461163709982543e+01,3.315888252129623481e+01,3.221255369444354244e+01,3.135183182450232309e+01,3.057251734075168770e+01,2.987009912405382295e+01,2.923984511628049887e+01,2.867688735083250862e+01,2.817630019441387645e+01,2.773317088598694369e+01,2.734266175107147490e+01,2.700006374852968705e+01,2.670084126458182538e+01,2.644066829867876578e+01,2.621545638351154395e+01,2.602137474415811624e+01,2.585486332813857402e+01,2.571263942946369241e+01,2.559169868739440545e+01,2.548931126738645858e+01,2.540301403114412793e+01,2.533059947891979036e+01,2.527010220449805189e+01,2.521978354605571937e+01,2.517811504850295279e+01,2.514376127889612889e+01,2.511556245956687405e+01,2.509251730674573722e+01,2.507376638815865633e+01,2.505857624329110322e+01,2.504632444618187392e+01,2.503648573367901520e+01,2.502861927258713948e+01,2.502235709721320589e+01,2.501739371432746495e+01,2.501347684511113911e+01,2.501039925270172048e+01,2.500799158879259920e+01,2.500611618265380898e+01,2.500466169014924489e+01,2.500353851808113959e+01,2.500267493978162392e+01,2.500201382064004463e+01,2.500150987662068758e+01,2.500112739428322683e+01,2.500083834694183338e+01
7.860527810733945842e+01,8.072011893807074046e+01,8.276835845798518676e+01,8.473841568802265556e+01,8.661900949828364560e+01,8.839924514949325385e+01,9.006869416845448484e+01,9.161746728263089778e+01,9.303628044853898871e+01,9.431651428612970278e+01,9.545026746063724943e+01,9.643040472076003766e+01,9.725060039720004568e+01,9.790537818230535549e+01,9.839014794826174182e+01,9.870124022126330487e+01,9.883593872053235430e+01,9.879251110663751945e+01,9.857023777988423774e+01,9.816943824624915749e+01,9.759149424696639130e+01,9.683886855070377919e+01,9.591511805591569839e+01,9.482489966508251200e+01,9.357396728863206192e+01,9.216915832658503405e+01,9.061836806750366691e+01,8.893051063862468197e+01,8.711546543375982310e+01,8.518400832655999011e+01,8.314772743074574635e+01,8.101892367612980195e+01,7.881049700653790069e+01,7.653581954777544638e+01,7.420859761455130865e+01,7.184272489939252182e+01,6.945212959075797698e+01,6.705061848178586104e+01,6.465172133973956647e+01,6.226853889873876113e+01,5.991359780990219264e+01,5.759871573447671977e+01,5.533487950343044304e+01,5.313213890302634468e+01,5.099951819620210358e+01,4.894494697377116665e+01,4.697521136953606913e+01,4.509592609259838980e+01,4.331152715171555201e+01,4.162528459266022196e+01,4.003933406025125663e+01,3.855472554915766636e+01,3.717148733527527327e+01,3.588870279197735158e+01,3.470459759822209378e+01,3.361663473960253867e+01,3.262161468632083938e+01,3.171577819767443884e+01,3.089490934198846261e+01,3.015443652281499709e+01,2.948952955391870390e+01,2.889519111354285386e+01,2.836634121903364303e+01,2.789789368292051108e+01,2.748482382885032749e+01,2.712222704964044695e+01,2.680536807118080844e+01,2.652972103793863567e+01,2.629100075335978914e+01,2.608518558844353663e+01,2.590853271295972604e+01,2.575758640659824295e+01,2.562918027361513040e+01,2.552043421722524030e+01,2.542874703288886096e+01,2.535178545710841291e+01,2.528747046504307150e+01,2.523396155086647141e+01,2.518963965388705972e+01,2.515308931525780878e+01,2.512308056841913029e+01,2.509855098452332811e+01,2.507858821469413968e+01,2.506241329621885328e+01,2.504936492123273695e+01,2.503888480519607640e+01,2.503050423907791355e+01,2.502383186384212621e+01,2.501854266844578945e+01,2.501436818271167439e+01,2.501108781354122357e+01,2.500852125627627487e+01,2.500652190181004997e+01,2.500497115347586785e+01,2.500377356500274573e+01,2.500285271115830810e+01,2.500214770540008047e+01,2.500161028330089863e+01,2.500120237615950813e+01,2.500089410559470693e+01
7.775400786039702439e+01,7.988651923256151122e+01,8.196025378304140929e+01,8.396392982866689181e+01,8.588647577285610168e+01,8.771710682710434526e+01,8.944539638922060476e+01,9.106134210107637728e+01,9.255542689636740761e+01,9.391867559436927593e+01,9.514270778300300435e+01,9.621978785071637219e+01,9.714287306250693632e+01,9.790566052616989623e+01,9.850263376083869105e+01,9.892910936660453558e+01,9.918128401204720035e+01,9.925628162116395004e+01,9.915220027168369654e+01,9.886815793530446683e+01,9.840433582094934195e+01,9.776201774906641617e+01,9.694362371162252145e+01,9.595273557964533495e+01,9.479411282508230840e+01,9.347369613863405391e+01,9.199859695662549086e+01,9.037707115818209047e+01,8.861847555284776945e+01,8.673320623594128165e+01,8.473261842638743246e+01,8.262892799670346733e+01,8.043509553094335729e+01,7.816469437521288910e+01,7.583176474773398468e+01,7.345065652315769000e+01,7.103586377311151523e+01,6.860185450981076372e+01,6.616289932485452141e+01,6.373290272968854708e+01,6.132524098251949596e+01,5.895261002997155231e+01,5.662688690794952606e+01,5.435900754814154823e+01,5.215886344234012029e+01,5.003521904807578835e+01,4.799565120033186361e+01,4.604651115104065440e+01,4.419290921637102088e+01,4.243872139599247362e+01,4.078661676071614295e+01,3.923810390410435645e+01,3.779359433480428976e+01,3.645248036012499426e+01,3.521322478378628773e+01,3.407345961335215634e+01,3.303009094290304404e+01,3.207940723749901935e+01,3.121718838827173670e+01,3.043881311843504989e+01,2.973936258731527360e+01,2.911371834696270966e+01,2.855665313914044745e+01,2.806291336513658763e+01,2.762729240363944427e+01,2.724469428113198077e+01,2.691018750506250967e+01,2.661904914468103556e+01,2.636679948230554871e+01,2.614922775544305011e+01,2.596240966617982338e+01,2.580271744891378560e+01,2.566682336270034170e+01,2.555169751333098560e+01,2.545460091679482773e+01,2.537307469463910792e+01,2.530492624792624667e+01,2.524821319503098493e+01,2.520122578432895466e+01,2.516246841046421423e+01,2.513064077644966332e+01,2.510461915690004275e+01,2.508343813316671955e+01,2.506627309136623794e+01,2.505242370099912463e+01,2.504129852621207064e+01,2.503240086443378232e+01,2.502531585834939776e+01,2.501969888684957866e+01,2.501526520829685651e+01,2.501178080458290864e+01,2.500905435625553963e+01,2.500693026664024998e+01,2.500528264550470325e+01,2.500401015956128603e+01,2.500303165716047360e+01,2.500228247714820640e+01,2.500171135637427966e+01,2.500127785616492915e+01,2.500095023471864764e+01
7.671459664223641539e+01,7.885960498115508699e+01,8.095419165889259716e+01,8.298741999742233588e+01,8.494846886064105718e+01,8.682669888156293325e+01,8.861171474581040286e+01,9.029342386562382217e+01,9.186209204271737860e+01,9.330839692958015519e+01,9.462348024171349437e+01,9.579899973556372572e+01,9.682718194052263527e+01,9.770087651521869532e+01,9.841361289066864515e+01,9.895965957348792585e+01,9.933408612437889929e+01,9.953282741847561965e+01,9.955274935676908399e+01,9.939171475659340160e+01,9.904864773043176740e+01,9.852359449258791813e+01,9.781777823761289881e+01,9.693364553487741375e+01,9.587490159810820955e+01,9.464653182934401343e+01,9.325480720953096636e+01,9.170727141190660348e+01,9.001270794143414378e+01,8.818108613912765748e+01,8.622348551336406786e+01,8.415199854536560053e+01,8.197961283338813132e+01,7.972007415801041930e+01,7.738773273700491018e+01,7.499737556148394901e+01,7.256404823704549756e+01,7.010287017044367985e+01,6.762884722528042403e+01,6.515668610711350084e+01,6.270061472382093370e+01,6.027421260269184700e+01,5.789025513994550209e+01,5.556057502580215157e+01,5.329594364872789924e+01,5.110597466004401213e+01,4.899905120155769112e+01,4.698227759244861090e+01,4.506145556554486120e+01,4.324108446420986951e+01,4.152438418364654638e+01,3.991333908529363583e+01,3.840876064662922573e+01,3.701036624282660625e+01,3.571687119807443622e+01,3.452609109479099914e+01,3.343505128563376871e+01,3.244010060920870586e+01,3.153702645534525217e+01,3.072116854667272179e+01,2.998752908511250581e+01,2.933087723889139653e+01,2.874584630168741484e+01,2.822702222497984437e+01,2.776902259318821464e+01,2.736656546600866946e+01,2.701452784276859376e+01,2.670799380114486254e+01,2.644229262108066436e+01,2.621302742034355049e+01,2.601609499920674295e+01,2.584769771846149311e+01,2.570434831929636132e+01,2.558286863876766759e+01,2.548038318490110044e+01,2.539430851585213489e+01,2.532233932332367132e+01,2.526243205699008954e+01,2.521278684925339419e+01,2.517182841315914388e+01,2.513818649513714476e+01,2.511067637222690152e+01,2.508827979378001771e+01,2.507012668282304091e+01,2.505547783419518026e+01,2.504370877652795357e+01,2.503429490385183342e+01,2.502679793037870581e+01,2.502085367871346477e+01,2.501616117698525699e+01,2.501247301352484342e+01,2.500958687796199342e+01,2.500733820409809383e+01,2.500559382171137202e+01,2.500424652067005127e+01,2.500321043050001890e+01,2.500241712108234182e+01,2.500181233472992304e+01,2.500135326589113305e+01,2.500100631162658971e+01
7.550419172941717250e+01,7.765666069277725114e+01,7.976750132709824470e+01,8.182616275022212449e+01,8.382211128538548905e+01,8.574488563633892113e+01,8.758414958016956575e+01,8.932974283416312744e+01,9.097173099196970725e+01,9.250045559959129093e+01,9.390658553814903087e+01,9.518117088658337366e+01,9.631570034661147872e+01,9.730216312296617787e+01,9.813311586846148771e+01,9.880175493589257485e+01,9.930199374288339698e+01,9.962854457219823701e+01,9.977700362343136931e+01,9.974393762987590151e+01,9.952696988562243519e+01,9.912486312117256659e+01,9.853759634785266996e+01,9.776643258537288261e+01,9.681397431138759657e+01,9.568420353914856946e+01,9.438250364455176111e+01,9.291566042481214538e+01,9.129184036778703160e+01,8.952054472649250272e+01,8.761253870400332744e+01,8.557975583073489645e+01,8.343517842622219405e+01,8.119269584587095778e+01,7.886694298430003869e+01,7.647312220679110339e+01,7.402681247816977361e+01,7.154376992804813540e+01,6.903972441268240345e+01,6.653017679361532544e+01,6.403020164616233956e+01,6.155425993868457368e+01,5.911602589585288570e+01,5.672823179181736464e+01,5.440253383415206656e+01,5.214940162288044689e+01,4.997803293006982983e+01,4.789629477517367206e+01,4.591069100022314586e+01,4.402635580637112866e+01,4.224707202565405595e+01,4.057531229179704724e+01,3.901230075943892928e+01,3.755809261512794706e+01,3.621166833327445289e+01,3.497103945806372849e+01,3.383336263525043108e+01,3.279505866843541639e+01,3.185193352179178206e+01,3.099929842127499668e+01,3.023208650313371137e+01,2.954496380494322594e+01,2.893243277308956252e+01,2.838892685487399703e+01,2.790889513764646779e+01,2.748687637784406590e+01,2.711756211789826665e+01,2.679584890947469233e+01,2.651687994071318144e+01,2.627607659880179725e+01,2.606916068542522424e+01,2.589216814154286439e+01,2.574145523153071125e+01,2.561369818836854506e+01,2.550588733576822520e+01,2.541531668515479936e+01,2.533956996087011149e+01,2.527650394161347691e+01,2.522422992555776844e+01,2.518109403601613749e+01,2.514565698870158172e+01,2.511667384461495089e+01,2.509307417783167793e+01,2.507394299764883527e+01,2.505850268173499629e+01,2.504609610249078955e+01,2.503617106359753208e+01,2.502826610802990714e+01,2.502199771254749905e+01,2.501704884644603055e+01,2.501315884348482754e+01,2.501011451458995793e+01,2.500774241424049293e+01,2.500590216441694480e+01,2.500448073567016394e+01,2.500338758434380892e+01,2.500255054741082361e+01,2.500191240100869194e+01,2.500142799492066814e+01,2.500106188239190175e+01
7.414150680312815211e+01,7.629656111951568676e+01,7.841911915322774007e+01,8.049905126630977747e+01,8.252614395974902095e+01,8.449014356406658521e+01,8.638079895484086990e+01,8.818790427887878991e+01,8.990134288923886174e+01,9.151113382515603689e+01,9.300748222140360610e+01,9.438083498020301931e+01,9.562194288197214576e+01,9.672193004925678395e+01,9.767237131747333478e+01,9.846537761912455267e+01,9.909368897323311387e+01,9.955077411227661344e+01,9.983093520236019458e+01,9.992941554890290945e+01,9.984250766106573849e+01,9.956765860428619419e+01,9.910356923007429941e+01,9.845028366015489496e+01,9.760926533709192654e+01,9.658345604792707206e+01,9.537731458567857601e+01,9.399683213218614242e+01,9.244952201298502814e+01,9.074438217109110383e+01,8.889182950533228222e+01,8.690360608806196296e+01,8.479265818059909066e+01,8.257298986416678588e+01,8.025949396080866904e+01,7.786776369579210666e+01,7.541388921697695480e+01,7.291424360937867277e+01,7.038526340312023422e+01,6.784322875615190185e+01,6.530404849367269549e+01,6.278305500652089677e+01,6.029481366126154285e+01,5.785295087285305016e+01,5.547000436032242021e+01,5.315729837529401891e+01,5.092484589421682983e+01,4.878127893100464973e+01,4.673380729079234186e+01,4.478820527924166583e+01,4.294882513394054513e+01,4.121863527943105510e+01,3.959928094476457261e+01,3.809116423615651570e+01,3.669354043544272059e+01,3.540462710004343450e+01,3.422172246906264803e+01,3.314132972524344467e+01,3.215928381198602182e+01,3.127087774361226025e+01,3.047098565845121243e+01,2.975418022985347477e+01,2.911484245137646809e+01,2.854726223115203609e+01,2.804572865018621641e+01,2.760460914525603116e+01,2.721841725666742207e+01,2.688186892448647214e+01,2.658992761668196181e+01,2.633783882428375378e+01,2.612115466001134934e+01,2.593574944793622450e+01,2.577782729460324163e+01,2.564392269019792892e+01,2.553089520653200850e+01,2.543591934235073282e+01,2.535647052170762450e+01,2.529030818399280989e+01,2.523545682057661210e+01,2.519018571850398303e+01,2.515298807127066638e+01,2.512256001479578416e+01,2.509778004692698161e+01,2.507768919408063013e+01,2.506147220111629892e+01,2.504843994177801036e+01,2.503801317790235359e+01,2.502970773646300984e+01,2.502312112432303692e+01,2.501792056088092764e+01,2.501383237794570036e+01,2.501063271330181337e+01,2.500813940856235718e+01,2.500620501204828017e+01,2.500471078256759228e+01,2.500356158913990612e+01,2.500268160402914575e+01,2.500201069111242447e+01,2.500150139792917514e+01,2.500111646712989355e+01
7.264636220789542165e+01,7.479930352760801782e+01,7.692911482137004953e+01,7.902611749968374966e+01,8.108044642986699557e+01,8.308208184135776264e+01,8.502088179217511765e+01,8.688661651532552810e+01,8.866900614906161593e+01,9.035776345436102019e+01,9.194264312256655103e+01,9.341349916616907478e+01,9.476035166207755367e+01,9.597346378140420597e+01,9.704342960126336948e+01,9.796127266725336824e+01,9.871855468107855813e+01,9.930749305232160395e+01,9.972108540691036183e+01,9.995323852015910404e+01,9.999889857317106134e+01,9.985417915073867334e+01,9.951648303681577090e+01,9.898461364579165433e+01,9.825887187371792209e+01,9.734113427547609376e+01,9.623490877548545086e+01,9.494536459600912792e+01,9.347933372472525093e+01,9.184528202001231989e+01,9.005324893906488626e+01,8.811475583528691402e+01,8.604268376797918449e+01,8.385112275747883359e+01,8.155519536081575893e+01,7.917085829677675690e+01,7.671468657911560740e+01,7.420364519234024669e+01,7.165485374300757826e+01,6.908534972592377699e+01,6.651185605300355519e+01,6.395055830558276710e+01,6.141689680002496488e+01,5.892537802054488338e+01,5.648940929789313259e+01,5.412115982858889396e+01,5.183145027088639267e+01,4.962967225641605040e+01,4.752373825617416969e+01,4.552006137023609256e+01,4.362356380300251146e+01,4.183771206629236872e+01,4.016457634215273487e+01,3.860491095089582103e+01,3.715825251643897786e+01,3.582303220323775150e+01,3.459669831393603090e+01,3.347584557616290368e+01,3.245634759822202398e+01,3.153348922093732298e+01,3.070209581849349689e+01,2.995665698530745402e+01,2.929144246904449389e+01,2.870060865270653139e+01,2.817829433348655854e+01,2.771870497700634672e+01,2.731618502926610503e+01,2.696527823448182914e+01,2.666077622714121631e+01,2.639775593604263548e+01,2.617160655440093109e+01,2.597804699329215339e+01,2.581313484779276024e+01,2.567326796983235582e+01,2.555517976396671287e+01,2.545592930779053376e+01,2.537288735383035743e+01,2.530371920090985327e+01,2.524636533643675662e+01,2.519902065270941094e+01,2.516011293550366545e+01,2.512828121651246960e+01,2.510235447654867613e+01,2.508133108688425494e+01,2.506435928402026292e+01,2.505071889018003617e+01,2.503980441886575647e+01,2.503110964232851288e+01,2.502421364572235163e+01,2.501876835062011395e+01,2.501448745776384186e+01,2.501113673451375163e+01,2.500852555544073752e+01,2.500649959382149490e+01,2.500493455638949669e+01,2.500373085255944616e+01,2.500280909154336229e+01,2.500210630547302060e+01,2.500157280310189023e+01,2.500116956625663533e+01
7.103922106468456832e+01,7.318553635435102933e+01,7.531821454300740015e+01,7.742805207272760981e+01,7.950555569058084870e+01,8.154096240341604585e+01,8.352426154171007511e+01,8.544522058437637213e+01,8.729341655355909779e+01,8.905827484898992452e+01,9.072911734173223408e+01,9.229522137838849005e+01,9.374589105629419805e+01,9.507054172162538919e+01,9.625879812626882881e+01,9.730060607304078246e+01,9.818635670591163489e+01,9.890702189115496878e+01,9.945429841971291296e+01,9.982075807600071471e+01,1.000000000000000000e+02,9.998680125275056696e+01,9.977726111200848891e+01,9.936893440162674551e+01,9.876094911520883102e+01,9.795410374383868657e+01,9.695094006233365747e+01,9.575578766223108573e+01,9.437477722699892979e+01,9.281582040137791978e+01,9.108855508022921299e+01,8.920425599448455500e+01,8.717571156012620293e+01,8.501706903566852702e+01,8.274365105946786514e+01,8.037174756766708583e+01,7.791838788833678109e+01,7.540109843524794542e+01,7.283765186123775948e+01,7.024581376064205074e+01,6.764309302647276922e+01,6.504650177409689604e+01,6.247233035139895208e+01,5.993594238625646398e+01,5.745159410308431092e+01,5.503228130406670005e+01,5.268961649398832492e+01,5.043373766855744122e+01,4.827324932294078508e+01,4.621519530618368066e+01,4.426506228113531449e+01,4.242681177656564273e+01,4.070293816078105920e+01,3.909454934033396256e+01,3.760146660289817788e+01,3.622233978306844904e+01,3.495477383064996246e+01,3.379546289439049644e+01,3.274032818695511082e+01,3.178465615255473864e+01,3.092323379783930193e+01,3.015047844888081841e+01,2.946055964139410577e+01,2.884751131747620434e+01,2.830533297122230962e+01,2.782807884081574912e+01,2.740993467187274391e+01,2.704528196459292388e+01,2.672874995725256397e+01,2.645525588536453299e+01,2.622003428679104431e+01,2.601865629812320080e+01,2.584704000878952002e+01,2.570145301044063757e+01,2.557850830533424968e+01,2.547515472478396248e+01,2.538866296382784071e+01,2.531660826786571405e+01,2.525685071770868007e+01,2.520751395748122548e+01,2.516696310072864406e+01,2.513378243880432095e+01,2.510675346624439896e+01,2.508483363366352137e+01,2.506713614220544883e+01,2.505291100648273428e+01,2.504152753628794059e+01,2.503245832161181639e+01,2.502526475062729006e+01,2.501958404586582319e+01,2.501511776910578888e+01,2.501162171958713287e+01,2.500889713201705433e+01,2.500678306933574646e+01,2.500514989926989884e+01,2.500389374225900241e+01,2.500293178041755837e+01,2.500219832191446301e+01,2.500164152173966414e+01,2.500122066763237427e+01
6.934073601727807556e+01,7.147609934014312216e+01,7.360733662542949673e+01,7.572573745499042275e+01,7.782219925064606514e+01,7.988723524998758307e+01,8.191098613336390599e+01,8.388323728339159402e+01,8.579344378717846098e+01,8.763076531300762895e+01,8.938411289430736417e+01,9.104220942658184867e+01,9.259366532617298162e+01,9.402707031873836740e+01,9.533110173282449296e+01,9.649464898951860903e+01,9.750695322895651884e+01,9.835776022993654522e+01,9.903748399562341831e+01,9.953737763428696894e+01,9.984970749766830522e+01,9.996792598781647143e+01,9.988683803940691064e+01,9.960275605643565200e+01,9.911363805032303276e+01,9.841920390280229469e+01,9.752102506390480130e+01,9.642258358528924589e+01,9.512929716461663077e+01,9.364850781091612930e+01,9.198943279910339754e+01,9.016307772271257193e+01,8.818211263170795178e+01,8.606071340892130195e+01,8.381437164630868608e+01,8.145967728540477992e+01,7.901407914434679469e+01,7.649562913257371122e+01,7.392271642794285924e+01,7.131379814307678089e+01,6.868713303176355112e+01,6.606052458575260289e+01,6.345107946049959935e+01,6.087498656721081858e+01,5.834732140716408111e+01,5.588187933770322502e+01,5.349104048630042740e+01,5.118566801028521240e+01,4.897504037576280211e+01,4.686681733839581199e+01,4.486703838598549510e+01,4.298015157802880992e+01,4.120907001449035789e+01,3.955525260206050575e+01,3.801880537136658944e+01,3.659859933627211603e+01,3.529240077339109405e+01,3.409700982735387242e+01,3.300840350142642876e+01,3.202187935626883331e+01,3.113219659174185239e+01,3.033371160607433126e+01,2.962050559135241912e+01,2.898650221278098726e+01,2.842557391158339186e+01,2.793163585001943261e+01,2.749872696677024209e+01,2.712107801982823929e+01,2.679316685314100965e+01,2.650976142680240955e+01,2.626595139570835968e+01,2.605716920809734205e+01,2.587920182535496849e+01,2.572819424181869863e+01,2.560064601342802248e+01,2.549340199325564527e+01,2.540363842710931053e+01,2.532884549057206058e+01,2.526680725696364860e+01,2.521557998026057845e+01,2.517346946389820062e+01,2.513900817073992755e+01,2.511093261565145696e+01,2.508816147352281689e+01,2.506977473485878605e+01,2.505499415004122099e+01,2.504316512317386056e+01,2.503374014755206645e+01,2.502626381724001448e+01,2.502035940255802871e+01,2.501571694074563013e+01,2.501208276571807332e+01,2.500925038159148883e+01,2.500705257237042645e+01,2.500535463372729694e+01,2.500404861105668530e+01,2.500304842993893217e+01,2.500228580987783289e+01,2.500170685888283018e+01,2.500126925446182113e+01
6.757132027615648440e+01,6.969158905596867726e+01,7.181715352173853262e+01,7.393980869298033554e+01,7.605085679661706877e+01,7.814110337078791702e+01,8.020085853886408245e+01,8.221994575712808739e+01,8.418772044018052725e+01,8.609310085105362020e+01,8.792461349561891382e+01,8.967045497638477514e+01,9.131857183910292974e+01,9.285675939393743761e+01,9.427277982597591688e+01,9.555449914950345658e+01,9.669004173525908641e+01,9.766796028390403706e+01,9.847741827027535066e+01,9.910838108208020003e+01,9.955181136417421328e+01,9.979986349426289394e+01,9.984607169256564418e+01,9.968552603545595048e+01,9.931503062233100820e+01,9.873323834776333285e+01,9.794075715901102797e+01,9.694022332332046687e+01,9.573633807083757574e+01,9.433586498835634870e+01,9.274758667911885368e+01,9.098222043027656980e+01,8.905229389363596226e+01,8.697198303590928958e+01,8.475691580108502876e+01,8.242394600166770147e+01,7.999090287440893121e+01,7.747632246387453847e+01,7.489916750661126343e+01,7.227854276257384925e+01,6.963341277216323988e+01,6.698232881064751609e+01,6.434317138096761823e+01,6.173291395419642669e+01,5.916741286520178278e+01,5.666122733632397512e+01,5.422747257509482921e+01,5.187770781609879123e+01,4.962186009476157267e+01,4.746818349278746751e+01,4.542325261796557356e+01,4.349198820665571930e+01,4.167771199063282950e+01,3.998222736926601328e+01,3.840592198405852287e+01,3.694788800897099179e+01,3.560605584349779207e+01,3.437733691690152682e+01,3.325777146697734565e+01,3.224267742687079874e+01,3.132679691768783670e+01,3.050443728021480538e+01,2.976960406290704597e+01,2.911612389294698389e+01,2.853775567170723093e+01,2.802828903674790340e+01,2.758162950370464728e+01,2.719187013040048484e+01,2.685334992283871713e+01,2.656069952225899300e+01,2.630887497109139517e+01,2.609318055313096707e+01,2.590928184167664483e+01,2.575321017278816171e+01,2.562135979475601744e+01,2.551047893592279081e+01,2.541765598829908868e+01,2.534030193133787279e+01,2.527613002597620806e+01,2.522313370041101876e+01,2.517956343220227211e+01,2.514390331157306235e+01,2.511484785272199005e+01,2.509127950720823108e+01,2.507224722876954814e+01,2.505694634422012257e+01,2.504469990153737058e+01,2.503494159442676903e+01,2.502720030255268568e+01,2.502108623781191454e+01,2.501627864875093366e+01,2.501251500650676007e+01,2.500958157536539517e+01,2.500730525799708914e+01,2.500554659845888139e+01,2.500419382401094381e+01,2.500315780861554060e+01,2.500236784572054916e+01,2.500176812473718968e+01,2.500131481379092335e+01
6.575075499531163814e+01,6.785196205229621569e+01,6.996769272647219395e+01,7.209025413732928200e+01,7.421136292567388182e+01,7.632212972405164919e+01,7.841305027648525083e+01,8.047400582220882370e+01,8.249427543079070801e+01,8.446256292109947594e+01,8.636704080194333244e+01,8.819541333206493050e+01,8.993500031273460138e+01,9.157284260632380324e+01,9.309582963558123936e+01,9.449084828502199684e+01,9.574495172875671756e+01,9.684554578474519815e+01,9.778058948438909681e+01,9.853880569129714218e+01,9.910989684671164923e+01,9.948476030205740983e+01,9.965569725753299224e+01,9.961660908928477909e+01,9.936317483786829996e+01,9.889300385903764834e+01,9.820575810535622452e+01,9.730323920354732081e+01,9.618943639684331970e+01,9.487053250268070315e+01,9.335486625396644911e+01,9.165285069990368072e+01,8.977684868837150134e+01,8.774100778222451424e+01,8.556105822310391318e+01,8.325407869789773940e+01,8.083823563971168369e+01,7.833250256950586277e+01,7.575636652803865445e+01,7.312952894250391012e+01,7.047160831140698178e+01,6.780185187908188027e+01,6.513886302273255069e+01,6.250035041448478523e+01,5.990290418126463123e+01,5.736180330523495741e+01,5.489085743006667428e+01,5.250228510853542474e+01,5.020662938968660427e+01,4.801271054175338548e+01,4.592761467876273684e+01,4.395671613742813832e+01,4.210373066295423428e+01,4.037079582685781531e+01,3.875857462827456601e+01,3.726637792633059121e+01,3.589230121177195088e+01,3.463337124158341140e+01,3.348569821586339401e+01,3.244462945266703002e+01,3.150490089186591192e+01,3.066078320964041026e+01,2.990621982690692704e+01,2.923495462434334158e+01,2.864064771186446734e+01,2.811697812193631307e+01,2.765773278743922248e+01,2.725688161260146813e+01,2.690863883994992278e+01,2.660751125077721113e+01,2.634833400802322245e+01,2.612629515833123506e+01,2.593694995647959445e+01,2.577622626456764721e+01,2.564042231596526022e+01,2.552619812691374079e+01,2.543056179420848295e+01,2.535085184322803542e+01,2.528471669418499346e+01,2.523009220291546484e+01,2.518517811219893332e+01,2.514841412611130167e+01,2.511845619797148643e+01,2.509415350583490323e+01,2.507452648109643434e+01,2.505874615761822355e+01,2.504611502214799401e+01,2.503604947222301647e+01,2.502806392528306034e+01,2.502175657191226676e+01,2.501679672622644190e+01,2.501291369641227647e+01,2.500988707715657711e+01,2.500753835195677510e+01,2.500572368585396887e+01,2.500432778679881096e+01,2.500325871555216395e+01,2.500244352874891973e+01,2.500182464664750626e+01,2.500135684541076841e+01
6.389784297386003686e+01,6.597618573871702097e+01,6.807798669468323283e+01,7.019606636194734506e+01,7.232256110478928690e+01,7.444889633269383467e+01,7.656576777392771760e+01,7.866313373319562174e+01,8.073022129045314443e+01,8.275554930635610162e+01,8.472697085972058062e+01,8.663173734885199906e+01,8.845658594419938936e+01,9.018785139495244607e+01,9.181160238543978380e+01,9.331380173471518447e+01,9.468048876766910382e+01,9.589798119716377300e+01,9.695309288687681715e+01,9.783336295860438270e+01,9.852729091041592824e+01,9.902457176548202256e+01,9.931632481304647797e+01,9.939530926338234451e+01,9.925612013936712685e+01,9.889535797998360067e+01,9.831176643584406349e+01,9.750633258240124235e+01,9.648234574013942222e+01,9.524541173952486872e+01,9.380342085951983222e+01,9.216646905257124445e+01,9.034673349185753466e+01,8.835830488169601438e+01,8.621698030332501617e+01,8.394002157294863764e+01,8.154588511983476451e+01,7.905393021019236244e+01,7.648411291800908884e+01,7.385667355842163317e+01,7.119182534552169273e+01,6.850945181939374606e+01,6.582882012234512104e+01,6.316831651741296128e+01,6.054520966742951771e+01,5.797544617082056106e+01,5.547348172585857640e+01,5.305215011532167324e+01,5.072257101525058687e+01,4.849409647925898526e+01,4.637429487394979333e+01,4.436897007596766684e+01,4.248221291471243433e+01,4.071648117671075795e+01,3.907270399008550044e+01,3.755040608459334095e+01,3.614784727104171225e+01,3.486217249367020088e+01,3.368956796485068139e+01,3.262541917344482556e+01,3.166446694352460156e+01,3.080095818435508903e+01,3.002878849052532573e+01,2.934163429853387228e+01,2.873307286028275342e+01,2.819668883454239250e+01,2.772616680727567129e+01,2.731536951689212245e+01,2.695840197072544342e+01,2.664966198748695092e+01,2.638387798366714065e+01,2.615613503936828366e+01,2.596189043297952637e+01,2.579697992870233847e+01,2.565761614207117347e+01,2.554038030329004982e+01,2.544220869407126884e+01,2.536037495859476820e+01,2.529246939094354829e+01,2.523637618720916365e+01,2.519024952703246711e+01,2.515248922245324437e+01,2.512171654647494634e+01,2.509675073364276088e+01,2.507658653318142328e+01,2.506037309395916779e+01,2.504739437105037325e+01,2.503705116658161600e+01,2.502884485289979821e+01,2.502236277346770166e+01,2.501726527548994383e+01,2.501327429707234984e+01,2.501016340953908923e+01,2.500774920112123922e+01,2.500588388032905485e+01,2.500444897471456329e+01,2.500335000229287630e+01,2.500251199760037579e+01,2.500187578133206756e+01,2.500139487095560042e+01
6.203011633174251216e+01,6.408194468452549586e+01,6.616577947164532247e+01,6.827495091312047748e+01,7.040201639702502234e+01,7.253872289252740302e+01,7.467597878759727337e+01,7.680383834246742936e+01,7.891150196907358350e+01,8.098733542001193086e+01,8.301891068719564259e+01,8.499307096636808012e+01,8.689602144269153428e+01,8.871344690674699507e+01,9.043065633972129547e+01,9.203275363948657173e+01,9.350483263090264074e+01,9.483219345490685726e+01,9.600057640670610226e+01,9.699640834047595206e+01,9.780705592286508931e+01,9.842107934400492297e+01,9.882847962118721341e+01,9.902093238813293397e+01,9.899200107380094948e+01,9.873732265022937327e+01,9.825475966853704790e+01,9.754451309345287768e+01,9.660919146534934043e+01,9.545383312961205036e+01,9.408587963180821134e+01,9.251509983169235340e+01,9.075346578286080046e+01,8.881498289887142050e+01,8.671547832252991839e+01,8.447235267785640644e+01,8.210430146506132587e+01,7.963101321702183100e+01,7.707285214072624058e+01,7.445053329977092460e+01,7.178479844712767033e+01,6.909610039598570097e+01,6.640430333694135356e+01,6.372840579893732382e+01,6.108629204463523621e+01,5.849451663056974837e+01,5.596812569518679936e+01,5.352051731254724132e+01,5.116334201470110798e+01,4.890644338770683675e+01,4.675783752683393146e+01,4.472372913151615137e+01,4.280856115882300372e+01,4.101509425635090622e+01,3.934451167401071103e+01,3.779654501355618379e+01,3.636961601155361734e+01,3.506098955569958520e+01,3.386693329004968689e+01,3.278287945142424320e+01,3.180358497344228397e+01,3.092328637093664412e+01,3.013584645005354901e+01,2.943489045295581974e+01,2.881392981723983127e+01,2.826647228796876021e+01,2.778611764675401830e+01,2.736663880320922004e+01,2.700204841863747518e+01,2.668665159290117117e+01,2.641508543940535247e+01,2.618234659945124321e+01,2.598380790801763496e+01,2.581522552263414738e+01,2.567273787143311736e+01,2.555285777288395366e+01,2.545245903598588555e+01,2.536875877392222733e+01,2.529929656432554097e+01,2.524191147288457415e+01,2.519471783087531946e+01,2.515608052730732780e+01,2.512459044778890771e+01,2.509904056899737057e+01,2.507840310289671137e+01,2.506180798076919203e+01,2.504852287509067921e+01,2.503793487793566541e+01,2.502953388799995338e+01,2.502289770404829028e+01,2.501767877983925459e+01,2.501359256330197667e+01,2.501040731973259312e+01,2.500793532376031081e+01,2.500602529651377637e+01,2.500455596155450522e+01,2.500343059457721040e+01,2.500257244656062028e+01,2.500192092706845770e+01,2.500142844296456346e+01
6.016360329214536762e+01,6.218540743792645031e+01,6.424729505819638575e+01,6.634309780152074154e+01,6.846579171529691621e+01,7.060744945890310476e+01,7.275920320910140049e+01,7.491122170789297741e+01,7.705270489701030101e+01,7.917189942338691822e+01,8.125613797599936561e+01,8.329190492331431983e+01,8.526493006712061629e+01,8.716031152615207134e+01,8.896266783352849927e+01,9.065631830560636217e+01,9.222548965345107774e+01,9.365454570465895756e+01,9.492823602946577921e+01,9.603195826957957593e+01,9.695202809900598595e+01,9.767595004831754579e+01,9.819268193689899249e+01,9.849288541353134008e+01,9.856915512643062982e+01,9.841621934057994281e+01,9.803110539179775174e+01,9.741326419995672836e+01,9.656464913243894443e+01,9.548974577644753481e+01,9.419555059874569736e+01,9.269149798980582489e+01,9.098933674727454957e+01,8.910295858994729201e+01,8.704818274767163189e+01,8.484250198793648678e+01,8.250479656580793630e+01,8.005502347841434130e+01,7.751388903690710208e+01,7.490251311805312184e+01,7.224209351711095906e+01,6.955357859863380554e+01,6.685735594940835824e+01,6.417296400562776171e+01,6.151883269134468435e+01,5.891205801091143712e+01,5.636821433276287507e+01,5.390120683597444895e+01,5.152316531474880179e+01,4.924437929705725026e+01,4.707327327530363448e+01,4.501641980613525362e+01,4.307858734306491044e+01,4.126281894086389457e+01,3.957053742770536076e+01,3.800167228435168454e+01,3.655480329596163358e+01,3.522731604098080282e+01,3.401556443676606989e+01,3.291503585213680338e+01,3.192051469872689751e+01,3.102624089975828880e+01,3.022606018006369766e+01,2.951356369894143938e+01,2.888221513354854508e+01,2.832546389342661541e+01,2.783684368799434594e+01,2.741005616360223129e+01,2.703903976394866149e+01,2.671802433995285142e+01,2.644157233874481250e+01,2.620460763564004480e+01,2.600243323994929057e+01,2.583073920962722525e+01,2.568560215721658579e+01,2.556347772763047388e+01,2.546118738507594870e+01,2.537590077015229895e+01,2.530511478701747308e+01,2.524663046221474261e+01,2.519852848830095837e+01,2.515914423296699809e+01,2.512704286307497981e+01,2.510099510713968840e+01,2.507995406244969772e+01,2.506303334652266557e+01,2.504948679834034664e+01,2.503868985349758702e+01,2.503012264909378359e+01,2.502335485846966279e+01,2.501803221194599303e+01,2.501386462649026043e+01,2.501061584349421452e+01,2.500809445828261701e+01,2.500614621627547152e+01,2.500464744762218317e+01,2.500349951343324406e+01,2.500262414138313005e+01,2.500195953550760208e+01,2.500145715366697985e+01
5.831265663931743859e+01,6.030105632640975699e+01,6.233706983754353104e+01,6.441501789463140426e+01,6.652828956051916975e+01,6.866928493555869295e+01,7.082936971725148112e+01,7.299884530933707083e+01,7.516693813694432436e+01,7.732181163365252985e+01,7.945060400482591945e+01,8.153949433712227801e+01,8.357379892263566035e+01,8.553809881240019308e+01,8.741639863135068822e+01,8.919231560688071170e+01,9.084929662466866773e+01,9.237085997302021667e+01,9.374085731906079388e+01,9.494375042685794597e+01,9.596489622837681566e+01,9.679083313921134391e+01,9.740956101269169665e+01,9.781080688057726036e+01,9.798626865844690315e+01,9.792982930987464840e+01,9.763773456387157523e+01,9.710872815038456451e+01,9.634413963194649000e+01,9.534792122748996235e+01,9.412663149867375978e+01,9.268936534400539529e+01,9.104763136068051210e+01,8.921517922535743139e+01,8.720778125079851861e+01,8.504297363698643153e+01,8.273976410101889201e+01,8.031831349675786669e+01,7.779959969063368419e+01,7.520507232405009290e+01,7.255630715819960130e+01,6.987466846925124742e+01,6.718098745847876785e+01,6.449526389154726758e+01,6.183639722168664576e+01,5.922195232774920015e+01,5.666796375980335654e+01,5.418878108379239222e+01,5.179695660448371086e+01,4.950317547146082831e+01,4.731622698066956900e+01,4.524301481209022313e+01,4.328860302296395446e+01,4.145629386774896830e+01,3.974773295399533879e+01,3.816303687236303688e+01,3.670093825573441393e+01,3.535894321623825931e+01,3.413349626336123777e+01,3.302014809976459020e+01,3.201372209918690714e+01,3.110847576621337041e+01,3.029825403349619251e+01,2.957663184168292148e+01,2.893704404607773029e+01,2.837290127978127074e+01,2.787769095684180343e+01,2.744506310557936501e+01,2.706890117032605758e+01,2.674337830178055597e+01,2.646299996803617915e+01,2.622263395941124742e+01,2.601752903261633776e+01,2.584332354798271325e+01,2.569604550367285256e+01,2.557210537046157128e+01,2.546828308800611396e+01,2.538171050697417286e+01,2.530985045929643107e+01,2.525047351902455617e+01,2.520163338597080482e+01,2.516164168976638393e+01,2.512904287850703255e+01,2.510258972803930178e+01,2.508121988845675432e+01,2.506403377584873127e+01,2.505027402124066782e+01,2.503930660569748667e+01,2.503060374081315587e+01,2.502372849685749401e+01,2.501832113588947593e+01,2.501408707309818524e+01,2.501078636525314636e+01,2.500822460910746159e+01,2.500624512356284868e+01,2.500472228608303737e+01,2.500355589502693121e+01,2.500266643417559465e+01,2.500199112279086933e+01,2.500148064324937280e+01
5.648984393071212651e+01,5.844158014817662661e+01,6.044784878153992480e+01,6.250344371249408937e+01,6.460215850858205044e+01,6.673672036852080680e+01,6.889873699418504316e+01,7.107866028665908686e+01,7.326577071187014667e+01,7.544818596211575823e+01,7.761289714416446373e+01,7.974583515106901643e+01,8.183196913038520393e+01,8.385543806200330152e+01,8.579971542899714620e+01,8.764780583778090772e+01,8.938247125973485652e+01,9.098648337136239661e+01,9.244289731386615472e+01,9.373534112724969702e+01,9.484831418922574642e+01,9.576748725242229909e+01,9.647999616568857562e+01,9.697472111944661322e+01,9.724254329340318748e+01,9.727657111809135415e+01,9.707232898740485894e+01,9.662790216218732553e+01,9.594403275699151834e+01,9.502416306361519105e+01,9.387442398626046725e+01,9.250356798671613490e+01,9.092284760130192467e+01,8.914584222977099159e+01,8.718823744618376281e+01,8.506756248311333479e+01,8.280289274031409263e+01,8.041452512321880874e+01,7.792363469244662610e+01,7.535192148243891097e+01,7.272125641800897711e+01,7.005333502771155452e+01,6.736934714065000662e+01,6.468966998795788470e+01,6.203359115043463134e+01,5.941906664562693408e+01,5.686251818178375572e+01,5.437867227557975980e+01,5.198044258804380746e+01,4.967885552884898459e+01,4.748301795840653483e+01,4.540012471897713198e+01,4.343550278146263111e+01,4.159268802628216832e+01,3.987353009848404639e+01,3.827832039392634300e+01,3.680593804164062988e+01,3.545400873667392716e+01,3.421907143086897207e+01,3.309674818440299759e+01,3.208191289325203144e+01,3.116885510990073271e+01,3.035143573883165757e+01,2.962323198755181153e+01,2.897766956289157747e+01,2.840814069845136203e+01,2.790810716309841766e+01,2.747118791677699079e+01,2.709123153693965946e+01,2.676237392886629252e+01,2.647908215191590386e+01,2.623618544059377911e+01,2.602889467633009346e+01,2.585281167753922915e+01,2.570392972815780297e+01,2.557862676600792895e+01,2.547365261031088224e+01,2.538611153107306961e+01,2.531344136034020309e+01,2.525339022446629755e+01,2.520399184485744826e+01,2.516354021852260203e+01,2.513056435459554194e+01,2.510380361314942732e+01,2.508218407145111328e+01,2.506479623267476953e+01,2.505087429451557313e+01,2.503977711085232372e+01,2.503097090869822239e+01,2.502401376473411787e+01,2.501854179992808014e+01,2.501425701602466845e+01,2.501091667277807673e+01,2.500832408836377141e+01,2.500632073607837214e+01,2.500477950691940521e+01,2.500359900870356711e+01,2.500269877693023091e+01,2.500201527965431936e+01,2.500149860736926399e+01
5.470589723677288418e+01,5.661782730726149282e+01,5.859054275363787667e+01,6.061929169395066452e+01,6.269826124910724729e+01,6.482050357019707576e+01,6.697787574021322143e+01,6.916099763166124603e+01,7.135923172927388691e+01,7.356068868214248369e+01,7.575226192345317600e+01,7.791969408795203833e+01,8.004767717515110803e+01,8.211998746705921803e+01,8.411965513874150702e+01,8.602916733252598647e+01,8.783070224373166468e+01,8.950639053468071893e+01,9.103859920554803864e+01,9.241023195782867106e+01,9.360503914035312789e+01,9.460792961664563450e+01,9.540527637758256674e+01,9.598520747774441020e+01,9.633787391996825988e+01,9.645568646069258989e+01,9.633351395598164402e+01,9.596883679854546756e+01,9.536185018062511176e+01,9.451551331545633161e+01,9.343554231022631029e+01,9.213034604724163046e+01,9.061090613357130508e+01,8.889060365673861952e+01,8.698499707013323246e+01,8.491155696577695267e+01,8.268936471987238690e+01,8.033878297351208175e+01,7.788110660364401383e+01,7.533820322714865370e+01,7.273215235626439323e+01,7.008489209251591490e+01,6.741788172729087592e+01,6.475178784016893019e+01,6.210620049047421531e+01,5.949938493007403650e+01,5.694807297783470545e+01,5.446729684230201229e+01,5.207026681275095115e+01,4.976829291071388894e+01,4.757074935061135079e+01,4.548507953877741272e+01,4.351683837672490540e+01,4.166976784997353178e+01,3.994590129215180951e+01,3.834569132044931905e+01,3.686815623951608245e+01,3.551103969577751940e+01,3.427097851573289233e+01,3.314367395806555550e+01,3.212406202476293515e+01,3.120647898336508774e+01,3.038481882279210566e+01,2.965267997149813795e+01,2.900349922333069941e+01,2.843067142050132645e+01,2.792765401491665145e+01,2.748805615296639004e+01,2.710571239286054634e+01,2.677474155982670112e+01,2.648959156872300014e+01,2.624507129507278691e+01,2.603637075628631337e+01,2.585907097940570054e+01,2.570914498643660906e+01,2.558295133084827455e+01,2.547722157752896521e+01,2.538904304205877693e+01,2.531583800216315439e+01,2.525534047273461624e+01,2.520557150323439188e+01,2.516481381908983650e+01,2.513158649236206799e+01,2.510462019589998661e+01,2.508283347281622255e+01,2.506531034183612761e+01,2.505127946041501019e+01,2.504009498224931818e+01,2.503121917403272434e+01,2.502420679761446465e+01,2.501869121729521694e+01,2.501437215675474945e+01,2.501100500477985378e+01,2.500839155219774312e+01,2.500637203285419119e+01,2.500481833778628626e+01,2.500362827269458066e+01,2.500272073330289757e+01,2.500203168022505196e+01,2.500151080369640155e+01
5.296971815324351240e+01,5.483881487848787373e+01,5.677424212919676449e+01,5.877168088260776102e+01,6.082569884860313181e+01,6.292966946549345408e+01,6.507570559538297061e+01,6.725461215633805523e+01,6.945586183782936018e+01,7.166759777819721933e+01,7.387666663015417612e+01,7.606868480254779286e+01,7.822813985246234836e+01,8.033852802907142632e+01,8.238252786631611002e+01,8.434220852073576680e+01,8.619927029618369829e+01,8.793531353699901842e+01,8.953213085746099864e+01,9.097201656136553538e+01,9.223808614349489687e+01,9.331459800290370765e+01,9.418726897822180888e+01,9.484357507068828852e+01,9.527302877370522083e+01,9.546742478836090129e+01,9.542104656939095264e+01,9.513082709871666509e+01,9.459645849422736319e+01,9.382044648813366905e+01,9.280810740009783899e+01,9.156750692567707972e+01,9.010934179551324519e+01,8.844676706821010725e+01,8.659517343406821510e+01,8.457192036607212060e+01,8.239603220404345052e+01,8.008786525248579835e+01,7.766875467862386984e+01,7.516065039357036426e+01,7.258575117901976625e+01,6.996614609043763267e+01,6.732347164423123331e+01,6.467859251118096608e+01,6.205131243145692110e+01,5.946012088522799388e+01,5.692197974950030925e+01,5.445215280099937161e+01,5.206407954095092805e+01,4.976929347210663934e+01,4.757738369803557532e+01,4.549599757964611513e+01,4.353088120625899649e+01,4.168595364165815909e+01,3.996341030359919699e+01,3.836385043343460666e+01,3.688642340751820115e+01,3.552898862301058358e+01,3.428828384037467458e+01,3.316009716096621673e+01,3.213943823490930640e+01,3.122070480408706672e+01,3.039784125916004953e+01,2.966448650033417778e+01,2.901410901324094738e+01,2.844012768058654927e+01,2.793601742737585880e+01,2.749539932652593777e+01,2.711211526054434273e+01,2.678028763561919590e+01,2.649436497267088342e+01,2.624915445478000464e+01,2.603984269401417606e+01,2.586200609753367985e+01,2.571161226933158872e+01,2.558501388773247953e+01,2.547893645828185427e+01,2.539046126564761963e+01,2.531700474524335931e+01,2.525629537362986099e+01,2.520634904379306107e+01,2.516544375366904518e+01,2.513209429931432126e+01,2.510502753237405926e+01,2.508315861841295913e+01,2.506556862069130176e+01,2.505148363464615002e+01,2.504025561244993625e+01,2.503134494468401883e+01,2.502430480697596948e+01,2.501876723259902846e+01,2.501443083642846688e+01,2.501105009002409219e+01,2.500842603060247171e+01,2.500639827690632089e+01,2.500483822114385646e+01,2.500364326701971507e+01,2.500273198828866583e+01,2.500204008924660926e+01,2.500151705728574214e+01
5.128843215187959714e+01,5.311178738629345020e+01,5.500628023641858277e+01,5.696800125727732222e+01,5.899188418772076403e+01,6.107161883934131197e+01,6.319957938286071197e+01,6.536677239563708497e+01,6.756280892669136051e+01,6.977590454813383758e+01,7.199291088655493809e+01,7.419938146540312118e+01,7.637967384901389778e+01,7.851708907937350546e+01,8.059404826554080614e+01,8.259230495896696311e+01,8.449319066909058051e+01,8.627788959154071335e+01,8.792773738867886379e+01,8.942453773294968755e+01,9.075088935015253355e+01,9.189051553090627067e+01,9.282858755628818415e+01,9.355203324100659756e+01,9.404982185668524153e+01,9.431321706863882071e+01,9.433599019826783660e+01,9.411458709266773326e+01,9.364824311284121450e+01,9.293904219963044966e+01,9.199191758953695341e+01,9.081459347048954101e+01,8.941746862478251501e+01,8.781344483522443056e+01,8.601770446453490138e+01,8.404744309496999222e+01,8.192156437992700546e+01,7.966034526637588442e+01,7.728508046245360674e+01,7.481771542744937165e+01,7.228047724430342669e+01,6.969551250383160834e+01,6.708454080422575316e+01,6.446853167958153108e+01,6.186741175758367461e+01,5.929980775681282523e+01,5.678282962113402732e+01,5.433189670730822485e+01,5.196060854705049792e+01,4.968066034821212895e+01,4.750180212866440854e+01,4.543183923120289336e+01,4.347667098075499581e+01,4.164036343990245825e+01,3.992525160955418073e+01,3.833206601378545741e+01,3.686007839812599940e+01,3.550726124804999984e+01,3.427045598178658992e+01,3.314554496648313631e+01,3.212762292332136838e+01,3.121116379745838998e+01,3.039017974408567824e+01,2.965836949460646821e+01,2.900925399088565371e+01,2.843629778741076208e+01,2.793301530109482300e+01,2.749306152024574601e+01,2.711030725582037348e+01,2.677889942135714918e+01,2.649330715860067542e+01,2.624835488288208651e+01,2.603924350785622366e+01,2.586156122771239296e+01,2.571128529283862818e+01,2.558477621981161576e+01,2.547876583696996988e+01,2.539034049146910732e+01,2.531692064125592267e+01,2.525623793402630568e+01,2.520631074240279901e+01,2.516541898685634493e+01,2.513207894084422378e+01,2.510501858074169945e+01,2.508315391985811260e+01,2.506556665361557990e+01,2.505148334339852312e+01,2.504025628044202989e+01,2.503134609854444648e+01,2.502430614496412176e+01,2.501876857178919877e+01,2.501443207426469328e+01,2.501105117675500367e+01,2.500842694985559689e+01,2.500639903227331828e+01,2.500483882714206985e+01,2.500364374318962035e+01,2.500273235549766326e+01,2.500204036751217984e+01,2.500151726461771062e+01
4.966748505487987586e+01,5.144231779334437249e+01,5.329233883276167205e+01,5.521402365055816830e+01,5.720265625648949737e+01,5.925223692259323371e+01,6.135540587846438143e+01,6.350338743207555581e+01,6.568595885467956919e+01,6.789144806410908473e+01,7.010676364700438512e+01,7.231746007828530765e+01,7.450784013554375917e+01,7.666109548617120595e+01,7.875948527420247558e+01,8.078455128868617408e+01,8.271736699974859164e+01,8.453881645185549587e+01,8.622989775909735499e+01,8.777204480878526738e+01,8.914745980000427039e+01,9.033944847168540093e+01,9.133274935223984414e+01,9.211384812282462065e+01,9.267126825083290953e+01,9.299582942866689450e+01,9.308086604127034036e+01,9.292239886664215476e+01,9.251925445581009910e+01,9.187312809969138527e+01,9.098858791687096925e+01,8.987301932771258350e+01,8.853651095044011754e+01,8.699168469596278896e+01,8.525347448351800494e+01,8.333885948623003515e+01,8.126655908916077919e+01,7.905669775675931987e+01,7.673044872783020764e+01,7.430966586324939271e+01,7.181651305731244861e+01,6.927310039407936415e+01,6.670113570455202989e+01,6.412159938973090334e+01,6.155444935901445547e+01,5.901836174095285514e+01,5.653051170692195626e+01,5.410639736301048686e+01,5.175970826618264198e+01,4.950223875969137310e+01,4.734384504698009977e+01,4.529244377341605343e+01,4.335404889363904601e+01,4.153284279269523438e+01,3.983127701586146685e+01,3.825019755046567838e+01,3.678898938984225708e+01,3.544573508397344597e+01,3.421738212607097296e+01,3.309991431700565556e+01,3.208852266420062449e+01,3.117777188040952296e+01,3.036175912213293770e+01,2.963426221939952754e+01,2.898887527218748161e+01,2.841913010053999500e+01,2.791860261547997268e+01,2.748100371001184783e+01,2.710025474167394322e+01,2.677054808211958203e+01,2.648639354068357576e+01,2.624265172688679115e+01,2.603455560336723451e+01,2.585772160026475319e+01,2.570815172096919099e+01,2.558222807502846408e+01,2.547670123534742714e+01,2.538867374233725371e+01,2.531557997603121635e+01,2.525516349654242632e+01,2.520545282106343876e+01,2.516473646845618006e+01,2.513153796590465561e+01,2.510459138059984951e+01,2.508281781645264630e+01,2.506530320385773791e+01,2.505127761113609353e+01,2.504009622025941439e+01,2.503122203694343639e+01,2.502421034579523251e+01,2.501869487411767778e+01,2.501437559213092499e+01,2.501100805150516493e+01,2.500839414685969686e+01,2.500637417490391456e+01,2.500482006185265149e+01,2.500362963040408815e+01,2.500272178180265925e+01,2.500203247533503870e+01,2.500151139617890195e+01
4.811077356119660919e+01,4.983444234532293393e+01,5.163658699631557170e+01,5.351404238483856091e+01,5.546242620502438569e+01,5.747604250200832610e+01,5.954780160176187565e+01,6.166916097008518705e+01,6.383009139356678219e+01,6.601907255751336834e+01,6.822312158774607838e+01,7.042785742637599355e+01,7.261760303669977645e+01,7.477552639887048258e+01,7.688382009465865963e+01,7.892391802341387574e+01,8.087674648640935970e+01,8.272300557274215294e+01,8.444347552997177786e+01,8.601934166087316669e+01,8.743253030673528770e+01,8.866604770605596286e+01,8.970431299706295647e+01,9.053347639593943086e+01,9.114171365160993332e+01,9.151948826158916006e+01,9.165977362742073353e+01,9.155822831473400925e+01,9.121331883086762105e+01,9.062638579933253880e+01,8.980165104193632430e+01,8.874616481520087063e+01,8.746969422180208653e+01,8.598455556223029816e+01,8.430539504002388185e+01,8.244892372341038822e+01,8.043361394183654056e+01,7.827936531219665994e+01,7.600714931271869546e+01,7.363864173155039339e+01,7.119585240483404220e+01,6.870076143179011297e+01,6.617497053123564399e+01,6.363937741577196761e+01,6.111388004701166921e+01,5.861711644552791967e+01,5.616624441548416513e+01,5.377676416119913938e+01,5.146238537597884743e+01,4.923493902440075942e+01,4.710433276496773658e+01,4.507854781108478903e+01,4.316367403707104700e+01,4.136397932599462024e+01,3.968200854190270377e+01,3.811870709585375039e+01,3.667356385986257550e+01,3.534476815466449295e+01,3.412937567889044033e+01,3.302347853659014731e+01,3.202237493126165191e+01,3.112073459979998447e+01,3.031275663060742431e+01,2.959231691872994929e+01,2.895310313132630853e+01,2.838873566576508978e+01,2.789287366028415249e+01,2.745930564733320622e+01,2.708202491033680559e+01,2.675529000750997000e+01,2.647367125714541913e+01,2.623208423649548138e+01,2.602581153297835215e+01,2.585051410636417302e+01,2.570223368013099119e+01,2.557738758692932990e+01,2.547275745544674308e+01,2.538547305261415588e+01,2.531299249462830758e+01,2.525307992081268083e+01,2.520378159332595303e+01,2.516340124968186842e+01,2.513047539949481646e+01,2.510374912629146849e+01,2.508215283307632504e+01,2.506478025907370721e+01,2.505086799626683458e+01,2.503977664881309195e+01,2.503097370627630625e+01,2.502401814249807899e+01,2.501854670504570066e+01,2.501426182445420920e+01,2.501092104667538862e+01,2.500832787491616571e+01,2.500632389703761405e+01,2.500478207057928870e+01,2.500360103804338507e+01,2.500270034920658802e+01,2.500201647394282745e+01,2.500149949749885891e+01
4.662080132056665605e+01,4.829082050763926759e+01,5.004184442831849822e+01,5.187104140485922699e+01,5.377434573617057367e+01,5.574635797411491467e+01,5.778026190925663030e+01,5.986776282992812526e+01,6.199905147413484485e+01,6.416279776553702163e+01,6.634617790642916191e+01,6.853493769433805483e+01,7.071349404545678397e+01,7.286507566759740939e+01,7.497190265658568364e+01,7.701540353014604534e+01,7.897646690651342283e+01,8.083572373082503759e+01,8.257385470372068426e+01,8.417191642742277224e+01,8.561167880722877044e+01,8.687596547896012567e+01,8.794898851687278807e+01,8.881666844415897799e+01,8.946693064075758173e+01,8.988996962955764047e+01,9.007847341769972616e+01,9.002780105648649567e+01,8.973610783029121762e+01,8.920441394881765973e+01,8.843661424507223501e+01,8.743942811271344340e+01,8.622229068535627050e+01,8.479718799936662776e+01,8.317844052435864910e+01,8.138244093003604007e+01,7.942735322939515186e+01,7.733278145146999805e+01,7.511941671815384325e+01,7.280867200847720255e+01,7.042231398289146682e+01,6.798210101593721788e+01,6.550943606727284418e+01,6.302504223897416580e+01,6.054866786147224644e+01,5.809882676903155385e+01,5.569257812072916636e+01,5.334534874917797254e+01,5.107079963113652354e+01,4.888073672331330499e+01,4.678506513989578508e+01,4.479178450576284831e+01,4.290702233319820635e+01,4.113510146364993147e+01,3.947863700400551323e+01,3.793865777430628583e+01,3.651474706769088385e+01,3.520519749297035617e+01,3.400717480856742014e+01,3.291688594156468639e+01,3.192974679174547248e+01,3.104054592017038061e+01,3.024360078679204022e+01,2.953290380431335649e+01,2.890225609017414499e+01,2.834538740211619512e+01,2.785606131547690012e+01,2.742816522620821473e+01,2.705578523056945173e+01,2.673326633239191352e+01,2.645525875738157850e+01,2.621675141012145360e+01,2.601309369519880121e+01,2.584000704356865441e+01,2.569358754508783349e+01,2.557030109563250164e+01,2.546697243064882699e+01,2.538076934498530690e+01,2.530918329991702720e+01,2.525000750045118636e+01,2.520131339665485726e+01,2.516142642834021714e+01,2.512890169845895372e+01,2.510250013143994607e+01,2.508116555187124774e+01,2.506400300882839716e+01,2.505025857335390427e+01,2.503930075189366278e+01,2.503060358704260580e+01,2.502373145837053414e+01,2.501832554961674404e+01,2.501409191310485980e+01,2.501079103660334724e+01,2.500822880071851628e+01,2.500624870491592233e+01,2.500472523612345555e+01,2.500355825436045976e+01,2.500266827386084856e+01,2.500199252474408951e+01,2.500148168860460984e+01
4.519885202354083020e+01,4.681291123613792848e+01,4.850976020785546439e+01,5.028687477411042295e+01,5.214048856271590182e+01,5.406549095166655405e+01,5.605534191649581999e+01,5.810200833915912710e+01,6.019592619779394482e+01,6.232599272098673282e+01,6.447959206567551860e+01,6.664265736694432007e+01,6.879977112187999921e+01,7.093430482850804708e+01,7.302859763354743450e+01,7.506417248635972328e+01,7.702198699498057977e+01,7.888271488274837395e+01,8.062705270328419260e+01,8.223604534082497253e+01,8.369142285395271585e+01,8.497594046114770094e+01,8.607371295715098825e+01,8.697053462164953430e+01,8.765417575716278975e+01,8.811464737969880900e+01,8.834442627905488621e+01,8.833863364744308910e+01,8.809516171442621157e+01,8.761474428023097971e+01,8.690096865571460683e+01,8.596022823536992519e+01,8.480161668467944480e+01,8.343676644796516939e+01,8.187963591198919744e+01,8.014625103263139749e+01,7.825440849281440592e+01,7.622334846482311832e+01,7.407340576609634297e+01,7.182564860402028728e+01,6.950151419519664842e+01,6.712245032439926717e+01,6.470957139691330440e+01,6.228333676543158504e+01,5.986325811892803017e+01,5.746764155298058085e+01,5.511336865074308378e+01,5.281571954526098978e+01,5.058823956087339013e+01,4.844264969510918206e+01,4.638879994903720672e+01,4.443466338316734721e+01,4.258636779959252294e+01,4.084826115229638788e+01,3.922300618062147493e+01,3.771169935109210769e+01,3.631400897706972586e+01,3.502832735358276750e+01,3.385193187931967884e+01,3.278115041746537628e+01,3.181152654657574530e+01,3.093798084477056065e+01,3.015496490732042645e+01,2.945660539199777261e+01,2.883683599290781530e+01,2.828951583910140855e+01,2.780853337958406613e+01,2.738789533556852973e+01,2.702180076206437320e+01,2.670470065612853361e+01,2.643134387397022067e+01,2.619681037260768974e+01,2.599653297580730893e+01,2.582630898287241195e+01,2.568230299860546850e+01,2.556104237084634789e+01,2.545940658657157130e+01,2.537461190710553183e+01,2.530419242592505924e+01,2.524597861677763788e+01,2.519807431263514630e+01,2.515883292375477254e+01,2.512683357122366701e+01,2.510085768521269856e+01,2.507986649813356550e+01,2.506297975440523018e+01,2.504945586214146758e+01,2.503867362856306400e+01,2.503011565046708853e+01,2.502335337328775822e+01,2.501803378640249775e+01,2.501386768733632593e+01,2.501061942218550271e+01,2.500809799261470801e+01,2.500614940986214307e+01,2.500465017203484308e+01,2.500350174139583714e+01,2.500262590225088388e+01,2.500196088647934545e+01,2.500145816190211434e+01
4.384517131435698900e+01,4.540115720612543271e+01,4.704099846930058959e+01,4.876245288270608569e+01,5.056203618655061405e+01,5.243491862394785130e+01,5.437483842952073587e+01,5.637403681727793270e+01,5.842321886106815754e+01,6.051154432070581635e+01,6.262665194005722213e+01,6.475472003269926802e+01,6.688056528753998009e+01,6.898778069119681788e+01,7.105891230478221132e+01,7.307567338679170632e+01,7.501919306455528158e+01,7.687029547285793285e+01,7.860980405167738638e+01,8.021886457816157190e+01,8.167927955196844891e+01,8.297384580467928572e+01,8.408668670327007533e+01,8.500357009574759104e+01,8.571220322439020833e+01,8.620249621674282992e+01,8.646678645174330313e+01,8.650001707006947527e+01,8.629986412325939682e+01,8.586680829313095842e+01,8.520414870951756825e+01,8.431795809091380534e+01,8.321698016511454910e+01,8.191247202939436534e+01,8.041799571754553710e+01,7.874916469380488593e+01,7.692335223800239419e+01,7.495936967824582098e+01,7.287712313447337920e+01,7.069725783820194920e+01,6.844079918388450778e+01,6.612879945172089435e+01,6.378199863922310442e+01,6.142050707913676888e+01,5.906351654363081849e+01,5.672904538530602281e+01,5.443372199560521096e+01,5.219260952388042085e+01,5.001907344862332394e+01,4.792469227646024876e+01,4.591921040998933279e+01,4.401053111147248842e+01,4.220474652716563924e+01,4.050620094951101180e+01,3.891758289550770655e+01,3.744004117456508851e+01,3.607331990505399233e+01,3.481590740530303663e+01,3.366519401544512391e+01,3.261763417995108938e+01,3.166890851210374791e+01,3.081408204428961994e+01,3.004775541442436548e+01,2.936420632233647154e+01,2.875751918548535002e+01,2.822170150855508552e+01,2.775078603704601932e+01,2.733891827543197905e+01,2.698042940403680845e+01,2.666989501759935521e+01,2.640218042824795930e+01,2.617247352528663740e+01,2.597630636564556994e+01,2.580956678625208411e+01,2.566850138892568367e+01,2.554971125695466583e+01,2.545014172829637289e+01,2.536706748168354864e+01,2.529807409704199017e+01,2.524103713833107676e+01,2.519409968233399866e+01,2.515564908732124749e+01,2.512429366620359517e+01,2.509883980409250626e+01,2.507826994341823479e+01,2.506172175330217655e+01,2.504846870526983693e+01,2.503790219540642070e+01,2.502951528385198898e+01,2.502288806575500857e+01,2.501767464271307162e+01,2.501359162931387203e+01,2.501040810446093232e+01,2.500793690045063400e+01,2.500602711296716052e+01,2.500455771102593516e+01,2.500343212625071132e+01,2.500257370465056184e+01,2.500192191033265487e+01,2.500142917854101654e+01
4.255914998489465262e+01,4.405516932612723480e+01,4.563542322833187370e+01,4.729792652523477159e+01,4.903946012587672243e+01,5.085546700090195316e+01,5.273996505670547208e+01,5.468548140340939767e+01,5.668301235937143190e+01,5.872201319303065503e+01,6.079042107749348389e+01,6.287471402731004844e+01,6.496000771179973299e+01,6.703019101512154521e+01,6.906810006857298845e+01,7.105572925160086584e+01,7.297447638758920618e+01,7.480541809650858909e+01,7.652961005985824272e+01,7.812840585566362961e+01,7.958378708257420442e+01,8.087869675814292236e+01,8.199736748635518779e+01,8.292563567383530199e+01,8.365123315269107707e+01,8.416404794849057680e+01,8.445634660945759720e+01,8.452295146975652074e+01,8.436136742542888101e+01,8.397185421457220400e+01,8.335744176262809901e+01,8.252388782080583951e+01,8.147957882773383176e+01,8.023537659671231381e+01,7.880441501003704730e+01,7.720185232858763413e+01,7.544458594696317277e+01,7.355093739887234960e+01,7.154031611230236365e+01,6.943287080956741875e+01,6.724913753697036611e+01,6.500969309866123069e+01,6.273482217768201252e+01,6.044420568339914723e+01,5.815663690693075694e+01,5.588977094018952130e+01,5.365991156981610288e+01,5.148183854675774285e+01,4.936867680742143705e+01,4.733180793245038842e+01,4.538082291885767461e+01,4.352351424879260833e+01,4.176590429436226515e+01,4.011230632506536153e+01,3.856541379623989485e+01,3.712641319863165990e+01,3.579511553787517641e+01,3.457010147827966051e+01,3.344887531170001438e+01,3.242802317856013872e+01,3.150337135003372069e+01,3.067014085176918314e+01,2.992309524356682360e+01,2.925667893989579227e+01,2.866514403857975068e+01,2.814266419742107672e+01,2.768343464217462824e+01,2.728175788888888675e+01,2.693211520771539114e+01,2.662922423608667444e+01,2.636808346245890178e+01,2.614400454660396633e+01,2.595263362049978539e+01,2.578996282928348194e+01,2.565233343034768509e+01,2.553643177756722693e+01,2.543927948468299505e+01,2.535821899517748435e+01,2.529089569359495471e+01,2.523523758281633178e+01,2.518943343026276338e+01,2.515191015950860987e+01,2.512131013753382547e+01,2.509646888605895398e+01,2.507639363133532484e+01,2.506024300274362915e+01,2.504730809808631875e+01,2.503699505331239550e+01,2.502880918674193111e+01,2.502234073232145306e+01,2.501725213232126421e+01,2.501326682619430386e+01,2.501015944789469359e+01,2.500774732755770913e+01,2.500588318380888708e+01,2.500444888887448158e+01,2.500335018896194583e+01,2.500251226602833654e+01,2.500187603314015661e+01,2.500139506336430983e+01
4.133950180848376732e+01,4.277390481801508315e+01,4.429227559368527523e+01,4.589286207578970789e+01,4.757269384372619925e+01,4.932747835753374233e+01,5.115151391847154372e+01,5.303762378362840479e+01,5.497711570369011724e+01,5.695977081205500525e+01,5.897386527295753922e+01,6.100622739928476079e+01,6.304233208874322258e+01,6.506643341979236084e+01,6.706173512437669615e+01,6.901059744855754730e+01,7.089477766667116043e+01,7.269570027646183519e+01,7.439475172150056892e+01,7.597359341355212337e+01,7.741448591015446823e+01,7.870061638616954269e+01,7.981642106062119524e+01,8.074789403132507459e+01,8.148287404882162832e+01,8.201130113542993172e+01,8.232543561986543068e+01,8.242003309522314680e+01,8.229246998850521777e+01,8.194281581258684355e+01,8.137384970658695238e+01,8.059102050100665338e+01,7.960235120819370991e+01,7.841829047352311477e+01,7.705151506625954028e+01,7.551668888364203269e+01,7.383018513630878488e+01,7.200977933581242496e+01,7.007432138451764558e+01,6.804339545550682544e+01,6.593697643873628067e+01,6.377509152562988959e+01,6.157749502548400500e+01,5.936336378204592279e+01,5.715101962488270715e+01,5.495768419198826393e+01,5.279927024629931509e+01,5.069021233031118356e+01,4.864333831039822797e+01,4.666978210379282643e+01,4.477893669998509552e+01,4.297844552192452738e+01,4.127422925083359928e+01,3.967054448352652685e+01,3.817007001625503193e+01,3.677401615932969747e+01,3.548225227929613368e+01,3.429344773049238881e+01,3.320522145967344585e+01,3.221429582572058337e+01,3.131665054763007916e+01,3.050767315247014722e+01,2.978230281468469798e+01,2.913516503349624642e+01,2.856069516234103745e+01,2.805324936184973339e+01,2.760720207753780997e+01,2.721702963023431110e+01,2.687737994014574383e+01,2.658312877674793029e+01,2.632942323229437065e+01,2.611171335563147267e+01,2.592577305693932743e+01,2.576771150692969314e+01,2.563397631161311452e+01,2.552134975289337504e+01,2.542693935358754587e+01,2.534816396092284307e+01,2.528273645295521632e+01,2.522864406511630975e+01,2.518412721601055893e+01,2.514765758862918332e+01,2.511791610038797629e+01,2.509377127694500231e+01,2.507425843378274521e+01,2.505855996832440979e+01,2.504598697536101071e+01,2.503596232054749038e+01,2.502800524083688316e+01,2.502171748663346662e+01,2.501677097746195599e+01,2.501289691011198002e+01,2.500987623439919361e+01,2.500753139567694205e+01,2.500571923380747563e+01,2.500432492426928377e+01,2.500325684732211329e+01,2.500244227466241043e+01,2.500182376888785996e+01,2.500135619858582459e+01
4.018443045247339995e+01,4.155583328094667905e+01,4.301033779366942156e+01,4.454640223546714140e+01,4.616128893531753619e+01,4.785096155522319350e+01,4.960999878793256812e+01,5.143152884469392916e+01,5.330718890743717964e+01,5.522711338225172994e+01,5.717995427858979696e+01,5.915293635455004306e+01,6.113194882418193998e+01,6.310167443749534044e+01,6.504575564522490083e+01,6.694699638315985624e+01,6.878759679595393095e+01,7.054941701339564020e+01,7.221426494155085152e+01,7.376420198602792766e+01,7.518185973222642815e+01,7.645075991114262592e+01,7.755562951612476752e+01,7.848270273452246215e+01,7.922000143697792396e+01,7.975758633329647296e+01,8.008777155243546986e+01,8.020529631793996828e+01,8.010744854014535576e+01,7.979413649301594091e+01,7.926790623795581325e+01,7.853390404382355428e+01,7.759978467188760476e+01,7.647556798517558718e+01,7.517344784346414599e+01,7.370755860192335263e+01,7.209370569365495385e+01,7.034906770331406278e+01,6.849187800045567087e+01,6.654109437866233634e+01,6.451606523359157563e+01,6.243620061573133739e+01,6.032065602929065307e+01,5.818803614503566735e+01,5.605612468840850937e+01,5.394164569797779052e+01,5.186006017057964357e+01,4.982540086785135713e+01,4.785014680337263826e+01,4.594513770696887889e+01,4.411952761515125587e+01,4.238077570045942366e+01,4.073467155675652407e+01,3.918539142352986460e+01,3.773558127299357068e+01,3.638646230418607530e+01,3.513795418561856110e+01,3.398881135287714983e+01,3.293676778468626765e+01,3.197868593057911468e+01,3.111070582257561412e+01,3.032839084737594604e+01,2.962686715919505787e+01,2.900095425173725872e+01,2.844528475777060095e+01,2.795441208553187806e+01,2.752290501498326591e+01,2.714542884932566125e+01,2.681681313726484817e+01,2.653210634196052453e+01,2.628661812934715059e+01,2.607595018062082559e+01,2.589601660279414119e+01,2.574305512115730110e+01,2.561363029375061373e+01,2.550462999723153601e+01,2.541325640320033941e+01,2.533701260180582082e+01,2.527368594287483461e+01,2.522132906109658990e+01,2.517823943752463833e+01,2.514293823063155386e+01,2.511414899127775158e+01,2.509077676122687706e+01,2.507188794733376369e+01,2.505669126545769743e+01,2.504451996093801114e+01,2.503481543684419464e+01,2.502711235733162454e+01,2.502102524098210878e+01,2.501623651731251030e+01,2.501248598776843579e+01,2.500956160939396966e+01,2.500729150381154753e+01,2.500553708496985905e+01,2.500418719516929045e+01,2.500315313907391968e+01,2.500236450878698591e+01,2.500176569873909571e+01,2.500131301637434689e+01
3.909178109715723082e+01,4.039908639901381093e+01,4.178807974210495502e+01,4.325740817564135199e+01,4.480455153112436761e+01,4.642572136594027654e+01,4.811577599332647992e+01,4.986815582539875891e+01,5.167484308974660223e+01,5.352634964822946273e+01,5.541173614518498880e+01,5.731866504465543954e+01,5.923348929356532011e+01,6.114137738908979003e+01,6.302647456048320151e+01,6.487209863216446593e+01,6.666096795562552302e+01,6.837545762694918494e+01,6.999787909127610419e+01,7.151077722290357030e+01,7.289723810564051121e+01,7.414120006444645128e+01,7.522776005197889049e+01,7.614346730005757991e+01,7.687659622403452886e+01,7.741739092441855519e+01,7.775827425991826658e+01,7.789401535255638009e+01,7.782185050053408304e+01,7.754155377964437434e+01,7.705545506212604323e+01,7.636840471918341677e+01,7.548768584207377330e+01,7.442287635727308270e+01,7.318566486560395390e+01,7.178962534909007331e+01,7.024995701481265087e+01,6.858319644281769456e+01,6.680690984595175053e+01,6.493937361548734089e+01,6.299925141147701169e+01,6.100527586667066515e+01,5.897594252441709983e+01,5.692922295108989061e+01,5.488230308744705610e+01,5.285135187256599210e+01,5.085132403444181648e+01,4.889579974079182989e+01,4.699686258958213614e+01,4.516501623638279739e+01,4.340913884573038217e+01,4.173647355130442804e+01,4.015265224307339764e+01,3.866174928916617404e+01,3.726636125866899363e+01,3.596770834360341240e+01,3.476575298143015402e+01,3.365933114439154394e+01,3.264629187416143452e+01,3.172364088056282583e+01,3.088768436941322548e+01,3.013416969294197401e+01,2.945841990221443041e+01,2.885545980068104299e+01,2.832013162895838931e+01,2.784719903316928580e+01,2.743143846542526276e+01,2.706771762138408022e+01,2.675106092572938010e+01,2.647670242477494540e+01,2.624012673229873727e+01,2.603709889920504139e+01,2.586368424128401244e+01,2.571625926587214295e+01,2.559151489291773629e+01,2.548645317526748855e+01,2.539837869404435367e+01,2.532488574518912827e+01,2.526384234991290967e+01,2.521337202190523286e+01,2.517183411401631687e+01,2.513780345237764990e+01,2.511004985128925782e+01,2.508751799153941775e+01,2.506930804110715627e+01,2.505465730256705825e+01,2.504292308734781614e+01,2.503356694400094895e+01,2.502614030596580719e+01,2.502027157366872601e+01,2.501565460552226838e+01,2.501203856160131167e+01,2.500921902141747921e+01,2.500703028216270596e+01,2.500533873490066838e+01,2.500403721233942633e+01,2.500304020197859245e+01,2.500227982164426876e+01,2.500170245987150608e+01,2.500126599055245435e+01
3.805917361738134019e+01,3.930158823048428474e+01,4.062378519418335543e+01,4.202458027230984783e+01,4.350165628871888401e+01,4.505146438355509275e+01,4.666914091087596717e+01,4.834844407142838918e+01,5.008171421018580816e+01,5.185986138404686585e+01,5.367238331731471135e+01,5.550741621461865094e+01,5.735182010368502858e+01,5.919129945230589129e+01,6.101055877089729762e+01,6.279349180683801990e+01,6.452340179771037754e+01,6.618324912027772200e+01,6.775592159572667583e+01,6.922452173509256568e+01,7.057266437597758113e+01,7.178477751294160214e+01,7.284639869364005449e+01,7.374445916740303630e+01,7.446754804954494489e+01,7.500614910970614346e+01,7.535284340110710843e+01,7.550247180348749509e+01,7.545225262852190440e+01,7.520185069555091673e+01,7.475339568210105767e+01,7.411144903609928747e+01,7.328292024912971669e+01,7.227693477530530686e+01,7.110465728231964988e+01,6.977907518776203233e+01,6.831474851874205001e+01,6.672753299838581142e+01,6.503428388073976407e+01,6.325254840883683016e+01,6.140025485333010380e+01,5.949540590671264084e+01,5.755578377697543857e+01,5.559867367046611264e+01,5.364061151060483468e+01,5.169716074705752362e+01,4.978272201309862766e+01,4.791037823322118783e+01,4.609177661430438633e+01,4.433704781523763927e+01,4.265476152115736852e+01,4.105191668313980813e+01,3.953396384942888631e+01,3.810485632982030779e+01,3.676712641280989402e+01,3.552198250014312464e+01,3.436942283300489720e+01,3.330836144947495114e+01,3.233676211991702587e+01,3.145177623735557049e+01,3.064988097233889519e+01,2.992701441328845746e+01,2.927870488034429997e+01,2.870019210023386336e+01,2.818653844018132659e+01,2.773272890102219534e+01,2.733375904694847947e+01,2.698471048826493757e+01,2.668081392405084884e+01,2.641750008683329298e+01,2.619043920753147603e+01,2.599556983509670971e+01,2.582911800296575677e+01,2.568760783720164298e+01,2.556786475410689619e+01,2.546701240435042735e+01,2.538246449310214459e+01,2.531191254843597704e+01,2.525331063038174051e+01,2.520485787716097548e+01,2.516497967943845637e+01,2.513230816324147199e+01,2.510566255210620668e+01,2.508402987271380979e+01,2.506654636863810026e+01,2.505247989590051105e+01,2.504121349314240774e+01,2.503223024906659333e+01,2.502509953051585967e+01,2.501946458585927502e+01,2.501503149962683281e+01,2.501155944471395998e+01,2.500885215696173702e+01,2.500675054242297435e+01,2.500512631904755168e+01,2.500387659079525093e+01,2.500291925230971657e+01,2.500218912535574134e+01,2.500163473343233278e+01,2.500121562763973415e+01
3.708411538932872276e+01,3.826116426528361103e+01,3.951565583193124098e+01,4.084655595399560468e+01,4.225173670896651146e+01,4.372788050134005999e+01,4.527039930086301922e+01,4.687337294967797163e+01,4.852951032231160866e+01,5.023013680768568179e+01,5.196521111048473074e+01,5.372337374369008955e+01,5.549202881544714216e+01,5.725745981954941044e+01,5.900497914465449867e+01,6.071910995430879154e+01,6.238379799483548993e+01,6.398264980208754338e+01,6.549919274435708871e+01,6.691715140121468153e+01,6.822073397899593772e+01,6.939492184164487298e+01,7.042575482354405381e+01,7.130060481414028573e+01,7.200843017889405928e+01,7.254000391341909904e+01,7.288810901290804622e+01,7.304769536139127695e+01,7.301599347890888225e+01,7.279258167365546228e+01,7.237940448696789986e+01,7.178074174196993340e+01,7.100312895825558712e+01,7.005523132030914724e+01,6.894767473271446079e+01,6.769283871052664381e+01,6.630461689430296701e+01,6.479815180990678414e+01,6.318955108640083296e+01,6.149559268464956574e+01,5.973342676910675664e+01,5.792028168098575236e+01,5.607318105819764753e+01,5.420867852088761651e+01,5.234261553360467190e+01,5.048990710451361252e+01,4.866435893089879272e+01,4.687851849261279824e+01,4.514356147491412230e+01,4.346921381091750902e+01,4.186370860934326288e+01,4.033377630775285638e+01,3.888466559098480246e+01,3.752019195800511397e+01,3.624281031949105625e+01,3.505370766759752144e+01,3.395291167615799566e+01,3.293941105563498439e+01,3.201128358894074921e+01,3.116582799425872707e+01,3.039969607883597646e+01,2.970902204135302327e+01,2.908954622736364826e+01,2.853673112040098658e+01,2.804586784004195366e+01,2.761217189900692048e+01,2.723086742839612029e+01,2.689725950057000858e+01,2.660679455325379195e+01,2.635510923960710628e+01,2.613806829364321516e+01,2.595179220760772765e+01,2.579267566917913257e+01,2.565739780500884493e+01,2.554292532804588589e+01,2.544650969521188344e+01,2.536567935586142042e+01,2.529822811689130901e+01,2.524220057408762585e+01,2.519587546771671427e+01,2.515774771932261089e+01,2.512650980134052148e+01,2.510103298584424181e+01,2.508034891706641645e+01,2.506363185700444873e+01,2.505018186642409006e+01,2.503940910616894300e+01,2.503081937653682942e+01,2.502400095573591798e+01,2.501861275181158462e+01,2.501437374534746638e+01,2.501105367187360429e+01,2.500846487229764392e+01,2.500645522577564250e+01,2.500490207120495612e+01,2.500370701993098166e+01,2.500279156235572131e+01,2.500209337405019738e+01,2.500156323193871444e+01,2.500116245748328581e+01
3.616409291461228293e+01,3.727562860125021160e+01,3.846189281434054408e+01,3.972198440951964216e+01,4.105395176114630118e+01,4.245470020544271250e+01,4.391991402838935699e+01,4.544399678082499605e+01,4.702003354655985845e+01,4.863977848552796956e+01,5.029367052006480066e+01,5.197087943166853563e+01,5.365938389829180721e+01,5.534608214548916294e+01,5.701693493254267509e+01,5.865713957708926074e+01,6.025133267404904558e+01,6.178381812596379064e+01,6.323881611362721600e+01,6.460072773998953721e+01,6.585440931709383960e+01,6.698544967204870204e+01,6.798044345510324149e+01,6.882725326488990447e+01,6.951525347830661872e+01,7.003554899106123344e+01,7.038116263500255343e+01,7.054718582499623380e+01,7.053088797624491235e+01,7.033178138854029271e+01,6.995163957528268384e+01,6.939446837474923768e+01,6.866643056793296296e+01,6.777572608892110395e+01,6.673243119896918074e+01,6.554830115636688959e+01,6.423654190874351855e+01,6.281155712798907587e+01,6.128867747480057915e+01,5.968387930429551602e+01,5.801350010087772802e+01,5.629395776468749091e+01,5.454148047841029268e+01,5.277185328562632805e+01,5.100018674127935014e+01,4.924071208787601961e+01,4.750660640806670187e+01,4.580985014737774463e+01,4.416111833187531488e+01,4.256970576414585139e+01,4.104348550313387989e+01,3.958889904996176767e+01,3.821097589766812774e+01,3.691337947592015212e+01,3.569847604328711554e+01,3.456742275383665230e+01,3.352027094939236918e+01,3.255608069576214803e+01,3.167304267772292192e+01,3.086860377681376377e+01,3.013959295861481635e+01,2.948234447117020096e+01,2.889281578204515810e+01,2.836669813718289035e+01,2.789951809057211207e+01,2.748672881210588415e+01,2.712379041678632063e+01,2.680623895934099110e+01,2.652974409509624110e+01,2.629015571431829912e+01,2.608354010974012382e+01,2.590620643477472385e+01,2.575472435434354779e+01,2.562593388453454324e+01,2.551694846608466349e+01,2.542515232559662763e+01,2.534819315369506754e+01,2.528397107749328754e+01,2.523062483219922925e+01,2.518651594953411887e+01,2.515021168444264532e+01,2.512046730125142702e+01,2.509620824014933049e+01,2.507651258800623850e+01,2.506059418672957406e+01,2.504778662946170797e+01,2.503752832116136062e+01,2.502934871611746104e+01,2.502285579085365441e+01,2.501772476643609266e+01,2.501368805883481983e+01,2.501052640893107082e+01,2.500806112409309279e+01,2.500614734997456878e+01,2.500466828332028157e+01,2.500353023312038303e+01,2.500265843752565686e+01,2.500199354669434015e+01,2.500148868645597489e+01,2.500110702372312232e+01
3.529664246343793366e+01,3.634284962412446163e+01,3.746075638320893830e+01,3.864957897600868364e+01,3.990752988998083595e+01,4.123172903296988068e+01,4.261812881556348032e+01,4.406145675648102156e+01,4.555517906851615351e+01,4.709148839104051376e+01,4.866131840068089787e+01,5.025438745780523675e+01,5.185927274269475618e+01,5.346351551816005809e+01,5.505375724770513557e+01,5.661590532882345173e+01,5.813532620321430500e+01,5.959706261688538831e+01,6.098607086266998323e+01,6.228747298542432986e+01,6.348681820441984769e+01,6.457034724315434460e+01,6.552525288372063983e+01,6.633992990387255873e+01,6.700420762465552116e+01,6.750955860031891120e+01,6.784927751577096444e+01,6.801862510573891996e+01,6.801493285022741020e+01,6.783766530040475118e+01,6.748843810803967358e+01,6.697099112492215056e+01,6.629111725775477737e+01,6.545654905899456821e+01,6.447680625634168905e+01,6.336300852760616920e+01,6.212765877349755783e+01,6.078440289557745047e+01,5.934777262581394552e+01,5.783291826296670024e+01,5.625533824440359609e+01,5.463061232475398299e+01,5.297414475919885746e+01,5.130092332168180747e+01,4.962529925637515760e+01,4.796079239917472847e+01,4.631992475318179459e+01,4.471408479802725822e+01,4.315342379723107058e+01,4.164678437828031576e+01,4.020166073091291281e+01,3.882418892954966338e+01,3.751916515947993247e+01,3.629008903045806989e+01,3.513922870636682205e+01,3.406770426957140785e+01,3.307558557140734479e+01,3.216200078831909082e+01,3.132525199426130769e+01,3.056293425822250853e+01,2.987205506268648847e+01,2.924915119456615287e+01,2.869040066421164781e+01,2.819172764055846869e+01,2.774889883266348889e+01,2.735761018301605674e+01,2.701356315174910705e+01,2.671253025155841243e+01,2.645040983196004092e+01,2.622327040250600305e+01,2.602738502445971136e+01,2.585925648837652346e+01,2.571563413233559814e+01,2.559352324527152689e+01,2.549018804635456448e+01,2.540314924001701158e+01,2.533017712294667589e+01,2.526928117032452548e+01,2.521869695986647741e+01,2.517687120962440872e+01,2.514244561429885039e+01,2.511424006967842359e+01,2.509123577970465035e+01,2.507255864878113982e+01,2.505746327578583887e+01,2.504531778759137239e+01,2.503558967990554862e+01,2.502783277251187855e+01,2.502167533465070193e+01,2.501680939409112270e+01,2.501298120987001283e+01,2.500998286297940609e+01,2.500764490059879464e+01,2.500582995685809351e+01,2.500442726563042584e+01,2.500334797756789840e+01,2.500252119364367687e+01,2.500189063006508050e+01,2.500141183388169352e+01,2.500104987433627457e+01
3.447940079629620413e+01,3.546079544873536804e+01,3.651060499946526505e+01,3.762814891865337330e+01,3.881179237212984390e+01,4.005886143716995207e+01,4.136557156071783936e+01,4.272697268680988714e+01,4.413691433456673963e+01,4.558803362992606623e+01,4.707176888074607746e+01,4.857840073923011914e+01,5.009712232715973812e+01,5.161613892379720880e+01,5.312279695520585676e+01,5.460374110432381656e+01,5.604509741525042443e+01,5.743267932815635390e+01,5.875221269031039384e+01,5.998957498159661839e+01,6.113104330583966117e+01,6.216354516530648766e+01,6.307490568303204270e+01,6.385408478772464491e+01,6.449139794275515669e+01,6.497871428917282799e+01,6.530962657858005116e+01,6.547958798142387593e+01,6.548601174722998053e+01,6.532833073479866925e+01,6.500801498485341767e+01,6.452854673235012228e+01,6.389535350463712859e+01,6.311570117777913680e+01,6.219855002052479875e+01,6.115437780065013129e+01,5.999497492387865805e+01,5.873321729014640624e+01,5.738282306259642951e+01,5.595809983725581560e+01,5.447368877114237762e+01,5.294431207816370488e+01,5.138452994901656723e+01,4.980851241464853985e+01,4.822983098060689144e+01,4.666127404470836382e+01,4.511468920920005132e+01,4.360085464875967176e+01,4.212938073487444512e+01,4.070864218101563381e+01,3.934574009390713201e+01,3.804649252181552299e+01,3.681545140345357936e+01,3.565594325704383039e+01,3.457013051832361583e+01,3.355909014259680134e+01,3.262290592736070494e+01,3.176077098137491461e+01,3.097109685173636251e+01,3.025162600757823128e+01,2.959954464998604351e+01,2.901159315376428438e+01,2.848417182849088292e+01,2.801344009500158094e+01,2.759540759138816313e+01,2.722601613392659559e+01,2.690121184949281030e+01,2.661700715595445743e+01,2.636953258741529282e+01,2.615507873638508229e+01,2.597012881184881650e+01,2.581138249002532348e+01,2.567577186455618232e+01,2.556047038782405068e+01,2.546289573921747262e+01,2.538070756449108245e+01,2.531180100851501535e+01,2.525429691748421845e+01,2.520652952182643247e+01,2.516703233307427823e+01,2.513452290185272986e+01,2.510788699428564996e+01,2.508616265428357650e+01,2.506852453238032297e+01,2.505426878038550598e+01,2.504279873680435742e+01,2.503361156183749969e+01,2.502628592337976343e+01,2.502047078691526849e+01,2.501587532232595734e+01,2.501225990889082951e+01,2.500942819545697304e+01,2.500722015509080265e+01,2.500550606158514455e+01,2.500418130810693640e+01,2.500316198514990162e+01,2.500238113498940962e+01,2.500178560228123459e+01,2.500133340464765297e+01,2.500099155249160887e+01
3.371013770929288000e+01,3.462756106932587130e+01,3.560991617627358607e+01,3.665661300230738817e+01,3.776615867119240022e+01,3.893607697234940446e+01,4.016284041475600475e+01,4.144181805901756377e+01,4.276724222718407020e+01,4.413219692582528353e+01,4.552863042618018596e+01,4.694739392895745311e+01,4.837830760946822295e+01,4.981025460600517363e+01,5.123130270121998819e+01,5.262885257837297104e+01,5.398981064175988820e+01,5.530078350664639686e+01,5.654829042382554860e+01,5.771898914294426675e+01,5.879991007118615443e+01,5.977869308086027900e+01,6.064382098739517346e+01,6.138484357849129225e+01,6.199258613871192125e+01,6.245933668631040803e+01,6.277900661656050119e+01,6.294726011541037280e+01,6.296160854759505554e+01,6.282146700544807771e+01,6.252817129314905742e+01,6.208495477575525001e+01,6.149688569976115105e+01,6.077076674771048204e+01,5.991499968012241339e+01,5.893941890322607691e+01,5.785509864505444710e+01,5.667413909602925060e+01,5.540943735156848504e+01,5.407444927020065961e+01,5.268294842672962375e+01,5.124878820050130912e+01,4.978567270641235609e+01,4.830694177102052578e+01,4.682537450424908343e+01,4.535301524974478582e+01,4.390102484812948092e+01,4.247955925278843381e+01,4.109767663285023787e+01,3.976327321623885780e+01,3.848304729754149633e+01,3.726249008708003885e+01,3.610590142998267282e+01,3.501642789253967436e+01,3.399612030710683541e+01,3.304600758988340203e+01,3.216618349616933159e+01,3.135590294844421067e+01,3.061368465292677499e+01,2.993741689605410627e+01,2.932446366714603769e+01,2.877176856964662477e+01,2.827595434258731188e+01,2.783341619853789695e+01,2.744040757767157146e+01,2.709311730474748359e+01,2.678773750402095288e+01,2.652052196594905809e+01,2.628783496122062857e+01,2.608619075678184274e+01,2.591228430222569656e+01,2.576301372241820076e+01,2.563549537468932016e+01,2.552707230902309732e+01,2.543531701134417133e+01,2.535802931797116599e+01,2.529323036885971376e+01,2.523915342386441196e+01,2.519423230532892433e+01,2.515708815701313839e+01,2.512651512839141432e+01,2.510146550885523098e+01,2.508103475184737619e+01,2.506444674730553501e+01,2.505103962421119590e+01,2.504025229511699280e+01,2.503161189229163952e+01,2.502472219111155027e+01,2.501925307066278492e+01,2.501493102398067947e+01,2.501153070047579163e+01,2.500886744021964248e+01,2.500679074312036931e+01,2.500517860477605225e+01,2.500393264410777405e+01,2.500297394492509540e+01,2.500223953359551743e+01,2.500167941727821486e+01,2.500125411112595941e+01,2.500093258792830397e+01
3.298677265308430151e+01,3.384137966718139978e+01,3.475729166693034244e+01,3.573399773420550218e+01,3.677013690276350388e+01,3.786342215274865453e+01,3.901057622115782664e+01,4.020728227417889400e+01,4.144815235567976686e+01,4.272671627678552397e+01,4.403543324231536360e+01,4.536572802381888891e+01,4.670805289444416530e+01,4.805197585181420550e+01,4.938629489074608614e+01,5.069917727214314596e+01,5.197832189593613350e+01,5.321114205578383860e+01,5.438496506437097366e+01,5.548724452386016992e+01,5.650578040839455696e+01,5.742894165368878134e+01,5.824588563748424264e+01,5.894676880300937682e+01,5.952294273771250488e+01,5.996713027580828737e+01,6.027357664177777963e+01,6.043817128078068635e+01,6.045853681094438770e+01,6.033408245448562468e+01,6.006602032637173494e+01,5.965734404294170190e+01,5.911277021793140563e+01,5.843864449802854466e+01,5.764281481368796989e+01,5.673447544551659405e+01,5.572398629864009933e+01,5.462267240961379144e+01,5.344260916229255542e+01,5.219639894818952541e+01,5.089694506907618177e+01,4.955722854897898344e+01,4.819009321116624989e+01,4.680804390200579235e+01,4.542306213234707002e+01,4.404644268745293800e+01,4.268865396051383243e+01,4.135922392582150309e+01,4.006665281894899522e+01,3.881835276428093096e+01,3.762061381350451938e+01,3.647859515671748198e+01,3.539633966031355072e+01,3.437680938713674550e+01,3.342193937337672338e+01,3.253270667668622451e+01,3.170921156928945805e+01,3.095076772208632576e+01,3.025599830074927965e+01,2.962293505932324678e+01,2.904911775548922037e+01,2.853169150780268382e+01,2.806750005183245378e+01,2.765317321255803051e+01,2.728520727904277265e+01,2.696003733029637672e+01,2.667410090638461639e+01,2.642389273650383430e+01,2.620601051855397046e+01,2.601719198772343944e+01,2.585434371199511716e+01,2.571456220959135663e+01,2.559514809826448811e+01,2.549361406153649057e+01,2.540768745615433133e+01,2.533530839260976819e+01,2.527462410151024486e+01,2.522398035801129623e+01,2.518191067950863271e+01,2.514712394316297051e+01,2.511849099400241414e+01,2.509503073520486538e+01,2.507589611300571164e+01,2.506036033218768466e+01,2.504780356636233307e+01,2.503770036173904145e+01,2.502960787476342119e+01,2.502315503339525549e+01,2.501803266900014222e+01,2.501398463064832001e+01,2.501079986560698387e+01,2.500830542836694548e+01,2.500636036493785141e+01,2.500485040860028363e+01,2.500368341702717956e+01,2.500278547791259243e+01,2.500209761025324084e+01,2.500157299056358440e+01,2.500117463699173825e+01,2.500087348904567719e+01
3.230737800101807977e+01,3.310062083622311491e+01,3.395144996109419822e+01,3.485942343166625790e+01,3.582330277069189606e+01,3.684098156013643433e+01,3.790942511357594213e+01,3.902462408015423989e+01,4.018156470758148657e+01,4.137421825742143255e+01,4.259555171967974729e+01,4.383756151828337977e+01,4.509133134232151008e+01,4.634711459294852887e+01,4.759444122066999228e+01,4.882224796490690011e+01,5.001903022364135154e+01,5.117301300478987969e+01,5.227233767356285199e+01,5.330526054255334145e+01,5.426035878357360787e+01,5.512673869955265360e+01,5.589424110427447090e+01,5.655363843511327815e+01,5.709681828052509189e+01,5.751694824393997152e+01,5.780861748527634347e+01,5.796795086922735862e+01,5.799269238701590012e+01,5.788225538005247017e+01,5.763773804880698748e+01,5.726190374291070384e+01,5.675912656105949594e+01,5.613530380279121346e+01,5.539773777061382987e+01,5.455499028482809365e+01,5.361671401348526445e+01,5.259346531059172491e+01,5.149650367792792593e+01,5.033758320807344688e+01,4.912874142455878257e+01,4.788209081329505068e+01,4.660961804865316793e+01,4.532299547533143880e+01,4.403340883649016035e+01,4.275140456671351785e+01,4.148675922510960845e+01,4.024837286046615503e+01,3.904418730782658287e+01,3.788112964355894974e+01,3.676508030060922749e+01,3.570086469004059637e+01,3.469226660754861769e+01,3.374206123781446820e+01,3.285206521356622034e+01,3.202320094321235899e+01,3.125557228926719233e+01,3.054854865359734006e+01,2.990085459526977729e+01,2.931066226012549691e+01,2.877568412377770812e+01,2.829326382601121281e+01,2.786046318863910543e+01,2.747414384521482944e+01,2.713104225504770639e+01,2.682783721266869392e+01,2.656120928604670439e+01,2.632789191337789703e+01,2.612471415228879934e+01,2.594863530214518832e+01,2.579677180727572505e+01,2.566641699564181422e+01,2.555505431480668221e+01,2.546036479733458080e+01,2.538022952439593638e+01,2.531272786352143811e+01,2.525613223874255198e+01,2.520890015356474478e+01,2.516966413408171022e+01,2.513722019555434883e+01,2.511051536506334259e+01,2.508863471902770925e+01,2.507078832054394013e+01,2.505629837014549466e+01,2.504458681664572239e+01,2.503516361360211562e+01,2.502761575252837289e+01,2.502159715675309215e+01,2.501681947988631194e+01,2.501304382002151172e+01,2.501007333465934579e+01,2.500774672131979415e+01,2.500593251423751440e+01,2.500452413768562465e+01,2.500343565060766338e+01,2.500259811463980952e+01,2.500195651760399329e+01,2.500146718653711631e+01,2.500109562775417871e+01,2.500081473586181602e+01
3.167017169891333239e+01,3.240377862371387607e+01,3.319120915533010674e+01,3.403208135325073158e+01,3.492527038861685895e+01,3.586884179229553382e+01,3.685999504306921182e+01,3.789502015348842434e+01,3.896926979444734940e+01,4.007714928059418469e+01,4.121212641551780109e+01,4.236676277091162035e+01,4.353276745498365585e+01,4.470107382443342914e+01,4.586193892815569484e+01,4.700506476048248317e+01,4.811973967178505518e+01,4.919499756180562855e+01,5.021979179485977340e+01,5.118318015497018791e+01,5.207451663087771010e+01,5.288364541104762395e+01,5.360109219874529174e+01,5.421824784349346515e+01,5.472753933822229300e+01,5.512258345494753087e+01,5.539831868248977287e+01,5.555111167700839303e+01,5.557883512253228986e+01,5.548091470055371133e+01,5.525834375622559946e+01,5.491366519091720733e+01,5.445092107151411653e+01,5.387557138971469328e+01,5.319438429430103099e+01,5.241530092299048249e+01,5.154727864897110123e+01,5.060011710673212804e+01,4.958427175467213033e+01,4.851065995740783166e+01,4.739046462511927871e+01,4.623494033420482197e+01,4.505522658327367935e+01,4.386217242742478106e+01,4.266617620324156235e+01,4.147704343224451407e+01,4.030386529951413621e+01,3.915491937581599302e+01,3.803759351464061922e+01,3.695833313746685178e+01,3.592261144604088940e+01,3.493492149081540532e+01,3.399878849700261441e+01,3.311680041643164429e+01,3.229065434223654307e+01,3.152121619727006774e+01,3.080859098453065315e+01,3.015220086332029936e+01,2.955086837947854406e+01,2.900290232038553384e+01,2.850618387214831984e+01,2.805825101304668578e+01,2.765637936913790185e+01,2.729765807045970760e+01,2.697905946600004157e+01,2.669750187037925571e+01,2.644990481461126564e+01,2.623323654892575263e+01,2.604455379105514012e+01,2.588103392427997562e+01,2.574000002349674787e+01,2.561893922400621548e+01,2.551551504753955157e+01,2.542757436543196548e+01,2.535314971298762998e+01,2.529045767581520465e+01,2.523789405252880513e+01,2.519402646315271355e+01,2.515758502324288415e+01,2.512745164432632805e+01,2.510264845558570457e+01,2.508232577315390088e+01,2.506574997479420475e+01,2.505229157145413055e+01,2.504141370499353414e+01,2.503266124459607767e+01,2.502565060381640194e+01,2.502006035633067782e+01,2.501562269134540273e+01,2.501211571910553388e+01,2.500935661264660936e+01,2.500719555332637611e+01,2.500551043412410479e+01,2.500420226553577763e+01,2.500319122343577760e+01,2.500241327585463580e+01,2.500181732561406633e+01,2.500136280759801721e+01,2.500101768262219082e+01,2.500075677396465679e+01
3.107350203441823311e+01,3.174945226271497134e+01,3.247546321395414282e+01,3.325120504883986428e+01,3.407565828129064300e+01,3.494705168492589564e+01,3.586280980386153061e+01,3.681951253321925321e+01,3.781286912606110917e+01,3.883770877980673220e+01,3.988798965497277038e+01,4.095682778478229125e+01,4.203654685269270885e+01,4.311874925748538345e+01,4.419440826784462217e+01,4.525398040981158942e+01,4.628753655388720034e+01,4.728490949905589247e+01,4.823585521517521357e+01,4.913022432981991017e+01,4.995813995652791561e+01,5.071017758191487701e+01,5.137754247919367856e+01,5.195224001051283125e+01,5.242723422990506776e+01,5.279659040596997954e+01,5.305559744556926205e+01,5.320086670697675402e+01,5.323040432694071455e+01,5.314365492904356358e+01,5.294151540383330001e+01,5.262631832401488907e+01,5.220178544782838514e+01,5.167295263708609809e+01,5.104606834044978569e+01,5.032846853687844657e+01,4.952843167189458029e+01,4.865501762831213739e+01,4.771789513701168062e+01,4.672716224224322445e+01,4.569316448646632267e+01,4.462631537518475255e+01,4.353692343213871396e+01,4.243502977471690230e+01,4.133025964834956767e+01,4.023169078034801771e+01,3.914774077391584228e+01,3.808607508872340475e+01,3.705353647217764035e+01,3.605609604065663376e+01,3.509882558545254483e+01,3.418589011367106423e+01,3.332055914569780697e+01,3.250523488960391205e+01,3.174149510613056080e+01,3.103014826838292706e+01,3.037129850668355502e+01,2.976441780610907983e+01,2.920842298388163272e+01,2.870175510538508235e+01,2.824245918877663186e+01,2.782826228560622894e+01,2.745664829486250369e+01,2.712492815706433191e+01,2.683030437089141174e+01,2.656992906615687744e+01,2.634095514403889027e+01,2.614058025058543677e+01,2.596608357667217959e+01,2.581485567281017168e+01,2.568442162825718000e+01,2.557245809020963279e+01,2.547680469129292291e+01,2.539547051414932355e+01,2.532663625357519521e+01,2.526865274295386143e+01,2.522003649662543268e+01,2.517946288744572314e+01,2.514575753318758444e+01,2.511788641049920656e+01,2.509494515439502038e+01,2.507614793783680440e+01,2.506081626251476990e+01,2.504836793061550893e+01,2.503830640983040468e+01,2.503021075131412232e+01,2.502372617352479622e+01,2.501855538427097869e+01,2.501445067894759333e+01,2.501120682470516954e+01,2.500865471781042260e+01,2.500665578423159019e+01,2.500509708094083550e+01,2.500388704694396580e+01,2.500295184799188064e+01,2.500223225668182536e+01,2.500168100964317475e+01,2.500126058519741079e+01,2.500094134782273869e+01,2.500070000954335114e+01
3.051582714065310498e+01,3.113632231969964081e+01,3.180315444976644201e+01,3.251603886132924970e+01,3.327405359788079409e+01,3.407558193450000061e+01,3.491826377582106034e+01,3.579895821025800728e+01,3.671371939645037941e+01,3.765778776937872152e+01,3.862559827600415474e+01,3.961080698593745097e+01,4.060633697789653951e+01,4.160444388801333560e+01,4.259680093580244886e+01,4.357460263579395132e+01,4.452868577845306675e+01,4.544966564629142169e+01,4.632808484451830111e+01,4.715457159488882155e+01,4.792000389032182284e+01,4.861567555797994089e+01,4.923346004817101118e+01,4.976596766968504681e+01,5.020669203794903979e+01,5.055014169383976252e+01,5.079195318522042868e+01,5.092898237121936944e+01,5.095937129601325921e+01,5.088258866419700155e+01,5.069944270902104932e+01,5.041206604980823158e+01,5.002387295554908064e+01,4.953949023713717281e+01,4.896466375073141819e+01,4.830614318120447592e+01,4.757154836276165355e+01,4.676922086325161843e+01,4.590806489436631921e+01,4.499738180265146070e+01,4.404670244295162718e+01,4.306562163963140222e+01,4.206363871044712965e+01,4.105000767723709743e+01,4.003360033492397463e+01,3.902278481724883363e+01,3.802532170792581212e+01,3.704827912427094816e+01,3.609796757139908152e+01,3.517989475214702111e+01,3.429873994211020971e+01,3.345834701873275918e+01,3.266173478285548271e+01,3.191112284114472430e+01,3.120797103494759739e+01,3.055303020785452617e+01,2.994640199931519220e+01,2.938760533037260103e+01,2.887564730241490452e+01,2.840909635100781827e+01,2.798615567297922624e+01,2.760473516367065727e+01,2.726252035004245755e+01,2.695703707179772834e+01,2.668571093533514116e+01,2.644592083379441760e+01,2.623504608184284947e+01,2.605050694895795260e+01,2.588979858433661363e+01,2.575051850650239516e+01,2.563038797914880362e+01,2.552726771121811211e+01,2.543916840445501037e+01,2.536425672755482452e+01,2.530085732524702991e+01,2.524745147650524046e+01,2.520267300220246298e+01,2.516530199272628110e+01,2.513425688408764813e+01,2.510858536046452016e+01,2.508745450517960407e+01,2.507014056369634147e+01,2.505601862377017497e+01,2.504455246139911040e+01,2.503528474821304073e+01,2.502782776753095106e+01,2.502185474321526115e+01,2.501709184803689823e+01,2.501331092661932942e+01,2.501032294200784634e+01,2.500797213418752207e+01,2.500613086299793864e+01,2.500469509633215281e+01,2.500358049668725258e+01,2.500271905447004528e+01,2.500205621438692916e+01,2.500154844122992870e+01,2.500116117292829543e+01,2.500086711144070151e+01,2.500064480555102620e+01
2.999569162265384392e+01,3.056312472226404964e+01,3.117324476072070993e+01,3.182580618122311478e+01,3.251997719737937587e+01,3.325428683419181652e+01,3.402658014051620938e+01,3.483398366632817300e+01,3.567288320495688936e+01,3.653891562677132754e+01,3.742697637531140487e+01,3.833124386170418063e+01,3.924522158424920804e+01,4.016179832690831120e+01,4.107332626633599659e+01,4.197171625856319110e+01,4.284854900279243850e+01,4.369520021230443518e+01,4.450297738372094614e+01,4.526326526849242526e+01,4.596767673627469009e+01,4.660820539865642331e+01,4.717737615031592924e+01,4.766838969601731435e+01,4.807525717406974763e+01,4.839292116288185497e+01,4.861735966434486755e+01,4.874567008766305776e+01,4.877613079619520420e+01,4.870823840930339088e+01,4.854271974845444504e+01,4.828151805611567227e+01,4.792775386964302697e+01,4.748566167200389998e+01,4.696050413909303245e+01,4.635846643376243748e+01,4.568653353674570639e+01,4.495235403573946087e+01,4.416409410217696063e+01,4.333028556225845307e+01,4.245967201177060701e+01,4.156105683593176536e+01,4.064315678400944165e+01,3.971446442658599807e+01,3.878312240786294041e+01,3.785681191609373286e+01,3.694265725392027377e+01,3.604714781976880289e+01,3.517607823411067614e+01,3.433450678173564086e+01,3.352673181262921531e+01,3.275628526625904868e+01,3.202594207044833752e+01,3.133774382631715838e+01,3.069303493101766023e+01,3.009250911248344096e+01,2.953626425397667532e+01,2.902386336656389432e+01,2.855439961786277436e+01,2.812656343649784674e+01,2.773870987323701343e+01,2.738892460045478572e+01,2.707508715981402503e+01,2.679493031256723867e+01,2.654609459705948638e+01,2.632617744436252849e+01,2.613277643733471223e+01,2.596352651416690094e+01,2.581613110963592561e+01,2.568838739244346669e+01,2.557820589329595151e+01,2.548362492529321699e+01,2.540282027645578111e+01,2.533411070554235422e+01,2.527595979916557667e+01,2.522697475362359043e+01,2.518590263217317471e+01,2.515162462115612385e+01,2.512314876989918488e+01,2.509960165291061784e+01,2.508021934158671584e+01,2.506433801905882675e+01,2.505138451819556167e+01,2.504086701094917444e+01,2.503236602860692983e+01,2.502552594809362674e+01,2.502004703992699675e+01,2.501567813909727533e+01,2.501220997110499056e+01,2.500946914151242595e+01,2.500731277834705679e+01,2.500562380212534208e+01,2.500430678765414072e+01,2.500328437458746222e+01,2.500249417943322428e+01,2.500188615979709894e+01,2.500142038163119906e+01,2.500106514168073346e+01,2.500079539980099597e+01,2.500059147901446011e+01
2.951170239307068854e+01,3.002862479693935072e+01,3.058468778837129065e+01,3.117967964755765209e+01,3.181285181842877208e+01,3.248287034498073211e+01,3.318777479337292391e+01,3.392494657586018292e+01,3.469108850700676783e+01,3.548221726337470727e+01,3.629367018380339260e+01,3.712012754048760854e+01,3.795565103668991469e+01,3.879373885389362187e+01,3.962739709163385982e+01,4.044922693225810661e+01,4.125152633810939307e+01,4.202640456960396875e+01,4.276590731996160599e+01,4.346214981667950639e+01,4.410745486113429337e+01,4.469449248407394748e+01,4.521641770159554596e+01,4.566700277526238949e+01,4.604076041876851377e+01,4.633305455464159195e+01,4.654019550542791706e+01,4.665951689699738125e+01,4.668943204450824425e+01,4.662946816717827403e+01,4.648027741560137827e+01,4.624362437136042558e+01,4.592235036780695623e+01,4.552031565716951178e+01,4.504232108728005812e+01,4.449401152756172451e+01,4.388176377771682724e+01,4.321256208671044874e+01,4.249386469153643020e+01,4.173346494715619315e+01,4.093935065836014076e+01,4.011956514365872550e+01,3.928207336805789396e+01,3.843463618741531462e+01,3.758469536733828420e+01,3.673927159237267404e+01,3.590487718646365778e+01,3.508744474410988090e+01,3.429227234390799595e+01,3.352398550187893278e+01,3.278651553882142622e+01,3.208309359918484205e+01,3.141625918083287416e+01,3.078788172451150729e+01,3.019919357433740714e+01,2.965083245829305980e+01,2.914289154947888250e+01,2.867497515081305437e+01,2.824625809166532164e+01,2.785554702635567637e+01,2.750134197199697894e+01,2.718189660648807404e+01,2.689527605599884197e+01,2.663941112469640160e+01,2.641214814806382094e+01,2.621129387627085450e+01,2.603465500822389345e+01,2.588007219410164694e+01,2.574544849979865546e+01,2.562877247764283695e+01,2.552813611231199431e+01,2.544174800860122332e+01,2.536794225924215240e+01,2.530518347790608047e+01,2.525206850709819051e+01,2.520732531562584100e+01,2.516980958875747021e+01,2.513849948925836486e+01,2.511248903234295327e+01,2.509098047520981467e+01,2.507327607496025124e+01,2.505876951975580624e+01,2.504693728909179029e+01,2.503733015171841458e+01,2.502956496531517061e+01,2.502331690144592713e+01,2.501831218319225769e+01,2.501432139149531864e+01,2.501115336970453029e+01,2.500864973401183988e+01,2.500667998007226345e+01,2.500513716279600374e+01,2.500393411659914378e+01,2.500300017683685994e+01,2.500227835922626340e+01,2.500172295232005126e+01,2.500129747807128666e+01,2.500097297682917485e+01,2.500072657536821907e+01,2.500054029947220258e+01
2.906250545243818806e+01,2.953159306401335726e+01,3.003640374693592463e+01,3.057675503575423903e+01,3.115197505535997635e+01,3.176085819407471078e+01,3.240162760342066406e+01,3.307190627064785815e+01,3.376869833180144553e+01,3.448838214775794597e+01,3.522671645217301517e+01,3.597886060049214763e+01,3.673940960798022104e+01,3.750244427015522319e+01,3.826159622210872158e+01,3.901012732773599367e+01,3.974102231195264778e+01,4.044709307630535022e+01,4.112109268972223930e+01,4.175583664036818732e+01,4.234432858980258629e+01,4.287988760336920535e+01,4.335627365497122554e+01,4.376780813080236499e+01,4.410948609200748649e+01,4.437707720302958592e+01,4.456721248830364601e+01,4.467745443804687966e+01,4.470634843273452930e+01,4.465345397997664634e+01,4.451935483804064120e+01,4.430564771576094785e+01,4.401490986598047073e+01,4.365064650538840851e+01,4.321721957457574348e+01,4.271975987685237897e+01,4.216406508392415020e+01,4.155648645538440178e+01,4.090380737562944802e+01,4.021311695924509166e+01,3.949168201179779913e+01,3.874682055962075822e+01,3.798577998633986397e+01,3.721562254618868337e+01,3.644312067857171655e+01,3.567466414132205443e+01,3.491618052979539755e+01,3.417307027424671872e+01,3.345015672762033887e+01,3.275165148777303870e+01,3.208113465839001321e+01,3.144154935530885453e+01,3.083520942077629456e+01,3.026381902545759672e+01,2.972850262179904135e+01,2.922984356453302723e+01,2.876792963373440770e+01,2.834240367932195781e+01,2.795251764750059209e+01,2.759718834188873871e+01,2.727505340628750474e+01,2.698452618282749427e+01,2.672384828895595632e+01,2.649113895999701640e+01,2.628444041202234516e+01,2.610175868460382276e+01,2.594109961790473307e+01,2.580049979799926163e+01,2.567805246412630282e+01,2.557192850895420122e+01,2.548039281629761277e+01,2.540181626967919826e+01,2.533468383026089299e+01,2.527759912540159704e+01,2.522928601148702299e+01,2.518858757923155522e+01,2.515446305915227043e+01,2.512598306225339329e+01,2.510232355899970713e+01,2.508275896111917902e+01,2.506665462814732948e+01,2.505345907610292855e+01,2.504269612112963372e+01,2.503395714786654480e+01,2.502689365189381832e+01,2.502121016868173697e+01,2.501665766859998996e+01,2.501302746900445584e+01,2.501014569027779544e+01,2.500786826284620545e+01,2.500607647638127062e+01,2.500467305027850884e+01,2.500357869567774571e+01,2.500272913331632907e+01,2.500207252793998336e+01,2.500156729840486136e+01,2.500118026258301995e+01,2.500088507736350962e+01,2.500066093609779472e+01,2.500049148849207370e+01
2.864676497420462198e+01,2.907078413144178342e+01,2.952725823577971198e+01,3.001603010431306728e+01,3.053649835951021174e+01,3.108757715473669947e+01,3.166766209755627415e+01,3.227460395499478096e+01,3.290569165370816762e+01,3.355764595593371524e+01,3.422662499827031013e+01,3.490824262639353748e+01,3.559760014922067484e+01,3.628933177808510635e+01,3.697766362017928543e+01,3.765648567337440511e+01,3.831943583609695736e+01,3.895999451733922569e+01,3.957158802508746476e+01,4.014769854357165002e+01,4.068197819720772657e+01,4.116836445686189450e+01,4.160119398478504138e+01,4.197531194795046616e+01,4.228617386171721648e+01,4.252993715890706028e+01,4.270353991146540551e+01,4.280476445658472073e+01,4.283228408613274496e+01,4.278569143342564018e+01,4.266550771769917105e+01,4.247317256462599744e+01,4.221101469000333850e+01,4.188220429190751304e+01,4.149068852326479373e+01,4.104111189245959679e+01,4.053872384713257304e+01,3.998927612163965506e+01,3.939891266132177350e+01,3.877405507042099941e+01,3.812128656305266361e+01,3.744723733021738354e+01,3.675847407650155674e+01,3.606139623753276169e+01,3.536214107607082724e+01,3.466649948575495443e+01,3.397984392342983284e+01,3.330706946075952857e+01,3.265254851052734608e+01,3.202009935876147040e+01,3.141296823525560811e+01,3.083382429473462238e+01,3.028476656894451224e+01,2.976734169369051841e+01,2.928257101884165081e+01,2.883098557530636441e+01,2.841266730007681218e+01,2.802729490541058155e+01,2.767419281585789292e+01,2.735238168038273088e+01,2.706062908839800940e+01,2.679749926962527340e+01,2.656140072958006115e+01,2.635063095665451627e+01,2.616341752523608477e+01,2.599795510490182693e+01,2.585243806231938279e+01,2.572508850508065592e+01,2.561417976151831155e+01,2.551805541504428021e+01,2.543514411428882127e+01,2.536397046093887653e+01,2.530316233621265809e+01,2.525145506564926023e+01,2.520769284220043005e+01,2.517082783175944272e+01,2.513991737576792573e+01,2.511411968502634906e+01,2.509268838989174810e+01,2.507496627714196435e+01,2.506037850517370558e+01,2.504842554887096995e+01,2.503867608511837517e+01,2.503075999091461767e+01,2.502436158942552069e+01,2.501921324586963280e+01,2.501508938534751891e+01,2.501180097886840059e+01,2.500919052195468595e+01,2.500712751221549723e+01,2.500550441795132883e+01,2.500423311887147193e+01,2.500324179200676866e+01,2.500247221048546820e+01,2.500187741960677457e+01,2.500141975320284971e+01,2.500106915325879342e+01,2.500080175682737860e+01,2.500059871613674289e+01,2.500044522019228665e+01
2.826314567792256582e+01,2.864491962677911374e+01,2.905604591756416255e+01,2.949638921328953245e+01,2.996541279658895718e+01,3.046214214314190372e+01,3.098513409691666354e+01,3.153245307826904664e+01,3.210165569140635711e+01,3.268978497828513241e+01,3.329337539080405151e+01,3.390846932369269950e+01,3.453064577081075015e+01,3.515506134424826001e+01,3.577650353770415137e+01,3.638945573440260262e+01,3.698817306844195230e+01,3.756676786149736813e+01,3.811930298954429475e+01,3.863989120217744500e+01,3.912279813499522163e+01,3.956254653689004641e+01,3.995401909036392141e+01,4.029255714292357027e+01,4.057405269674654846e+01,4.079503112409073395e+01,4.095272228549357152e+01,4.104511802097795226e+01,4.107101435189804306e+01,4.103003716004824497e+01,4.092265058578156811e+01,4.075014789058636211e+01,4.051462504299946232e+01,4.021893779057641893e+01,3.986664345603165316e+01,3.946192912502555572e+01,3.900952826094125214e+01,3.851462807564658419e+01,3.798277019528219256e+01,3.741974728080965207e+01,3.683149829249389029e+01,3.622400502757965768e+01,3.560319241665759193e+01,3.497483484531652209e+01,3.434447048505813882e+01,3.371732528458201017e+01,3.309824790426407048e+01,3.249165648840421028e+01,3.190149777696485600e+01,3.133121867563919238e+01,3.078375004337847543e+01,3.026150213131545996e+01,2.976637082545302704e+01,2.929975361419520397e+01,2.886257402487364843e+01,2.845531315243797366e+01,2.807804683763693987e+01,2.773048703840533591e+01,2.741202597208840430e+01,2.712178168147585211e+01,2.685864378728026480e+01,2.662131832599850867e+01,2.640837072717319245e+01,2.621826615023546481e+01,2.604940657115755798e+01,2.590016417660883263e+01,2.576891078265003188e+01,2.565404314171642142e+01,2.555400413232467116e+01,2.546729993827727512e+01,2.539251341685429963e+01,2.532831392824169470e+01,2.527346395173238136e+01,2.522682284921015139e+01,2.518734815476803490e+01,2.515409477307184005e+01,2.512621246052926693e+01,2.510294194482911223e+01,2.508361001231436660e+01,2.506762386117130603e+01,2.505446498358818630e+01,2.504368280365606125e+01,2.503488826137387946e+01,2.502774749791936060e+01,2.502197576431421311e+01,2.501733164543746213e+01,2.501361166447158979e+01,2.501064530953689413e+01,2.500829050453453206e+01,2.500642952998732937e+01,2.500496538673809965e+01,2.500381858545706493e+01,2.500292433769119427e+01,2.500223011930149042e+01,2.500169357421530592e+01,2.500128072511665422e+01,2.500096445767663411e+01,2.500072324588755635e+01,2.500054008774242575e+01,2.500040162266826371e+01
2.791029911437367161e+01,2.825267572422067630e+01,2.862147953964328551e+01,2.901659409945813195e+01,2.943754183896657040e+01,2.988345129174196302e+01,3.035302933224154742e+01,3.084453974632055662e+01,3.135578935855628657e+01,3.188412283774858480e+01,3.242642714429290152e+01,3.297914637668866078e+01,3.353830752287630901e+01,3.409955733131884159e+01,3.465821019489503385e+01,3.520930659790018069e+01,3.574768132458419956e+01,3.626804027976556455e+01,3.676504444191983367e+01,3.723339917063210436e+01,3.766794683674763178e+01,3.806376054707215673e+01,3.841623660633712944e+01,3.872118330521174556e+01,3.897490364939436347e+01,3.917426975299065361e+01,3.931678680781742941e+01,3.940064480383669832e+01,3.942475650621300787e+01,3.938878058011461292e+01,3.929312918145580369e+01,3.913895978453800950e+01,3.892815147903613848e+01,3.866326642164700189e+01,3.834749755500514823e+01,3.798460409239346802e+01,3.757883659741759175e+01,3.713485375175862657e+01,3.665763309292072591e+01,3.615237811238925048e+01,3.562442413110429840e+01,3.507914531533979385e+01,3.452186506690752310e+01,3.395777182491163160e+01,3.339184206231748675e+01,3.282877196147964582e+01,3.227291892182270772e+01,3.172825370397540112e+01,3.119832366162096093e+01,3.068622716824493324e+01,3.019459902270052609e+01,2.972560632526377589e+01,2.928095406280116464e+01,2.886189943379836720e+01,2.846927378497744954e+01,2.810351092247458737e+01,2.776468050134592858e+01,2.745252518489781579e+01,2.716650029577647274e+01,2.690581474841552634e+01,2.666947215094685220e+01,2.645631108712992940e+01,2.626504372817859689e+01,2.609429207365302972e+01,2.594262127336698498e+01,2.580856963272676552e+01,2.569067504708869620e+01,2.558749774255137055e+01,2.549763931802693762e+01,2.541975818438193713e+01,2.535258157975538751e+01,2.529491440554880910e+01,2.524564517547458564e+01,2.520374940148686349e+01,2.516829075691269679e+01,2.513842036049193140e+01,2.511337451736461901e+01,2.509247123643788768e+01,2.507510582012369227e+01,2.506074579416227976e+01,2.504892541396138839e+01,2.503923995120031165e+01,2.503133993173948113e+01,2.502492546425368047e+01,2.501974076933095503e+01,2.501556899167047021e+01,2.501222735387289120e+01,2.500956268935720317e+01,2.500744737420662389e+01,2.500577566316290756e+01,2.500446042337100749e+01,2.500343025057309632e+01,2.500262694596415969e+01,2.500200332752939048e+01,2.500152134706004858e+01,2.500115048287125674e+01,2.500086637822543167e+01,2.500064969632751044e+01,2.500048516426486245e+01,2.500036078021038932e+01
2.758685415879942582e+01,2.789267547871810393e+01,2.822218441343158091e+01,2.857528081234319828e+01,2.895154107309240743e+01,2.935018874200072503e+01,2.977006963062775213e+01,3.020963260102978154e+01,3.066691712011595072e+01,3.113954858710096474e+01,3.162474229678910831e+01,3.211931671651552023e+01,3.261971652927405074e+01,3.312204563518154288e+01,3.362211001525684395e+01,3.411547005461370929e+01,3.459750160716713907e+01,3.506346477253367766e+01,3.550857906029581557e+01,3.592810334961946950e+01,3.631741882528712040e+01,3.667211289537705454e+01,3.698806198027556036e+01,3.726151101448240865e+01,3.748914752621106317e+01,3.766816825665443247e+01,3.779633644948010129e+01,3.787202817705733082e+01,3.789426636556477490e+01,3.786274152629641776e+01,3.777781858274065030e+01,3.764052958824427719e+01,3.745255254211417650e+01,3.721617691733241173e+01,3.693425689548367785e+01,3.661015364989309973e+01,3.624766831389553090e+01,3.585096750739301541e+01,3.542450346384051585e+01,3.497293089692284696e+01,3.450102276991396621e+01,3.401358708257560437e+01,3.351538667488226508e+01,3.301106387086163352e+01,3.250507155859515507e+01,3.200161203476517358e+01,3.150458464598926511e+01,3.101754294697945369e+01,3.054366177964725182e+01,3.008571436937071297e+01,2.964605924536231996e+01,2.922663653054650723e+01,2.882897291990009236e+01,2.845419448017259967e+01,2.810304626158167096e+01,2.777591761473258458e+01,2.747287205300348489e+01,2.719368048962639506e+01,2.693785670590014547e+01,2.670469396748757518e+01,2.649330179386620188e+01,2.630264199554450855e+01,2.613156321830054907e+01,2.597883336726387071e+01,2.584316942035516362e+01,2.572326427522235903e+01,2.561781040191139525e+01,2.552552019146448359e+01,2.544514299571032723e+01,2.537547894383735425e+01,2.531538969589567856e+01,2.526380635188663604e+01,2.521973477795913965e+01,2.518225863937074394e+01,2.515054044463925464e+01,2.512382090835502879e+01,2.510141693327171808e+01,2.508271849744412307e+01,2.506718471121769198e+01,2.505433928358215567e+01,2.504376560941751961e+01,2.503510165992621239e+01,2.502803482928517553e+01,2.502229686226244354e+01,2.501765896099428943e+01,2.501392714486658875e+01,2.501093791584775872e+01,2.500855426286852179e+01,2.500666202298024743e+01,2.500516660397546431e+01,2.500399006276002822e+01,2.500306852580017036e+01,2.500234993216320589e+01,2.500179207574035800e+01,2.500136092089174866e+01,2.500102916470315861e+01,2.500077501902530486e+01,2.500058118623719139e+01,2.500043400402228144e+01,2.500032273618597145e+01
2.729141172361544676e+01,2.756348588174639147e+01,2.785669815666947002e+01,2.817096249331485325e+01,2.850590436837882180e+01,2.886083455395905162e+01,2.923472690954466557e+01,2.962620123007124562e+01,3.003351213112517826e+01,3.045454486635991387e+01,3.088681884617284723e+01,3.132749946178383738e+01,3.177341861795796163e+01,3.222110414546123280e+01,3.266681800742588848e+01,3.310660294023270467e+01,3.353633688872771756e+01,3.395179431800785608e+01,3.434871322062319621e+01,3.472286639991938273e+01,3.507013540800888052e+01,3.538658536017520362e+01,3.566853874456597140e+01,3.591264630308596395e+01,3.611595308041897567e+01,3.627595782447604478e+01,3.639066407194849972e+01,3.645862146294576434e+01,3.647895609221303204e+01,3.645138901206105686e+01,3.637624234283099867e+01,3.625443280787516187e+01,3.608745287814782898e+01,3.587734007272571546e+01,3.562663530239682785e+01,3.533833145127378828e+01,3.501581365511748345e+01,3.466279294559054591e+01,3.428323508026661415e+01,3.388128646478765660e+01,3.346119909472513143e+01,3.302725640182778477e+01,3.258370178637017034e+01,3.213467146050223278e+01,3.168413302501803486e+01,3.123583096346549937e+01,3.079323997363790966e+01,3.035952677829414981e+01,2.993752077545042312e+01,2.952969361421833838e+01,2.913814752439095912e+01,2.876461199492829834e+01,2.841044819469303206e+01,2.807666036300114598e+01,2.776391327071507931e+01,2.747255476584472333e+01,2.720264237036543875e+01,2.695397288512651812e+01,2.672611398394082727e+01,2.651843683184538492e+01,2.633014884101569208e+01,2.616032577540297765e+01,2.600794252620773506e+01,2.587190199929720080e+01,2.575106167745942187e+01,2.564425754033056748e+01,2.555032513896469837e+01,2.546811772711141231e+01,2.539652144488605856e+01,2.533446763100055321e+01,2.528094240615530097e+01,2.523499372233315441e+01,2.519573611093156984e+01,2.516235338774792396e+01,2.513409958599897465e+01,2.511029839127606422e+01,2.509034134624021917e+01,2.507368507963880333e+01,2.505984779555372555e+01,2.504840523626333848e+01,2.503898630717245410e+01,2.503126852622295928e+01,2.502497343413194386e+01,2.501986207660290873e+01,2.501573064600457741e+01,2.501240634840591781e+01,2.500974354261596844e+01,2.500762018117067242e+01,2.500593456907572332e+01,2.500460244448924740e+01,2.500355437626733845e+01,2.500273346619745851e+01,2.500209333857287319e+01,2.500159639625865182e+01,2.500121232030700114e+01,2.500091678924284011e+01,2.500069039412307959e+01,2.500051772615901058e+01,2.500038661489077185e+01,2.500028749645220572e+01
2.702254346679443486e+01,2.726361931045350673e+01,2.752347525351636293e+01,2.780203742336619754e+01,2.809897579132994849e+01,2.841368086221030609e+01,2.874524394148474116e+01,2.909244189259200652e+01,2.945372725526653568e+01,2.982722451945396003e+01,3.021073323742087169e+01,3.060173851023677827e+01,3.099742920643616984e+01,3.139472406456731335e+01,3.179030560327242583e+01,3.218066151970998590e+01,3.256213300790111731e+01,3.293096918221296221e+01,3.328338655743286978e+01,3.361563232556115821e+01,3.392404998998414101e+01,3.420514577865442618e+01,3.445565416656878455e+01,3.467260079974758469e+01,3.485336113160288107e+01,3.499571315925819448e+01,3.509788278086531932e+01,3.515858048161904037e+01,3.517702829004463183e+01,3.515297621915848936e+01,3.508670770945484207e+01,3.497903391118282457e+01,3.483127697005760126e+01,3.464524280111260168e+01,3.442318413785240949e+01,3.416775491703064915e+01,3.388195729341788365e+01,3.356908276575947525e+01,3.323264902878089799e+01,3.287633424292685902e+01,3.250391043231648069e+01,3.211917768336658696e+01,3.172590072518192983e+01,3.132774933367710091e+01,3.092824382173637332e+01,3.053070666610404515e+01,3.013822108755522677e+01,2.975359715405479477e+01,2.937934572683023404e+01,2.901766032583088162e+01,2.867040676231716034e+01,2.833912017952748030e+01,2.802500896330131397e+01,2.772896483742107065e+01,2.745157834587751822e+01,2.719315884726240995e+01,2.695375810454359211e+01,2.673319654473171880e+01,2.653109128441661113e+01,2.634688506495655247e+01,2.617987531073227814e+01,2.602924261044764265e+01,2.589407801997219494e+01,2.577340869078945929e+01,2.566622143616152840e+01,2.557148395353584291e+01,2.548816352298122112e+01,2.541524309468536558e+01,2.535173476161032724e+01,2.529669068481300798e+01,2.524921159788319613e+01,2.520845306321745838e+01,2.517362968674084556e+01,2.514401751994546785e+01,2.511895488980239222e+01,2.509784189952359768e+01,2.508013883774711061e+01,2.506536372199287754e+01,2.505308918567656562e+01,2.504293889798598016e+01,2.503458368381295074e+01,2.502773748783223695e+01,2.502215330369638835e+01,2.501761916695897625e+01,2.501395428935711962e+01,2.501100539291674707e+01,2.500864328527497449e+01,2.500675970279282012e+01,2.500526443549250999e+01,2.500408273753990329e+01,2.500315301877607510e+01,2.500242480650452137e+01,2.500185696215132936e+01,2.500141613430787757e+01,2.500107542780801850e+01,2.500081326766023082e+01,2.500061243663890309e+01,2.500045926594706458e+01,2.500034295942650431e+01,2.500025503316522446e+01
2.677879408963144314e+01,2.699153885650534690e+01,2.722089579982498009e+01,2.746680157628979302e+01,2.772896635935271092e+01,2.800685321899361213e+01,2.829966066514607803e+01,2.860630916137001378e+01,2.892543237866140515e+01,2.925537389168480473e+01,2.959418992074181531e+01,2.993965859331757784e+01,3.028929604135843334e+01,3.064037946824504033e+01,3.098997711783773212e+01,3.133498486333804323e+01,3.167216891343661800e+01,3.199821391548116623e+01,3.230977552881493864e+01,3.260353635468649003e+01,3.287626395054408590e+01,3.312486953367726983e+01,3.334646589847154985e+01,3.353842303790765556e+01,3.369841997646846465e+01,3.382449138939807654e+01,3.391506770123465486e+01,3.396900752150337155e+01,3.398562148214107026e+01,3.396468678250622730e+01,3.390645201501742889e+01,3.381163212770047721e+01,3.368139366860377493e+01,3.351733074031845661e+01,3.332143236010665532e+01,3.309604216253043774e+01,3.284381158828787761e+01,3.256764786806569134e+01,3.227065822833012021e+01,3.195609181387696651e+01,3.162728083858049999e+01,3.128758244218936113e+01,3.094032265030867279e+01,3.058874371177977736e+01,3.023595592893349249e+01,2.988489490922113134e+01,2.953828495984884128e+01,2.919860912893925331e+01,2.886808617604438609e+01,2.854865453972326605e+01,2.824196316779623928e+01,2.794936889316324979e+01,2.767193987984575898e+01,2.741046453391579263e+01,2.716546517451152809e+01,2.693721569209086297e+01,2.672576238399635429e+01,2.653094714966255552e+01,2.635243224675102169e+01,2.618972585172213385e+01,2.604220772985943100e+01,2.590915439623834260e+01,2.578976323616083377e+01,2.568317514684213876e+01,2.558849535759150129e+01,2.550481217974476067e+01,2.543121352707011340e+01,2.536680112975127344e+01,2.531070243844099821e+01,2.526208027797212452e+01,2.522014036239480461e+01,2.518413682388861830e+01,2.515337593804783367e+01,2.512721824770682133e+01,2.510507929780366254e+01,2.508642919592292131e+01,2.507079120838956499e+01,2.505773959143085250e+01,2.504689684229640179e+01,2.503793053757594578e+01,2.503054990642215216e+01,2.502450226597889227e+01,2.501956942588934041e+01,2.501556414900848324e+01,2.501232673690942221e+01,2.500972179183970567e+01,2.500763519170474325e+01,2.500597130156146974e+01,2.500465043402776644e+01,2.500360656190142805e+01,2.500278527902299786e+01,2.500214199985294883e+01,2.500164038417894474e+01,2.500125097062281654e+01,2.500095000097534026e+01,2.500071841665181793e+01,2.500054100854660888e+01,2.500040570210161661e+01,2.500030296034286792e+01,2.500022528885302364e+01
2.655868668775876884e+01,2.674566689244032247e+01,2.694727767481525404e+01,2.716346479125764546e+01,2.739397461048450921e+01,2.763833595252703645e+01,2.789584471319085779e+01,2.816555198399691662e+01,2.844625634524982516e+01,2.873650095033852736e+01,2.903457593222974253e+01,2.933852654913308911e+01,2.964616734750837068e+01,2.995510246022210055e+01,3.026275198023311219e+01,3.056638416128728863e+01,3.086315300324622513e+01,3.115014058805832420e+01,3.142440335058897460e+01,3.168302130419218088e+01,3.192314910136115813e+01,3.214206770170210348e+01,3.233723534847919012e+01,3.250633652539897867e+01,3.264732757986625700e+01,3.275847775860599853e+01,3.283840450537567790e+01,3.288610201566822866e+01,3.290096222518970848e+01,3.288278762122035914e+01,3.283179550108684452e+01,3.274861355120941653e+01,3.263426687421107175e+01,3.249015684084297106e+01,3.231803237865800327e+01,3.211995452177173149e+01,3.189825522803216984e+01,3.165549161520209154e+01,3.139439687169066673e+01,3.111782915712435127e+01,3.082871982267748123e+01,3.053002225153642257e+01,3.022466254886512971e+01,2.991549320248781285e+01,2.960525069584593538e+01,2.929651789028222808e+01,2.899169181168577225e+01,2.869295728463611894e+01,2.840226666300185343e+01,2.812132571668319159e+01,2.785158555636624556e+01,2.759424031738264560e+01,2.735023018454606714e+01,2.712024922545334249e+01,2.690475741221601425e+01,2.670399615170694929e+01,2.651800661177300000e+01,2.634665012404136775e+01,2.618962996061256376e+01,2.604651381907160612e+01,2.591675640435370198e+01,2.579972156327686506e+01,2.569470350411604898e+01,2.560094671564240087e+01,2.551766428402910947e+01,2.544405438873772241e+01,2.537931483720701920e+01,2.532265557064634010e+01,2.527330913780306432e+01,2.523053918908536630e+01,2.519364708924466001e+01,2.516197678279092997e+01,2.513491807266692390e+01,2.511190849001511793e+01,2.509243394196423438e+01,2.507602832625135036e+01,2.506227229730348682e+01,2.505079135929596035e+01,2.504125344883969717e+01,2.503336615442397317e+01,2.502687370255966925e+01,2.502155382261678795e+01,2.501721458438145618e+01,2.501369128498397743e+01,2.501084344554366368e+01,2.500855196298001815e+01,2.500671644917403214e+01,2.500525277814427128e+01,2.500409085215686744e+01,2.500317258967218947e+01,2.500245013164446917e+01,2.500188425779544232e+01,2.500144300091561433e+01,2.500110044483047389e+01,2.500083569022459784e+01,2.500063197186935326e+01,2.500047591078664055e+01,2.500035688535292522e+01,2.500026650617382273e+01,2.500019818062688159e+01
2.636073053930211429e+01,2.652439615845748833e+01,2.670089131174850650e+01,2.689016961768714609e+01,2.709200991289106142e+01,2.730600032631410556e+01,2.753152479546610820e+01,2.776775264691636735e+01,2.801363183499615062e+01,2.826788638040228818e+01,2.852901847400413260e+01,2.879531561124107952e+01,2.906486300083046359e+01,2.933556135095489026e+01,2.960514998059943181e+01,2.987123503816342662e+01,3.013132243958919787e+01,3.038285497033635352e+01,3.062325283622975292e+01,3.084995680421296882e+01,3.106047295176736256e+01,3.125241794904968984e+01,3.142356373560178184e+01,3.157188042757976376e+01,3.169557630422485772e+01,3.179313377458966272e+01,3.186334031652567589e+01,3.190531350715600567e+01,3.191851942343986792e+01,3.190278387748627154e+01,3.185829615729860365e+01,3.178560516202069408e+01,3.168560804333962011e+01,3.155953168311272350e+01,3.140890754335593371e+01,3.123554061084396238e+01,3.104147331803097387e+01,3.082894544929941461e+01,3.060035113261569251e+01,3.035819406903220496e+01,3.010504216530085486e+01,2.984348270898218658e+01,2.957607916322782415e+01,2.930533056366131817e+01,2.903363437742454423e+01,2.876325354033008708e+01,2.849628822858692700e+01,2.823465275343905390e+01,2.798005779692477191e+01,2.773399804113913447e+01,2.749774508758233083e+01,2.727234542231243353e+01,2.705862306063809086e+01,2.685718640486439668e+01,2.666843877191735501e+01,2.649259199520033192e+01,2.632968247643605864e+01,2.617958905726101193e+01,2.604205209493115802e+01,2.591669315902772652e+01,2.580303481344614625e+01,2.570052000688615124e+01,2.560853066213224594e+01,2.552640512629296410e+01,2.545345421773738792e+01,2.538897567792956877e+01,2.533226690531660807e+01,2.528263591192532900e+01,2.523941049989056395e+01,2.520194570377275767e+01,2.516962958466983125e+01,2.514188749364262065e+01,2.511818494506321287e+01,2.509802925566163978e+01,2.508097011301550339e+01,2.506659923888519970e+01,2.505454930912752687e+01,2.504449228394501503e+01,2.503613729095991758e+01,2.502922819000218979e+01,2.502354093345053343e+01,2.501888082024033011e+01,2.501507972591207007e+01,2.501199337585411087e+01,2.500949871460952778e+01,2.500749141106722817e+01,2.500588352773615952e+01,2.500460137221011792e+01,2.500358354039306263e+01,2.500277915403188800e+01,2.500214628950853424e+01,2.500165059055461469e+01,2.500126405442617994e+01,2.500096397895917022e+01,2.500073205666044629e+01,2.500055360142202687e+01,2.500041689343424167e+01,2.500031262828654022e+01,2.500023345696817856e+01,2.500017360441576386e+01
2.618343067916140754e+01,2.632610262582261740e+01,2.647997622293541298e+01,2.664501187881331390e+01,2.682101744367630758e+01,2.700763430433692491e+01,2.720432561056227527e+01,2.741036717621998164e+01,2.762484157352543335e+01,2.784663589311915288e+01,2.807444357601006502e+01,2.830677063621011413e+01,2.854194648669705359e+01,2.877813945868016177e+01,2.901337696844187519e+01,2.924557014156464163e+01,2.947254255610906881e+01,2.969206261978817452e+01,2.990187895718207400e+01,3.009975805739345844e+01,3.028352332586081630e+01,3.045109460141605240e+01,3.060052714541038554e+01,3.073004908713725669e+01,3.083809632093852571e+01,3.092334389601585798e+01,3.098473301937330149e+01,3.102149290332706499e+01,3.103315682809238751e+01,3.101957195229775266e+01,3.098090258404309694e+01,3.091762681567136895e+01,3.083052661963517593e+01,3.072067169341100268e+01,3.058939752121386846e+01,3.043827828265355251e+01,3.026909537760451130e+01,3.008380244763309719e+01,2.988448785378980332e+01,2.967333561626238847e+01,2.945258583258195273e+01,2.922449556849790753e+01,2.899130116136973001e+01,2.875518279325858018e+01,2.851823208415290267e+01,2.828242333001927378e+01,2.804958887123799371e+01,2.782139893029937028e+01,2.759934610920386433e+01,2.738473459233321705e+01,2.717867396462940022e+01,2.698207743201801634e+01,2.679566412458447289e+01,2.661996507556774461e+01,2.645533240232466454e+01,2.630195116963268021e+01,2.615985339074074290e+01,2.602893361634823322e+01,2.590896557441593373e+01,2.579961935208695678e+01,2.570047865233807372e+01,2.561105770939348858e+01,2.553081750544333772e+01,2.545918099391507994e+01,2.539554709872744453e+01,2.533930332217227033e+01,2.528983685422648620e+01,2.524654413149382037e+01,2.520883884332727831e+01,2.517615842511389346e+01,2.514796911372966193e+01,2.512376966766780839e+01,2.510309387448953800e+01,2.508551198147963390e+01,2.507063119234388182e+01,2.505809537423400357e+01,2.504758411618634639e+01,2.503881127310489418e+01,2.503152311959027898e+01,2.502549622605411628e+01,2.502053515642927195e+01,2.501647007306964099e+01,2.501315432070199307e+01,2.501046204801577488e+01,2.500828591301607418e+01,2.500653490688091551e+01,2.500513232092608362e+01,2.500401387247730867e+01,2.500312599800143332e+01,2.500242431572164392e+01,2.500187225506045152e+01,2.500143984651277052e+01,2.500110266282436555e+01,2.500084090050406971e+01,2.500063858959358498e+01,2.500048291912379739e+01,2.500036366567573154e+01,2.500027271282463914e+01,2.500020364987637933e+01,2.500015143912082038e+01
2.602529861231729313e+01,2.614915940753827783e+01,2.628275846078375366e+01,2.642606204006024839e+01,2.657890382091387593e+01,2.674097279749273781e+01,2.691180304645191157e+01,2.709076581568507791e+01,2.727706438830553637e+01,2.746973213266605285e+01,2.766763409123655748e+01,2.786947238536200544e+01,2.807379562063790246e+01,2.827901237104494214e+01,2.848340870206139996e+01,2.868516956743901503e+01,2.888240378551506993e+01,2.907317217361968886e+01,2.925551829836182094e+01,2.942750119040993795e+01,2.958722927969278516e+01,2.973289473515601955e+01,2.986280734607019482e+01,2.997542706226069598e+01,3.006939432033256665e+01,3.014355732262143306e+01,3.019699550459991855e+01,3.022903852292656524e+01,3.023928021716443482e+01,3.022758713925035678e+01,3.019410140098863948e+01,3.013923775540658312e+01,3.006367499655085851e+01,2.996834192788092111e+01,2.985439830563415242e+01,2.972321130462754368e+01,2.957632817484377341e+01,2.941544585365395648e+01,2.924237836757253817e+01,2.905902289713796449e+01,2.886732538824421468e+01,2.866924657363784945e+01,2.846672922115080695e+01,2.826166735342367176e+01,2.805587809113383457e+01,2.785107666250089764e+01,2.764885500096686144e+01,2.745066422551238716e+01,2.725780116911411355e+01,2.707139899515474468e+01,2.689242182350208310e+01,2.672166318119719008e+01,2.655974800022607951e+01,2.640713780887628559e+01,2.626413870504401160e+01,2.613091166007579247e+01,2.600748468004062630e+01,2.589376634677994815e+01,2.578956027213212820e+01,2.569458002337373159e+01,2.560846411383234766e+01,2.553079069728640249e+01,2.546109165559552423e+01,2.539886582347856603e+01,2.534359115011262276e+01,2.529473565214388131e+01,2.525176706496194967e+01,2.521416114721571589e+01,2.518140863642312510e+01,2.515302089038953071e+01,2.512853427957933405e+01,2.510751341947359450e+01,2.508955334944927884e+01,2.507428077621409912e+01,2.506135450587404634e+01,2.505046518997122718e+01,2.504133450805167982e+01,2.503371390328162605e+01,2.502738297909357712e+01,2.502214765453933509e+01,2.501783816462307541e+01,2.501430697997178854e+01,2.501142670827279346e+01,2.500908802837475164e+01,2.500719769712391383e+01,2.500567665911828996e+01,2.500445828075530130e+01,2.500348672230090585e+01,2.500271545523787253e+01,2.500210592682843469e+01,2.500162636958597773e+01,2.500125075010007336e+01,2.500095784928996068e+01,2.500073046455704073e+01,2.500055472334713258e+01,2.500041949720323942e+01,2.500031590537998838e+01,2.500023689740379496e+01,2.500017690451060304e+01,2.500013155060127801e+01
2.588486355471304634e+01,2.599195103477186919e+01,2.610746825801956916e+01,2.623138654470919917e+01,2.636356246558697336e+01,2.650372737715673921e+01,2.665147856055913422e+01,2.680627237249974471e+01,2.696741979798942879e+01,2.713408476035158756e+01,2.730528549377780934e+01,2.747989921811645075e+01,2.765667027571788594e+01,2.783422179791844187e+01,2.801107086670562296e+01,2.818564702848613734e+01,2.835631390542114971e+01,2.852139353963680790e+01,2.867919300112047409e+01,2.882803269566125337e+01,2.896627572899986447e+01,2.909235762124393432e+01,2.920481562482386551e+01,2.930231688229111953e+01,2.938368466866018380e+01,2.944792199731442039e+01,2.949423192819729778e+01,2.952203400047039850e+01,2.953097631637296772e+01,2.952094292505933026e+01,2.949205629032902110e+01,2.944467476940918260e+01,2.937938517594267296e+01,2.929699064359033756e+01,2.919849414181364367e+01,2.908507811747272598e+01,2.895808084046058539e+01,2.881897011508918283e+01,2.866931507867834839e+01,2.851075684314730552e+01,2.834497874382999427e+01,2.817367694277285040e+01,2.799853209298969503e+01,2.782118270802003579e+01,2.764320080090603327e+01,2.746607026219553305e+01,2.729116834200642217e+01,2.711975049093890533e+01,2.695293870305749806e+01,2.679171339542314811e+01,2.663690875648618217e+01,2.648921140327427182e+01,2.634916210731235253e+01,2.621716028348227212e+01,2.609347088573214890e+01,2.597823331912567824e+01,2.587147195895503771e+01,2.577310786370221507e+01,2.568297127818872028e+01,2.560081454457130334e+01,2.552632506990647343e+01,2.545913803764018368e+01,2.539884859434839726e+01,2.534502329017803746e+01,2.529721059967109653e+01,2.525495039716345858e+01,2.521778230616018845e+01,2.518525288372339332e+01,2.515692163799957726e+01,2.513236590890352318e+01,2.511118466830171059e+01,2.509300131670451961e+01,2.507746556861969722e+01,2.506425452866767856e+01,2.505307306578876236e+01,2.504365359396375368e+01,2.503575536546777514e+01,2.502916337745205766e+01,2.502368698526398560e+01,2.501915830700277255e+01,2.501543049394330254e+01,2.501237593115336111e+01,2.500988442231146891e+01,2.500786140275580749e+01,2.500622621543085700e+01,2.500491047584363713e+01,2.500385654452283646e+01,2.500301611885834774e+01,2.500234895060147267e+01,2.500182169070165017e+01,2.500140685948709418e+01,2.500108193738484630e+01,2.500082856932607100e+01,2.500063187459425151e+01,2.500047985304355791e+01,2.500036287824245562e+01,2.500027326808933381e+01,2.500020492371737291e+01,2.500015302797971728e+01,2.500011379541857437e+01
2.576068365021707152e+01,2.585288749064782721e+01,2.595235717783480212e+01,2.605906838284909810e+01,2.617289789083613272e+01,2.629361458102048488e+01,2.642087178871514297e+01,2.655420140127926132e+01,2.669301002386955446e+01,2.683657752125927942e+01,2.698405819875802791e+01,2.713448482873743828e+01,2.728677566045124792e+01,2.743974447135576966e+01,2.759211363021485752e+01,2.774253004868273109e+01,2.788958380202596032e+01,2.803182910473634593e+01,2.816780723675424980e+01,2.829607093464653644e+01,2.841520969299363841e+01,2.852387536773281340e+01,2.862080743807334215e+01,2.870485726898024836e+01,2.877501072346402466e+01,2.883040850348571738e+01,2.887036364972647817e+01,2.889437570237884856e+01,2.890214111519777873e+01,2.889355962019605784e+01,2.886873635679834038e+01,2.882797970268053689e+01,2.877179486930198493e+01,2.870087344855786071e+01,2.861607921342351446e+01,2.851843058062923575e+01,2.840908023350899470e+01,2.828929247510110301e+01,2.816041893304380039e+01,2.802387326740306861e+01,2.788110553982729556e+01,2.773357688781231190e+01,2.758273511272673062e+01,2.742999173672542312e+01,2.727670101456156360e+01,2.712414130489011654e+01,2.697349911556775481e+01,2.682585604247578459e+01,2.668217872527981882e+01,2.654331184985936076e+01,2.640997413912097258e+01,2.628275719432556201e+01,2.616212698014155436e+01,2.604842769000862290e+01,2.594188768506306175e+01,2.584262717022100020e+01,2.575066725484573738e+01,2.566594004202930890e+01,2.558829939874702220e+01,2.551753207750598307e+01,2.545336888686799171e+01,2.539549564150700789e+01,2.534356366033816599e+01,2.529719962184967841e+01,2.525601462731961533e+01,2.521961236352628077e+01,2.518759629550770640e+01,2.515957585579249667e+01,2.513517162847708164e+01,2.511401955399699659e+01,2.509577420311955720e+01,2.508011118648927607e+01,2.506672877910358821e+01,2.505534884766732162e+01,2.504571717328040847e+01,2.503760326285445004e+01,2.503079974058581314e+01,2.502512140631248272e+01,2.502040404122150719e+01,2.501650303369628148e+01,2.501329188959553562e+01,2.501066068237704343e+01,2.500851448959103251e+01,2.500677185367417366e+01,2.500536329690860526e+01,2.500422991304128928e+01,2.500332205149602061e+01,2.500259810441120578e+01,2.500202340191496830e+01,2.500156921708247282e+01,2.500121187886028906e+01,2.500093198882008494e+01,2.500071373583832823e+01,2.500054430160264474e+01,2.500041334913009905e+01,2.500031258616190755e+01,2.500023539529193428e+01,2.500017652291906245e+01,2.500013181952184738e+01,2.500009802428124672e+01
2.565135668912641265e+01,2.573041748343646873e+01,2.581571420989361343e+01,2.590722628081605805e+01,2.600484825445572667e+01,2.610838209346787409e+01,2.621753060934081248e+01,2.633189239476953247e+01,2.645095853213597437e+01,2.657411134087904969e+01,2.670062538943012953e+01,2.682967094888305226e+01,2.696032000651890925e+01,2.709155488910747778e+01,2.722227947046957652e+01,2.735133285748474918e+01,2.747750536633602536e+01,2.759955651935515419e+01,2.771623471558941887e+01,2.782629815839701237e+01,2.792853656410505891e+01,2.802179312986135784e+01,2.810498620867320341e+01,2.817713012708794906e+01,2.823735458718514479e+01,2.828492211992408656e+01,2.831924310102447606e+01,2.833988790225274457e+01,2.834659582827009672e+01,2.833928057940827827e+01,2.831803208062635946e+01,2.828311462278132993e+01,2.823496137025396990e+01,2.817416539485656557e+01,2.810146749584725256e+01,2.801774115610062310e+01,2.792397506178609490e+01,2.782125367461945231e+01,2.771073638990624133e+01,2.759363583898586825e+01,2.747119590091303110e+01,2.734466997568011593e+01,2.721530004114506340e+01,2.708429696991508706e+01,2.695282252314314775e+01,2.682197336834857992e+01,2.669276739108961749e+01,2.656613248883570577e+01,2.644289795293510892e+01,2.632378846420619212e+01,2.620942065217091610e+01,2.610030209967546000e+01,2.599683261551826874e+01,2.589930754912547073e+01,2.580792288413702451e+01,2.572278182232514965e+01,2.564390255539268892e+01,2.557122691928334746e+01,2.550462963269298555e+01,2.544392783722100049e+01,2.538889067955517120e+01,2.533924870463094692e+01,2.529470286119771671e+01,2.525493295604768562e+01,2.521960542880662715e+01,2.518838035429433830e+01,2.516091761287314910e+01,2.513688219997097306e+01,2.511594867337638348e+01,2.509780476047097153e+01,2.508215416702039846e+01,2.506871864441937348e+01,2.505723938347809465e+01,2.504747781019093367e+01,2.503921586279430400e+01,2.503225583022885914e+01,2.502641983034771656e+01,2.502154900235255042e+01,2.501750248248364628e+01,2.501415622540447714e+01,2.501140172643232162e+01,2.500914469215032199e+01,2.500730369931204677e+01,2.500580887457764945e+01,2.500460062070111533e+01,2.500362840846677770e+01,2.500284964804327004e+01,2.500222864853436988e+01,2.500173567036979350e+01,2.500134607177653834e+01,2.500103954786031579e+01,2.500079945874853493e+01,2.500061224173158081e+01,2.500046690131309646e+01,2.500035457046627840e+01,2.500026813611784959e+01,2.500020192187527712e+01,2.500015142121235101e+01,2.500011307467839217e+01,2.500008408514883129e+01
2.555552994079737061e+01,2.562304054151383070e+01,2.569588036287065691e+01,2.577403202865470533e+01,2.585740565766491628e+01,2.594583224773776564e+01,2.603905807318213306e+01,2.613674035364393333e+01,2.623844444060673453e+01,2.634364274604475398e+01,2.645171560603603922e+01,2.656195423069620531e+01,2.667356584133999675e+01,2.678568103750884433e+01,2.689736337204980288e+01,2.700762104382538453e+01,2.711542054724129258e+01,2.721970204821159811e+01,2.731939619019015808e+01,2.741344197425427964e+01,2.750080530658931366e+01,2.758049776750883098e+01,2.765159513040019235e+01,2.771325514827527314e+01,2.776473413091871478e+01,2.780540185730541936e+01,2.783475440566581582e+01,2.785242453628544013e+01,2.785818932815179849e+01,2.785197484762926834e+01,2.783385771267890263e+01,2.780406350659365700e+01,2.776296208740756910e+01,2.771105992959514808e+01,2.764898972002155375e+01,2.757749750718286208e+01,2.749742776881574002e+01,2.740970681567811340e+01,2.731532498702335232e+01,2.721531811498210374e+01,2.711074874038752469e+01,2.700268755187417824e+01,2.689219549433470391e+01,2.678030695359619529e+01,2.666801437352573956e+01,2.655625460210844579e+01,2.644589719701991015e+01,2.633773485160959638e+01,2.623247603177470566e+01,2.613073984554853979e+01,2.603305310272108031e+01,2.593984946348471965e+01,2.585147052458868089e+01,2.576816864998392020e+01,2.569011132118022189e+01,2.561738676080161170e+01,2.555001057097259576e+01,2.548793312567548242e+01,2.543104746224598500e+01,2.537919743062744971e+01,2.533218587861152571e+01,2.528978267567892146e+01,2.525173240580903666e+01,2.521776158937412049e+01,2.518758532468194034e+01,2.516091326972190245e+01,2.513745491321057557e+01,2.511692411031608430e+01,2.509904288185699883e+01,2.508354449590417801e+01,2.507017586733493175e+01,2.505869932393689581e+01,2.504889379722045817e+01,2.504055550238066274e+01,2.503349817515273656e+01,2.502755293399623326e+01,2.502256783452841660e+01,2.501840717983078477e+01,2.501495064559243531e+01,2.501209227342877028e+01,2.500973937948788617e+01,2.500781141895103588e+01,2.500623884052110313e+01,2.500496195869541793e+01,2.500392986570876630e+01,2.500309939963229411e+01,2.500243418030497011e+01,2.500190372059799770e+01,2.500148261697926699e+01,2.500114982043827538e+01,2.500088798651614752e+01,2.500068290141010152e+01,2.500052297982782790e+01,2.500039882939063673e+01,2.500030287585992639e+01,2.500022904322641537e+01,2.500017248269606895e+01,2.500012934477733495e+01,2.500009658897313969e+01,2.500007182596776545e+01
2.547190880419952208e+01,2.552931761616187245e+01,2.559126142143412252e+01,2.565772559497846927e+01,2.572863382067409432e+01,2.580384246128531700e+01,2.588313579072602622e+01,2.596622230814693566e+01,2.605273234331648524e+01,2.614221714430896526e+01,2.623414961153239844e+01,2.632792680686356590e+01,2.642287432373053235e+01,2.651825255440788354e+01,2.661326483595453496e+01,2.670706739785619277e+01,2.679878097454782093e+01,2.688750388680719539e+01,2.697232633987035300e+01,2.705234563537995385e+01,2.712668195120027548e+01,2.719449430977324411e+01,2.725499633378981912e+01,2.730747137884151954e+01,2.735128663723820708e+01,2.738590582562321885e+01,2.741090010109621744e+01,2.742595689539566450e+01,2.743088641286343687e+01,2.742562560347820266e+01,2.741023949484134903e+01,2.738491984395022882e+01,2.734998114801899050e+01,2.730585413056138577e+01,2.725307689155290447e+01,2.719228397606205050e+01,2.712419367192092423e+01,2.704959389185753338e+01,2.696932702760174294e+01,2.688427418193095164e+01,2.679533918914950164e+01,2.670343282538950547e+01,2.660945758822001750e+01,2.651429339168586807e+01,2.641878447980923639e+01,2.632372781082986535e+01,2.622986310829714185e+01,2.613786471591494376e+01,2.604833533312059402e+01,2.596180164997512563e+01,2.587871184506707678e+01,2.579943486051586277e+01,2.572426132519252562e+01,2.565340596197017220e+01,2.558701128779762257e+01,2.552515239689881454e+01,2.546784260731565297e+01,2.541503974889072026e+01,2.536665287591205242e+01,2.532254919908528379e+01,2.528256104817707595e+01,2.524649269741701119e+01,2.521412690935500933e+01,2.518523107817542339e+01,2.515956287936984737e+01,2.513687535818290186e+01,2.511692141352376950e+01,2.509945765639498205e+01,2.508424764180903566e+01,2.507106449029025086e+01,2.505969292919806080e+01,2.504993079520788157e+01,2.504159004741961070e+01,2.503449734590818210e+01,2.502849425334076017e+01,2.502343711787347758e+01,2.501919669425265269e+01,2.501565755724134732e+01,2.501271735752834502e+01,2.501028596549176797e+01,2.500828454289335312e+01,2.500664457704549548e+01,2.500530690645329557e+01,2.500422076157701667e+01,2.500334283933260693e+01,2.500263642535438890e+01,2.500207057395323318e+01,2.500161935215101394e+01,2.500126115116645309e+01,2.500097806625501917e+01,2.500075534383548970e+01,2.500058089332566880e+01,2.500044486000900434e+01,2.500033925450820504e+01,2.500025763399588286e+01,2.500019483007218213e+01,2.500014671823470280e+01,2.500011002401107163e+01,2.500008216107884707e+01,2.500006109702612989e+01
2.539926407031808964e+01,2.544787997978303196e+01,2.550033864938751904e+01,2.555662780562223446e+01,2.561668290670363035e+01,2.568038237188585526e+01,2.574754354138515922e+01,2.581791955290460550e+01,2.589119731222417187e+01,2.596699671968161383e+01,2.604487129150848190e+01,2.612431028510694730e+01,2.620474240098414853e+01,2.628554109205993683e+01,2.636603146460756975e+01,2.644549870563862370e+01,2.652319792080895411e+01,2.659836521678362686e+01,2.667022981443942342e+01,2.673802693629941629e+01,2.680101117510204389e+01,2.685847002214764601e+01,2.690973721551408815e+01,2.695420556051730898e+01,2.699133887862415904e+01,2.702068275665173047e+01,2.704187379526436175e+01,2.705464709376767374e+01,2.705884175578423978e+01,2.705440425593823761e+01,2.704138956917676850e+01,2.701996002954397014e+01,2.699038195166145826e+01,2.695302011335936498e+01,2.690833025940689183e+01,2.685684984184000257e+01,2.679918725997650952e+01,2.673600990120461063e+01,2.666803131081552891e+01,2.659599783478448387e+01,2.652067508324046941e+01,2.644283455465210153e+01,2.636324074220463842e+01,2.628263901557959770e+01,2.620174453484789012e+01,2.612123241019094877e+01,2.604172927358818512e+01,2.596380637845001615e+01,2.588797429241688519e+01,2.581467919907002084e+01,2.574430077781402559e+01,2.567715158916085016e+01,2.561347785624513662e+01,2.555346150349290468e+01,2.549722329047686031e+01,2.544482686332697696e+01,2.539628353752122081e+01,2.535155762408340507e+01,2.531057211555645381e+01,2.527321455781192583e+01,2.523934294788443466e+01,2.520879151559055487e+01,2.518137626669119555e+01,2.515690018679097406e+01,2.513515802710850622e+01,2.511594061486251661e+01,2.509903865158495861e+01,2.508424598161206731e+01,2.507136232987802771e+01,2.506019552264380224e+01,2.505056321677094289e+01,2.504229417255311319e+01,2.503522911200844092e+01,2.502922120906336190e+01,2.502413626043933803e+01,2.501985258655251343e+01,2.501626071064558587e+01,2.501326286199621762e+01,2.501077234568879959e+01,2.500871281738339391e+01,2.500701749702956533e+01,2.500562835078527968e+01,2.500449526570826819e+01,2.500357523724987630e+01,2.500283158532234040e+01,2.500223321081955774e+01,2.500175390100599415e+01,2.500137168917925479e+01,2.500106827146577970e+01,2.500082848151457426e+01,2.500063982218533809e+01,2.500049205204786418e+01,2.500037682357734425e+01,2.500028736929844442e+01,2.500021823175317337e+01,2.500016503299802650e+01,2.500012427933197756e+01,2.500009319707970690e+01,2.500006959546979246e+01,2.500005175292615078e+01
2.533643767522491430e+01,2.537743630199123501e+01,2.542167732633677701e+01,2.546915047966608014e+01,2.551980139558382277e+01,2.557352758451285268e+01,2.563017502473517339e+01,2.568953552676446250e+01,2.575134502076656062e+01,2.581528290354775379e+01,2.588097256234278021e+01,2.594798316742618383e+01,2.601583279488780676e+01,2.608399290547944815e+01,2.615189416624777152e+01,2.621893355995319297e+01,2.628448268447422365e+01,2.634789710209983582e+01,2.640852655849145592e+01,2.646572585483574613e+01,2.651886612592538128e+01,2.656734625306651765e+01,2.661060412506294881e+01,2.664812745401875205e+01,2.667946385593469216e+01,2.670422991925695655e+01,2.672211900746372848e+01,2.673290757382206806e+01,2.673645980659005161e+01,2.673273046979450029e+01,2.672176585659524051e+01,2.670370282723873245e+01,2.667876595964901298e+01,2.664726289569754059e+01,2.660957801807715484e+01,2.656616463956527596e+01,2.651753592660912062e+01,2.646425481121840306e+01,2.640692316808344486e+01,2.634617054702470540e+01,2.628264275411690321e+01,2.621699056832431296e+01,2.614985886483473365e+01,2.608187639243788425e+01,2.601364642150404904e+01,2.594573844284909470e+01,2.587868105763910265e+01,2.581295615617584360e+01,2.574899444058662823e+01,2.568717230470720736e+01,2.562781004523325379e+01,2.557117134276035131e+01,2.551746392062744917e+01,2.546684126424889172e+01,2.541940526431214309e+01,2.537520963400352514e+01,2.533426394321677577e+01,2.529653811118179618e+01,2.526196720261255635e+01,2.523045638064855467e+01,2.520188588178119105e+01,2.517611589277782258e+01,2.515299122648615437e+01,2.513234571148246488e+01,2.511400622903436997e+01,2.509779634907862800e+01,2.508353953426281890e+01,2.507106189707629440e+01,2.506019450932937787e+01,2.505077527547803484e+01,2.504265039139460924e+01,2.503567541811710839e+01,2.502971600592206514e+01,2.502464830788539984e+01,2.502035912410407192e+01,2.501674581817227860e+01,2.501371604658599779e+01,2.501118733974647768e+01,2.500908657040137584e+01,2.500734934194346692e+01,2.500591932520281091e+01,2.500474756841431656e+01,2.500379180108420130e+01,2.500301574865145326e+01,2.500238847124786190e+01,2.500188373657800867e+01,2.500147943401763584e+01,2.500115703449032623e+01,2.500090109853485032e+01,2.500069883320879427e+01,2.500053969706637602e+01,2.500041505136924869e+01,2.500031785490267566e+01,2.500024239923639513e+01,2.500018408095088063e+01,2.500013920720665794e+01,2.500010483103094217e+01,2.500007861279948784e+01,2.500005870457322388e+01,2.500004365418406493e+01
2.528234689918399880e+01,2.531677787102152166e+01,2.535393309928314665e+01,2.539380402011200033e+01,2.543634502204007575e+01,2.548147006384889224e+01,2.552904981031517195e+01,2.557890941765981907e+01,2.563082709447488838e+01,2.568453355281535622e+01,2.573971244793781565e+01,2.579600188399009042e+01,2.585299703717901565e+01,2.591025391817612089e+01,2.596729426259661722e+01,2.602361150334334283e+01,2.607867774265250205e+01,2.613195160614638723e+01,2.618288682749478724e+01,2.623094138182669255e+01,2.627558696017429796e+01,2.631631855720667446e+01,2.635266393136537033e+01,2.638419269104797493e+01,2.641052476320240316e+01,2.643133801177002695e+01,2.644637479267585078e+01,2.645544725898496807e+01,2.645844126356642079e+01,2.645531874596581190e+01,2.644611853376999377e+01,2.643095553494233840e+01,2.641001834468689680e+01,2.638356533659634806e+01,2.635191935142253783e+01,2.631546113617223170e+01,2.627462171995610163e+01,2.622987393994424821e+01,2.618172335004568652e+01,2.613069875600801240e+01,2.607734262335282338e+01,2.602220159909750663e+01,2.596581737506856413e+01,2.590871810058467162e+01,2.585141052642367754e+01,2.579437303152107575e+01,2.573804965013516366e+01,2.568284518167165587e+01,2.562912142939295279e+01,2.557719457917937689e+01,2.552733369657000040e+01,2.547976029052733082e+01,2.543464886657725899e+01,2.539212837078193985e+01,2.535228440978406539e+01,2.531516212105982433e+01,2.528076956146311716e+01,2.524908148086840498e+01,2.522004335079489934e+01,2.519357552476175499e+01,2.516957741713389396e+01,2.514793159966775704e+01,2.512850772913681041e+01,2.511116623460434027e+01,2.509576170845706855e+01,2.508214596062606105e+01,2.507017070999400232e+01,2.505968990040819833e+01,2.505056164067504909e+01,2.504264977819181937e+01,2.503582512435858831e+01,2.502996635657609303e+01,2.502496062651798070e+01,2.502070390757425855e+01,2.501710111605012798e+01,2.501406604105794784e+01,2.501152111726765170e+01,2.500939707299828640e+01,2.500763248375466929e+01,2.500617325844161343e+01,2.500497208230964574e+01,2.500398783736484631e+01,2.500318501765055146e+01,2.500253315359367434e+01,2.500200625659070397e+01,2.500158229225149853e+01,2.500124268826368734e+01,2.500097188070822796e+01,2.500075690085270352e+01,2.500058700296487757e+01,2.500045333250654522e+01,2.500034863316134803e+01,2.500026699048944323e+01,2.500020360955436516e+01,2.500015462359955620e+01,2.500011693073202679e+01,2.500008805556763747e+01,2.500006603287957674e+01,2.500004931044419365e+01,2.500003666847559813e+01
2.523598703323501269e+01,2.526478200077023217e+01,2.529585621067526802e+01,2.532920254435704166e+01,2.536478288981175311e+01,2.540252531195125485e+01,2.544232165619305519e+01,2.548402569558786013e+01,2.552745192670145968e+01,2.557237511019119580e+01,2.561853063846018230e+01,2.566561579505533430e+01,2.571329194891120196e+01,2.576118770163949634e+01,2.580890297852161908e+01,2.585601402454608433e+01,2.590207923675551882e+01,2.594664573444488553e+01,2.598925654055917178e+01,2.602945822215840010e+01,2.606680881618650858e+01,2.610088585002985795e+01,2.613129425535574413e+01,2.615767396914923992e+01,2.617970701813968404e+01,2.619712389207334624e+01,2.620970902740046782e+01,2.621730524546501684e+01,2.621981701749425753e+01,2.621721246161080643e+01,2.620952401354648842e+01,2.619684775137996269e+01,2.617934139400277260e+01,2.615722103166197954e+01,2.613075668338586510e+01,2.610026680902702623e+01,2.606611193186872200e+01,2.602868755026346292e+01,2.598841653288740616e+01,2.594574120146178586e+01,2.590111530706757037e+01,2.585499610160836781e+01,2.580783669498096700e+01,2.576007887176037414e+01,2.571214651957189901e+01,2.566443979583747037e+01,2.561733013138383086e+01,2.557115613966917422e+01,2.552622047029859687e+01,2.548278761617298116e+01,2.544108265606230290e+01,2.540129088948075875e+01,2.536355829916552551e+01,2.532799275873247069e+01,2.529466588951463635e+01,2.526361546130311453e+01,2.523484822664488192e+01,2.520834307728511803e+01,2.518405441391367106e+01,2.516191562611914989e+01,2.514184258782689341e+01,2.512373708391075766e+01,2.510749009552192135e+01,2.509298488438173180e+01,2.508009982928963666e+01,2.506871098090593719e+01,2.505869431305878692e+01,2.504992766005067040e+01,2.504229233944078459e+01,2.503567446837892518e+01,2.502996598866575440e+01,2.502506542128772793e+01,2.502087837525941794e+01,2.501731783828973121e+01,2.501430427820004354e+01,2.501176558431831154e+01,2.500963687742691022e+01,2.500786021543490989e+01,2.500638421995561345e+01,2.500516364656847301e+01,2.500415891888567543e+01,2.500333564376573747e+01,2.500266412223518842e+01,2.500211886799025152e+01,2.500167814282630019e+01,2.500132351603670244e+01,2.500103945276890727e+01,2.500081293454214304e+01,2.500063311362199059e+01,2.500049100170581085e+01,2.500037919238389605e+01,2.500029161608296846e+01,2.500022332564607197e+01,2.500017031032830417e+01,2.500012933576402219e+01,2.500009780736055021e+01,2.500007365457100761e+01,2.500005523357177140e+01,2.500004124599752586e+01,2.500003067155205727e+01
2.519643258910215167e+01,2.522041372333047704e+01,2.524629372948397688e+01,2.527406671043780761e+01,2.530370094969993389e+01,2.533513655395551822e+01,2.536828345655285233e+01,2.540301987379340076e+01,2.543919130167484965e+01,2.547661013300758981e+01,2.551505596353098682e+01,2.555427664089631890e+01,2.559399009241941414e+01,2.563388694676185509e+01,2.567363394175574243e+01,2.571287808616685666e+01,2.575125151813627156e+01,2.578837697828108944e+01,2.582387379194959465e+01,2.585736423390135741e+01,2.588848013066382592e+01,2.591686954186410574e+01,2.594220335267570832e+01,2.596418160571183620e+01,2.598253940259076700e+01,2.599705221311688064e+01,2.600754044344242999e+01,2.601387313333428608e+01,2.601597067616827985e+01,2.601380648270028217e+01,2.600740754003188826e+01,2.599685384937735577e+01,2.598227675904420764e+01,2.596385624122953573e+01,2.594181719160360089e+01,2.591642485808086249e+01,2.588797952867865604e+01,2.585681062712520983e+01,2.582327037830215488e+01,2.578772721332666151e+01,2.575055908597352428e+01,2.571214686833003071e+01,2.567286798441737616e+01,2.563309042655824044e+01,2.559316728124905538e+01,2.555343187006708661e+01,2.551419358765268441e+01,2.547573449404196566e+01,2.543830669356388086e+01,2.540213050808798556e+01,2.536739342945761422e+01,2.533424981519057084e+01,2.530282127355731703e+01,2.527319766937915446e+01,2.524543867058712721e+01,2.521957574784715561e+01,2.519561453533743034e+01,2.517353745987515978e+01,2.515330654773195107e+01,2.513486632326141645e+01,2.511814672043652052e+01,2.510306593706850364e+01,2.508953317135228644e+01,2.507745119096521336e+01,2.506671869577773748e+01,2.505723244590392085e+01,2.504888913697319452e+01,2.504158701385557606e+01,2.503522722240325749e+01,2.502971490593430559e+01,2.502496005909783250e+01,2.502087815640244273e+01,2.501739057609206540e+01,2.501442484228893903e+01,2.501191470949925133e+01,2.500980011382362278e+01,2.500802701467642564e+01,2.500654714964589687e+01,2.500531772346963422e+01,2.500430105009950310e+01,2.500346416461546895e+01,2.500277841943377766e+01,2.500221907693848422e+01,2.500176490842515520e+01,2.500139780714322058e+01,2.500110242130250171e+01,2.500086581119870388e+01,2.500067713312704853e+01,2.500052735149638039e+01,2.500040897952186825e+01,2.500031584805077145e+01,2.500024290144398975e+01,2.500018601897587445e+01,2.500014185990280424e+01,2.500010773016449050e+01,2.500008146859822489e+01,2.500006135054429279e+01,2.500004600678143873e+01,2.500003435583740341e+01,2.500002554785724485e+01
2.516283717059955194e+01,2.518272591278246963e+01,2.520418996152778490e+01,2.522722444864866276e+01,2.525180308741561674e+01,2.527787621680043628e+01,2.530536914514548030e+01,2.533418086946155157e+01,2.536418324306166383e+01,2.539522065782643523e+01,2.542711029802758205e+01,2.545964301039222022e+01,2.549258482018903038e+01,2.552567910590924427e+01,2.555864942608309676e+01,2.559120297151526913e+01,2.562303459543977624e+01,2.565383135355636668e+01,2.568327746642970055e+01,2.571105959912620875e+01,2.573687233801736340e+01,2.576042373310397338e+01,2.578144076661938300e+01,2.579967460551062075e+01,2.581490549696786729e+01,2.582694717257510675e+01,2.583565063778793203e+01,2.584090723900569841e+01,2.584265091999678887e+01,2.584085960218657618e+01,2.583555564850804132e+01,2.582680539721586044e+01,2.581471777927684741e+01,2.579944205965081139e+01,2.578116476796733636e+01,2.576010590685573476e+01,2.573651454567862373e+01,2.571066392298219228e+01,2.568284619211089748e+01,2.565336695083811591e+01,2.562253969743643722e+01,2.559068035245319095e+01,2.555810197785958238e+01,2.552510981366721055e+01,2.549199673715759218e+01,2.545903923226180154e+01,2.542649393714306427e+01,2.539459481749283398e+01,2.536355099226308951e+01,2.533354521829523165e+01,2.530473302126786805e+01,2.527724244317196423e+01,2.525117436161403361e+01,2.522660332399864913e+01,2.520357883026676760e+01,2.518212699145002276e+01,2.516225248780091306e+01,2.514394074952139135e+01,2.512716028488901898e+01,2.511186508454809285e+01,2.509799703651792058e+01,2.508548829366521460e+01,2.507426354357706444e+01,2.506424213954833391e+01,2.505534006038189077e+01,2.504747167554995713e+01,2.504055130068699953e+01,2.503449453614074827e+01,2.502921938821808823e+01,2.502464717870401500e+01,2.502070325313697907e+01,2.501731750217487260e+01,2.501442471320809702e+01,2.501196477123049888e+01,2.500988272895444808e+01,2.500812876636084425e+01,2.500665805942859521e+01,2.500543057681591819e+01,2.500441082189115249e+01,2.500356753585147018e+01,2.500287337583084835e+01,2.500230457997949429e+01,2.500184062957524489e+01,2.500146391636960175e+01,2.500115942162702609e+01,2.500091441172284945e+01,2.500071815374617046e+01,2.500056165332183156e+01,2.500043741582300072e+01,2.500033923128810542e+01,2.500026198267266153e+01,2.500020147654246827e+01,2.500015429493290853e+01,2.500011766684037440e+01,2.500008935765694673e+01,2.500006757479020791e+01,2.500005088770816997e+01,2.500003816069979123e+01,2.500002849672954497e+01,2.500002119087858432e+01
2.513443215520363339e+01,2.515085801861120274e+01,2.516858525008583669e+01,2.518760984521865964e+01,2.520791010652827069e+01,2.522944502779594345e+01,2.525215292574875292e+01,2.527595038203813260e+01,2.530073155557321840e+01,2.532636791997158809e+01,2.535270847315034715e+01,2.537958045596635870e+01,2.540679060450482751e+01,2.543412694640089455e+01,2.546136113585741612e+01,2.548825130528904737e+01,2.551454539435538393e+01,2.553998490018073753e+01,2.556430897646647082e+01,2.558725879465887232e+01,2.560858206798960879e+01,2.562803762964572840e+01,2.564539995005118556e+01,2.566046347563282382e+01,2.567304667274197527e+01,2.568299566569143266e+01,2.569018736706397021e+01,2.569453201130247066e+01,2.569597501869221645e+01,2.569449813563840834e+01,2.569011981794976762e+01,2.568289484589425697e+01,2.567291318227060160e+01,2.566029810679479084e+01,2.564520368090915525e+01,2.562781161591489010e+01,2.560832763343049834e+01,2.558697742003355557e+01,2.556400228714062450e+01,2.553965465246977473e+01,2.551419346072894712e+01,2.548787965856482529e+01,2.546097183253170115e+01,2.543372210927912036e+01,2.540637240481012782e+01,2.537915109511711265e+01,2.535227016440830283e+01,2.532592287017002874e+01,2.530028194713903389e+01,2.527549835552235891e+01,2.525170056307684519e+01,2.522899433644155209e+01,2.520746300480247015e+01,2.518716814885076971e+01,2.516815066025223757e+01,2.515043211154538838e+01,2.513401637349456763e+01,2.511889141631503009e+01,2.510503123265440806e+01,2.509239782349262526e+01,2.508094319290040985e+01,2.507061130353935852e+01,2.506133995155085969e+01,2.505306252673132761e+01,2.504570963131224914e+01,2.503921053797357743e+01,2.503349447467552835e+01,2.502849173030055496e+01,2.502413458080484432e+01,2.502035804048651713e+01,2.501710044702914004e+01,2.501430389216025318e+01,2.501191451209560412e+01,2.500988265347155348e+01,2.500816293127398282e+01,2.500671419544083562e+01,2.500549942244709811e+01,2.500448554737777229e+01,2.500364325085925543e+01,2.500294671384870426e+01,2.500237335176390729e+01,2.500190353785075459e+01,2.500152032409829062e+01,2.500120916647666292e+01,2.500095765983281026e+01,2.500075528646266676e+01,2.500059318120662510e+01,2.500046391489709663e+01,2.500036129712594857e+01,2.500028019859101036e+01,2.500021639271651352e+01,2.500016641580950960e+01,2.500012744469893988e+01,2.500009719059032065e+01,2.500007380774119881e+01,2.500005581550505696e+01,2.500004203229012489e+01,2.500003152002091511e+01,2.500002353776325847e+01,2.500001750326763172e+01
2.511052435391229309e+01,2.512403360738968416e+01,2.513861339889959723e+01,2.515426044657334259e+01,2.517095691440666627e+01,2.518866908316932296e+01,2.520734622478302001e+01,2.522691973194690718e+01,2.524730255241362897e+01,2.526838897296189401e+01,2.529005479174468363e+01,2.531215790937249110e+01,2.533453935896547904e+01,2.535702478371569057e+01,2.537942635756867560e+01,2.540154513086987009e+01,2.542317376869970857e+01,2.544409963566697286e+01,2.546410816769328989e+01,2.548298645935972573e+01,2.550052698523111872e+01,2.551653136571039227e+01,2.553081408281361675e+01,2.554320604911073289e+01,2.555355793414480914e+01,2.556174315699295718e+01,2.556766046119671287e+01,2.557123599886257281e+01,2.557242486397713321e+01,2.557121203043883995e+01,2.556761266742390148e+01,2.556167182284537986e+01,2.555346348415331548e+01,2.554308904386545720e+01,2.553067521433406384e+01,2.551637145171252641e+01,2.550034696232989262e+01,2.548278737525512128e+01,2.546389117239828437e+01,2.544386597184685783e+01,2.542292476120366729e+01,2.540128217554744694e+01,2.537915090947547014e+01,2.535673834482373579e+01,2.533424346550432915e+01,2.531185411893606485e+01,2.528974467030657181e+01,2.526807408194729732e+01,2.524698443597920416e+01,2.522659990462043567e+01,2.520702615961227977e+01,2.518835020052437557e+01,2.517064057157138635e+01,2.515394792825080472e+01,2.513830590874196247e+01,2.512373226064689291e+01,2.511023017127529045e+01,2.509778974917465533e+01,2.508638960581359001e+01,2.507599848902214035e+01,2.506657692372305846e+01,2.505807882037600010e+01,2.505045301712056371e+01,2.504364472756738635e+01,2.503759687229064923e+01,2.503225127808795492e+01,2.502754973479558842e+01,2.502343490471679033e+01,2.501985108441547112e+01,2.501674482266440691e+01,2.501406540166978942e+01,2.501176519131013976e+01,2.500979988804525433e+01,2.500812865141071484e+01,2.500671415167624190e+01,2.500552254238531091e+01,2.500452337119022062e+01,2.500368944173643726e+01,2.500299663841606446e+01,2.500242372468305518e+01,2.500195212437474979e+01,2.500156569418041030e+01,2.500125049409196620e+01,2.500099456140982923e+01,2.500078769269191525e+01,2.500062123695142802e+01,2.500048790244498420e+01,2.500038157855539112e+01,2.500029717356510517e+01,2.500023046853371511e+01,2.500017798702833360e+01,2.500013688010012558e+01,2.500010482564048075e+01,2.500007994107481224e+01,2.500006070824657201e+01,2.500004590929708215e+01,2.500003457234551973e+01,2.500002592580758787e+01,2.500001936025127236e+01,2.500001439676557169e+01
