2.567434344092937692e+01,2.572320254574887599e+01,2.577248528669600702e+01,2.582194634596584137e+01,2.587134917413787250e+01,2.592046934328102381e+01,2.596909693396739982e+01,2.601703787646615140e+01,2.606411423939338690e+01,2.611016353530651557e+01,2.615503718704700020e+01,2.619859836596457114e+01,2.624071946882417805e+01,2.628127954032185443e+01,2.632016196994733548e+01,2.635725279400838161e+01,2.639243991603124684e+01,2.642561352301996891e+01,2.645666792411063639e+01,2.648550497604234621e+01,2.651203919140036902e+01,2.653620455589222615e+01,2.655796301487979960e+01,2.657731453105909480e+01,2.659430856714948277e+01,2.660905681029407077e+01,2.662174692665177744e+01,2.663265711069169583e+01,2.664217116658975471e+01,2.665079381928018520e+01,2.665916588938396714e+01,2.666807886921198545e+01,2.667848829894808560e+01,2.669152516121017626e+01,2.670850429531621018e+01,2.673092859787349695e+01,2.676048755491544640e+01,2.679904848700850195e+01,2.684863883773849125e+01,2.691141795890317923e+01,2.698963720193135174e+01,2.708558776210856323e+01,2.720153666502091738e+01,2.733965252537008439e+01,2.750192419926120380e+01,2.769007710258101795e+01,2.790549365271674986e+01,2.814914585350037868e+01,2.842154931526392403e+01,2.872274881540000280e+01,2.905234570216548917e+01,2.940957687796348097e+01,2.979345361817888360e+01,3.020296591436360956e+01,3.063735415739743928e+01,3.109644452771358658e+01,3.158103714778125948e+01,3.209332666066678996e+01,3.263732344313623912e+01,3.321923060953752582e+01,3.384771847425031410e+01,3.453402626220186988e+01,3.529181356554487081e+01,3.613668503998425763e+01,3.708532500335503101e+01,3.815420714100334010e+01,3.935788982907753564e+01,4.070696809264916993e+01,4.220582353523671770e+01,4.385038428734774385e+01,4.562616539652576364e+01,4.750689189864017692e+01,4.945399910415697775e+01,5.141724892827291171e+01,5.333659640370547095e+01,5.514529526727272923e+01,5.677406366030230345e+01,5.815596591229742529e+01,5.923153272397929925e+01,5.995356617314384806e+01,6.029107614941799653e+01,6.023187682422658895e+01,5.978352661286793079e+01,5.897250007672252536e+01,5.784170291148442544e+01,5.644664565463975237e+01,5.485074567153189662e+01,5.312030779173680628e+01,5.131973291278424654e+01,4.950742695377331870e+01,4.773274828623161170e+01,4.603416674556200405e+01,4.443864030850137681e+01,4.296207193254446111e+01,4.161060676692613924e+01,4.038247718898810490e+01,3.927009860281874865e+01,3.826215380662909382e+01,3.734546462665753097e+01,3.650652184297078406e+01
2.583206721908488035e+01,2.589074383114488143e+01,2.594964930781360835e+01,2.600846951596999190e+01,2.606690553118419018e+01,2.612467823700660219e+01,2.618153161016605779e+01,2.623723457300100392e+01,2.629158138872329786e+01,2.634439067404155210e+01,2.639550320069955802e+01,2.644477874606180734e+01,2.649209232695481120e+01,2.653733020549255173e+01,2.658038608691845539e+01,2.662115793563116029e+01,2.665954581644592736e+01,2.669545112558734345e+01,2.672877751346781849e+01,2.675943372398571896e+01,2.678733848888333569e+01,2.681242752708089938e+01,2.683466261405494535e+01,2.685404261050222274e+01,2.687061627625967475e+01,2.688449664587383481e+01,2.689587670450547563e+01,2.690504607192157494e+01,2.691240836985394225e+01,2.691849890303684845e+01,2.692400221438993313e+01,2.692976896820798061e+01,2.693683146312922361e+01,2.694641687669785313e+01,2.695995710288720559e+01,2.697909378319780771e+01,2.700567688589913473e+01,2.704175500659957976e+01,2.708955550897812614e+01,2.715145276631625038e+01,2.722992316945029856e+01,2.732748628846143291e+01,2.744663264137837899e+01,2.758973992339156922e+01,2.775898122890040653e+01,2.795623065240147653e+01,2.818297353574538988e+01,2.844023036015984474e+01,2.872850466843172512e+01,2.904776625510307397e+01,2.939748100463745928e+01,2.977669803003384885e+01,3.018420301311029874e+01,3.061874370085748609e+01,3.107932915647807448e+01,3.156559833609676957e+01,3.207824558145834715e+01,3.261948047849443810e+01,3.319348726596044230e+01,3.380683509510294016e+01,3.446877617787053794e+01,3.519135638968822377e+01,3.598925536949951010e+01,3.687927450679634234e+01,3.787940554231241919e+01,3.900744322306408662e+01,4.027915400635937004e+01,4.170607751471050761e+01,4.329311254793016417e+01,4.503611490189992139e+01,4.691979644563606655e+01,4.891624869953645316e+01,5.098440571226664986e+01,5.307070132139516261e+01,5.511106386999821893e+01,5.703423615536537739e+01,5.876622899417241541e+01,6.023554041908518286e+01,6.137862976213583721e+01,6.214505486350625318e+01,6.250168092431982103e+01,6.243545722060670045e+01,6.195442342128461632e+01,6.108682633492035308e+01,5.987846589174917256e+01,5.838860767396362661e+01,5.668496377676494546e+01,5.483833012323623279e+01,5.291746721968640088e+01,5.098472912551235936e+01,4.909280195482821796e+01,4.728273689678848513e+01,4.558328428253526710e+01,4.401138180122932653e+01,4.257354067331339564e+01,4.126781721619362031e+01,4.008605240550792104e+01,3.901609928590046650e+01,3.804382313946084082e+01,3.715473659421714814e+01
2.602321612853236843e+01,2.609348571823336371e+01,2.616369265869021987e+01,2.623343735504785457e+01,2.630234408833415216e+01,2.637006721909475715e+01,2.643629563324028453e+01,2.650075526057196740e+01,2.656320961732640029e+01,2.662345845148704981e+01,2.668133469520014600e+01,2.673670004402460521e+01,2.678943958017478622e+01,2.683945592984739648e+01,2.688666348837913489e+01,2.693098325872168175e+01,2.697233882826791174e+01,2.701065395852720386e+01,2.704585218585176776e+01,2.707785873552745670e+01,2.710660494352536887e+01,2.713203526812596422e+01,2.715411686531497537e+01,2.717285160404511402e+01,2.718829031488891346e+01,2.720054900016965149e+01,2.720982668374055535e+01,2.721642453869690570e+01,2.722076589214152520e+01,2.722341665520592358e+01,2.722510564961127244e+01,2.722674418534096219e+01,2.722944407717750082e+01,2.723453306776094252e+01,2.724356635931729542e+01,2.725833266768596985e+01,2.728085293997609284e+01,2.731336967730716125e+01,2.735832474695271799e+01,2.741832373176638171e+01,2.749608532455661347e+01,2.759437509120591869e+01,2.771592412923218163e+01,2.786333472570886727e+01,2.803897700535145532e+01,2.824488263655186771e+01,2.848264376118686059e+01,2.875332722844856903e+01,2.905741572299922382e+01,2.939478826739662054e+01,2.976475265220325284e+01,3.016614143313304197e+01,3.059748107527658334e+01,3.105724045207400863e+01,3.154416001682779225e+01,3.205765630525585408e+01,3.259828772913449768e+01,3.316825669044715141e+01,3.377190993979779421e+01,3.441618437310651757e+01,3.511093042277472875e+01,3.586903215306151793e+01,3.670623545160164980e+01,3.764059746597302336e+01,3.869148601994342584e+01,3.987809073429585993e+01,4.121745950410503667e+01,4.272214303413857550e+01,4.439761016745974587e+01,4.623967704716404370e+01,4.823225927175999317e+01,5.034579199747020084e+01,5.253665369746784108e+01,5.474786541086365332e+01,5.691121772419033675e+01,5.895081205271794289e+01,6.078781148827130210e+01,6.234600845994705054e+01,6.355766431144056838e+01,6.436898961008836295e+01,6.474463439720568658e+01,6.467065117804105512e+01,6.415556999573220764e+01,6.322945855537423654e+01,6.194109411288099665e+01,6.035360680962813262e+01,5.853912947646229981e+01,5.657308097110035305e+01,5.452870889063763116e+01,5.247242984365543350e+01,5.046035251923741782e+01,4.853618079944072861e+01,4.673050390364832651e+01,4.506131698398086627e+01,4.353549906918966883e+01,4.215091515054092497e+01,4.089880404530013891e+01,3.976615337862147470e+01,3.873783237069116581e+01,3.779833549034034945e+01
2.625374361373217269e+01,2.633765180359548097e+01,2.642108349388393052e+01,2.650353371262220037e+01,2.658453278686391030e+01,2.666365458731436888e+01,2.674052245549711770e+01,2.681481257850246536e+01,2.688625473023173384e+01,2.695463046087480308e+01,2.701976897755805851e+01,2.708154110803018710e+01,2.713985186601834343e+01,2.719463223311453248e+01,2.724583083155578223e+01,2.729340618153485565e+01,2.733732021517369404e+01,2.737753365946040063e+01,2.741400380753048083e+01,2.744668507923784162e+01,2.747553263724377715e+01,2.750050918389143106e+01,2.752159492677340680e+01,2.753880057571935680e+01,2.755218312715742712e+01,2.756186410631986661e+01,2.756804987231095794e+01,2.757105353978051454e+01,2.757131802346357574e+01,2.756943965398683716e+01,2.756619172875131341e+01,2.756254723438797782e+01,2.755969979508835976e+01,2.755908165988541469e+01,2.756237725000820760e+01,2.757153046951519570e+01,2.758874368235264640e+01,2.761646603985798620e+01,2.765736878359728479e+01,2.771430533701742860e+01,2.779025452063675417e+01,2.788824614676898150e+01,2.801126960464759108e+01,2.816216782002189234e+01,2.834352109009624243e+01,2.855752761773388571e+01,2.880588990452839937e+01,2.908971827666955789e+01,2.940946445904378947e+01,2.976489903748687027e+01,3.015514663892265901e+01,3.057879153021087859e+01,3.103406392863716690e+01,3.151911346894532784e+01,3.203237079219957906e+01,3.257299087463386655e+01,3.314136224698044231e+01,3.373965449216247237e+01,3.437236243546826842e+01,3.504678985339298691e+01,3.577339972153234271e+01,3.656594442585286231e+01,3.744128149407673334e+01,3.841878263532505144e+01,3.951926079507954626e+01,4.076337530284216371e+01,4.216953061041883188e+01,4.375135764217080947e+01,4.551495187176652735e+01,4.745612752046906024e+01,4.955801738763780406e+01,5.178938563546888219e+01,5.410401074718021164e+01,5.644142768439405700e+01,5.872919086368626296e+01,6.088664321111087219e+01,6.282997300559478759e+01,6.447814022937889433e+01,6.575909236682427661e+01,6.661559790012979931e+01,6.701002627854069260e+01,6.692750279514558542e+01,6.637705469018521853e+01,6.539061337377555105e+01,6.402000761914950999e+01,6.233233040688664772e+01,6.040424861779311527e+01,5.831592266909562028e+01,5.614520187624739833e+01,5.396266806822835349e+01,5.182793728244583065e+01,4.978742939027530667e+01,4.787361311967875821e+01,4.610555994691081594e+01,4.449051637938823944e+01,4.302614021280453471e+01,4.170304085168255881e+01,4.050730600890151578e+01,3.942277085510662005e+01,3.843287330342980113e+01
2.653033324404747262e+01,2.663022347329504669e+01,2.672907129178690511e+01,2.682624272946187460e+01,2.692115390415694520e+01,2.701328183373035330e+01,2.710217223194765168e+01,2.718744397012199698e+01,2.726879008099940904e+01,2.734597538789138582e+01,2.741883104728007226e+01,2.748724648362829370e+01,2.755115935839739905e+01,2.761054434066709717e+01,2.766540152633286453e+01,2.771574538203102023e+01,2.776159506780132347e+01,2.780296692187911489e+01,2.783986977823970221e+01,2.787230364185971254e+01,2.790026207948559289e+01,2.792373850744575137e+01,2.794273638499839763e+01,2.795728316271382141e+01,2.796744769853841817e+01,2.797336074362987901e+01,2.797523801504776841e+01,2.797340530676527237e+01,2.796832503269579462e+01,2.796062352945207152e+01,2.795111835363988462e+01,2.794084467013048823e+01,2.793107962964477409e+01,2.792336337076723396e+01,2.791951496186453952e+01,2.792164124956444482e+01,2.793213625126881894e+01,2.795366849021671740e+01,2.798915361156476678e+01,2.804170983529700578e+01,2.811459439180750408e+01,2.821112012408476488e+01,2.833455296356165931e+01,2.848799297640811545e+01,2.867424404730685694e+01,2.889567986139039490e+01,2.915411644097001087e+01,2.945070382531779529e+01,2.978585126346513334e+01,3.015920124631852062e+01,3.056966759383525911e+01,3.101555143817108373e+01,3.149474614301766096e+01,3.200503782127024266e+01,3.254450198386859228e+01,3.311198875780225137e+01,3.370767882054224174e+01,3.433367956127725051e+01,3.499461611110532999e+01,3.569815543071755570e+01,3.645538508304285585e+01,3.728095420562500806e+01,3.819287623263534215e+01,3.921189569314226731e+01,4.036033975225299741e+01,4.166041301500228400e+01,4.313195314140493508e+01,4.478974293792754224e+01,4.664056485887337544e+01,4.868027420392377280e+01,5.089124146919114366e+01,5.324055414466751301e+01,5.567935722350816263e+01,5.814363903462800920e+01,6.055663356838759626e+01,6.283282313984638279e+01,6.488330913462299065e+01,6.662210633036544039e+01,6.797274465377901720e+01,6.887446502156740280e+01,6.928729659623652992e+01,6.919540867737808298e+01,6.860832996024592489e+01,6.755989179044046011e+01,6.610503860826534606e+01,6.431491182958922082e+01,6.227081137114553400e+01,6.005774292141808957e+01,5.775825765167594739e+01,5.544719207347854706e+01,5.318774305633924371e+01,5.102910077046565362e+01,4.900564751596421331e+01,4.713754572890620409e+01,4.543240689716625980e+01,4.388766525168337296e+01,4.249327425962985672e+01,4.123438875269955872e+01,4.009377379303246869e+01,3.905377435867335834e+01
2.686040035829455164e+01,2.697894086570346062e+01,2.709568699148664095e+01,2.720984799849633617e+01,2.732070208487828467e+01,2.742761039173314686e+01,2.753002713058402051e+01,2.762750540852719183e+01,2.771969857305997920e+01,2.780635715854749535e+01,2.788732177548449798e+01,2.796251252531064324e+01,2.803191573181866758e+01,2.809556894173259067e+01,2.815354525174992162e+01,2.820593806128665904e+01,2.825284732795865139e+01,2.829436831974896194e+01,2.833058372146279069e+01,2.836155977474019707e+01,2.838734692452476338e+01,2.840798522580316288e+01,2.842351454788424903e+01,2.843398941307494354e+01,2.843949813272012150e+01,2.844018576195660586e+01,2.843628028517752782e+01,2.842812136069785112e+01,2.841619088269016657e+01,2.840114454298375790e+01,2.838384347337171221e+01,2.836538489928091877e+01,2.834713052122323163e+01,2.833073105455233787e+01,2.831814500964328829e+01,2.831164941356454534e+01,2.831383981482575507e+01,2.832761665364270343e+01,2.835615502059635062e+01,2.840285507687369915e+01,2.847127107615460417e+01,2.856501809579227924e+01,2.868765729394026209e+01,2.884256273761389266e+01,2.903277549571698302e+01,2.926085358157583727e+01,2.952872920993643646e+01,2.983758740079646898e+01,3.018778189338225104e+01,3.057880531814022618e+01,3.100933034516577180e+01,3.147733687276800296e+01,3.198033707829610961e+01,3.251570518643771379e+01,3.308111196683739053e+01,3.367505506665393966e+01,3.429746511362688466e+01,3.495035397136018673e+01,3.563845574154017015e+01,3.636979378559363596e+01,3.715608974144777932e+01,3.801291592283679677e+01,3.895948448716904977e+01,4.001797015754822695e+01,4.121228313688484235e+01,4.256624928972084376e+01,4.410121741123975880e+01,4.583319622021028295e+01,4.776971925390459717e+01,4.990673134534497990e+01,5.222586863235695631e+01,5.469254590075170341e+01,5.725525304344962052e+01,5.984638516698491628e+01,6.238478719979837450e+01,6.477999532047502385e+01,6.693792860707509362e+01,6.876755954931708459e+01,7.018791038656678438e+01,7.113461940910831061e+01,7.156532222036322821e+01,7.146320522572283096e+01,7.083830000426577556e+01,6.972636676366333575e+01,6.818551859540660587e+01,6.629101683796170619e+01,6.412887749376938018e+01,6.178903865601407119e+01,5.935883739617372612e+01,5.691743972248081462e+01,5.453168433099442325e+01,5.225357609769720568e+01,5.011943778421921536e+01,4.815053286447167125e+01,4.635483305897533057e+01,4.472953228722336405e+01,4.326390255561252474e+01,4.194213473647702983e+01,4.074589006714666084e+01,3.965638664977720396e+01
2.725206774214865746e+01,2.739227678970240731e+01,2.752971513744276422e+01,2.766340293071285572e+01,2.779245293164090214e+01,2.791608846344990269e+01,2.803365641649025619e+01,2.814463476484740312e+01,2.824863434662098527e+01,2.834539498582288175e+01,2.843477635865723485e+01,2.851674431080141758e+01,2.859135359558760214e+01,2.865872820888846206e+01,2.871904063234449112e+01,2.877249135471705799e+01,2.881929001963015224e+01,2.885963945053424595e+01,2.889372363951797240e+01,2.892170056928798871e+01,2.894370048424505981e+01,2.895982995589987752e+01,2.897018181870157960e+01,2.897485080162526216e+01,2.897395446176875211e+01,2.896765884648948841e+01,2.895620817124300572e+01,2.893995769469427159e+01,2.891940888680224830e+01,2.889524589898267237e+01,2.886837223370165972e+01,2.883994634931178780e+01,2.881141470492697110e+01,2.878454044106883458e+01,2.876142551378798373e+01,2.874452368557671988e+01,2.873664138564326720e+01,2.874092317271006536e+01,2.876081847618501186e+01,2.880002657957751566e+01,2.886241756257371449e+01,2.895192822900359886e+01,2.907243396177435102e+01,2.922759993654567978e+01,2.942071808086725326e+01,2.965453938098030306e+01,2.993111432913409331e+01,3.025165712703202203e+01,3.061645135055176681e+01,3.102481578932099637e+01,3.147514880602531306e+01,3.196506758872980924e+01,3.249165493501182311e+01,3.305182058763037389e+01,3.364277651512745848e+01,3.426261574567494961e+01,3.491097225448485375e+01,3.558972489130015049e+01,3.630369160671945394e+01,3.706124204734412331e+01,3.787473858383262382e+01,3.876070082195677458e+01,3.973958067809723360e+01,4.083503920749063809e+01,4.207263783278924052e+01,4.347789974217456432e+01,4.507376378464122979e+01,4.687754080057160877e+01,4.889758321907168437e+01,5.112997946161836182e+01,5.355566708182115576e+01,5.613840242096228650e+01,5.882401147360078397e+01,6.154126468437413422e+01,6.420456630857482594e+01,6.671843901008514877e+01,6.898354241191444203e+01,7.090372684267842374e+01,7.239343164402566799e+01,7.338462889108930653e+01,7.383251444097280114e+01,7.371926699766737556e+01,7.305541936658008240e+01,7.187868153520351200e+01,7.025037597412466539e+01,6.824993994103313355e+01,6.596817107945909697e+01,6.350000883031338361e+01,6.093764256701921767e+01,5.836462657239852803e+01,5.585148872090177008e+01,5.345308222376837648e+01,5.120768943643344784e+01,4.913768008720133906e+01,4.725137907364469214e+01,4.554572302020041263e+01,4.400927823664100913e+01,4.262524282807274290e+01,4.137414325877735166e+01,4.023603968517197416e+01
2.771410966861929381e+01,2.787937772157997074e+01,2.804063198190747386e+01,2.819666613962897372e+01,2.834639587196557997e+01,2.848888158944291149e+01,2.862334495983412808e+01,2.874917850063150482e+01,2.886594790727958681e+01,2.897338718737393748e+01,2.907138707497373886e+01,2.915997757823939907e+01,2.923930584349685802e+01,2.930961077867770115e+01,2.937119605303084668e+01,2.942440316840275472e+01,2.946958627749822313e+01,2.950709031066871546e+01,2.953723377583419563e+01,2.956029733264368886e+01,2.957651893257012432e+01,2.958609598423376497e+01,2.958919467091058664e+01,2.958596623583351004e+01,2.957656977710667690e+01,2.956120086802884117e+01,2.954012514261572520e+01,2.951371585351691706e+01,2.948249430491902245e+01,2.944717196343133025e+01,2.940869292755140307e+01,2.936827526277431133e+01,2.932744946173762202e+01,2.928809195630248752e+01,2.925245120021394740e+01,2.922316339240291683e+01,2.920325448829859738e+01,2.919612484707467104e+01,2.920551280986321174e+01,2.923543383501917248e+01,2.929009266434992043e+01,2.937376746310064846e+01,2.949066701552430558e+01,2.964476483634052428e+01,2.983961734819292388e+01,3.007817684559867644e+01,3.036261349414266064e+01,3.069416371243077535e+01,3.107302454208622677e+01,3.149831463830420120e+01,3.196812198323461374e+01,3.247965609594371017e+01,3.302951822923533598e+01,3.361409670445678444e+01,3.423008605262977255e+01,3.487511789500480575e+01,3.554847838924856518e+01,3.625187155065863465e+01,3.699017006980573541e+01,3.777207620002262445e+01,3.861059660756676237e+01,3.952321969630901322e+01,4.053167606123135158e+01,4.166116763066617779e+01,4.293897422107743012e+01,4.439239213098107939e+01,4.604602986365332384e+01,4.791857854919507531e+01,5.001928094024468407e+01,5.234442880283694421e+01,5.487430503747428645e+01,5.757103267774128597e+01,6.037777868839997097e+01,6.321967367332122478e+01,6.600664795288847131e+01,6.863816291534105574e+01,7.100956136928377305e+01,7.301951028174512714e+01,7.457780709346883441e+01,7.561270655251428252e+01,7.607692630022063440e+01,7.595161482844937950e+01,7.524780117887611652e+01,7.400515735360279734e+01,7.228824263163218689e+01,7.018070937570783485e+01,6.777818344404028039e+01,6.518065484073318316e+01,6.248521252511854129e+01,5.977984047824840275e+01,5.713878837146383205e+01,5.461977978153619517e+01,5.226306749305084054e+01,5.009212757327564702e+01,4.811562869989001001e+01,4.633023313984622860e+01,4.472377885664498365e+01,4.327844503892018935e+01,4.197359562999281479e+01,4.078810508022294812e+01
2.825585880369887093e+01,2.844996618596534788e+01,2.863850368687188208e+01,2.881999585911843198e+01,2.899312522858868846e+01,2.915676084129658108e+01,2.930997904435189838e+01,2.945207559979520440e+01,2.958256869292409874e+01,2.970119289300473042e+01,2.980788462284027318e+01,2.990276016281945459e+01,2.998608762492687063e+01,3.005825465702620392e+01,3.011973385787982593e+01,3.017104798674979804e+01,3.021273703435698010e+01,3.024532908936540565e+01,3.026931669938374370e+01,3.028514010757708164e+01,3.029317837030254879e+01,3.029374895551213243e+01,3.028711601409444043e+01,3.027350713253710168e+01,3.025313803591049577e+01,3.022624442839300585e+01,3.019311993826365281e+01,3.015415896898948489e+01,3.010990313088807824e+01,3.006108981308360129e+01,3.000870132150773273e+01,2.995401282301303425e+01,2.989863707145537930e+01,2.984456353568292286e+01,2.979418911056382768e+01,2.975033710884928340e+01,2.971626077664564392e+01,2.969562725636075484e+01,2.969247787513764081e+01,2.971116101677749555e+01,2.975623478872743277e+01,2.983233833857923401e+01,2.994403306053353475e+01,3.009561802562765109e+01,3.029092762500069824e+01,3.053312337253643705e+01,3.082449570807116501e+01,3.116629503884837504e+01,3.155861369283666207e+01,3.200034149770283420e+01,3.248921698321164797e+01,3.302199347620200598e+01,3.359473446466468971e+01,3.420324547562622541e+01,3.484364029421516307e+01,3.551302759075863236e+01,3.621028985379176390e+01,3.693690996399780602e+01,3.769778207919958390e+01,3.850192360628328458e+01,3.936298572304248466e+01,4.029944423317725466e+01,4.133434487877705976e+01,4.249448303768193114e+01,4.380892270230340557e+01,4.530680841454942254e+01,4.701449827936740178e+01,4.895214359101734658e+01,5.112995235633894708e+01,5.354448519448631316e+01,5.617542270937057225e+01,5.898329115596815342e+01,6.190861777782841813e+01,6.487289543928837077e+01,6.778156684018594547e+01,7.052900531761366665e+01,7.300520071542236167e+01,7.510359548038471189e+01,7.672930356395717411e+01,7.780682469511251043e+01,7.828636814225293961e+01,7.814803216187402768e+01,7.740333347823332133e+01,7.609390902676298651e+01,7.428756804672727299e+01,7.207219914178469367e+01,6.954828258151101750e+01,6.682088698108520930e+01,6.399202767258358193e+01,6.115414117565796204e+01,5.838521583141058358e+01,5.574585525686423182e+01,5.327828471575451630e+01,5.100708133432502223e+01,4.894124582447072669e+01,4.707714912874223501e+01,4.540188010854777900e+01,4.389657593801803159e+01,4.253941392593880266e+01,4.130805880541402075e+01
2.888707101741101013e+01,2.911419938835166121e+01,2.933383935123300290e+01,2.954419801231742326e+01,2.974368403923639903e+01,2.993094314976124792e+01,3.010488399476316346e+01,3.026469330384081147e+01,3.040983972691476822e+01,3.054006641189688054e+01,3.065537296936504674e+01,3.075598805133647673e+01,3.084233427626324442e+01,3.091498763477348177e+01,3.097463378629521813e+01,3.102202379050850212e+01,3.105793180474538673e+01,3.108311712457634002e+01,3.109829266525383318e+01,3.110410160015983649e+01,3.110110341888312746e+01,3.108977017554968114e+01,3.107049320155433847e+01,3.104360008719557129e+01,3.100938131934350750e+01,3.096812561396109587e+01,3.092016270897415708e+01,3.086591217845163726e+01,3.080593667499588406e+01,3.074099787483963198e+01,3.067211325360331386e+01,3.060061162275998470e+01,3.052818507643250712e+01,3.045693461908026478e+01,3.038940627527231442e+01,3.032861396441476387e+01,3.027804493590254964e+01,3.024164322274400973e+01,3.022376653597288509e+01,3.022911245762868049e+01,3.026261086070323714e+01,3.032928131837976693e+01,3.043405692106910720e+01,3.058157935674134009e+01,3.077597416385835061e+01,3.102061944358452195e+01,3.131792560996196073e+01,3.166914747376683792e+01,3.207425258005054047e+01,3.253187076585113857e+01,3.303934897655732783e+01,3.359293220435827010e+01,3.418808584615421609e+01,3.481996677658471384e+01,3.548403999728355984e+01,3.617682485877172383e+01,3.689673955504023439e+01,3.764499493912756378e+01,3.842646905254123624e+01,3.925047303973050816e+01,4.013129922434448105e+01,4.108842622340061723e+01,4.214624861230245045e+01,4.333320545997698048e+01,4.468020893139745908e+01,4.621832589871655728e+01,4.797574400416742435e+01,4.997415600226071319e+01,5.222481341771579366e+01,5.472461698168790178e+01,5.745270598513587856e+01,6.036805826014683873e+01,6.340859575618168975e+01,6.649219389125258317e+01,6.951981474441103614e+01,7.238073905716120748e+01,7.495959006663095181e+01,7.714456583835524839e+01,7.883607377106474701e+01,7.995483517101015991e+01,8.044852963718827255e+01,8.029618783220823275e+01,7.950980183409910751e+01,7.813296653248023915e+01,7.623673910120577091e+01,7.391324633165179137e+01,7.126782744310592932e+01,6.841063522125210739e+01,6.544861639814666887e+01,6.247866316814499044e+01,5.958250275124073880e+01,5.682361544485702609e+01,5.424619182755711932e+01,5.187589924961875454e+01,4.972205638163566732e+01,4.778072615917575661e+01,4.603822979249899561e+01,4.447464278632963897e+01,4.306693576588358496e+01,4.179154391986069328e+01
2.961774409983163991e+01,2.988247996607202950e+01,3.013739462338973851e+01,3.038032361372962242e+01,3.060935626047944424e+01,3.082287938760160273e+01,3.101960925967248173e+01,3.119861033737709022e+01,3.135930012763232710e+01,3.150144014421373129e+01,3.162511373762623634e+01,3.173069225516451652e+01,3.181879160943341489e+01,3.189022182776407988e+01,3.194593249650220912e+01,3.198695718458017012e+01,3.201435992389191654e+01,3.202918664608892385e+01,3.203242414463186805e+01,3.202496867549834292e+01,3.200760576566099758e+01,3.198100220549240902e+01,3.194571060055037037e+01,3.190218628763100384e+01,3.185081591067008233e+01,3.179195652508928305e+01,3.172598376295485778e+01,3.165334734014819063e+01,3.157463200081253873e+01,3.149062184149571664e+01,3.140236579718525789e+01,3.131124186131855325e+01,3.121901731575736250e+01,3.112790184507351299e+01,3.104058990989817346e+01,3.096028820086910827e+01,3.089072347524794537e+01,3.083612572369118965e+01,3.080118159260739574e+01,3.079095348565174461e+01,3.081076096772596529e+01,3.086602313803015463e+01,3.096206358967939920e+01,3.110388338449854473e+01,3.129591195824373884e+01,3.154175070461640829e+01,3.184392870775293005e+01,3.220369415429064475e+01,3.262086777917833302e+01,3.309378574475286428e+01,3.361935818443375013e+01,3.419326597145406055e+01,3.481031196519238335e+01,3.546493403421480650e+01,3.615187561617999279e+01,3.686699552334963670e+01,3.760818221137500927e+01,3.837631894594574078e+01,3.917622564544395658e+01,4.001748165370219112e+01,4.091501328021580974e+01,4.188931391155622919e+01,4.296615753693716044e+01,4.417567445352801769e+01,4.555068680993510100e+01,4.712425644271512226e+01,4.892648007426512180e+01,5.098067432037618119e+01,5.329921561068940150e+01,5.587942173794017720e+01,5.869996041933301711e+01,6.171832159036107868e+01,6.486987202285669696e+01,6.806890896206371622e+01,7.121194252489749488e+01,7.418317964704439760e+01,7.686188698289916488e+01,7.913102077684801827e+01,8.088627833241437770e+01,8.204459419904665651e+01,8.255110636542653424e+01,8.238376336824424584e+01,8.155501634788157617e+01,8.011040075086356183e+01,7.812420367639307983e+01,7.569277184113614965e+01,7.292628514735579870e+01,6.993996244207163215e+01,6.684566399997962094e+01,6.374472012735009230e+01,6.072257965968940141e+01,5.784558259013688541e+01,5.515986807139184123e+01,5.269217714342242687e+01,5.045213007709898534e+01,4.843546560391723688e+01,4.662772125483409980e+01,4.500789503927907731e+01,4.355173533482649617e+01,4.223443256689306224e+01
3.045788779965698723e+01,3.076521619971554244e+01,3.105992318431304966e+01,3.133941275296892215e+01,3.160140458917611284e+01,3.184398744834471984e+01,3.206565822196667170e+01,3.226534494994380964e+01,3.244241287716543098e+01,3.259665353852178526e+01,3.272825775345395272e+01,3.283777426056094839e+01,3.292605647146636016e+01,3.299420042490474003e+01,3.304347744115435148e+01,3.307526519097263673e+01,3.309098089419957489e+01,3.309202015831395727e+01,3.307970457773788553e+01,3.305524067399966981e+01,3.301969210752677952e+01,3.297396638173523797e+01,3.291881653815951125e+01,3.285485765315218032e+01,3.278259732992978570e+01,3.270247886055533826e+01,3.261493532228402614e+01,3.252045256662024286e+01,3.241963883606165808e+01,3.231329856708397585e+01,3.220250776280624905e+01,3.208868809655143650e+01,3.197367659650646843e+01,3.185978733833557897e+01,3.174986104342619697e+01,3.164729789279333971e+01,3.155606831581486915e+01,3.148069614296477425e+01,3.142620850739502458e+01,3.139804744879826615e+01,3.140193951500747715e+01,3.144372192852005909e+01,3.152912715690241896e+01,3.166353194333787258e+01,3.185168180933438720e+01,3.209740736768937097e+01,3.240335396811257596e+01,3.277075062857694121e+01,3.319924723796849264e+01,3.368685005159596813e+01,3.422998406264986215e+01,3.482370661333855111e+01,3.546208948741222144e+01,3.613877673424397585e+01,3.684771273969509764e+01,3.758401973481135627e+01,3.834498617845750346e+01,3.913110749368206598e+01,3.994709897316351999e+01,4.080277837398148222e+01,4.171369485100584029e+01,4.270136480952730551e+01,4.379296881568873090e+01,4.502037286236748770e+01,4.641836830408738024e+01,4.802208270547468771e+01,4.986360061774065855e+01,5.196794567567276601e+01,5.434870346969092481e+01,5.700369137386695684e+01,5.991118407550504088e+01,6.302725655486909062e+01,6.628478666291832155e+01,6.959455237587516763e+01,7.284866298636845272e+01,7.592629468998052289e+01,7.870139224480399776e+01,8.105169602785457528e+01,8.286821009200252774e+01,8.406408964727442878e+01,8.458192892091852855e+01,8.439858276307168694e+01,8.352694096340687224e+01,8.201445126115302742e+01,7.993859599067812383e+01,7.739990243922486002e+01,7.451334912839392643e+01,7.139917817008033296e+01,6.817412167197143447e+01,6.494390893983120350e+01,6.179767500374154565e+01,5.880458845222648989e+01,5.601271040680805413e+01,5.344983326811014024e+01,5.112586034008237590e+01,4.903619064945446837e+01,4.716556485148734623e+01,4.549189183761382793e+01,4.398968706302760978e+01,4.263288598639478266e+01
3.141724449221796078e+01,3.177253099089007193e+01,3.211187541450838268e+01,3.243218449015304827e+01,3.273075325762571453e+01,3.300532971293375795e+01,3.325416217445253864e+01,3.347602726736374024e+01,3.367023740726859415e+01,3.383662772699515386e+01,3.397552346576139115e+01,3.408768985977278732e+01,3.417426747434868162e+01,3.423669664446167360e+01,3.427663520028490041e+01,3.429587391969941024e+01,3.429625416087539946e+01,3.427959189302368515e+01,3.424761188708197324e+01,3.420189518979528742e+01,3.414384223463832768e+01,3.407465309804879894e+01,3.399532554766742010e+01,3.390667070505674019e+01,3.380934540412035005e+01,3.370389970015922643e+01,3.359083748823852034e+01,3.347068781939520932e+01,3.334408423624430640e+01,3.321184924606164657e+01,3.307508085809507747e+01,3.293523787768224764e+01,3.279422032478113636e+01,3.265444090060697846e+01,3.251888286829193930e+01,3.239113909218635001e+01,3.227542639920452672e+01,3.217656904233777482e+01,3.209994506440457940e+01,3.205139000758335754e+01,3.203705391233367550e+01,3.206321006998088308e+01,3.213601761317094230e+01,3.226124468560655600e+01,3.244396439536879484e+01,3.268824161410745432e+01,3.299683436682345672e+01,3.337093838272325996e+01,3.381000663041479015e+01,3.431167667831817170e+01,3.487183698035327950e+01,3.548485836363311563e+01,3.614400898246337590e+01,3.684205988262441167e+01,3.757207429319904435e+01,3.832835707688285254e+01,3.910752168011904928e+01,3.990961075370654498e+01,4.073918393867900534e+01,4.160626328390581818e+01,4.252700551364684145e+01,4.352395436760333780e+01,4.462572043861398186e+01,4.586594645574645313e+01,4.728144920973753784e+01,4.890949046006758039e+01,5.078422012108708827e+01,5.293245238195655133e+01,5.536906881826951121e+01,5.809247429106461169e+01,6.108063777063746613e+01,6.428830477531391807e+01,6.764594695225005694e+01,7.106090204004078714e+01,7.442095277506190598e+01,7.760031271716943024e+01,8.046766489445982984e+01,8.289558396889098901e+01,8.477041869571826282e+01,8.600156868592560500e+01,8.652909241115156647e+01,8.632874257263935647e+01,8.541382294841167777e+01,8.383365407153172555e+01,8.166886156568132549e+01,7.902409211297694469e+01,7.601905617604126064e+01,7.277895081017382495e+01,6.942531360213564540e+01,6.606821150463389358e+01,6.280041161581570464e+01,5.969386552202069396e+01,5.679851963529395675e+01,5.414318954965273178e+01,5.173804092721439929e+01,4.957811850334211812e+01,4.764735599578035874e+01,4.592256611498014962e+01,4.437702599017369920e+01,4.298341130872915983e+01
3.250496212569335341e+01,3.291392134529192504e+01,3.330304606974218018e+01,3.366867456863147368e+01,3.400761778312565298e+01,3.431723695360523152e+01,3.459550057183990646e+01,3.484101811836379170e+01,3.505304921564431453e+01,3.523148809140779036e+01,3.537682452611048944e+01,3.549008367424492860e+01,3.557274822532683345e+01,3.562666724121076811e+01,3.565395662072293703e+01,3.565689646775840771e+01,3.563783066283432532e+01,3.559907366960101882e+01,3.554282907590298635e+01,3.547112361971758787e+01,3.538575954273854052e+01,3.528828711533923013e+01,3.517999815484769499e+01,3.506194037891828685e+01,3.493495155152467646e+01,3.479971162951546404e+01,3.465681052205868440e+01,3.450682863110111498e+01,3.435042702364933120e+01,3.418844385232505800e+01,3.402199343166314804e+01,3.385256413171293843e+01,3.368211091269849078e+01,3.351313786141808038e+01,3.334876550495057757e+01,3.319277702339448410e+01,3.304963687314292997e+01,3.292447493814765380e+01,3.282302937181228231e+01,3.275154202753785881e+01,3.271660204465329258e+01,3.272493594747724188e+01,3.278314661199933511e+01,3.289740858697054193e+01,3.307313326589562053e+01,3.331462383685871487e+01,3.362474615423837321e+01,3.400464692396484168e+01,3.445355407808684589e+01,3.496869520384757379e+01,3.554536781545073865e+01,3.617718977098655841e+01,3.685654915419642919e+01,3.757526059682668773e+01,3.832541959909136153e+01,3.910042826484963996e+01,3.989614537166256980e+01,4.071209127063052335e+01,4.155261442398282412e+01,4.242790267119998759e+01,4.335470077478046136e+01,4.435657999213547242e+01,4.546360040276522341e+01,4.671121873968709082e+01,4.813833006825559835e+01,4.978439608052154597e+01,5.168570793734686930e+01,5.387095388653526129e+01,5.635640053536152294e+01,5.914113327294613498e+01,6.220291130957688353e+01,6.549524876889546476e+01,6.894631045083310994e+01,7.246009334802474200e+01,7.592015150591473116e+01,7.919582955945733715e+01,8.215063507504393669e+01,8.465205197206478260e+01,8.658183333318888231e+01,8.784566368489012689e+01,8.838108420027873535e+01,8.816274017565778820e+01,8.720432037930731894e+01,8.555696712680853011e+01,8.330437969053245695e+01,8.055524059237303902e+01,7.743390031687425790e+01,7.407041637744853801e+01,7.059104024250804343e+01,6.711009240364906248e+01,6.372389879602770435e+01,6.050713364529242710e+01,5.751158177945382732e+01,5.476704799056659567e+01,5.228393764331924842e+01,5.005692773040352961e+01,4.806913839457509141e+01,4.629628399485689272e+01,4.471040355479212280e+01,4.328291393805272946e+01
3.372922383292197424e+01,3.419787294423785795e+01,3.464217572497909003e+01,3.505782585889092218e+01,3.544108671624684348e+01,3.578888382427995651e+01,3.609887278677020106e+01,3.636947961547058839e+01,3.659991181575235686e+01,3.679014006073169440e+01,3.694085180038631222e+01,3.705337959077795773e+01,3.712960820426481234e+01,3.717186561679285006e+01,3.718280370248661626e+01,3.716527485987550250e+01,3.712221083341722760e+01,3.705650968853694849e+01,3.697093628164149237e+01,3.686804069214101531e+01,3.675009802039202356e+01,3.661907178190217849e+01,3.647660192472116591e+01,3.632401733955501300e+01,3.616237168502886590e+01,3.599250046025612448e+01,3.581509654765966388e+01,3.563080091996899057e+01,3.544030483036154067e+01,3.524445953534847575e+01,3.504438937178689883e+01,3.484160375199681425e+01,3.463810329158654611e+01,3.443647480395512162e+01,3.423996928449855659e+01,3.405255632251898135e+01,3.387894774123336816e+01,3.372458286427984575e+01,3.359556788491532586e+01,3.349856264692952124e+01,3.344061000098703573e+01,3.342890598382238210e+01,3.347051347110123487e+01,3.357202759876911813e+01,3.373920784542556106e+01,3.397659871324104586e+01,3.428716773459215972e+01,3.467199522862895122e+01,3.513005395862546720e+01,3.565811779171379214e+01,3.625083601378928222e+01,3.690100374318656407e+01,3.760004885016604703e+01,3.833874212305700269e+01,3.910812050876126023e+01,3.990059356462071349e+01,4.071118128204656728e+01,4.153880772344632533e+01,4.238755022017708995e+01,4.326771952421515266e+01,4.419662456973118481e+01,4.519886001513887663e+01,4.630595064347653533e+01,4.755520035600224560e+01,4.898763154578543322e+01,5.064496841090466717e+01,5.256571714018509311e+01,5.478052307601076620e+01,5.730712873339115987e+01,6.014539788797886644e+01,6.327298437320359170e+01,6.664228146041061507e+01,7.017926312828514313e+01,7.378470573245408559e+01,7.733805636056004573e+01,8.070391039882085238e+01,8.374071273468945265e+01,8.631095676254257398e+01,8.829188158335898606e+01,8.958551424981209266e+01,9.012690776135433168e+01,8.988959804809566378e+01,8.888762548492275073e+01,8.717389146649799159e+01,8.483508128672330884e+01,8.198380699901646551e+01,7.874894153130493635e+01,7.526528178210313058e+01,7.166367586908356202e+01,6.806259063203202686e+01,6.456181826803060630e+01,6.123868038416900816e+01,5.814674311963899100e+01,5.531676070608841655e+01,5.275935372605865581e+01,5.046881933471085802e+01,4.842746115831914722e+01,4.660989822959382423e+01,4.498693762751918257e+01,4.352874440816624713e+01
3.509684163554794623e+01,3.563143754327730051e+01,3.613651400054917673e+01,3.660703978233664202e+01,3.703866382697430026e+01,3.742782452016316341e+01,3.777183004748516737e+01,3.806890621323928769e+01,3.831820973943388253e+01,3.851980680778340371e+01,3.867461838217950287e+01,3.878433553930462097e+01,3.885130953634405415e+01,3.887842256596198354e+01,3.886894601871622257e+01,3.882639354591581338e+01,3.875437627377343119e+01,3.865646717371799923e+01,3.853608088241876573e+01,3.839637425055086339e+01,3.824017166170469295e+01,3.806991779312818380e+01,3.788765908219870937e+01,3.769505380538365102e+01,3.749340944551272514e+01,3.728374497383749997e+01,3.706687483544481410e+01,3.684351080131256140e+01,3.661437740993733314e+01,3.638033641264488693e+01,3.614251538752876769e+01,3.590243541828951379e+01,3.566213237464708641e+01,3.542426583454171407e+01,3.519220905323830806e+01,3.497011266977268917e+01,3.476293417802179420e+01,3.457642478279178988e+01,3.441706537740927985e+01,3.429194431956970845e+01,3.420857173881476143e+01,3.417462850862138168e+01,3.419765285703467583e+01,3.428467378337180094e+01,3.444180767685760713e+01,3.467384223603529847e+01,3.498383918901883050e+01,3.537279348950774249e+01,3.583939064397961971e+01,3.637990472635991068e+01,3.698827677869186914e+01,3.765640630010366863e+01,3.837467734947874476e+01,3.913272569663827483e+01,3.992043494213510968e+01,4.072912818768068632e+01,4.155289830833055476e+01,4.238999482744419822e+01,4.324415970292594835e+01,4.412577939792009829e+01,4.505269877904864018e+01,4.605052735616897053e+01,4.715226536286767356e+01,4.839709261693970177e+01,4.982820372307389079e+01,5.148964435913426030e+01,5.342220695840324396e+01,5.565857606128007262e+01,5.821806235783467542e+01,6.110141029913218347e+01,6.428628083728895604e+01,6.772406918440532309e+01,7.133869106700008444e+01,7.502784290241550025e+01,7.866701048477395375e+01,8.211618573136365740e+01,8.522889033878962550e+01,8.786275285574232896e+01,8.989060237269694653e+01,9.121088336099157345e+01,9.175620057377028616e+01,9.149898197716471770e+01,9.045358177945149691e+01,8.867458598441209006e+01,8.625156015958985734e+01,8.330091665181809901e+01,7.995590739685253823e+01,7.635592082231659106e+01,7.263625865691466288e+01,6.891940368742757528e+01,6.530850238244673278e+01,6.188343356607062162e+01,5.869947741211893089e+01,5.578829219063081268e+01,5.316068756237842763e+01,5.081057032391809969e+01,4.871942858788829511e+01,4.686079454859318361e+01,4.520425571735678716e+01,4.371873870026699649e+01
3.661282487011153819e+01,3.721978426079227376e+01,3.779135601215876505e+01,3.832170047452341777e+01,3.880578274043311637e+01,3.923950080078149227e+01,3.961977986176404443e+01,3.994462858570496877e+01,4.021315489877760285e+01,4.042554104501090961e+01,4.058297963396294961e+01,4.068757440113316193e+01,4.074221115400591486e+01,4.075040580638021481e+01,4.071613742634750110e+01,4.064367478505399589e+01,4.053740497300812251e+01,4.040167226051215721e+01,4.024063456290831908e+01,4.005814370125401069e+01,3.985765421723878887e+01,3.964216391288059071e+01,3.941418764970717348e+01,3.917576436182660871e+01,3.892849580069742643e+01,3.867361430180426396e+01,3.841207588107744897e+01,3.814467423539861812e+01,3.787217070761376903e+01,3.759543492351333072e+01,3.731559053626691735e+01,3.703416023403529778e+01,3.675320379800500348e+01,3.647544248759756158e+01,3.620436237208016905e+01,3.594428848509091523e+01,3.570042099180270156e+01,3.547882414986950295e+01,3.528635900558994365e+01,3.513055182475902427e+01,3.501939253269644325e+01,3.496106117736247398e+01,3.496358573982546858e+01,3.503444139852504691e+01,3.518010925655624987e+01,3.540562094686590200e+01,3.571412358312170454e+01,3.610650620573166947e+01,3.658113311830027214e+01,3.713373034903768399e+01,3.775746816631917113e+01,3.844327472858087447e+01,3.918040354216645227e+01,3.995726078055818675e+01,4.076247829268514522e+01,4.158619504300378367e+01,4.242148456627175790e+01,4.326583960254704664e+01,4.412259839894679914e+01,4.500217171308227648e+01,4.592290774100956696e+01,4.691141776657203621e+01,4.800218355376652823e+01,4.923628487785692442e+01,5.065912889836127420e+01,5.231713771396179880e+01,5.425345818114105612e+01,5.650289471987095169e+01,5.908641937077876349e+01,6.200576352370727307e+01,6.523871544612245543e+01,6.873580698109206821e+01,7.241904442750711723e+01,7.618320533404846628e+01,7.989998364466747205e+01,8.342493959968012973e+01,8.660683785795754375e+01,8.929859326309693301e+01,9.136875117374725619e+01,9.271226569752951718e+01,9.325934412086908765e+01,9.298131126039325522e+01,9.189279303845898994e+01,9.004997386836426188e+01,8.754517575451710343e+01,8.449845919980387521e+01,8.104728588985989290e+01,7.733546118695720395e+01,7.350257164679672428e+01,6.967496247167352408e+01,6.595900309951409213e+01,6.243702462881240223e+01,5.916594397254233684e+01,5.617827257052329060e+01,5.348498156181693730e+01,5.107957864673263515e+01,4.894274159150314318e+01,4.704692992839136423e+01,4.536053042043769779e+01,4.385125114647936329e+01
3.827993715670418595e+01,3.896573913048355564e+01,3.960956689911457573e+01,4.020468694180077307e+01,4.074530958825462790e+01,4.122673816211777620e+01,4.164547883673854045e+01,4.199930625967421349e+01,4.228728217456708194e+01,4.250972662373620636e+01,4.266814370795272993e+01,4.276510616370707396e+01,4.280410505234847562e+01,4.278937251694505761e+01,4.272568675541354111e+01,4.261816901974628991e+01,4.247208255597757187e+01,4.229264296150242330e+01,4.208484850571795732e+01,4.185333761857287271e+01,4.160227910556416475e+01,4.133529881797436190e+01,4.105544461907881271e+01,4.076518965963119001e+01,4.046647231132218536e+01,4.016076968138990821e+01,3.984920048855111219e+01,3.953265222639691956e+01,3.921192694448385652e+01,3.888789957534656594e+01,3.856168243887683644e+01,3.823478926472265016e+01,3.790929169728110537e+01,3.758796072504375019e+01,3.727438479777663360e+01,3.697305562582241834e+01,3.668941194727717914e+01,3.642983114172783132e+01,3.620155877972236169e+01,3.601256738349232478e+01,3.587133818470105240e+01,3.578656376870425504e+01,3.576677530716256115e+01,3.581990549153601933e+01,3.595280690207773944e+01,3.617075470100628110e+01,3.647697128401114242e+01,3.687221774245058725e+01,3.735450151127147933e+01,3.791895034295026079e+01,3.855789895510864795e+01,3.926122593005469241e+01,4.001696471655052534e+01,4.081219432662469160e+01,4.163419327174176487e+01,4.247181534972119010e+01,4.331701903049935254e+01,4.416645436998220475e+01,4.502298373204674675e+01,4.589698670113124024e+01,4.680727789334129341e+01,4.778145270639822684e+01,4.885547568217907610e+01,5.007234561936235906e+01,5.147971767829288581e+01,5.312644085870154953e+01,5.505808110104568698e+01,5.731164145191142723e+01,5.990984885954961925e+01,6.285553136590829126e+01,6.612673194215022932e+01,6.967326516523763758e+01,7.341539253417502664e+01,7.724515375468413936e+01,8.103064376973513561e+01,8.462318861901289324e+01,8.786698846357847970e+01,9.061042081961117844e+01,9.271789573454175581e+01,9.408098639222741610e+01,9.462756420697211013e+01,9.432785910174270327e+01,9.319672234106573683e+01,9.129183897140470094e+01,8.870814571277799132e+01,8.556917643318516298e+01,8.201640776300295954e+01,7.819786095879995003e+01,7.425721317189777437e+01,7.032449565285557469e+01,6.650915047803495384e+01,6.289584156618424515e+01,5.954303550302272185e+01,5.648404079142908074e+01,5.372996120079388049e+01,5.127389857900526238e+01,4.909572986439678033e+01,4.716686197070327324e+01,4.545450634736933182e+01,4.392517920231252049e+01
4.009825870283512472e+01,4.086933037435299099e+01,4.159111246136530582e+01,4.225589171614112161e+01,4.285705254660497587e+01,4.338924928115618940e+01,4.384853315238847671e+01,4.423242827685523082e+01,4.453995340107952927e+01,4.477158888818381399e+01,4.492919116975237159e+01,4.501585951440371502e+01,4.503576230679728098e+01,4.499393194731923984e+01,4.489603886285034662e+01,4.474815589049865139e+01,4.455652442969983440e+01,4.432733326862224033e+01,4.406651993526424604e+01,4.377960289517020698e+01,4.347155103728822212e+01,4.314669479529690932e+01,4.280868108714868470e+01,4.246047215697139166e+01,4.210438648836233710e+01,4.174217831489835362e+01,4.137515093372940100e+01,4.100429804112671661e+01,4.063046662239155182e+01,4.025453447244426997e+01,3.987759509966826243e+01,3.950114246366999282e+01,3.912724761502208537e+01,3.875871877143529076e+01,3.839923566723743420e+01,3.805344821870470184e+01,3.772702881920595530e+01,3.742666717562962475e+01,3.715999686417852388e+01,3.693544410887494678e+01,3.676199204865561398e+01,3.664885825179398182e+01,3.660508958389330303e+01,3.663908661552243728e+01,3.675807914262468046e+01,3.696758434180505759e+01,3.727088856234625780e+01,3.766860154156938734e+01,3.815833664130885694e+01,3.873457138185199256e+01,3.938873822897355126e+01,4.010958583081810502e+01,4.088383575850743767e+01,4.169713979990028463e+01,4.253531887126273148e+01,4.338583772886640588e+01,4.423944102144297119e+01,4.509184697204560166e+01,4.594536637887595987e+01,4.681028835732847426e+01,4.770585283557652190e+01,4.866061706989643199e+01,4.971202466395595820e+01,5.090500728911845840e+01,5.228949831611616617e+01,5.391681924439782847e+01,5.583501575588650212e+01,5.808336580254773907e+01,6.068644461056976525e+01,6.364828944543484823e+01,6.694733195495749101e+01,7.053282634989892586e+01,7.432346914216326184e+01,7.820876256331172272e+01,8.205341821297999161e+01,8.570475052330940002e+01,8.900261356431207105e+01,9.179104868793010041e+01,9.393050083142425422e+01,9.530928866590447512e+01,9.585302001793546367e+01,9.553084162390197775e+01,9.435777961141194226e+01,9.239291057917237993e+01,8.973362673843506343e+01,8.650673834365547066e+01,8.285751713879196245e+01,7.893797333428761931e+01,7.489565553982883728e+01,7.086408236359923762e+01,6.695559962555728362e+01,6.325707050486447969e+01,5.982841476526551361e+01,5.670367690929936089e+01,5.389406346776461731e+01,5.139226584397821540e+01,4.917737416737066525e+01,4.721976877059189093e+01,4.548551795333929704e+01,4.393997955083051465e+01
4.206477325993960648e+01,4.292735947032463173e+01,4.373261663143521361e+01,4.447176726999039431e+01,4.513729993298883869e+01,4.572316668276511820e+01,4.622492877961407487e+01,4.663984397816478378e+01,4.696689170557371540e+01,4.720673547397728953e+01,4.736162501851676154e+01,4.743524365258703313e+01,4.743250900993972863e+01,4.735933753790035894e+01,4.722238469084744850e+01,4.702877366539669879e+01,4.678582568450210744e+01,4.650080429333576149e+01,4.618068493943206221e+01,4.583195937859612457e+01,4.546048231358064129e+01,4.507136529131865643e+01,4.466892041953857273e+01,4.425665407013259056e+01,4.383730854892982620e+01,4.341294783113622202e+01,4.298508194871079979e+01,4.255482348367267775e+01,4.212306883578816041e+01,4.169069641782246549e+01,4.125877357852924376e+01,4.082876374018517396e+01,4.040272484915701057e+01,3.998348969472127123e+01,3.957481793557131056e+01,3.918150885492722324e+01,3.880946311784835956e+01,3.846568140917640477e+01,3.815818815897746674e+01,3.789587003699418233e+01,3.768822192950167249e+01,3.754499801898897715e+01,3.747577250322088105e+01,3.748942328028903148e+01,3.759356212449177548e+01,3.779394566885677875e+01,3.809391176628179210e+01,3.849389418299355725e+01,3.899107368932351392e+01,3.957922419166069972e+01,4.024880765920715930e+01,4.098736078067882715e+01,4.178019963346935128e+01,4.261144678542234487e+01,4.346535921414970005e+01,4.432790649410333117e+01,4.518851820932585639e+01,4.604188883418446210e+01,4.688969880005657842e+01,4.774208391095757520e+01,4.861866425964386451e+01,4.954893214125246459e+01,5.057180144598028448e+01,5.173414513645583668e+01,5.308819944697634696e+01,5.468779868255595034e+01,5.658352443268397280e+01,5.881700281264388508e+01,6.141474990232861586e+01,6.438212696311774152e+01,6.769809417402639440e+01,7.131151233074170648e+01,7.513970717262206733e+01,7.906986235809289099e+01,8.296354378782052663e+01,8.666430118816064976e+01,9.000788604914177427e+01,9.283422882733802339e+01,9.500000077320424907e+01,9.639040902707805003e+01,9.692888058882928703e+01,9.658349415783831660e+01,9.536939633709907582e+01,9.334693528524701378e+01,9.061578253764984936e+01,8.730580625714034682e+01,8.356582921340674375e+01,7.955159853125397262e+01,7.541429102145261254e+01,7.129069236675083232e+01,6.729586531839845520e+01,6.351872519450974153e+01,6.002053944932121254e+01,5.683602289598432833e+01,5.397645417544211455e+01,5.143411198166474207e+01,4.918731826209955216e+01,4.720545887023346410e+01,4.545349789948571839e+01,4.389567519620653968e+01
4.417300089226107218e+01,4.513301999691058342e+01,4.602696847043122830e+01,4.684492345868451935e+01,4.757841056908470279e+01,4.822062862960509477e+01,4.876661558593106349e+01,4.921334804275053898e+01,4.955977017287790432e+01,4.980675121200665245e+01,4.995697431472802919e+01,5.001476295057106825e+01,4.998585405906942469e+01,4.987712967782393036e+01,4.969632056381895069e+01,4.945169635164053545e+01,4.915175699375573970e+01,4.880493962554191256e+01,4.841935366311321332e+01,4.800255499371239409e+01,4.756136771095972904e+01,4.710175915739337427e+01,4.662877124851678445e+01,4.614650834156971371e+01,4.565817943067897744e+01,4.516619031376289684e+01,4.467227965504964260e+01,4.417769157763048327e+01,4.368337652754079414e+01,4.319021157135786382e+01,4.269923090457367465e+01,4.221185702255044703e+01,4.173012261217563434e+01,4.125687267005751835e+01,4.079593561959133297e+01,4.035225135687432640e+01,3.993194339014747385e+01,3.954232185180882198e+01,3.919180455757193471e+01,3.888974492152118501e+01,3.864615885390955441e+01,3.847134811470338178e+01,3.837542511418052271e+01,3.836775369342726094e+01,3.845633147344317138e+01,3.864715104189981787e+01,3.894358832159027628e+01,3.934587547384874284e+01,3.985072111334717704e+01,4.045114107660918989e+01,4.113655748500292475e+01,4.189321189419508329e+01,4.270492006420539610e+01,4.355417205239625389e+01,4.442355313139283624e+01,4.529742994546185741e+01,4.616381390338364099e+01,4.701628159990502809e+01,4.785580163666081432e+01,4.869229045812444667e+01,4.954569934520193897e+01,5.044642432257391107e+01,5.143483567335789530e+01,5.255975045426767167e+01,5.387572656093296075e+01,5.543914571718207185e+01,5.730317660616318420e+01,5.951186317477864662e+01,6.209375349329562965e+01,6.505564907266463592e+01,6.837718356321204283e+01,7.200700047506927604e+01,7.586126244588135137e+01,7.982507098825695380e+01,8.375710489158454664e+01,8.749741934088362427e+01,9.087793085880872468e+01,9.373470747516246604e+01,9.592085864633524750e+01,9.731863898740512298e+01,9.784938760941633973e+01,9.748013374031422984e+01,9.622608641434182175e+01,9.414873496059429669e+01,9.134983786776922443e+01,8.796208213957554278e+01,8.413757424325260104e+01,8.003552213399768789e+01,7.581046447474886918e+01,7.160221309469987716e+01,6.752834377226918150e+01,6.367966396100005255e+01,6.011867485062990824e+01,5.688069162763578390e+01,5.397703385629843353e+01,5.139956772449105671e+01,4.912587029460726029e+01,4.712437111808822010e+01,4.535897578864368995e+01,4.379285340882608324e+01
4.641269865265424244e+01,4.747558720288987644e+01,4.846300236747838142e+01,4.936380026603492155e+01,5.016848113561655964e+01,5.086944325764820007e+01,5.146117048915247238e+01,5.194034491922889174e+01,5.230587979043206559e+01,5.255887175609863959e+01,5.270247554980878846e+01,5.274170797644878661e+01,5.268319156167250128e+01,5.253485101265170698e+01,5.230557768632301929e+01,5.200487842549239303e+01,5.164252536375570912e+01,5.122822263668136600e+01,5.077130444907378859e+01,5.028047676888531470e+01,4.976361222035554022e+01,4.922760473037720885e+01,4.867828734934879265e+01,4.812041361812698881e+01,4.755770005754114038e+01,4.699292494732112857e+01,4.642807661680541997e+01,4.586454301204508965e+01,4.530333329574692414e+01,4.474532158782588454e+01,4.419150253529591055e+01,4.364324806167781645e+01,4.310255424682627279e+01,4.257226672672076973e+01,4.205627225123534174e+01,4.155964317125646801e+01,4.108872084318321072e+01,4.065112356423664863e+01,4.025566511923411639e+01,3.991217182280710318e+01,3.963118956177974894e+01,3.942357815235779839e+01,3.929999848057057932e+01,3.927030822856166026e+01,3.934289394921348304e+01,3.952397986863649493e+01,3.981696573228359171e+01,4.022185567777414406e+01,4.073484586413797359e+01,4.134813892694603510e+01,4.205004717399353353e+01,4.282543328639826541e+01,4.365651733149964286e+01,4.452405298145081503e+01,4.540884535194301463e+01,4.629354953271987938e+01,4.716465447276429757e+01,4.801452316258742314e+01,4.884332877039857124e+01,4.966069952542709842e+01,5.048686535260134178e+01,5.135309032560398634e+01,5.230118208604434926e+01,5.338189881644133550e+01,5.465213273930193338e+01,5.617084153140896063e+01,5.799382668878824632e+01,6.016761548628215905e+01,6.272287700399674293e+01,6.566796995903041534e+01,6.898335061379940214e+01,7.261762950550280493e+01,7.648602619453367879e+01,8.047181280570929118e+01,8.443105928874604160e+01,8.820061843626274367e+01,9.160886228020926580e+01,9.448826696489543053e+01,9.668861157138125861e+01,9.808937252721517552e+01,9.860990378501985276e+01,9.821620703956037346e+01,9.692349236114822020e+01,9.479425009635208710e+01,9.193211802767189056e+01,8.847234347066131477e+01,8.457002728047476126e+01,8.038753941756982613e+01,7.608249222223213337e+01,7.179746325551326436e+01,6.765232132693611788e+01,6.373959395028919772e+01,6.012289423933783894e+01,5.683806398830476780e+01,5.389643221396134720e+01,5.128945538413596239e+01,4.899399365690605634e+01,4.697756448209194247e+01,4.520306733720015302e+01,4.363265459222175480e+01
4.876965109150842892e+01,4.994020106987308338e+01,5.102527493007431758e+01,5.201243992509796499e+01,5.289111503006030546e+01,5.365285575323598266e+01,5.429156458152782250e+01,5.480361753777651757e+01,5.518790136962185500e+01,5.544576028310105897e+01,5.558085561205737690e+01,5.559894610250008640e+01,5.550760032779685815e+01,5.531585590653449458e+01,5.503384248933410561e+01,5.467238679459191530e+01,5.424261825589340447e+01,5.375559311677147889e+01,5.322195316014409627e+01,5.265163283736730193e+01,5.205362555771168331e+01,5.143581653384025287e+01,5.080488608262389505e+01,5.016628387347898865e+01,4.952427149001103146e+01,4.888202797220782969e+01,4.824181082599848480e+01,4.760516335086956019e+01,4.697315800560853205e+01,4.634666480972353497e+01,4.572663332200902175e+01,4.511437638460741084e+01,4.451184341511866904e+01,4.392187045790537070e+01,4.334839343489051089e+01,4.279661014370368832e+01,4.227307574858868122e+01,4.178571614642926590e+01,4.134374413291695305e+01,4.095746527518717528e+01,4.063796433638768235e+01,4.039666939539522872e+01,4.024479962698200808e+01,4.019271387515911442e+01,4.024919006232467922e+01,4.042067907758583090e+01,4.071058962722563024e+01,4.111867088607172604e+01,4.164056587026651357e+01,4.226760865238237841e+01,4.298693169023218985e+01,4.378193511971019802e+01,4.463314810827919388e+01,4.551948426240433321e+01,4.641986021119213035e+01,4.731511079280170406e+01,4.819009780060859782e+01,4.903587399014988080e+01,4.985173193400862601e+01,5.064694043658242606e+01,5.144195226528061937e+01,5.226885965204508011e+01,5.317088343560074293e+01,5.420071405958834987e+01,5.541758435307392006e+01,5.688305002918833964e+01,5.865558516632250985e+01,6.078426109867347549e+01,6.330195411047370158e+01,6.621869695177005610e+01,6.951592087014782351e+01,7.314239481416832689e+01,7.701262639245142338e+01,8.100832605348983861e+01,8.498325139596454392e+01,8.877136545188967887e+01,9.219780763967257542e+01,9.509175349198038418e+01,9.729990153231764793e+01,9.869913884071564780e+01,9.920694626888213463e+01,9.878832323032504803e+01,9.745841644261085435e+01,9.528056810288711631e+01,9.236007342460023040e+01,8.883446338346183779e+01,8.486152342485364386e+01,8.060646549166091290e+01,7.622966709534657070e+01,7.187619298946731305e+01,6.766797009336384860e+01,6.369906276903756748e+01,6.003406707750835380e+01,5.670927428494786682e+01,5.373599135842533059e+01,5.110527050070739818e+01,4.879328759339071553e+01,4.676669809206086370e+01,4.498745426101593381e+01,4.341675234776385395e+01
5.122557110669135483e+01,5.250776415768646643e+01,5.369396052222769811e+01,5.477038091059063163e+01,5.572531562593680121e+01,5.654944172800259139e+01,5.723605748893199063e+01,5.778122352498683512e+01,5.818380447305239755e+01,5.844540995750899981e+01,5.857023856538740603e+01,5.856483331158899119e+01,5.843776134116703957e+01,5.819923412750576830e+01,5.786068698290824841e+01,5.743433816888153132e+01,5.693274822110458899e+01,5.636839931138916882e+01,5.575331265344914300e+01,5.509871928351046222e+01,5.441479622334909294e+01,5.371047630634293313e+01,5.299333607134325064e+01,5.226956234858453598e+01,5.154399468927803696e+01,5.082023778984658691e+01,5.010083563436951692e+01,4.938749725567606674e+01,4.868136275614811126e+01,4.798329742860434521e+01,4.729420132167601309e+01,4.661532122438663350e+01,4.594855163053757252e+01,4.529671065999131940e+01,4.466377612125398144e+01,4.405506597874489216e+01,4.347734666426661221e+01,4.293885232001871088e+01,4.244919868124125628e+01,4.201917747367467371e+01,4.166042147337591928e+01,4.138493718516556896e+01,4.120451161830458631e+01,4.113001167854103812e+01,4.117060860076888673e+01,4.133297447725923490e+01,4.162051172094083995e+01,4.203268737745742101e+01,4.256455062811205892e+01,4.320651187407419513e+01,4.394445420696229121e+01,4.476023230965166988e+01,4.563259018919902132e+01,4.653849874156168198e+01,4.745487877514872821e+01,4.836063697587999854e+01,4.923890370167766406e+01,5.007932468533655879e+01,5.088022582253763915e+01,5.165044343502984248e+01,5.241059443045719490e+01,5.319355529994204801e+01,5.404393084026047234e+01,5.501632889967470419e+01,5.617232257780923987e+01,5.757608090146925406e+01,5.928878387459751309e+01,6.136210225692441611e+01,6.383120217228089643e+01,6.670790621907680418e+01,6.997477519022211823e+01,7.358093368198669282e+01,7.744041818444205205e+01,8.143365858622473752e+01,8.541241317770050046e+01,8.920808663175029096e+01,9.264291735297069863e+01,9.554309072651859935e+01,9.775249163397425889e+01,9.914562018869546023e+01,9.963820498381767266e+01,9.919427164361769655e+01,9.782883655780590004e+01,9.560593645369426952e+01,9.263228915749698444e+01,8.904741607060471154e+01,8.501145865946764957e+01,8.069213140054067424e+01,7.625224985051735871e+01,7.183907084514842722e+01,6.757633089090249712e+01,6.355943790014988792e+01,5.985383550396630881e+01,5.649618442576358746e+01,5.349773829978872186e+01,5.084915324284084193e+01,4.852595804631427256e+01,4.649400200423939111e+01,4.471435536089660445e+01,4.314732521019091394e+01
5.375812889455126253e+01,5.515497266427943401e+01,5.644488445305600521e+01,5.761269326528151424e+01,5.864552373569287624e+01,5.953314680694220584e+01,6.026823906330094616e+01,6.084653897086531771e+01,6.126689321781471875e+01,6.153119172468872478e+01,6.164419537852894138e+01,6.161326580092600125e+01,6.144801116873874491e+01,6.115986598663375418e+01,6.076162554108821467e+01,6.026695739941256846e+01,5.968991269225501384e+01,5.904445905831970975e+01,5.834405514246878255e+01,5.760128360134270054e+01,5.682755591770422399e+01,5.603289822424670064e+01,5.522582306988152823e+01,5.441328789517307740e+01,5.360073715326950605e+01,5.279222169959013655e+01,5.199058639056074327e+01,5.119771481471370578e+01,5.041481868614700090e+01,4.964275854764905205e+01,4.888238189199854844e+01,4.813486442105677554e+01,4.740203973705989426e+01,4.668670216157106267e+01,4.599286655907037158e+01,4.532596808830896151e+01,4.469298395544557678e+01,4.410245889962502730e+01,4.356441684178487606e+01,4.309014348694365992e+01,4.269182928940284683e+01,4.238206953199403415e+01,4.217322852381965959e+01,4.207668787323245851e+01,4.210201373711261397e+01,4.225609365337567880e+01,4.254230833370725406e+01,4.295981561563880291e+01,4.350303055947976105e+01,4.416138555927246045e+01,4.491944597622402569e+01,4.575743963431626327e+01,4.665223289706739251e+01,4.757875323827096281e+01,4.851182023876415883e+01,4.942830625622659113e+01,5.030950723457549145e+01,5.114356574374228614e+01,5.192775469353371420e+01,5.267040357024039565e+01,5.339223221843731437e+01,5.412685372120863292e+01,5.492022259974459786e+01,5.582884319252192995e+01,5.691662171242337820e+01,5.825034863351618952e+01,5.989393633423183161e+01,6.190170439649068612e+01,6.431118710578778064e+01,6.713611078856098402e+01,7.036032141601003786e+01,7.393350100228448696e+01,7.776946393728404416e+01,8.174765236457751882e+01,8.571815301816896238e+01,8.951016047301287415e+01,9.294336156459092990e+01,9.584127945414590499e+01,9.804526793107871185e+01,9.942765497959602783e+01,9.990254594757800533e+01,9.943302431529160401e+01,9.803390703747167834e+01,9.576976086189844750e+01,9.274847985428900188e+01,8.911126775229814712e+01,8.502027662790769114e+01,8.064536660084709752e+01,7.615144744094897078e+01,7.168765811700768609e+01,6.737928406744848076e+01,6.332287452879138101e+01,5.958457975558535225e+01,5.620134755408250271e+01,5.318434740644528347e+01,5.052385026917494315e+01,4.819477944699833927e+01,4.616223938355156520e+01,4.438648948592948784e+01,4.282702071005307687e+01
5.634112268733454698e+01,5.785449489637926490e+01,5.924970844412858639e+01,6.051017023366392777e+01,6.162181450176279895e+01,6.257348780681512324e+01,6.335723383639478357e+01,6.396846512419335795e+01,6.440601417741311252e+01,6.467206240313629451e+01,6.477195122917936487e+01,6.471388557472198499e+01,6.450854498848549667e+01,6.416862202983398333e+01,6.370831057809953535e+01,6.314276855673694655e+01,6.248757998273896419e+01,6.175824032417713738e+01,6.096968698599659575e+01,6.013589354081502591e+01,5.926954233243148451e+01,5.838178559817301760e+01,5.748210058840783887e+01,5.657823960135811348e+01,5.567627165568907799e+01,5.478070889108659003e+01,5.389470784273395765e+01,5.302033352005314271e+01,5.215887268898080720e+01,5.131118178912648631e+01,5.047805433248635154e+01,4.966059221901839749e+01,4.886056496415949368e+01,4.808074021421147393e+01,4.732516807567276373e+01,4.659940079194205964e+01,4.591062842099866259e+01,4.526771082942293845e+01,4.468108709740072015e+01,4.416254598626947825e+01,4.372484609832063995e+01,4.338118225372215875e+01,4.314450562295142788e+01,4.302671905422172927e+01,4.303778506132385928e+01,4.318480076200300743e+01,4.347110985197205224e+01,4.389553429821901176e+01,4.445181559085312983e+01,4.512835509993220739e+01,4.590833390928116842e+01,4.677027385829563144e+01,4.768907383605042583e+01,4.863752006098128788e+01,4.958822838849846448e+01,5.051593337581333998e+01,5.139999581113149674e+01,5.222696046204742970e+01,5.299296145270817959e+01,5.370574638151945379e+01,5.438607476387427653e+01,5.506824511479641160e+01,5.579952256661074017e+01,5.663828093800407970e+01,5.765074539526762010e+01,5.890632853082347253e+01,6.047169419538189317e+01,6.240385361567809497e+01,6.474278247723005109e+01,6.750422181829303270e+01,7.067345831979903892e+01,7.420093631205506313e+01,7.800050364967644612e+01,8.195091739458857205e+01,8.590093317562846664e+01,8.967789850164558629e+01,9.309931386883603466e+01,9.598638369447709806e+01,9.817822724721554550e+01,9.954522647987218420e+01,1.000000000000000000e+02,9.950472384323229846e+01,9.807394478761507628e+01,9.577258896189407267e+01,9.270947028267814005e+01,8.902715377952482356e+01,8.488944198383872219e+01,8.046796850591333339e+01,7.592937888822092418e+01,7.142437133863157328e+01,6.707950903979842394e+01,6.299227265028830658e+01,5.922937342093369750e+01,5.582796204823025477e+01,5.279909374282273404e+01,5.013266796172726458e+01,4.780304835036749722e+01,4.577466098092186542e+01,4.400703122570052983e+01,4.245891258277576696e+01
5.894479965624261553e+01,6.057530583355904241e+01,6.207627731171642438e+01,6.342968533752094373e+01,6.462026298968338267e+01,6.563592485581236247e+01,6.646807759880968547e+01,6.711180732857499720e+01,6.756593557917909720e+01,6.783294209521726259e+01,6.791875916648024258e+01,6.783244851864942859e+01,6.758577738875541741e+01,6.719271505305856351e+01,6.666887446759042746e+01,6.603092565245592027e+01,6.529600792480853499e+01,6.448116708996080604e+01,6.360284136112050390e+01,6.267641630658319940e+01,6.171586479544612303e+01,6.073348304716430590e+01,5.973972881914082933e+01,5.874316280924930567e+01,5.775048978612427675e+01,5.676669200582938402e+01,5.579524426538470294e+01,5.483839752723243066e+01,5.389751637758349290e+01,5.297345452590288062e+01,5.206695191913537712e+01,5.117903660642614483e+01,5.031141402970224874e+01,4.946682576977143952e+01,4.864935888900802752e+01,4.786468597241987055e+01,4.712021505101832730e+01,4.642512825279858646e+01,4.579028888310795509e+01,4.522799939392528756e+01,4.475159804914019901e+01,4.437489056022022282e+01,4.411142476770282883e+01,4.397363132888010284e+01,4.397187051998092500e+01,4.411344324641503079e+01,4.440164121228118432e+01,4.483492460281919989e+01,4.540632316914992828e+01,4.610315612430133569e+01,4.690715623503562881e+01,4.779506331909320238e+01,4.873972252193950538e+01,4.971168483531124593e+01,5.068126382242428463e+01,5.162095649191751079e+01,5.250809094798648857e+01,5.332752190989426566e+01,5.407416020038073157e+01,5.475509640905644915e+01,5.539106486494468129e+01,5.601699516886479557e+01,5.668141921561114316e+01,5.744454718796983173e+01,5.837490188637649879e+01,5.954451093162121822e+01,6.102280095006614147e+01,6.286951046117570030e+01,6.512712392490988123e+01,6.781350419115773320e+01,7.091553285618545033e+01,7.438462311220186507e+01,7.813491665032964306e+01,8.204479598760470083e+01,8.596203664216122320e+01,8.971251461101645930e+01,9.311192284400175367e+01,9.597950399394254362e+01,9.815245165658556914e+01,9.949943781452658698e+01,9.993173759351819285e+01,9.941065722810438388e+01,9.795040147921093876e+01,9.561608023175868709e+01,9.251716251359043497e+01,8.879724270044729906e+01,8.462140119227058221e+01,8.016266002682561975e+01,7.558902973144043358e+01,7.105243395138967344e+01,6.668043360816938048e+01,6.257122453925249062e+01,5.879192962125047472e+01,5.537981698799460872e+01,5.234579838322062528e+01,4.967941811452411116e+01,4.735452997474524039e+01,4.533495293904507406e+01,4.357956033023626219e+01,4.204645208384898325e+01
6.153632901356007778e+01,6.328317987599589856e+01,6.488912899590235384e+01,6.633471705049737466e+01,6.760348064796031053e+01,6.868240660843727596e+01,6.956226822873952642e+01,7.023782827547046281e+01,7.070789980688689980e+01,7.097526284184456813e+01,7.104644195642089244e+01,7.093135666465715872e+01,7.064286251817149775e+01,7.019620587867653683e+01,6.960841899209330563e+01,6.889768413323832874e+01,6.808269611417350120e+01,6.718205138674366594e+01,6.621368945579926901e+01,6.519440858120765370e+01,6.413947308210182996e+01,6.306232430893966523e+01,6.197440187661303668e+01,6.088507639955935247e+01,5.980169003930111415e+01,5.872969690027809264e+01,5.767289183900927441e+01,5.663371363478216836e+01,5.561360665836438955e+01,5.461342403007046187e+01,5.363385457273310664e+01,5.267585539603437894e+01,5.174107146164810445e+01,5.083222279832569512e+01,4.995343909945698613e+01,4.911052033990477383e+01,4.831110108365997746e+01,4.756469580744516179e+01,4.688260349519669035e+01,4.627765271842930872e+01,4.576377414294128698e+01,4.535539645838093037e+01,4.506667434082609702e+01,4.491057295992252563e+01,4.489785184995321288e+01,4.503601014939020075e+01,4.532827316948996099e+01,4.577271448502386164e+01,4.636161566649988686e+01,4.708116509515894421e+01,4.791158639352404691e+01,4.882776523773623722e+01,4.980041125581777806e+01,5.079775111385272623e+01,5.178770249846105855e+01,5.274042989639824697e+01,5.363113542011080170e+01,5.444289481105698059e+01,5.516931316315091749e+01,5.581674952747359697e+01,5.640584709784221218e+01,5.697210936231967082e+01,5.756528656485931350e+01,5.824738604537392206e+01,5.908919962722799113e+01,6.016535483141424834e+01,6.154804414202526175e+01,6.329976125201561388e+01,6.546556012241477163e+01,6.806552762307221371e+01,7.108829188216465411e+01,7.448644160535499736e+01,7.817467567512586868e+01,8.203131839209287079e+01,8.590352442080823892e+01,8.961608393840711528e+01,9.298327234242424311e+01,9.582273881059066412e+01,9.797007052962523233e+01,9.929247415235330720e+01,9.970003054569717449e+01,9.915321661102463224e+01,9.766582272188634306e+01,9.530296312721092988e+01,9.217449064726054075e+01,8.842468834310537318e+01,8.421953187997813473e+01,7.973303625060268018e+01,7.513419623340533349e+01,7.057581836093481797e+01,6.618617428265005742e+01,6.206395383406326971e+01,5.827653937968501197e+01,5.486123034570469770e+01,5.182876694739785961e+01,4.916835730198164356e+01,4.685339884235780517e+01,4.484717908616283921e+01,4.310800597563782333e+01,4.159341448196218494e+01
6.408042224628417216e+01,6.594133649036463396e+01,6.765016245696918418e+01,6.918603542488287417e+01,7.053131684986610139e+01,7.167208266376741221e+01,7.259848480385522862e+01,7.330496956557743715e+01,7.379034319063271141e+01,7.405768252584499578e+01,7.411409616827151581e+01,7.397034878637907696e+01,7.364036783488904803e+01,7.314065727411085049e+01,7.248964685666136631e+01,7.170700785153628942e+01,7.081296664942141206e+01,6.982764656507561085e+01,6.877046546712938380e+01,6.765961286579812395e+01,6.651162509408032975e+01,6.534107159550146093e+01,6.416035946585577676e+01,6.297965765697785656e+01,6.180693696092738065e+01,6.064811730445459403e+01,5.950731015512034361e+01,5.838714102651263715e+01,5.728913511910452172e+01,5.621414789783734989e+01,5.516282166644337082e+01,5.413604869264223396e+01,5.313542091690537461e+01,5.216364555273950288e+01,5.122490489054879959e+01,5.032513745303221242e+01,4.947221662602575520e+01,4.867600252500848512e+01,4.794824385475335049e+01,4.730230968145745862e+01,4.675273714634446520e+01,4.631459080880968315e+01,4.600264275584444817e+01,4.583039956212952148e+01,4.580902168785499384e+01,4.594620132294389236e+01,4.624508377403012105e+01,4.670333257761554080e+01,4.731244684975434467e+01,4.805743849767777931e+01,4.891696509505861457e+01,4.986399081121476229e+01,5.086701342432917272e+01,5.189185207393711607e+01,5.290394103633266809e+01,5.387102314683488657e+01,5.476608646520615764e+01,5.557034308479865103e+01,5.627601285594180780e+01,5.688865003286258570e+01,5.742874015443977243e+01,5.793230090104432861e+01,5.845024808195035604e+01,5.904634093581159249e+01,5.979360429748927430e+01,6.076924216765535647e+01,6.204820734144220751e+01,6.369576821946956358e+01,6.575960156204681084e+01,6.826211455816367391e+01,7.119382960546670347e+01,7.450871609285688635e+01,7.812229454219863101e+01,8.191315099096971153e+01,8.572818438788968365e+01,8.939149242289227004e+01,9.271633165888360395e+01,9.551913509762135845e+01,9.763421124030999465e+01,9.892755317264875714e+01,9.930820185789427512e+01,9.873584802796004567e+01,9.722379536470589301e+01,9.483698059987233364e+01,9.168536430888937616e+01,8.791357115791855392e+01,8.368808201523373214e+01,7.918350157006548784e+01,7.456942068835027726e+01,6.999917974988311187e+01,6.560146900596538444e+01,6.147524762846414603e+01,5.768800356874014312e+01,5.427698128079866535e+01,5.125272271679705227e+01,4.860412125766025326e+01,4.630417481549672942e+01,4.431571897073911970e+01,4.259658708093996182e+01,4.110384188404783856e+01
6.654008792271628181e+01,6.851122568827165082e+01,7.031944993179172343e+01,7.194253679433884940e+01,7.336171135059885273e+01,7.456216881343716807e+01,7.553346050166483394e+01,7.626972705024742538e+01,7.676976860874951569e+01,7.703694968637785223e+01,7.707894438263863890e+01,7.690733549925226953e+01,7.653708799149831066e+01,7.598592297214406699e+01,7.527362270164380220e+01,7.442129946687850861e+01,7.345066187307782002e+01,7.238331088254074075e+01,7.124009508293710269e+01,7.004055041588307517e+01,6.880244428289910275e+01,6.754143796195819505e+01,6.627087502295090360e+01,6.500169731775132220e+01,6.374248448480197737e+01,6.249960801703845448e+01,6.127748696495037706e+01,6.007892934197405310e+01,5.890554121269686760e+01,5.775818411873235192e+01,5.663746069762669322e+01,5.554420780118348944e+01,5.447997585451777525e+01,5.344747241638464175e+01,5.245094683284776238e+01,5.149649162985409134e+01,5.059223519391712642e+01,4.974839989759312431e+01,4.897720088320446052e+01,4.829256407918335015e+01,4.770964852124296840e+01,4.724416832431117541e+01,4.691152395436905920e+01,4.672577046980878634e+01,4.669847113098455793e+01,4.683750646791016692e+01,4.714592914584493144e+01,4.762097093267878734e+01,4.825331680908844589e+01,4.902676016268247849e+01,4.991834024043403417e+01,5.089903792948200589e+01,5.193506921353740324e+01,5.298976943071188828e+01,5.402600903616580297e+01,5.500902700230935238e+01,5.590951555504773296e+01,5.670674367933755633e+01,5.739147021408842875e+01,5.796837332203158155e+01,5.845771433175686127e+01,5.889596329794174778e+01,5.933514465505104596e+01,5.984071829275145404e+01,6.048789856178829893e+01,6.135643399999126046e+01,6.252402315329054261e+01,6.405871975630924453e+01,6.601086846839200462e+01,6.840528616984420296e+01,7.123453208243054746e+01,7.445415834895679552e+01,7.798077073535154113e+01,8.169353836431635330e+01,8.543947302849181824e+01,8.904237832100308481e+01,9.231489684418961872e+01,9.507262934637553542e+01,9.714893979451358064e+01,9.840886507703790187e+01,9.876056487402931339e+01,9.816298947111570783e+01,9.662888423593706477e+01,9.422282533753985945e+01,9.105460228010315404e+01,8.726883021562892395e+01,8.303210034083298297e+01,7.851919871472800594e+01,7.389991930117142260e+01,6.932778313082826571e+01,6.493160376349717922e+01,6.081038305976692016e+01,5.703155991536652181e+01,5.363223799870814901e+01,5.062273576541142006e+01,4.799165566299721775e+01,4.571165588679857450e+01,4.374520294855068414e+01,4.204974993598243316e+01,4.058198359651885312e+01
6.887750105883816332e+01,7.095343252995208161e+01,7.285617205557414877e+01,7.456220448897497022e+01,7.605167515534449763e+01,7.730894230930343269e+01,7.832298631259780564e+01,7.908765695313293520e+01,7.960174801855679050e+01,7.986889661468057966e+01,7.989731327535261585e+01,7.969935712513236581e+01,7.929097773167110574e+01,7.869105138337808114e+01,7.792064400356795772e+01,7.700223553440872593e+01,7.595894129256319616e+01,7.481376454785521446e+01,7.358891156879870721e+01,7.230519588770802386e+01,7.098155292260517513e+01,6.963467976695955031e+01,6.827880835435817630e+01,6.692561373943823355e+01,6.558425327332372490e+01,6.426152727461303016e+01,6.296214758474437900e+01,6.168909721087570119e+01,6.044406204231919588e+01,5.922791421193417705e+01,5.804122581286416960e+01,5.688479108188103339e+01,5.576013454134539415e+01,5.466998174164750424e+01,5.361866808964744280e+01,5.261245990364400171e+01,5.165976065112079141e+01,5.077117489055616772e+01,4.995940354480580936e+01,4.923894768860304794e+01,4.862560492021827940e+01,4.813575328448258972e+01,4.778543288837470016e+01,4.758925446657825375e+01,4.755918613756537638e+01,4.770329258114715287e+01,4.802452230752074058e+01,4.851965554940703385e+01,4.917853446484254221e+01,4.998369601694776776e+01,5.091051416245876737e+01,5.192793114172687297e+01,5.299981852092275147e+01,5.408695950471793878e+01,5.514958850170952331e+01,5.615036639405708740e+01,5.705761509901043382e+01,5.784858718984053638e+01,5.851250930667937666e+01,5.905311488515956597e+01,5.949037499531507933e+01,5.986114851048794350e+01,6.021850762495690645e+01,6.062955572550865924e+01,6.117164563950212397e+01,6.192702977416557530e+01,6.297612849395879664e+01,6.438978204850442921e+01,6.622103914588120688e+01,6.849720779535820725e+01,7.121302011038490321e+01,7.432580832909664537e+01,7.775352426014711682e+01,8.137624058593787879e+01,8.504145141563373045e+01,8.857306705197387942e+01,9.178352453754824580e+01,9.448798046585532973e+01,9.651919276260913705e+01,9.774150353901711696e+01,9.806235318507297904e+01,9.743999967941697093e+01,9.588655976335519426e+01,9.346606618953687473e+01,9.028785775162047855e+01,8.649618736782727524e+01,8.225735958715684149e+01,7.774593122539531009e+01,7.313150419172259831e+01,6.856742519799360025e+01,6.418233463651300497e+01,6.007504993966313833e+01,5.631280659195173399e+01,5.293248267685756048e+01,4.994414957533614796e+01,4.733614477660350417e+01,4.508084910883176377e+01,4.314044565691222033e+01,4.147210442037911804e+01,4.003223524489598617e+01
7.105496007374654255e+01,7.322867262094477780e+01,7.521964690046414148e+01,7.700316585936994329e+01,7.855836951414232772e+01,7.986883646996807329e+01,8.092301467837457096e+01,8.171448187049952594e+01,8.224202419128705799e+01,8.250953036920375894e+01,8.252570775498938360e+01,8.230363520390825727e+01,8.186017553579381456e+01,8.121527672559241751e+01,8.039119569004159871e+01,7.941168130110398238e+01,7.830115396841993913e+01,7.708391782727349550e+01,7.578343841566891115e+01,7.442171401116374341e+01,7.301876290252965873e+01,7.159224222779764091e+01,7.015720707367295006e+01,6.872601173866320323e+01,6.730834879641983548e+01,6.591141615406877463e+01,6.454019787041622180e+01,6.319784114486077442e+01,6.188610954787607454e+01,6.060589106244128743e+01,5.935773858025198990e+01,5.814241983953183990e+01,5.696145310601238521e+01,5.581760396410960823e+01,5.471531732396135794e+01,5.366105728845936085e+01,5.266352623464582905e+01,5.173373397084063186e+01,5.088488897442789494e+01,5.013208745718463888e+01,4.949178328109087488e+01,4.898103327390249717e+01,4.861652855123714545e+01,4.841344268275832974e+01,4.838415080067520790e+01,4.853689806347122726e+01,4.887451853965433202e+01,4.939332335301055821e+01,5.008228651363802442e+01,5.092265531102601983e+01,5.188809742282922599e+01,5.294546828356303791e+01,5.405624064871860668e+01,5.517858619234854700e+01,5.627004027495317473e+01,5.729062048892802750e+01,5.820621228120484147e+01,5.899198559775727091e+01,5.963556909491621383e+01,6.013968619387991055e+01,6.052395270782291448e+01,6.082555142777517432e+01,6.109853776181410723e+01,6.141159563670493782e+01,6.184415773891560519e+01,6.248093077738916179e+01,6.340502330260616759e+01,6.469005330704590051e+01,6.639180002229164756e+01,6.854013510354941729e+01,7.113209184618943937e+01,7.412697357062754122e+01,7.744433415321303471e+01,8.096546715287379925e+01,8.453871684802649611e+01,8.798850080144669050e+01,9.112745975959239786e+01,9.377069595351093767e+01,9.575070198439330227e+01,9.693138907355739775e+01,9.721964277695494161e+01,9.657307917211359438e+01,9.500311800599928347e+01,9.257306732481471556e+01,8.939153676054981190e+01,8.560206514718765902e+01,8.137027405295668814e+01,7.687008096651614153e+01,7.227050111943279376e+01,6.772435256804227777e+01,6.335980687791040111e+01,5.927527098895460256e+01,5.553762392969231598e+01,5.218343496280375859e+01,4.922250660433032010e+01,4.664293932807263587e+01,4.441690103856544170e+01,4.250637919899875783e+01,4.086836008048223334e+01,3.945907785999556694e+01
7.303589836642228761e+01,7.529884434222017831e+01,7.737041755847189961e+01,7.922480932210260107e+01,8.084024605535722685e+01,8.219959716318432186e+01,8.329082535139147581e+01,8.410725894098091260e+01,8.464767417152144446e+01,8.491618468806555597e+01,8.492194480674683632e+01,8.467868218195643237e+01,8.420408360650276336e+01,8.351906438466699001e+01,8.264695664625736526e+01,8.161265486432688476e+01,8.044175758991832481e+01,7.915974306143510830e+01,7.779121306166948102e+01,7.635923448180272999e+01,7.488480190282936633e+01,7.338643757462135397e+01,7.187993793606071335e+01,7.037826873236559777e+01,6.889160424729836052e+01,6.742750048818660957e+01,6.599118753570509455e+01,6.458596276373552314e+01,6.321366418130275378e+01,6.187520156342888100e+01,6.057112204479484063e+01,5.930218612683991353e+01,5.806992928470955206e+01,5.687718332500033824e+01,5.572853026001946830e+01,5.463065986638477511e+01,5.359260068119068876e+01,5.262579362050122711e+01,5.174397857176842308e+01,5.096286823123345755e+01,5.029959111823880846e+01,4.977189785644278430e+01,4.939714176173212934e+01,4.919106613659656801e+01,4.916645522749800534e+01,4.933173146128065412e+01,4.968960546070542250e+01,5.023590404583557500e+01,5.095871144452745227e+01,5.183795715666920501e+01,5.284556818994239791e+01,5.394627297680484190e+01,5.509910016899168284e+01,5.625956040095414323e+01,5.738243720775641066e+01,5.842504972741808444e+01,5.935079006121183909e+01,6.013268730160617537e+01,6.075671253747012202e+01,6.122451791031546264e+01,6.155530056392788651e+01,6.178650135475983518e+01,6.197309093312015449e+01,6.218526512688247720e+01,6.250447027690753998e+01,6.301780878258639973e+01,6.381103375402562250e+01,6.496052172951812054e+01,6.652479857453120360e+01,6.853636223317732856e+01,7.099466643394816856e+01,7.386116860978086152e+01,7.705727400501015723e+01,8.046580894062894629e+01,8.393633156833053022e+01,8.729416433180318791e+01,9.035255913810908623e+01,9.292695285121318705e+01,9.484991356047896716e+01,9.598518635968076751e+01,9.623926797214411977e+01,9.556918509155322283e+01,9.398559467738444084e+01,9.155090171450505920e+01,8.837271141289662069e+01,8.459350001344574821e+01,8.037781316130204345e+01,7.589852228049014116e+01,7.132366452405904056e+01,6.680517799194939244e+01,6.247047257272210175e+01,5.841732121298446856e+01,5.471209575997017538e+01,5.139097551355072113e+01,4.846347423280629130e+01,4.591748505757792032e+01,4.372502902791696044e+01,4.184798731607038746e+01,4.024326328609830483e+01,3.886701809437107613e+01
7.478591294137574153e+01,7.712809877288576388e+01,7.927135796381615762e+01,8.118892008449861919e+01,8.285820592277838159e+01,8.426145849476601768e+01,8.538621053815104744e+01,8.622556725027001789e+01,8.677829179700684392e+01,8.704869066557560586e+01,8.704630568836742555e+01,8.678542893311009720e+01,8.628446506979247488e+01,8.556517278838911977e+01,8.465182195882246674e+01,8.357030623296860483e+01,8.234725157346488800e+01,8.100915979433186465e+01,7.958162279825729968e+01,7.808863810560572460e+01,7.655204989949135097e+01,7.499113263022351816e+01,7.342232672347810762e+01,7.185912859240085027e+01,7.031213037821314060e+01,6.878919895722351896e+01,6.729577895545364186e+01,6.583530087153593513e+01,6.440967285329767833e+01,6.301983300877557781e+01,6.166633806932296125e+01,6.034996342410960324e+01,5.907228868816600453e+01,5.783624181192114833e+01,5.664657321078306040e+01,5.551022963773371544e+01,5.443659596158920522e+01,5.343757235063063149e+01,5.252745553558391123e+01,5.172259691134749460e+01,5.104081827616454348e+01,5.050057879593838095e+01,5.011990462833639981e+01,4.991511514020675122e+01,4.989940551824206239e+01,5.008137259251395790e+01,5.046359582352133089e+01,5.104140505159235630e+01,5.180197706346818620e+01,5.272390101935916817e+01,5.377733604105985421e+01,5.492485203440620012e+01,5.612299817386143275e+01,5.732458533469875306e+01,5.848160362132794887e+01,5.954862954392000773e+01,6.048651519499659202e+01,6.126609943687420667e+01,6.187164317379091472e+01,6.230367067362151090e+01,6.258089910565772840e+01,6.274096097906820546e+01,6.283967105201045911e+01,6.294866287215131706e+01,6.315132266046276754e+01,6.353708074212116941e+01,6.419428091214993515e+01,6.520202820364960417e+01,6.662160021689196299e+01,6.848817304506907533e+01,7.080372984366739786e+01,7.353205567075893612e+01,7.659664780179787158e+01,7.988216953566134748e+01,8.323974995530279841e+01,8.649600843051049992e+01,8.946521103205505199e+01,9.196351498244132472e+01,9.382390265285782505e+01,9.491021706156382720e+01,9.512873272941233438e+01,9.443594143456729739e+01,9.284167475037106954e+01,9.040726053552074859e+01,8.723902948974117066e+01,8.347805254072693515e+01,7.928741257857849689e+01,7.483853435913043484e+01,7.029809144007670341e+01,6.581679607275179933e+01,6.152100839063045612e+01,5.750764789275614675e+01,5.384243182203003641e+01,5.056107097354515645e+01,4.767277244325693175e+01,4.516525320650832498e+01,4.301045461507038681e+01,4.117024174943195192e+01,3.960153661411657566e+01,3.826053066017993842e+01
7.627376966380461454e+01,7.868388530859380126e+01,8.088875360060168873e+01,8.286079008143798319e+01,8.457673259982313141e+01,8.601829181638194655e+01,8.717263315545937985e+01,8.803266830671798004e+01,8.859714341066332111e+01,8.887052090105254365e+01,8.886266202990832141e+01,8.858832675633044573e+01,8.806651635439489212e+01,8.731969127422578936e+01,8.637290206723946540e+01,8.525287429075970635e+01,8.398708912084717326e+01,8.260289996523853517e+01,8.112672187070728569e+01,7.958332528129542993e+01,7.799525914690683237e+01,7.638242099066866331e+01,7.476178382549161938e+01,7.314728225213738710e+01,7.154985309840937191e+01,6.997761990079598604e+01,6.843620559131335312e+01,6.692915399907607821e+01,6.545843813212026419e+01,6.402503146588809102e+01,6.262951732904961943e+01,6.127271059464047909e+01,5.995626491968339167e+01,5.868323748467390288e+01,5.745858148931002063e+01,5.628953472507928524e+01,5.518587081719066845e+01,5.415997895058610823e+01,5.322673905908693825e+01,5.240316369459822710e+01,5.170778620202136722e+01,5.115978824129196312e+01,5.077787844260009109e+01,5.057895762338790036e+01,5.057663317973683093e+01,5.077967365440898817e+01,5.119052087167719378e+01,5.180399762687781617e+01,5.260635981843437037e+01,5.357483966484016236e+01,5.467780888381767568e+01,5.587565665200545340e+01,5.712242796973097114e+01,5.836820685894195293e+01,5.956216044208825622e+01,6.065609031066572499e+01,6.160827296285970789e+01,6.238731730998500780e+01,6.297572914138623901e+01,6.337285354435989859e+01,6.359686901670989556e+01,6.368553313020341733e+01,6.369543072154003482e+01,6.369955349097536157e+01,6.378314624138828037e+01,6.403789023286927318e+01,6.455465561208437464e+01,6.541523462253397270e+01,6.668365009928049858e+01,6.839779650957501644e+01,7.056228401248692705e+01,7.314338778489469917e+01,7.606692730711371553e+01,7.921969722364815425e+01,8.245474552211896935e+01,8.560037237776738550e+01,8.847225397902353450e+01,9.088764793424905974e+01,9.268028559077953332e+01,9.371436967081007197e+01,9.389611884461474745e+01,9.318154622908133433e+01,9.157959920764487549e+01,8.915036006015974124e+01,8.599862199686859299e+01,8.226371609493554615e+01,7.810688442860643477e+01,7.369771334252820338e+01,6.920113576835944968e+01,6.476629994189931949e+01,6.051823484838380551e+01,5.655279257132144721e+01,5.293489257515935265e+01,4.969970168550149481e+01,4.685610447991884087e+01,4.439167415865055943e+01,4.227834016619841151e+01,4.047804189063223390e+01,3.894782150551025524e+01,3.764400398229667388e+01
7.747234390403019688e+01,7.993793012650908736e+01,8.219331286266792347e+01,8.421025675628450813e+01,8.596495218729668863e+01,8.743868123712064744e+01,8.861831109611071611e+01,8.949659249332421496e+01,9.007224997359313079e+01,9.034986091844918121e+01,9.033953049825393578e+01,9.005637962728849288e+01,8.951987187373632082e+01,8.875301262643023392e+01,8.778145922382967115e+01,8.663258393081424913e+01,8.533453248503673194e+01,8.391531946784640184e+01,8.240199817981155661e+01,8.081993734576170141e+01,7.919223027034468032e+01,7.753925450885117243e+01,7.587839222860537802e+01,7.422391371136670557e+01,7.258701932165367054e+01,7.097602907489019231e+01,6.939670389058207434e+01,6.785267877335161302e+01,6.634598544655835894e+01,6.487764015557688424e+01,6.344827114712521876e+01,6.205875935456001002e+01,6.071086473131812511e+01,5.940780922577629752e+01,5.815478550800342816e+01,5.695935841965301449e+01,5.583172419940811437e+01,5.478479162255950996e+01,5.383405032901916343e+01,5.299719598909659624e+01,5.229349072301075552e+01,5.174285122503872714e+01,5.136467668167782819e+01,5.117645335884301971e+01,5.119220123682202939e+01,5.142085783513796571e+01,5.186472201872228993e+01,5.251810212837312974e+01,5.336632412494070365e+01,5.438525295842572405e+01,5.554146158368499187e+01,5.679314615035679026e+01,5.809183414818484437e+01,5.938486803559366933e+01,6.061857525819517889e+01,6.174196289407080229e+01,6.271070813067538552e+01,6.349116060370426595e+01,6.406403440959304874e+01,6.442745000884474393e+01,6.459899161223806630e+01,6.461647545760830269e+01,6.453717980691499179e+01,6.443536973362229503e+01,6.439805987575255131e+01,6.451909617888645698e+01,6.489180018863829957e+01,6.560059851839989165e+01,6.671224060848176407e+01,6.826736710581634782e+01,7.027330024550772691e+01,7.269895537425931309e+01,7.547269209088275943e+01,7.848371881120563387e+01,8.158733896325990997e+01,8.461390673495913006e+01,8.738089482042957457e+01,8.970703318393272241e+01,9.142713071978046457e+01,9.240600783736931589e+01,9.254999254103059059e+01,9.181467715686753195e+01,9.020807044254036100e+01,8.778884753203530522e+01,8.466001014609841491e+01,8.095882547040093868e+01,7.684432804586859334e+01,7.248388555880410422e+01,6.804032428370892660e+01,6.366090023424327882e+01,5.946903838078097948e+01,5.555931629054803267e+01,5.199571762528347563e+01,4.881279329757674645e+01,4.601909160495591777e+01,4.360207530040258206e+01,4.153372978792333470e+01,3.977615869192405285e+01,3.828662511940855495e+01,3.702168994218992282e+01
7.835945668179249424e+01,8.086710605036672916e+01,8.316106627944958518e+01,8.521262680100674913e+01,8.699757641119862228e+01,8.849688035131664776e+01,8.969718193617119084e+01,9.059110593491033114e+01,9.117735030932415441e+01,9.146056315532216274e+01,9.145101215683679641e+01,9.116406391177005730e+01,9.061949951896413324e+01,8.984070028878799974e+01,8.885374293482263397e+01,8.768644683871066547e+01,8.636741683221521271e+01,8.492512345197650347e+01,8.338705899158156853e+01,8.177900223636567034e+01,8.012441795768596364e+01,7.844400957027747268e+01,7.675543534647701449e+01,7.507319074028431771e+01,7.340865214337388522e+01,7.177027111322449571e+01,7.016390298890577526e+01,6.859324990383386478e+01,6.706039542852775526e+01,6.556640620680565235e+01,6.411197466122806077e+01,6.269807576384250325e+01,6.132660964211935806e+01,6.000100016408284631e+01,5.872671755352139655e+01,5.751169071987847303e+01,5.636657285461407696e+01,5.530482277409853964e+01,5.434256557666287790e+01,5.349820067679395663e+01,5.279173439013398195e+01,5.224382888601386554e+01,5.187457984817766743e+01,5.170206110703121283e+01,5.174070432599792468e+01,5.199961295924782689e+01,5.248093860752562989e+01,5.317847040414820725e+01,5.407659985744804487e+01,5.514982086692727137e+01,5.636290482025919601e+01,5.767185295438952153e+01,5.902567387297604995e+01,6.036896681429097811e+01,6.164521641959850484e+01,6.280062907772929748e+01,6.378827152414153545e+01,6.457221585395572561e+01,6.513135684546202242e+01,6.546255127071194124e+01,6.558273695953643312e+01,6.552972296813817366e+01,6.536140197882528469e+01,6.515322263785751034e+01,6.499387333021846302e+01,6.497926919085679742e+01,6.520509748616325396e+01,6.575835454404906955e+01,6.670848519453544156e+01,6.809889094621827610e+01,6.993967767921863299e+01,7.220253718976509560e+01,7.481857318005296520e+01,7.767967633468958866e+01,8.064372837814100592e+01,8.354349765032617370e+01,8.619862776155270012e+01,8.842968267967486895e+01,9.007286934571132520e+01,9.099387857324987294e+01,9.109931085499287917e+01,9.034439703894919660e+01,8.873615772695562498e+01,8.633170743538897796e+01,8.323201315663659727e+01,7.957196684746458004e+01,7.550804259625317627e+01,7.120502319457307294e+01,6.682327562547951061e+01,6.250784756353834126e+01,5.838029737499830674e+01,5.453372918507477607e+01,5.103105882463842136e+01,4.790615327771611476e+01,4.516721291477124112e+01,4.280162401722515852e+01,4.078149538222245951e+01,3.906918366410621246e+01,3.762227216767858806e+01,3.639765845319477222e+01
7.891856995004755504e+01,8.145415603356731538e+01,8.377411460180357494e+01,8.584944484460450553e+01,8.765568758156010176e+01,8.917360888531761987e+01,9.038970652632106351e+01,9.129651622392927379e+01,9.189270418289416398e+01,9.218294273689343754e+01,9.217757648842088258e+01,9.189209648436759892e+01,9.134644908528616725e+01,9.056421373363143346e+01,8.957168937522340002e+01,8.839693255461403965e+01,8.706879106580633731e+01,8.561597553774407743e+01,8.406620766985838600e+01,8.244547834452998814e+01,8.077744197429134942e+01,7.908296570232013778e+01,7.737984399829723259e+01,7.568268128827529040e+01,7.400293797094283832e+01,7.234912884368989694e+01,7.072715779722389584e+01,6.914076869405826642e+01,6.759208952857468944e+01,6.608224504202669891e+01,6.461201159955916751e+01,6.318248694394265641e+01,6.179574606069741094e+01,6.045545256664773603e+01,5.916739270811609686e+01,5.793989643821164037e+01,5.678410767273506110e+01,5.571406457268771817e+01,5.474655172068298725e+01,5.390069065619896804e+01,5.319724467321132977e+01,5.265762902057048223e+01,5.230263904188718982e+01,5.215093583961007084e+01,5.221736017216721848e+01,5.251117778980136563e+01,5.303438957719131963e+01,5.378026332560158096e+01,5.473225619842632739e+01,5.586349401791461844e+01,5.713695267906648922e+01,5.850644745776876476e+01,5.991847916557239984e+01,6.131491578793558972e+01,6.263641020972887929e+01,6.382637599421097718e+01,6.483527146764123472e+01,6.562488455535869036e+01,6.617227257183411382e+01,6.647299639032834762e+01,6.654329928917371717e+01,6.642091818037674500e+01,6.616427908259518631e+01,6.584991960265938360e+01,6.556809858417018688e+01,6.541669566860190344e+01,6.549366739369828849e+01,6.588850314398160890e+01,6.667329896236566356e+01,6.789421816431593015e+01,6.956420744249028587e+01,7.165785633403800148e+01,7.410920115360772797e+01,7.681306756751780540e+01,7.963022266609713995e+01,8.239619375267564294e+01,8.493315550497524669e+01,8.706385507145684244e+01,8.862620801661576309e+01,8.948702160630479341e+01,8.955332911586052091e+01,8.878006049175556313e+01,8.717320405117577309e+01,8.478816944784054499e+01,8.172365814150501251e+01,7.811189030235220798e+01,7.410644275594908947e+01,6.986916354082507041e+01,6.555762336656002276e+01,6.131435954233467811e+01,5.725881316015011180e+01,5.348242537383710271e+01,5.004691893465825103e+01,4.698541317685290153e+01,4.430575101175358554e+01,4.199527657743085740e+01,4.002628855279048281e+01,3.836148363065210276e+01,3.695886236060310637e+01,3.577575746103746468e+01
7.913931022654966796e+01,8.168823826051962556e+01,8.402119270661479788e+01,8.610907319207090893e+01,8.792733094763171664e+01,8.945665426237592044e+01,9.068347623807477476e+01,9.160028176783099241e+01,9.220570018855616468e+01,9.250438043258708376e+01,9.250665610456594834e+01,9.222801809109839155e+01,9.168842145693487566e+01,9.091146095092854296e+01,8.992345500965652150e+01,8.875248142161998999e+01,8.742740867723014730e+01,8.597696552291898797e+01,8.442888756362918912e+01,8.280917425619730921e+01,8.114148275247208630e+01,7.944667729784134735e+01,7.774254480299785541e+01,7.604367929562624795e+01,7.436153066837503900e+01,7.270460680860767866e+01,7.107881302767503939e+01,6.948790875426612956e+01,6.793405861486829167e+01,6.641845305291272439e+01,6.494197219187756787e+01,6.350586533360777253e+01,6.211241693420490151e+01,6.076556786120237774e+01,5.947145815545146519e+01,5.823885463119937356e+01,5.707942401828608325e+01,5.600781089752668862e+01,5.504148061118375779e+01,5.420029201136803465e+01,5.350577465763950613e+01,5.298010088799537698e+01,5.264476543870084413e+01,5.251901344394650550e+01,5.261809005813206852e+01,5.295141878629642918e+01,5.352084701015109403e+01,5.431912159195118761e+01,5.532877012355521629e+01,5.652156022996928186e+01,5.785868751761219642e+01,5.929180142793482133e+01,6.076491895283937339e+01,6.221720287834039453e+01,6.358650005149932127e+01,6.481345362117730247e+01,6.584592923307999968e+01,6.664343612873456379e+01,6.718118593770752511e+01,6.745341867878175890e+01,6.747563919045862235e+01,6.728544847789456185e+01,6.694172300500687811e+01,6.652199014344138561e+01,6.611796888484521162e+01,6.582938961977832548e+01,6.575637095662526121e+01,6.599080656645882925e+01,6.660738628156909158e+01,6.765502192142852778e+01,6.914954297364131719e+01,7.106854192961412764e+01,7.334915934235675650e+01,7.588939108246928811e+01,7.855317893965016651e+01,8.117913656305566406e+01,8.359231346095505444e+01,8.561797465824798792e+01,8.709604325827984894e+01,8.789468103595817183e+01,8.792151069386386553e+01,8.713122293478636493e+01,8.552873550968851646e+01,8.316761923116186495e+01,8.014409320286507921e+01,7.658742595301424672e+01,7.264797848479547326e+01,6.848433279807514396e+01,6.425094408914384303e+01,6.008755321819430861e+01,5.611124676804142553e+01,5.241162391092404960e+01,4.904909656231831150e+01,4.605597730290756431e+01,4.343974414857780175e+01,4.118773347907527693e+01,3.927249890055981041e+01,3.765716174075475919e+01,3.630023393384826846e+01,3.515957880963609483e+01
7.901779711114625115e+01,8.156526847741308472e+01,8.389802413048705887e+01,8.598705676296953015e+01,8.780788808821850466e+01,8.934125137358012125e+01,9.057359696667261062e+01,9.149739784049664593e+01,9.211124167494627102e+01,9.241970633132596902e+01,9.243302613902376663e+01,9.216656655725725500e+01,9.164013388632228896e+01,9.087715424251224761e+01,8.990376155248492296e+01,8.874783758299842873e+01,8.743804787847886928e+01,8.600291597590418746e+01,8.446997460601700425e+01,8.286502711109952202e+01,8.121154545738104957e+01,7.953022350580717159e+01,7.783869616145734938e+01,7.615142715837055221e+01,7.447976099390608340e+01,7.283212823948890957e+01,7.121438832095019222e+01,6.963028992640926162e+01,6.808202635187522844e+01,6.657086108407506231e+01,6.509779739272313748e+01,6.366426426033054753e+01,6.227278924558538620e+01,6.092762660339962366e+01,5.963530612937272934e+01,5.840506501181068444e+01,5.724912206394115799e+01,5.618275203413826091e+01,5.522411851442080888e+01,5.439382871214482407e+01,5.371418338821808192e+01,5.320811163335125826e+01,5.289780323778042259e+01,5.280308064946666491e+01,5.293958619104050456e+01,5.331689537117665623e+01,5.393669974740762285e+01,5.479122811817132543e+01,5.586208794581072823e+01,5.711970553861565492e+01,5.852352072355720480e+01,6.002304865515175436e+01,6.155985965976568508e+01,6.307045180928396633e+01,6.448990667563565182e+01,6.575613433817345310e+01,6.681443756227035635e+01,6.762206488140819260e+01,6.815238430006917270e+01,6.839829761598156210e+01,6.837453193388616057e+01,6.811849008058203481e+01,6.768941453820946208e+01,6.716571891255236437e+01,6.664046522781148951e+01,6.621511195986562370e+01,6.599182192671763403e+01,6.606479217884682953e+01,6.651123548029778476e+01,6.738278420408555291e+01,6.869817677272253320e+01,7.043809681884692964e+01,7.254294262548582140e+01,7.491409646298487246e+01,7.741894464647299401e+01,7.989949520330984001e+01,8.218399789204815420e+01,8.410055397502185315e+01,8.549137973933608237e+01,8.622622030390905934e+01,8.621344005014660183e+01,8.540755298949713392e+01,8.381237426284459957e+01,8.147951306611327027e+01,7.850250470634486533e+01,7.500740466524138128e+01,7.114105976520360741e+01,6.705847525386641905e+01,6.291069121993132995e+01,5.883438361821120566e+01,5.494406209804077434e+01,5.132731637266785185e+01,4.804313789481403063e+01,4.512297828301799996e+01,4.257394527982179966e+01,4.038340165673162119e+01,3.852421907155996195e+01,3.696002507480616117e+01,3.564993356399787672e+01,3.455243025610459995e+01
7.855676191548911902e+01,8.108804418618070997e+01,8.340745035088283998e+01,8.548625691875855637e+01,8.730021469030545234e+01,8.883022367054506674e+01,9.006283287089614475e+01,9.099054228586953741e+01,9.161189372637520023e+01,9.193134742474249776e+01,9.195895178005379478e+01,9.170982365030521066e+01,9.120346561307310651e+01,9.046295407494416452e+01,8.951403759028394802e+01,8.838418797201207155e+01,8.710164762068103528e+01,8.569451500776946773e+01,8.418990662559826887e+01,8.261322829637798293e+01,8.098758195792109404e+01,7.933332642018474701e+01,7.766780264290207469e+01,7.600522632333513684e+01,7.435674343933992247e+01,7.273063819414068121e+01,7.113267774641187202e+01,6.956657421926936991e+01,6.803454164529350123e+01,6.653792346283675840e+01,6.507786457003237501e+01,6.365600036096817860e+01,6.227513324006914530e+01,6.093986458661155581e+01,5.965714699194222703e+01,5.843671809300501963e+01,5.729137411471397456e+01,5.623703931765375330e+01,5.529258824246819870e+01,5.447938243086913701e+01,5.382049361020922618e+01,5.333960222819941066e+01,5.305958411414940201e+01,5.300082833718597186e+01,5.317936423945626956e+01,5.360491207985762685e+01,5.427900553770891889e+01,5.519336055333869240e+01,5.632867853768951250e+01,5.765406840146182788e+01,5.912724810583121382e+01,6.069564163779245547e+01,6.229842318626829467e+01,6.386948124956033723e+01,6.534118817562402626e+01,6.664877350965144842e+01,6.773502127062492661e+01,6.855495001249872189e+01,6.908009671719254641e+01,6.930201544503570688e+01,6.923462113004401886e+01,6.891505790658817432e+01,6.840284858242718258e+01,6.777718540228813993e+01,6.713234976190096859e+01,6.657139688064600591e+01,6.619840543176277947e+01,6.610976286676935842e+01,6.638512050775503326e+01,6.707878840437285817e+01,6.821242369122791160e+01,6.976987150859150688e+01,7.169492214671325314e+01,7.389254009284739766e+01,7.623380493029759464e+01,7.856440602445235299e+01,8.071609869693755002e+01,8.252012079358941321e+01,8.382125269401726086e+01,8.449104134567394908e+01,8.443873997553751565e+01,8.361874915951604237e+01,8.203375595171117141e+01,7.973329718106933228e+01,7.680803954370580300e+01,7.338058407777505465e+01,6.959398700732535303e+01,6.559938847069243195e+01,6.154413519838534086e+01,5.756158891161732782e+01,5.376347593464462449e+01,5.023522147250872649e+01,4.703429557231952174e+01,4.419123980775548688e+01,4.171278827463298455e+01,3.958636376765364417e+01,3.778521674776413874e+01,3.627355900889191531e+01,3.501119281929700122e+01,3.395731376512041066e+01
7.776545118146148639e+01,8.026614525236416853e+01,8.255932916437146218e+01,8.461674835494125091e+01,8.641453674838902543e+01,8.793387950040219891e+01,8.916150369151944233e+01,9.008997467029162465e+01,9.071778498510818167e+01,9.104923290434589944e+01,9.109409780035079507e+01,9.086712953868521936e+01,9.038737787317221262e+01,8.967739517491366996e+01,8.876235120544438928e+01,8.766910180582998180e+01,8.642525419737177117e+01,8.505827012029128298e+01,8.359464447294517697e+01,8.205919178797435620e+01,8.047446622830949536e+01,7.886033330410991482e+01,7.723370372074718659e+01,7.560843216195631555e+01,7.399537681665822220e+01,7.240260939105300508e+01,7.083576039112051603e+01,6.929848064239067185e+01,6.779299720569781584e+01,6.632073978254383917e+01,6.488301201319302436e+01,6.348168034404345406e+01,6.211985100425905415e+01,6.080250284128102578e+01,5.953704030468352926e+01,5.833372703710162455e+01,5.720595700192927069e+01,5.617031790277832926e+01,5.524640219896713234e+01,5.445632583409570060e+01,5.382392534776037962e+01,5.337362144490489158e+01,5.312896176173782692e+01,5.311088688024103988e+01,5.333579974495576437e+01,5.381355634739226446e+01,5.454553051612812453e+01,5.552293276049906012e+01,5.672557709196696862e+01,5.812128596645985823e+01,5.966609882114827457e+01,6.130540322095581018e+01,6.297604119710457127e+01,6.460936156566677369e+01,6.613509889969090239e+01,6.748587005707994990e+01,6.860199891060199207e+01,6.943631766175263920e+01,6.995855557781425205e+01,7.015891749995057580e+01,7.005047682223653283e+01,6.967006047047853201e+01,6.907738488991631698e+01,6.835230959828641062e+01,6.759020546038723865e+01,6.689558471107528703e+01,6.637430327847721401e+01,6.612481412762724631e+01,6.622910927879382825e+01,6.674411850453219586e+01,6.769441069184136950e+01,6.906704440518004162e+01,7.080931610797176745e+01,7.282994679163545015e+01,7.500393560205731092e+01,7.718091762169422054e+01,7.919643738475363648e+01,8.088515015938344277e+01,8.209465527983027755e+01,8.269850863813513797e+01,8.260699375308310266e+01,8.177446152906463794e+01,8.020245228767069534e+01,7.793833246513909785e+01,7.506973303048064849e+01,7.171558053853304671e+01,6.801488765071303533e+01,6.411466494846357023e+01,6.015831037477753540e+01,5.627564252119774579e+01,5.257541508600741054e+01,4.914074691467642708e+01,4.602749485895758141e+01,4.326524667344668273e+01,4.086036136957148557e+01,3.880035460622438137e+01,3.705891360582724303e+01,3.560090834474701182e+01,3.438691113833873203e+01,3.337691006561934159e+01
7.665931971516378951e+01,7.911561570779494446e+01,8.137020706693928673e+01,8.339548405410398857e+01,8.516811023641793099e+01,8.666966875388706626e+01,8.788714070016496294e+01,8.881319387815032940e+01,8.944626921446716494e+01,8.979046194139559134e+01,8.985520468793524174e+01,8.965476925286104404e+01,8.920761247903803337e+01,8.853559879778994457e+01,8.766313726069404311e+01,8.661627395621150072e+01,8.542178150622351041e+01,8.410628589751878792e+01,8.269546742077409363e+01,8.121336729034045732e+01,7.968182502824296876e+01,7.812006440345520275e+01,7.654443813012662190e+01,7.496833412784360462e+01,7.340223934640107473e+01,7.185395126360087659e+01,7.032892234802767462e+01,6.883071905723488726e+01,6.736157417816933446e+01,6.592300923613908026e+01,6.451650192681087503e+01,6.314417164883856515e+01,6.180945385995151042e+01,6.051773090988633896e+01,5.927688321838063246e+01,5.809772048930826571e+01,5.699424879032362412e+01,5.598372687889961696e+01,5.508646554283560448e+01,5.432532854105721754e+01,5.372490450591101308e+01,5.331033704813350482e+01,5.310582570916692191e+01,5.313284269623554223e+01,5.340814758618130043e+01,5.394172110441561330e+01,5.473477517627131306e+01,5.577802441032413583e+01,5.705041855769634651e+01,5.851853152109016776e+01,6.013677693209135100e+01,6.184857226112232098e+01,6.358850477349680830e+01,6.528546820938149153e+01,6.686664618398886262e+01,6.826212600709160938e+01,6.940984447003754099e+01,7.026050397209860421e+01,7.078206013954738296e+01,7.096337525238207888e+01,7.081665702091187597e+01,7.037835885856796381e+01,6.970830343476475832e+01,6.888690272231357881e+01,6.801048126237290603e+01,6.718486054956670728e+01,6.651752525223346879e+01,6.610885731506797924e+01,6.604307825772576734e+01,6.637966452952929330e+01,6.714607285294616190e+01,6.833260822782401078e+01,6.989016664222262420e+01,7.173137740845410804e+01,7.373536193921950144e+01,7.575594155111740235e+01,7.763271064058652371e+01,7.920400193658511512e+01,8.032047139797927571e+01,8.085787870850039383e+01,8.072767282862818661e+01,7.988421906410397355e+01,7.832789938379832506e+01,7.610382509937394957e+01,7.329644292525466653e+01,7.002080738120665160e+01,6.641165932708960895e+01,6.261164055761191349e+01,5.875996886486679216e+01,5.498271234317994072e+01,5.138548074030839530e+01,4.804895852688422053e+01,4.502730710275463366e+01,4.234912207178120980e+01,4.002038777711806716e+01,3.802874453606607119e+01,3.634837111393970588e+01,3.494486506240263424e+01,3.377964518618733791e+01,3.281356931591979276e+01
7.525952733354974100e+01,7.765844146908357004e+01,7.986278079840330690e+01,8.184574381149610645e+01,8.358466001520294242e+01,8.506161573704847001e+01,8.626391723008208601e+01,8.718437003565190935e+01,8.782136231430635576e+01,8.817874938443692656e+01,8.826554643828066560e+01,8.809544574316228704e+01,8.768618301709744856e+01,8.705878459560142346e+01,8.623673208928278200e+01,8.524508421070487429e+01,8.410959621463507574e+01,8.285587599273446813e+01,8.150861248273415072e+01,8.009090701067763973e+01,7.862373189756615943e+01,7.712553360340065467e+01,7.561199034474189773e+01,7.409592697312724852e+01,7.258738333936047127e+01,7.109382668559128149e+01,6.962049396141526358e+01,6.817084635859362152e+01,6.674711565500481925e+01,6.535091986994015656e+01,6.398392388055442126e+01,6.264851861768509167e+01,6.134848987818040200e+01,6.008964443209240613e+01,5.888035698170300236e+01,5.773199699437092391e+01,5.665919022517867631e+01,5.567986701066371324e+01,5.481504962543785098e+01,5.408833579769596867e+01,5.352504645305621978e+01,5.315102407999239631e+01,5.299109421292273936e+01,5.306723575027778850e+01,5.339654417226753935e+01,5.398911179931215543e+01,5.484598639367918338e+01,5.595739818639974317e+01,5.730146018873456626e+01,5.884354249834080974e+01,6.053649491076150468e+01,6.232184256930501931e+01,6.413200861885047743e+01,6.589353087538739828e+01,6.753114400932527417e+01,6.897250405122525763e+01,7.015324810179606629e+01,7.102201813237951455e+01,7.154504092347528399e+01,7.170985101639082870e+01,7.152777162315163650e+01,7.103482874176236805e+01,7.029086339888434054e+01,6.937672209763844933e+01,6.838954177289076597e+01,6.743629782335912637e+01,6.662594564747217873e+01,6.606064835646756706e+01,6.582673270028948309e+01,6.598613379056718031e+01,6.656915525018732183e+01,6.756936234515220008e+01,6.894132262312456305e+01,7.060170234246564291e+01,7.243392338739764114e+01,7.429620891928766468e+01,7.603243973926460342e+01,7.748486419023353733e+01,7.850741436020382480e+01,7.897823552516135237e+01,7.881007042770207249e+01,7.795736295324168452e+01,7.641933224583866036e+01,7.423876348853325169e+01,7.149678990416757074e+01,6.830441981649893535e+01,6.479191979220382791e+01,6.109734988099885555e+01,5.735554142934187638e+01,5.368862707638655252e+01,5.019891997847919640e+01,4.696455655515131866e+01,4.403793032030291954e+01,4.144661192360271684e+01,3.919621321652948609e+01,3.727452968450378989e+01,3.565628289703195719e+01,3.430786241794437075e+01,3.319160430820126351e+01,3.226930760003776300e+01
7.359226225001292221e+01,7.592184776076646813e+01,7.806517257152250977e+01,7.999639144094200560e+01,8.169362351453527538e+01,8.313955407323550162e+01,8.432187969378625780e+01,8.523357659505154516e+01,8.587298037933969397e+01,8.624367455887781375e+01,8.635419462988457440e+01,8.621756344948533979e+01,8.585068173940484826e+01,8.527360420688667375e+01,8.450873666096288161e+01,8.357999236245640873e+01,8.251194657457453729e+01,8.132902692194508631e+01,8.005477390480901079e+01,7.871120105936918776e+01,7.731827820611819391e+01,7.589355444387562954e+01,7.445193050328789752e+01,7.300558321843948306e+01,7.156403859014577051e+01,7.013438447635702744e+01,6.872160949813283537e+01,6.732905128871078659e+01,6.595893458248804109e+01,6.461297755126273046e+01,6.329304286364110510e+01,6.200180775420533763e+01,6.074342457578993759e+01,5.952413965270414309e+01,5.835283378725566195e+01,5.724144287121292507e+01,5.620521249538746389e+01,5.526273742019296265e+01,5.443573679151047884e+01,5.374852075935919515e+01,5.322711530357287302e+01,5.289803080445033601e+01,5.278668665474089039e+01,5.291553830838363126e+01,5.330199254675044784e+01,5.395623791519628298e+01,5.487915546055839400e+01,5.606050445648266134e+01,5.747759295514826050e+01,5.909463868737286418e+01,6.086299863517240283e+01,6.272239458160139947e+01,6.460318917271078476e+01,6.642967769321660398e+01,6.812426276230930000e+01,6.961228222287715539e+01,7.082717492487938671e+01,7.171560438624834433e+01,7.224212390940128614e+01,7.239296322786370297e+01,7.217854762050778561e+01,7.163442433065695525e+01,7.082036469532727097e+01,6.981752908920176992e+01,6.872372051919202818e+01,6.764690583113950595e+01,6.669734415611033285e+01,6.597882115310594031e+01,6.557963185560765851e+01,6.556406732158535533e+01,6.596522022339105717e+01,6.677991065318013852e+01,6.796642814092908225e+01,6.944558082882983285e+01,7.110524410710775101e+01,7.280823288472703325e+01,7.440292593103094987e+01,7.573570259945921634e+01,7.666397165010538117e+01,7.706843205418736886e+01,7.686324141899319784e+01,7.600298628619707131e+01,7.448572570009199012e+01,7.235186173415669941e+01,6.967910468141693059e+01,6.657426656862210734e+01,6.316296369053943494e+01,5.957848845842083563e+01,5.595110530208403077e+01,5.239884951817172976e+01,4.902060423990570825e+01,4.589185886389140023e+01,4.306317660437153449e+01,4.056107591935192147e+01,3.839080000285795791e+01,3.654032851723757602e+01,3.498497327816370728e+01,3.369197499118391903e+01,3.262465168926178194e+01,3.174580887067240198e+01
7.168792141338192891e+01,7.393744770845404446e+01,7.601005143096921302e+01,7.788097389688282135e+01,7.952923301249904853e+01,8.093819782963799980e+01,8.209601343194886169e+01,8.299585684977614619e+01,8.363601277480822205e+01,8.401976663161201486e+01,8.415512152990052641e+01,8.405435422261392375e+01,8.373343290953619089e+01,8.321132609698503302e+01,8.250923639122976283e+01,8.164979582967914951e+01,8.065626004086976764e+01,7.955173721573117973e+01,7.835848474761837679e+01,7.709730175332884983e+01,7.578703990735797902e+01,7.444424854714839057e+01,7.308296329314808304e+01,7.171464090269157055e+01,7.034823710289140308e+01,6.899041898426047226e+01,6.764589931275779122e+01,6.631787681585205974e+01,6.500856395280480626e+01,6.371978159539280995e+01,6.245359803656182862e+01,6.121298739599843941e+01,6.000247944270557099e+01,5.882876889815580768e+01,5.770124746974560992e+01,5.663241659375417925e+01,5.563813395168920550e+01,5.473764349181450228e+01,5.395333851016819438e+01,5.331021207130527273e+01,5.283496034391021112e+01,5.255472353427828125e+01,5.249547646717057603e+01,5.268011578233098646e+01,5.312633107278867328e+01,5.384438949179181577e+01,5.483500248825379231e+01,5.608747361775455431e+01,5.757834188131790398e+01,5.927073057216303198e+01,6.111458366492094285e+01,6.304791941129311539e+01,6.499915616013322506e+01,6.689047386050529553e+01,6.864207439609469930e+01,7.017710488489217369e+01,7.142692100041703895e+01,7.233630203392425528e+01,7.286819349633056220e+01,7.300755121669246250e+01,7.276389448311678620e+01,7.217224314732479229e+01,7.129221090651012105e+01,7.020514901561807619e+01,6.900937569537674676e+01,6.781368025095831342e+01,6.672945015949599679e+01,6.586192478436410624e+01,6.530121833590689562e+01,6.511386081178171992e+01,6.533565943382879482e+01,6.596666450590583963e+01,6.696891626353061611e+01,6.826744571523369132e+01,6.975470919243093704e+01,7.129827699164860633e+01,7.275121180205604787e+01,7.396421597332567899e+01,7.479835590262696599e+01,7.513703813924925612e+01,7.489594859744627797e+01,7.402988023930839745e+01,7.253574190641592168e+01,7.045150976008881116e+01,6.785138183676313872e+01,6.483784825806030483e+01,6.153172608757929396e+01,5.806138179936795751e+01,5.455235876449958710e+01,5.111845655959497492e+01,4.785501441479684104e+01,4.483479066401920932e+01,4.210646593523586034e+01,3.969548481441561449e+01,3.760672721931240403e+01,3.582838430429473675e+01,3.433640150124389834e+01,3.309892418965169725e+01,3.208031073217020435e+01,3.124443186496461067e+01
6.958018375756763874e+01,7.174027943261839368e+01,7.373363924477794740e+01,7.553670176430662764e+01,7.712947667255257045e+01,7.849608948446470436e+01,7.962518420375369033e+01,8.051016562052748782e+01,8.114927063755327197e+01,8.154546636239001600e+01,8.170618122328312438e+01,8.164288353743836524e+01,8.137052928583003109e+01,8.090690689476443254e+01,8.027191124954160273e+01,7.948678174538687813e+01,7.857333982284643525e+01,7.755326018235891183e+01,7.644740689783799326e+01,7.527526123531151825e+01,7.405446249836461448e+01,7.280047708716074339e+01,7.152640460528823496e+01,7.024292368502761974e+01,6.895837456763574380e+01,6.767897061133760417e+01,6.640912691890230235e+01,6.515189114862238284e+01,6.390945912267336837e+01,6.268375577416789923e+01,6.147705989058738396e+01,6.029264860368022738e+01,5.913543429041003208e+01,5.801256229101957729e+01,5.693393268757169778e+01,5.591260374596147642e+01,5.496502935171378112e+01,5.411107913337330899e+01,5.337378958357888337e+01,5.277879915183410020e+01,5.235343170101440080e+01,5.212541216397387700e+01,5.212122616026369570e+01,5.236417100832348126e+01,5.287218682715538876e+01,5.365559957695893445e+01,5.471494790893409288e+01,5.603909666168706138e+01,5.760385567661253958e+01,5.937131798974740349e+01,6.129010281901503276e+01,6.329663514268978730e+01,6.531751728105729171e+01,6.727295427498501112e+01,6.908109241102405917e+01,7.066302932272532189e+01,7.194816566551673986e+01,7.287950251280264524e+01,7.341845323346437624e+01,7.354873841354452679e+01,7.327896861638967607e+01,7.264359048272335428e+01,7.170197249696128949e+01,7.053553190092030434e+01,6.924294728841769597e+01,6.793365554744917745e+01,6.671998941343137801e+01,6.570846357403431170e+01,6.499085079200580140e+01,6.463578926146666959e+01,6.468171003561285204e+01,6.513185012347094016e+01,6.595200761065925121e+01,6.707149335892304975e+01,6.838744628909250878e+01,6.977232915348572817e+01,7.108404850661449359e+01,7.217779783183650011e+01,7.291846211405820100e+01,7.319229474959405479e+01,7.291661544546951745e+01,7.204648682217313649e+01,7.057768448883423673e+01,6.854573008608812756e+01,6.602124029622341084e+01,6.310228241796076532e+01,5.990475259228002614e+01,5.655196091963523486e+01,5.316460215544134371e+01,4.985212550717967872e+01,4.670623213467912649e+01,4.379688029268201888e+01,4.117082588060996784e+01,3.885242343515845675e+01,3.684619640918604944e+01,3.514057290299794545e+01,3.371217105858193719e+01,3.253008863741574430e+01,3.155977609485087498e+01,3.076622144879972609e+01
6.730501593487939260e+01,6.936777273517741094e+01,7.127464371929349340e+01,7.300335456264102163e+01,7.453498257647859759e+01,7.585446948757163455e+01,7.695100030003915492e+01,7.781823103274348341e+01,7.845435537502743273e+01,7.886200818791104439e+01,7.904801181973225255e+01,7.902297891404055008e+01,7.880079229581214406e+01,7.839798822005927548e+01,7.783307343293000713e+01,7.712580891863193244e+01,7.629649380000617498e+01,7.536528166893276648e+01,7.435155880946290097e+01,7.327340961141899811e+01,7.214718930502789362e+01,7.098721837587851269e+01,6.980560705362788099e+01,6.861221249009663836e+01,6.741472597101923725e+01,6.621888296115761818e+01,6.502878506095234457e+01,6.384732001097459886e+01,6.267666353447079075e+01,6.151884475210991354e+01,6.037635474740928032e+01,5.925277519637925394e+01,5.815340045446077255e+01,5.708582193566727625e+01,5.606043811068506955e+01,5.509084744454652594e+01,5.419407596798323823e+01,5.339058723656340533e+01,5.270402183726212542e+01,5.216061819086633022e+01,5.178827791479713483e+01,5.161525875258632112e+01,5.166850650284280277e+01,5.197167374453962907e+01,5.254291523731747304e+01,5.339259390535977445e+01,5.452107214819564973e+01,5.591679481335526702e+01,5.755488630415435125e+01,5.939647955115617606e+01,6.138896530338238477e+01,6.346729542609147501e+01,6.555639591933933730e+01,6.757464987495262676e+01,6.943830620641114137e+01,7.106656734901227424e+01,7.238701950019793685e+01,7.334100271783438529e+01,7.388848338589812670e+01,7.401199297722763504e+01,7.371923581720069762e+01,7.304404242686472060e+01,7.204544916706691993e+01,7.080481293040780599e+01,6.942101446551642141e+01,6.800395819042225298e+01,6.666673208564515107e+01,6.551693903902514649e+01,6.464783898754056679e+01,6.413003453666865994e+01,6.400447422658805863e+01,6.427751983817485382e+01,6.491871319862946166e+01,6.586167819798112077e+01,6.700831225809110947e+01,6.823608101761041667e+01,6.940786867738785304e+01,7.038350392067441419e+01,7.103183099800665445e+01,7.124207454155617825e+01,7.093328533018163284e+01,7.006085813832211784e+01,6.861945921519902925e+01,6.664214114498250296e+01,6.419589031351137010e+01,6.137427493500796771e+01,5.828817579850723973e+01,5.505574406645942531e+01,5.179272491857314265e+01,4.860412627437776223e+01,4.557793675179357962e+01,4.278126049111274654e+01,4.025889659551373967e+01,3.803409878136321964e+01,3.611104215694838615e+01,3.447841522039450979e+01,3.311354348672372083e+01,3.198651882033916749e+01,3.106392877217382420e+01,3.031192379459149322e+01
6.489965155257507945e+01,6.685868798090709220e+01,6.867316239519757914e+01,7.032215592547645144e+01,7.178787164821537203e+01,7.305611385674588121e+01,7.411664197342095406e+01,7.496338303300944972e+01,7.559449346717204321e+01,7.601226831323927513e+01,7.622290350898623501e+01,7.623612415843558665e+01,7.606469812358110971e+01,7.572385962947844007e+01,7.523067146440394026e+01,7.460335661613622449e+01,7.386063073072568841e+01,7.302106565318914022e+01,7.210251166678321511e+01,7.112160214412759274e+01,7.009335948968930552e+01,6.903091586380810440e+01,6.794535661815976368e+01,6.684568899905045214e+01,6.573893378303982615e+01,6.463033329871488775e+01,6.352366583794103860e+01,6.242165371306175103e+01,6.132644998078519194e+01,6.024018681824588128e+01,5.916556631252127119e+01,5.810647160599312144e+01,5.706857258877676742e+01,5.605989547737348744e+01,5.509131977239233890e+01,5.417695972447297947e+01,5.333438146478182773e+01,5.258460271746979942e+01,5.195182120458946429e+01,5.146282235607145594e+01,5.114602852701558788e+01,5.103017192309431493e+01,5.114260230729951218e+01,5.150727754159490956e+01,5.214252783902959720e+01,5.305872941976537049e+01,5.425606483398128432e+01,5.572257937023502450e+01,5.743275938076359921e+01,5.934685349397656751e+01,6.141112784065916230e+01,6.355919061851823670e+01,6.571444191757106523e+01,6.779360754663306921e+01,6.971120948657573990e+01,7.138472144147075937e+01,7.274006730389666586e+01,7.371705380997714485e+01,7.427429447362533210e+01,7.439318489093312792e+01,7.408053070744566071e+01,7.336950639922537221e+01,7.231873024464283617e+01,7.100937149589131536e+01,6.954035211471715172e+01,6.802185960033705214e+01,6.656754110029315541e+01,6.528589272794948783e+01,6.427148034430720713e+01,6.359671496968564952e+01,6.330494140838511896e+01,6.340556649563274760e+01,6.387184096299377956e+01,6.464171149377470726e+01,6.562188446784210782e+01,6.669491237365197378e+01,6.772876474621835996e+01,6.858802544973531212e+01,6.914561832079849069e+01,6.929384859462325608e+01,6.895358700869741142e+01,6.808062202647275285e+01,6.666854107157568876e+01,6.474792695456584113e+01,6.238210671784148786e+01,5.966009762670289973e+01,5.668769769878426246e+01,5.357782422535825617e+01,5.044119822164454092e+01,4.737831892266056855e+01,4.447340743910682193e+01,4.179067457203893809e+01,3.937294048214018005e+01,3.724235256308924136e+01,3.540274688367183842e+01,3.384309367619049169e+01,3.254145595540251179e+01,3.146895532331652134e+01,3.059335457449243023e+01,2.988200476594967370e+01
6.240158421224644769e+01,6.425206903644756551e+01,6.596960082914731061e+01,6.753466295716798129e+01,6.893062460136442837e+01,7.014418549488556209e+01,7.116570413466899936e+01,7.198939456590866826e+01,7.261338317547269128e+01,7.303962381640087642e+01,7.327367660413885631e+01,7.332436244723501773e+01,7.320331139263365117e+01,7.292442782133372248e+01,7.250329914443022972e+01,7.195657674045426688e+01,7.130135837031068036e+01,7.055460024686968268e+01,6.973258447031251706e+01,6.885046390781316461e+01,6.792190210690998242e+01,6.695882083682042207e+01,6.597126270984443863e+01,6.496737137786530525e+01,6.395348729745458627e+01,6.293435318957099156e+01,6.191342014783917591e+01,6.089324280332121475e+01,5.987594983260778747e+01,5.886377408548796097e+01,5.785962431961056751e+01,5.686767756171605015e+01,5.589396713998162625e+01,5.494693629511169775e+01,5.403792110446846664e+01,5.318151974449411057e+01,5.239579880919085042e+01,5.170228287251822508e+01,5.112567246432716672e+01,5.069324003514671517e+01,5.043386512398902255e+01,5.037669015724269173e+01,5.054940756527174273e+01,5.097622642371806023e+01,5.167561030052523563e+01,5.265792350378067965e+01,5.392316514505661473e+01,5.545900308806770340e+01,5.723933650871189371e+01,5.922361082841967317e+01,6.135707843369262804e+01,6.357214188015417022e+01,6.579083561617339626e+01,6.792840359689802199e+01,6.989782253259515699e+01,7.161501505329606232e+01,7.300440556471434661e+01,7.400440485766387155e+01,7.457237600950338674e+01,7.468863865350513720e+01,7.435911219183994092e+01,7.361627816727747131e+01,7.251825206317815287e+01,7.114588775940470100e+01,6.959798546632232785e+01,6.798482776364900815e+01,6.642041976341283771e+01,6.501394896824365333e+01,6.386109703401252347e+01,6.303591614739602278e+01,6.258401217160949415e+01,6.251774030642156532e+01,6.281400533640168504e+01,6.341506370362253620e+01,6.423245625255023583e+01,6.515388021580460531e+01,6.605247234962212133e+01,6.679766778246026604e+01,6.726656998276141053e+01,6.735465911331043287e+01,6.698470624219277170e+01,6.611295387741711238e+01,6.473194750651126128e+01,6.286981288700790316e+01,6.058620812833455460e+01,5.796557160540035625e+01,5.510857766651026424e+01,5.212286194937763639e+01,4.911407263454930217e+01,4.617815598940659783e+01,4.339552980456177522e+01,4.082748683435626447e+01,3.851485584004544194e+01,3.647867748377873198e+01,3.472245915891037527e+01,3.323547196688315353e+01,3.199654195639436693e+01,3.097784997894898140e+01,3.014836534056637873e+01,2.947667086960948879e+01
5.984761190685470211e+01,6.158624928802100840e+01,6.320364524387347416e+01,6.468171108414384207e+01,6.600500501829719724e+01,6.716114186765561556e+01,6.814109521962039651e+01,6.893937831011730566e+01,6.955409578448472985e+01,6.998686485734450002e+01,7.024261088190939972e+01,7.032924855180922918e+01,7.025726551631193217e+01,7.003922976281981505e+01,6.968924545084439615e+01,6.922238380217405052e+01,6.865411609752054289e+01,6.799977484043920128e+01,6.727406686396619762e+01,6.649065879889670327e+01,6.566185118397703491e+01,6.479835290387724456e+01,6.390916292328868309e+01,6.300156175063236930e+01,6.208121095887445051e+01,6.115235557074619521e+01,6.021812122541398793e+01,5.928089570098677541e+01,5.834278236331858380e+01,5.740611112874651667e+01,5.647399017935549637e+01,5.555087855915135719e+01,5.464315558993335742e+01,5.375965763615494097e+01,5.291214626248910236e+01,5.211566478956440562e+01,5.138873362644496012e+01,5.075332994905231487e+01,5.023459606792538779e+01,4.986022512996126466e+01,4.965948446304153663e+01,4.966185725931414652e+01,4.989531287557815631e+01,5.038425400983238944e+01,5.114723304651791125e+01,5.219457597645001101e+01,5.352609507770166886e+01,5.512910463000623906e+01,5.697697080148410720e+01,5.902842179320033722e+01,6.122781354154982836e+01,6.350648877688836791e+01,6.578528548897384098e+01,6.797815091701889401e+01,6.999670827215285840e+01,7.175551684999345525e+01,7.317767401334519661e+01,7.420034075902245263e+01,7.477973975864065892e+01,7.489518078261876610e+01,7.455171407135770778e+01,7.378109441915241007e+01,7.264085134707835323e+01,7.121139572899799930e+01,6.959124177994519300e+01,6.789057651072469923e+01,6.622355768501969919e+01,6.469985657394936140e+01,6.341607271662194734e+01,6.244772204518663727e+01,6.184252332915735195e+01,6.161566744148284869e+01,6.174763924787331604e+01,6.218496992289017555e+01,6.284403604637283536e+01,6.361771203372769179e+01,6.438435845084711673e+01,6.501833425479799189e+01,6.540100255929357331e+01,6.543109783056294759e+01,6.503336326243126564e+01,6.416455436448281091e+01,6.281621756456510752e+01,6.101404722536636882e+01,5.881404178575078134e+01,5.629605603446510287e+01,5.355562556292432674e+01,5.069508301702160935e+01,4.781498032414695842e+01,4.500668901627152252e+01,4.234680639480899345e+01,3.989369656904958816e+01,3.768619382738314982e+01,3.574423657537997201e+01,3.407101482803673775e+01,3.265611743105729659e+01,3.147915440019832900e+01,3.051338924964193922e+01,2.972902222606079192e+01,2.909589213918841466e+01
5.727296582491694465e+01,5.889794508896464720e+01,6.041332512144195022e+01,6.180245080179094685e+01,6.305107567453120510e+01,6.414773664281284482e+01,6.508403008253598898e+01,6.585477684863931813e+01,6.645806903576524860e+01,6.689519720868125319e+01,6.717046277796313802e+01,6.729088589869421355e+01,6.726582436749538374e+01,6.710652318333251287e+01,6.682561748411012559e+01,6.643661332174644940e+01,6.595337113510166205e+01,6.538961586157422801e+01,6.475849552477124860e+01,6.407220705648472858e+01,6.334170432433614195e+01,6.257649914366060528e+01,6.178456175977021303e+01,6.097232317420844083e+01,6.014477797772673284e+01,5.930568317914033827e+01,5.845784591000116848e+01,5.760349074548862092e+01,5.674469549585779760e+01,5.588388237015367110e+01,5.502434900954594355e+01,5.417082064310775991e+01,5.333000022635982873e+01,5.251108775606104473e+01,5.172623317514921837e+01,5.099087993402886809e+01,5.032394934696925759e+01,4.974781080817471235e+01,4.928798150506395359e+01,4.897250345671048422e+01,4.883095737184929419e+01,4.889309333761895004e+01,4.918708819311831348e+01,4.973747779984990558e+01,5.056285691756694689e+01,5.167348600578405637e+01,5.306898751860087771e+01,5.473634770623752388e+01,5.664845697762483212e+01,5.876341674978908713e+01,6.102480955909845051e+01,6.336307105139410822e+01,6.569801981912948463e+01,6.794250007420652082e+01,7.000698219014577717e+01,7.180485873582082945e+01,7.325808096145712511e+01,7.430271399862283488e+01,7.489395694541704529e+01,7.501018144765326667e+01,7.465559004114277286e+01,7.386118004973332063e+01,7.268381371267869895e+01,7.120333192311466064e+01,6.951779815865074852e+01,6.773711151865967395e+01,6.597537407552242428e+01,6.434252862000496975e+01,6.293588807037269106e+01,6.183224569994632702e+01,6.108127324660794244e+01,6.070086968069493594e+01,6.067500791603932697e+01,6.095443783248186520e+01,6.146034969060005437e+01,6.209080288593452934e+01,6.272941378216463448e+01,6.325551476836794507e+01,6.355478897661020454e+01,6.352928980620913535e+01,6.310579579069094081e+01,6.224163278184585124e+01,6.092739658645912471e+01,5.918638815780110463e+01,5.707097361749707431e+01,5.465644185224313389e+01,5.203319950116076598e+01,4.929828040725811178e+01,4.654714121203505783e+01,4.386657868581202990e+01,4.132937046320429175e+01,3.899095500477491072e+01,3.688817806254807863e+01,3.503988490339358464e+01,3.344896026894958396e+01,3.210532533278798439e+01,3.098939044687427469e+01,3.007551918439500582e+01,2.933516042849209526e+01,2.873942633501387078e+01
5.471055070740889903e+01,5.622146486515440955e+01,5.763419490649963706e+01,5.893350626283773863e+01,6.010633866072151932e+01,6.114214626751544301e+01,6.203314812750428331e+01,6.277447752891045951e+01,6.336422386422272268e+01,6.380336588771059780e+01,6.409560071010429283e+01,6.424707806804315169e+01,6.426605404865964033e+01,6.416248226173505032e+01,6.394756321860209169e+01,6.363327426068131132e+01,6.323190272995658745e+01,6.275560422641643754e+01,6.221600587506952706e+01,6.162387172113231770e+01,6.098884393359958267e+01,6.031926970198998816e+01,5.962211983876179744e+01,5.890300140429059894e+01,5.816626335003093118e+01,5.741519134333695007e+01,5.665228560484449361e+01,5.587961364990451330e+01,5.509922805643324750e+01,5.431363746095171052e+01,5.352631653027361125e+01,5.274223728686314416e+01,5.196839958426234318e+01,5.121433262280953613e+01,5.049253234366233301e+01,4.981879190503831722e+01,4.921237523871524644e+01,4.869597836336480157e+01,4.829542151173646403e+01,4.803901920347919940e+01,4.795658704142400097e+01,4.807806461229017714e+01,4.843176391048487517e+01,4.904229135366048098e+01,4.992823631838091103e+01,5.109976612951726338e+01,5.255631105441545969e+01,5.428455658347149893e+01,5.625697745746175116e+01,5.843114271193910270e+01,6.074998956649588422e+01,6.314320530678964616e+01,6.552977294664981400e+01,6.782163466031538235e+01,6.992831621997476077e+01,7.176224763423235231e+01,7.324442222870452213e+01,7.430996989925063190e+01,7.491318894243369186e+01,7.503158965845827311e+01,7.466855240937138660e+01,7.385428942523785167e+01,7.264491649653379568e+01,7.111957879862885079e+01,6.937572464494135716e+01,6.752277218831986261e+01,6.567455757381650017e+01,6.394107946037371448e+01,6.242015432101909767e+01,6.118965866843275592e+01,6.030104676138599018e+01,5.977478445637007098e+01,5.959822383078039110e+01,5.972625759932677880e+01,6.008484541293515946e+01,6.057721580243040904e+01,6.109224919601912518e+01,6.151427878072811950e+01,6.173334897033901569e+01,6.165488228391154024e+01,6.120774727737934739e+01,6.034989565352726970e+01,5.907102612363885186e+01,5.739209583390812952e+01,5.536188313030916675e+01,5.305115002359647747e+01,5.054520779002077546e+01,4.793582007680770118e+01,4.531337254479507237e+01,4.276010798370552379e+01,4.034500239215469009e+01,3.812058456185878441e+01,3.612172622019770074e+01,3.436619298777337406e+01,3.285657712267058628e+01,3.158314441248410986e+01,3.052711743081531992e+01,2.966397132540659953e+01,2.896641474320436771e+01,2.840684387739021233e+01
5.219031702882872992e+01,5.358805497481206004e+01,5.489865663670681784e+01,5.610827812906296685e+01,5.720502220296755524e+01,5.817924473013835751e+01,5.902378013248667799e+01,5.973407553572391748e+01,6.030822788929529565e+01,6.074692313624797180e+01,6.105328144073855867e+01,6.123261718567695766e+01,6.129212665184746101e+01,6.124051973321043363e+01,6.108761453731473523e+01,6.084391514138863499e+01,6.052019307909127832e+01,6.012709235646797623e+01,5.967477605118810402e+01,5.917263001490374563e+01,5.862903610128206822e+01,5.805122393531031122e+01,5.744520677740230497e+01,5.681580374684254053e+01,5.616674772733902188e+01,5.550087577749492596e+01,5.482039680540011517e+01,5.412722952183952430e+01,5.342340203203004023e+01,5.271150253858709078e+01,5.199516812989961068e+01,5.127959514439595523e+01,5.057204984615113119e+01,4.988235202222236353e+01,4.922329681142927171e+01,4.861097217980128704e+01,4.806492199858119818e+01,4.760809913208990451e+01,4.726655114147045111e+01,4.706878516609070573e+01,4.704477014803040902e+01,4.722455521081980123e+01,4.763651316950209491e+01,4.830525700374229103e+01,4.924932224629770872e+01,5.047875553029513185e+01,5.199279342627211520e+01,5.377784963844116817e+01,5.580604590779692842e+01,5.803451673205886152e+01,6.040568635296781252e+01,6.284865739746336288e+01,6.528176668094515378e+01,6.761626130000745150e+01,6.976093683813874691e+01,7.162747107812680269e+01,7.313609356150507779e+01,7.422116513440340668e+01,7.483621108573666447e+01,7.495796154963113622e+01,7.458900398880268767e+01,7.375874100687624946e+01,7.252246523673126433e+01,7.095850222905121996e+01,6.916352186050959006e+01,6.724626864644228874e+01,6.532010185900904276e+01,6.349485825386403803e+01,6.186864405534227984e+01,6.052021858491392692e+01,5.950263903949164757e+01,5.883878467967068815e+01,5.851926235296580359e+01,5.850301320193220533e+01,5.872070099213475203e+01,5.908068506805410181e+01,5.947709551000055939e+01,5.979927230504570446e+01,5.994164395922846467e+01,5.981303825066724045e+01,5.934446000963503565e+01,5.849454025519921885e+01,5.725213869639291175e+01,5.563592909259129726e+01,5.369116271497020421e+01,5.148413387466233360e+01,4.909511458259328265e+01,4.661065003430888964e+01,4.411610134245356107e+01,4.168919782661480156e+01,3.939514818850274480e+01,3.728359981721704486e+01,3.538747301362526798e+01,3.372347132694898164e+01,3.229390788608972684e+01,3.108940309976668459e+01,3.009199928520691003e+01,2.927828898559828730e+01,2.862224539035052118e+01,2.809755297497944326e+01
4.973877789028637153e+01,5.102539575707909592e+01,5.223543741891353420e+01,5.335640501939109726e+01,5.437752885326156616e+01,5.529004143682081462e+01,5.608737887121294108e+01,5.676530037235725956e+01,5.732192086198863024e+01,5.775765587235849097e+01,5.807508244671982567e+01,5.827872394673592282e+01,5.837477044850898977e+01,5.837074949688889092e+01,5.827516421968577731e+01,5.809711706963175715e+01,5.784593772412311097e+01,5.753083296601973018e+01,5.716057479737494873e+01,5.674324076527304328e+01,5.628601771179116042e+01,5.579507712860082336e+01,5.527552723063811868e+01,5.473144396626758379e+01,5.416598060497217659e+01,5.358155336306145955e+01,5.298009872268232812e+01,5.236339654191857562e+01,5.173345151004970432e+01,5.109292364913244455e+01,5.044559602645414031e+01,4.979686425617276058e+01,4.915422745739596166e+01,4.852775401456712956e+01,4.793048796346474205e+01,4.737875369975472495e+01,4.689230902167183501e+01,4.649429076508925363e+01,4.621089531885387203e+01,4.607074014295328368e+01,4.610386395202304755e+01,4.634034387121602094e+01,4.680853809820203537e+01,4.753300157561489669e+01,4.853216745553220335e+01,4.981593460473385448e+01,5.138334545501257367e+01,5.322057257051740464e+01,5.529944964233311566e+01,5.757677734903395361e+01,5.999460272145758211e+01,6.248161134189541599e+01,6.495568750901317401e+01,6.732759477361987877e+01,6.950561765218976973e+01,7.140089674622299754e+01,7.293309653876104903e+01,7.403597936910857413e+01,7.466242937061312546e+01,7.478848141604321142e+01,7.441596273310014453e+01,7.357344483679344194e+01,7.231532325593535404e+01,7.071898244083214990e+01,6.888015256976922274e+01,6.690671323672411575e+01,6.491133640429598017e+01,6.300347836017921566e+01,6.128131869358225003e+01,5.982429421159152128e+01,5.868687778746568284e+01,5.789419779562161494e+01,5.743997740832602972e+01,5.728709468822724205e+01,5.737083264574062014e+01,5.760462195261423801e+01,5.788780643657666047e+01,5.811471853025145151e+01,5.818417595954087318e+01,5.800843433262819815e+01,5.752067272231342798e+01,5.668025267936553035e+01,5.547525701529644948e+01,5.392214646532285371e+01,5.206272094702789843e+01,4.995888507227819275e+01,4.768594876746261946e+01,4.532531222565543771e+01,4.295737921761757860e+01,4.065542462908926780e+01,3.848093950996706525e+01,3.648072962718158863e+01,3.468579400416082592e+01,3.311179546416011732e+01,3.176078180926891648e+01,3.062373583841461055e+01,2.968352292779263024e+01,2.891785337370804854e+01,2.830196360743439499e+01,2.781082446306881550e+01
4.737867607808740900e+01,4.855725348705230715e+01,4.966922771259827130e+01,5.070338973643339386e+01,5.165005142694910489e+01,5.250128874675608870e+01,5.325112021501348636e+01,5.389561254019419323e+01,5.443290893618478776e+01,5.486317953080209975e+01,5.518849723296209220e+01,5.541264619947163794e+01,5.554087340431478026e+01,5.557959656250042002e+01,5.553608364294136379e+01,5.541812032375779040e+01,5.523368196653827056e+01,5.499062604722919190e+01,5.469641957648821062e+01,5.435791402053580157e+01,5.398117778246479048e+01,5.357139363141796906e+01,5.313282577902107562e+01,5.266885877917701464e+01,5.218210819878060391e+01,5.167460113005036249e+01,5.114802305540686689e+01,5.060402619627254239e+01,5.004459303961564132e+01,4.947244691803002326e+01,4.889149895087709297e+01,4.830731697787013701e+01,4.772759706816074043e+01,4.716261169459735925e+01,4.662560094692780410e+01,4.613306483006289938e+01,4.570490681158111101e+01,4.536437284882022425e+01,4.513772800060172585e+01,4.505361644132144505e+01,4.514206215072911021e+01,4.543308815232550302e+01,4.595496239317584042e+01,4.673211735480875006e+01,4.778283581340767938e+01,4.911684269948290193e+01,5.073298712729329907e+01,5.261723278131941584e+01,5.474119220523716933e+01,5.706143524715390214e+01,5.951977004988822273e+01,6.204463556430867044e+01,6.455366024341219600e+01,6.695733874365251381e+01,6.916366682437652003e+01,7.108346615105347155e+01,7.263603804391746621e+01,7.375471999389591815e+01,7.439188989037282340e+01,7.452297527210717476e+01,7.414907881310563198e+01,7.329792251664449054e+01,7.202293392379104375e+01,7.040043794421396228e+01,6.852506667323501688e+01,6.650364598550211781e+01,6.444795184706002544e+01,6.246684207661328259e+01,6.065835209434195008e+01,5.910238746414428590e+01,5.785464331522081949e+01,5.694232357897827512e+01,5.636211680650987432e+01,5.608071091652155360e+01,5.603790521132408742e+01,5.615212247654977062e+01,5.632786420231495583e+01,5.646442167921239275e+01,5.646499016657551806e+01,5.624526265823665483e+01,5.574062234334450494e+01,5.491121007042910662e+01,5.374439728392592031e+01,5.225451106071977847e+01,5.047998947480920151e+01,4.847844282313342035e+01,4.632031566078003948e+01,4.408195677251701738e+01,4.183889909253266381e+01,3.966003932433858381e+01,3.760321472807857646e+01,3.571243990775657551e+01,3.401682973493542761e+01,3.253103109504228030e+01,3.125684060152444843e+01,3.018560903630541503e+01,2.930102413265680994e+01,2.858190910610656488e+01,2.800475656322956297e+01,2.754581592597385153e+01
4.512879968095565175e+01,4.620328662469607650e+01,4.722047882135185404e+01,4.817038870604276468e+01,4.904435517695938529e+01,4.983525773318145013e+01,5.053767338095279626e+01,5.114796920457804674e+01,5.166432669461958938e+01,5.208669738541800598e+01,5.241669286450989773e+01,5.265741556204970664e+01,5.281323970443362015e+01,5.288955424604374400e+01,5.289248134053302408e+01,5.282858489396438983e+01,5.270458392968386363e+01,5.252708492149534436e+01,5.230234600561519187e+01,5.203608419833365417e+01,5.173333459477308338e+01,5.139836819119527433e+01,5.103467264243631973e+01,5.064499809527193008e+01,5.023146833754257301e+01,4.979575591155146697e+01,4.933931851102965283e+01,4.886369276870303935e+01,4.837084020457450606e+01,4.786353832220089544e+01,4.734580724703383225e+01,4.682335854819657328e+01,4.630404771936000685e+01,4.579830515468148633e+01,4.531951257662497312e+01,4.488428337572796067e+01,4.451259727488177020e+01,4.422773364199053958e+01,4.405594551005576420e+01,4.402581995446070096e+01,4.416728182848115836e+01,4.451021836942519627e+01,4.508273233312839068e+01,4.590907024792552704e+01,4.700731765317891586e+01,4.838700067245586922e+01,5.004677735199574329e+01,5.197243628101104207e+01,5.413543734788653694e+01,5.649222418785869593e+01,5.898450602491123362e+01,6.154064723884195587e+01,6.407821874632935533e+01,6.650766258968900502e+01,6.873690971120460347e+01,7.067668274204982026e+01,7.224612345869226715e+01,7.337832000837420310e+01,7.402528098538536483e+01,7.416191682284244280e+01,7.378864395193946280e+01,7.293231943838691222e+01,7.164533530856431298e+01,7.000284212790916172e+01,6.809821926793287616e+01,6.603705365491066459e+01,6.393001957080542041e+01,6.188516029993849799e+01,6.000014987079055118e+01,5.835515198999683406e+01,5.700688602976234876e+01,5.598445025618111970e+01,5.528733677771035104e+01,5.488590238024021062e+01,5.472434323051147942e+01,5.472597682957444931e+01,5.480038748115055114e+01,5.485177373490238040e+01,5.478768083659998922e+01,5.452723632283425559e+01,5.400804950596506160e+01,5.319108665802585278e+01,5.206307620488698262e+01,5.063629894434345147e+01,4.894593309926056435e+01,4.704540588719214611e+01,4.500041108384492361e+01,4.288235813955074605e+01,4.076201338181643052e+01,3.870398740078931610e+01,3.676254058600351726e+01,3.497895662977211373e+01,3.338050974828649231e+01,3.198085878028946638e+01,3.078156351729480988e+01,2.977434622097512928e+01,2.894371248044080502e+01,2.826958871141882668e+01,2.772971121437305442e+01,2.730159474131820474e+01
4.300393833734207760e+01,4.397899817963830316e+01,4.490535121907005589e+01,4.577415612037534487e+01,4.657771762235172730e+01,4.730967358078048335e+01,4.796513179787352499e+01,4.854075044741991007e+01,4.903475872590747997e+01,4.944691741021299691e+01,4.977842209506078319e+01,5.003175482757268355e+01,5.021049247179774255e+01,5.031908226765286685e+01,5.036259657742819229e+01,5.034647966597971447e+01,5.027629951638050443e+01,5.015751717223351136e+01,4.999528500162704603e+01,4.979428371820558397e+01,4.955860612433625079e+01,4.929169352648793279e+01,4.899632877600402026e+01,4.867468804670106408e+01,4.832845186496918188e+01,4.795897458233185517e+01,4.756751036541969313e+01,4.715549272165989692e+01,4.672486333656679847e+01,4.627844425102496473e+01,4.582034479572463681e+01,4.535639088456841250e+01,4.489455900644921371e+01,4.444539049547507403e+01,4.402235364851048871e+01,4.364211262636459310e+01,4.332465389400735489e+01,4.309321473829129445e+01,4.297395601363704998e+01,4.299532473573711400e+01,4.318706337093962588e+01,4.357884304935556941e+01,4.419852793330595375e+01,4.507011675322323896e+01,4.621145263695895267e+01,4.763183968492937481e+01,4.932974868060095019e+01,5.129082830018247563e+01,5.348645546164171094e+01,5.587305316108763265e+01,5.839237238006342068e+01,6.097287545560710242e+01,6.353227433986173622e+01,6.598117485685557426e+01,6.822766712404749967e+01,7.018259473462430265e+01,7.176514380147219185e+01,7.290832919625231057e+01,7.356392817011646912e+01,7.370642584759960414e+01,7.333559296012832363e+01,7.247740915593325894e+01,7.118316706095069435e+01,6.952673232131519399e+01,6.760008154537950986e+01,6.550738212642536951e+01,6.335800521919969697e+01,6.125896681553932410e+01,5.930736410585677731e+01,5.758340797592623517e+01,5.614464102807132662e+01,5.502186861554714881e+01,5.421721538461139289e+01,5.370455377105091088e+01,5.343234258810679194e+01,5.332868009277022736e+01,5.330814129042835248e+01,5.327976368139951546e+01,5.315540011375057361e+01,5.285759809653978891e+01,5.232620746631329212e+01,5.152306322330910859e+01,5.043432131966616794e+01,4.907031063989143860e+01,4.746306266752982594e+01,4.566194702343606338e+01,4.372803744106732893e+01,4.172793284298745675e+01,3.972775325261953583e+01,3.778792956671960468e+01,3.595923406572025272e+01,3.428028864729290603e+01,3.277657611079017386e+01,3.146079789470524801e+01,3.033429146202891857e+01,2.938915205141324805e+01,2.861069504927455043e+01,2.797993580299024785e+01,2.747583679332158368e+01,2.707715974921616819e+01
4.101496688567617355e+01,4.189582050874615504e+01,4.273579965481523857e+01,4.352712844671525261e+01,4.426301150957542063e+01,4.493779601668011736e+01,4.554709001178223104e+01,4.608783165844261021e+01,4.655830653976379097e+01,4.695811280292820555e+01,4.728807664824449830e+01,4.755012323479239456e+01,4.774711035675431958e+01,4.788263410055475333e+01,4.796081701997350422e+01,4.798609010208832615e+01,4.796297992437044400e+01,4.789591195225042242e+01,4.778903997044879759e+01,4.764611029056043634e+01,4.747036776803902569e+01,4.726450894183770401e+01,4.703068592212810017e+01,4.677056311373951303e+01,4.648542754860380910e+01,4.617635251918967754e+01,4.584441328679766059e+01,4.549095272517421051e+01,4.511789360547163596e+01,4.472809251647793616e+01,4.432572779186703116e+01,4.391670995250370879e+01,4.350909783390758889e+01,4.311349671732236288e+01,4.274340667141170513e+01,4.241548057724767773e+01,4.214964302760416359e+01,4.196901497374494028e+01,4.189958649859393347e+01,4.196958344509799588e+01,4.220848471392147871e+01,4.264566725200781150e+01,4.330868554903435097e+01,4.422123099794987411e+01,4.540086132499747862e+01,4.685663735204408908e+01,4.858684804459014117e+01,5.057703858189766777e+01,5.279857336026995540e+01,5.520796056776235616e+01,5.774713336778364692e+01,6.034482385700609797e+01,6.291908247165078905e+01,6.538089381026159685e+01,6.763872962966355828e+01,6.960377301407464756e+01,7.119545709307030279e+01,7.234689881250430687e+01,7.300978200113840444e+01,7.315825910600652549e+01,7.279149753118650779e+01,7.193458991311183581e+01,7.063766950450803961e+01,6.897321126148895587e+01,6.703164443060919098e+01,6.491554198772435313e+01,6.273277598750257056e+01,6.058912703402061339e+01,5.858090326390003355e+01,5.678815296180999894e+01,5.526903954710058997e+01,5.405588384644096323e+01,5.315326453469148049e+01,5.253840599111151022e+01,5.216388240406395482e+01,5.196244395021130202e+01,5.185354852542951676e+01,5.175098892636374615e+01,5.157086946083917667e+01,5.123913202798672728e+01,5.069787407402753843e+01,4.990983964228962577e+01,4.886068432429121344e+01,4.755888539304962137e+01,4.603345042221814509e+01,4.432982951184551723e+01,4.250462144549514676e+01,4.061975835224637876e+01,3.873684861946480851e+01,3.691226270686012612e+01,3.519338413603128402e+01,3.361625003922062405e+01,3.220460613509226278e+01,3.097022951173044092e+01,2.991424982769539653e+01,2.902913490671390306e+01,2.830099857848594525e+01,2.771192666303720742e+01,2.724208568353972026e+01,2.687146131442689523e+01
3.916903910743857864e+01,3.996131461860478140e+01,4.071977659555277995e+01,4.143763046378653314e+01,4.210891179469885515e+01,4.272862552011388004e+01,4.329284736650217269e+01,4.379878292698213471e+01,4.424478194189551061e+01,4.463030768141366167e+01,4.495586367339389255e+01,4.522288225112835391e+01,4.543358137197658664e+01,4.559079776183258303e+01,4.569780558337745902e+01,4.575813045538848201e+01,4.577536875337876410e+01,4.575302172693189107e+01,4.569435314307109053e+01,4.560227800682557842e+01,4.547928854118839581e+01,4.532742215967873278e+01,4.514827476016491659e+01,4.494306140878538258e+01,4.471272542518937598e+01,4.445809602153079254e+01,4.418009390856462915e+01,4.387998349928561481e+01,4.355966926739931466e+01,4.322203214122068005e+01,4.287129918765798209e+01,4.251343594330189291e+01,4.215654535762765676e+01,4.181125039686159539e+01,4.149102917748788855e+01,4.121246269637623527e+01,4.099534687509600417e+01,4.086261424474791681e+01,4.084000801428919658e+01,4.095545449749738509e+01,4.123809079883233153e+01,4.171692465184992216e+01,4.241913282618632763e+01,4.336804273009661159e+01,4.458088631739035179e+01,4.606646208725616987e+01,4.782288430812374713e+01,4.983563210996197768e+01,5.207612812254015466e+01,5.450107109634523539e+01,5.705271557964945828e+01,5.966023330989820295e+01,6.224220815311767296e+01,6.471021556519821161e+01,6.697332831409590881e+01,6.894328449283929672e+01,7.053996428486138370e+01,7.169676007563441544e+01,7.236539913842466376e+01,7.251979397915010850e+01,7.215855247262808803e+01,7.130587346604053778e+01,7.001067503501076317e+01,6.834394103234185991e+01,6.639441499576847150e+01,6.426290732327609589e+01,6.205560165946732809e+01,5.987684111181888369e+01,5.782193720461607711e+01,5.597056853633725382e+01,5.438131711770873267e+01,5.308782492634242089e+01,5.209694038518233583e+01,5.138906738165348997e+01,5.092073692226733783e+01,5.062920911295080373e+01,5.043870283653194520e+01,5.026766859319691605e+01,5.003639336930068993e+01,4.967417760934313975e+01,4.912536645470302687e+01,4.835365016174771569e+01,4.734425701609276871e+01,4.610391785597126102e+01,4.465874746953558372e+01,4.305042542235052139e+01,4.133123317195816071e+01,3.955859287535518831e+01,3.778974857626656103e+01,3.607714084582060821e+01,3.446487310893745359e+01,3.298648170433838089e+01,3.166403405136470894e+01,3.050841798857744891e+01,2.952056983498974674e+01,2.869332784021358407e+01,2.801358990487428002e+01,2.746449004904292934e+01,2.702737250290195803e+01,2.668341961256015438e+01
3.746987148224584274e+01,3.817946316123281747e+01,3.886153258327401261e+01,3.951018092148248684e+01,4.012020440309345304e+01,4.068721287619803206e+01,4.120771598680255465e+01,4.167917307749363687e+01,4.210000478012356950e+01,4.246956628054851990e+01,4.278808425988342634e+01,4.305656143834153227e+01,4.327665434665604494e+01,4.345053132562948406e+01,4.358071873106548111e+01,4.366994385520725075e+01,4.372098315796381485e+01,4.373652405871742843e+01,4.371904783298779762e+01,4.367074017624298676e+01,4.359343484737775043e+01,4.348859460182414693e+01,4.335733247675676694e+01,4.320047548263087833e+01,4.301867192945428542e+01,4.281254295779690722e+01,4.258287826647576679e+01,4.233087536364075731e+01,4.205842066940611090e+01,4.176840915692837086e+01,4.146509659634199352e+01,4.115447454887268464e+01,4.084465283373981492e+01,4.054622723663865713e+01,4.027260201275778684e+01,4.004022790160794898e+01,3.986870798648702419e+01,3.978071729412466340e+01,3.980167937490595165e+01,3.995914622073362921e+01,4.028183862526374526e+01,4.079832383081210878e+01,4.153533649211957623e+01,4.251578678521443067e+01,4.375654350387190306e+01,4.526612618193169624e+01,4.704248317550743508e+01,4.907106580587230837e+01,5.132342551654855356e+01,5.375655580144378121e+01,5.631316960739295041e+01,5.892304508953409936e+01,6.150549062869794170e+01,6.397288023325664597e+01,6.623510243116416518e+01,6.820466132253861247e+01,6.980208012995498734e+01,7.096119682371534054e+01,7.163391693519395176e+01,7.179400515624227808e+01,7.143955465589689879e+01,7.059386645481617961e+01,6.930459205320723015e+01,6.764112966833359053e+01,6.569040580667822837e+01,6.355130783167111730e+01,6.132814947606276235e+01,5.912364150447705669e+01,5.703189730944732361e+01,5.513202288622773040e+01,5.348281835543607343e+01,5.211905145063624190e+01,5.104965199852587432e+01,5.025802399044366098e+01,4.970448718565696566e+01,4.933065821482759361e+01,4.906538258191332602e+01,4.883165839332154690e+01,4.855387504076870897e+01,4.816464618198435232e+01,4.761055807543399254e+01,4.685628107573000989e+01,4.588668954106157827e+01,4.470687686764549795e+01,4.334020305112294125e+01,4.182473532807495786e+01,4.020860615004549032e+01,3.854489575687719594e+01,3.688664201159917155e+01,3.528249588202410791e+01,3.377339738538373837e+01,3.239047200743188171e+01,3.115417144165490271e+01,3.007453107970282602e+01,2.915230822319492887e+01,2.838070775206494645e+01,2.774739453533338107e+01,2.723652509597365068e+01,2.683059127775715780e+01,2.651194103087600240e+01
3.591809542031168689e+01,3.655103479364396435e+01,3.716199050802087811e+01,3.774587429510967240e+01,3.829817285650217684e+01,3.881504793962159283e+01,3.929340886746244621e+01,3.973095425321278640e+01,4.012618122880488158e+01,4.047836223610870121e+01,4.078749116453634826e+01,4.105420226149208673e+01,4.127966669157861190e+01,4.146547279100692407e+01,4.161349689159321485e+01,4.172577203785293420e+01,4.180436198545928050e+01,4.185124757546780927e+01,4.186823198112619338e+01,4.185687050183155122e+01,4.181842962707814593e+01,4.175387911269811525e+01,4.166391989515136629e+01,4.154904988678471511e+01,4.140966907614998149e+01,4.124622487755284794e+01,4.105939823915305453e+01,4.085033045880536662e+01,4.062088972624805905e+01,4.037397480456937160e+01,4.011385065202303934e+01,3.984650686303439215e+01,3.958002437093382042e+01,3.932492889076880971e+01,3.909450135979883356e+01,3.890500679725353450e+01,3.877579461756896961e+01,3.872921697487868187e+01,3.879030900665061665e+01,3.898617784795160901e+01,3.934505784157825303e+01,3.989500881658949538e+01,4.066226309592634891e+01,4.166926419693354688e+01,4.293248363818668167e+01,4.446014787510769395e+01,4.625004973984408707e+01,4.828765150683348395e+01,5.054470334011071486e+01,5.297859573769352437e+01,5.553263391440296459e+01,5.813736495933978432e+01,6.071300767249595509e+01,6.317293649093706875e+01,6.542806434977683239e+01,6.739186637978676231e+01,6.898569941779967962e+01,7.014401275221153753e+01,7.081902196775664038e+01,7.098443476718921374e+01,7.063787506993955390e+01,6.980174468883146233e+01,6.852238177023254195e+01,6.686751073240134247e+01,6.492211747843730052e+01,6.278301450835759567e+01,6.055247303399175962e+01,5.833138510715597391e+01,5.621247182955784183e+01,5.427406926106598917e+01,5.257499840256802770e+01,5.115095787198951882e+01,5.001276816854714724e+01,4.914664875351893869e+01,4.851653233102325657e+01,4.806822897501724867e+01,4.773506561686566840e+01,4.744446681111243436e+01,4.712483375022516441e+01,4.671203927654880061e+01,4.615489787751447182e+01,4.541909048353224421e+01,4.448921062567324469e+01,4.336882602255446528e+01,4.207868532522762450e+01,4.065340918567244444e+01,3.913715823962299112e+01,3.757884825271762708e+01,3.602747819402772933e+01,3.452805790130141617e+01,3.311848742103919108e+01,3.182757632727427577e+01,3.067422630627319435e+01,2.966765846414471497e+01,2.880846518756080954e+01,2.809021269246287389e+01,2.750131327854380459e+01,2.702691724588716937e+01,2.665063064665546477e+01,2.635593262891145017e+01
3.451165622328497307e+01,3.507399734023752558e+01,3.561917054899461021e+01,3.614281483782772852e+01,3.664103857161583733e+01,3.711050316962140982e+01,3.754848354851722547e+01,3.795290261034830337e+01,3.832233841768328375e+01,3.865600416226220659e+01,3.895370250826223923e+01,3.921575728510693892e+01,3.944292673196991927e+01,3.963630348438389461e+01,3.979720718949666747e+01,3.992707601121419714e+01,4.002736333704559257e+01,4.009944574936139361e+01,4.014454782467215210e+01,4.016368864580650921e+01,4.015765413744276913e+01,4.012699855302139440e+01,4.007207772994359374e+01,3.999311614692230421e+01,3.989030938137187832e+01,3.976396324194905674e+01,3.961467054243407659e+01,3.944352601588092000e+01,3.925237899908240280e+01,3.904412194750664611e+01,3.882301024672553069e+01,3.859500487300025640e+01,3.836812402836807934e+01,3.815278292730241105e+01,3.796209271682357667e+01,3.781208070793747567e+01,3.772178573717575745e+01,3.771317602752443321e+01,3.781083417001450897e+01,3.804135674029495817e+01,3.843242640865194204e+01,3.901153352013656672e+01,3.980435245306257741e+01,4.083281479358422672e+01,4.211296415571453622e+01,4.365272239977336710e+01,4.544973872031916784e+01,4.748952532836081275e+01,4.974409983292514426e+01,5.217134935365390902e+01,5.471530116867590721e+01,5.730742844096473476e+01,5.986903984719600658e+01,6.231470494250506675e+01,6.455656220461489170e+01,6.650925545829059615e+01,6.809515902714906588e+01,6.924949370471739485e+01,6.992491298591497184e+01,7.009515644385129463e+01,6.975742445602766395e+01,6.893322081069040053e+01,6.766752833070867723e+01,6.602631628625107396e+01,6.409251482480897266e+01,6.196071923928620606e+01,5.973099551515660011e+01,5.750224023487538005e+01,5.536559665580356437e+01,5.339844049967138062e+01,5.165942111147197124e+01,5.018497518302547178e+01,4.898762239556792508e+01,4.805620951591444623e+01,4.735810037786410476e+01,4.684312745575373071e+01,4.644894470765007100e+01,4.610727235536134572e+01,4.575042361778677957e+01,4.531746859537921068e+01,4.475943117322051990e+01,4.404302982288200496e+01,4.315264949111791282e+01,4.209044573646481524e+01,4.087470338267154801e+01,3.953676812927894701e+01,3.811701305971023857e+01,3.666037447883424250e+01,3.521198715141075297e+01,3.381337492053216920e+01,3.249952678766490521e+01,3.129703540520527483e+01,3.022332068167792940e+01,2.928682862422044408e+01,2.848800051698325575e+01,2.782075726093044921e+01,2.727423691131225780e+01,2.683455218849924862e+01,2.648638708341515624e+01,2.621431465316400278e+01
3.324623790525746614e+01,3.374395810206832635e+01,3.422864345863788316e+01,3.469658006809331141e+01,3.514443157014637364e+01,3.556930842821238059e+01,3.596881777409282677e+01,3.634109158071530743e+01,3.668479207717798118e+01,3.699909455788402823e+01,3.728364898199009758e+01,3.753852293314643873e+01,3.776412954052347004e+01,3.796114478982418206e+01,3.813041923348086470e+01,3.827288941927474752e+01,3.838949439595012336e+01,3.848110244620461629e+01,3.854845278661795049e+01,3.859211642319699109e+01,3.861247973403619937e+01,3.860975374323032128e+01,3.858401151990215538e+01,3.853525572835828683e+01,3.846351807906653875e+01,3.836899224407364528e+01,3.825220160095825861e+01,3.811420278340498413e+01,3.795682520337424393e+01,3.778294517608431846e+01,3.759679070955201041e+01,3.740426912952928262e+01,3.721330431219121238e+01,3.703416338986991718e+01,3.687974465476628438e+01,3.676578964468213684e+01,3.671097409389442134e+01,3.673682601482596510e+01,3.686741640601025694e+01,3.712877086687985440e+01,3.754796051957215042e+01,3.815184939201506609e+01,3.896550323560774132e+01,4.001030083156263117e+01,4.130183088483380516e+01,4.284770174864479486e+01,4.464543221797569572e+01,4.668062332389852287e+01,4.892562715206010182e+01,5.133892371337258709e+01,5.386538717800575427e+01,5.643756748525808575e+01,5.897803500192771509e+01,6.140274061519125581e+01,6.362524064410798985e+01,6.556153661040832503e+01,6.713519628226634950e+01,6.828236553475456105e+01,6.895625882617095215e+01,6.913073386667927878e+01,6.880261308499541428e+01,6.799250589439738235e+01,6.674400279398197711e+01,6.512124376896181843e+01,6.320499708424165419e+01,6.108750874744625747e+01,5.886648764138561774e+01,5.663866878341050892e+01,5.449344179366849517e+01,5.250703983968138289e+01,5.073775412753906977e+01,4.922257013657502256e+01,4.797551604138892856e+01,4.698787586108724668e+01,4.623025842335411539e+01,4.565634127459818359e+01,4.520794338289041292e+01,4.482094165133987929e+01,4.443145353261743935e+01,4.398167735922960730e+01,4.342482201616088844e+01,4.272866688449369121e+01,4.187745916134078783e+01,4.087205653365474944e+01,3.972843024128207645e+01,3.847482694620053678e+01,3.714802176684744950e+01,3.578916236003276907e+01,3.443969970100738465e+01,3.313783194814401156e+01,3.191577024514131722e+01,3.079799243512617934e+01,2.980050677339758636e+01,2.893102405853709769e+01,2.818984793099164676e+01,2.757124611349685495e+01,2.706505890123600722e+01,2.665832784159155722e+01,2.633677617335919408e+01,2.608603114273442714e+01
3.211569478862809746e+01,3.255461149878135529e+01,3.298399175349221224e+01,3.340069275221659950e+01,3.380187028438248120e+01,3.418503548399934999e+01,3.454809547423744220e+01,3.488937607957929998e+01,3.520762575325598931e+01,3.550200090622364257e+01,3.577203386620747949e+01,3.601758567624985830e+01,3.623878680155887366e+01,3.643596950105828824e+01,3.660959610008735865e+01,3.676018765518907827e+01,3.688825753265786744e+01,3.699425425144706736e+01,3.707851760871837854e+01,3.714125166828943492e+01,3.718251771321786947e+01,3.720224980955300964e+01,3.720029525553643168e+01,3.717648193454856909e+01,3.713071445149507355e+01,3.706310086363689749e+01,3.697411171117561679e+01,3.686477273725107295e+01,3.673689192419165295e+01,3.659331997570518524e+01,3.643824083662624247e+01,3.627748498638537455e+01,3.611885289167476998e+01,3.597242916202479535e+01,3.585085989432047882e+01,3.576955704403525260e+01,3.574678544663335344e+01,3.580358175094308848e+01,3.596345174919923693e+01,3.625179526793581886e+01,3.669501766511535124e+01,3.731930533577684628e+01,3.814906988214577410e+01,3.920510096538306755e+01,4.050250907034108394e+01,4.204858269041190511e+01,4.384072462931804637e+01,4.586466318582861845e+01,4.809314975738116971e+01,5.048534949180591980e+01,5.298710247022674480e+01,5.553217868004947633e+01,5.804457323356245979e+01,6.044179489423854079e+01,6.263900005942387850e+01,6.455372709002065790e+01,6.611090412303960306e+01,6.724774809772331707e+01,6.791815188398058467e+01,6.809617441821986006e+01,6.777830531143467852e+01,6.698426561320664518e+01,6.575622159782557219e+01,6.415641738585745202e+01,6.226336279161805720e+01,6.016683341907511107e+01,5.796204083062482937e+01,5.574340398950694464e+01,5.359839389872261961e+01,5.160192829869349396e+01,4.981176109029303234e+01,4.826524215128831230e+01,4.697771974176881571e+01,4.594272475879060380e+01,4.513392218923470978e+01,4.450865265864246112e+01,4.401273205847601844e+01,4.358604816630878531e+01,4.316840798800826207e+01,4.270506275345867664e+01,4.215137676685085921e+01,4.147621002616834573e+01,4.066374088906461282e+01,3.971364329421871275e+01,3.863972657903570962e+01,3.746731702175317480e+01,3.622978500139352320e+01,3.496468443046060059e+01,3.370996701570894061e+01,3.250066927960776297e+01,3.136636077305213988e+01,3.032950887163192988e+01,2.940478160502006233e+01,2.859919485084471091e+01,2.791292765421686539e+01,2.734058562887675947e+01,2.687268624633193781e+01,2.649716443841570168e+01,2.620074201381376611e+01,2.597005869882846696e+01
3.111247325212581671e+01,3.149817677691319417e+01,3.187726099346480879e+01,3.224708311297969487e+01,3.260523184792602791e+01,3.294957338544752190e+01,3.327828412699323479e+01,3.358986872989657968e+01,3.388316279658876340e+01,3.415732042234206745e+01,3.441178767883752698e+01,3.464626392424336387e+01,3.486065354103121194e+01,3.505501126924725952e+01,3.522948469660369852e+01,3.538425767406129552e+01,3.551949845002812367e+01,3.563531617865929491e+01,3.573172919464361286e+01,3.580864810757668693e+01,3.586587641022079964e+01,3.590313097335258163e+01,3.592008456282427886e+01,3.591643238853791331e+01,3.589198467364757050e+01,3.584678726300463580e+01,3.578127226353102230e+01,3.569644045383557085e+01,3.559407648288704706e+01,3.547699641761307277e+01,3.534932469909013264e+01,3.521679375933946687e+01,3.508705426574469755e+01,3.496997720633953577e+01,3.487792108039764116e+01,3.482592893088944663e+01,3.483181185432186311e+01,3.491606933999072737e+01,3.510159402090541647e+01,3.541311099493732684e+01,3.587631150444948247e+01,3.651665869151906918e+01,3.735786978473748832e+01,3.842011364908883309e+01,3.971800293552254857e+01,4.125850239115352736e+01,4.303891419776425664e+01,4.504513159105638920e+01,4.725036743131850869e+01,4.961455958753791151e+01,5.208462647822996416e+01,5.459569306704196379e+01,5.707333249143426457e+01,5.943677717917027081e+01,6.160295466940315379e+01,6.349110835585341306e+01,6.502768362155792659e+01,6.615110596690453804e+01,6.681605778721578304e+01,6.699687862013081485e+01,6.668976960183147185e+01,6.591357168033749758e+01,6.470900020028335575e+01,6.313634468273850331e+01,6.127176993815876926e+01,5.920247160841769585e+01,5.702103610041744020e+01,5.481942427518784200e+01,5.268303528993241258e+01,5.068530897213479136e+01,4.888329122267832361e+01,4.731451809624546456e+01,4.599547319426276459e+01,4.492174507590584653e+01,4.406986489601220569e+01,4.340065125289443415e+01,4.286374429267608832e+01,4.240289137862225743e+01,4.196146860130571099e+01,4.148769922172915159e+01,4.093906858695046935e+01,4.028553331618945066e+01,3.951126943607091135e+01,3.861488021336866439e+01,3.760816498112765771e+01,3.651370955769927207e+01,3.536167483952230839e+01,3.418621835911860529e+01,3.302197963574946726e+01,3.190099997225835793e+01,3.085034553880687014e+01,2.989057896264336023e+01,2.903510021510278705e+01,2.829027064787184997e+01,2.765615729851805682e+01,2.712769381679333236e+01,2.669604852399401196e+01,2.635001282036991910e+01,2.607726484023418223e+01,2.586541352024009655e+01
3.022800991791985581e+01,3.056581153109328142e+01,3.089938642944056468e+01,3.122652615951426469e+01,3.154519747053485190e+01,3.185357909967704515e+01,3.215008779044799070e+01,3.243339238411449088e+01,3.270241549559302996e+01,3.295632300072463750e+01,3.319450227657134178e+01,3.341653080552823951e+01,3.362213733672844285e+01,3.381115826099068755e+01,3.398349217563791314e+01,3.413905578321257650e+01,3.427774428828587361e+01,3.439939934880219852e+01,3.450378743582079721e+01,3.459059120181913016e+01,3.465941620248462840e+01,3.470981510889076560e+01,3.474133142534302010e+01,3.475356471216433363e+01,3.474625938962959992e+01,3.471941931278585969e+01,3.467345034665709136e+01,3.460933296706809159e+01,3.452882623567739984e+01,3.443470307579664080e+01,3.433101431938619896e+01,3.422337524735775816e+01,3.411926314272275107e+01,3.402830773149875654e+01,3.396254857069966704e+01,3.393662506104001864e+01,3.396785679898671617e+01,3.407616579821751657e+01,3.428378936137358579e+01,3.461473485831437813e+01,3.509393703325890357e+01,3.574609593547356212e+01,3.659419954657825258e+01,3.765776890612808359e+01,3.895090286066564289e+01,4.048024085759550417e+01,4.224300055736564730e+01,4.422527668245466259e+01,4.640080256009360937e+01,4.873037111420126166e+01,5.116208422298876712e+01,5.363254758920518839e+01,5.606905496986361470e+01,5.839271652181359684e+01,6.052238982953496560e+01,6.237917960056321220e+01,6.389119439569472547e+01,6.499819649587746540e+01,6.565576195047279384e+01,6.583858607529411699e+01,6.554262478447765261e+01,6.478584932095856175e+01,6.360750265337677689e+01,6.206586904004151251e+01,6.023469212152326691e+01,5.819849007852878486e+01,5.604710932112701016e+01,5.386992371476047481e+01,5.175011990854788024e+01,4.975950863950534142e+01,4.795426662079842117e+01,4.637194518609322813e+01,4.502998347279087454e+01,4.392584102400203250e+01,4.303872546512369013e+01,4.233274661674246886e+01,4.176119304664929643e+01,4.127151621642015300e+01,4.081053610616451266e+01,4.032936236759019266e+01,3.978756260714273196e+01,3.915620234706371150e+01,3.841951895562021235e+01,3.757515623702164476e+01,3.663305448969724409e+01,3.561323888366278112e+01,3.454285660520160661e+01,3.345286709186831331e+01,3.237478585500820571e+01,3.133782646500584690e+01,3.036669080179983737e+01,2.948014303645853218e+01,2.869038745817907454e+01,2.800317112408697184e+01,2.741846114794994804e+01,2.693150857652453212e+01,2.653410526627256161e+01,2.621586105733599581e+01,2.596536700273748721e+01,2.577115682951253461e+01
2.945309569542673245e+01,2.974799002811493409e+01,3.004058363659224540e+01,3.032904244435133734e+01,3.061166095777978313e+01,3.088689130232916114e+01,3.115336358764373870e+01,3.140989669723025912e+01,3.165549915091447630e+01,3.188936027563097042e+01,3.211083250510996834e+01,3.231940617508432467e+01,3.251467865447303751e+01,3.269632002779167834e+01,3.286403780211104930e+01,3.301754324674234908e+01,3.315652199139000800e+01,3.328061142726559751e+01,3.338938730553136480e+01,3.348236174721976255e+01,3.355899471181283644e+01,3.361872085976180813e+01,3.366099371960633135e+01,3.368534914585802653e+01,3.369149021185991444e+01,3.367939586313475786e+01,3.364945575056876947e+01,3.360263350135758742e+01,3.354066004592903028e+01,3.346625723579521150e+01,3.338338958090387365e+01,3.329753825694818659e+01,3.321598642835253656e+01,3.314809841664091294e+01,3.310556758394151444e+01,3.310259958953952264e+01,3.315598987518701080e+01,3.328504816825383728e+01,3.351132007541133362e+01,3.385805821596241572e+01,3.434940443561243484e+01,3.500926163112033862e+01,3.585985899250751885e+01,3.692004729524185791e+01,3.820339915056124624e+01,3.971622931999412742e+01,4.145568753230791259e+01,4.340810509582212262e+01,4.554779123215275405e+01,4.783647047155981369e+01,5.022352533870856917e+01,5.264715815240301566e+01,5.503651440656938831e+01,5.731472349135435707e+01,5.940271892831171385e+01,6.122361027592270943e+01,6.270730348417016842e+01,6.379501587154871345e+01,6.444331371849682455e+01,6.462731867088754711e+01,6.434278330771689980e+01,6.360682157584692220e+01,6.245718790654067476e+01,6.095011886673049162e+01,5.915687143351394184e+01,5.715920128025143754e+01,5.504411346455636078e+01,5.289827970429728055e+01,5.080254672897240198e+01,4.882695710651860566e+01,4.702666758924341650e+01,4.543908224801145934e+01,4.408242204701646472e+01,4.295583464114726269e+01,4.204101607072490765e+01,4.130518036089354439e+01,4.070508684185875836e+01,4.019173260641985479e+01,3.971525261770014481e+01,3.922955323640407954e+01,3.869624152509500448e+01,3.808750047188485155e+01,3.738768923621925211e+01,3.659360074968569165e+01,3.571346525728360177e+01,3.476492569403507105e+01,3.377231041045698134e+01,3.276357851634585217e+01,3.176730942683642311e+01,3.081005632512302128e+01,2.991429577040683085e+01,2.909709959097198606e+01,2.836954848422216813e+01,2.773681502969187562e+01,2.719877796011644477e+01,2.675099443195111704e+01,2.638585179635242994e+01,2.609373953550127112e+01,2.586411743470270963e+01,2.568639883070962071e+01
2.877819824607374599e+01,2.903483858517049043e+01,2.929069510811563504e+01,2.954425398644050560e+01,2.979409192253154615e+01,3.003889872055718868e+01,3.027749295000530338e+01,3.050883000974428683e+01,3.073200235213153064e+01,3.094623210511579003e+01,3.115085680535131729e+01,3.134530939727082810e+01,3.152909403507616304e+01,3.170175952548832043e+01,3.186287245545373281e+01,3.201199215697924672e+01,3.214864967759005765e+01,3.227233286698094616e+01,3.238247958535643534e+01,3.247848092117284580e+01,3.255969621342410392e+01,3.262548164204154943e+01,3.267523420564048564e+01,3.270845305627862842e+01,3.272482038453940589e+01,3.272430428380640421e+01,3.270728615974250175e+01,3.267471512507513864e+01,3.262829121360285711e+01,3.257067790371837646e+01,3.250574209055083230e+01,3.243881604773628169e+01,3.237697092702677537e+01,3.232928497427395342e+01,3.230708215634804503e+01,3.232410887304774860e+01,3.239660880725893577e+01,3.254325003519637960e+01,3.278485584600448988e+01,3.314389299943972134e+01,3.364367995770625441e+01,3.430729411109027183e+01,3.515618155354385266e+01,3.620850483691732791e+01,3.747730130086634404e+01,3.896856361197751539e+01,4.067939039904639742e+01,4.259638289037391701e+01,4.469447766388902465e+01,4.693640115820676328e+01,4.927290525232535856e+01,5.164389426044881759e+01,5.398048438790567616e+01,5.620795250180126601e+01,5.824944023135365967e+01,6.003019208800532880e+01,6.148203325708365696e+01,6.254774381679887085e+01,6.318496882637226264e+01,6.336932182144921910e+01,6.309639231926618663e+01,6.238245126553616160e+01,6.126375366754209040e+01,5.979445430438715192e+01,5.804326886360228599e+01,5.608911820192586362e+01,5.401607852318989700e+01,5.190801844173245172e+01,4.984333115491718047e+01,4.789016473590562839e+01,4.610251639064574647e+01,4.451748964354298721e+01,4.315392070461319918e+01,4.201246742385339417e+01,4.107712907960318205e+01,4.031803789268344218e+01,3.969524572024039344e+01,3.916313498668803561e+01,3.867502398371807004e+01,3.818752276210514651e+01,3.766423140158178740e+01,3.707845522700898755e+01,3.641473207727659656e+01,3.566910930202554653e+01,3.484825311658511282e+01,3.396760005457292664e+01,3.304885230412952524e+01,3.211716456832263589e+01,3.119836654667045650e+01,3.031651711678408745e+01,2.949200544120693479e+01,2.874031624542711683e+01,2.807147798349876666e+01,2.749012793060072823e+01,2.699606740970513385e+01,2.658514788136529816e+01,2.625032367275589706e+01,2.598272466375348344e+01,2.577263476593074287e+01,2.561030135009387010e+01
2.819373842214992365e+01,2.841642335249668960e+01,2.863948797566667892e+01,2.886169036379526176e+01,2.908184855270368274e+01,2.929885777931694690e+01,2.951170228128765416e+01,2.971946114098115999e+01,2.992130802232567888e+01,3.011650503576635884e+01,3.030439134923357614e+01,3.048436751766340436e+01,3.065587680887959721e+01,3.081838504304514714e+01,3.097136062657672539e+01,3.111425654768774507e+01,3.124649611688367656e+01,3.136746419815678877e+01,3.147650560987184321e+01,3.157293230903220049e+01,3.165604094196146079e+01,3.172514237903678236e+01,3.177960497211598678e+01,3.181891348384831986e+01,3.184274591349992889e+01,3.185107072172236542e+01,3.184426712764237521e+01,3.182327105480890950e+01,3.178974872696341336e+01,3.174629861155591470e+01,3.169668011787073425e+01,3.164606394748984997e+01,3.160129412665823523e+01,3.157114554268628837e+01,3.156655351675457766e+01,3.160078413553384991e+01,3.168950664306786535e+01,3.185072341356745440e+01,3.210451040694366043e+01,3.247252319316967117e+01,3.297723214592573271e+01,3.364086636275791165e+01,3.448406963251324697e+01,3.552430264558750395e+01,3.677406165063254662e+01,3.823902158063078360e+01,3.991624679379195584e+01,4.179263971767747421e+01,4.384381144153293519e+01,4.603355396919646836e+01,4.831406831397823964e+01,5.062705517052840065e+01,5.290570775311350360e+01,5.507756483203534259e+01,5.706809403196195518e+01,5.880479093783580424e+01,6.022150894052328596e+01,6.126268760911365518e+01,6.188713091387864296e+01,6.207100454273071932e+01,6.180977339273012205e+01,6.111888145837146169e+01,6.003307866409913629e+01,5.860441226795867919e+01,5.689901301272253420e+01,5.499290753859723679e+01,5.296716979129882930e+01,5.090277884139197795e+01,4.887557494939258618e+01,4.695169863443928193e+01,4.518385979242723494e+01,4.360871814221331277e+01,4.224556658800800335e+01,4.109640123822399715e+01,4.014734343064660038e+01,3.937125975038123471e+01,3.873131692553931060e+01,3.818512164970891831e+01,3.768904204750911191e+01,3.720229617546348777e+01,3.669042743488061831e+01,3.612786471657578602e+01,3.549937757879943234e+01,3.480036917682490838e+01,3.403608389010483393e+01,3.321992403353007717e+01,3.237115491957440838e+01,3.151231970786153624e+01,3.066668207805494717e+01,2.985597039493827509e+01,2.909862245827584104e+01,2.840863962308254997e+01,2.779506829133011792e+01,2.726204875633249713e+01,2.680931530677754893e+01,2.643300150670393478e+01,2.612659989384412285e+01,2.588194135544320673e+01,2.569008923823736978e+01,2.554207931607654913e+01
2.769031892809575979e+01,2.788298864624168516e+01,2.807690090311852771e+01,2.827104292734602708e+01,2.846443779667351137e+01,2.865615732771225055e+01,2.884533074012330545e+01,2.903114871855347445e+01,2.921286279060666402e+01,2.938978024930993627e+01,2.956125515422414551e+01,2.972667622744158678e+01,2.988545270245235130e+01,3.003699937262511455e+01,3.018072221492073837e+01,3.031600603345905753e+01,3.044220558436905932e+01,3.055864162336217404e+01,3.066460328296582105e+01,3.075935816463533001e+01,3.084217155112321151e+01,3.091233623269893727e+01,3.096921461393745290e+01,3.101229502538223315e+01,3.104126447946252298e+01,3.105610041954469480e+01,3.105718420744064900e+01,3.104543902134653166e+01,3.102249428878191750e+01,3.099087751757631182e+01,3.095423216150155099e+01,3.091755674495218287e+01,3.088745573881197615e+01,3.087238664852888093e+01,3.088288069593447105e+01,3.093170689387012118e+01,3.103394210776435358e+01,3.120690408170906593e+01,3.146990185025461528e+01,3.184376004789681502e+01,3.235008184218744987e+01,3.301023062845433031e+01,3.384403358586030208e+01,3.486824003286363904e+01,3.609480232223181417e+01,3.752908356929394529e+01,3.916813045368061097e+01,4.099917556694141041e+01,4.299854706922609893e+01,4.513115922179831330e+01,4.735073267415550902e+01,4.960084751456346908e+01,5.181686718823600302e+01,5.392869256709557391e+01,5.586422046538343267e+01,5.755329928183816435e+01,5.893190633301719572e+01,5.994622608104434391e+01,6.055629283121750461e+01,6.073887914726751092e+01,6.048936172788580734e+01,5.982237528667636184e+01,5.877116415053507126e+01,5.738565065108606689e+01,5.572934791361922890e+01,5.387534193175849850e+01,5.190164520190312913e+01,4.988627551008815431e+01,4.790243525104989430e+01,4.601415796842860573e+01,4.427275079921638223e+01,4.271429705027425427e+01,4.135839656454540147e+01,4.020821864770608300e+01,3.925183051459692507e+01,3.846465251732272606e+01,3.781279023526271743e+01,3.725691379378679358e+01,3.675630665994006563e+01,3.627269718307985613e+01,3.577351950620053600e+01,3.523432374692470148e+01,3.464016013944713279e+01,3.398588460366313768e+01,3.327545727413098575e+01,3.252041382215680443e+01,3.173776752076743435e+01,3.094763870161060737e+01,3.017090499565451722e+01,2.942712483403956725e+01,2.873291803537278355e+01,2.810090423726703435e+01,2.753921645058403556e+01,2.705153527436261385e+01,2.663753772442541745e+01,2.629362698842251334e+01,2.601380501635185638e+01,2.579056444316035623e+01,2.561570358196506092e+01,2.548100123523599692e+01
2.725890575890925049e+01,2.742514637063386473e+01,2.759324066734160752e+01,2.776236761397435515e+01,2.793172339786841718e+01,2.810053081942167807e+01,2.826804544674480368e+01,2.843355827030126193e+01,2.859639482930788645e+01,2.875591102844472857e+01,2.891148610553993237e+01,2.906251343327183889e+01,2.920839002757777081e+01,2.934850578295401391e+01,2.948223355563175119e+01,2.960892127108747474e+01,2.972788725038797608e+01,2.983841994492369665e+01,2.993978326141618140e+01,3.003122867306994337e+01,3.011201537393406369e+01,3.018143986433248216e+01,3.023887656888590314e+01,3.028383138185180457e+01,3.031601037862521508e+01,3.033540626430088949e+01,3.034240534495778974e+01,3.033791775270163171e+01,3.032353313422926533e+01,3.030170279359938945e+01,3.027594712203926974e+01,3.025108383937008583e+01,3.023346798509705025e+01,3.023122875463199932e+01,3.025448142084216130e+01,3.031548524075892459e+01,3.042871127241760831e+01,3.061077858614980585e+01,3.088021486843339858e+01,3.125699941523997083e+01,3.176185441922328323e+01,3.241526530735174561e+01,3.323623302123215240e+01,3.424078990159748059e+01,3.544034439578868501e+01,3.683995505390068104e+01,3.843666701171061106e+01,4.021806945045703685e+01,4.216124533393619345e+01,4.423228066847075013e+01,4.638647671482129198e+01,4.856936433977640633e+01,5.071855710446094179e+01,5.276640369022584309e+01,5.464331834202884153e+01,5.628158938178093962e+01,5.761940028470608866e+01,5.860475425954562922e+01,5.919897846296641575e+01,5.937950134105479805e+01,5.914164563894685500e+01,5.849925594240466609e+01,5.748407549087120572e+01,5.614389251125541591e+01,5.453958074194329697e+01,5.274125201947851593e+01,5.082381240360305696e+01,4.886226140340627921e+01,4.692709322259769777e+01,4.508014887506382706e+01,4.337122995662076619e+01,4.183572189729984103e+01,4.049339115064795180e+01,3.934842279869979365e+01,3.839065962080784544e+01,3.759789931468657187e+01,3.693901288243927183e+01,3.637757417203582122e+01,3.587564729091347715e+01,3.539737173943236570e+01,3.491201730234202216e+01,3.439624951233345485e+01,3.383544397018460614e+01,3.322400144475631123e+01,3.256473014254082443e+01,3.186746121911896878e+01,3.114713535452557380e+01,3.042163365425368227e+01,2.970962302393447274e+01,2.902864850473305580e+01,2.839364198599986011e+01,2.781594045417029193e+01,2.730283032947611943e+01,2.685756860829548032e+01,2.647978416845794314e+01,2.616613716969166958e+01,2.591111033872439862e+01,2.570781918091297769e+01,2.554875300846755337e+01,2.542638881769351045e+01
2.689096483249889502e+01,2.703401900202482722e+01,2.717933093414862711e+01,2.732623888058800787e+01,2.747408429093244564e+01,2.762221842612460421e+01,2.777000653481847436e+01,2.791682941722320876e+01,2.806208238804698141e+01,2.820517184488611306e+01,2.834550983848615147e+01,2.848250721497202420e+01,2.861556604750165178e+01,2.874407218901715311e+01,2.886738885620547990e+01,2.898485219983903249e+01,2.909576983631249547e+01,2.919942332296852072e+01,2.929507557416999219e+01,2.938198425784986512e+01,2.945942230596078915e+01,2.952670683602424972e+01,2.958323802514227907e+01,2.962854979678333578e+01,2.966237454469234081e+01,2.968472446504723194e+01,2.969599229494512826e+01,2.969707421537249559e+01,2.968951718000661089e+01,2.967569175542886839e+01,2.965898947254519769e+01,2.964404049074549619e+01,2.963694294392558959e+01,2.964548969385093358e+01,2.967937159708395001e+01,2.975032930582239388e+01,2.987221889002107389e+01,3.006095131340428850e+01,3.033426338638875563e+01,3.071127972738393908e+01,3.121183285993964063e+01,3.185552285348525459e+01,3.266051920517079310e+01,3.364213533380038257e+01,3.481123833788260669e+01,3.617259057653458854e+01,3.772325111920513763e+01,3.945118943801652023e+01,4.133427603469900902e+01,4.333981078518611696e+01,4.542472686345668365e+01,4.753656553632685444e+01,4.961525690365996866e+01,5.159566855705594435e+01,5.341080535106929261e+01,5.499546790498019533e+01,5.629011449664609756e+01,5.724462928387848848e+01,5.782168577653436614e+01,5.799941147761119709e+01,5.777310712009718685e+01,5.715584765762433506e+01,5.617788462331477461e+01,5.488487102380802440e+01,5.333503017694440018e+01,5.159547901284799565e+01,4.973798623931526208e+01,4.783449076121900134e+01,4.595272286018994379e+01,4.415225942322970809e+01,4.248130660156378724e+01,4.097444197630341733e+01,3.965146820694747021e+01,3.851743700508203716e+01,3.756380302077651123e+01,3.677056987776466457e+01,3.610920401505365618e+01,3.554602523909811396e+01,3.504574410286805630e+01,3.457481124805340755e+01,3.410427483613514710e+01,3.361190664787846316e+01,3.308344794464136385e+01,3.251293118728240472e+01,3.190213912739124424e+01,3.125935436315727856e+01,3.059761822439917012e+01,2.993275023796202561e+01,2.928137645397580968e+01,2.865918031341245253e+01,2.807953190629710960e+01,2.755258160406566148e+01,2.708483388919589530e+01,2.667915691298763292e+01,2.633513991662911025e+01,2.604968730775146923e+01,2.581773429370249673e+01,2.563298098148593596e+01,2.548856446688437671e+01,2.537761589840603094e+01
2.657855763207244593e+01,2.670134006151216965e+01,2.682661723897660266e+01,2.695385882141992440e+01,2.708252744202741269e+01,2.721208315321739235e+01,2.734198607003083836e+01,2.747169710693140132e+01,2.760067684822712408e+01,2.772838274469435405e+01,2.785426497685732627e+01,2.797776145970093253e+01,2.809829257696820548e+01,2.821525632088321700e+01,2.832802457399393958e+01,2.843594130701866618e+01,2.853832348802826147e+01,2.863446551668889128e+01,2.872364802946642115e+01,2.880515198724250681e+01,2.887827907559365315e+01,2.894237963648452450e+01,2.899688961617584582e+01,2.904137835040349813e+01,2.907560938408411033e+01,2.909961687764429783e+01,2.911380038608430709e+01,2.911904076829777566e+01,2.911683951047745111e+01,2.910948261576788454e+01,2.910022820156828871e+01,2.909351386267590911e+01,2.909517558717876540e+01,2.911266457590213363e+01,2.915524194269821479e+01,2.923412445163948092e+01,2.936254796579607174e+01,2.955571022157882410e+01,2.983055221512566746e+01,3.020533930677371615e+01,3.069901043073402391e+01,3.133027749607190060e+01,3.211647749372050242e+01,3.307220638135655122e+01,3.420779479816475543e+01,3.552771820215405540e+01,3.702906424057383106e+01,3.870020350918674978e+01,4.051982167304895910e+01,4.245646716222759665e+01,4.446874664787758036e+01,4.650625963914049521e+01,4.851130574392051642e+01,5.042132798463822496e+01,5.217197997914318819e+01,5.370063232152066490e+01,5.495007317716462580e+01,5.587211821568526204e+01,5.643083177068038481e+01,5.660507769136604850e+01,5.639016424061843225e+01,5.579841843660634026e+01,5.485861417190340461e+01,5.361427595496171250e+01,5.212097613290726628e+01,5.044282847895074440e+01,4.864844725589794905e+01,4.680668289168924900e+01,4.498246046667645714e+01,4.323303505555102788e+01,4.160494041695800860e+01,4.013184802017457287e+01,3.883347661308027909e+01,3.771560416890448408e+01,3.677114075868038157e+01,3.598213022495028213e+01,3.532246864884344006e+01,3.476106670643234509e+01,3.426514836193301505e+01,3.380337504240448254e+01,3.334851420052071802e+01,3.287943148065358656e+01,3.238226962216948124e+01,3.185077409125674563e+01,3.128582234536548867e+01,3.069429760838936971e+01,3.008750820959274819e+01,2.947938307407298453e+01,2.888467112383677460e+01,2.831734062016317566e+01,2.778932155416081073e+01,2.730967030914292337e+01,2.688417169069165880e+01,2.651533831320181278e+01,2.620272764729442017e+01,2.594347564185422073e+01,2.573294218567309599e+01,2.556537452753653739e+01,2.543451530420574969e+01,2.533410679168369839e+01
2.631440062341204822e+01,2.641951699030958878e+01,2.652723320317236499e+01,2.663712658044471482e+01,2.674876028807991446e+01,2.686168611570344211e+01,2.697544595556718861e+01,2.708957192904104616e+01,2.720358522033068382e+01,2.731699379530072846e+01,2.742928929723368725e+01,2.753994351420497821e+01,2.764840489911034993e+01,2.775409569016544964e+01,2.785641022691475399e+01,2.795471508815257522e+01,2.804835170146419898e+01,2.813664210120500897e+01,2.821889855804229441e+01,2.829443788632131174e+01,2.836260137310166130e+01,2.842278147888827533e+01,2.847445674070483079e+01,2.851723665459267210e+01,2.855091869644915548e+01,2.857555999747743058e+01,2.859156642731079856e+01,2.859980181786798070e+01,2.860171960933539026e+01,2.859951811277616684e+01,2.859631865057109579e+01,2.859636287185407255e+01,2.860522143558153374e+01,2.863000103218144332e+01,2.867953059466520571e+01,2.876450100152123923e+01,2.889752635157699245e+01,2.909309003087314949e+01,2.936733655061583192e+01,2.973767186746430013e+01,3.022214186135456160e+01,3.083857175731355582e+01,3.160346883440364252e+01,3.253071619094333045e+01,3.363011499697582707e+01,3.490586382093958662e+01,3.635509254878410701e+01,3.796659076317234849e+01,3.971988175968551360e+01,4.158478977026966561e+01,4.352162688314764694e+01,4.548208701263509113e+01,4.741087892806775983e+01,4.924806318749740797e+01,5.093198547833465994e+01,5.240262952556740572e+01,5.360515506439983824e+01,5.449334832007549068e+01,5.503269995911106349e+01,5.520284158724465584e+01,5.499911607364368393e+01,5.443312525604811469e+01,5.353218392010795412e+01,5.233770235350122135e+01,5.090261153353431922e+01,4.928802596415211212e+01,4.755940183062428162e+01,4.578248733411484750e+01,4.401937525740701318e+01,4.232495491438821489e+01,4.074402362489732354e+01,3.930926027925030297e+01,3.804019011846258991e+01,3.694318616760803309e+01,3.601246521739543027e+01,3.523195193163827810e+01,3.457781107627513251e+01,3.402139242762653737e+01,3.353230207567902710e+01,3.308131201223959295e+01,3.264284840841143165e+01,3.219685532707654119e+01,3.172990829553052450e+01,3.123554135670941889e+01,3.071384015200327866e+01,3.017043044724247380e+01,2.961504646028141252e+01,2.905989022649997366e+01,2.851799055039930764e+01,2.800174105047673478e+01,2.752174846538476061e+01,2.708606409135207826e+01,2.669981272329522781e+01,2.636518320418358030e+01,2.608170846800322096e+01,2.584674339697460610e+01,2.565604539748240498e+01,2.550437238385691785e+01,2.538603145641982906e+01,2.529533420513563158e+01
2.609189374701654174e+01,2.618166190088624390e+01,2.627403359692480578e+01,2.636867376960596232e+01,2.646522854426135751e+01,2.656332675915405517e+01,2.666258058090384964e+01,2.676258519612440523e+01,2.686291765117770680e+01,2.696313500280813003e+01,2.706277202936609783e+01,2.716133883026046547e+01,2.725831870639209242e+01,2.735316676483596154e+01,2.744530972783659095e+01,2.753414745333681779e+01,2.761905669935882557e+01,2.769939769868542001e+01,2.777452416753948938e+01,2.784379746824998492e+01,2.790660579689091492e+01,2.796238948479133057e+01,2.801067379187639972e+01,2.805111092046138666e+01,2.808353336016758206e+01,2.810802102992485985e+01,2.812498491910040954e+01,2.813526991613416328e+01,2.814027908256716159e+01,2.814212058876565337e+01,2.814377667372891878e+01,2.814929114969485369e+01,2.816396803880766697e+01,2.819456892702953610e+01,2.824949075964499201e+01,2.833889953277062901e+01,2.847478937808392629e+01,2.867093188327032394e+01,2.894267833972355675e+01,2.930657925539475883e+01,2.977979211660890968e+01,3.037926090255805889e+01,3.112066953449534168e+01,3.201719572763424537e+01,3.307812004648758375e+01,3.430737472432315371e+01,3.570214444155436695e+01,3.725165260347959872e+01,3.893627745573789412e+01,4.072713892376891920e+01,4.258627691720795383e+01,4.446750444877893926e+01,4.631796604683033536e+01,4.808036778910920361e+01,4.969577620229338777e+01,5.110681708201855145e+01,5.226105028898044225e+01,5.311426035333647633e+01,5.363339097431489222e+01,5.379886710830857055e+01,5.360609080390075576e+01,5.306596238913707708e+01,5.220436029967619618e+01,5.106060209994913635e+01,4.968499674257505205e+01,4.813567503567411165e+01,4.647494444870718411e+01,4.476545088410819062e+01,4.306644152597918662e+01,4.143040941925205090e+01,3.990036412367238228e+01,3.850791724247582692e+01,3.727230154949769059e+01,3.620036332853275951e+01,3.528748552484984202e+01,3.451932102303572947e+01,3.387414770109225515e+01,3.332560654576168702e+01,3.284555676010771208e+01,3.240678125714780577e+01,3.198530318762222535e+01,3.156212670148707389e+01,3.112428693207010966e+01,3.066517618953039914e+01,3.018419481929452530e+01,2.968584539720189497e+01,2.917843900909682731e+01,2.867260677181766226e+01,2.817980720308333886e+01,2.771099351567724156e+01,2.727556084450246132e+01,2.688064031815248356e+01,2.653075363032239764e+01,2.622779600333754146e+01,2.597128244402160036e+01,2.575877433101551617e+01,2.558640017934447286e+01,2.544939322584569297e+01,2.534258528606885719e+01,2.526081682690606911e+01
2.590512346078338268e+01,2.598159586318375958e+01,2.606060005648908628e+01,2.614187181010706951e+01,2.622512536507496250e+01,2.631005403576009982e+01,2.639633020395247698e+01,2.648360471538676109e+01,2.657150575715226637e+01,2.665963736364596670e+01,2.674757776438417523e+01,2.683487784539559584e+01,2.692106004452550394e+01,2.700561803900294322e+01,2.708801761258453666e+01,2.716769911377676650e+01,2.724408194337867073e+01,2.731657154922575614e+01,2.738456947147198051e+01,2.744748708743225762e+01,2.750476386490651848e+01,2.755589115758944985e+01,2.760044286857993256e+01,2.763811465798979938e+01,2.766877374848461102e+01,2.769252173211067358e+01,2.770977301431172535e+01,2.772135152194719154e+01,2.772860789210090715e+01,2.773355836258570406e+01,2.773904481192053240e+01,2.774891267956150998e+01,2.776819973785040929e+01,2.780332390828170830e+01,2.786225271702084427e+01,2.795463099730840639e+01,2.809183775793439963e+01,2.828693869102224667e+01,2.855449873400643312e+01,2.891022066281582426e+01,2.937038202158473155e+01,2.995105462184348255e+01,3.066710864189220587e+01,3.153102649968622728e+01,3.255157867206394684e+01,3.373244199261961285e+01,3.507086729344261755e+01,3.655652359475784863e+01,3.817065633197939434e+01,3.988569381346503917e+01,4.166541689652532909e+01,4.346577122880872679e+01,4.523635101391066371e+01,4.692252212925498611e+01,4.846808660873959695e+01,4.981832746758411190e+01,5.092322050839089798e+01,5.174056534168108357e+01,5.223877681836303566e+01,5.239909313930728274e+01,5.221699759192034662e+01,5.170271343906144779e+01,5.088070947730753346e+01,4.978823888227738337e+01,4.847301719659319019e+01,4.699021825561611365e+01,4.539902260695456704e+01,4.375898691106944227e+01,4.212651275008892071e+01,4.055167942269999060e+01,3.907566984065962856e+01,3.772896521864529973e+01,3.653041753493685206e+01,3.548723409976798138e+01,3.459583186041555791e+01,3.384344650073260397e+01,3.321031927395179650e+01,3.267223884539244949e+01,3.220319125252910908e+01,3.177787166542869812e+01,3.137383761804874993e+01,3.097313231955428847e+01,3.056327289503894207e+01,3.013757366180199782e+01,2.969484904663395852e+01,2.923860477940532476e+01,2.877587154746554887e+01,2.831585741674731693e+01,2.786859291243332493e+01,2.744371845656999653e+01,2.704952376474766851e+01,2.669230053827967097e+01,2.637602139884422670e+01,2.610231643247274036e+01,2.587068871570086159e+01,2.567889392116179792e+01,2.552340611975271045e+01,2.539989978616096877e+01,2.530369316838565652e+01,2.523011668703724197e+01
2.574884568969467580e+01,2.581383226572189926e+01,2.588122514500261317e+01,2.595081699836455869e+01,2.602237773307584590e+01,2.609565444011111168e+01,2.617037095884936448e+01,2.624622708776889368e+01,2.632289752184070508e+01,2.640003064951308431e+01,2.647724739123060900e+01,2.655414030471533238e+01,2.663027321817890680e+01,2.670518168120041835e+01,2.677837454617429458e+01,2.684933701538815853e+01,2.691753551695326152e+01,2.698242481662720849e+01,2.704345784389873231e+01,2.710009882262849246e+01,2.715184046158515230e+01,2.719822618757607202e+01,2.723887869546287988e+01,2.727353643468083177e+01,2.730210002193843977e+01,2.732469091056569965e+01,2.734172487379168359e+01,2.735400285331238379e+01,2.736282133439347319e+01,2.737010345878806206e+01,2.737855039531547874e+01,2.739180989709515401e+01,2.741465539110906136e+01,2.745316439222992244e+01,2.751487970154558838e+01,2.760893114631685918e+01,2.774609020125742376e+01,2.793872559555382651e+01,2.820062604606195222e+01,2.854665773668943274e+01,2.899223017633693189e+01,2.955255540487906174e+01,3.024170243573276196e+01,3.107147082487688294e+01,3.205013292464747821e+01,3.318112134186898743e+01,3.446176315370620813e+01,3.588218176847114904e+01,3.742449709289468274e+01,3.906245152748911664e+01,4.076157104496434158e+01,4.247993671531072835e+01,4.416959413156540393e+01,4.577857007473903650e+01,4.725340320029037855e+01,4.854203563690111167e+01,4.959686269531067637e+01,5.037770527695809619e+01,5.085445922138114838e+01,5.100919033220526444e+01,5.083748269643659512e+01,5.034890758967290481e+01,4.956655454343813005e+01,4.852564709014062316e+01,4.727134471142368000e+01,4.585590153131813906e+01,4.433540475359906452e+01,4.276634733905636665e+01,4.120229796571035052e+01,3.969091722730013316e+01,3.827153453643989423e+01,3.697344896541770254e+01,3.581505389013743468e+01,3.480381501294928626e+01,3.393705971467885973e+01,3.320346851796171705e+01,3.258510251040056005e+01,3.205975926218731331e+01,3.160342850118015434e+01,3.119262033331763107e+01,3.080636351670995765e+01,3.042771679896373627e+01,3.004469735020436616e+01,2.965059927958536790e+01,2.924374323021289968e+01,2.882675632956510370e+01,2.840552312492587461e+01,2.798796813999639355e+01,2.758282840955726201e+01,2.719855232465273787e+01,2.684242470846208661e+01,2.651997425394982599e+01,2.623467557290188523e+01,2.598792040033579198e+01,2.577920528243172527e+01,2.560646827282442217e+01,2.546650438541244554e+01,2.535539660827230790e+01,2.526891291483003243e+01,2.520283638056661246e+01
2.561845369344300494e+01,2.567354443711047551e+01,2.573088008587379250e+01,2.579029873485373869e+01,2.585161558598965215e+01,2.591462244947262050e+01,2.597908702856120300e+01,2.604475202815259038e+01,2.611133416687144049e+01,2.617852321140684424e+01,2.624598118805610625e+01,2.631334195814263666e+01,2.638021137032762553e+01,2.644616822435365222e+01,2.651076629972675391e+01,2.657353772364394473e+01,2.663399798179664302e+01,2.669165292250979249e+01,2.674600817990898349e+01,2.679658155734595582e+01,2.684291907941684840e+01,2.688461564760916289e+01,2.692134152202448760e+01,2.695287618912002969e+01,2.697915153488637685e+01,2.700030657264394662e+01,2.701675619401603612e+01,2.702927640781752316e+01,2.703910816091521951e+01,2.704808093111240197e+01,2.705875567279915828e+01,2.707458423206697873e+01,2.710007894140801454e+01,2.714098177660713418e+01,2.720441739205988085e+01,2.729900893350386326e+01,2.743493038071189716e+01,2.762386514866360798e+01,2.787883880710667839e+01,2.821389517720975704e+01,2.864359076330592302e+01,2.918229322856633701e+01,2.984328566957932338e+01,3.063769931197202112e+01,3.157332159481905975e+01,3.265335218314327648e+01,3.387520319055771267e+01,3.522945822934991611e+01,3.669911417195737613e+01,3.825922652398153900e+01,3.987706197644476447e+01,4.151282955291203791e+01,4.312101632150441333e+01,4.465229852254441312e+01,4.605593964349731095e+01,4.728253019982874150e+01,4.828687690676079569e+01,4.903081809042290473e+01,4.948573249595129653e+01,4.963452256153828301e+01,4.947289027462676358e+01,4.900978049693564031e+01,4.826693722317537549e+01,4.727759503691254395e+01,4.608440285427484895e+01,4.473674221085726543e+01,4.328765160491833797e+01,4.179059759937676688e+01,4.029634068245835721e+01,3.885012969881347544e+01,3.748942525631407818e+01,3.624230352295856505e+01,3.512663177834869543e+01,3.415004101891583588e+01,3.331065414865575747e+01,3.259846621794741850e+01,3.199722107782852021e+01,3.148659151361636077e+01,3.104445127669470139e+01,3.064902975663967055e+01,3.028076349501887776e+01,2.992370097920328575e+01,2.956637328183496649e+01,2.920210618876104647e+01,2.882881143150860481e+01,2.844834759465911134e+01,2.806557873948839799e+01,2.768727684211337348e+01,2.732101199582950102e+01,2.697415431548845532e+01,2.665307847659031992e+01,2.636262217060094315e+01,2.610581004185844733e+01,2.588382054571612301e+01,2.569614852004298555e+01,2.554090282267825174e+01,2.541517580457389869e+01,2.531542768260715093e+01,2.523784110970865768e+01,2.517861622693806112e+01
2.550993535839902293e+01,2.555652219409327586e+01,2.560517096710177753e+01,2.565575581617898493e+01,2.570812865204073816e+01,2.576211837372303748e+01,2.581752998771696994e+01,2.587414367694464445e+01,2.593171389614079914e+01,2.598996859899438761e+01,2.604860872884463419e+01,2.610730812768700204e+01,2.616571403744302415e+01,2.622344838380378462e+01,2.628011004893774327e+01,2.633527835927124627e+01,2.638851804474603924e+01,2.643938597478687313e+01,2.648744005369602661e+01,2.653225077518292707e+01,2.657341610239122431e+01,2.661058056315138742e+01,2.664345973075424823e+01,2.667187158772330946e+01,2.669577661679739577e+01,2.671532878033934466e+01,2.673093976006088823e+01,2.674335882643201501e+01,2.675377035548051552e+01,2.676391015250278471e+01,2.677620021499227576e+01,2.679389922977211214e+01,2.682126286918741087e+01,2.686370384911265319e+01,2.692793691014780677e+01,2.702208875022245138e+01,2.715574806048058321e+01,2.733992700285473276e+01,2.758690369481293203e+01,2.790991658665117470e+01,2.832268700696933550e+01,2.883875632317426607e+01,2.947063934646178041e+01,3.022881535570007827e+01,3.112060115122282511e+01,3.214897474593365700e+01,3.331144076633057693e+01,3.459904598335015180e+01,3.599566215767755040e+01,3.747765055548425295e+01,3.901400608342627407e+01,4.056704856161641004e+01,4.209368564646284483e+01,4.354721976051871479e+01,4.487961526844063087e+01,4.604408844618468777e+01,4.699783830011401164e+01,4.770470719563289208e+01,4.813755119819971640e+01,4.828011333436251107e+01,4.812822819308590283e+01,4.769024015630061797e+01,4.698658444102859733e+01,4.604855283225720086e+01,4.491633669030778719e+01,4.363650121417135352e+01,4.225909110698547977e+01,4.083459479794529301e+01,3.941100055544176683e+01,3.803116366145115279e+01,3.673067158463376813e+01,3.553634737692576806e+01,3.446547474350020934e+01,3.352576626162105100e+01,3.271603409060615775e+01,3.202746524873627010e+01,3.144535594308540638e+01,3.095112582420306069e+01,3.052441676467543630e+01,3.014508374400398338e+01,2.979490763144239907e+01,2.945889880173281483e+01,2.912611206126069163e+01,2.878995096739953397e+01,2.844799600141335816e+01,2.810143908214084263e+01,2.775424079744570349e+01,2.741214299417211109e+01,2.708166734618540161e+01,2.676921236961799622e+01,2.648033149376191631e+01,2.621923896051887937e+01,2.598855444858686781e+01,2.578926649256708004e+01,2.562087248821663721e+01,2.548164089594845905e+01,2.536893885608788324e+01,2.527957402853280300e+01,2.521011042297600468e+01,2.515713142780794698e+01
2.541982381875347130e+01,2.545912136193413033e+01,2.550028757996019735e+01,2.554322504568931862e+01,2.558781531303458223e+01,2.563391796964097580e+01,2.568136967557389028e+01,2.572998323797555997e+01,2.577954679354235878e+01,2.582982319171195584e+01,2.588054969050763887e+01,2.593143809342826955e+01,2.598217546971959280e+01,2.603242561300702107e+01,2.608183140717044068e+01,2.613001828768564749e+01,2.617659901742687723e+01,2.622118004588085327e+01,2.626336979908815650e+01,2.630278936431484027e+01,2.633908619765262671e+01,2.637195170066397409e+01,2.640114378384576810e+01,2.642651584966721501e+01,2.644805396032834466e+01,2.646592425837241080e+01,2.648053290936176651e+01,2.649260083401447829e+01,2.650325516417742833e+01,2.651413854431937267e+01,2.652753595465031111e+01,2.654651652059764544e+01,2.657508471842668385e+01,2.661833150829005845e+01,2.668257138727513222e+01,2.677544650332975351e+01,2.690597436217693428e+01,2.708451205462811728e+01,2.732260825413305128e+01,2.763271547738689193e+01,2.802774018717124704e+01,2.852041791703002360e+01,2.912251492926883856e+01,2.984387655698668240e+01,3.069136412749753617e+01,3.166774520576616325e+01,3.277062310283569957e+01,3.399150796816182662e+01,3.531514005533270506e+01,3.671917307545530207e+01,3.817431005798687238e+01,3.964495540634585780e+01,4.109040623254297486e+01,4.246655682132071519e+01,4.372803710870909555e+01,4.483065539970785807e+01,4.573397359702076415e+01,4.640381581761972996e+01,4.681450282527838169e+01,4.695061739324795269e+01,4.680813909277178197e+01,4.639483799003868114e+01,4.572987998037399393e+01,4.484266513937662069e+01,4.377098712762639821e+01,4.255865941047837708e+01,4.125279723730854187e+01,3.990096927406192151e+01,3.854843797044384957e+01,3.723569371099823400e+01,3.599645681596980040e+01,3.485627704283538009e+01,3.383180668483753095e+01,3.293076533975053621e+01,3.215255670030485646e+01,3.148944496653874836e+01,3.092815507715561552e+01,3.045173072866171182e+01,3.004147001245666715e+01,2.967876201741098185e+01,2.934666872127547421e+01,2.903113271111116944e+01,2.872173853022047041e+01,2.841200797098287367e+01,2.809926083248736361e+01,2.778411614188603806e+01,2.746973943163573040e+01,2.716095628361337333e+01,2.686335045371066244e+01,2.658244845771719156e+01,2.632306553394770532e+01,2.608885557264062527e+01,2.588207525594817682e+01,2.570354486053483711e+01,2.555276807502022862e+01,2.542816216758130210e+01,2.532734761528018552e+01,2.524745127378334431e+01,2.518538695053374354e+01,2.513808927361035828e+01
2.534514466685808998e+01,2.537820964743401220e+01,2.541294837356609904e+01,2.544928572439010850e+01,2.548712711457098123e+01,2.552635747276272937e+01,2.556684026167893364e+01,2.560841658988099923e+01,2.565090448149829427e+01,2.569409838528916268e+01,2.573776901801477024e+01,2.578166364875328753e+01,2.582550694094338795e+01,2.586900247897760963e+01,2.591183511864660716e+01,2.595367431968929495e+01,2.599417864975102077e+01,2.603300169939162956e+01,2.606979972590811556e+01,2.610424145870987545e+01,2.613602065913953254e+01,2.616487223847258292e+01,2.619059299901843119e+01,2.621306836464376033e+01,2.623230678395298199e+01,2.624848377747708383e+01,2.626199779110612198e+01,2.627354001648499349e+01,2.628418002434276346e+01,2.629546828901753486e+01,2.630955531763972743e+01,2.632932501058538222e+01,2.635853699791962867e+01,2.640196903873087209e+01,2.646554629061566999e+01,2.655643968238945973e+01,2.668311127811571026e+01,2.685528112177824767e+01,2.708378846880790647e+01,2.738032147886372769e+01,2.775699423284943634e+01,2.822575897769251441e+01,2.879765499952638308e+01,2.948191307994849097e+01,3.028495497065825148e+01,3.120934883304783014e+01,3.225280156023055866e+01,3.340728431782579833e+01,3.465839542575245957e+01,3.598506217931435458e+01,3.735966860980909843e+01,3.874866911940381442e+01,4.011370968156282402e+01,4.141323193112521750e+01,4.260448559488933995e+01,4.364582702501083133e+01,4.449914212833965621e+01,4.513220624915940959e+01,4.552078569597019708e+01,4.565029766296477476e+01,4.551687686039366554e+01,4.512774530669942408e+01,4.450084138740676565e+01,4.366372896225208677e+01,4.265186999966581283e+01,4.150639837293172718e+01,4.027157276773802863e+01,3.899210966114331001e+01,3.771060164107832691e+01,3.646521253179781752e+01,3.528781111596637032e+01,3.420266313131522651e+01,3.322575081968084021e+01,3.236473508951780076e+01,3.161952182218026408e+01,3.098334533798911394e+01,3.044424251764101541e+01,2.998676394561320535e+01,2.959375621649528654e+01,2.924805348238716007e+01,2.893393608330608657e+01,2.863824755646329123e+01,2.835110457980692544e+01,2.806618221432626115e+01,2.778060322756250500e+01,2.749449957449811421e+01,2.721034167784577917e+01,2.693214426331812206e+01,2.666465572798351857e+01,2.641262316854944814e+01,2.618020089080955159e+01,2.597054111752430217e+01,2.578557650461110384e+01,2.562597906714704976e+01,2.549126201714745577e+01,2.537998106740780813e+01,2.528998969752028358e+01,2.521870727231346976e+01,2.516336762255620485e+01,2.512122643849499681e+01
2.528336236874248755e+01,2.531111157972321379e+01,2.534034432485562505e+01,2.537100288969666906e+01,2.540301184133024393e+01,2.543627699657550068e+01,2.547068446665750585e+01,2.550609982670113851e+01,2.554236747014945408e+01,2.557931021905395141e+01,2.561672927071353456e+01,2.565440456934149438e+01,2.569209569892705858e+01,2.572954340169244958e+01,2.576647183807287433e+01,2.580259172280029745e+01,2.583760450271162412e+01,2.587120779199846510e+01,2.590310235758571622e+01,2.593300105947312417e+01,2.596064030577013426e+01,2.598579478469448034e+01,2.600829648539594530e+01,2.602805930632215592e+01,2.604511085053885822e+01,2.605963328014485114e+01,2.607201528226899967e+01,2.608291719764125460e+01,2.609335106587704445e+01,2.610477661820667805e+01,2.611921296312983642e+01,2.613936374614932490e+01,2.616875085296632975e+01,2.621184828447882253e+01,2.627420380662919897e+01,2.636253167629912042e+01,2.648475565832095313e+01,2.664997835208756882e+01,2.686835135618649062e+01,2.715082189510975041e+01,2.750873602995499567e+01,2.795328706847847755e+01,2.849481047099980557e+01,2.914194304181618733e+01,2.990068343871113754e+01,3.077341124416774321e+01,3.175794060507285010e+01,3.284669893298909216e+01,3.402612846958109571e+01,3.527640614621038395e+01,3.657156344575831497e+01,3.788006253962485914e+01,3.916584903671108009e+01,4.038985811624820599e+01,4.151190396479863409e+01,4.249283765092387455e+01,4.329682152363592706e+01,4.389354409776385069e+01,4.426019207791826204e+01,4.438300760398212219e+01,4.425828856866714034e+01,4.389273519405553259e+01,4.330310217947733520e+01,4.251517652088350729e+01,4.156215994064681496e+01,4.048258556338848280e+01,3.931793603827833294e+01,3.811015149536760305e+01,3.689921925980029016e+01,3.572102375503600058e+01,3.460560670459285149e+01,3.357594792202713307e+01,3.264732965707103318e+01,3.182729690643270715e+01,3.111617654034485980e+01,3.050807354993820297e+01,2.999222679378153344e+01,2.955458232339918112e+01,2.917943184950329183e+01,2.885096816525090446e+01,2.855462792041006992e+01,2.827812299070949820e+01,2.801210122370834554e+01,2.775042079097492831e+01,2.749006438820530107e+01,2.723075497270284728e+01,2.697435951961439216e+01,2.672417901781261662e+01,2.648422126465131754e+01,2.625853962055898094e+01,2.605069901660691301e+01,2.586340435392867221e+01,2.569830029073768785e+01,2.555592895174466150e+01,2.543581582698963572e+01,2.533664516096996167e+01,2.525648423125249664e+01,2.519301979205302544e+01,2.514377771068857825e+01,2.510630639358593896e+01
2.523232789113453123e+01,2.525555460405749741e+01,2.528008387727022566e+01,2.530587151140126068e+01,2.533285740989698809e+01,2.536096458090637640e+01,2.539009823523022646e+01,2.542014502570896894e+01,2.545097248190364070e+01,2.548242870157405804e+01,2.551434236707339309e+01,2.554652316053689631e+01,2.557876265738477528e+01,2.561083578468813826e+01,2.564250294183479184e+01,2.567351289930648761e+01,2.570360662214627467e+01,2.573252221402635342e+01,2.576000125291842835e+01,2.578579689782925755e+01,2.580968429478943804e+01,2.583147400364272173e+01,2.585102940440361152e+01,2.586828931365662498e+01,2.588329732553258111e+01,2.589623964889353758e+01,2.590749338202713759e+01,2.591768716450269494e+01,2.592777586649294363e+01,2.593913029590661168e+01,2.595364169640723517e+01,2.597383896507144385e+01,2.600301397314529694e+01,2.604534714430843323e+01,2.610602166815990444e+01,2.619131069088977171e+01,2.630861799187466232e+01,2.646644965595694643e+01,2.667429285232417868e+01,2.694237885630840168e+01,2.728131166546908304e+01,2.770155152212453231e+01,2.821275454102710967e+01,2.882298510083775867e+01,2.953783569553310073e+01,3.035950788655762622e+01,3.128592558352741193e+01,3.230996545756012495e+01,3.341889614307650191e+01,3.459411565338893269e+01,3.581126356931823551e+01,3.704076071350780097e+01,3.824879533458284442e+01,3.939873398940387972e+01,4.045289140178913811e+01,4.137455161227158840e+01,4.213009803920428453e+01,4.269108751055118489e+01,4.303609654317680366e+01,4.315217895037939400e+01,4.303580186028023036e+01,4.269316981890847273e+01,4.213989933090523721e+01,4.140006318839563448e+01,4.050467902963967504e+01,3.948976392522964574e+01,3.839411172267138284e+01,3.725696935637530771e+01,3.611579119035692997e+01,3.500423734936239839e+01,3.395055505615221136e+01,3.297644444371617567e+01,3.209646598256557581e+01,3.131799960878178979e+01,3.064171984040482499e+01,3.006251033351050950e+01,2.957070872232959857e+01,2.915355086769509896e+01,2.879667463826933727e+01,2.848554782962670373e+01,2.820670224733751752e+01,2.794868438197373450e+01,2.770266918135188305e+01,2.746272284690241250e+01,2.722573854110924430e+01,2.699110081514270831e+01,2.676015682194212886e+01,2.653558286823804835e+01,2.632073330887699214e+01,2.611904672058835786e+01,2.593356465380861309e+01,2.576659480161201543e+01,2.561952698839271747e+01,2.549279024604864574e+01,2.538592465125785580e+01,2.529773353036615546e+01,2.522647988431240762e+01,2.517009429570306978e+01,2.512636845645364048e+01,2.509311695999347691e+01
2.519022899462253662e+01,2.520961784358734192e+01,2.523014051617086650e+01,2.525176325780112307e+01,2.527443822819171260e+01,2.529810256536902102e+01,2.532267755444026847e+01,2.534806794275110775e+01,2.537416144915411920e+01,2.540082852044147543e+01,2.542792239254162467e+01,2.545527951814718648e+01,2.548272042684486394e+01,2.551005109005936689e+01,2.553706487357409571e+01,2.556354517846293817e+01,2.558926890152145006e+01,2.561401089442524892e+01,2.563754967348933178e+01,2.565967473603073046e+01,2.568019598123531821e+01,2.569895591701241599e+01,2.571584555869460686e+01,2.573082518168104116e+01,2.574395135740258667e+01,2.575541194343464468e+01,2.576557085759479548e+01,2.577502446396694680e+01,2.578467113652822462e+01,2.579579492853956069e+01,2.581016314470464934e+01,2.583013588579950337e+01,2.585878325238921960e+01,2.590000287162619941e+01,2.595862687639176514e+01,2.604050368921191705e+01,2.615253637621051652e+01,2.630265652970652823e+01,2.649971132819931441e+01,2.675324238011109301e+01,2.707313889851875288e+01,2.746915519820986873e+01,2.795029362194882694e+01,2.852406846024903686e+01,2.919568329670605067e+01,2.996717192683541953e+01,3.083656944411429279e+01,3.179719278130369275e+01,3.283711640014143995e+01,3.393892673318543984e+01,3.507982694564313420e+01,3.623214128050388894e+01,3.736423674316822030e+01,3.844184169389113492e+01,3.942969985981365966e+01,4.029345905116284854e+01,4.100166145038237886e+01,4.152768128999271369e+01,4.185144945504374192e+01,4.196081472792783984e+01,4.185241766698310073e+01,4.153199302361237244e+01,4.101406592721149735e+01,4.032106038444918283e+01,3.948189010329408433e+01,3.853014579169497722e+01,3.750202550204165419e+01,3.643417246618692218e+01,3.536158713838425172e+01,3.431576749142363525e+01,3.332320607450276384e+01,3.240433702945175298e+01,3.157298483335479844e+01,3.083632283140709873e+01,3.019530737522007158e+01,2.964551600725206271e+01,2.917828858577196627e+01,2.878205086806959301e+01,2.844369241396381653e+01,2.814987529767488539e+01,2.788816641391067463e+01,2.764791226729657225e+01,2.742080800221939896e+01,2.720114814026387151e+01,2.698578073409147038e+01,2.677381534371005145e+01,2.656615518415938837e+01,2.636493314518133246e+01,2.617292994042581000e+01,2.599304179606341592e+01,2.582784748428552035e+01,2.567930350376550308e+01,2.554857523867294233e+01,2.543599391200189075e+01,2.534111608051618347e+01,2.526285517327634267e+01,2.519965296056746595e+01,2.514966183056403537e+01,2.511091483587460971e+01,2.508146801566081407e+01
2.515554416827907502e+01,2.517168454841554137e+01,2.518880404005091833e+01,2.520687692603702246e+01,2.522586514531209190e+01,2.524571743584730044e+01,2.526636858343389136e+01,2.528773881387023081e+01,2.530973337042206950e+01,2.533224232210660531e+01,2.535514065145876828e+01,2.537828867336603977e+01,2.540153284015652346e+01,2.542470699386323929e+01,2.544763413671861230e+01,2.547012880864782502e+01,2.549200019005809636e+01,2.551305609482499293e+01,2.553310808814555344e+01,2.555197806325802290e+01,2.556950674565692694e+01,2.558556476687771664e+01,2.560006716122049042e+01,2.561299237948091800e+01,2.562440716432456966e+01,2.563449885790290139e+01,2.564361686081120695e+01,2.565232495930865042e+01,2.566146599208441614e+01,2.567223973163491024e+01,2.568629379813966906e+01,2.570582581005320222e+01,2.573369274994062650e+01,2.577352070165155240e+01,2.582980481474987400e+01,2.590798582621262725e+01,2.601448612068675459e+01,2.615668569035366176e+01,2.634281713200390485e+01,2.658175971130937754e+01,2.688271620024683273e+01,2.725476313826695218e+01,2.770627553796797216e+01,2.824424054411225882e+01,2.887349029160757752e+01,2.959590073589270531e+01,3.040961857156356274e+01,3.130839019694928993e+01,3.228107265570461948e+01,3.331140453415471825e+01,3.437810356036318638e+01,3.545533683790672796e+01,3.651358024974021532e+01,3.752084793987810940e+01,3.844423448190796222e+01,3.925167575972238865e+01,3.991380436861979319e+01,4.040575574319971253e+01,4.070877541500063046e+01,4.081148737147900363e+01,4.071070807745484643e+01,4.041172803161739324e+01,3.992802880265050192e+01,3.928045324603420596e+01,3.849589456771938956e+01,3.760561095235248530e+01,3.664330250356221796e+01,3.564310361929415194e+01,3.463764569021785178e+01,3.365633282408035853e+01,3.272394916907346385e+01,3.185968329012307265e+01,3.107661642353463805e+01,3.038168092536119858e+01,2.977605632463794905e+01,2.925593624233445667e+01,2.881357270715180618e+01,2.843848714727969451e+01,2.811873086646016517e+01,2.784208251352882257e+01,2.759708526535975892e+01,2.737385039299540779e+01,2.716458377682266701e+01,2.696382423254512872e+01,2.676841334580424459e+01,2.657724226643558296e+01,2.639083875123294121e+01,2.621086606548864495e+01,2.603960401312590989e+01,2.587947262993473174e+01,2.573264332201296156e+01,2.560076346184093410e+01,2.548480172541146516e+01,2.538500536414505859e+01,2.530094892461189460e+01,2.523164743319924597e+01,2.517570557825891342e+01,2.513147703738566818e+01,2.509721346914822249e+01,2.507118936391878705e+01
2.512700078071506837e+01,2.514039883707147993e+01,2.515463616110265832e+01,2.516969319660167770e+01,2.518553967587640585e+01,2.520213384976631232e+01,2.521942181957414775e+01,2.523733700428989124e+01,2.525579977952921595e+01,2.527471732712460906e+01,2.529398373643836351e+01,2.531348040065101657e+01,2.533307675437392348e+01,2.535263140435461438e+01,2.537199371491258049e+01,2.539100592703114501e+01,2.540950591865144048e+01,2.542733075851433355e+01,2.544432127247125308e+01,2.546032793539928463e+01,2.547521852894887573e+01,2.548888816849226302e+01,2.550127250082419650e+01,2.551236509943820252e+01,2.552224031830228057e+01,2.553108307584204084e+01,2.553922717907947870e+01,2.554720379541303288e+01,2.555580145002845782e+01,2.556613837073408746e+01,2.557974701645004245e+01,2.559866912180906340e+01,2.562555751675700577e+01,2.566377835098713689e+01,2.571750427935928585e+01,2.579178588079672352e+01,2.589258546460519028e+01,2.602675497791076609e+01,2.620193858803611420e+01,2.642638134339605926e+01,2.670862873739615040e+01,2.705710846332574704e+01,2.747959530027068809e+01,2.798257262421763158e+01,2.857051868562009034e+01,2.924516117784151703e+01,3.000475790028803758e+01,3.084347234070319388e+01,3.175091855883830405e+01,3.271194793376443499e+01,3.370673987867958488e+01,3.471123925166213553e+01,3.569795582608103501e+01,3.663710802339440420e+01,3.749805746863936662e+01,3.825094689021306493e+01,3.886842578274099935e+01,3.932733004230194496e+01,3.961017643045349956e+01,3.970634169077997200e+01,3.961281909686651659e+01,3.933448000404537481e+01,3.888381090719728661e+01,3.828014283060623058e+01,3.754843447742803875e+01,3.671770866210941620e+01,3.581926930791875918e+01,3.488484126924925022e+01,3.394477656827066170e+01,3.302645897449823309e+01,3.215301612788007191e+01,3.134241742601802372e+01,3.060699996208195373e+01,2.995342732735624480e+01,2.938305033277246636e+01,2.889260755102279532e+01,2.847517943808665208e+01,2.812129446288074064e+01,2.782008024274621860e+01,2.756035739701076537e+01,2.733158799343303968e+01,2.712461239857669071e+01,2.693213549241595572e+01,2.674895236851839897e+01,2.657193136436198344e+01,2.639979533770128839e+01,2.623275803095728165e+01,2.607207975561314939e+01,2.591960538608237741e+01,2.577733893056324277e+01,2.564709487646791075e+01,2.553024976530389267e+01,2.542760075579144186e+01,2.533932359118101374e+01,2.526501196551564732e+01,2.520377446979754055e+01,2.515436393681219585e+01,2.511531628331283272e+01,2.508508067912468675e+01,2.506212876650121046e+01
2.510353770147676755e+01,2.511462700318264041e+01,2.512643072702708480e+01,2.513893402316717030e+01,2.515211282933810111e+01,2.516593318991280981e+01,2.518035066983177828e+01,2.519530989269582122e+01,2.521074423445508828e+01,2.522657570584405562e+01,2.524271505819893235e+01,2.525906214901305447e+01,2.527550660637938762e+01,2.529192883668388703e+01,2.530820142953612262e+01,2.532419103071009303e+01,2.533976078142781319e+01,2.535477346511104813e+01,2.536909556588904024e+01,2.538260253205610439e+01,2.539518565710767461e+01,2.540676114380531914e+01,2.541728210191944726e+01,2.542675444041249122e+01,2.543525783284173158e+01,2.544297313078680389e+01,2.545021772840831886e+01,2.545749037852730012e+01,2.546552674673434424e+01,2.547536647248147545e+01,2.548843158959761368e+01,2.550661476077171841e+01,2.553237385343562238e+01,2.556882694152006152e+01,2.561983896176576536e+01,2.569008820261026571e+01,2.578509790649339095e+01,2.591121599931135222e+01,2.607552490136604462e+01,2.628566414397641893e+01,2.654955169203990550e+01,2.687499587443597449e+01,2.726919878668758557e+01,2.773816368769736229e+01,2.828603251317263556e+01,2.891439391242067813e+01,2.962161547399018957e+01,3.040226403793114685e+01,3.124668315137738617e+01,3.214079503169017471e+01,3.306618468696751023e+01,3.400050584913616092e+01,3.491822296235667267e+01,3.579167267691989451e+01,3.659239520616155517e+01,3.729265430695296857e+01,3.786703856834445503e+01,3.829401981481976946e+01,3.855733950305443614e+01,3.864710237160507944e+01,3.856047797849200975e+01,3.830194312737692286e+01,3.788303808878549717e+01,3.732165254860916548e+01,3.664089859456617404e+01,3.586766332638843124e+01,3.503095928302356299e+01,3.416020455564035530e+01,3.328356541508119903e+01,3.242648317340928088e+01,3.161048565825534595e+01,3.085235477614936173e+01,3.016368829106214733e+01,2.955085935277579878e+01,2.901534450075002525e+01,2.855436249801440241e+01,2.816174457851438717e+01,2.782894309563952717e+01,2.754608103678494757e+01,2.730294954474813096e+01,2.708987374212759391e+01,2.689838721189636672e+01,2.672168010236367763e+01,2.655481211283517240e+01,2.639470649969193161e+01,2.623996187603720287e+01,2.609053277163486584e+01,2.594733646974782104e+01,2.581184248822179939e+01,2.568569327146082770e+01,2.557039211524245559e+01,2.546707943892420900e+01,2.537640366318855811e+01,2.529848018944855070e+01,2.523292269641036611e+01,2.517892577500544249e+01,2.513537667523307206e+01,2.510097592008434830e+01,2.507435069828754948e+01,2.505415013966282345e+01
2.508427240058783170e+01,2.509342340514478664e+01,2.510317859360398884e+01,2.511352670073912208e+01,2.512444860257739521e+01,2.513591672221817674e+01,2.514789452175208595e+01,2.516033610571189172e+01,2.517318596299091737e+01,2.518637887534380226e+01,2.519984002166075143e+01,2.521348530864975146e+01,2.522722196118264648e+01,2.524094941063058428e+01,2.525456052888105063e+01,2.526794327193924516e+01,2.528098282339367486e+01,2.529356436866542168e+01,2.530557669057337833e+01,2.531691686025494548e+01,2.532749640925230139e+01,2.533724951119270230e+01,2.534614387395705393e+01,2.535419523857901680e+01,2.536148658353942409e+01,2.536819331489465057e+01,2.537461584141837179e+01,2.538122093100976429e+01,2.538869304579681696e+01,2.539799637297175394e+01,2.541044741821262676e+01,2.542779673226422332e+01,2.545231655462326259e+01,2.548688889374497890e+01,2.553508591625254809e+01,2.560123169026342893e+01,2.569043164290556547e+01,2.580855399091803548e+01,2.596214642108012427e+01,2.615827200982302259e+01,2.640425131335453912e+01,2.670730311926423184e+01,2.707408465328859037e+01,2.751014283416910189e+01,2.801930076906635492e+01,2.860301691431050841e+01,2.925976660845815047e+01,2.998450516263475762e+01,3.076827647066736304e+01,3.159802953137888437e+01,3.245669627335364282e+01,3.332356739970425252e+01,3.417497942641564634e+01,3.498529756175328487e+01,3.572814842095256438e+01,3.637782730843699852e+01,3.691078066039397498e+01,3.730704863178733888e+01,3.755154828468744910e+01,3.763508564560575564e+01,3.755500475421776230e+01,3.731541185959742535e+01,3.692694992537808218e+01,3.640613847343375653e+01,3.577433209550569870e+01,3.505638355332420275e+01,3.427912096248842033e+01,3.346976102055607782e+01,3.265438088773808545e+01,3.185656079095493354e+01,3.109628944465823253e+01,3.038919748810799248e+01,2.974615325901838503e+01,2.917322335750156270e+01,2.867197040807557329e+01,2.824003463286123150e+01,2.787192624824902509e+01,2.755994366326425293e+01,2.729512872418974823e+01,2.706817484329223333e+01,2.687021604034207201e+01,2.669344323221647741e+01,2.653151638709069360e+01,2.637976481976778942e+01,2.623519020244656730e+01,2.609630528688823148e+01,2.596285396089518471e+01,2.583546405585415329e+01,2.571528326138054510e+01,2.560364153823086042e+01,2.550177225569631290e+01,2.541061103049022307e+01,2.533067804893950381e+01,2.526203831964934921e+01,2.520432605388136338e+01,2.515681473809781110e+01,2.511851332241176848e+01,2.508827066562156816e+01,2.506487402077897997e+01,2.504713190884815432e+01
2.506847235535021312e+01,2.507600077122576465e+01,2.508403698652247016e+01,2.509257245961338256e+01,2.510159199525094564e+01,2.511107323208639386e+01,2.512098620678694161e+01,2.513129301662047155e+01,2.514194760344146928e+01,2.515289568283859012e+01,2.516407484303205422e+01,2.517541483939995928e+01,2.518683811303933950e+01,2.519826056671733738e+01,2.520959264065344030e+01,2.522074074614064187e+01,2.523160914011433320e+01,2.524210236216792680e+01,2.525212841150860399e+01,2.526160291944739100e+01,2.527045467721356431e+01,2.527863301151052511e+01,2.528611766031777108e+01,2.529293198250960373e+01,2.529916052226328560e+01,2.530497211732110330e+01,2.531064984976898558e+01,2.531662913491034672e+01,2.532354505945721002e+01,2.533228963548067370e+01,2.534407884985865067e+01,2.536052818985065826e+01,2.538373367307066175e+01,2.541635331607474768e+01,2.546168152833512721e+01,2.552370630424955777e+01,2.560713660337075126e+01,2.571738536633602124e+01,2.586049270565569813e+01,2.604297446868364929e+01,2.627158408882111118e+01,2.655298077913629484e+01,2.689330479597990475e+01,2.729767048092684689e+01,2.776959943389548258e+01,2.831042839947442147e+01,2.891873779925603927e+01,2.958985560167756645e+01,3.031549563482820275e+01,3.108358799453498733e+01,3.187835087781614263e+01,3.268063776014109578e+01,3.346857207347179042e+01,3.421845517771787826e+01,3.490590509109188133e+01,3.550715640856768118e+01,3.600042954266305628e+01,3.636726301856712951e+01,3.659369840449043210e+01,3.667121471823899981e+01,3.659732754702285007e+01,3.637579591921634403e+01,3.601641419993150350e+01,3.553440313727561062e+01,3.494944955469271264e+01,3.428447422946651812e+01,3.356422915613013203e+01,3.281383673579013305e+01,3.205738382008166099e+01,3.131667358384699185e+01,3.061021955588693189e+01,2.995254117775138170e+01,2.935379173445260292e+01,2.881972020700174397e+01,2.835194113194851084e+01,2.794846314054365166e+01,2.760440923162087046e+01,2.731285120112293185e+01,2.706567759981067312e+01,2.685441906474693852e+01,2.667096614043800074e+01,2.650813138489496268e+01,2.636002769169002491e+01,2.622225601951263840e+01,2.609191566871674084e+01,2.596746666343927856e+01,2.584848501116534436e+01,2.573535672663747675e+01,2.562895553013653682e+01,2.553034292210225686e+01,2.544051941663537164e+01,2.536024396219429988e+01,2.528992687939210882e+01,2.522959159723843925e+01,2.517889314864777717e+01,2.513717726113692308e+01,2.510356283760437890e+01,2.507703210490973689e+01,2.505651589367746723e+01,2.504096551497956114e+01
2.505553047287788004e+01,2.506170462711380154e+01,2.506830306140702191e+01,2.507531929961948336e+01,2.508274127173510237e+01,2.509055087636592418e+01,2.509872361030267740e+01,2.510722828375812554e+01,2.511602684071531755e+01,2.512507430439607958e+01,2.513431886855159902e+01,2.514370215649251605e+01,2.515315967224817584e+01,2.516262147307687158e+01,2.517201310132029590e+01,2.518125682846139668e+01,2.519027328800232723e+01,2.519898360986644548e+01,2.520731222139192340e+01,2.521519055273928700e+01,2.522256198131881533e+01,2.522938847277145413e+01,2.523565952417513358e+01,2.524140418248862971e+01,2.524670708425989929e+01,2.525172961765145274e+01,2.525673740873521922e+01,2.526213533082265528e+01,2.526851106509133515e+01,2.527668782999004904e+01,2.528778617073212232e+01,2.530329359367323860e+01,2.532513930589221829e+01,2.535576938854697460e+01,2.539821547502295829e+01,2.545614759372218572e+01,2.553389954566424791e+01,2.563645339519566946e+01,2.576936881410539470e+01,2.593864362594411332e+01,2.615049440389257995e+01,2.641105071295846685e+01,2.672596366239541155e+01,2.709993863682876736e+01,2.753621281116051733e+01,2.803600932983452410e+01,2.859801049636567427e+01,2.921790039400973527e+01,2.988803142695918780e+01,3.059726792980410437e+01,3.133105231744087860e+01,3.207172503527880281e+01,3.279910950301582773e+01,3.349134893610450803e+01,3.412595581286093704e+01,3.468100983360700695e+01,3.513641967443417258e+01,3.547515057938025507e+01,3.568431603606370572e+01,3.575603850999136313e+01,3.568800121482961174e+01,3.548363856877343636e+01,3.515194457976753029e+01,3.470691239142056617e+01,3.416665080764013851e+01,3.355225124966810313e+01,3.288649845639341862e+01,3.219252854122667173e+01,3.149253819195601523e+01,3.080663943318553422e+01,3.015193702134616416e+01,2.954188243802236968e+01,2.898593215684948277e+01,2.848951098607139087e+01,2.805425623101207222e+01,2.767849720640241173e+01,2.735790881734555313e+01,2.708626855394729205e+01,2.685624377981970667e+01,2.666014051977798971e+01,2.649055534664047684e+01,2.634088713669388326e+01,2.620568363056052874e+01,2.608081680959126558e+01,2.596349891454675429e+01,2.585216554284169632e+01,2.574626220094835816e+01,2.564597519548987492e+01,2.555194684885801237e+01,2.546500950103854422e+01,2.538596396194366989e+01,2.531541766928935999e+01,2.525368745442978025e+01,2.520076292629067538e+01,2.515631999932429252e+01,2.511977042498874013e+01,2.509033223793628409e+01,2.506710730451516156e+01,2.504915494009534882e+01,2.503555406375925685e+01
2.504494416412386926e+01,2.504999147699185613e+01,2.505539129215729943e+01,2.506113869779854397e+01,2.506722411004419016e+01,2.507363290292065372e+01,2.508034509618730112e+01,2.508733511684076234e+01,2.509457165063176376e+01,2.510201760040530772e+01,2.510963016868864273e+01,2.511736108313557736e+01,2.512515698586964419e+01,2.513296001247148936e+01,2.514070859477962117e+01,2.514833853579194312e+01,2.515578442732742204e+01,2.516298151487391976e+01,2.516986816281514905e+01,2.517638914075200773e+01,2.518250004122676344e+01,2.518817325273713692e+01,2.519340604860341770e+01,2.519823150647341237e+01,2.520273313255392367e+01,2.520706420726328290e+01,2.521147296166163798e+01,2.521633469077886858e+01,2.522219175267191460e+01,2.522980202360973578e+01,2.524019571113189642e+01,2.525473940814016061e+01,2.527520486808567668e+01,2.530383820357938873e+01,2.534342313334490626e+01,2.539732968377700217e+01,2.546953764455295399e+01,2.556462242894162529e+01,2.568769021820749998e+01,2.584424982712374330e+01,2.604001103312716481e+01,2.628060346937823510e+01,2.657121669013222487e+01,2.691617048197625905e+01,2.731843437065280966e+01,2.777912564495300174e+01,2.829702484542906049e+01,2.886815509280934577e+01,2.948547537231537419e+01,3.013873665434962845e+01,3.081454266960403388e+01,3.149664408118368897e+01,3.216647633619548685e+01,3.280392911776247900e+01,3.338831129712366419e+01,3.389945236688001273e+01,3.431886245014317183e+01,3.463086080189117411e+01,3.482357924954048656e+01,3.488975324205436834e+01,3.482722885169300753e+01,3.463913772185951245e+01,3.433372104033722394e+01,3.392381488920815968e+01,3.342603927610080206e+01,3.285975851455585683e+01,3.224589878898400741e+01,3.160571808102563196e+01,3.095962363278282936e+01,3.032612334210449134e+01,2.972098138766613218e+01,2.915662704960868012e+01,2.864184151779936727e+01,2.818172287930428865e+01,2.777790665816522875e+01,2.742900009108702619e+01,2.713117415635564456e+01,2.687884912406490301e+01,2.666540743219507092e+01,2.648387184575830844e+01,2.632749642047627958e+01,2.619023156415962461e+01,2.606704085294968110e+01,2.595406434327562195e+01,2.584863900740659659e+01,2.574919989800605791e+01,2.565509444348697699e+01,2.556634623940222539e+01,2.548340387796682194e+01,2.540690545047764459e+01,2.533748156874534985e+01,2.527561054987896227e+01,2.522153026358708061e+01,2.517520328629366233e+01,2.513632627310829193e+01,2.510437120532602862e+01,2.507864530886536159e+01,2.505835753408439359e+01,2.504268190561309737e+01,2.503081110830638067e+01
2.503629767034852449e+01,2.504041033243886361e+01,2.504481427904992330e+01,2.504950578220014634e+01,2.505447723595900200e+01,2.505971684604845962e+01,2.506520836884525849e+01,2.507093091304816923e+01,2.507685881770296632e+01,2.508296162066680068e+01,2.508920413217564516e+01,2.509554662935252622e+01,2.510194518989019841e+01,2.510835218769717514e+01,2.511471698134024777e+01,2.512098683945369260e+01,2.512710816825071802e+01,2.513302813773214339e+01,2.513869684842876495e+01,2.514407024295967119e+01,2.514911404935774186e+01,2.515380914773746568e+01,2.515815887762253666e+01,2.516219894499634790e+01,2.516601073443566960e+01,2.516973896253863785e+01,2.517361469375008554e+01,2.517798473644979751e+01,2.518334829244468409e+01,2.519040138523713068e+01,2.520008897825913152e+01,2.521366375888796441e+01,2.523274927578935234e+01,2.525940348505471533e+01,2.529617685353228751e+01,2.534615713110917312e+01,2.541299096976398175e+01,2.550087105367792262e+01,2.561447669659045800e+01,2.575885637408579143e+01,2.593924277414407698e+01,2.616079494833657293e+01,2.642826811857776192e+01,2.674561946283793290e+01,2.711556726655321370e+01,2.753913034449127650e+01,2.801518347150000920e+01,2.854007137579375808e+01,2.910732728081357834e+01,2.970754084625163216e+01,3.032841387591338744e+01,3.095503015892122889e+01,3.157034886842033927e+01,3.215591042041782543e+01,3.269272165273152808e+01,3.316226615665298993e+01,3.354756827165748234e+01,3.383422809280509114e+01,3.401134167846269207e+01,3.407222638356104483e+01,3.401488565898324623e+01,3.384216939014621062e+01,3.356161256165614759e+01,3.318496373908985220e+01,3.272744232853477797e+01,3.220678680000513339e+01,3.164217264798950069e+01,3.105308731718745463e+01,3.045824918066270115e+01,2.987464945731261423e+01,2.931678106280704554e+01,2.879609874289234384e+01,2.832073266237150477e+01,2.789545515077082172e+01,2.752187956619215825e+01,2.719885291095932089e+01,2.692299116067923137e+01,2.668929902253143638e+01,2.649181430071661936e+01,2.632422100930271824e+01,2.618038415213481684e+01,2.605477156931338811e+01,2.594274296507400024e+01,2.584070150869907678e+01,2.574611754338762637e+01,2.565744544656379134e+01,2.557396245562032533e+01,2.549556175184714490e+01,2.542253134217710198e+01,2.535534592628820505e+01,2.529449205298337588e+01,2.524033874981364889e+01,2.519305774580825741e+01,2.515259048110501894e+01,2.511865403695475862e+01,2.509077523761028417e+01,2.506834139304952558e+01,2.505065708763275012e+01,2.503699851900168838e+01,2.502665955487337257e+01
2.502924723674441765e+01,2.503258717620719409e+01,2.503616655967300630e+01,2.503998255487098135e+01,2.504402912964660644e+01,2.504829679359328054e+01,2.505277238141464125e+01,2.505743888909685069e+01,2.506227537431193397e+01,2.506725693281992307e+01,2.507235476321005763e+01,2.507753633349229005e+01,2.508276566539935004e+01,2.508800375664638338e+01,2.509320916903318377e+01,2.509833882280810613e+01,2.510334905727021493e+01,2.510819704677685138e+01,2.511284270314050460e+01,2.511725125295716765e+01,2.512139675445155973e+01,2.512526691452039884e+01,2.512886968201892302e+01,2.513224222327085755e+01,2.513546301979182118e+01,2.513866794798495619e+01,2.514207127815754106e+01,2.514599252701253107e+01,2.515088996494550599e+01,2.515740126067961313e+01,2.516639118299642064e+01,2.517900542243760142e+01,2.519672841585434497e+01,2.522144156190913478e+01,2.525547646911897814e+01,2.530165601292119604e+01,2.536331420722298446e+01,2.544428450984695900e+01,2.554884553272219350e+01,2.568161359578947156e+01,2.584737350045464055e+01,2.605084255968731810e+01,2.629636838998238346e+01,2.658756808280332251e+01,2.692692467096821574e+01,2.731536551945788460e+01,2.775185535740607889e+01,2.823304290708094655e+01,2.875300320725195391e+01,2.930311668753779486e+01,2.987212011341534179e+01,3.044635353237740105e+01,3.101021183898939171e+01,3.154679078789139979e+01,3.203869710424516626e+01,3.246897309400614517e+01,3.282207030551064264e+01,3.308479658919510769e+01,3.324715802617486560e+01,3.330302247316031128e+01,3.325054469566675408e+01,3.309231298404631616e+01,3.283520162339453918e+01,3.248993987338982237e+01,3.207043324757769653e+01,3.159289410195697556e+01,3.107485365495144691e+01,3.053413519947355681e+01,2.998786801777473343e+01,2.945161387829559629e+01,2.893866425458676161e+01,2.845954836052890968e+01,2.802177180085103814e+01,2.762978515139858615e+01,2.728516297003918822e+01,2.698695811951051482e+01,2.673218496660685162e+01,2.651637866972252411e+01,2.633417658779491077e+01,2.617987160267010793e+01,2.604789518686758498e+01,2.593319933711687852e+01,2.583151970470381897e+01,2.573951589250810912e+01,2.565479745905321707e+01,2.557585435873199486e+01,2.550191739973472238e+01,2.543277734868945927e+01,2.536859062348548477e+01,2.530969566250560021e+01,2.525645798524369567e+01,2.520915480657695795e+01,2.516790296878467359e+01,2.513262785917409659e+01,2.510306652264699778e+01,2.507879562987806921e+01,2.505927425288921029e+01,2.504389219725163684e+01,2.503201645800614372e+01,2.502303068120996343e+01
2.502350874205064812e+01,2.502621196171057605e+01,2.502911101898001434e+01,2.503220375950321142e+01,2.503548540336595352e+01,2.503894833156119759e+01,2.504258190738993761e+01,2.504637234199899964e+01,2.505030261354389864e+01,2.505435244979033271e+01,2.505849838454126299e+01,2.506271389944176775e+01,2.506696966500313906e+01,2.507123389888535314e+01,2.507547286668835795e+01,2.507965156222388714e+01,2.508373462240409424e+01,2.508768755886400115e+01,2.509147842695107755e+01,2.509508010559843783e+01,2.509847343133829511e+01,2.510165151772660508e+01,2.510462569700808189e+01,2.510743363965155694e+01,2.511015032983275219e+01,2.511290268430077788e+01,2.511588867281671256e+01,2.511940179523699612e+01,2.512386164872508587e+01,2.512985102705470197e+01,2.513815947955252739e+01,2.514983247414160417e+01,2.516622423071211756e+01,2.518905092529917411e+01,2.522043936987686408e+01,2.526296456861903650e+01,2.531966793350506606e+01,2.539404667586373421e+01,2.549000429784282318e+01,2.561175253522192818e+01,2.576365687202055454e+01,2.595002109149154279e+01,2.617481132262808785e+01,2.644132653772474129e+01,2.675183003567380169e+01,2.710716440485444778e+01,2.750637984602932562e+01,2.794641143383425330e+01,2.842184376414096647e+01,2.892480048281752403e+01,2.944499076734577514e+01,2.996993479391767679e+01,3.048537605229616787e+01,3.097587120896309898e+01,3.142552978849746381e+01,3.181885836672726242e+01,3.214164949839014440e+01,3.238184629278812565e+01,3.253031094025659087e+01,3.258143033255790044e+01,3.253350402243869155e+01,3.238887798682558383e+01,3.215381003112248948e+01,3.183807668499296994e+01,3.145435438274272144e+01,3.101742706618709988e+01,3.054328608722434879e+01,3.004819517602656731e+01,2.954779290762789401e+01,2.905629802209084644e+01,2.858587031405145140e+01,2.814616327281038366e+01,2.774408612311560063e+01,2.738377428409599901e+01,2.706675023053952600e+01,2.679224268580526669e+01,2.655762198539328267e+01,2.635890389156971736e+01,2.619127326077371265e+01,2.604958251259307289e+01,2.592878719445825197e+01,2.582429112799477622e+01,2.573218546287504083e+01,2.564937812069668510e+01,2.557362126571687710e+01,2.550345344474415299e+01,2.543807907075049357e+01,2.537721058934818430e+01,2.532089804099055996e+01,2.526936732584627876e+01,2.522288312921751441e+01,2.518164617572669783e+01,2.514572824359427727e+01,2.511504301400601236e+01,2.508934690912445475e+01,2.506826182217135823e+01,2.505131100207654171e+01,2.503796003196059061e+01,2.502765641108434735e+01,2.501986325728022464e+01
2.501884742051460009e+01,2.502102777671797185e+01,2.502336752222589311e+01,2.502586501615973091e+01,2.502851647491613107e+01,2.503131579685680919e+01,2.503425441600937162e+01,2.503732119238235398e+01,2.504050234674802411e+01,2.504378144806264928e+01,2.504713946226998544e+01,2.505055487238615086e+01,2.505400388197888972e+01,2.505746071814517961e+01,2.506089805686199412e+01,2.506428760449404791e+01,2.506760088604342585e+01,2.507081031557178719e+01,2.507389065958379604e+01,2.507682105259811323e+01,2.507958778790724352e+01,2.508218818691911522e+01,2.508463594680579334e+01,2.508696847452949541e+01,2.508925682692250803e+01,2.509161897611271996e+01,2.509423718395532177e+01,2.509738026612546946e+01,2.510143141550412338e+01,2.510692198856893498e+01,2.511457118942957933e+01,2.512533087222274020e+01,2.514043369969204633e+01,2.516144165089441387e+01,2.519029041658869872e+01,2.522932366782660196e+01,2.528130970862343574e+01,2.534943186946455640e+01,2.543724345822174371e+01,2.554857847442958274e+01,2.568741090482955158e+01,2.585765846539432999e+01,2.606293120629284843e+01,2.630623131607742948e+01,2.658961736778718432e+01,2.691385350229343842e+01,2.727807077490716381e+01,2.767947308323238431e+01,2.811312270762410748e+01,2.857183962736459648e+01,2.904624383185124969e+01,2.952496069702446846e+01,2.999499658362746857e+01,3.044227617503204897e+01,3.085231627866206949e+01,3.121099480187628927e+01,3.150536043298799527e+01,3.172442008511500333e+01,3.185983879570069632e+01,3.190649120298328612e+01,3.186281476855978667e+01,3.173093153648953546e+01,3.151652562076774444e+01,3.122848549847624611e+01,3.087834108032566860e+01,3.047954312557097722e+01,3.004664503288987021e+01,2.959445323980703790e+01,2.913721206922046747e+01,2.868788231971334568e+01,2.825756130091549423e+01,2.785507690342434373e+01,2.748677141208328223e+01,2.715647385958626714e+01,2.686564432618171594e+01,2.661366096674571935e+01,2.639821156463353802e+01,2.621574655677009602e+01,2.606194984488687538e+01,2.593218703817604265e+01,2.582189746755629756e+01,2.572690549626730316e+01,2.564363724489286511e+01,2.556923966680227878e+01,2.550160879157913385e+01,2.543934190035824372e+01,2.538163369817410597e+01,2.532813887379110795e+01,2.527882286825951752e+01,2.523381966792167219e+01,2.519331073438619484e+01,2.515743366289628824e+01,2.512622369002521694e+01,2.509958647369332141e+01,2.507729712543233802e+01,2.505901849157995542e+01,2.504433110170749188e+01,2.503276777472453318e+01,2.502384722633805936e+01,2.501710275841061204e+01
2.501506934789368586e+01,2.501682183551188032e+01,2.501870343037532862e+01,2.502071288099172008e+01,2.502284719624113052e+01,2.502510150234603614e+01,2.502746892375760623e+01,2.502994049421105061e+01,2.503250510442965293e+01,2.503514949326881478e+01,2.503785828966780969e+01,2.504061411390698666e+01,2.504339774879483471e+01,2.504618839517909734e+01,2.504896403249994208e+01,2.505170191520980794e+01,2.505437925136286381e+01,2.505697413247595051e+01,2.505946681611670712e+01,2.506184150690817702e+01,2.506408883979536384e+01,2.506620934265153622e+01,2.506821824298868506e+01,2.507015208209843138e+01,2.507207770142738212e+01,2.507410425651470831e+01,2.507639897224844816e+01,2.507920735032454118e+01,2.508287843867579525e+01,2.508789553066331024e+01,2.509491223513121128e+01,2.510479320911707646e+01,2.511865795117417477e+01,2.513792492124672151e+01,2.516435193057784758e+01,2.520006733300739299e+01,2.524758520819344199e+01,2.530979667789327436e+01,2.538992900521931162e+01,2.549146448067381954e+01,2.561801256414884875e+01,2.577313152237269023e+01,2.596009993883697575e+01,2.618164385496098134e+01,2.643963157985043466e+01,2.673475479928091048e+01,2.706622073319124766e+01,2.743148481059117927e+01,2.782605570599322320e+01,2.824340379131291456e+01,2.867499956171868902e+01,2.911050027540077778e+01,2.953809130653482384e+01,2.994497449312044424e+01,3.031798049507712278e+01,3.064426762313539854e+01,3.091205762230470100e+01,3.111135119951597972e+01,3.123456394728945185e+01,3.127702735647705623e+01,3.123730967190233443e+01,3.111732647166916976e+01,3.092222941004565939e+01,3.066008146328990591e+01,3.034134600259555015e+01,2.997823298621030119e+01,2.958395684676747805e+01,2.917196622149442931e+01,2.875520523681868212e+01,2.834546003201404929e+01,2.795283359802681389e+01,2.758537823100793318e+01,2.724889955857848634e+01,2.694693078007241738e+01,2.668086188205157683e+01,2.645019727102953411e+01,2.625290728326696765e+01,2.608583479904612901e+01,2.594511776393520108e+01,2.582659153173100108e+01,2.572614103143807895e+01,2.563998102184839922e+01,2.556485215919664000e+01,2.549813021409831393e+01,2.543785451378617424e+01,2.538268868585906191e+01,2.533183143049461350e+01,2.528489707358097149e+01,2.524178513700575621e+01,2.520255551452531506e+01,2.516732171335369372e+01,2.513616978355807063e+01,2.510910576747889422e+01,2.508603038812504238e+01,2.506673667766729352e+01,2.505092450205338750e+01,2.503822541684060710e+01,2.502823177108519559e+01,2.502052513937054101e+01,2.501470066148711879e+01
2.501201440202237336e+01,2.501341800319055508e+01,2.501492569720202042e+01,2.501653652829253716e+01,2.501824813540201120e+01,2.502005663617147491e+01,2.502195653052565660e+01,2.502394062896141236e+01,2.502600001087269987e+01,2.502812401855144486e+01,2.503030029307516102e+01,2.503251485939041032e+01,2.503475226992694402e+01,2.503699581961693710e+01,2.503922785106902182e+01,2.504143017796978654e+01,2.504358466899057944e+01,2.504567405532705848e+01,2.504768305451164068e+01,2.504959994341619023e+01,2.505141876624915298e+01,2.505314242988685436e+01,2.505478701849259693e+01,2.505638774881807151e+01,2.505800707962696450e+01,2.505974557074914699e+01,2.506175614019056752e+01,2.506426236500280069e+01,2.506758137975324274e+01,2.507215170678992067e+01,2.507856596529080306e+01,2.508760781696098974e+01,2.510029169532819537e+01,2.511790283865509465e+01,2.514203394683623927e+01,2.517461350169561030e+01,2.521791957384037275e+01,2.527457198731036314e+01,2.534749526763044969e+01,2.543984511976151452e+01,2.555489251145614915e+01,2.569586195007339668e+01,2.586572429352614577e+01,2.606694931706869767e+01,2.630122895207187383e+01,2.656918809270327841e+01,2.687010541563107324e+01,2.720167093804296243e+01,2.755980919296044007e+01,2.793859618344005113e+01,2.833029419913254188e+01,2.872552103312969507e+01,2.911355948785856285e+01,2.948280016366615897e+01,2.982129667849113730e+01,3.011739926864384387e+01,3.036042186282875122e+01,3.054129075059418597e+01,3.065312103797137055e+01,3.069167076144478656e+01,3.065563167090145669e+01,3.054672942601049357e+01,3.036962279346566262e+01,3.013160948351933044e+01,2.984216347392428759e+01,2.951234312763622114e+01,2.915411960389428714e+01,2.877968005908662263e+01,2.840075967125583745e+01,2.802805098746441104e+01,2.767072941403260700e+01,2.733612114166350437e+01,2.702952588737682760e+01,2.675419299305748666e+01,2.651143692824927811e+01,2.630086811402781422e+01,2.612070790292850120e+01,2.596815286696004677e+01,2.583975328709631469e+01,2.573177363294428588e+01,2.564050834371056808e+01,2.556253363817790003e+01,2.549488451814313095e+01,2.543515465396786368e+01,2.538152455824134179e+01,2.533272961008022151e+01,2.528798356574059625e+01,2.524687495221318656e+01,2.520925327337105770e+01,2.517511962940380954e+01,2.514453273277288758e+01,2.511753707171689598e+01,2.509411578570967549e+01,2.507416722218384209e+01,2.505750150327598291e+01,2.504385189834763992e+01,2.503289532976751630e+01,2.502427674336425767e+01,2.501763307240121748e+01,2.501261381547009677e+01
2.500955044764991442e+01,2.501067059562576134e+01,2.501187428740963981e+01,2.501316079222148758e+01,2.501452824957099352e+01,2.501597357570570068e+01,2.501749238600068637e+01,2.501907893746648526e+01,2.502072609574990736e+01,2.502242533130681323e+01,2.502416674998691093e+01,2.502593916432771692e+01,2.502773021377053553e+01,2.502952654531428323e+01,2.503131407155550647e+01,2.503307833162645579e+01,2.503480499353284117e+01,2.503648055539660433e+01,2.503809332994902448e+01,2.503963483319035888e+01,2.504110174609777673e+01,2.504249867855825329e+01,2.504384203680614362e+01,2.504516537661073272e+01,2.504652670774847678e+01,2.504801828952331988e+01,2.504977950491556271e+01,2.505201339838140129e+01,2.505500737907959419e+01,2.505915839240701359e+01,2.506500251219983610e+01,2.507324837271245244e+01,2.508481312555511877e+01,2.510085867738024135e+01,2.512282487844199252e+01,2.515245517293965705e+01,2.519180912139655959e+01,2.524325534388115955e+01,2.530943802956294064e+01,2.539321044838584385e+01,2.549753010314235979e+01,2.562531243365906874e+01,2.577924338030160101e+01,2.596155553052684795e+01,2.617377772469874131e+01,2.641647340799112342e+01,2.668898803612087889e+01,2.698922971518622660e+01,2.731350920414278960e+01,2.765646475869428400e+01,2.801109360457870423e+01,2.836890499995686454e+01,2.872020021021326741e+01,2.905447305032009808e+01,2.936091212290931907e+01,2.962897393988444605e+01,2.984898629477475396e+01,3.001273495183589901e+01,3.011398498195335804e+01,3.014889141500917447e+01,3.011626216074662210e+01,3.001764858914793876e+01,2.985725441044317563e+01,2.964166983049007342e+01,2.937945352156704004e+01,2.908059801028049662e+01,2.875592327240928014e+01,2.841644779733558934e+01,2.807278590873178459e+01,2.773461506152965939e+01,2.741024802766909119e+01,2.710633351898937704e+01,2.682769621283158656e+01,2.657731466370886153e+01,2.635642436378407183e+01,2.616472416439133397e+01,2.600065799810358769e+01,2.586174064196928057e+01,2.574489613720633940e+01,2.564678016273549588e+01,2.556406265777165032e+01,2.549365363425867415e+01,2.543286262951964005e+01,2.537948979746574807e+01,2.533185344007154427e+01,2.528876418643282875e+01,2.524945958796851997e+01,2.521351442649730146e+01,2.518074161020456359e+01,2.515109648760643068e+01,2.512459424505549066e+01,2.510124635746053556e+01,2.508101840887349709e+01,2.506380846285026465e+01,2.504944285599754394e+01,2.503768494366804731e+01,2.502825190665798161e+01,2.502083506494192022e+01,2.501511999761675753e+01,2.501080387820878670e+01
2.500756853262727830e+01,2.500845923661204040e+01,2.500941669343033524e+01,2.501044034377960301e+01,2.501152872447538300e+01,2.501267939341397906e+01,2.501388886743809081e+01,2.501515257650038393e+01,2.501646483770761265e+01,2.501781885312579945e+01,2.501920673577176046e+01,2.502061956922455721e+01,2.502204750808908784e+01,2.502347992960885747e+01,2.502490565172436021e+01,2.502631324070835817e+01,2.502769144334532214e+01,2.502902979588888499e+01,2.503031948636844461e+01,2.503155457992962241e+01,2.503273376028069563e+01,2.503386279481729204e+01,2.503495799613648032e+01,2.503605102576659291e+01,2.503719546112623107e+01,2.503847561370651320e+01,2.504001812958263784e+01,2.504200690097264470e+01,2.504470174231282087e+01,2.504846110465373954e+01,2.505376878562234921e+01,2.506126411068370530e+01,2.507177439875875180e+01,2.508634768613445232e+01,2.510628270241944904e+01,2.513315204573401829e+01,2.516881351063388195e+01,2.521540374453865496e+01,2.527530804428850075e+01,2.535110036645060916e+01,2.544544871047649437e+01,2.556098308604149594e+01,2.570012634103702709e+01,2.586489211350406237e+01,2.605665882195349425e+01,2.627593349263049660e+01,2.652212375453757076e+01,2.679333982851860085e+01,2.708625009500214986e+01,2.739601323790906306e+01,2.771630662985161209e+01,2.803946445911497776e+01,2.835673039948809659e+01,2.865861909088191695e+01,2.893536939099682215e+01,2.917746158141948598e+01,2.937616184975625089e+01,2.952405168670693669e+01,2.961549827759177589e+01,2.964702499218590503e+01,2.961754856409493897e+01,2.952846079008271829e+01,2.938354635294958683e+01,2.918874311996381721e+01,2.895176531235618711e+01,2.868162171458382659e+01,2.838806935623105687e+01,2.808104709562313772e+01,2.777013305539996324e+01,2.746406523635634400e+01,2.717035664291309160e+01,2.689502597081305524e+01,2.664245355207216903e+01,2.641536102088782556e+01,2.621490310606185048e+01,2.604085188496174652e+01,2.589184828726887488e+01,2.576569286341352694e+01,2.565964781246467297e+01,2.557072473872024432e+01,2.549593711864965684e+01,2.543250240303670040e+01,2.537798535179668491e+01,2.533038087134451288e+01,2.528814061218841402e+01,2.525015232289163691e+01,2.521568406495646641e+01,2.518430671684793509e+01,2.515580781548783307e+01,2.513010799090749714e+01,2.510718848606885700e+01,2.508703503187204120e+01,2.506960016543918712e+01,2.505478334764633530e+01,2.504242622461429590e+01,2.503231920073184114e+01,2.502421511462786086e+01,2.501784608966513090e+01,2.501294035840311381e+01,2.500923681227627426e+01
