6.312056713153471321e+01,6.514420491616073150e+01,6.711360360253209478e+01,6.901067055485896162e+01,7.081731159767453221e+01,7.251571363097755807e+01,7.408863391088181061e+01,7.551968951148708697e+01,7.679364022607003903e+01,7.789665810786146949e+01,7.881657700163299296e+01,7.954311577828701729e+01,8.006806954878291549e+01,8.038546388618976835e+01,8.049166800302869262e+01,8.038546388618976835e+01,8.006806954878291549e+01,7.954311577828701729e+01,7.881657700163299296e+01,7.789665810786146949e+01,7.679364022607003903e+01,7.551968951148708697e+01,7.408863391088181061e+01,7.251571363097755807e+01,7.081731159767453221e+01,6.901067055485896162e+01,6.711360360253209478e+01,6.514420491616073150e+01,6.312056713153471321e+01,6.106051143817128946e+01,5.898133582179399781e+01,5.689958616005095848e+01,5.483085403652584944e+01,5.278960422959683285e+01,5.078903388893353110e+01,4.884096446686935877e+01,4.695576655602612703e+01,4.514231692677242336e+01,4.340798628265166315e+01,4.175865557835670927e+01,4.019875818748027285e+01,3.873134477509077556e+01,3.735816742682060010e+01,3.607977941026024382e+01,3.489564689016341248e+01,3.380426897655834750e+01,3.280330264148914665e+01,3.188968928063926711e+01,3.105978000391304761e+01,3.030945709691716772e+01,2.963424948603422848e+01,2.902944044702380211e+01,2.849016620575742920e+01,2.801150447648024766e+01,2.758855235665418704e+01,2.721649333897945411e+01,2.689065350393177312e+01,2.660654721567626524e+01,2.635991285824385955e+01,2.614673931702774112e+01,2.596328403428834264e+01,2.580608354913384517e+01,2.567195747612474932e+01,2.555800688675242682e+01,2.546160803954842677e+01,2.538040236268392391e+01,2.531228353277752774e+01,2.525538242018555479e+01,2.520805058886810102e+01,2.516884295209030142e+01,2.513650009725886036e+01,2.510993070704649455e+01,2.508819442196172389e+01,2.507048541344445169e+01,2.505611686763854351e+01,2.504450651896201308e+01,2.503516331979678355e+01,2.502767528804113084e+01,2.502169853761743212e+01,2.501694746780434286e+01,2.501318606481587636e+01,2.501022025263518600e+01,2.500789121893852851e+01,2.500606963521700621e+01,2.500465068714740013e+01,2.500354983115288121e+01,2.500269919526783369e+01,2.500204454629011863e+01,2.500154275025954576e+01,2.500115965911253468e+01,2.500086836257602485e+01,2.500064775069570899e+01,2.500048133862648925e+01,2.500035631128471536e+01,2.500026275105971152e+01,2.500019301693364326e+01,2.500014124802501669e+01,2.500010296873863069e+01,2.500007477638017761e+01,2.500005409529820710e+01
6.499966627761217808e+01,6.712305640904719439e+01,6.918953380301174150e+01,7.118011397296382370e+01,7.307581081678861779e+01,7.485793316305191070e+01,7.650838831132830364e+01,7.800998576268327156e+01,7.934673406607595325e+01,8.050412364576554580e+01,8.146938863320298196e+01,8.223174110565258843e+01,8.278257172573644596e+01,8.311561156564413011e+01,8.322705086339141189e+01,8.311561156564413011e+01,8.278257172573644596e+01,8.223174110565258843e+01,8.146938863320298196e+01,8.050412364576554580e+01,7.934673406607595325e+01,7.800998576268327156e+01,7.650838831132830364e+01,7.485793316305191070e+01,7.307581081678861779e+01,7.118011397296382370e+01,6.918953380301174150e+01,6.712305640904719439e+01,6.499966627761217808e+01,6.283806306841788114e+01,6.065639744679490519e+01,5.847203089590037450e+01,5.630132356425819040e+01,5.415945325092653206e+01,5.206026764030056597e+01,5.001617090639521024e+01,4.803804484544788522e+01,4.613520379559891182e+01,4.431538178874113498e+01,4.258474967286575463e+01,4.094795935841214884e+01,3.940821188864493507e+01,3.796734571576611472e+01,3.662594137990533483e+01,3.538343873116696159e+01,3.423826289534244438e+01,3.318795534824482019e+01,3.222930671600735764e+01,3.135848824168610349e+01,3.057117923401251858e+01,2.986268822415345170e+01,2.922806598365462349e+01,2.866220898555862107e+01,2.815995230703419594e+01,2.771615136393501189e+01,2.732575222608339516e+01,2.698385057973885637e+01,2.668573967602696939e+01,2.642694782867985381e+01,2.620326620090029834e+01,2.601076775088719373e+01,2.584581829136939390e+01,2.570508066432994099e+01,2.558551304270188709e+01,2.548436235141227968e+01,2.539915375618808469e+01,2.532767710543219053e+01,2.526797113341319445e+01,2.521830614678081517e+01,2.517716582530463043e+01,2.514322867543855011e+01,2.511534958491958491e+01,2.509254184057239812e+01,2.507395989166397499e+01,2.505888306882585326e+01,2.504670040452221258e+01,2.503689664564094741e+01,2.502903950200851924e+01,2.502276813617212525e+01,2.501778286912902516e+01,2.501383605312927472e+01,2.501072404545477212e+01,2.500828020535412222e+01,2.500636882925349269e+01,2.500487993615666227e+01,2.500372481503140421e+01,2.500283224826007711e+01,2.500214532929197020e+01,2.500161879793966690e+01,2.500121682285935520e+01,2.500091116727432805e+01,2.500067968064509927e+01,2.500050506552957685e+01,2.500037387514278819e+01,2.500027570299954505e+01,2.500020253142890070e+01,2.500014821064554127e+01,2.500010804443617118e+01,2.500007846237549813e+01,2.500005676184900594e+01
6.679614729943132545e+01,6.901490397834116663e+01,7.117419183213576162e+01,7.325417373541509392e+01,7.523501087464674697e+01,7.709717261302402846e+01,7.882175366351833645e+01,8.039079146062643133e+01,8.178757633885763312e+01,8.299694706259808186e+01,8.400556441750092063e+01,8.480215596932652034e+01,8.537772571469082550e+01,8.572572317318839907e+01,8.584216747727995767e+01,8.572572317318839907e+01,8.537772571469082550e+01,8.480215596932652034e+01,8.400556441750092063e+01,8.299694706259808186e+01,8.178757633885763312e+01,8.039079146062643133e+01,7.882175366351833645e+01,7.709717261302402846e+01,7.523501087464674697e+01,7.325417373541509392e+01,7.117419183213576162e+01,6.901490397834116663e+01,6.679614729943132545e+01,6.453746130171900575e+01,6.225781184048100414e+01,5.997534014475488107e+01,5.770714113660340416e+01,5.546907428647084259e+01,5.327560921149648721e+01,5.113970718692353046e+01,4.907273873657740637e+01,4.708443652788108125e+01,4.518288194666337176e+01,4.337452298851025034e+01,4.166422049232478741e+01,4.005531926790790465e+01,3.854974033676273137e+01,3.714809031246957716e+01,3.584978388745651756e+01,3.465317545613416428e+01,3.355569607609328386e+01,3.255399223278342191e+01,3.164406321059634308e+01,3.082139426564787854e+01,3.008108322397884393e+01,2.941795857540571291e+01,2.882668758132565046e+01,2.830187334982594649e+01,2.783814024113792840e+01,2.743020734094896440e+01,2.707295007101687290e+01,2.676145029107790307e+01,2.649103548070069536e+01,2.625730777412521277e+01,2.605616375667717222e+01,2.588380602101210570e+01,2.573674752933649401e+01,2.561180983882866258e+01,2.550611622720606064e+01,2.541708070944821785e+01,2.534239387074488192e+01,2.528000636021311465e+01,2.522811079982257709e+01,2.518512276776174375e+01,2.514966141903745367e+01,2.512053021164643241e+01,2.509669811675627216e+01,2.507728160792100525e+01,2.506152764878104477e+01,2.504879783178205699e+01,2.503855376255794241e+01,2.503034373574585203e+01,2.502379070781688952e+01,2.501858154046498228e+01,2.501445746348532850e+01,2.501120568807656142e+01,2.500865208925115724e+01,2.500665486866206422e+01,2.500509910580253603e+01,2.500389210541495899e+01,2.500295945132754838e+01,2.500224168117980383e+01,2.500169150204066071e+01,2.500127147329465060e+01,2.500095208998364882e+01,2.500071020673427569e+01,2.500052774923479504e+01,2.500039066677284794e+01,2.500028808548301384e+01,2.500021162760149807e+01,2.500015486714137580e+01,2.500011289697113170e+01,2.500008198630911238e+01,2.500005931115988744e+01
6.849096082553282372e+01,7.079968701296228062e+01,7.304653294322602619e+01,7.521085710509845512e+01,7.727201623076879855e+01,7.920968772556884119e+01,8.100419970223907740e+01,8.263686122194658878e+01,8.409028505035954026e+01,8.534869517110429626e+01,8.639821147115395661e+01,8.722710442452118684e+01,8.782601324424248901e+01,8.818812183110523506e+01,8.830928789531974132e+01,8.818812183110523506e+01,8.782601324424248901e+01,8.722710442452118684e+01,8.639821147115395661e+01,8.534869517110429626e+01,8.409028505035954026e+01,8.263686122194658878e+01,8.100419970223907740e+01,7.920968772556884119e+01,7.727201623076879855e+01,7.521085710509845512e+01,7.304653294322602619e+01,7.079968701296228062e+01,6.849096082553282372e+01,6.614068620476595584e+01,6.376859806218259052e+01,6.139357324486974932e+01,5.903339986569874043e+01,5.670458048895768144e+01,5.442217146775151093e+01,5.219965965075587633e+01,5.004887663102906004e+01,4.797994973094353810e+01,4.600128803260850674e+01,4.411960099470756802e+01,4.233994656080655261e+01,4.066580517112352311e+01,3.909917574365301363e+01,3.764068948986208341e+01,3.628973736824035967e+01,3.504460704468898768e+01,3.390262540742840969e+01,3.286030295851772109e+01,3.191347675526879613e+01,3.105744898311997915e+01,3.028711868733275381e+01,2.959710465549084901e+01,2.898185790902433467e+01,2.843576271466783467e+01,2.795322545306412110e+01,2.752875107138336475e+01,2.715700719221809578e+01,2.683287624709932828e+01,2.655149624715567214e+01,2.630829099530093629e+01,2.609899068538356559e+01,2.591964392703081543e+01,2.576662228475583660e+01,2.563661843142023145e+01,2.552663899504643652e+01,2.543399313017409824e+01,2.535627777634114111e+01,2.529136048247906743e+01,2.523736058225394530e+01,2.519262940631730530e+01,2.515573011708043438e+01,2.512541765334144728e+01,2.510061917854823577e+01,2.508041533968544101e+01,2.506402256513388949e+01,2.505077656022217525e+01,2.504011709895345206e+01,2.503157415953123532e+01,2.502475540949416910e+01,2.501933501292956663e+01,2.501504370662617305e+01,2.501166007329980445e+01,2.500900292727904528e+01,2.500692472036256220e+01,2.500530587207271793e+01,2.500404992840412177e+01,2.500307945564526335e+01,2.500233258026572969e+01,2.500176009162901281e+01,2.500132303092082253e+01,2.500099069677127517e+01,2.500073900527331006e+01,2.500054914921061311e+01,2.500040650812124099e+01,2.500029976720979619e+01,2.500022020899822195e+01,2.500016114692893865e+01,2.500011747488862213e+01,2.500008531081423158e+01,2.500006171619868667e+01
7.006554443065822113e+01,7.245785769766577289e+01,7.478605034223244274e+01,7.702873353036626725e+01,7.916451660789304867e+01,8.117234120370345352e+01,8.303182321285936496e+01,8.472359499393735405e+01,8.622963981043781700e+01,8.753361047772000347e+01,8.862112435538128352e+01,8.948002725173439842e+01,9.010061947395121251e+01,9.047583814698653271e+01,9.060139101008030593e+01,9.047583814698653271e+01,9.010061947395121251e+01,8.948002725173439842e+01,8.862112435538128352e+01,8.753361047772000347e+01,8.622963981043781700e+01,8.472359499393735405e+01,8.303182321285936496e+01,8.117234120370345352e+01,7.916451660789304867e+01,7.702873353036626725e+01,7.478605034223244274e+01,7.245785769766577289e+01,7.006554443065822113e+01,6.763017847561970086e+01,6.517220924353341616e+01,6.271119701485689291e+01,6.026557391837555855e+01,5.785243999120125835e+01,5.548739669940727026e+01,5.318441918096903009e+01,5.095576738996748389e+01,4.881193530693721527e+01,4.676163646352308945e+01,4.481182323333727169e+01,4.296773668202105512e+01,4.123298325860001512e+01,3.960963425158977458e+01,3.809834372537238067e+01,3.669848058818244851e+01,3.540827051112610491e+01,3.422494360281947934e+01,3.314488402858079752e+01,3.216377812701663430e+01,3.127675799990547745e+01,3.047853801322032297e+01,2.976354212856989534e+01,2.912602046746125239e+01,2.856015397986244153e+01,2.806014653028032768e+01,2.762030411833526955e+01,2.723510130870885249e+01,2.689923525214600275e+01,2.660766793220960835e+01,2.635565747129574987e+01,2.613877947557222825e+01,2.595293949518036314e+01,2.579437772767977677e+01,2.565966710465732348e+01,2.554570587955943495e+01,2.544970578527616922e+01,2.536917675890783386e+01,2.530190914432016669e+01,2.524595418594137186e+01,2.519960352460062225e+01,2.516136830222338361e+01,2.512995838035681473e+01,2.510426208056502162e+01,2.508332676479690804e+01,2.506634049234231298e+01,2.505261491784253636e+01,2.504156953240395111e+01,2.503271729716259131e+01,2.502565167532016588e+01,2.502003503412445085e+01,2.501558836173068912e+01,2.501208222447568019e+01,2.500932887688840367e+01,2.500717542880739686e+01,2.500549797036206456e+01,2.500419655544445519e+01,2.500319094686733834e+01,2.500241703097857737e+01,2.500182381547806187e+01,2.500137093105357167e+01,2.500102656479681329e+01,2.500076576084654789e+01,2.500056903107404693e+01,2.500042122568578407e+01,2.500031062023591488e+01,2.500022818163142446e+01,2.500016698122892933e+01,2.500012172804905219e+01,2.500008839947924955e+01,2.500006395062425213e+01
7.150215827731949503e+01,7.397073447221031017e+01,7.637314598693899370e+01,7.868732214741901032e+01,8.089119040135730643e+01,8.296302107215137767e+01,8.488178024384282594e+01,8.662748286713724610e+01,8.818153786224337409e+01,8.952707692373724058e+01,9.064925891680293546e+01,9.153554219454113650e+01,9.217591785421183204e+01,9.256309786817881502e+01,9.269265314562017011e+01,9.256309786817881502e+01,9.217591785421183204e+01,9.153554219454113650e+01,9.064925891680293546e+01,8.952707692373724058e+01,8.818153786224337409e+01,8.662748286713724610e+01,8.488178024384282594e+01,8.296302107215137767e+01,8.089119040135730643e+01,7.868732214741901032e+01,7.637314598693899370e+01,7.397073447221031017e+01,7.150215827731949503e+01,6.898915694703151757e+01,6.645283178519682110e+01,6.391336662115287481e+01,6.138978116898473303e+01,5.889972058625962603e+01,5.645928368757888904e+01,5.408289111483833267e+01,5.178319364885850717e+01,4.957101980064359736e+01,4.745536087458863506e+01,4.544339087429659685e+01,4.354051794177645718e+01,4.175046349358994036e+01,4.007536484745077843e+01,3.851589691821472883e+01,3.707140849597108456e+01,3.574006868920177027e+01,3.451901930703895971e+01,3.340452924806579915e+01,3.239214733861057738e+01,3.147685050003451579e+01,3.065318460117763522e+01,2.991539584891244274e+01,2.925755106827943663e+01,2.867364570770756771e+01,2.815769886064166627e+01,2.770383501153586536e+01,2.730635258347648886e+01,2.695977968128295643e+01,2.665891768501797543e+01,2.639887355398592916e+01,2.617508185211220351e+01,2.598331760535526769e+01,2.581970115508937980e+01,2.568069618371784557e+01,2.556310206621786563e+01,2.546404165020831201e+01,2.538094549376753761e+01,2.531153350063591745e+01,2.525379479218793222e+01,2.520596654963241434e+01,2.516651245260068848e+01,2.513410123519345163e+01,2.510758578053389201e+01,2.508598308207027472e+01,2.506845531578663966e+01,2.505429219303067612e+01,2.504289469926047573e+01,2.503376026963131196e+01,2.502646940763474248e+01,2.502067371735362755e+01,2.501608529251432955e+01,2.501246738549391679e+01,2.500962626581116055e+01,2.500740416942310773e+01,2.500567323642065531e+01,2.500433033458184084e+01,2.500329266889270130e+01,2.500249408186557787e+01,2.500188195565150551e+01,2.500141463403240749e+01,2.500105928995791515e+01,2.500079017201586140e+01,2.500058717082871951e+01,2.500043465365299156e+01,2.500032052228719692e+01,2.500023545567849226e+01,2.500017230430998083e+01,2.500012560853475208e+01,2.500009121750613872e+01,2.500006598926271550e+01
7.278421614528980399e+01,7.532085063361438415e+01,7.778949629098639207e+01,8.016747395798401499e+01,8.243210254519713942e+01,8.456105329194022602e+01,8.653271238019331690e+01,8.832654377570480619e+01,8.992344384526653300e+01,9.130607922668089316e+01,9.245919961716293756e+01,9.336991759839816041e+01,9.402794832362599209e+01,9.442580283532848284e+01,9.455892993328170348e+01,9.442580283532848284e+01,9.402794832362599209e+01,9.336991759839816041e+01,9.245919961716293756e+01,9.130607922668089316e+01,8.992344384526653300e+01,8.832654377570480619e+01,8.653271238019331690e+01,8.456105329194022602e+01,8.243210254519713942e+01,8.016747395798401499e+01,7.778949629098639207e+01,7.532085063361438415e+01,7.278421614528980399e+01,7.020193172692441408e+01,6.759568044230488226e+01,6.498620258606320021e+01,6.239304224308776270e+01,5.983433104542200454e+01,5.732661164968855161e+01,5.488470227282250136e+01,5.252160247586638775e+01,5.024843931032756927e+01,4.807445196958022393e+01,4.600701224348294716e+01,4.405167737574821274e+01,4.221227138186121408e+01,4.049099050508016262e+01,3.888852826756703962e+01,3.740421550564682462e+01,3.603617085038356294e+01,3.478145731099505156e+01,3.363624092013080258e+01,3.259594778589612929e+01,3.165541634409095550e+01,3.080904209393755622e+01,3.005091261105292233e+01,2.937493114369058489e+01,2.877492759564950120e+01,2.824475616763425734e+01,2.777837935697377958e+01,2.736993839509250392e+01,2.701381052744053335e+01,2.670465380887073792e+01,2.643744029825375108e+01,2.620747869109385420e+01,2.601042753141808106e+01,2.584230019896600083e+01,2.569946288036939563e+01,2.557862670983030995e+01,2.547683521228703540e+01,2.539144810667079000e+01,2.532012243479343994e+01,2.526079187839270546e+01,2.521164501801489521e+01,2.517110317715800250e+01,2.513779838711184311e+01,2.511055190515100577e+01,2.508835362337339348e+01,2.507034261907448425e+01,2.505578902104517880e+01,2.504407729999812560e+01,2.503469103544754404e+01,2.502719916542611855e+01,2.502124368879098171e+01,2.501652876173362117e+01,2.501281110953291886e+01,2.500989166058593227e+01,2.500760830131754631e+01,2.500582964673921893e+01,2.500444972128833498e+01,2.500338344730421980e+01,2.500256284334671619e+01,2.500193384090026427e+01,2.500145363529081521e+01,2.500108849443089909e+01,2.500081195694558289e+01,2.500060335904468189e+01,2.500044663699218006e+01,2.500032935904091858e+01,2.500024194715794934e+01,2.500017705471521623e+01,2.500012907154413355e+01,2.500009373235976540e+01,2.500006780857727406e+01
7.389660326100940324e+01,7.649228903759879472e+01,7.901840324513359803e+01,8.145173876733164775e+01,8.376908651299339681e+01,8.594759792163952739e+01,8.796515601888123115e+01,8.980074670424009753e+01,9.143482162369510036e+01,9.284964390505456322e+01,9.402960822787920847e+01,9.496152716269494931e+01,9.563487643784448267e+01,9.604199275749220988e+01,9.617821897227646843e+01,9.604199275749220988e+01,9.563487643784448267e+01,9.496152716269494931e+01,9.402960822787920847e+01,9.284964390505456322e+01,9.143482162369510036e+01,8.980074670424009753e+01,8.796515601888123115e+01,8.594759792163952739e+01,8.376908651299339681e+01,8.145173876733164775e+01,7.901840324513359803e+01,7.649228903759879472e+01,7.389660326100940324e+01,7.125420485212927701e+01,6.858728164311267506e+01,6.591705674987423436e+01,6.326352923155900498e+01,6.064525281343474461e+01,5.807915525497962506e+01,5.558039973209076123e+01,5.316228842758368955e+01,5.083620742387032010e+01,4.861161099705510225e+01,4.649604254772321354e+01,4.449518868879751210e+01,4.261296245648792791e+01,4.085161122124281974e+01,3.921184464999286234e+01,3.769297800134491183e+01,3.629308610925313872e+01,3.500916361159919887e+01,3.383728728863444246e+01,3.277277677107856135e+01,3.181035033669651924e+01,3.094427301538494746e+01,3.016849474516342866e+01,2.947677684566055234e+01,2.886280558463665002e+01,2.832029209237462197e+01,2.784305831686048549e+01,2.742510910099535337e+01,2.706069079596715810e+01,2.674433709943648907e+01,2.647090302290181896e+01,2.623558805118871717e+01,2.603394966190360194e+01,2.586190842872222362e+01,2.571574594533965907e+01,2.559209678318820380e+01,2.548793564228795105e+01,2.540056077745332175e+01,2.532757468787287536e+01,2.526686295266807747e+01,2.521657198365623032e+01,2.517508635371886783e+01,2.514100624867692702e+01,2.511312548540048084e+01,2.509041044129772402e+01,2.507198015191391605e+01,2.505708775508782793e+01,2.504510339238948191e+01,2.503549862138231319e+01,2.502783234524194711e+01,2.502173822877944787e+01,2.501691354112469412e+01,2.501310934427091581e+01,2.501012193235088787e+01,2.500778541788533715e+01,2.500596535732411496e+01,2.500455330805879939e+01,2.500346221187318108e+01,2.500262250476105663e+01,2.500197885952513488e+01,2.500148747502491275e+01,2.500111383391071129e+01,2.500083085880309497e+01,2.500061740487155859e+01,2.500045703442621914e+01,2.500033702631649746e+01,2.500024757953874044e+01,2.500018117643991999e+01,2.500013207625016776e+01,2.500009591439136258e+01,2.500006938711917925e+01
7.482597243838952750e+01,7.747099396008272265e+01,8.004512157808885320e+01,8.252470708252971576e+01,8.488610025107274737e+01,8.710601824464991694e+01,8.916192371541247041e+01,9.103240315155329654e+01,9.269753664690905737e+01,9.413925020766369300e+01,9.534164190578447062e+01,9.629127366063418947e+01,9.697742116756677433e+01,9.739227547582419220e+01,9.753109091842246414e+01,9.739227547582419220e+01,9.697742116756677433e+01,9.629127366063418947e+01,9.534164190578447062e+01,9.413925020766369300e+01,9.269753664690905737e+01,9.103240315155329654e+01,8.916192371541247041e+01,8.710601824464991694e+01,8.488610025107274737e+01,8.252470708252971576e+01,8.004512157808885320e+01,7.747099396008272265e+01,7.482597243838952750e+01,7.213335042558210830e+01,6.941573747405580264e+01,6.669476008377370135e+01,6.399079743249662044e+01,6.132275589290007645e+01,5.870788496742296303e+01,5.616163603579187225e+01,5.369756411308219413e+01,5.132727169498078013e+01,4.906039275336268446e+01,4.690461406490744167e+01,4.486573032699399732e+01,4.294772895022648385e+01,4.115290002042988249e+01,3.948196669304999773e+01,3.793423121193389136e+01,3.650773181974175685e+01,3.519940603196365458e+01,3.400525606090005226e+01,3.292051257831114697e+01,3.193979347319212181e+01,3.105725477186692629e+01,3.026673141988633375e+01,2.956186615937334494e+01,2.893622525408504842e+01,2.838340030285869631e+01,2.789709582852730563e+01,2.747120272509063454e+01,2.709985798514100708e+01,2.677749140928748872e+01,2.649886021913287948e+01,2.625907265695129666e+01,2.605360176210382406e+01,2.587829057132428900e+01,2.572935000321015764e+01,2.560335066308214635e+01,2.549720974961330100e+01,2.540817416602032353e+01,2.533380084261360210e+01,2.527193517008715773e+01,2.522068832943223171e+01,2.517841418938993669e+01,2.514368632975820006e+01,2.511527564169551496e+01,2.509212885672643623e+01,2.507334826605908162e+01,2.505817281205387559e+01,2.504596066467194149e+01,2.503617333746383977e+01,2.502836134975508031e+01,2.502215140348793909e+01,2.501723501383963111e+01,2.501335851128229493e+01,2.501031431814693917e+01,2.500793339396001613e+01,2.500607873982636065e+01,2.500463985198788208e+01,2.500352801752809384e+01,2.500267235024990242e+01,2.500201647136167082e+01,2.500151574720228709e+01,2.500113500435684344e+01,2.500084665079089774e+01,2.500062913977785684e+01,2.500046572119953936e+01,2.500034343211668997e+01,2.500025228523968579e+01,2.500018462002879005e+01,2.500013458660033194e+01,2.500009773741940577e+01,2.500007070594800496e+01
7.556101043206901124e+01,7.824505158985557784e+01,8.085715300962048957e+01,8.337331762060252061e+01,8.576954630989814632e+01,8.802221276754488599e+01,9.010844717236473400e+01,9.200652011816880815e+01,9.369621783823987471e+01,9.515919970930130489e+01,9.637932921640306461e+01,9.734297003892690725e+01,9.803923966615505492e+01,9.846021394886528810e+01,9.860107721149449844e+01,9.846021394886528810e+01,9.803923966615505492e+01,9.734297003892690725e+01,9.637932921640306461e+01,9.515919970930130489e+01,9.369621783823987471e+01,9.200652011816880815e+01,9.010844717236473400e+01,8.802221276754488599e+01,8.576954630989814632e+01,8.337331762060252061e+01,8.085715300962048957e+01,7.824505158985557784e+01,7.556101043206901124e+01,7.282866657570943403e+01,7.007096311167070724e+01,6.730984557632119447e+01,6.456599378319873495e+01,6.185859301377995934e+01,5.920514723698066462e+01,5.662133577290872211e+01,5.412091360164964726e+01,5.171565438012881089e+01,4.941533420158915391e+01,4.722775323884934551e+01,4.515879167327453558e+01,4.321249573817006251e+01,4.139118930294824850e+01,3.969560619112010613e+01,3.812503835316053369e+01,3.667749509167877164e+01,3.534986874407081814e+01,3.413810254685190415e+01,3.303735681414968184e+01,3.204217003749084114e+01,3.114661203228414621e+01,3.034442679654774722e+01,2.962916328946682043e+01,2.899429286364371805e+01,2.843331258050672261e+01,2.793983409134657947e+01,2.750765816798784869e+01,2.713083531132001269e+01,2.680371314978398800e+01,2.652097156296344593e+01,2.627764662940725771e+01,2.606914460627633900e+01,2.589124720634455201e+01,2.574010945128139483e+01,2.561225135561605271e+01,2.550454464021168377e+01,2.541419559431124853e+01,2.533872510780373943e+01,2.527594678635975356e+01,2.522394394691355402e+01,2.518104617430453729e+01,2.514580600562955937e+01,2.511697620010401977e+01,2.509348795132498111e+01,2.507443030740590117e+01,2.505903098350475489e+01,2.504663868123830994e+01,2.503670697034831605e+01,2.502877973937402345e+01,2.502247818332544327e+01,2.501748926657919370e+01,2.501355557744781066e+01,2.501046647605467044e+01,2.500805042822335267e+01,2.500616841403656565e+01,2.500470829957313157e+01,2.500358006321427951e+01,2.500271177304227521e+01,2.500204621855959886e+01,2.500153810766467188e+01,2.500115174806066776e+01,2.500085914067254578e+01,2.500063842091412880e+01,2.500047259156773194e+01,2.500034849846344898e+01,2.500025600697811612e+01,2.500018734356290295e+01,2.500013657203603756e+01,2.500009917925211056e+01,2.500007174900959939e+01
7.609266707764645332e+01,7.880493133276328876e+01,8.144449939266998229e+01,8.398712185378911954e+01,8.640854724892788852e+01,8.868490083391336043e+01,9.079307230795063788e+01,9.271110377686974857e+01,9.441856892314964966e+01,9.589693426909542495e+01,9.712989362187013853e+01,9.810366727288904087e+01,9.880725828019377843e+01,9.923265917093870314e+01,9.937500363200626907e+01,9.923265917093870314e+01,9.880725828019377843e+01,9.810366727288904087e+01,9.712989362187013853e+01,9.589693426909542495e+01,9.441856892314964966e+01,9.271110377686974857e+01,9.079307230795063788e+01,8.868490083391336043e+01,8.640854724892788852e+01,8.398712185378911954e+01,8.144449939266998229e+01,7.880493133276328876e+01,7.609266707764645332e+01,7.333159221380063286e+01,7.054489108217853754e+01,6.775473997977123020e+01,6.498203617147291311e+01,6.224616667488664490e+01,5.956481951579971224e+01,5.695383888473423895e+01,5.442712439746443209e+01,5.199657351269304684e+01,4.967206512075678404e+01,4.746148141446732893e+01,4.537076440618316298e+01,4.340400287596268925e+01,4.156354512905537035e+01,3.985013270523705131e+01,3.826305010973513276e+01,3.680028571267575899e+01,3.545869917391424053e+01,3.423419107248628279e+01,3.312187083249312991e+01,3.211621951687671128e+01,3.121124458426094606e+01,3.040062424986020062e+01,2.967783963919315227e+01,2.903629345515072302e+01,2.846941437978194500e+01,2.797074688992799807e+01,2.753402657159478650e+01,2.715324136579189229e+01,2.682267946542134140e+01,2.653696480819872860e+01,2.629108127629068292e+01,2.608038682295976329e+01,2.590061880505383840e+01,2.574789181371572866e+01,2.561868927090286263e+01,2.550985000315175810e+01,2.541855092341568678e+01,2.534228685336714548e+01,2.527884840841081981e+01,2.522629875126963839e+01,2.518294990211580497e+01,2.514733917775558325e+01,2.511820622247952528e+01,2.509447099122427360e+01,2.507521295330689526e+01,2.505965170319383972e+01,2.504712909400121745e+01,2.503709294967423915e+01,2.502908236267141362e+01,2.502271454481116919e+01,2.501767316885336712e+01,2.501369811638785734e+01,2.501057653262795810e+01,2.500813507968953431e+01,2.500623327583990374e+01,2.500475780805280834e+01,2.500361770811858975e+01,2.500274028774455104e+01,2.500206773485617262e+01,2.500155428109859912e+01,2.500116385886512305e+01,2.500086817466621270e+01,2.500064513400626609e+01,2.500047756093929863e+01,2.500035216297732177e+01,2.500025869893007879e+01,2.500018931350870588e+01,2.500013800811158049e+01,2.500010022213689709e+01,2.500007250346124721e+01
7.641434073245278569e+01,7.914368109664050621e+01,8.179986757859298052e+01,8.435849810322969233e+01,8.679516851886251061e+01,8.908585376862878036e+01,9.120729805189289152e+01,9.313740523006599403e+01,9.485562038384155414e+01,9.634329335084470358e+01,9.758401527629217753e+01,9.856391969611202342e+01,9.927194043284279701e+01,9.970001959949522075e+01,9.984326024519459963e+01,9.970001959949522075e+01,9.927194043284279701e+01,9.856391969611202342e+01,9.758401527629217753e+01,9.634329335084470358e+01,9.485562038384155414e+01,9.313740523006599403e+01,9.120729805189289152e+01,8.908585376862878036e+01,8.679516851886251061e+01,8.435849810322969233e+01,8.179986757859298052e+01,7.914368109664050621e+01,7.641434073245278569e+01,7.363588245346247163e+01,7.083163656661162122e+01,6.802391898834957829e+01,6.523375855038744930e+01,6.248066432879902976e+01,5.978243571118191113e+01,5.715501664129023141e+01,5.461239424530748465e+01,5.216654088699109337e+01,4.982739765305444735e+01,4.760289636170378458e+01,4.549901643553556596e+01,4.351987239710511801e+01,4.166782733632623348e+01,3.994362746162532574e+01,3.834655277355562930e+01,3.687457897724905109e+01,3.552454596133442521e+01,3.429232849535661387e+01,3.317300521290398052e+01,3.216102243031473762e+01,3.125034987784991714e+01,3.043462596948168652e+01,2.970729078863207562e+01,2.906170550235538030e+01,2.849125742042583909e+01,2.798945037644075740e+01,2.754998051636385270e+01,2.716679792996110621e+01,2.683415484924288563e+01,2.654664136484452897e+01,2.629920977802196091e+01,2.608718881623637031e+01,2.590628899921631501e+01,2.575260045600977676e+01,2.562258446859646099e+01,2.551305996112219887e+01,2.542118607270341002e+01,2.534444185269312655e+01,2.528060400646042183e+01,2.522772350261973884e+01,2.518410173401314367e+01,2.514826680855889762e+01,2.511895043549052531e+01,2.509506576990306570e+01,2.507568648555648849e+01,2.506002726357225185e+01,2.504742581344810048e+01,2.503732648269124184e+01,2.502926546193841162e+01,2.502285755301693726e+01,2.501778443712614219e+01,2.501378435817977319e+01,2.501064312128148259e+01,2.500818629723141484e+01,2.500627251983978638e+01,2.500478776267433645e+01,2.500364048479984547e+01,2.500275754028634267e+01,2.500208075308102451e+01,2.500156406667665010e+01,2.500117118638894098e+01,2.500087364059574568e+01,2.500064919569702582e+01,2.500048056760897452e+01,2.500035438015560629e+01,2.500026032766929163e+01,2.500019050540515053e+01,2.500013887699504522e+01,2.500010085312413821e+01,2.500007295993484391e+01
7.652201470514563653e+01,7.925707096329713863e+01,8.191882013742167601e+01,8.448280904863528917e+01,8.692458243709741339e+01,8.922006493170853503e+01,9.134595202860347740e+01,9.328010131457445198e+01,9.500191482337920945e+01,9.649270333472550476e+01,9.773602362974880009e+01,9.871798020467242907e+01,9.942748370680263292e+01,9.985645937400030903e+01,1.000000000000000000e+02,9.985645937400030903e+01,9.942748370680263292e+01,9.871798020467242907e+01,9.773602362974880009e+01,9.649270333472550476e+01,9.500191482337920945e+01,9.328010131457445198e+01,9.134595202860347740e+01,8.922006493170853503e+01,8.692458243709741339e+01,8.448280904863528917e+01,8.191882013742167601e+01,7.925707096329713863e+01,7.652201470514563653e+01,7.373773766748610115e+01,7.092761901652423262e+01,6.811402140359591328e+01,6.531801769983428585e+01,6.255915783800203656e+01,5.985527848188757361e+01,5.722235696569096319e+01,5.467440970799583511e+01,5.222343414556362262e+01,4.987939218412974896e+01,4.765023225303212939e+01,4.554194629721357046e+01,4.355865745602744710e+01,4.170273376826513356e+01,3.997492300509263430e+01,3.837450365921148432e+01,3.689944719639414927e+01,3.554658688723762339e+01,3.431178886206380696e+01,3.319012144793831709e+01,3.217601933045251883e+01,3.126343961103487601e+01,3.044600738096917070e+01,2.971714898563726592e+01,2.907021168878345918e+01,2.849856895162113091e+01,2.799571100321557893e+01,2.755532078774679405e+01,2.717133572501629502e+01,2.683799600982840516e+01,2.654988040316947107e+01,2.630193063520243513e+01,2.608946565062233347e+01,2.590818698595626302e+01,2.575417658204377247e+01,2.562388830993947408e+01,2.551413443185267127e+01,2.542206813745508853e+01,2.534516319662387929e+01,2.528119165861541617e+01,2.522820041030450611e+01,2.518448728724203534e+01,2.514857731485088976e+01,2.511919954625923879e+01,2.509526486044797267e+01,2.507584499122753030e+01,2.506015297507310180e+01,2.504752513448712392e+01,2.503740465330708176e+01,2.502932675084155889e+01,2.502290542222043612e+01,2.501782168200704604e+01,2.501381322593505274e+01,2.501066541053257097e+01,2.500820344130312733e+01,2.500628565600219488e+01,2.500479778939878983e+01,2.500364810884899924e+01,2.500276331523771134e+01,2.500208511067750905e+01,2.500156734220776045e+01,2.500117363913440727e+01,2.500087547020888934e+01,2.500065055526866686e+01,2.500048157403291782e+01,2.500035512231272961e+01,2.500026087285792897e+01,2.500019090436920166e+01,2.500013916783681367e+01,2.500010106433479251e+01,2.500007311273046184e+01
7.641434073245278569e+01,7.914368109664050621e+01,8.179986757859298052e+01,8.435849810322969233e+01,8.679516851886251061e+01,8.908585376862878036e+01,9.120729805189289152e+01,9.313740523006599403e+01,9.485562038384155414e+01,9.634329335084470358e+01,9.758401527629217753e+01,9.856391969611202342e+01,9.927194043284279701e+01,9.970001959949522075e+01,9.984326024519459963e+01,9.970001959949522075e+01,9.927194043284279701e+01,9.856391969611202342e+01,9.758401527629217753e+01,9.634329335084470358e+01,9.485562038384155414e+01,9.313740523006599403e+01,9.120729805189289152e+01,8.908585376862878036e+01,8.679516851886251061e+01,8.435849810322969233e+01,8.179986757859298052e+01,7.914368109664050621e+01,7.641434073245278569e+01,7.363588245346247163e+01,7.083163656661162122e+01,6.802391898834957829e+01,6.523375855038744930e+01,6.248066432879902976e+01,5.978243571118191113e+01,5.715501664129023141e+01,5.461239424530748465e+01,5.216654088699109337e+01,4.982739765305444735e+01,4.760289636170378458e+01,4.549901643553556596e+01,4.351987239710511801e+01,4.166782733632623348e+01,3.994362746162532574e+01,3.834655277355562930e+01,3.687457897724905109e+01,3.552454596133442521e+01,3.429232849535661387e+01,3.317300521290398052e+01,3.216102243031473762e+01,3.125034987784991714e+01,3.043462596948168652e+01,2.970729078863207562e+01,2.906170550235538030e+01,2.849125742042583909e+01,2.798945037644075740e+01,2.754998051636385270e+01,2.716679792996110621e+01,2.683415484924288563e+01,2.654664136484452897e+01,2.629920977802196091e+01,2.608718881623637031e+01,2.590628899921631501e+01,2.575260045600977676e+01,2.562258446859646099e+01,2.551305996112219887e+01,2.542118607270341002e+01,2.534444185269312655e+01,2.528060400646042183e+01,2.522772350261973884e+01,2.518410173401314367e+01,2.514826680855889762e+01,2.511895043549052531e+01,2.509506576990306570e+01,2.507568648555648849e+01,2.506002726357225185e+01,2.504742581344810048e+01,2.503732648269124184e+01,2.502926546193841162e+01,2.502285755301693726e+01,2.501778443712614219e+01,2.501378435817977319e+01,2.501064312128148259e+01,2.500818629723141484e+01,2.500627251983978638e+01,2.500478776267433645e+01,2.500364048479984547e+01,2.500275754028634267e+01,2.500208075308102451e+01,2.500156406667665010e+01,2.500117118638894098e+01,2.500087364059574568e+01,2.500064919569702582e+01,2.500048056760897452e+01,2.500035438015560629e+01,2.500026032766929163e+01,2.500019050540515053e+01,2.500013887699504522e+01,2.500010085312413821e+01,2.500007295993484391e+01
7.609266707764645332e+01,7.880493133276328876e+01,8.144449939266998229e+01,8.398712185378911954e+01,8.640854724892788852e+01,8.868490083391336043e+01,9.079307230795063788e+01,9.271110377686974857e+01,9.441856892314964966e+01,9.589693426909542495e+01,9.712989362187013853e+01,9.810366727288904087e+01,9.880725828019377843e+01,9.923265917093870314e+01,9.937500363200626907e+01,9.923265917093870314e+01,9.880725828019377843e+01,9.810366727288904087e+01,9.712989362187013853e+01,9.589693426909542495e+01,9.441856892314964966e+01,9.271110377686974857e+01,9.079307230795063788e+01,8.868490083391336043e+01,8.640854724892788852e+01,8.398712185378911954e+01,8.144449939266998229e+01,7.880493133276328876e+01,7.609266707764645332e+01,7.333159221380063286e+01,7.054489108217853754e+01,6.775473997977123020e+01,6.498203617147291311e+01,6.224616667488664490e+01,5.956481951579971224e+01,5.695383888473423895e+01,5.442712439746443209e+01,5.199657351269304684e+01,4.967206512075678404e+01,4.746148141446732893e+01,4.537076440618316298e+01,4.340400287596268925e+01,4.156354512905537035e+01,3.985013270523705131e+01,3.826305010973513276e+01,3.680028571267575899e+01,3.545869917391424053e+01,3.423419107248628279e+01,3.312187083249312991e+01,3.211621951687671128e+01,3.121124458426094606e+01,3.040062424986020062e+01,2.967783963919315227e+01,2.903629345515072302e+01,2.846941437978194500e+01,2.797074688992799807e+01,2.753402657159478650e+01,2.715324136579189229e+01,2.682267946542134140e+01,2.653696480819872860e+01,2.629108127629068292e+01,2.608038682295976329e+01,2.590061880505383840e+01,2.574789181371572866e+01,2.561868927090286263e+01,2.550985000315175810e+01,2.541855092341568678e+01,2.534228685336714548e+01,2.527884840841081981e+01,2.522629875126963839e+01,2.518294990211580497e+01,2.514733917775558325e+01,2.511820622247952528e+01,2.509447099122427360e+01,2.507521295330689526e+01,2.505965170319383972e+01,2.504712909400121745e+01,2.503709294967423915e+01,2.502908236267141362e+01,2.502271454481116919e+01,2.501767316885336712e+01,2.501369811638785734e+01,2.501057653262795810e+01,2.500813507968953431e+01,2.500623327583990374e+01,2.500475780805280834e+01,2.500361770811858975e+01,2.500274028774455104e+01,2.500206773485617262e+01,2.500155428109859912e+01,2.500116385886512305e+01,2.500086817466621270e+01,2.500064513400626609e+01,2.500047756093929863e+01,2.500035216297732177e+01,2.500025869893007879e+01,2.500018931350870588e+01,2.500013800811158049e+01,2.500010022213689709e+01,2.500007250346124721e+01
7.556101043206901124e+01,7.824505158985557784e+01,8.085715300962048957e+01,8.337331762060252061e+01,8.576954630989814632e+01,8.802221276754488599e+01,9.010844717236473400e+01,9.200652011816880815e+01,9.369621783823987471e+01,9.515919970930130489e+01,9.637932921640306461e+01,9.734297003892690725e+01,9.803923966615505492e+01,9.846021394886528810e+01,9.860107721149449844e+01,9.846021394886528810e+01,9.803923966615505492e+01,9.734297003892690725e+01,9.637932921640306461e+01,9.515919970930130489e+01,9.369621783823987471e+01,9.200652011816880815e+01,9.010844717236473400e+01,8.802221276754488599e+01,8.576954630989814632e+01,8.337331762060252061e+01,8.085715300962048957e+01,7.824505158985557784e+01,7.556101043206901124e+01,7.282866657570943403e+01,7.007096311167070724e+01,6.730984557632119447e+01,6.456599378319873495e+01,6.185859301377995934e+01,5.920514723698066462e+01,5.662133577290872211e+01,5.412091360164964726e+01,5.171565438012881089e+01,4.941533420158915391e+01,4.722775323884934551e+01,4.515879167327453558e+01,4.321249573817006251e+01,4.139118930294824850e+01,3.969560619112010613e+01,3.812503835316053369e+01,3.667749509167877164e+01,3.534986874407081814e+01,3.413810254685190415e+01,3.303735681414968184e+01,3.204217003749084114e+01,3.114661203228414621e+01,3.034442679654774722e+01,2.962916328946682043e+01,2.899429286364371805e+01,2.843331258050672261e+01,2.793983409134657947e+01,2.750765816798784869e+01,2.713083531132001269e+01,2.680371314978398800e+01,2.652097156296344593e+01,2.627764662940725771e+01,2.606914460627633900e+01,2.589124720634455201e+01,2.574010945128139483e+01,2.561225135561605271e+01,2.550454464021168377e+01,2.541419559431124853e+01,2.533872510780373943e+01,2.527594678635975356e+01,2.522394394691355402e+01,2.518104617430453729e+01,2.514580600562955937e+01,2.511697620010401977e+01,2.509348795132498111e+01,2.507443030740590117e+01,2.505903098350475489e+01,2.504663868123830994e+01,2.503670697034831605e+01,2.502877973937402345e+01,2.502247818332544327e+01,2.501748926657919370e+01,2.501355557744781066e+01,2.501046647605467044e+01,2.500805042822335267e+01,2.500616841403656565e+01,2.500470829957313157e+01,2.500358006321427951e+01,2.500271177304227521e+01,2.500204621855959886e+01,2.500153810766467188e+01,2.500115174806066776e+01,2.500085914067254578e+01,2.500063842091412880e+01,2.500047259156773194e+01,2.500034849846344898e+01,2.500025600697811612e+01,2.500018734356290295e+01,2.500013657203603756e+01,2.500009917925211056e+01,2.500007174900959939e+01
7.482597243838952750e+01,7.747099396008272265e+01,8.004512157808885320e+01,8.252470708252971576e+01,8.488610025107274737e+01,8.710601824464991694e+01,8.916192371541247041e+01,9.103240315155329654e+01,9.269753664690905737e+01,9.413925020766369300e+01,9.534164190578447062e+01,9.629127366063418947e+01,9.697742116756677433e+01,9.739227547582419220e+01,9.753109091842246414e+01,9.739227547582419220e+01,9.697742116756677433e+01,9.629127366063418947e+01,9.534164190578447062e+01,9.413925020766369300e+01,9.269753664690905737e+01,9.103240315155329654e+01,8.916192371541247041e+01,8.710601824464991694e+01,8.488610025107274737e+01,8.252470708252971576e+01,8.004512157808885320e+01,7.747099396008272265e+01,7.482597243838952750e+01,7.213335042558210830e+01,6.941573747405580264e+01,6.669476008377370135e+01,6.399079743249662044e+01,6.132275589290007645e+01,5.870788496742296303e+01,5.616163603579187225e+01,5.369756411308219413e+01,5.132727169498078013e+01,4.906039275336268446e+01,4.690461406490744167e+01,4.486573032699399732e+01,4.294772895022648385e+01,4.115290002042988249e+01,3.948196669304999773e+01,3.793423121193389136e+01,3.650773181974175685e+01,3.519940603196365458e+01,3.400525606090005226e+01,3.292051257831114697e+01,3.193979347319212181e+01,3.105725477186692629e+01,3.026673141988633375e+01,2.956186615937334494e+01,2.893622525408504842e+01,2.838340030285869631e+01,2.789709582852730563e+01,2.747120272509063454e+01,2.709985798514100708e+01,2.677749140928748872e+01,2.649886021913287948e+01,2.625907265695129666e+01,2.605360176210382406e+01,2.587829057132428900e+01,2.572935000321015764e+01,2.560335066308214635e+01,2.549720974961330100e+01,2.540817416602032353e+01,2.533380084261360210e+01,2.527193517008715773e+01,2.522068832943223171e+01,2.517841418938993669e+01,2.514368632975820006e+01,2.511527564169551496e+01,2.509212885672643623e+01,2.507334826605908162e+01,2.505817281205387559e+01,2.504596066467194149e+01,2.503617333746383977e+01,2.502836134975508031e+01,2.502215140348793909e+01,2.501723501383963111e+01,2.501335851128229493e+01,2.501031431814693917e+01,2.500793339396001613e+01,2.500607873982636065e+01,2.500463985198788208e+01,2.500352801752809384e+01,2.500267235024990242e+01,2.500201647136167082e+01,2.500151574720228709e+01,2.500113500435684344e+01,2.500084665079089774e+01,2.500062913977785684e+01,2.500046572119953936e+01,2.500034343211668997e+01,2.500025228523968579e+01,2.500018462002879005e+01,2.500013458660033194e+01,2.500009773741940577e+01,2.500007070594800496e+01
7.389660326100940324e+01,7.649228903759879472e+01,7.901840324513359803e+01,8.145173876733164775e+01,8.376908651299339681e+01,8.594759792163952739e+01,8.796515601888123115e+01,8.980074670424009753e+01,9.143482162369510036e+01,9.284964390505456322e+01,9.402960822787920847e+01,9.496152716269494931e+01,9.563487643784448267e+01,9.604199275749220988e+01,9.617821897227646843e+01,9.604199275749220988e+01,9.563487643784448267e+01,9.496152716269494931e+01,9.402960822787920847e+01,9.284964390505456322e+01,9.143482162369510036e+01,8.980074670424009753e+01,8.796515601888123115e+01,8.594759792163952739e+01,8.376908651299339681e+01,8.145173876733164775e+01,7.901840324513359803e+01,7.649228903759879472e+01,7.389660326100940324e+01,7.125420485212927701e+01,6.858728164311267506e+01,6.591705674987423436e+01,6.326352923155900498e+01,6.064525281343474461e+01,5.807915525497962506e+01,5.558039973209076123e+01,5.316228842758368955e+01,5.083620742387032010e+01,4.861161099705510225e+01,4.649604254772321354e+01,4.449518868879751210e+01,4.261296245648792791e+01,4.085161122124281974e+01,3.921184464999286234e+01,3.769297800134491183e+01,3.629308610925313872e+01,3.500916361159919887e+01,3.383728728863444246e+01,3.277277677107856135e+01,3.181035033669651924e+01,3.094427301538494746e+01,3.016849474516342866e+01,2.947677684566055234e+01,2.886280558463665002e+01,2.832029209237462197e+01,2.784305831686048549e+01,2.742510910099535337e+01,2.706069079596715810e+01,2.674433709943648907e+01,2.647090302290181896e+01,2.623558805118871717e+01,2.603394966190360194e+01,2.586190842872222362e+01,2.571574594533965907e+01,2.559209678318820380e+01,2.548793564228795105e+01,2.540056077745332175e+01,2.532757468787287536e+01,2.526686295266807747e+01,2.521657198365623032e+01,2.517508635371886783e+01,2.514100624867692702e+01,2.511312548540048084e+01,2.509041044129772402e+01,2.507198015191391605e+01,2.505708775508782793e+01,2.504510339238948191e+01,2.503549862138231319e+01,2.502783234524194711e+01,2.502173822877944787e+01,2.501691354112469412e+01,2.501310934427091581e+01,2.501012193235088787e+01,2.500778541788533715e+01,2.500596535732411496e+01,2.500455330805879939e+01,2.500346221187318108e+01,2.500262250476105663e+01,2.500197885952513488e+01,2.500148747502491275e+01,2.500111383391071129e+01,2.500083085880309497e+01,2.500061740487155859e+01,2.500045703442621914e+01,2.500033702631649746e+01,2.500024757953874044e+01,2.500018117643991999e+01,2.500013207625016776e+01,2.500009591439136258e+01,2.500006938711917925e+01
7.278421614528980399e+01,7.532085063361438415e+01,7.778949629098639207e+01,8.016747395798401499e+01,8.243210254519713942e+01,8.456105329194022602e+01,8.653271238019331690e+01,8.832654377570480619e+01,8.992344384526653300e+01,9.130607922668089316e+01,9.245919961716293756e+01,9.336991759839816041e+01,9.402794832362599209e+01,9.442580283532848284e+01,9.455892993328170348e+01,9.442580283532848284e+01,9.402794832362599209e+01,9.336991759839816041e+01,9.245919961716293756e+01,9.130607922668089316e+01,8.992344384526653300e+01,8.832654377570480619e+01,8.653271238019331690e+01,8.456105329194022602e+01,8.243210254519713942e+01,8.016747395798401499e+01,7.778949629098639207e+01,7.532085063361438415e+01,7.278421614528980399e+01,7.020193172692441408e+01,6.759568044230488226e+01,6.498620258606320021e+01,6.239304224308776270e+01,5.983433104542200454e+01,5.732661164968855161e+01,5.488470227282250136e+01,5.252160247586638775e+01,5.024843931032756927e+01,4.807445196958022393e+01,4.600701224348294716e+01,4.405167737574821274e+01,4.221227138186121408e+01,4.049099050508016262e+01,3.888852826756703962e+01,3.740421550564682462e+01,3.603617085038356294e+01,3.478145731099505156e+01,3.363624092013080258e+01,3.259594778589612929e+01,3.165541634409095550e+01,3.080904209393755622e+01,3.005091261105292233e+01,2.937493114369058489e+01,2.877492759564950120e+01,2.824475616763425734e+01,2.777837935697377958e+01,2.736993839509250392e+01,2.701381052744053335e+01,2.670465380887073792e+01,2.643744029825375108e+01,2.620747869109385420e+01,2.601042753141808106e+01,2.584230019896600083e+01,2.569946288036939563e+01,2.557862670983030995e+01,2.547683521228703540e+01,2.539144810667079000e+01,2.532012243479343994e+01,2.526079187839270546e+01,2.521164501801489521e+01,2.517110317715800250e+01,2.513779838711184311e+01,2.511055190515100577e+01,2.508835362337339348e+01,2.507034261907448425e+01,2.505578902104517880e+01,2.504407729999812560e+01,2.503469103544754404e+01,2.502719916542611855e+01,2.502124368879098171e+01,2.501652876173362117e+01,2.501281110953291886e+01,2.500989166058593227e+01,2.500760830131754631e+01,2.500582964673921893e+01,2.500444972128833498e+01,2.500338344730421980e+01,2.500256284334671619e+01,2.500193384090026427e+01,2.500145363529081521e+01,2.500108849443089909e+01,2.500081195694558289e+01,2.500060335904468189e+01,2.500044663699218006e+01,2.500032935904091858e+01,2.500024194715794934e+01,2.500017705471521623e+01,2.500012907154413355e+01,2.500009373235976540e+01,2.500006780857727406e+01
7.150215827731949503e+01,7.397073447221031017e+01,7.637314598693899370e+01,7.868732214741901032e+01,8.089119040135730643e+01,8.296302107215137767e+01,8.488178024384282594e+01,8.662748286713724610e+01,8.818153786224337409e+01,8.952707692373724058e+01,9.064925891680293546e+01,9.153554219454113650e+01,9.217591785421183204e+01,9.256309786817881502e+01,9.269265314562017011e+01,9.256309786817881502e+01,9.217591785421183204e+01,9.153554219454113650e+01,9.064925891680293546e+01,8.952707692373724058e+01,8.818153786224337409e+01,8.662748286713724610e+01,8.488178024384282594e+01,8.296302107215137767e+01,8.089119040135730643e+01,7.868732214741901032e+01,7.637314598693899370e+01,7.397073447221031017e+01,7.150215827731949503e+01,6.898915694703151757e+01,6.645283178519682110e+01,6.391336662115287481e+01,6.138978116898473303e+01,5.889972058625962603e+01,5.645928368757888904e+01,5.408289111483833267e+01,5.178319364885850717e+01,4.957101980064359736e+01,4.745536087458863506e+01,4.544339087429659685e+01,4.354051794177645718e+01,4.175046349358994036e+01,4.007536484745077843e+01,3.851589691821472883e+01,3.707140849597108456e+01,3.574006868920177027e+01,3.451901930703895971e+01,3.340452924806579915e+01,3.239214733861057738e+01,3.147685050003451579e+01,3.065318460117763522e+01,2.991539584891244274e+01,2.925755106827943663e+01,2.867364570770756771e+01,2.815769886064166627e+01,2.770383501153586536e+01,2.730635258347648886e+01,2.695977968128295643e+01,2.665891768501797543e+01,2.639887355398592916e+01,2.617508185211220351e+01,2.598331760535526769e+01,2.581970115508937980e+01,2.568069618371784557e+01,2.556310206621786563e+01,2.546404165020831201e+01,2.538094549376753761e+01,2.531153350063591745e+01,2.525379479218793222e+01,2.520596654963241434e+01,2.516651245260068848e+01,2.513410123519345163e+01,2.510758578053389201e+01,2.508598308207027472e+01,2.506845531578663966e+01,2.505429219303067612e+01,2.504289469926047573e+01,2.503376026963131196e+01,2.502646940763474248e+01,2.502067371735362755e+01,2.501608529251432955e+01,2.501246738549391679e+01,2.500962626581116055e+01,2.500740416942310773e+01,2.500567323642065531e+01,2.500433033458184084e+01,2.500329266889270130e+01,2.500249408186557787e+01,2.500188195565150551e+01,2.500141463403240749e+01,2.500105928995791515e+01,2.500079017201586140e+01,2.500058717082871951e+01,2.500043465365299156e+01,2.500032052228719692e+01,2.500023545567849226e+01,2.500017230430998083e+01,2.500012560853475208e+01,2.500009121750613872e+01,2.500006598926271550e+01
7.006554443065822113e+01,7.245785769766577289e+01,7.478605034223244274e+01,7.702873353036626725e+01,7.916451660789304867e+01,8.117234120370345352e+01,8.303182321285936496e+01,8.472359499393735405e+01,8.622963981043781700e+01,8.753361047772000347e+01,8.862112435538128352e+01,8.948002725173439842e+01,9.010061947395121251e+01,9.047583814698653271e+01,9.060139101008030593e+01,9.047583814698653271e+01,9.010061947395121251e+01,8.948002725173439842e+01,8.862112435538128352e+01,8.753361047772000347e+01,8.622963981043781700e+01,8.472359499393735405e+01,8.303182321285936496e+01,8.117234120370345352e+01,7.916451660789304867e+01,7.702873353036626725e+01,7.478605034223244274e+01,7.245785769766577289e+01,7.006554443065822113e+01,6.763017847561970086e+01,6.517220924353341616e+01,6.271119701485689291e+01,6.026557391837555855e+01,5.785243999120125835e+01,5.548739669940727026e+01,5.318441918096903009e+01,5.095576738996748389e+01,4.881193530693721527e+01,4.676163646352308945e+01,4.481182323333727169e+01,4.296773668202105512e+01,4.123298325860001512e+01,3.960963425158977458e+01,3.809834372537238067e+01,3.669848058818244851e+01,3.540827051112610491e+01,3.422494360281947934e+01,3.314488402858079752e+01,3.216377812701663430e+01,3.127675799990547745e+01,3.047853801322032297e+01,2.976354212856989534e+01,2.912602046746125239e+01,2.856015397986244153e+01,2.806014653028032768e+01,2.762030411833526955e+01,2.723510130870885249e+01,2.689923525214600275e+01,2.660766793220960835e+01,2.635565747129574987e+01,2.613877947557222825e+01,2.595293949518036314e+01,2.579437772767977677e+01,2.565966710465732348e+01,2.554570587955943495e+01,2.544970578527616922e+01,2.536917675890783386e+01,2.530190914432016669e+01,2.524595418594137186e+01,2.519960352460062225e+01,2.516136830222338361e+01,2.512995838035681473e+01,2.510426208056502162e+01,2.508332676479690804e+01,2.506634049234231298e+01,2.505261491784253636e+01,2.504156953240395111e+01,2.503271729716259131e+01,2.502565167532016588e+01,2.502003503412445085e+01,2.501558836173068912e+01,2.501208222447568019e+01,2.500932887688840367e+01,2.500717542880739686e+01,2.500549797036206456e+01,2.500419655544445519e+01,2.500319094686733834e+01,2.500241703097857737e+01,2.500182381547806187e+01,2.500137093105357167e+01,2.500102656479681329e+01,2.500076576084654789e+01,2.500056903107404693e+01,2.500042122568578407e+01,2.500031062023591488e+01,2.500022818163142446e+01,2.500016698122892933e+01,2.500012172804905219e+01,2.500008839947924955e+01,2.500006395062425213e+01
6.849096082553282372e+01,7.079968701296228062e+01,7.304653294322602619e+01,7.521085710509845512e+01,7.727201623076879855e+01,7.920968772556884119e+01,8.100419970223907740e+01,8.263686122194658878e+01,8.409028505035954026e+01,8.534869517110429626e+01,8.639821147115395661e+01,8.722710442452118684e+01,8.782601324424248901e+01,8.818812183110523506e+01,8.830928789531974132e+01,8.818812183110523506e+01,8.782601324424248901e+01,8.722710442452118684e+01,8.639821147115395661e+01,8.534869517110429626e+01,8.409028505035954026e+01,8.263686122194658878e+01,8.100419970223907740e+01,7.920968772556884119e+01,7.727201623076879855e+01,7.521085710509845512e+01,7.304653294322602619e+01,7.079968701296228062e+01,6.849096082553282372e+01,6.614068620476595584e+01,6.376859806218259052e+01,6.139357324486974932e+01,5.903339986569874043e+01,5.670458048895768144e+01,5.442217146775151093e+01,5.219965965075587633e+01,5.004887663102906004e+01,4.797994973094353810e+01,4.600128803260850674e+01,4.411960099470756802e+01,4.233994656080655261e+01,4.066580517112352311e+01,3.909917574365301363e+01,3.764068948986208341e+01,3.628973736824035967e+01,3.504460704468898768e+01,3.390262540742840969e+01,3.286030295851772109e+01,3.191347675526879613e+01,3.105744898311997915e+01,3.028711868733275381e+01,2.959710465549084901e+01,2.898185790902433467e+01,2.843576271466783467e+01,2.795322545306412110e+01,2.752875107138336475e+01,2.715700719221809578e+01,2.683287624709932828e+01,2.655149624715567214e+01,2.630829099530093629e+01,2.609899068538356559e+01,2.591964392703081543e+01,2.576662228475583660e+01,2.563661843142023145e+01,2.552663899504643652e+01,2.543399313017409824e+01,2.535627777634114111e+01,2.529136048247906743e+01,2.523736058225394530e+01,2.519262940631730530e+01,2.515573011708043438e+01,2.512541765334144728e+01,2.510061917854823577e+01,2.508041533968544101e+01,2.506402256513388949e+01,2.505077656022217525e+01,2.504011709895345206e+01,2.503157415953123532e+01,2.502475540949416910e+01,2.501933501292956663e+01,2.501504370662617305e+01,2.501166007329980445e+01,2.500900292727904528e+01,2.500692472036256220e+01,2.500530587207271793e+01,2.500404992840412177e+01,2.500307945564526335e+01,2.500233258026572969e+01,2.500176009162901281e+01,2.500132303092082253e+01,2.500099069677127517e+01,2.500073900527331006e+01,2.500054914921061311e+01,2.500040650812124099e+01,2.500029976720979619e+01,2.500022020899822195e+01,2.500016114692893865e+01,2.500011747488862213e+01,2.500008531081423158e+01,2.500006171619868667e+01
6.679614729943132545e+01,6.901490397834116663e+01,7.117419183213576162e+01,7.325417373541509392e+01,7.523501087464674697e+01,7.709717261302402846e+01,7.882175366351833645e+01,8.039079146062643133e+01,8.178757633885763312e+01,8.299694706259808186e+01,8.400556441750092063e+01,8.480215596932652034e+01,8.537772571469082550e+01,8.572572317318839907e+01,8.584216747727995767e+01,8.572572317318839907e+01,8.537772571469082550e+01,8.480215596932652034e+01,8.400556441750092063e+01,8.299694706259808186e+01,8.178757633885763312e+01,8.039079146062643133e+01,7.882175366351833645e+01,7.709717261302402846e+01,7.523501087464674697e+01,7.325417373541509392e+01,7.117419183213576162e+01,6.901490397834116663e+01,6.679614729943132545e+01,6.453746130171900575e+01,6.225781184048100414e+01,5.997534014475488107e+01,5.770714113660340416e+01,5.546907428647084259e+01,5.327560921149648721e+01,5.113970718692353046e+01,4.907273873657740637e+01,4.708443652788108125e+01,4.518288194666337176e+01,4.337452298851025034e+01,4.166422049232478741e+01,4.005531926790790465e+01,3.854974033676273137e+01,3.714809031246957716e+01,3.584978388745651756e+01,3.465317545613416428e+01,3.355569607609328386e+01,3.255399223278342191e+01,3.164406321059634308e+01,3.082139426564787854e+01,3.008108322397884393e+01,2.941795857540571291e+01,2.882668758132565046e+01,2.830187334982594649e+01,2.783814024113792840e+01,2.743020734094896440e+01,2.707295007101687290e+01,2.676145029107790307e+01,2.649103548070069536e+01,2.625730777412521277e+01,2.605616375667717222e+01,2.588380602101210570e+01,2.573674752933649401e+01,2.561180983882866258e+01,2.550611622720606064e+01,2.541708070944821785e+01,2.534239387074488192e+01,2.528000636021311465e+01,2.522811079982257709e+01,2.518512276776174375e+01,2.514966141903745367e+01,2.512053021164643241e+01,2.509669811675627216e+01,2.507728160792100525e+01,2.506152764878104477e+01,2.504879783178205699e+01,2.503855376255794241e+01,2.503034373574585203e+01,2.502379070781688952e+01,2.501858154046498228e+01,2.501445746348532850e+01,2.501120568807656142e+01,2.500865208925115724e+01,2.500665486866206422e+01,2.500509910580253603e+01,2.500389210541495899e+01,2.500295945132754838e+01,2.500224168117980383e+01,2.500169150204066071e+01,2.500127147329465060e+01,2.500095208998364882e+01,2.500071020673427569e+01,2.500052774923479504e+01,2.500039066677284794e+01,2.500028808548301384e+01,2.500021162760149807e+01,2.500015486714137580e+01,2.500011289697113170e+01,2.500008198630911238e+01,2.500005931115988744e+01
6.499966627761217808e+01,6.712305640904719439e+01,6.918953380301174150e+01,7.118011397296382370e+01,7.307581081678861779e+01,7.485793316305191070e+01,7.650838831132830364e+01,7.800998576268327156e+01,7.934673406607595325e+01,8.050412364576554580e+01,8.146938863320298196e+01,8.223174110565258843e+01,8.278257172573644596e+01,8.311561156564413011e+01,8.322705086339141189e+01,8.311561156564413011e+01,8.278257172573644596e+01,8.223174110565258843e+01,8.146938863320298196e+01,8.050412364576554580e+01,7.934673406607595325e+01,7.800998576268327156e+01,7.650838831132830364e+01,7.485793316305191070e+01,7.307581081678861779e+01,7.118011397296382370e+01,6.918953380301174150e+01,6.712305640904719439e+01,6.499966627761217808e+01,6.283806306841788114e+01,6.065639744679490519e+01,5.847203089590037450e+01,5.630132356425819040e+01,5.415945325092653206e+01,5.206026764030056597e+01,5.001617090639521024e+01,4.803804484544788522e+01,4.613520379559891182e+01,4.431538178874113498e+01,4.258474967286575463e+01,4.094795935841214884e+01,3.940821188864493507e+01,3.796734571576611472e+01,3.662594137990533483e+01,3.538343873116696159e+01,3.423826289534244438e+01,3.318795534824482019e+01,3.222930671600735764e+01,3.135848824168610349e+01,3.057117923401251858e+01,2.986268822415345170e+01,2.922806598365462349e+01,2.866220898555862107e+01,2.815995230703419594e+01,2.771615136393501189e+01,2.732575222608339516e+01,2.698385057973885637e+01,2.668573967602696939e+01,2.642694782867985381e+01,2.620326620090029834e+01,2.601076775088719373e+01,2.584581829136939390e+01,2.570508066432994099e+01,2.558551304270188709e+01,2.548436235141227968e+01,2.539915375618808469e+01,2.532767710543219053e+01,2.526797113341319445e+01,2.521830614678081517e+01,2.517716582530463043e+01,2.514322867543855011e+01,2.511534958491958491e+01,2.509254184057239812e+01,2.507395989166397499e+01,2.505888306882585326e+01,2.504670040452221258e+01,2.503689664564094741e+01,2.502903950200851924e+01,2.502276813617212525e+01,2.501778286912902516e+01,2.501383605312927472e+01,2.501072404545477212e+01,2.500828020535412222e+01,2.500636882925349269e+01,2.500487993615666227e+01,2.500372481503140421e+01,2.500283224826007711e+01,2.500214532929197020e+01,2.500161879793966690e+01,2.500121682285935520e+01,2.500091116727432805e+01,2.500067968064509927e+01,2.500050506552957685e+01,2.500037387514278819e+01,2.500027570299954505e+01,2.500020253142890070e+01,2.500014821064554127e+01,2.500010804443617118e+01,2.500007846237549813e+01,2.500005676184900594e+01
6.312056713153471321e+01,6.514420491616073150e+01,6.711360360253209478e+01,6.901067055485896162e+01,7.081731159767453221e+01,7.251571363097755807e+01,7.408863391088181061e+01,7.551968951148708697e+01,7.679364022607003903e+01,7.789665810786146949e+01,7.881657700163299296e+01,7.954311577828701729e+01,8.006806954878291549e+01,8.038546388618976835e+01,8.049166800302869262e+01,8.038546388618976835e+01,8.006806954878291549e+01,7.954311577828701729e+01,7.881657700163299296e+01,7.789665810786146949e+01,7.679364022607003903e+01,7.551968951148708697e+01,7.408863391088181061e+01,7.251571363097755807e+01,7.081731159767453221e+01,6.901067055485896162e+01,6.711360360253209478e+01,6.514420491616073150e+01,6.312056713153471321e+01,6.106051143817128946e+01,5.898133582179399781e+01,5.689958616005095848e+01,5.483085403652584944e+01,5.278960422959683285e+01,5.078903388893353110e+01,4.884096446686935877e+01,4.695576655602612703e+01,4.514231692677242336e+01,4.340798628265166315e+01,4.175865557835670927e+01,4.019875818748027285e+01,3.873134477509077556e+01,3.735816742682060010e+01,3.607977941026024382e+01,3.489564689016341248e+01,3.380426897655834750e+01,3.280330264148914665e+01,3.188968928063926711e+01,3.105978000391304761e+01,3.030945709691716772e+01,2.963424948603422848e+01,2.902944044702380211e+01,2.849016620575742920e+01,2.801150447648024766e+01,2.758855235665418704e+01,2.721649333897945411e+01,2.689065350393177312e+01,2.660654721567626524e+01,2.635991285824385955e+01,2.614673931702774112e+01,2.596328403428834264e+01,2.580608354913384517e+01,2.567195747612474932e+01,2.555800688675242682e+01,2.546160803954842677e+01,2.538040236268392391e+01,2.531228353277752774e+01,2.525538242018555479e+01,2.520805058886810102e+01,2.516884295209030142e+01,2.513650009725886036e+01,2.510993070704649455e+01,2.508819442196172389e+01,2.507048541344445169e+01,2.505611686763854351e+01,2.504450651896201308e+01,2.503516331979678355e+01,2.502767528804113084e+01,2.502169853761743212e+01,2.501694746780434286e+01,2.501318606481587636e+01,2.501022025263518600e+01,2.500789121893852851e+01,2.500606963521700621e+01,2.500465068714740013e+01,2.500354983115288121e+01,2.500269919526783369e+01,2.500204454629011863e+01,2.500154275025954576e+01,2.500115965911253468e+01,2.500086836257602485e+01,2.500064775069570899e+01,2.500048133862648925e+01,2.500035631128471536e+01,2.500026275105971152e+01,2.500019301693364326e+01,2.500014124802501669e+01,2.500010296873863069e+01,2.500007477638017761e+01,2.500005409529820710e+01
6.117805432847660541e+01,6.309857343987234657e+01,6.496761731910245885e+01,6.676801527827296923e+01,6.848259516827070570e+01,7.009445159266272185e+01,7.158722044744882851e+01,7.294535363280061802e+01,7.415438753843361042e+01,7.520119884937346910e+01,7.607424136214147836e+01,7.676375784396188351e+01,7.726196150298432030e+01,7.756318235163101349e+01,7.766397461675262548e+01,7.756318235163101349e+01,7.726196150298432030e+01,7.676375784396188351e+01,7.607424136214147836e+01,7.520119884937346910e+01,7.415438753843361042e+01,7.294535363280061802e+01,7.158722044744882851e+01,7.009445159266272185e+01,6.848259516827070570e+01,6.676801527827296923e+01,6.496761731910245885e+01,6.309857343987234657e+01,6.117805432847660541e+01,5.922297305864584871e+01,5.724974616125490456e+01,5.527407638433473380e+01,5.331076080989141275e+01,5.137352713342860255e+01,4.947490001639961577e+01,4.762609852444117564e+01,4.583696479505347554e+01,4.411592326430395872e+01,4.246996904620323932e+01,4.090468341916314188e+01,3.942427384500201981e+01,3.803163553580315437e+01,3.672843129603056411e+01,3.551518620037364826e+01,3.439139361627171354e+01,3.335562913472386271e+01,3.240566912163811253e+01,3.153861083024384371e+01,3.075099130723127416e+01,3.003890266491037053e+01,2.939810166252138401e+01,2.882411192632010710e+01,2.831231752590721840e+01,2.785804700083869534e+01,2.745664728617511940e+01,2.710354730976629156e+01,2.679431132138076777e+01,2.652468226008942054e+01,2.629061566943061123e+01,2.608830482948692264e+01,2.591419789233431459e+01,2.576500788493597938e+01,2.563771648500887679e+01,2.552957248497736487e+01,2.543808584157788033e+01,2.536101816891583383e+01,2.529637047569966413e+01,2.524236887767516180e+01,2.519744893829019716e+01,2.516023920821078619e+01,2.512954445083237687e+01,2.510432895917243457e+01,2.508370029171366866e+01,2.506689368256667549e+01,2.505325731590419380e+01,2.504223859669829366e+01,2.503337149968383457e+01,2.502626503616416542e+01,2.502059284349215673e+01,2.501608387432537484e+01,2.501251414145129459e+01,2.500969945840025588e+01,2.500748910546086279e+01,2.500576034432743810e+01,2.500441370170865696e+01,2.500336894212152572e+01,2.500256165215763815e+01,2.500194036218049121e+01,2.500146413621057917e+01,2.500110056626993682e+01,2.500082411335445087e+01,2.500061474321145027e+01,2.500045681101541106e+01,2.500033815470194298e+01,2.500024936203284653e+01,2.500018318135424167e+01,2.500013405043805292e+01,2.500009772175233991e+01,2.500007096599416201e+01,2.500005133875975005e+01
5.919116732389279889e+01,6.100621214886509591e+01,6.277260874471935637e+01,6.447412943216943404e+01,6.609454515095922034e+01,6.761787894354242212e+01,6.902866541720064220e+01,7.031221036870303465e+01,7.145484452454870450e+01,7.244416529796339432e+01,7.326926059921697743e+01,7.392090905959170755e+01,7.439175153531883211e+01,7.467642943269866862e+01,7.477168621932509041e+01,7.467642943269866862e+01,7.439175153531883211e+01,7.392090905959170755e+01,7.326926059921697743e+01,7.244416529796339432e+01,7.145484452454870450e+01,7.031221036870303465e+01,6.902866541720064220e+01,6.761787894354242212e+01,6.609454515095922034e+01,6.447412943216943404e+01,6.277260874471935637e+01,6.100621214886509591e+01,5.919116732389279889e+01,5.734345848301199311e+01,5.547860056654867833e+01,5.361143393270725710e+01,5.175594301255127050e+01,4.992510158100187567e+01,4.813074644916937928e+01,4.638348053524604353e+01,4.469260544973419513e+01,4.306608296140602476e+01,4.151052401488045973e+01,4.003120336657003975e+01,3.863209740585522667e+01,3.731594234071116034e+01,3.608430965492022580e+01,3.493769558624032356e+01,3.387562132620652733e+01,3.289674069389810995e+01,3.199895217648585444e+01,3.117951244510995323e+01,3.043514873073267424e+01,2.976216776558791821e+01,2.915655934632159685e+01,2.861409294018301352e+01,2.813040612217261227e+01,2.770108398693812646e+01,2.732172901435680146e+01,2.698802117407766943e+01,2.669576832583269521e+01,2.644094720509762197e+01,2.621973547564734730e+01,2.602853548138709172e+01,2.586399044072829412e+01,2.572299390012677023e+01,2.560269330257986198e+01,2.550048853593927589e+01,2.541402630930949869e+01,2.534119116822296292e+01,2.528009390534119660e+01,2.522905805755764064e+01,2.518660510666797592e+01,2.515143892289062677e+01,2.512242991162753469e+01,2.509859924658757890e+01,2.507910349885201029e+01,2.506321990322592441e+01,2.505033244139578841e+01,2.503991886667329680e+01,2.503153874774965715e+01,2.502482256890056789e+01,2.501946189120958053e+01,2.501520055316635549e+01,2.501182686886340534e+01,2.500916676729221422e+01,2.500707780621903353e+01,2.500544398808610680e+01,2.500417130264298393e+01,2.500318392091337216e+01,2.500242096705235184e+01,2.500183379811915430e+01,2.500138372632498118e+01,2.500104012352750615e+01,2.500077885331643301e+01,2.500058098171374965e+01,2.500043172310267181e+01,2.500031958335543791e+01,2.500023566715091405e+01,2.500017312109370593e+01,2.500012668843149299e+01,2.500009235490540860e+01,2.500006706856478900e+01,2.500004851925172389e+01
5.717847945684259514e+01,5.888668035154570646e+01,6.054909673042772766e+01,6.215045616831517350e+01,6.367548494035666096e+01,6.510914658420168166e+01,6.643688608869295820e+01,6.764487423553201495e+01,6.872024640291841990e+01,6.965133009134535769e+01,7.042785555916034923e+01,7.104114426020439055e+01,7.148427025204517804e+01,7.175219037848830794e+01,7.184183980526995583e+01,7.175219037848830794e+01,7.148427025204517804e+01,7.104114426020439055e+01,7.042785555916034923e+01,6.965133009134535769e+01,6.872024640291841990e+01,6.764487423553201495e+01,6.643688608869295820e+01,6.510914658420168166e+01,6.367548494035666096e+01,6.215045616831517350e+01,6.054909673042772766e+01,5.888668035154570646e+01,5.717847945684259514e+01,5.543953733722209165e+01,5.368445563479330929e+01,5.192720111930964322e+01,5.018093501815567947e+01,4.845786739558054279e+01,4.676913828022200903e+01,4.512472644180160586e+01,4.353338594477187939e+01,4.200260988261076278e+01,4.053862004188654566e+01,3.914638067664921550e+01,3.782963410323382192e+01,3.659095546074821925e+01,3.543182372644197642e+01,3.435270592667735912e+01,3.335315143839707730e+01,3.243189332459685659e+01,3.158695377952460248e+01,3.081575096236386457e+01,3.011520475800043783e+01,2.948183930555436660e+01,2.891188046520104749e+01,2.840134673756901051e+01,2.794613249497083984e+01,2.754208271866042779e+01,2.718505875172704123e+01,2.687099486554011563e+01,2.659594569320948665e+01,2.635612480259564094e+01,2.614793486206810158e+01,2.596798999416788689e+01,2.581313101668967747e+01,2.568043433973060985e+01,2.556721532412525733e+01,2.547102691521306994e+01,2.538965435027420625e+01,2.532110670260288288e+01,2.526360597442106481e+01,2.521557438883907665e+01,2.517562046169921786e+01,2.514252436083974018e+01,2.511522298606800518e+01,2.509279513041256848e+01,2.507444701400981657e+01,2.505949841776233811e+01,2.504736958572149419e+01,2.503756901362912757e+01,2.502968219648493076e+01,2.502336137037575980e+01,2.501831625286572702e+01,2.501430576157762431e+01,2.501113067164846271e+01,2.500862715888591836e+01,2.500666116602165445e+01,2.500512352377830538e+01,2.500392575588701050e+01,2.500299649709916849e+01,2.500227845507062696e+01,2.500172585026261984e+01,2.500130227227109359e+01,2.500097889590154665e+01,2.500073300555097688e+01,2.500054678180372036e+01,2.500040630940905828e+01,2.500030077084939251e+01,2.500022179443312353e+01,2.500016293019494285e+01,2.500011923082507082e+01,2.500008691836690744e+01,2.500006312052506985e+01,2.500004566313077348e+01
5.515782221408237973e+01,5.675875612264337633e+01,5.831678056774940444e+01,5.981758216073403389e+01,6.124684629486662857e+01,6.259048072694766773e+01,6.383484443209928116e+01,6.496697660192262447e+01,6.597482045239129889e+01,6.684743646209656731e+01,6.757519978088478751e+01,6.814997683449908550e+01,6.856527659713384537e+01,6.881637259909632576e+01,6.890039246330721312e+01,6.881637259909632576e+01,6.856527659713384537e+01,6.814997683449908550e+01,6.757519978088478751e+01,6.684743646209656731e+01,6.597482045239129889e+01,6.496697660192262447e+01,6.383484443209928116e+01,6.259048072694766773e+01,6.124684629486662857e+01,5.981758216073403389e+01,5.831678056774940444e+01,5.675875612264337633e+01,5.515782221408237973e+01,5.352807748501803076e+01,5.188320666307554063e+01,5.023629947052383216e+01,4.859969067153721767e+01,4.698482359572787459e+01,4.540213873030307923e+01,4.386098822515481999e+01,4.236957643063988144e+01,4.093492590918985741e+01,3.956286774842445197e+01,3.825805447057559405e+01,3.702399339210474949e+01,3.586309794548917296e+01,3.477675423515964326e+01,3.376539996041832126e+01,3.282861279521763009e+01,3.196520536024138437e+01,3.117332404664134771e+01,3.045054914106738764e+01,2.979399394515523625e+01,2.920040086574859828e+01,2.866623276126207287e+01,2.818775815176818611e+01,2.776112922369823366e+01,2.738245187395112623e+01,2.704784733381478645e+01,2.675350518330415284e+01,2.649572780602308697e+01,2.627096653997086761e+01,2.607584994903279352e+01,2.590720477293771040e+01,2.576207021127186181e+01,2.563770626183483614e+01,2.553159686818064245e+01,2.544144863917809474e+01,2.536518588879483005e+01,2.530094271116309201e+01,2.524705275840713981e+01,2.520203733060904128e+01,2.516459232227500209e+01,2.513357450096874146e+01,2.510798752419221813e+01,2.508696803244131246e+01,2.506977209149638242e+01,2.505576219682171057e+01,2.504439499841686256e+01,2.503520985618059669e+01,2.502781829407808090e+01,2.502189438613513062e+01,2.501716607828824124e+01,2.501340742700019959e+01,2.501043171779287633e+01,2.500808541386311035e+01,2.500624287610882845e+01,2.500480179057009167e+01,2.500367923687180749e+01,2.500280833116750756e+01,2.500213537880293302e+01,2.500161747497913822e+01,2.500122049569429450e+01,2.500091742584060128e+01,2.500068697624814362e+01,2.500051244647680093e+01,2.500038079508818001e+01,2.500028188385393690e+01,2.500020786678534890e+01,2.500015269894461412e+01,2.500011174368974665e+01,2.500008146030205936e+01,2.500005915685281721e+01,2.500004279570081778e+01
5.314604017277557091e+01,5.464017823700478971e+01,5.609426926223942189e+01,5.749495468400658638e+01,5.882887480102413491e+01,6.008287744201125236e+01,6.124423155392675255e+01,6.230084092401111207e+01,6.324145305779882165e+01,6.405585819256681646e+01,6.473507353714572332e+01,6.527150809553577915e+01,6.565910384830215207e+01,6.589344962129234773e+01,6.597186464929414740e+01,6.589344962129234773e+01,6.565910384830215207e+01,6.527150809553577915e+01,6.473507353714572332e+01,6.405585819256681646e+01,6.324145305779882165e+01,6.230084092401111207e+01,6.124423155392675255e+01,6.008287744201125236e+01,5.882887480102413491e+01,5.749495468400658638e+01,5.609426926223942189e+01,5.464017823700478971e+01,5.314604017277557091e+01,5.162501321366726614e+01,5.008986920012502964e+01,4.855282465913205669e+01,4.702539152167273073e+01,4.551824975040124599e+01,4.404114336364467874e+01,4.260280064372705766e+01,4.121087864138275592e+01,3.987193145468005895e+01,3.859140118833160216e+01,3.737363000195080076e+01,3.622189124430006046e+01,3.513843735147960956e+01,3.412456196302071021e+01,3.318067357997675515e+01,3.230637804902269750e+01,3.150056719909445846e+01,3.076151107274559848e+01,3.008695137199044467e+01,2.947419396568280092e+01,2.892019856970691905e+01,2.842166399976465030e+01,2.797510769722834212e+01,2.757693853026780673e+01,2.722352216542414283e+01,2.691123858069391872e+01,2.663653154336199691e+01,2.639595009934786063e+01,2.618618231244726147e+01,2.600408164987509352e+01,2.584668653468337141e+01,2.571123367691044947e+01,2.559516585569804548e+01,2.549613485686467129e+01,2.541200027788219629e+01,2.534082489854822740e+01,2.528086728471212652e+01,2.523057224800786003e+01,2.518855973031988427e+01,2.515361262103068540e+01,2.512466395098546101e+01,2.510078384216528136e+01,2.508116652845368222e+01,2.506511770234121173e+01,2.505204238624144253e+01,2.504143347619868365e+01,2.503286106070596517e+01,2.502596257836861326e+01,2.502043384523402025e+01,2.501602095554778415e+01,2.501251303811934079e+01,2.500973583390687338e+01,2.500754604831174888e+01,2.500582642342359563e+01,2.500448147048973624e+01,2.500343380062605192e+01,2.500262099170484120e+01,2.500199293095982611e+01,2.500150957570537003e+01,2.500113907829943471e+01,2.500085622577060818e+01,2.500064114911682722e+01,2.500047826195870826e+01,2.500035539283219777e+01,2.500026307981460505e+01,2.500019400031107963e+01,2.500014251263234399e+01,2.500010428943967966e+01,2.500007602621031211e+01,2.500005521058994518e+01,2.500003994086528891e+01
5.115878076213459735e+01,5.254742477069165574e+01,5.389884927317259411e+01,5.520063889046183192e+01,5.644037718689950367e+01,5.760584060411040497e+01,5.868519696878247771e+01,5.966720412480118085e+01,6.054140406336851754e+01,6.129830788504929728e+01,6.192956703127558882e+01,6.242812647054375219e+01,6.278835591165555741e+01,6.300615563270171293e+01,6.307903414468292880e+01,6.300615563270171293e+01,6.278835591165555741e+01,6.242812647054375219e+01,6.192956703127558882e+01,6.129830788504929728e+01,6.054140406336851754e+01,5.966720412480118085e+01,5.868519696878247771e+01,5.760584060411040497e+01,5.644037718689950367e+01,5.520063889046183192e+01,5.389884927317259411e+01,5.254742477069165574e+01,5.115878076213459735e+01,4.974514635699736687e+01,4.831839163618951716e+01,4.688987057522824387e+01,4.547028230183892106e+01,4.406955271678418740e+01,4.269673785912303998e+01,4.135994974824942716e+01,4.006630480658777316e+01,3.882189437819258160e+01,3.763177632637911074e+01,3.649998623130944253e+01,3.542956632599783973e+01,3.442261001263391051e+01,3.348031959295087745e+01,3.260307472566559284e+01,3.179050908676400411e+01,3.104159274792460010e+01,3.035471789585314895e+01,2.972778568035474223e+01,2.915829219020190521e+01,2.864341180142941568e+01,2.818007641082342118e+01,2.776504934682827042e+01,2.739499303052850365e+01,2.706652973164363729e+01,2.677629502088411328e+01,2.652098375438730926e+01,2.629738863369637514e+01,2.610243156283287291e+01,2.593318817088062644e+01,2.578690598389953692e+01,2.566101681482509633e+01,2.555314399612676013e+01,2.546110510997313625e+01,2.538291087758353370e+01,2.531676085675538346e+01,2.526103656780633244e+01,2.521429262690046613e+01,2.517524641532971685e+01,2.514276675692821783e+01,2.511586201621087966e+01,2.509366796946865819e+01,2.507543574193776337e+01,2.506052004789381726e+01,2.504836791831715814e+01,2.503850805347541808e+01,2.503054089588950504e+01,2.502412948291820882e+01,2.501899110760600564e+01,2.501488979128864543e+01,2.501162955139773914e+01,2.500904843250216203e+01,2.500701325736038783e+01,2.500541504709115870e+01,2.500416505495314112e+01,2.500319135612705779e+01,2.500243593581780743e+01,2.500185221948565939e+01,2.500140299167052405e+01,2.500105865334245792e+01,2.500079577169927703e+01,2.500059588059563609e+01,2.500044449413302772e+01,2.500033030021718261e+01,2.500024450498723638e+01,2.500018030286229376e+01,2.500013245048619126e+01,2.500009692605324219e+01,2.500007065835746545e+01,2.500005131243007028e+01,2.500003712082879659e+01
4.921032174965501582e+01,5.049553142928822069e+01,5.174629392938118144e+01,5.295111864088121933e+01,5.409851397688912300e+01,5.517716686116160929e+01,5.617612644986976989e+01,5.708498796844983048e+01,5.789407238177540904e+01,5.859459757914849121e+01,5.917883685148007800e+01,5.964026066728276021e+01,5.997365811238238820e+01,6.017523483613945956e+01,6.024268493023006243e+01,6.017523483613945956e+01,5.997365811238238820e+01,5.964026066728276021e+01,5.917883685148007800e+01,5.859459757914849121e+01,5.789407238177540904e+01,5.708498796844983048e+01,5.617612644986976989e+01,5.517716686116160929e+01,5.409851397688912300e+01,5.295111864088121933e+01,5.174629392938118144e+01,5.049553142928822069e+01,4.921032174965501582e+01,4.790198310436558415e+01,4.658150142126673643e+01,4.525938496536169708e+01,4.394553593075599451e+01,4.264914087905984275e+01,4.137858130256790190e+01,4.014136499001666181e+01,3.894407829105944785e+01,3.779235883081286573e+01,3.669088773334549813e+01,3.564339998520195962e+01,3.465271121608539318e+01,3.372075889934454551e+01,3.284865578224642491e+01,3.203675324430578542e+01,3.128471224746399670e+01,3.059157957848572096e+01,2.995586718341615651e+01,2.937563254670054036e+01,2.884855826306679916e+01,2.837202917755172038e+01,2.794320571721633684e+01,2.755909229673605054e+01,2.721659993959691448e+01,2.691260250862847059e+01,2.664398617691558258e+01,2.640769198704466802e+01,2.620075153890969943e+01,2.602031601112669534e+01,2.586367885703203484e+01,2.572829262304585995e+01,2.561178041569938202e+01,2.551194259556254806e+01,2.542675930405055951e+01,2.535438943550301971e+01,2.529316665518467389e+01,2.524159303724755432e+01,2.519833085849891674e+01,2.516219303717501887e+01,2.513213265372789351e+01,2.510723193548414400e+01,2.508669103117205168e+01,2.506981684660092569e+01,2.505601216070187576e+01,2.504476519282253832e+01,2.503563974839157424e+01,2.502826603130823102e+01,2.502233217787995301e+01,2.501757653881901078e+01,2.501378071253248692e+01,2.501076331438011735e+01,2.500837445231868017e+01,2.500649086892665451e+01,2.500501170270734619e+01,2.500385481729586346e+01,2.500295364525420183e+01,2.500225449306857683e+01,2.500171425534341907e+01,2.500129848864380833e+01,2.500097979864869302e+01,2.500073649796808084e+01,2.500055149592314407e+01,2.500041138560983711e+01,2.500030569752484411e+01,2.500022629282550213e+01,2.500016687285038941e+01,2.500012258479918259e+01,2.500008970643380835e+01,2.500006539530966876e+01,2.500004749038011553e+01,2.500003435585232126e+01
4.731343810664297678e+01,4.849795134595841262e+01,4.965071634927076616e+01,5.076114279908836124e+01,5.181863947668732351e+01,5.281277968765371611e+01,5.373347058900427697e+01,5.457112262238274525e+01,5.531681510703744209e+01,5.596245401243332651e+01,5.650091801871307950e+01,5.692618918451205445e+01,5.723346487184355169e+01,5.741924801821412672e+01,5.748141338368678532e+01,5.741924801821412672e+01,5.723346487184355169e+01,5.692618918451205445e+01,5.650091801871307950e+01,5.596245401243332651e+01,5.531681510703744209e+01,5.457112262238274525e+01,5.373347058900427697e+01,5.281277968765371611e+01,5.181863947668732351e+01,5.076114279908836124e+01,4.965071634927076616e+01,4.849795134595841262e+01,4.731343810664297678e+01,4.610760806084397245e+01,4.489058638672261736e+01,4.367205802457756647e+01,4.246114932958822408e+01,4.126632709439043367e+01,4.009531611964949604e+01,3.895503595732435542e+01,3.785155691523068811e+01,3.679007490940833947e+01,3.577490429690111284e+01,3.480948742729670187e+01,3.389641932513716682e+01,3.303748566233959139e+01,3.223371200219578725e+01,3.148542219356392735e+01,3.079230376208640152e+01,3.015347817897907845e+01,2.956757397961780498e+01,2.903280084493740176e+01,2.854702293884112052e+01,2.810783000429007217e+01,2.771260494946375985e+01,2.735858689375825037e+01,2.704292888259897154e+01,2.676274971229985766e+01,2.651517952491916574e+01,2.629739903298005643e+01,2.610667241112975745e+01,2.594037404372028632e+01,2.579600944257071049e+01,2.567123074760830193e+01,2.556384729545194645e+01,2.547183178886921695e+01,2.539332262560706610e+01,2.532662295100879746e+01,2.527019698800524949e+01,2.522266417354391521e+01,2.518279159531681799e+01,2.514948517965833474e+01,2.512178003338042487e+01,2.509883029148570088e+01,2.507989877121258004e+01,2.506434668244146735e+01,2.505162359649592219e+01,2.504125783084199952e+01,2.503284736684191358e+01,2.502605138199477253e+01,2.502058244719188806e+01,2.501619941342054432e+01,2.501270099089713383e+01,2.500992000650493097e+01,2.500771831227284636e+01,2.500598230802345157e+01,2.500461903477886949e+01,2.500355279157514232e+01,2.500272222654659870e+01,2.500207785307719988e+01,2.500157994308790776e+01,2.500119675179394108e+01,2.500090303122489033e+01,2.500067879320218722e+01,2.500050828610517328e+01,2.500037915346346651e+01,2.500028174606147502e+01,2.500020856273650693e+01,2.500015379832855444e+01,2.500011298025518514e+01,2.500008267791643846e+01,2.500006027157382960e+01,2.500004376949915752e+01,2.500003166406429145e+01
4.547930868679176797e+01,4.656645680603706694e+01,4.762446634420568614e+01,4.864361749120094203e+01,4.961418960977366766e+01,5.052661306334591984e+01,5.137162462470926272e+01,5.214042298207981219e+01,5.282482072059407585e+01,5.341738912626111357e+01,5.391159224048431042e+01,5.430190678718773256e+01,5.458392489765253686e+01,5.475443696240657943e+01,5.481149243288392370e+01,5.475443696240657943e+01,5.458392489765253686e+01,5.430190678718773256e+01,5.391159224048431042e+01,5.341738912626111357e+01,5.282482072059407585e+01,5.214042298207981219e+01,5.137162462470926272e+01,5.052661306334591984e+01,4.961418960977366766e+01,4.864361749120094203e+01,4.762446634420568614e+01,4.656645680603706694e+01,4.547930868679176797e+01,4.437259596893525071e+01,4.325561155695315563e+01,4.213724430432662160e+01,4.102587039423318771e+01,3.992926066230786830e+01,3.885450494278472888e+01,3.780795401136506939e+01,3.679517920613621129e+01,3.582094934703444267e+01,3.488922415775913066e+01,3.400316303219108249e+01,3.316514768794787926e+01,3.237681701753130170e+01,3.163911228454814051e+01,3.095233071799118463e+01,3.031618552840215841e+01,2.972987040067742015e+01,2.919212660242182622e+01,2.870131097597371195e+01,2.825546324759485017e+01,2.785237127957352143e+01,2.748963310090922363e+01,2.716471477102923160e+01,2.687500335053482203e+01,2.661785446613871642e+01,2.639063415769568266e+01,2.619075487871291230e+01,2.601570568436672914e+01,2.586307678047431580e+01,2.573057872184893569e+01,2.561605663881282524e+01,2.551749993705969644e+01,2.543304795999219436e+01,2.536099212612638354e+01,2.529977505958208184e+01,2.524798722174300636e+01,2.520436152966214749e+01,2.516776641447871654e+01,2.513719773365683707e+01,2.511176990670671572e+01,2.509070659739964881e+01,2.507333121823439015e+01,2.505905748663167287e+01,2.504738021828413963e+01,2.503786650221819343e+01,2.503014736509402383e+01,2.502390999948276473e+01,2.501889060249513008e+01,2.501486784718691680e+01,2.501165698947725602e+01,2.500910459761595561e+01,2.500708387917725872e+01,2.500549057173915557e+01,2.500423935740513670e+01,2.500326075771108947e+01,2.500249846381793617e+01,2.500190705683142056e+01,2.500145007425794930e+01,2.500109838068398460e+01,2.500082880348245595e+01,2.500062299747155237e+01,2.500046650578899232e+01,2.500034798764676580e+01,2.500025858697958725e+01,2.500019141920850885e+01,2.500014115634851564e+01,2.500010369345639916e+01,2.500007588192210406e+01,2.500005531734552022e+01,2.500004017171535864e+01,2.500002906132814573e+01
4.371746200267712368e+01,4.471108214505913736e+01,4.567807051522389372e+01,4.660954350391767775e+01,4.749661674589481208e+01,4.833054388590633721e+01,4.910285861749891012e+01,4.980551681079450077e+01,5.043103541893096065e+01,5.097262482444708098e+01,5.142431136101671996e+01,5.178104692317586455e+01,5.203880285368222047e+01,5.219464566760939306e+01,5.224679262320429984e+01,5.219464566760939306e+01,5.203880285368222047e+01,5.178104692317586455e+01,5.142431136101671996e+01,5.097262482444708098e+01,5.043103541893096065e+01,4.980551681079450077e+01,4.910285861749891012e+01,4.833054388590633721e+01,4.749661674589481208e+01,4.660954350391767775e+01,4.567807051522389372e+01,4.471108214505913736e+01,4.371746200267712368e+01,4.270596041533502785e+01,4.168507081361025257e+01,4.066291733781558548e+01,3.964715556328086166e+01,3.864488779618985603e+01,3.766259392826700036e+01,3.670607837433391296e+01,3.578043316706349941e+01,3.489001686207507191e+01,3.403844852576470714e+01,3.322861574754372782e+01,3.246269534449569960e+01,3.174218521425952133e+01,3.106794564299347527e+01,3.044024828890946566e+01,2.985883103521096160e+01,2.932295693454562269e+01,2.883147554398891899e+01,2.838288506767621300e+01,2.797539387534443733e+01,2.760698014075926920e+01,2.727544853586440610e+01,2.697848311644942498e+01,2.671369573579222845e+01,2.647866951755766607e+01,2.627099710270402966e+01,2.608831355284888076e+01,2.592832394119333372e+01,2.578882578953164995e+01,2.566772661496095509e+01,2.556305693247902511e+01,2.547297912036209766e+01,2.539579259536814604e+01,2.532993576625924348e+01,2.527398523909631578e+01,2.522665273867949765e+01,2.518678018993518108e+01,2.515333337352134535e+01,2.512539453386097676e+01,2.510215427746225458e+01,2.508290305674795917e+01,2.506702249142801620e+01,2.505397673715006235e+01,2.504330407090274235e+01,2.503460882529205733e+01,2.502755376996647030e+01,2.502185300849980720e+01,2.501726543311680828e+01,2.501358875775734347e+01,2.501065413197989784e+01,2.500832132385582796e+01,2.500647444898456939e+01,2.500501821470013297e+01,2.500387464305363139e+01,2.500298023285310478e+01,2.500228351954123340e+01,2.500174299163731462e+01,2.500132532353700654e+01,2.500100388636312587e+01,2.500075750104301875e+01,2.500056940064139255e+01,2.500042637202813012e+01,2.500031805006972618e+01,2.500023634059327193e+01,2.500017495130410339e+01,2.500012901258681097e+01,2.500009477264881497e+01,2.500006935375678196e+01,2.500005055836252765e+01,2.500003671571962371e+01,2.500002656116539868e+01
4.203575934439747641e+01,4.294010597125027573e+01,4.382021360339619065e+01,4.466799679477782092e+01,4.547536941126907095e+01,4.623437092899442291e+01,4.693729571140681855e+01,4.757682236735198700e+01,4.814614017722017536e+01,4.863906954844195241e+01,4.905017352904594929e+01,4.937485756931071990e+01,4.960945497365269574e+01,4.975129582115847882e+01,4.979875754358275231e+01,4.975129582115847882e+01,4.960945497365269574e+01,4.937485756931071990e+01,4.905017352904594929e+01,4.863906954844195241e+01,4.814614017722017536e+01,4.757682236735198700e+01,4.693729571140681855e+01,4.623437092899442291e+01,4.547536941126907095e+01,4.466799679477782092e+01,4.382021360339619065e+01,4.294010597125027573e+01,4.203575934439747641e+01,4.111513786184970343e+01,4.018597184726431948e+01,3.925565551355484217e+01,3.833115660768092425e+01,3.741893931687692287e+01,3.652490133581850529e+01,3.565432557166592176e+01,3.481184655463370348e+01,3.400143123839364989e+01,3.322637352807920763e+01,3.248930157265043306e+01,3.179219660930528590e+01,3.113642195448572636e+01,3.052276060045625172e+01,2.995145979782816070e+01,2.942228098014061644e+01,2.893455341234725609e+01,2.848723001505246799e+01,2.807894392383139959e+01,2.770806448053225779e+01,2.737275151338607060e+01,2.707100693737235275e+01,2.680072288828288762e+01,2.655972578655701355e+01,2.634581590428263453e+01,2.615680217574345079e+01,2.599053214452514737e+01,2.584491707548546202e+01,2.571795237587198102e+01,2.560773356551742808e+01,2.551246811119666447e+01,2.543048349547930442e+01,2.536023192695793327e+01,2.530029211825288726e+01,2.524936856270868546e+01,2.520628873243285994e+01,2.516999860160429492e+01,2.513955687210160406e+01,2.511412824568058255e+01,2.509297605020375599e+01,2.507545448861983317e+01,2.506100074008251610e+01,2.504912710409951515e+01,2.503941334195983970e+01,2.503149933568896657e+01,2.502507815397795454e+01,2.501988958725817369e+01,2.501571419049829714e+01,2.501236785237818694e+01,2.500969689311547839e+01,2.500757368016104110e+01,2.500589274094815551e+01,2.500456734454477470e+01,2.500352651906533552e+01,2.500271246869198905e+01,2.500207835278934354e+01,2.500158638954727763e+01,2.500120624755785315e+01,2.500091369046128520e+01,2.500068944205523991e+01,2.500051824185864291e+01,2.500038806389783730e+01,2.500028947431262338e+01,2.500021510616501885e+01,2.500015923250242267e+01,2.500011742122842406e+01,2.500008625763671333e+01,2.500006312254887675e+01,2.500004601585924036e+01,2.500003341693246384e+01,2.500002417473168137e+01
4.044041258137336570e+01,4.126006991233772681e+01,4.205775815632070191e+01,4.282614904456077909e+01,4.355791368466339719e+01,4.424583703146868885e+01,4.488293505772655578e+01,4.546257199817362959e+01,4.597857493626277403e+01,4.642534297936998655e+01,4.679794832944834582e+01,4.709222670230671781e+01,4.730485477718913501e+01,4.743341266311050219e+01,4.747642974037942309e+01,4.743341266311050219e+01,4.730485477718913501e+01,4.709222670230671781e+01,4.679794832944834582e+01,4.642534297936998655e+01,4.597857493626277403e+01,4.546257199817362959e+01,4.488293505772655578e+01,4.424583703146868885e+01,4.355791368466339719e+01,4.282614904456077909e+01,4.205775815632070191e+01,4.126006991233772681e+01,4.044041258137336570e+01,3.960600448517729433e+01,3.876385202623762893e+01,3.792065697204185426e+01,3.708273456135599844e+01,3.625594363004899634e+01,3.544562957172674089e+01,3.465658056545036914e+01,3.389299713185336316e+01,3.315847473152808789e+01,3.245599880546583904e+01,3.178795138451403801e+01,3.115612816906624971e+01,3.056176480514893612e+01,3.000557096019565861e+01,2.948777073055408238e+01,2.900814789078286182e+01,2.856609451812144584e+01,2.816066158895738170e+01,2.779061024153899950e+01,2.745446252386347652e+01,2.715055059062027709e+01,2.687706347134046680e+01,2.663209069685255059e+01,2.641366223667437652e+01,2.621978436068550167e+01,2.604847118977313869e+01,2.589777183848341835e+01,2.576579317533229130e+01,2.565071833154806313e+01,2.555082117570674427e+01,2.546447703983772826e+01,2.539017003265299977e+01,2.532649730867692739e+01,2.527217067974630638e+01,2.522601595944195196e+01,2.518697042352264859e+01,2.515407875246195246e+01,2.512648779782882968e+01,2.510344048450508581e+01,2.508426912744600301e+01,2.506838840651913358e+01,2.505528820732918405e+01,2.504452650104347100e+01,2.503572240302107943e+01,2.502854951923447757e+01,2.502272966155313583e+01,2.501802698823873783e+01,2.501424260461602600e+01,2.501120964082693021e+01,2.500878880873072063e+01,2.500686442817615074e+01,2.500534090377982466e+01,2.500413962669622947e+01,2.500319627133983502e+01,2.500245845429438774e+01,2.500188372140674176e+01,2.500143782901774614e+01,2.500109328616306215e+01,2.500082812614387962e+01,2.500062487791525356e+01,2.500046971009349051e+01,2.500035172290060004e+01,2.500026236592853124e+01,2.500019496213051440e+01,2.500014432086554095e+01,2.500010642508948422e+01,2.500007817987283332e+01,2.500005721131521952e+01,2.500004170661475200e+01,2.500003028753893730e+01,2.500002191084199055e+01
3.893603324394901932e+01,3.967583030265882371e+01,4.039579875090253580e+01,4.108932432260773737e+01,4.174979218883035514e+01,4.237069027557791401e+01,4.294571501839435257e+01,4.346887718319528915e+01,4.393460528866451398e+01,4.433784414437920418e+01,4.467414607402000115e+01,4.493975252498208306e+01,4.513166397194255808e+01,4.524769629702002049e+01,4.528652216489876992e+01,4.524769629702002049e+01,4.513166397194255808e+01,4.493975252498208306e+01,4.467414607402000115e+01,4.433784414437920418e+01,4.393460528866451398e+01,4.346887718319528915e+01,4.294571501839435257e+01,4.237069027557791401e+01,4.174979218883035514e+01,4.108932432260773737e+01,4.039579875090253580e+01,3.967583030265882371e+01,3.893603324394901932e+01,3.818292260611304556e+01,3.742282214879658397e+01,3.666178067762625403e+01,3.590549812949957698e+01,3.515926250634078798e+01,3.442789839315373968e+01,3.371572745053025955e+01,3.302654093695393556e+01,3.236358400264850843e+01,3.172955121323409244e+01,3.112659251521655790e+01,3.055632865158111855e+01,3.001987487776619901e+01,2.951787171739084670e+01,2.905052143280618537e+01,2.861762886569484721e+01,2.821864532399590075e+01,2.785271424869301882e+01,2.751871748193486766e+01,2.721532107049084814e+01,2.694101966937289205e+01,2.669417875330351819e+01,2.647307399258977867e+01,2.627592729936346672e+01,2.610093919520447514e+01,2.594631728776651869e+01,2.581030076888485070e+01,2.569118095732069307e+01,2.558731800417305990e+01,2.549715395723172406e+01,2.541922244202453030e+01,2.535215526250926388e+01,2.529468625425661088e+01,2.524565273893965767e+01,2.520399493263838053e+01,2.516875365370677642e+01,2.513906666063355999e+01,2.511416392834107114e+01,2.509336214451757030e+01,2.507605867753448337e+01,2.506172523575575184e+01,2.504990140589036685e+01,2.504018822654564858e+01,2.503224192316312013e+01,2.502576790270684981e+01,2.502051508127511781e+01,2.501627059549473486e+01,2.501285492925550358e+01,2.501011747104512750e+01,2.500793250374628940e+01,2.500619561807428326e+01,2.500482053262735604e+01,2.500373629752133553e+01,2.500288485449555864e+01,2.500221892391765621e+01,2.500170018799746074e+01,2.500129773947974599e+01,2.500098676588033442e+01,2.500074744074424515e+01,2.500056399525300677e+01,2.500042394563250170e+01,2.500031745408418260e+01,2.500023680327729636e+01,2.500017596671836273e+01,2.500013025949723655e+01,2.500009605595558071e+01,2.500007056270685979e+01,2.500005163714289580e+01,2.500003764308541676e+01,2.500002733658490328e+01,2.500001977604036085e+01
3.752570890925625235e+01,3.819063862398310505e+01,3.883774638045068173e+01,3.946108727525492554e+01,4.005471589908261620e+01,4.061277919878739340e+01,4.112961152962773781e+01,4.159982976705039448e+01,4.201842626275690407e+01,4.238085741078657520e+01,4.268312563895189271e+01,4.292185275957042734e+01,4.309434279880198915e+01,4.319863267114533301e+01,4.323352936740641894e+01,4.319863267114533301e+01,4.309434279880198915e+01,4.292185275957042734e+01,4.268312563895189271e+01,4.238085741078657520e+01,4.201842626275690407e+01,4.159982976705039448e+01,4.112961152962773781e+01,4.061277919878739340e+01,4.005471589908261620e+01,3.946108727525492554e+01,3.883774638045068173e+01,3.819063862398310505e+01,3.752570890925625235e+01,3.684881294748076641e+01,3.616563453483798440e+01,3.548161033879274129e+01,3.480186346354054194e+01,3.413114676605685105e+01,3.347379658411502135e+01,3.283369722694639137e+01,3.221425627828256921e+01,3.161839047966384797e+01,3.104852170710068293e+01,3.050658233285650311e+01,2.999402908098572595e+01,2.951186434325483887e+01,2.906066382239510659e+01,2.864060931184008751e+01,2.825152540326289596e+01,2.789291893215139950e+01,2.756402002312467303e+01,2.726382367572704624e+01,2.699113093258144858e+01,2.674458878937176465e+01,2.652272813451708089e+01,2.632399914021351606e+01,2.614680366080064644e+01,2.598952432478658636e+01,2.585055012964373589e+01,2.572829846071191895e+01,2.562123355502033917e+01,2.552788151611444434e+01,2.544684205629842566e+01,2.537679719796210875e+01,2.531651720628386215e+01,2.526486405247203848e+01,2.522079272106039838e+01,2.518335067809207217e+01,2.515167581095017368e+01,2.512499313682640789e+01,2.510261055705778688e+01,2.508391391042919238e+01,2.506836155153645151e+01,2.505547865177255318e+01,2.504485139159787721e+01,2.503612118444885581e+01,2.502897904569732646e+01,2.502316019507546585e+01,2.501843895833223996e+01,2.501462401383376388e+01,2.501155401247147836e+01,2.500909358459403009e+01,2.500712973563626917e+01,2.500556862251638890e+01,2.500433269549669291e+01,2.500335818480994021e+01,2.500259290768214981e+01,2.500199436917219131e+01,2.500152812924412515e+01,2.500116640845201843e+01,2.500088690533111446e+01,2.500067179986050903e+01,2.500050691902363553e+01,2.500038104240232073e+01,2.500028532778165413e+01,2.500021283882352208e+01,2.500015815891461912e+01,2.500011707725695587e+01,2.500008633510824296e+01,2.500006342177221441e+01,2.500004641147229734e+01,2.500003383361119447e+01,2.500002457012688595e+01,2.500001777470824038e+01
3.621110252115481387e+01,3.680624609787134460e+01,3.738543817814007753e+01,3.794335779194449287e+01,3.847468351645545681e+01,3.897417659198598727e+01,3.943676599824436124e+01,3.985763358388389577e+01,4.023229726658321681e+01,4.055669030388411755e+01,4.082723467940806472e+01,4.104090675523415399e+01,4.119529350713081328e+01,4.128863788062935924e+01,4.131987207601638090e+01,4.128863788062935924e+01,4.119529350713081328e+01,4.104090675523415399e+01,4.082723467940806472e+01,4.055669030388411755e+01,4.023229726658321681e+01,3.985763358388389577e+01,3.943676599824436124e+01,3.897417659198598727e+01,3.847468351645545681e+01,3.794335779194449287e+01,3.738543817814007753e+01,3.680624609787134460e+01,3.621110252115481387e+01,3.560524858677090521e+01,3.499377156140922551e+01,3.438153751985757367e+01,3.377313188293145174e+01,3.317280868265467575e+01,3.258444914664441683e+01,3.201152991557081862e+01,3.145710093821053732e+01,3.092377283633938845e+01,3.041371330365385006e+01,2.992865190482059035e+01,2.946989247683897872e+01,2.903833220779966950e+01,2.863448637890460802e+01,2.825851770388408823e+01,2.791026918398058854e+01,2.758929941360619154e+01,2.729491931784412628e+01,2.702622937370340495e+01,2.678215645756521468e+01,2.656148956650674364e+01,2.636291377610590914e+01,2.618504191709943640e+01,2.602644357345480941e+01,2.588567112111003610e+01,2.576128263652772787e+01,2.565186160465590604e+01,2.555603344492283924e+01,2.547247895021800446e+01,2.539994479675504024e+01,2.533725133217133774e+01,2.528329788557800484e+01,2.523706586732494017e+01,2.519761993909212094e+01,2.516410753788908750e+01,2.513575703210578993e+01,2.511187477543614577e+01,2.509184130680839431e+01,2.507510692285667631e+01,2.506118682529928776e+01,2.504965602005151837e+01,2.504014411903255066e+01,2.503233017029019436e+01,2.502593761795293403e+01,2.502072947114467283e+01,2.501650374072586658e+01,2.501308918477579724e+01,2.501034138820300257e+01,2.500813918876025710e+01,2.500638145096186093e+01,2.500498418080646346e+01,2.500387796760712789e+01,2.500300573440289753e+01,2.500232077514039730e+01,2.500178505483533442e+01,2.500136774802492923e+01,2.500104399078981388e+01,2.500079382226313385e+01,2.500060129268246811e+01,2.500045371652695181e+01,2.500034105099106796e+01,2.500025538187382779e+01,2.500019050082420691e+01,2.500014155971684104e+01,2.500010478968816585e+01,2.500007727400953428e+01,2.500005676548892808e+01,2.500004154046512284e+01,2.500003028268391958e+01,2.500002199142686976e+01,2.500001590920544459e+01
3.499257005479689298e+01,3.552302759648654273e+01,3.603926740665221473e+01,3.653654685043269978e+01,3.701012288937026540e+01,3.745532616350914168e+01,3.786763682072785997e+01,3.824276039357545187e+01,3.857670195635191135e+01,3.886583678001449726e+01,3.910697574206154314e+01,3.929742384316642756e+01,3.943503033021342929e+01,3.951822912262883136e+01,3.954606847963417948e+01,3.951822912262883136e+01,3.943503033021342929e+01,3.929742384316642756e+01,3.910697574206154314e+01,3.886583678001449726e+01,3.857670195635191135e+01,3.824276039357545187e+01,3.786763682072785997e+01,3.745532616350914168e+01,3.701012288937026540e+01,3.653654685043269978e+01,3.603926740665221473e+01,3.552302759648654273e+01,3.499257005479689298e+01,3.445256626204931649e+01,3.390755055094546577e+01,3.336186010358827048e+01,3.281958195233188746e+01,3.228450775931954553e+01,3.176009690232342564e+01,3.124944814664210213e+01,3.075527994273638654e+01,3.027991916442906017e+01,2.982529789922701724e+01,2.939295772576298305e+01,2.898406076725648006e+01,2.859940669660598189e+01,2.823945478920376928e+01,2.790435007345769236e+01,2.759395261477343908e+01,2.730786898384720729e+01,2.704548500117560295e+01,2.680599891273966406e+01,2.658845423250975415e+01,2.639177158122587841e+01,2.621477895333555708e+01,2.605623995072227572e+01,2.591487962898288799e+01,2.578940770602202193e+01,2.567853898068003815e+01,2.558101089863956545e+01,2.549559828221330093e+01,2.542112530864484299e+01,2.535647487765677965e+01,2.530059555306328178e+01,2.525250629567184291e+01,2.521129922613548757e+01,2.517614066786709870e+01,2.514627072277527020e+01,2.512100162773363721e+01,2.509971512871289079e+01,2.508185909373991151e+01,2.506694356659653877e+01,2.505453644162829008e+01,2.504425891727159836e+01,2.503578086285126147e+01,2.502881621061788309e+01,2.502311846350171010e+01,2.501847638911705474e+01,2.501470995248310558e+01,2.501166652392889489e+01,2.500921738481004652e+01,2.500725454197948849e+01,2.500568785234701963e+01,2.500444245120231201e+01,2.500345647209195832e+01,2.500267904173834665e+01,2.500206853055960110e+01,2.500159103758618429e+01,2.500121908776863222e+01,2.500093051964194046e+01,2.500070754188184807e+01,2.500053593830238086e+01,2.500040440216936943e+01,2.500030398222780192e+01,2.500022762446959490e+01,2.500016979532813721e+01,2.500012617361983658e+01,2.500009340011814629e+01,2.500006887511306175e+01,2.500005059565941323e+01,2.500003702544036699e+01,2.500002699126512695e+01,2.500001960118312994e+01,2.500001418003711962e+01
3.386929188357080989e+01,3.434011998317753012e+01,3.479832858548603980e+01,3.523970818156619345e+01,3.566004890426007989e+01,3.605520628261276528e+01,3.642116854712792673e+01,3.675412397718729096e+01,3.705052672203451891e+01,3.730715951326896374e+01,3.752119172191681429e+01,3.769023129713201570e+01,3.781236925483457867e+01,3.788621555966369669e+01,3.791092545729536312e+01,3.788621555966369669e+01,3.781236925483457867e+01,3.769023129713201570e+01,3.752119172191681429e+01,3.730715951326896374e+01,3.705052672203451891e+01,3.675412397718729096e+01,3.642116854712792673e+01,3.605520628261276528e+01,3.566004890426007989e+01,3.523970818156619345e+01,3.479832858548603980e+01,3.434011998317753012e+01,3.386929188357080989e+01,3.338999063976172721e+01,3.290624087404540177e+01,3.242189222008085636e+01,3.194057228144634664e+01,3.146564649446981221e+01,3.100018536363896260e+01,3.054693931789863726e+01,3.010832122305568603e+01,2.968639638593281305e+01,2.928287970549487795e+01,2.889913946945767265e+01,2.853620716521451683e+01,2.819479257336332623e+01,2.787530334153494849e+01,2.757786819529984967e+01,2.730236293029871675e+01,2.704843834314223017e+01,2.681554929506685170e+01,2.660298415829572249e+01,2.640989396667370315e+01,2.623532067540777746e+01,2.607822402565789943e+01,2.593750660447431144e+01,2.581203678566025772e+01,2.570066932945727345e+01,2.560226350588784427e+01,2.551569868605487912e+01,2.543988741613434712e+01,2.537378604917930502e+01,2.531640305964934612e+01,2.526680520470725355e+01,2.522412172508890293e+01,2.518754679737958213e+01,2.515634045969289545e+01,2.512982823509873143e+01,2.510739967284408891e+01,2.508850601766238242e+01,2.507265720347442794e+01,2.505941835069616985e+01,2.504840592724795911e+01,2.503928371315687684e+01,2.503175868817867311e+01,2.502557694182246451e+01,2.502051968608395427e+01,2.501639943349258033e+01,2.501305638704063838e+01,2.501035507436271033e+01,2.500818124624948169e+01,2.500643904920804772e+01,2.500504847325360203e+01,2.500394306931807975e+01,2.500306792543888790e+01,2.500237788707163133e+01,2.500183600427143205e+01,2.500141218692210643e+01,2.500108204848126192e+01,2.500082591868383375e+01,2.500062800615212666e+01,2.500047569276065573e+01,2.500035894278036608e+01,2.500026981117880709e+01,2.500020203689837572e+01,2.500015070840809273e+01,2.500011199027439446e+01,2.500008290088588225e+01,2.500006113276943864e+01,2.500004490813363489e+01,2.500003286336107067e+01,2.500002395714089687e+01,2.500001739778790366e+01,2.500001258604017451e+01
3.283941330525477298e+01,3.325557009849119083e+01,3.366057273688372220e+01,3.405070050848048879e+01,3.442223238469834001e+01,3.477150513952398114e+01,3.509497283946242874e+01,3.538926637075314829e+01,3.565125161739652526e+01,3.587808489163962378e+01,3.606726424961463096e+01,3.621667539905617161e+01,3.632463102203704608e+01,3.638990249040462288e+01,3.641174314045965588e+01,3.638990249040462288e+01,3.632463102203704608e+01,3.621667539905617161e+01,3.606726424961463096e+01,3.587808489163962378e+01,3.565125161739652526e+01,3.538926637075314829e+01,3.509497283946242874e+01,3.477150513952398114e+01,3.442223238469834001e+01,3.405070050848048879e+01,3.366057273688372220e+01,3.325557009849119083e+01,3.283941330525477298e+01,3.241576724677943844e+01,3.198818921692620521e+01,3.156008184013489171e+01,3.113465149230687246e+01,3.071487282425682253e+01,3.030345980165989062e+01,2.990284348096887967e+01,2.951515655243214908e+01,2.914222450493853955e+01,2.878556310794731488e+01,2.844638176724476963e+01,2.812559219665223864e+01,2.782382175893282650e+01,2.754143076675898172e+01,2.727853299843036794e+01,2.703501867186745855e+01,2.681057913224950795e+01,2.660473254087594341e+01,2.641684990229420649e+01,2.624618083004055791e+01,2.609187852493463566e+01,2.595302352022547510e+01,2.582864583163556915e+01,2.571774523439163218e+01,2.561930947092924526e+01,2.553233026980116804e+01,2.545581712655659956e+01,2.538880885961658151e+01,2.533038300754119732e+01,2.527966317809801922e+01,2.523582449412536022e+01,2.519809730660834290e+01,2.516576936220341310e+01,2.513818662142988103e+01,2.511475292582444396e+01,2.509492870855153157e+01,2.507822893434625300e+01,2.506422044229879731e+01,2.505251884988549094e+01,2.504278515975145325e+01,2.503472219289256628e+01,2.502807095379581881e+01,2.502260701538103405e+01,2.501813699472493013e+01,2.501449517490325292e+01,2.501154031411171985e+01,2.500915267067558290e+01,2.500723126169977206e+01,2.500569136394397773e+01,2.500446225796997624e+01,2.500348521059871132e+01,2.500271168609860339e+01,2.500210177315082660e+01,2.500162281233980366e+01,2.500124820753358890e+01,2.500095640389021767e+01,2.500073001520348015e+01,2.500055508374844138e+01,2.500042045658278411e+01,2.500031726329961401e+01,2.500023848142251026e+01,2.500017857691122103e+01,2.500013320854867871e+01,2.500009898626166205e+01,2.500007327465555562e+01,2.500005403419488559e+01,2.500003969352062683e+01,2.500002904735501019e+01,2.500002117530142698e+01,2.500001537760305581e+01,2.500001112458267016e+01
3.190018991603323073e+01,3.226648785139707343e+01,3.262296798742075055e+01,3.296635538271627297e+01,3.329337481719932157e+01,3.360080194815280663e+01,3.388551567281146504e+01,3.414455052374920996e+01,3.437514787672031247e+01,3.457480474013684102e+01,3.474131892269000588e+01,3.487282944096160264e+01,3.496785113098685116e+01,3.502530256393180252e+01,3.504452653228266001e+01,3.502530256393180252e+01,3.496785113098685116e+01,3.487282944096160264e+01,3.474131892269000588e+01,3.457480474013684102e+01,3.437514787672031247e+01,3.414455052374920996e+01,3.388551567281146504e+01,3.360080194815280663e+01,3.329337481719932157e+01,3.296635538271627297e+01,3.262296798742075055e+01,3.226648785139707343e+01,3.190018991603323073e+01,3.152729998832661451e+01,3.115094917034729249e+01,3.077413242535761739e+01,3.039967198020035966e+01,3.003018609912004422e+01,2.966806359335227228e+01,2.931544425966087530e+01,2.897420527522387346e+01,2.864595342099951125e+01,2.833202286534075753e+01,2.803347811770594689e+01,2.775112166142783465e+01,2.748550569627484563e+01,2.723694736662656624e+01,2.700554681924723610e+01,2.679120742481415007e+01,2.659365750778236759e+01,2.641247295751843538e+01,2.624710013717352197e+01,2.609687856248578441e+01,2.596106288747871460e+01,2.583884380475186759e+01,2.572936754177536045e+01,2.563175370857284818e+01,2.554511132399989748e+01,2.546855291546104993e+01,2.540120664873133194e+01,2.534222649934688221e+01,2.529080052400558998e+01,2.524615732915934885e+01,2.520757086442000983e+01,2.517436369077976721e+01,2.514590888844915639e+01,2.512163077702281910e+01,2.510100462251153175e+01,2.508355550243157239e+01,2.506885649255872295e+01,2.505652632806798508e+01,2.504622667848608231e+01,2.503765916100825351e+01,2.503056220101308682e+01,2.502470783268762133e+01,2.501989851708153267e+01,2.501596404006716057e+01,2.501275853891151968e+01,2.501015769368967412e+01,2.500805610872156848e+01,2.500636489965741660e+01,2.500500949376765192e+01,2.500392764435911630e+01,2.500306765494968531e+01,2.500238680477026421e+01,2.500184996419201511e+01,2.500142838665429323e+01,2.500109866245100321e+01,2.500084181917982562e+01,2.500064255363883348e+01,2.500048858034835320e+01,2.500037008257629623e+01,2.500027925266030593e+01,2.500020990947188082e+01,2.500015718199233206e+01,2.500011724911655264e+01,2.500008712692875790e+01,2.500006449577534440e+01,2.500004756047323085e+01,2.500003493792457476e+01,2.500002556725335623e+01,2.500001863833372440e+01,2.500001353524523040e+01,2.500000979177014671e+01
3.104813386325688285e+01,3.136920023590374385e+01,3.168166114038600512e+01,3.198264603485632307e+01,3.226928413318523070e+01,3.253874924412129133e+01,3.278830566798736612e+01,3.301535412212916754e+01,3.321747662545929103e+01,3.339247926326427063e+01,3.353843177739323522e+01,3.365370298421679252e+01,3.373699111225081992e+01,3.378734827072257474e+01,3.380419840606433723e+01,3.378734827072257474e+01,3.373699111225081992e+01,3.365370298421679252e+01,3.353843177739323522e+01,3.339247926326427063e+01,3.321747662545929103e+01,3.301535412212916754e+01,3.278830566798736612e+01,3.253874924412129133e+01,3.226928413318523070e+01,3.198264603485632307e+01,3.168166114038600512e+01,3.136920023590374385e+01,3.104813386325688285e+01,3.072128949716350732e+01,3.039141160186149904e+01,3.006112531360751206e+01,2.973290436224739253e+01,2.940904370093941722e+01,2.909163716337550554e+01,2.878256031782629520e+01,2.848345854202716509e+01,2.819574020682624749e+01,2.792057473348486241e+01,2.765889518265510105e+01,2.741140494463182975e+01,2.717858803190734918e+01,2.696072242692635612e+01,2.675789591003163892e+01,2.657002378397775288e+01,2.639686792052720321e+01,2.623805657949381853e+01,2.609310448875986665e+01,2.596143272263216062e+01,2.584238797268075771e+01,2.573526086719937922e+01,2.563930306003924642e+01,2.555374287440687553e+01,2.547779935016975728e+01,2.541069460249825340e+01,2.535166445386053269e+01,2.529996734941951075e+01,2.525489160705625480e+01,2.521576108720111620e+01,2.518193939433566797e+01,2.515283274164340810e+01,2.512789162326227910e+01,2.510661144552219426e+01,2.508853227015361043e+01,2.507323781951908259e+01,2.506035388727226731e+01,2.504954628830710206e+01,2.504051847020730648e+01,2.503300889536773965e+01,2.502678828918221399e+01,2.502165683573700505e+01,2.501744138878116530e+01,2.501399275273572087e+01,2.501118307643346483e+01,2.500890339134497964e+01,2.500706131636344765e+01,2.500557894284399296e+01,2.500439090652034224e+01,2.500344264710685849e+01,2.500268885175738021e+01,2.500209207499093012e+01,2.500162152509013325e+01,2.500125200520547963e+01,2.500096299633127117e+01,2.500073786883407578e+01,2.500056320919703268e+01,2.500042824898817884e+01,2.500032438367481902e+01,2.500024476970804344e+01,2.500018398922356511e+01,2.500013777269061777e+01,2.500010277084556876e+01,2.500007636823545809e+01,2.500005653164443942e+01,2.500004168756399636e+01,2.500003062368533335e+01,2.500002241013257276e+01,2.500001633681662838e+01,2.500001186387273577e+01,2.500000858265313397e+01
3.027915743620929589e+01,3.055940254436943349e+01,3.083213630733114385e+01,3.109485315185779797e+01,3.134504729148934032e+01,3.158025186472790580e+01,3.179807899630150558e+01,3.199625988352430284e+01,3.217268397409591785e+01,3.232543629367287252e+01,3.245283200245145139e+01,3.255344730998958624e+01,3.262614595562142483e+01,3.267010056602241974e+01,3.268480832866487873e+01,3.267010056602241974e+01,3.262614595562142483e+01,3.255344730998958624e+01,3.245283200245145139e+01,3.232543629367287252e+01,3.217268397409591785e+01,3.199625988352430284e+01,3.179807899630150558e+01,3.158025186472790580e+01,3.134504729148934032e+01,3.109485315185779797e+01,3.083213630733114385e+01,3.055940254436943349e+01,3.027915743620929589e+01,2.999386896463174779e+01,2.970593265511909919e+01,2.941763987686119819e+01,2.913114984286592346e+01,2.884846571961488593e+01,2.857141512500724190e+01,2.830163516238872390e+01,2.804056201162960704e+01,2.778942497942249190e+01,2.754924480358293337e+01,2.732083591285726953e+01,2.710481226655751641e+01,2.690159633849224363e+01,2.671143076765114444e+01,2.653439217374201675e+01,2.637040662816089664e+01,2.621926627895143724e+01,2.608064665000041771e+01,2.595412416802609101e+01,2.583919351354524352e+01,2.573528444156428918e+01,2.564177777185293650e+01,2.555802030505656575e+01,2.548333847749837844e+01,2.541705062247189773e+01,2.535847775757101985e+01,2.530695286490378848e+01,2.526182867296116186e+01,2.522248398485243825e+01,2.518832862725842858e+01,2.515880711774281764e+01,2.513340116518330092e+01,2.511163112940928954e+01,2.509305657218215657e+01,2.507727603305298558e+01,2.506392616107172699e+01,2.505268032751939700e+01,2.504324683650638761e+01,2.503536684010884983e+01,2.502881205333438430e+01,2.502338235218283913e+01,2.501890332588707366e+01,2.501522384248822206e+01,2.501221367554488140e+01,2.500976122923999512e+01,2.500777138960363644e+01,2.500616352111780927e+01,2.500486962065770058e+01,2.500383263455020000e+01,2.500300493945493230e+01,2.500234698372601727e+01,2.500182608280424645e+01,2.500141535991615171e+01,2.500109282180919124e+01,2.500084055832066809e+01,2.500064405415462332e+01,2.500049160122574676e+01,2.500037380023022138e+01,2.500028314063937884e+01,2.500021364901201082e+01,2.500016059632602605e+01,2.500012025589060016e+01,2.500008970427670363e+01,2.500006665856729171e+01,2.500004934405518853e+01,2.500003638729208788e+01,2.500002673010548548e+01,2.500001956084648569e+01,2.500001425970868496e+01,2.500001035546722150e+01,2.500000749143093159e+01
2.958871094377008859e+01,2.983230356442809494e+01,3.006936722808284657e+01,3.029772405853529094e+01,3.051519599424986851e+01,3.071963880776435118e+01,3.090897692745102887e+01,3.108123828109203401e+01,3.123458834972190701e+01,3.136736261322869623e+01,3.147809658737616445e+01,3.156555269536118402e+01,3.162874328492760156e+01,3.166694919263415997e+01,3.167973336742177182e+01,3.166694919263415997e+01,3.162874328492760156e+01,3.156555269536118402e+01,3.147809658737616445e+01,3.136736261322869623e+01,3.123458834972190701e+01,3.108123828109203401e+01,3.090897692745102887e+01,3.071963880776435118e+01,3.051519599424986851e+01,3.029772405853529094e+01,3.006936722808284657e+01,2.983230356442809494e+01,2.958871094377008859e+01,2.934073456733541008e+01,2.909045665641215805e+01,2.883986889831115263e+01,2.859084810850513136e+01,2.834513546483684365e+01,2.810431955608323662e+01,2.786982337334268678e+01,2.764289526246725970e+01,2.742460375250573890e+01,2.721583608178005065e+01,2.701730016213908669e+01,2.682952965484378183e+01,2.665289177951436628e+01,2.648759744105390368e+01,2.633371323828918875e+01,2.619117491153519595e+01,2.605980179322170187e+01,2.593931184457458627e+01,2.582933689029752244e+01,2.572943770025373666e+01,2.563911861022516447e+01,2.555784142086214672e+01,2.548503836295846625e+01,2.542012396637948157e+01,2.536250571773382489e+01,2.531159343685826002e+01,2.526680734329775646e+01,2.522758482040504902e+01,2.519338591592354959e+01,2.516369764368051776e+01,2.513803717126085502e+01,2.511595399341373636e+01,2.509703120078829031e+01,2.508088595885266869e+01,2.506716931306674567e+01,2.505556543415262638e+01,2.504579041226382330e+01,2.503759070161445877e+01,2.503074130828926158e+01,2.502504380406258733e+01,2.502032423860227084e+01,2.501643101184607687e+01,2.501323275796868728e+01,2.501061628248706015e+01,2.500848458489436155e+01,2.500675499091538967e+01,2.500535741112993904e+01,2.500423273635499655e+01,2.500333137481056056e+01,2.500261193168205764e+01,2.500204002817467597e+01,2.500158725445287899e+01,2.500123024888253553e+01,2.500094989464815498e+01,2.500073062400800339e+01,2.500055982008178646e+01,2.500042730605249375e+01,2.500032491192542139e+01,2.500024610945330750e+01,2.500018570644489913e+01,2.500013959237391248e+01,2.500010452795316596e+01,2.500007797210088611e+01,2.500005794047647356e+01,2.500004289048182216e+01,2.500003162829815651e+01,2.500002323414845051e+01,2.500001700253713111e+01,2.500001239472057790e+01,2.500000900110412516e+01,2.500000651164727117e+01
2.897191235431520440e+01,2.918276210084916755e+01,2.938796049010660028e+01,2.958562238844380943e+01,2.977386250179290528e+01,2.995082482230071719e+01,3.011471276946970121e+01,3.026381935018093117e+01,3.039655663513740080e+01,3.051148384324008234e+01,3.060733334113793802e+01,3.068303390280387433e+01,3.073773063276810547e+01,3.077080103504166431e+01,3.078186680545101694e+01,3.077080103504166431e+01,3.073773063276810547e+01,3.068303390280387433e+01,3.060733334113793802e+01,3.051148384324008234e+01,3.039655663513740080e+01,3.026381935018093117e+01,3.011471276946970121e+01,2.995082482230071719e+01,2.977386250179290528e+01,2.958562238844380943e+01,2.938796049010660028e+01,2.918276210084916755e+01,2.897191235431520440e+01,2.875726810123223132e+01,2.854063167793389511e+01,2.832372705603940943e+01,2.810817877600344161e+01,2.789549397258985408e+01,2.768704770198902310e+01,2.748407168177762472e+01,2.728764645949352285e+01,2.709869693622154685e+01,2.691799109078956320e+01,2.674614167999416381e+01,2.658361063220288756e+01,2.643071580664987863e+01,2.628763975913356887e+01,2.615444013649773325e+01,2.603106131662103806e+01,2.591734691664064627e+01,2.581305280845498729e+01,2.571786030561246861e+01,2.563138921776596035e+01,2.555321050616024436e+01,2.548285831433319615e+01,2.541984119064355951e+01,2.536365236181897487e+01,2.531377895806047817e+01,2.526971012917279680e+01,2.523094402677622128e+01,2.519699365919936085e+01,2.516739165269282097e+01,2.514169397490370983e+01,2.511948269407339396e+01,2.510036786030235589e+01,2.508398860374683181e+01,2.507001354916324232e+01,2.505814064726889967e+01,2.504809652146063925e+01,2.503963542406757981e+01,2.503253789004786967e+01,2.502660916838697247e+01,2.502167750289224202e+01,2.501759232503106389e+01,2.501422241229509780e+01,2.501145405659706000e+01,2.500918927866321440e+01,2.500734411645800037e+01,2.500584700849517716e+01,2.500463728653098983e+01,2.500366378663354183e+01,2.500288358297767388e+01,2.500226084489603551e+01,2.500176581467201586e+01,2.500137390122151970e+01,2.500106488310013475e+01,2.500082221310833219e+01,2.500063241606614639e+01,2.500048457101052790e+01,2.500036986905685765e+01,2.500028123839275551e+01,2.500021302827527947e+01,2.500016074442949332e+01,2.500012082885178444e+01,2.500009047766870296e+01,2.500006749136186457e+01,2.500005015231884187e+01,2.500003712529220223e+01,2.500002737693215948e+01,2.500002011109490141e+01,2.500001471711513901e+01,2.500001072866528062e+01,2.500000779120696848e+01,2.500000563637425799e+01
2.842366671352975160e+01,2.860541273266843376e+01,2.878228745504424779e+01,2.895266595323416681e+01,2.911492316153439575e+01,2.926745925806064008e+01,2.940872564548773127e+01,2.953725094806512885e+01,2.965166641940755454e+01,2.975073015036641522e+01,2.983334947984505092e+01,2.989860104384031558e+01,2.994574794865910405e+01,2.997425362183792075e+01,2.998379197677390096e+01,2.997425362183792075e+01,2.994574794865910405e+01,2.989860104384031558e+01,2.983334947984505092e+01,2.975073015036641522e+01,2.965166641940755454e+01,2.953725094806512885e+01,2.940872564548773127e+01,2.926745925806064008e+01,2.911492316153439575e+01,2.895266595323416681e+01,2.878228745504424779e+01,2.860541273266843376e+01,2.842366671352975160e+01,2.823864994604437584e+01,2.805191598889175708e+01,2.786495085276932926e+01,2.767915484175815877e+01,2.749582705983225139e+01,2.731615276328335185e+01,2.714119365491140101e+01,2.697188113357615080e+01,2.680901243566523462e+01,2.665324953539035846e+01,2.650512061032969058e+01,2.636502382857830895e+01,2.623323317505392893e+01,2.610990600725960320e+01,2.599509201500783462e+01,2.588874325373481611e+01,2.579072492620578672e+01,2.570082660147951614e+01,2.561877358160221618e+01,2.554423815414718391e+01,2.547685050085711467e+01,2.541620906773977850e+01,2.536189023854300828e+01,2.531345719023821417e+01,2.527046784477773755e+01,2.523248186495039391e+01,2.519906667283412105e+01,2.516980249653408208e+01,2.514428647420291796e+01,2.512213586356167028e+01,2.510299042024366756e+01,2.508651401938717385e+01,2.507239560224723007e+01,2.506034953352025596e+01,2.505011545598214084e+01,2.504145772737972564e+01,2.503416452075267529e+01,2.502804666396134081e+01,2.502293628760015665e+01,2.501868534309524250e+01,2.501516404498629598e+01,2.501225928349298044e+01,2.500987304572912606e+01,2.500792087656375884e+01,2.500633040329558909e+01,2.500503994211677750e+01,2.500399719886064531e+01,2.500315807178602867e+01,2.500248556014727797e+01,2.500194877900732138e+01,2.500152207812649152e+01,2.500118426074399025e+01,2.500091789659451180e+01,2.500070872249921550e+01,2.500054512326597944e+01,2.500041768535936626e+01,2.500031881579082693e+01,2.500024241887482646e+01,2.500018362384414772e+01,2.500013855677153529e+01,2.500010415076693349e+01,2.500007798897735611e+01,2.500005817548537124e+01,2.500004322976171167e+01,2.500003200086402089e+01,2.500002359807643870e+01,2.500001733514741886e+01,2.500001268570218116e+01,2.500000924778064615e+01,2.500000671578161260e+01,2.500000485838186037e+01
2.793877388937049844e+01,2.809477927781297524e+01,2.824660328969870093e+01,2.839285113555705919e+01,2.853212790722133363e+01,2.866306036507020494e+01,2.878431923912352275e+01,2.889464154410877939e+01,2.899285238875448201e+01,2.907788575510847195e+01,2.914880373531653390e+01,2.920481374112465289e+01,2.924528324485834219e+01,2.926975166864088607e+01,2.927793910941093003e+01,2.926975166864088607e+01,2.924528324485834219e+01,2.920481374112465289e+01,2.914880373531653390e+01,2.907788575510847195e+01,2.899285238875448201e+01,2.889464154410877939e+01,2.878431923912352275e+01,2.866306036507020494e+01,2.853212790722133363e+01,2.839285113555705919e+01,2.824660328969870093e+01,2.809477927781297524e+01,2.793877388937049844e+01,2.777996098762598720e+01,2.761967410123885358e+01,2.745918877768563959e+01,2.729970699642723986e+01,2.714234386975635971e+01,2.698811678649434853e+01,2.683793708081238805e+01,2.669260423784691838e+01,2.655280258165039342e+01,2.641910033123814827e+01,2.629195085856649072e+01,2.617169593931025418e+01,2.605857075399067213e+01,2.595271037361786526e+01,2.585415745045204261e+01,2.576287083030267056e+01,2.567873480722433044e+01,2.560156875354285688e+01,2.553113687668799869e+01,2.546715787803947251e+01,2.540931431658175654e+01,2.535726151028639563e+01,2.531063583953584839e+01,2.526906234840767596e+01,2.523216157022704209e+01,2.519955553260147596e+01,2.517087292348197991e+01,2.514575342313323603e+01,2.512385122690277939e+01,2.510483780017848332e+01,2.508840391988837837e+01,2.507426106642763486e+01,2.506214223620209580e+01,2.505180224834506930e+01,2.504301761994302566e+01,2.503558608267992369e+01,2.502932581058023231e+01,2.502407442389407066e+01,2.501968782850622119e+01,2.501603894391508121e+01,2.501301636613366952e+01,2.501052300508375836e+01,2.500847472941295990e+01,2.500679904534355202e+01,2.500543383029684108e+01,2.500432613672300164e+01,2.500343107686150290e+01,2.500271079508669914e+01,2.500213353105674940e+01,2.500167277405835975e+01,2.500130650668712562e+01,2.500101653427271131e+01,2.500078789519272959e+01,2.500060834635780438e+01,2.500046791763176657e+01,2.500035852871519992e+01,2.500027366201210555e+01,2.500020808516693904e+01,2.500015761725769536e+01,2.500011893302019672e+01,2.500008939992704526e+01,2.500006694342338065e+01,2.500004993610994219e+01,2.500003710714435456e+01,2.500002746859185976e+01,2.500002025588840482e+01,2.500001487997602112e+01,2.500001088903022861e+01,2.500000793802042409e+01,2.500000576462760549e+01,2.500000417029078648e+01
2.751202370242755535e+01,2.764537497347681239e+01,2.777515206106903634e+01,2.790016271825296101e+01,2.801921459661751612e+01,2.813113386972766961e+01,2.823478429579595783e+01,2.832908629229586239e+01,2.841303557824731740e+01,2.848572093609366718e+01,2.854634065503676155e+01,2.859421724148392130e+01,2.862881001943536674e+01,2.864972529322526640e+01,2.865672380554735099e+01,2.864972529322526640e+01,2.862881001943536674e+01,2.859421724148392130e+01,2.854634065503676155e+01,2.848572093609366718e+01,2.841303557824731740e+01,2.832908629229586239e+01,2.823478429579595783e+01,2.813113386972766961e+01,2.801921459661751612e+01,2.790016271825296101e+01,2.777515206106903634e+01,2.764537497347681239e+01,2.751202370242755535e+01,2.737627260742957702e+01,2.723926157053110941e+01,2.710208091225876359e+01,2.696575806820618126e+01,2.683124622110043589e+01,2.669941502098267705e+01,2.657104346383048821e+01,2.644681493859725308e+01,2.632731439611777446e+01,2.621302754223007980e+01,2.610434191307785312e+01,2.600154965383061523e+01,2.590485179357939316e+01,2.581436378917512897e+01,2.573012209918614701e+01,2.565209154557358318e+01,2.558017322447877717e+01,2.551421273783780563e+01,2.545400853338852443e+01,2.539932016091999856e+01,2.534987627619645068e+01,2.530538224973706107e+01,2.526552726446902142e+01,2.522999081320124404e+01,2.519844853301322019e+01,2.517057733827655852e+01,2.514605983653331478e+01,2.512458803140484775e+01,2.510586633380669852e+01,2.508961391684854192e+01,2.507556646088028174e+01,2.506347734329221666e+01,2.505311833306609159e+01,2.504427985295246017e+01,2.503677087281527847e+01,2.503041849646611183e+01,2.502506730154943071e+01,2.502057848807726614e+01,2.501682888637191127e+01,2.501370986975973665e+01,2.501112621163728278e+01,2.500899492073438424e+01,2.500724408272239430e+01,2.500581173091222098e+01,2.500464476377376499e+01,2.500369792246604206e+01,2.500293283754565721e+01,2.500231715054187731e+01,2.500182371314915031e+01,2.500142986437255743e+01,2.500111678403612814e+01,2.500086891958466850e+01,2.500067348202810891e+01,2.500052000614120473e+01,2.500039996958800614e+01,2.500030646543915580e+01,2.500023392254277965e+01,2.500017786835297784e+01,2.500013472907482637e+01,2.500010166231802344e+01,2.500007641783416901e+01,2.500005722232215888e+01,2.500004268470338431e+01,2.500003171867917118e+01,2.500002347977640582e+01,2.500001731445619768e+01,2.500001271919986578e+01,2.500000930779401997e+01,2.500000678531122489e+01,2.500000492752478465e+01,2.500000356470749452e+01
2.713827796989060914e+01,2.725178887540713646e+01,2.736225737422219595e+01,2.746866860513519271e+01,2.757000762058119392e+01,2.766527523922123422e+01,2.775350427241762219e+01,2.783377576087435301e+01,2.790523484327257009e+01,2.796710587548706428e+01,2.801870642743715578e+01,2.805945980487328129e+01,2.808890577504443087e+01,2.810670921739887618e+01,2.811266647198443636e+01,2.810670921739887618e+01,2.808890577504443087e+01,2.805945980487328129e+01,2.801870642743715578e+01,2.796710587548706428e+01,2.790523484327257009e+01,2.783377576087435301e+01,2.775350427241762219e+01,2.766527523922123422e+01,2.757000762058119392e+01,2.746866860513519271e+01,2.736225737422219595e+01,2.725178887540713646e+01,2.713827796989060914e+01,2.702272429277275734e+01,2.690609813134412676e+01,2.678932758527189861e+01,2.667328722548198883e+01,2.655878841757760611e+01,2.644657142269669592e+01,2.633729933567227022e+01,2.623155386898677577e+01,2.612983294289562863e+01,2.603254999859856511e+01,2.594003491355564961e+01,2.585253636678188727e+01,2.577022547771227323e+01,2.569320052521281283e+01,2.562149254344667071e+01,2.555507158825947656e+01,2.549385347097820542e+01,2.543770676530366970e+01,2.538645990646858763e+01,2.533990821909970848e+01,2.529782073029615574e+01,2.525994664635423348e+01,2.522602139441229951e+01,2.519577215321264774e+01,2.516892281943407284e+01,2.514519837700849081e+01,2.512432865599285137e+01,2.510605148454912339e+01,2.509011525214240379e+01,2.507628091407245563e+01,2.506432347688708262e+01,2.505403301116058756e+01,2.504521524270761290e+01,2.503769177575304994e+01,2.503130000214511242e+01,2.502589274966148736e+01,2.502133772010827428e+01,2.501751676453799078e+01,2.501432503879325608e+01,2.501167007797298680e+01,2.500947082354730711e+01,2.500765663191340948e+01,2.500616628835244981e+01,2.500494704574822435e+01,2.500395370316099530e+01,2.500314773548349123e+01,2.500249648198266783e+01,2.500197239856926146e+01,2.500155237613660120e+01,2.500121712525435669e+01,2.500095062586363071e+01,2.500073963936076993e+01,2.500057327953650699e+01,2.500044263821033041e+01,2.500034046102265606e+01,2.500026086867589825e+01,2.500019911890935020e+01,2.500015140461467311e+01,2.500011468371589274e+01,2.500008653672128389e+01,2.500006504818053799e+01,2.500004870862911943e+01,2.500003633395688496e+01,2.500002699948764118e+01,2.500001998639127976e+01,2.500001473836421795e+01,2.500001082680264375e+01,2.500000792295506002e+01,2.500000577577412741e+01,2.500000419439421862e+01,2.500000303434059745e+01
2.681253941117203965e+01,2.690875842139598362e+01,2.700239849561212679e+01,2.709259937339183111e+01,2.717850072109857607e+01,2.725925556954441120e+01,2.733404406857489022e+01,2.740208725027062897e+01,2.746266048020461525e+01,2.751510627344467963e+01,2.755884615916803071e+01,2.759339129491814191e+01,2.761835155835766642e+01,2.763344288014854300e+01,2.763849262525687678e+01,2.763344288014854300e+01,2.761835155835766642e+01,2.759339129491814191e+01,2.755884615916803071e+01,2.751510627344467963e+01,2.746266048020461525e+01,2.740208725027062897e+01,2.733404406857489022e+01,2.725925556954441120e+01,2.717850072109857607e+01,2.709259937339183111e+01,2.700239849561212679e+01,2.690875842139598362e+01,2.681253941117203965e+01,2.671458881876488434e+01,2.661572912094275623e+01,2.651674703358073515e+01,2.641838389821318955e+01,2.632132747955236596e+01,2.622620526967646981e+01,2.613357934963160289e+01,2.604394281564530900e+01,2.595771773636314350e+01,2.587525457064933221e+01,2.579683294346640920e+01,2.572266365084827555e+01,2.565289174443195819e+01,2.558760053158928827e+01,2.552681631883635305e+01,2.547051372361734067e+01,2.541862138229759438e+01,2.537102788964809719e+01,2.532758781654005986e+01,2.528812766720458072e+01,2.525245165442799689e+01,2.522034718963276489e+01,2.519159000415708860e+01,2.516594883747789169e+01,2.514318964698786019e+01,2.512307931170406761e+01,2.510538881852513526e+01,2.508989593404847440e+01,2.507638737729882905e+01,2.506466051889578495e+01,2.505452464018390302e+01,2.504580179172770116e+01,2.503832729446183691e+01,2.503194992886399817e+01,2.502653185799818658e+01,2.502194832939678903e+01,2.501808719875778664e+01,2.501484831557374733e+01,2.501214280731736395e+01,2.500989229490054200e+01,2.500802806799558553e+01,2.500649024462455827e+01,2.500522693532685992e+01,2.500419342831651903e+01,2.500335140842317472e+01,2.500266821933355388e+01,2.500211617574823464e+01,2.500167192955811402e+01,2.500131589202534599e+01,2.500103171221091003e+01,2.500080581050142570e+01,2.500062696502060433e+01,2.500048594793014090e+01,2.500037520809380709e+01,2.500028859625840028e+01,2.500022112876008862e+01,2.500016878575928203e+01,2.500012834011058871e+01,2.500009721315834454e+01,2.500007335398860775e+01,2.500005513894475229e+01,2.500004128850934393e+01,2.500003079895586211e+01,2.500002288647038284e+01,2.500001694172712519e+01,2.500001249316804319e+01,2.500000917748149121e+01,2.500000671599693547e+01,2.500000489591081632e+01,2.500000355543335928e+01,2.500000257209866916e+01
2.653000772538005236e+01,2.661122848563698895e+01,2.669027230453151134e+01,2.676641301572838927e+01,2.683892439109588324e+01,2.690709148375188420e+01,2.697022223863694634e+01,2.702765911036080126e+01,2.707879041772933348e+01,2.712306116203778572e+01,2.715998304227469262e+01,2.718914341486918218e+01,2.721021296825632874e+01,2.722295191273605752e+01,2.722721452296087463e+01,2.722295191273605752e+01,2.721021296825632874e+01,2.718914341486918218e+01,2.715998304227469262e+01,2.712306116203778572e+01,2.707879041772933348e+01,2.702765911036080126e+01,2.697022223863694634e+01,2.690709148375188420e+01,2.683892439109588324e+01,2.676641301572838927e+01,2.669027230453151134e+01,2.661122848563698895e+01,2.653000772538005236e+01,2.644732529532376475e+01,2.636387546771489099e+01,2.628032232817779956e+01,2.619729166077419080e+01,2.611536402409304003e+01,2.603506909915607537e+01,2.595688135197354995e+01,2.588121701682586107e+01,2.580843237191824358e+01,2.573882324793243725e+01,2.567262568296520087e+01,2.561001761497382034e+01,2.555112148550293938e+01,2.549600761629105250e+01,2.544469821329550996e+01,2.539717185049585524e+01,2.535336828814686783e+01,2.531319348643899048e+01,2.527652468517778317e+01,2.524321543244882093e+01,2.521310045959775792e+01,2.518600031553847174e+01,2.516172568974728918e+01,2.514008136970375418e+01,2.512086979446378265e+01,2.510389418104840686e+01,2.508896121403940427e+01,2.507588330092391260e+01,2.506448040614640149e+01,2.505458148541645258e+01,2.504602554857055452e+01,2.503866238424814128e+01,2.503235298292444000e+01,2.502696969659580972e+01,2.502239617381873060e+01,2.501852710806137026e+01,2.501526783564501955e+01,2.501253381713891955e+01,2.501025003312416572e+01,2.500835032194405017e+01,2.500677668357301187e+01,2.500547857020596254e+01,2.500441218071224725e+01,2.500353977280745355e+01,2.500282900374289952e+01,2.500225230754607608e+01,2.500178631439576193e+01,2.500141131559647079e+01,2.500111077582762320e+01,2.500087089287180930e+01,2.500068020385365131e+01,2.500052923611986344e+01,2.500041020023215310e+01,2.500031672209642153e+01,2.500024361098144610e+01,2.500018666005779266e+01,2.500014247608302753e+01,2.500010833494679829e+01,2.500008205994438626e+01,2.500006191985043813e+01,2.500004654409769955e+01,2.500003485261499847e+01,2.500002599813284831e+01,2.500001931901523022e+01,2.500001430091573340e+01,2.500001054578096316e+01,2.500000774693090477e+01,2.500000566913311317e+01,2.500000413275503064e+01,2.500000300122605523e+01,2.500000217116980039e+01
2.628612345096851399e+01,2.635439756667337718e+01,2.642084174695299126e+01,2.648484557688097496e+01,2.654579858958484806e+01,2.660309980120288031e+01,2.665616747072386872e+01,2.670444886594098577e+01,2.674742980805944015e+01,2.678464376554634541e+01,2.681568027290433420e+01,2.684019246222902311e+01,2.685790351444342150e+01,2.686861186248911437e+01,2.687219500973833064e+01,2.686861186248911437e+01,2.685790351444342150e+01,2.684019246222902311e+01,2.681568027290433420e+01,2.678464376554634541e+01,2.674742980805944015e+01,2.670444886594098577e+01,2.665616747072386872e+01,2.660309980120288031e+01,2.654579858958484806e+01,2.648484557688097496e+01,2.642084174695299126e+01,2.635439756667337718e+01,2.628612345096851399e+01,2.621662065662670926e+01,2.614647278842533140e+01,2.607623807628752033e+01,2.600644255386895054e+01,2.593757423832375508e+01,2.587007837915772868e+01,2.580435381217564839e+01,2.574075042362987276e+01,2.567956770073685746e+01,2.562105431856600646e+01,2.556540869058054710e+01,2.551278039130608022e+01,2.546327234502156855e+01,2.541694366413245021e+01,2.537381301495133457e+01,2.533386238678003721e+01,2.529704114212978538e+01,2.526327023120077442e+01,2.523244646185723639e+01,2.520444672671974473e+01,2.517913210107012034e+01,2.515635173844769312e+01,2.513594650455531365e+01,2.511775230388136393e+01,2.510160306683091846e+01,2.508733337776600791e+01,2.507478073587784451e+01,2.506378745102800210e+01,2.505420218545122779e+01,2.504588115943359483e+01,2.503868904475340074e+01,2.503249957384335289e+01,2.502719589539168510e+01,2.502267070857355336e+01,2.501882620844485317e+01,2.501557387440670510e+01,2.501283413223532293e+01,2.501053591814283905e+01,2.500861617085686106e+01,2.500701927493386378e+01,2.500569647559189690e+01,2.500460528238046365e+01,2.500370887609899029e+01,2.500297553060892852e+01,2.500237805861778995e+01,2.500189328818786549e+01,2.500150157466336864e+01,2.500118635092831809e+01,2.500093371740350179e+01,2.500073207195436709e+01,2.500057177889569360e+01,2.500044487552158401e+01,2.500034481403551823e+01,2.500026623637834433e+01,2.500020477922493711e+01,2.500015690631733634e+01,2.500011976529826896e+01,2.500009106628242606e+01,2.500006897953331020e+01,2.500005204978407036e+01,2.500003912493679792e+01,2.500002929708441002e+01,2.500002185401275057e+01,2.500001623955103369e+01,2.500001202134001588e+01,2.500000886477629081e+01,2.500000651206483582e+01,2.500000476546943062e+01,2.500000347399106104e+01,2.500000252282857716e+01,2.500000182508385649e+01
2.607660045472196231e+01,2.613375200106710139e+01,2.618937172765616950e+01,2.624294866255500835e+01,2.629397179034592824e+01,2.634193803374009235e+01,2.638636042343705768e+01,2.642677627310235522e+01,2.646275516905846459e+01,2.649390658265117438e+01,2.651988691751672178e+01,2.654040581416954225e+01,2.655523155026296678e+01,2.656419539612599934e+01,2.656719481111601411e+01,2.656419539612599934e+01,2.655523155026296678e+01,2.654040581416954225e+01,2.651988691751672178e+01,2.649390658265117438e+01,2.646275516905846459e+01,2.642677627310235522e+01,2.638636042343705768e+01,2.634193803374009235e+01,2.629397179034592824e+01,2.624294866255500835e+01,2.618937172765616950e+01,2.613375200106710139e+01,2.607660045472196231e+01,2.601842039437356746e+01,2.595970034946146399e+01,2.590090760840080364e+01,2.584248250844884964e+01,2.578483356364805346e+01,2.572833348769090378e+01,2.567331614184745092e+01,2.562007441223068938e+01,2.556885899644914417e+01,2.551987805779584306e+01,2.547329768610032730e+01,2.542924308862955840e+01,2.538780042221820921e+01,2.534901916924102849e+01,2.531291495507257494e+01,2.527947270314624362e+01,2.524865002535117142e+01,2.522038074992883949e+01,2.519457849582445519e+01,2.517114021114158362e+01,2.514994960345537933e+01,2.513088040077536434e+01,2.511379939345005852e+01,2.509856921884735925e+01,2.508505086185073552e+01,2.507310585476416165e+01,2.506259816986456812e+01,2.505339580639058283e+01,2.504537208108581936e+01,2.503840663745939921e+01,2.503238619367596840e+01,2.502720505247896199e+01,2.502276539886059226e+01,2.501897741242551731e+01,2.501575922168058952e+01,2.501303672696070635e+01,2.501074331751754087e+01,2.500881950659942632e+01,2.500721250627649539e+01,2.500587576144414825e+01,2.500476845998565167e+01,2.500385503359043327e+01,2.500310466129178621e+01,2.500249078547179948e+01,2.500199064793300963e+01,2.500158485168934419e+01,2.500125695240543777e+01,2.500099308192221059e+01,2.500078160504765989e+01,2.500061280975661049e+01,2.500047863011800331e+01,2.500037240063422317e+01,2.500028864021346919e+01,2.500022286368060165e+01,2.500017141854191394e+01,2.500013134463294762e+01,2.500010025427534188e+01,2.500007623063011408e+01,2.500005774204402798e+01,2.500004357032845803e+01,2.500003275107433609e+01,2.500002452428215349e+01,2.500001829376491713e+01,2.500001359395788469e+01,2.500001006293767247e+01,2.500000742061127923e+01,2.500000545118119177e+01,2.500000398912449029e+01,2.500000290804149117e+01,2.500000211183334642e+01,2.500000152775855611e+01
2.589744807209128652e+01,2.594508927905857121e+01,2.599145356970945642e+01,2.603611500071910712e+01,2.607864759251506115e+01,2.611863198270433628e+01,2.615566223642229815e+01,2.618935266094791459e+01,2.621934446586510958e+01,2.624531210868847708e+01,2.626696916942545457e+01,2.628407360604513698e+01,2.629643225610517021e+01,2.630390446750264388e+01,2.630640476293572050e+01,2.630390446750264388e+01,2.629643225610517021e+01,2.628407360604513698e+01,2.626696916942545457e+01,2.624531210868847708e+01,2.621934446586510958e+01,2.618935266094791459e+01,2.615566223642229815e+01,2.611863198270433628e+01,2.607864759251506115e+01,2.603611500071910712e+01,2.599145356970945642e+01,2.594508927905857121e+01,2.589744807209128652e+01,2.584894950164687089e+01,2.580000080311312516e+01,2.575099150547960392e+01,2.570228867140253470e+01,2.565423283588560466e+01,2.560713469096251771e+01,2.556127254150658246e+01,2.551689053573108978e+01,2.547419765374975142e+01,2.543336741931057077e+01,2.539453828395948420e+01,2.535781461976866069e+01,2.532326824658995790e+01,2.529094041265211601e+01,2.526084414317931603e+01,2.523296687043060160e+01,2.520727325991562040e+01,2.518370815122936790e+01,2.516219953761136097e+01,2.514266151558144813e+01,2.512499714442962784e+01,2.510910116453621654e+01,2.509486253308641679e+01,2.508216674536418722e+01,2.507089791915177912e+01,2.506094062855809312e+01,2.505218148163973169e+01,2.504451044330588161e+01,2.503782191110791544e+01,2.503201555655329003e+01,2.502699694854241841e+01,2.502267797843787278e+01,2.501897710820037091e+01,2.501581946405452683e+01,2.501313679838501969e+01,2.501086734212859852e+01,2.500895556894082006e+01,2.500735189100073086e+01,2.500601230458746116e+01,2.500489800162817389e+01,2.500397496137234299e+01,2.500321353427672122e+01,2.500258802815713821e+01,2.500207630473297016e+01,2.500165939289906092e+01,2.500132112343712620e+01,2.500104778844186981e+01,2.500082782749404231e+01,2.500065154156315117e+01,2.500051083475974423e+01,2.500039898336914490e+01,2.500031043107010120e+01,2.500024060885537480e+01,2.500018577790824637e+01,2.500014289353054409e+01,2.500010948814585987e+01,2.500008357139896020e+01,2.500006354542368214e+01,2.500004813344250820e+01,2.500003631998027132e+01,2.500002730111100391e+01,2.500002044330340212e+01,2.500001524957934151e+01,2.500001133184668589e+01,2.500000838840813699e+01,2.500000618577974265e+01,2.500000454407392070e+01,2.500000332531169533e+01,2.500000242412699691e+01,2.500000176041237765e+01,2.500000127353092338e+01
2.574498403727627860e+01,2.578453166104518957e+01,2.582301929894724779e+01,2.586009336954675675e+01,2.589540026131837536e+01,2.592859185574881664e+01,2.595933118070150059e+01,2.598729806732275804e+01,2.601219467873376345e+01,2.603375077762205336e+01,2.605172860279668612e+01,2.606592723182552263e+01,2.607618631789782526e+01,2.608238910376074315e+01,2.608446463352569111e+01,2.608238910376074315e+01,2.607618631789782526e+01,2.606592723182552263e+01,2.605172860279668612e+01,2.603375077762205336e+01,2.601219467873376345e+01,2.598729806732275804e+01,2.595933118070150059e+01,2.592859185574881664e+01,2.589540026131837536e+01,2.586009336954675675e+01,2.582301929894724779e+01,2.578453166104518957e+01,2.574498403727627860e+01,2.570472470424588707e+01,2.566409171367283193e+01,2.562340841895025889e+01,2.558297952385777307e+01,2.554308771120429711e+01,2.550399089073728121e+01,2.546592008717509259e+01,2.542907797132097159e+01,2.539363802045305718e+01,2.535974427903072126e+01,2.532751167759408162e+01,2.529702685684149444e+01,2.526834943542372969e+01,2.524151365406504866e+01,2.521653032518391058e+01,2.519338901612499626e+01,2.517206039523994576e+01,2.515249867311486653e+01,2.513464407594355521e+01,2.511842529406092339e+01,2.510376185564496510e+01,2.509056638323188437e+01,2.507874669864774475e+01,2.506820774994660184e+01,2.505885334169931511e+01,2.505058765727978809e+01,2.504331656847001497e+01,2.503694873362166007e+01,2.503139649068388195e+01,2.502657655558960315e+01,2.502241053977909147e+01,2.501882530305574193e+01,2.501575315956721468e+01,2.501313195555863800e+01,2.501090503774213047e+01,2.500902113076532629e+01,2.500743414144296040e+01,2.500610290624010901e+01,2.500499089706044487e+01,2.500406589878681274e+01,2.500329967032441658e+01,2.500266759917798609e+01,2.500214835791066648e+01,2.500172356923000550e+01,2.500137748495964729e+01,2.500109668280821751e+01,2.500086978365424173e+01,2.500068719103406423e+01,2.500054085364854473e+01,2.500042405098805176e+01,2.500033120160418676e+01,2.500025769311795543e+01,2.500019973273335339e+01,2.500015421680699390e+01,2.500011861789288758e+01,2.500009088762177356e+01,2.500006937377229477e+01,2.500005274993367976e+01,2.500003995623528752e+01,2.500003014971715487e+01,2.500002266302923815e+01,2.500001697026845093e+01,2.500001265888639068e+01,2.500000940672241256e+01,2.500000696333342987e+01,2.500000513490118337e+01,2.500000377209850910e+01,2.500000276038715796e+01,2.500000201230129449e+01,2.500000146134262380e+01,2.500000105717560572e+01
2.561583940454589836e+01,2.564853136015087642e+01,2.568034708078650041e+01,2.571099427914200675e+01,2.574018064303309927e+01,2.576761840106172130e+01,2.579302899595743881e+01,2.581614776084642671e+01,2.583672848953240120e+01,2.585454779093948829e+01,2.586940912030575745e+01,2.588114638554764824e+01,2.588962703632917695e+01,2.589475455552584648e+01,2.589647028760949610e+01,2.589475455552584648e+01,2.588962703632917695e+01,2.588114638554764824e+01,2.586940912030575745e+01,2.585454779093948829e+01,2.583672848953240120e+01,2.581614776084642671e+01,2.579302899595743881e+01,2.576761840106172130e+01,2.574018064303309927e+01,2.571099427914200675e+01,2.568034708078650041e+01,2.564853136015087642e+01,2.561583940454589836e+01,2.558255911605609612e+01,2.554896994438616886e+01,2.551533918890244834e+01,2.548191873230953419e+01,2.544894225372538799e+01,2.541662295367155622e+01,2.538515180821984885e+01,2.535469635474091987e+01,2.532539999784255258e+01,2.529738181155808263e+01,2.527073680296396674e+01,2.524553659340162426e+01,2.522183046649668015e+01,2.519964672726801780e+01,2.517899431377740527e+01,2.515986460189343532e+01,2.514223334467394011e+01,2.512606269040134066e+01,2.511130322719110808e+01,2.509789600706653090e+01,2.508577450817416121e+01,2.507486650012705454e+01,2.506509578404187977e+01,2.505638378543801537e+01,2.504865098457700157e+01,2.504181817485708450e+01,2.503580754539530062e+01,2.503054358882034691e+01,2.502595383949202912e+01,2.502196945082074464e+01,2.501852562307719552e+01,2.501556189507983419e+01,2.501302231446872071e+01,2.501085550198004626e+01,2.500901462529884256e+01,2.500745729776863513e+01,2.500614541655990664e+01,2.500504495392766913e+01,2.500412571400199369e+01,2.500336106622763310e+01,2.500272766516610901e+01,2.500220516495272349e+01,2.500177593530901987e+01,2.500142478468690754e+01,2.500113869489126373e+01,2.500090657041466002e+01,2.500071900473152553e+01,2.500056806494643169e+01,2.500044709547077559e+01,2.500035054081015318e+01,2.500027378707261150e+01,2.500021302144526203e+01,2.500016510862169028e+01,2.500012748298196641e+01,2.500009805521845863e+01,2.500007513205125420e+01,2.500005734767523080e+01,2.500004360561585415e+01,2.500003302973341235e+01,2.500002492319691783e+01,2.500001873434293032e+01,2.500001402843483334e+01,2.500001046444040043e+01,2.500000777604624957e+01,2.500000575622415866e+01,2.500000424475469174e+01,2.500000311819687937e+01,2.500000228186793194e+01,2.500000166346440977e+01,2.500000120801564307e+01,2.500000087391187265e+01
2.550695667849323200e+01,2.553386857322521664e+01,2.556005915463044076e+01,2.558528781289547993e+01,2.560931391773109311e+01,2.563190057680619560e+01,2.565281848282483779e+01,2.567184976301326671e+01,2.568879174135793875e+01,2.570346052316651253e+01,2.571569431353118418e+01,2.572535638607428510e+01,2.573233762585843820e+01,2.573655858035025190e+01,2.573797096453984778e+01,2.573655858035025190e+01,2.573233762585843820e+01,2.572535638607428510e+01,2.571569431353118418e+01,2.570346052316651253e+01,2.568879174135793875e+01,2.567184976301326671e+01,2.565281848282483779e+01,2.563190057680619560e+01,2.560931391773109311e+01,2.558528781289547993e+01,2.556005915463044076e+01,2.553386857322521664e+01,2.550695667849323200e+01,2.547956047034619687e+01,2.545190999072857352e+01,2.542422527947204358e+01,2.539671368547041652e+01,2.536956757249352989e+01,2.534296244640778184e+01,2.531705551799624132e+01,2.529198470339147065e+01,2.526786805272651293e+01,2.524480358729716301e+01,2.522286951657095599e+01,2.520212479896640545e+01,2.518261000457852106e+01,2.516434843399225230e+01,2.514734744498637653e+01,2.513159993820839944e+01,2.511708595366685159e+01,2.510377433197037433e+01,2.509162439744171635e+01,2.508058762432844802e+01,2.507060925209134084e+01,2.506162982094789982e+01,2.505358660426433204e+01,2.504641491982411949e+01,2.504004930727803924e+01,2.503442456404982508e+01,2.502947663651367449e+01,2.502514336728589583e+01,2.502136510292440263e+01,2.501808516917591163e+01,2.501525022314731217e+01,2.501281049342165730e+01,2.501071992022697188e+01,2.500893620834678188e+01,2.500742080559578895e+01,2.500613881943801431e+01,2.500505888376769903e+01,2.500415298707332212e+01,2.500339627222848193e+01,2.500276681706038673e+01,2.500224540369201165e+01,2.500181528348415227e+01,2.500146194325798987e+01,2.500117287738834193e+01,2.500093736934601907e+01,2.500074628535108801e+01,2.500059188198712690e+01,2.500046762892449692e+01,2.500036804730772388e+01,2.500028856387473652e+01,2.500022538048705556e+01,2.500017535845147165e+01,2.500013591679555702e+01,2.500010494351063883e+01,2.500008071868654724e+01,2.500006184842163748e+01,2.500004720839027073e+01,2.500003589597874765e+01,2.500002718995214934e+01,2.500002051668183967e+01,2.500001542204054417e+01,2.500001154815472049e+01,2.500000861428792476e+01,2.500000640121198714e+01,2.500000473850204585e+01,2.500000349426607471e+01,2.500000256688792888e+01,2.500000187842508481e+01,2.500000136935763706e+01,2.500000099443392898e+01,2.500000071940096191e+01
2.541558234738336353e+01,2.543764361782266903e+01,2.545911358510284828e+01,2.547979500714127354e+01,2.549949062507008790e+01,2.551800624424661734e+01,2.553515388792972374e+01,2.555075495293181476e+01,2.556464329374768596e+01,2.557666816103098384e+01,2.558669692193469203e+01,2.559461749376734829e+01,2.560034042856675995e+01,2.560380059439615508e+01,2.560495840917958787e+01,2.560380059439615508e+01,2.560034042856675995e+01,2.559461749376734829e+01,2.558669692193469203e+01,2.557666816103098384e+01,2.556464329374768596e+01,2.555075495293181476e+01,2.553515388792972374e+01,2.551800624424661734e+01,2.549949062507008790e+01,2.547979500714127354e+01,2.545911358510284828e+01,2.543764361782266903e+01,2.541558234738336353e+01,2.539312405661779337e+01,2.537045732450190272e+01,2.534776253068872265e+01,2.532520965131955037e+01,2.530295637834403522e+01,2.528114658429219119e+01,2.525990914413308275e+01,2.523935711587056829e+01,2.521958727217473850e+01,2.520067996689421719e+01,2.518269931295123243e+01,2.516569364204553239e+01,2.514969621188143023e+01,2.513472612332533274e+01,2.512078940798330251e+01,2.510788024609657398e+01,2.509598227528062964e+01,2.508506995234103343e+01,2.507510993302147284e+01,2.506606243789509847e+01,2.505788257651190065e+01,2.505052160617445267e+01,2.504392810615428644e+01,2.503804905261619140e+01,2.503283078384360749e+01,2.502821984943170364e+01,2.502416374083822959e+01,2.502061150398264999e+01,2.501751423741334079e+01,2.501482548189579092e+01,2.501250150910826520e+01,2.501050151847912417e+01,2.500878775209141835e+01,2.500732553805682201e+01,2.500608327287084975e+01,2.500503235305982130e+01,2.500414706597330650e+01,2.500340444892000136e+01,2.500278412504449221e+01,2.500226812344627447e+01,2.500184069009589294e+01,2.500148809514405102e+01,2.500119844128043312e+01,2.500096147690506498e+01,2.500076841704569830e+01,2.500061177420316483e+01,2.500048520064143531e+01,2.500038334306340460e+01,2.500030171012747360e+01,2.500023655286047486e+01,2.500018475770384185e+01,2.500014375168527891e+01,2.500011141902916378e+01,2.500008602839718819e+01,2.500006616987733921e+01,2.500005070080607794e+01,2.500003869950722901e+01,2.500002942605501133e+01,2.500002228921053771e+01,2.500001681873651194e+01,2.500001264235798359e+01,2.500000946670484936e+01,2.500000706164086495e+01,2.500000524745173891e+01,2.500000388443014643e+01,2.500000286445639119e+01,2.500000210422972202e+01,2.500000153985604712e+01,2.500000112254337381e+01,2.500000081519625539e+01,2.500000058973548178e+01
2.533925495793721439e+01,2.535726437393395472e+01,2.537479108769456460e+01,2.539167408334609988e+01,2.540775233131321897e+01,2.542286730345884749e+01,2.543686554754467721e+01,2.544960126330446570e+01,2.546093882013038368e+01,2.547075515585802208e+01,2.547894199747911159e+01,2.548540784782344559e+01,2.549007968727205764e+01,2.549290434626033885e+01,2.549384951250265985e+01,2.549290434626033885e+01,2.549007968727205764e+01,2.548540784782344559e+01,2.547894199747911159e+01,2.547075515585802208e+01,2.546093882013038368e+01,2.544960126330446570e+01,2.543686554754467721e+01,2.542286730345884749e+01,2.540775233131321897e+01,2.539167408334609988e+01,2.537479108769456460e+01,2.535726437393395472e+01,2.533925495793721439e+01,2.532092143983427590e+01,2.530241776348957927e+01,2.528389117936260178e+01,2.526548044514849067e+01,2.524731429051077214e+01,2.522951016381899692e+01,2.521217327038924338e+01,2.519539590357463865e+01,2.517925706241913275e+01,2.516382234268660056e+01,2.514914408208309382e+01,2.513526173552979870e+01,2.512220245249817552e+01,2.510998182571892556e+01,2.509860477901106535e+01,2.508806656149422309e+01,2.507835381595987201e+01,2.506944569057105809e+01,2.506131496520077206e+01,2.505392916645869406e+01,2.504725164864071374e+01,2.504124262131332657e+01,2.503586010786903415e+01,2.503106082302612378e+01,2.502680096077717664e+01,2.502303688761620037e+01,2.501972573891382368e+01,2.501682591900422281e+01,2.501429750785705153e+01,2.501210257911247581e+01,2.501020543575390320e+01,2.500857277079342822e+01,2.500717376107264300e+01,2.500598010267034255e+01,2.500496599649844143e+01,2.500410809250292843e+01,2.500338540051374991e+01,2.500277917525233562e+01,2.500227278235182027e+01,2.500185155151369543e+01,2.500150262215175800e+01,2.500121478609156611e+01,2.500097833112677392e+01,2.500078488850414260e+01,2.500062728673187706e+01,2.500049941349258020e+01,2.500039608689887416e+01,2.500031293685997369e+01,2.500024629693067979e+01,2.500019310668808359e+01,2.500015082442129710e+01,2.500011734971961630e+01,2.500009095539858706e+01,2.500007022810389401e+01,2.500005401687317885e+01,2.500004138890869854e+01,2.500003159181274270e+01,2.500002402155702086e+01,2.500001819549177284e+01,2.500001372974521985e+01,2.500001032041580373e+01,2.500000772801485738e+01,2.500000576467381208e+01,2.500000428368536376e+01,2.500000317100135305e+01,2.500000233835974583e+01,2.500000171775911539e+01,2.500000125704039533e+01,2.500000091637291177e+01,2.500000066547429967e+01,2.500000048142248232e+01
2.527578978923007114e+01,2.529043014429547043e+01,2.530467809729024609e+01,2.531840275393379258e+01,2.533147320880643960e+01,2.534376058997725067e+01,2.535514015185453474e+01,2.536549336934748666e+01,2.537470998456341675e+01,2.538268995684679297e+01,2.538934526805836356e+01,2.539460153760413164e+01,2.539839940580533550e+01,2.540069564964436566e+01,2.540146400156571360e+01,2.540069564964436566e+01,2.539839940580533550e+01,2.539460153760413164e+01,2.538934526805836356e+01,2.538268995684679297e+01,2.537470998456341675e+01,2.536549336934748666e+01,2.535514015185453474e+01,2.534376058997725067e+01,2.533147320880643960e+01,2.531840275393379258e+01,2.530467809729024609e+01,2.529043014429547043e+01,2.527578978923007114e+01,2.526088596254998819e+01,2.524584380950345874e+01,2.523078303408370004e+01,2.521581643627963842e+01,2.520104866401443289e+01,2.518657519433367753e+01,2.517248155156433498e+01,2.515884276353963500e+01,2.514572305077918202e+01,2.513317573790351389e+01,2.512124337168926758e+01,2.510995802613903294e+01,2.509934177181312265e+01,2.508940728447592505e+01,2.508015856683683964e+01,2.507159175677309904e+01,2.506369599583845797e+01,2.505645433299481084e+01,2.504984464024398960e+01,2.504384051906398057e+01,2.503841217914288464e+01,2.503352727373081521e+01,2.502915167887627135e+01,2.502525020677007461e+01,2.502178724629064632e+01,2.501872732654761933e+01,2.501603560169180440e+01,2.501367825744977225e+01,2.501162284171876848e+01,2.500983852310623234e+01,2.500829628251472769e+01,2.500696904376759022e+01,2.500583174986223156e+01,2.500486139175402656e+01,2.500403699664686030e+01,2.500333958263251333e+01,2.500275208621805589e+01,2.500225926884528249e+01,2.500184760797479910e+01,2.500150517771299619e+01,2.500122152333172920e+01,2.500098753339432278e+01,2.500079531257815901e+01,2.500063805769101322e+01,2.500050993882778627e+01,2.500040598711569118e+01,2.500032199005438471e+01,2.500025439507554736e+01,2.500020022162391697e+01,2.500015698179661072e+01,2.500012260936616215e+01,2.500009539685030902e+01,2.500007394017277917e+01,2.500005709037854373e+01,2.500004391181829533e+01,2.500003364619481516e+01,2.500002568186307528e+01,2.500001952779168946e+01,2.500001479162123985e+01,2.500001116129168466e+01,2.500000838975299544e+01,2.500000628231817856e+01,2.500000468626364380e+01,2.500000348232695302e+01,2.500000257779517909e+01,2.500000190091766328e+01,2.500000139641415231e+01,2.500000102188309370e+01,2.500000074494502300e+01,2.500000054098256186e+01,2.500000039136172347e+01
2.522326108495392560e+01,2.523511294344780609e+01,2.524664713930352278e+01,2.525775770921045194e+01,2.526833868084053236e+01,2.527828572804302354e+01,2.528749786507723485e+01,2.529587914190656406e+01,2.530334030106860510e+01,2.530980035629712788e+01,2.531518805395609562e+01,2.531944318045977838e+01,2.532251768215717647e+01,2.532437656856574293e+01,2.532499857521822051e+01,2.532437656856574293e+01,2.532251768215717647e+01,2.531944318045977838e+01,2.531518805395609562e+01,2.530980035629712788e+01,2.530334030106860510e+01,2.529587914190656406e+01,2.528749786507723485e+01,2.527828572804302354e+01,2.526833868084053236e+01,2.525775770921045194e+01,2.524664713930352278e+01,2.523511294344780609e+01,2.522326108495392560e+01,2.521119593735056341e+01,2.519901880991380949e+01,2.518682660704128651e+01,2.517471064410758785e+01,2.516275563711662500e+01,2.515103887793930326e+01,2.513962960138696445e+01,2.512858854500720440e+01,2.511796769746473501e+01,2.510781022682850150e+01,2.509815057614129685e+01,2.508901471038404907e+01,2.508042049641562699e+01,2.507237819569247250e+01,2.506489104854210126e+01,2.505795592844659581e+01,2.505156404512949919e+01,2.504570167615689869e+01,2.504035090817204789e+01,2.503549037068592042e+01,2.503109594744180555e+01,2.502714145266068968e+01,2.502359926185923911e+01,2.502044088932565558e+01,2.501763750666254893e+01,2.501516039899439292e+01,2.501298135743747508e+01,2.501107300820324397e+01,2.500940908022601050e+01,2.500796461445934682e+01,2.500671611897051605e+01,2.500564167468631638e+01,2.500472099712268559e+01,2.500393545968623243e+01,2.500326808419502811e+01,2.500270350415767595e+01,2.500222790610430224e+01,2.500182895391090554e+01,2.500149570062827209e+01,2.500121849184550982e+01,2.500098886410950882e+01,2.500079944140665944e+01,2.500064383220848541e+01,2.500051652910267919e+01,2.500041281258551962e+01,2.500032866018781874e+01,2.500026066174925177e+01,2.500020594134660357e+01,2.500016208612041879e+01,2.500012708202985579e+01,2.500009925639448483e+01,2.500007722695013612e+01,2.500005985704997258e+01,2.500004621657636150e+01,2.500003554808980510e+01,2.500002723772326618e+01,2.500002079032958235e+01,2.500001580840237381e+01,2.500001197431353361e+01,2.500000903543999087e+01,2.500000679178645768e+01,2.500000508574728642e+01,2.500000379368760761e+01,2.500000281906047306e+01,2.500000208681166214e+01,2.500000153885660836e+01,2.500000113044409389e+01,2.500000082724864114e+01,2.500000060305798399e+01,2.500000043794353033e+01,2.500000031682044366e+01
2.517998269360429120e+01,2.518953711020307296e+01,2.519883544197056224e+01,2.520779226621846192e+01,2.521632215298903645e+01,2.522434099939607322e+01,2.523176739543643521e+01,2.523852399065721741e+01,2.524453882984726860e+01,2.524974662564877192e+01,2.525408993669729796e+01,2.525752022160305188e+01,2.525999874174955551e+01,2.526149728943862982e+01,2.526199872224666265e+01,2.526149728943862982e+01,2.525999874174955551e+01,2.525752022160305188e+01,2.525408993669729796e+01,2.524974662564877192e+01,2.524453882984726860e+01,2.523852399065721741e+01,2.523176739543643521e+01,2.522434099939607322e+01,2.521632215298903645e+01,2.520779226621846192e+01,2.519883544197056224e+01,2.518953711020307296e+01,2.517998269360429120e+01,2.517025633325432565e+01,2.516043969997548047e+01,2.515061091358209922e+01,2.514084358827833299e+01,2.513120601816289579e+01,2.512176051234408192e+01,2.511256288470382358e+01,2.510366209902558410e+01,2.509510006615071731e+01,2.508691158616687389e+01,2.507912442545179488e+01,2.507175951576439488e+01,2.506483126053456800e+01,2.505834793207082356e+01,2.505231214257435113e+01,2.504672137159195699e+01,2.504156853281195794e+01,2.503684256384692830e+01,2.503252902378255129e+01,2.502861068472539685e+01,2.502506810527194503e+01,2.502188017566613709e+01,2.501902462633546520e+01,2.501647849342512231e+01,2.501421853682312957e+01,2.501222160793355442e+01,2.501046496606750225e+01,2.500892654375093471e+01,2.500758516247363872e+01,2.500642070141426032e+01,2.500541422247020762e+01,2.500454805550502257e+01,2.500380584811193074e+01,2.500317258439842050e+01,2.500263457734458328e+01,2.500217943920038266e+01,2.500179603418944652e+01,2.500147441750285537e+01,2.500120576421976182e+01,2.500098229140351691e+01,2.500079717621221320e+01,2.500064447244704269e+01,2.500051902755527777e+01,2.500041640171749791e+01,2.500033279028949806e+01,2.500026495054387254e+01,2.500021013336811393e+01,2.500016602032680169e+01,2.500013066628496716e+01,2.500010244761664069e+01,2.500008001588472339e+01,2.500006225677218907e+01,2.500004825396726815e+01,2.500003725765242280e+01,2.500002865721519285e+01,2.500002195778454706e+01,2.500001676019589425e+01,2.500001274399809503e+01,2.500000965313415335e+01,2.500000728395110983e+01,2.500000547522207839e+01,2.500000409989271333e+01,2.500000305829434666e+01,2.500000227259532082e+01,2.500000168229041719e+01,2.500000124055456396e+01,2.500000091131140678e+01,2.500000066688934552e+01,2.500000048615727266e+01,2.500000035304968904e+01,2.500000025540589377e+01
2.514448785096606898e+01,2.515215801688006181e+01,2.515962260110062942e+01,2.516681302736408554e+01,2.517366071357092494e+01,2.518009814297803928e+01,2.518605996065509700e+01,2.519148407062782979e+01,2.519631270815443713e+01,2.520049346136220692e+01,2.520398021704360758e+01,2.520673400677921094e+01,2.520872373169316205e+01,2.520992674699884972e+01,2.521032929097341579e+01,2.520992674699884972e+01,2.520872373169316205e+01,2.520673400677921094e+01,2.520398021704360758e+01,2.520049346136220692e+01,2.519631270815443713e+01,2.519148407062782979e+01,2.518605996065509700e+01,2.518009814297803928e+01,2.517366071357092494e+01,2.516681302736408554e+01,2.515962260110062942e+01,2.515215801688006181e+01,2.514448785096606898e+01,2.513667965076334099e+01,2.512879898058456973e+01,2.512090855403774725e+01,2.511306746768346443e+01,2.510533054716833945e+01,2.509774781346368400e+01,2.509036407325448081e+01,2.508321863405249985e+01,2.507634514135597215e+01,2.506977153223916588e+01,2.506352009720217922e+01,2.505760763999875707e+01,2.505204572352192827e+01,2.504684098867729247e+01,2.504199553250723298e+01,2.503750733162350883e+01,2.503337069722390851e+01,2.502957674856243031e+01,2.502611389265402764e+01,2.502296829916174659e+01,2.502012436077047397e+01,2.501756513083258326e+01,2.501527273161433484e+01,2.501322872802086650e+01,2.501141446318151296e+01,2.500981135369354647e+01,2.500840114361690070e+01,2.500716611745995266e+01,2.500608927338010545e+01,2.500515445863412367e+01,2.500434646995056198e+01,2.500365112196531570e+01,2.500305528717113646e+01,2.500254691099770099e+01,2.500211500567693435e+01,2.500174962647835031e+01,2.500144183374021978e+01,2.500118364389457781e+01,2.500096797240554736e+01,2.500078857122912268e+01,2.500063996307332204e+01,2.500051737440425725e+01,2.500041666881716296e+01,2.500033428208065445e+01,2.500026715987403492e+01,2.500021269897638376e+01,2.500016869243462736e+01,2.500013327903786831e+01,2.500010489725612217e+01,2.500008224366281340e+01,2.500006423574953374e+01,2.500004997895653958e+01,2.500003873768022800e+01,2.500002990997646890e+01,2.500002300565323665e+01,2.500001762743427136e+01,2.500001345487523352e+01,2.500001023072196915e+01,2.500000774941512915e+01,2.500000584746467069e+01,2.500000439543967090e+01,2.500000329134249455e+01,2.500000245516037722e+01,2.500000182441104357e+01,2.500000135052166428e+01,2.500000099590165803e+01,2.500000073158937752e+01,2.500000053537040756e+01,2.500000039028096666e+01,2.500000028342386571e+01,2.500000020503664899e+01
2.511550872350291996e+01,2.512164052675043990e+01,2.512760798068537582e+01,2.513335626300517234e+01,2.513883054674191797e+01,2.514397685661145943e+01,2.514874294555962919e+01,2.515307917185755571e+01,2.515693935631754385e+01,2.516028159902571204e+01,2.516306903544498397e+01,2.516527051283584271e+01,2.516686116965158959e+01,2.516782290284497137e+01,2.516814471080560622e+01,2.516782290284497137e+01,2.516686116965158959e+01,2.516527051283584271e+01,2.516306903544498397e+01,2.516028159902571204e+01,2.515693935631754385e+01,2.515307917185755571e+01,2.514874294555962919e+01,2.514397685661145943e+01,2.513883054674191797e+01,2.513335626300517234e+01,2.512760798068537582e+01,2.512164052675043990e+01,2.511550872350291996e+01,2.510926657073892088e+01,2.510296648290031385e+01,2.509665859547432376e+01,2.509039015235191883e+01,2.508420498310363911e+01,2.507814307627181094e+01,2.507224025191294814e+01,2.506652793384904143e+01,2.506103301948721551e+01,2.505577784271759612e+01,2.505078022335821331e+01,2.504605359492705574e+01,2.504160720121178585e+01,2.503744635118837181e+01,2.503357272130703493e+01,2.502998469399928894e+01,2.502667772143445646e+01,2.502364470402854479e+01,2.502087637393726283e+01,2.501836167469768668e+01,2.501608812926739134e+01,2.501404218989394579e+01,2.501220956448157651e+01,2.501057551536022672e+01,2.500912512756437422e+01,2.500784354486138383e+01,2.500671617280390535e+01,2.500572884899828452e+01,2.500486798156726209e+01,2.500412065743379131e+01,2.500347472256232351e+01,2.500291883666860215e+01,2.500244250515675404e+01,2.500203609117481207e+01,2.500169081071045341e+01,2.500139871359266408e+01,2.500115265313812074e+01,2.500094624699883639e+01,2.500077383154502897e+01,2.500063041186825075e+01,2.500051160922661708e+01,2.500041360748747366e+01,2.500033309986183738e+01,2.500026723697645181e+01,2.500021357709880121e+01,2.500017003912154578e+01,2.500013485872797148e+01,2.500010654799992338e+01,2.500008385859484150e+01,2.500006574850718977e+01,2.500005135234126996e+01,2.500003995495422870e+01,2.500003096827840210e+01,2.500002391109826050e+01,2.500001839153687300e+01,2.500001409199747471e+01,2.500001075630547831e+01,2.500000817880276571e+01,2.500000619515788713e+01,2.500000467467109289e+01,2.500000351387069841e+01,2.500000263121617294e+01,2.500000196274246633e+01,2.500000145849903177e+01,2.500000107965502139e+01,2.500000079615918125e+01,2.500000058485855092e+01,2.500000042799413436e+01,2.500000031200447737e+01,2.500000022657911103e+01,2.500000016391358670e+01
2.509195621891934991e+01,2.509683773284054809e+01,2.510158840866650465e+01,2.510616460249307735e+01,2.511052266670205313e+01,2.511461963169863054e+01,2.511841390372775251e+01,2.512186596312762887e+01,2.512493904675722334e+01,2.512759979819515266e+01,2.512981886967149947e+01,2.513157146056472513e+01,2.513283777865689217e+01,2.513360341215530269e+01,2.513385960270421293e+01,2.513360341215530269e+01,2.513283777865689217e+01,2.513157146056472513e+01,2.512981886967149947e+01,2.512759979819515266e+01,2.512493904675722334e+01,2.512186596312762887e+01,2.511841390372775251e+01,2.511461963169863054e+01,2.511052266670205313e+01,2.510616460249307735e+01,2.510158840866650465e+01,2.509683773284054809e+01,2.509195621891934991e+01,2.508698685601162381e+01,2.508197137112936304e+01,2.507694967701421618e+01,2.507195938441494931e+01,2.506703538594799596e+01,2.506220951639640049e+01,2.505751029202160751e+01,2.505296272925325951e+01,2.504858824105292570e+01,2.504440460737719931e+01,2.504042601454065320e+01,2.503666315693488187e+01,2.503312339351716531e+01,2.502981095075059059e+01,2.502672716325317026e+01,2.502387074328250804e+01,2.502123807032145564e+01,2.501882349240814918e+01,2.501661963143388334e+01,2.501461768537493668e+01,2.501280772128762919e+01,2.501117895383859846e+01,2.500972000512454230e+01,2.500841914252151810e+01,2.500726449226110049e+01,2.500624422733196539e+01,2.500534672912942824e+01,2.500456072300572785e+01,2.500387538849984281e+01,2.500328044554196794e+01,2.500276621833343071e+01,2.500232367890102125e+01,2.500194447252203034e+01,2.500162092732161767e+01,2.500134605036855007e+01,2.500111351255067049e+01,2.500091762441045873e+01,2.500075330497591963e+01,2.500061604544491090e+01,2.500050186938274521e+01,2.500040729088346936e+01,2.500032927193299059e+01,2.500026518000449016e+01,2.500021274671873073e+01,2.500017002821828171e+01,2.500013536773857226e+01,2.500010736071126516e+01,2.500008482260827947e+01,2.500006675962707803e+01,2.500005234222955153e+01,2.500004088147624159e+01,2.500003180804364078e+01,2.500002465377247773e+01,2.500001903556822214e+01,2.500001464145858066e+01,2.500001121860553610e+01,2.500000856306910535e+01,2.500000651112534911e+01,2.500000493195039653e+01,2.500000372149449035e+01,2.500000279738407016e+01,2.500000209470491086e+01,2.500000156253459238e+01,2.500000116110759762e+01,2.500000085951078432e+01,2.500000063382042370e+01,2.500000046560449363e+01,2.500000034072510857e+01,2.500000024838601931e+01,2.500000018037908944e+01,2.500000013049121250e+01
2.507290046439152675e+01,2.507677039984527667e+01,2.508053661030886161e+01,2.508416449604647980e+01,2.508761945437791141e+01,2.509086742014201121e+01,2.509387541890709628e+01,2.509661212052788315e+01,2.509904838015603801e+01,2.510115775370070068e+01,2.510291697502411523e+01,2.510430638284782034e+01,2.510531028642357754e+01,2.510591726046235195e+01,2.510612036157076687e+01,2.510591726046235195e+01,2.510531028642357754e+01,2.510430638284782034e+01,2.510291697502411523e+01,2.510115775370070068e+01,2.509904838015603801e+01,2.509661212052788315e+01,2.509387541890709628e+01,2.509086742014201121e+01,2.508761945437791141e+01,2.508416449604647980e+01,2.508053661030886161e+01,2.507677039984527667e+01,2.507290046439152675e+01,2.506896088457886407e+01,2.506498474048157377e+01,2.506100367386825667e+01,2.505704750154830762e+01,2.505314388546749527e+01,2.504931806340196943e+01,2.504559264229148496e+01,2.504198745450148778e+01,2.503851947566300140e+01,2.503520280125654196e+01,2.503204867781804666e+01,2.502906558357903322e+01,2.502625935252669009e+01,2.502363333528944622e+01,2.502118858991726569e+01,2.501892409552193541e+01,2.501683698185298255e+01,2.501492276818414950e+01,2.501317560534550566e+01,2.501158851532484917e+01,2.501015362354648630e+01,2.500886237968266101e+01,2.500770576363180808e+01,2.500667447407918687e+01,2.500575909781444395e+01,2.500495025869501831e+01,2.500423874579763606e+01,2.500361562087899969e+01,2.500307230576306949e+01,2.500260065068171400e+01,2.500219298491700926e+01,2.500184215132997068e+01,2.500154152651683859e+01,2.500128502841764799e+01,2.500106711322099429e+01,2.500088276337374182e+01,2.500072746842405635e+01,2.500059720031138966e+01,2.500048838457635370e+01,2.500039786880643788e+01,2.500032288946736259e+01,2.500026103810169786e+01,2.500021022771164425e+01,2.500016865998597382e+01,2.500013479388580961e+01,2.500010731597189917e+01,2.500008511273952294e+01,2.500006724512607192e+01,2.500005292527111322e+01,2.500004149553870647e+01,2.500003240975583907e+01,2.500002521657784627e+01,2.500001954486040745e+01,2.500001509089629437e+01,2.500001160736209727e+01,2.500000889381450264e+01,2.500000678857527703e+01,2.500000516184840293e+01,2.500000390992016364e+01,2.500000295030265463e+01,2.500000221769229114e+01,2.500000166062678986e+01,2.500000123873619984e+01,2.500000092049547007e+01,2.500000068139747356e+01,2.500000050247610872e+01,2.500000036911896117e+01,2.500000027011787651e+01,2.500000019691388076e+01,2.500000014299978446e+01,2.500000010344999168e+01
2.505755225602956315e+01,2.506060742883142467e+01,2.506358071453914604e+01,2.506644479792407409e+01,2.506917236143305772e+01,2.507173651186462138e+01,2.507411121710839907e+01,2.507627174315814145e+01,2.507819508121976426e+01,2.507986035464864472e+01,2.508124919567816491e+01,2.508234608244653430e+01,2.508313862768068603e+01,2.508361781153190506e+01,2.508377815244453402e+01,2.508361781153190506e+01,2.508313862768068603e+01,2.508234608244653430e+01,2.508124919567816491e+01,2.507986035464864472e+01,2.507819508121976426e+01,2.507627174315814145e+01,2.507411121710839907e+01,2.507173651186462138e+01,2.506917236143305772e+01,2.506644479792407409e+01,2.506358071453914604e+01,2.506060742883142467e+01,2.505755225602956315e+01,2.505444210154811202e+01,2.505130308089841051e+01,2.504816017410196594e+01,2.504503692044157503e+01,2.504195515801387373e+01,2.503893481112202934e+01,2.503599372711991577e+01,2.503314756293623944e+01,2.503040972021214472e+01,2.502779132681505914e+01,2.502530126147464884e+01,2.502294621744526992e+01,2.502073080044689135e+01,2.501865765567837485e+01,2.501672761843154547e+01,2.501493988275241875e+01,2.501329218268300281e+01,2.501178098085344814e+01,2.501040165955756223e+01,2.500914870990939320e+01,2.500801591521882017e+01,2.500699652531413975e+01,2.500608341915435773e+01,2.500526925369096531e+01,2.500454659753792441e+01,2.500390804857288884e+01,2.500334633510809468e+01,2.500285440072667242e+01,2.500242547327171394e+01,2.500205311879871672e+01,2.500173128155583413e+01,2.500145431124304096e+01,2.500121697892481265e+01,2.500101448303676932e+01,2.500084244694214064e+01,2.500069690946584799e+01,2.500057430977078354e+01,2.500047146785015428e+01,2.500038556179873339e+01,2.500031410290188916e+01,2.500025490945016671e+01,2.500020608005432976e+01,2.500016596710577943e+01,2.500013315090343724e+01,2.500010641485334872e+01,2.500008472204316234e+01,2.500006719340154149e+01,2.500005308757282663e+01,2.500004178256995857e+01,2.500003275921336865e+01,2.500002558631939564e+01,2.500001990756789283e+01,2.500001542995397585e+01,2.500001191371185882e+01,2.500000916358874647e+01,2.500000702134195762e+01,2.500000535933242318e+01,2.500000407509092426e+01,2.500000308673926952e+01,2.500000232915627052e+01,2.500000175078712417e+01,2.500000131100424383e+01,2.500000097793702025e+01,2.500000072669757856e+01,2.500000053793843691e+01,2.500000039668654850e+01,2.500000029140594648e+01,2.500000021324820310e+01,2.500000015545632337e+01,2.500000011289310820e+01,2.500000008166999166e+01
2.504524569654067179e+01,2.504764757321778035e+01,2.504998507294656918e+01,2.505223672138994218e+01,2.505438104238336194e+01,2.505639689337366249e+01,2.505826380876926862e+01,2.505996234350550367e+01,2.506147440882291733e+01,2.506278359218806173e+01,2.506387545346510137e+01,2.506473778987525947e+01,2.506536086295063726e+01,2.506573758158193499e+01,2.506586363634983172e+01,2.506573758158193499e+01,2.506536086295063726e+01,2.506473778987525947e+01,2.506387545346510137e+01,2.506278359218806173e+01,2.506147440882291733e+01,2.505996234350550367e+01,2.505826380876926862e+01,2.505639689337366249e+01,2.505438104238336194e+01,2.505223672138994218e+01,2.504998507294656918e+01,2.504764757321778035e+01,2.504524569654067179e+01,2.504280059506993084e+01,2.504033279996424000e+01,2.503786194969740464e+01,2.503540655008170646e+01,2.503298376951264004e+01,2.503060927182404072e+01,2.502829708802030240e+01,2.502605952706537806e+01,2.502390712489009417e+01,2.502184862985893687e+01,2.501989102213804017e+01,2.501803956374449811e+01,2.501629787554433193e+01,2.501466803710614784e+01,2.501315070510898764e+01,2.501174524593826476e+01,2.501044987817209631e+01,2.500926182084630511e+01,2.500817744367169837e+01,2.500719241574277163e+01,2.500630184970160386e+01,2.500550043878453721e+01,2.500478258466264947e+01,2.500414251447197245e+01,2.500357438590049242e+01,2.500307237964232598e+01,2.500263077893499997e+01,2.500224403625495029e+01,2.500190682755447824e+01,2.500161409467738238e+01,2.500136107679013620e+01,2.500114333181213055e+01,2.500095674892570941e+01,2.500079755329840836e+01,2.500066230416191004e+01,2.500054788737024936e+01,2.500045150351006029e+01,2.500037065256426771e+01,2.500030311604351851e+01,2.500024693740196824e+01,2.500020040145118827e+01,2.500016201338130628e+01,2.500013047789646947e+01,2.500010467887423715e+01,2.500008365986833780e+01,2.500006660569228245e+01,2.500005282524900707e+01,2.500004173570900434e+01,2.500003284808644111e+01,2.500002575421936868e+01,2.500002011512532718e+01,2.500001565067710629e+01,2.500001213052386362e+01,2.500000936616961056e+01,2.500000720411299682e+01,2.500000551994881448e+01,2.500000421333141531e+01,2.500000320370286033e+01,2.500000242669320016e+01,2.500000183110628527e+01,2.500000137641142928e+01,2.500000103066854962e+01,2.500000076882201938e+01,2.500000057130580799e+01,2.500000042290955804e+01,2.500000031186195670e+01,2.500000022909379993e+01,2.500000016764874644e+01,2.500000012221466505e+01,2.500000008875286284e+01,2.500000006420627230e+01
2.503542216262412978e+01,2.503730255507610991e+01,2.503913254780155384e+01,2.504089532887094904e+01,2.504257408492411230e+01,2.504415226378008796e+01,2.504561384324078688e+01,2.504694360006297416e+01,2.504812737283401702e+01,2.504915231243293050e+01,2.505000711389860157e+01,2.505068222386248422e+01,2.505117001822725342e+01,2.505146494547208746e+01,2.505156363181862389e+01,2.505146494547208746e+01,2.505117001822725342e+01,2.505068222386248422e+01,2.505000711389860157e+01,2.504915231243293050e+01,2.504812737283401702e+01,2.504694360006297416e+01,2.504561384324078688e+01,2.504415226378008796e+01,2.504257408492411230e+01,2.504089532887094904e+01,2.503913254780155384e+01,2.503730255507610991e+01,2.503542216262412978e+01,2.503350793014345044e+01,2.503157593116365476e+01,2.502964154034500410e+01,2.502771924560441263e+01,2.502582248781568453e+01,2.502396352995434015e+01,2.502215335667876062e+01,2.502040160448824224e+01,2.501871652180160410e+01,2.501710495757938091e+01,2.501557237648668774e+01,2.501412289807609923e+01,2.501275935706814124e+01,2.501148338152521688e+01,2.501029548555129267e+01,2.500919517309920437e+01,2.500818104952106680e+01,2.500725093764262041e+01,2.500640199536608321e+01,2.500563083209188520e+01,2.500493362158238497e+01,2.500430620925362035e+01,2.500374421225965094e+01,2.500324311111371856e+01,2.500279833195925860e+01,2.500240531895084573e+01,2.500205959652273080e+01,2.500175682160370627e+01,2.500149282607839041e+01,2.500126364999379902e+01,2.500106556616629305e+01,2.500089509695902734e+01,2.500074902407583721e+01,2.500062439225821720e+01,2.500051850778136853e+01,2.500042893262812882e+01,2.500035347518065620e+01,2.500029017821389488e+01,2.500023730490650564e+01,2.500019332350873924e+01,2.500015689122583851e+01,2.500012683779405975e+01,2.500010214914612661e+01,2.500008195148688372e+01,2.500006549602919037e+01,2.500005214457603842e+01,2.500004135607812472e+01,2.500003267424715858e+01,2.500002571626361814e+01,2.500002016258376969e+01,2.500001574782343994e+01,2.500001225267532590e+01,2.500000949680128315e+01,2.500000733263069108e+01,2.500000563998969483e+01,2.500000432148335605e+01,2.500000329855261327e+01,2.500000250812988867e+01,2.500000189982092635e+01,2.500000143354505866e+01,2.500000107757141876e+01,2.500000080689461512e+01,2.500000060189897866e+01,2.500000044726656512e+01,2.500000033108941366e+01,2.500000024415194844e+01,2.500000017935402497e+01,2.500000013124963516e+01,2.500000009567998660e+01,2.500000006948325648e+01,2.500000005026610594e+01
2.502761567958103939e+01,2.502908166334921347e+01,2.503050835469151281e+01,2.503188264676115793e+01,2.503319143159597360e+01,2.503442180485326674e+01,2.503556127537337872e+01,2.503659797487453531e+01,2.503752086289491885e+01,2.503831992205609680e+01,2.503898633883114755e+01,2.503951266526249597e+01,2.503989295748298716e+01,2.504012288743897230e+01,2.504019982487934826e+01,2.504012288743897230e+01,2.503989295748298716e+01,2.503951266526249597e+01,2.503898633883114755e+01,2.503831992205609680e+01,2.503752086289491885e+01,2.503659797487453531e+01,2.503556127537337872e+01,2.503442180485326674e+01,2.503319143159597360e+01,2.503188264676115793e+01,2.503050835469151281e+01,2.502908166334921347e+01,2.502761567958103939e+01,2.502612331358998077e+01,2.502461709655452893e+01,2.502310901480358751e+01,2.502161036334687694e+01,2.502013162090271337e+01,2.501868234788123857e+01,2.501727110809627419e+01,2.501590541431545844e+01,2.501459169713688269e+01,2.501333529611875406e+01,2.501214047160064524e+01,2.501101043525105183e+01,2.500994739706304060e+01,2.500895262629987670e+01,2.500802652376515312e+01,2.500716870273264547e+01,2.500637807591274964e+01,2.500565294594589005e+01,2.500499109708757928e+01,2.500438988597263545e+01,2.500384632960553333e+01,2.500335718900674564e+01,2.500291904724008774e+01,2.500252838084203333e+01,2.500218162396148003e+01,2.500187522478911362e+01,2.500160569410291345e+01,2.500136964597570710e+01,2.500116383087866723e+01,2.500098516156965545e+01,2.500083073227721897e+01,2.500069783178053484e+01,2.500058395104489506e+01,2.500048678610390951e+01,2.500040423688701807e+01,2.500033440267738527e+01,2.500027557485499941e+01,2.500022622753617085e+01,2.500018500666745425e+01,2.500015071807245093e+01,2.500012231488708991e+01,2.500009888475519304e+01,2.500007963709384029e+01,2.500006389067847223e+01,2.500005106174276293e+01,2.500004065273820331e+01,2.500003224185418560e+01,2.500002547336111647e+01,2.500002004880683515e+01,2.500001571906997455e+01,2.500001227725282860e+01,2.500000955237994305e+01,2.500000740385684850e+01,2.500000571663514393e+01,2.500000439702538557e+01,2.500000336909694099e+01,2.500000257160391470e+01,2.500000195537782588e+01,2.500000148113051424e+01,2.500000111761445609e+01,2.500000084009176504e+01,2.500000062906783427e+01,2.500000046924998642e+01,2.500000034869610488e+01,2.500000025812255799e+01,2.500000019034473198e+01,2.500000013982724312e+01,2.500000010232429659e+01,2.500000007459363616e+01,2.500000005417024695e+01,2.500000003918825442e+01
2.502143972772789837e+01,2.502257785988035366e+01,2.502368548693841532e+01,2.502475243326162158e+01,2.502576852234356863e+01,2.502672373576001164e+01,2.502760837586577125e+01,2.502841322859355344e+01,2.502912972256294211e+01,2.502975008067522111e+01,2.503026746045464890e+01,2.503067607959983221e+01,2.503097132352603893e+01,2.503114983210260291e+01,2.503120956330598901e+01,2.503114983210260291e+01,2.503097132352603893e+01,2.503067607959983221e+01,2.503026746045464890e+01,2.502975008067522111e+01,2.502912972256294211e+01,2.502841322859355344e+01,2.502760837586577125e+01,2.502672373576001164e+01,2.502576852234356863e+01,2.502475243326162158e+01,2.502368548693841532e+01,2.502257785988035366e+01,2.502143972772789837e+01,2.502028111345498829e+01,2.501911174577586294e+01,2.501794093040495071e+01,2.501677743634366635e+01,2.501562939885686276e+01,2.501450424027104447e+01,2.501340860919452069e+01,2.501234833824466008e+01,2.501132841988496480e+01,2.501035299953846902e+01,2.500942538476528654e+01,2.500854806897854843e+01,2.500772276792997317e+01,2.500695046702564994e+01,2.500623147743372954e+01,2.500556549891517832e+01,2.500495168734109441e+01,2.500438872494825659e+01,2.500387489151976794e+01,2.500340813485084368e+01,2.500298613906105061e+01,2.500260638953405135e+01,2.500226623349495014e+01,2.500196293546521531e+01,2.500169372705826376e+01,2.500145585078901433e+01,2.500124659776268388e+01,2.500106333927856284e+01,2.500090355253024654e+01,2.500076484070433125e+01,2.500064494787412528e+01,2.500054176915439186e+01,2.500045335662923662e+01,2.500037792158975947e+01,2.500031383362374982e+01,2.500025961708939803e+01,2.500021394548131681e+01,2.500017563416340494e+01,2.500014363190181399e+01,2.500011701158494404e+01,2.500009496046869018e+01,2.500007677023560504e+01,2.500006182710818337e+01,2.500004960221046701e+01,2.500003964232924147e+01,2.500003156118740222e+01,2.500002503130778209e+01,2.500001977651591289e+01,2.500001556510527223e+01,2.500001220366782562e+01,2.500000953157633177e+01,2.500000741609217059e+01,2.500000574806332310e+01,2.500000443817073759e+01,2.500000341367760726e+01,2.500000261563438642e+01,2.500000199649215915e+01,2.500000151807845583e+01,2.500000114989149225e+01,2.500000086767191476e+01,2.500000065221421153e+01,2.500000048838353095e+01,2.500000036430724037e+01,2.500000027071394371e+01,2.500000020039620452e+01,2.500000014777616286e+01,2.500000010855637456e+01,2.500000007944056080e+01,2.500000005791156710e+01,2.500000004205564963e+01,2.500000003042421781e+01
2.501657546286432066e+01,2.501745537456222834e+01,2.501831170218921230e+01,2.501913657876334440e+01,2.501992213663321962e+01,2.502066063036377130e+01,2.502134456252034767e+01,2.502196680953159103e+01,2.502252074469965137e+01,2.502300035540101675e+01,2.502340035158704623e+01,2.502371626285012596e+01,2.502394452156669757e+01,2.502408252995557802e+01,2.502412870928938915e+01,2.502408252995557802e+01,2.502394452156669757e+01,2.502371626285012596e+01,2.502340035158704623e+01,2.502300035540101675e+01,2.502252074469965137e+01,2.502196680953159103e+01,2.502134456252034767e+01,2.502066063036377130e+01,2.501992213663321962e+01,2.501913657876334440e+01,2.501831170218921230e+01,2.501745537456222834e+01,2.501657546286432066e+01,2.501567971604801599e+01,2.501477565556804805e+01,2.501387047584992018e+01,2.501297095637605139e+01,2.501208338667503384e+01,2.501121350508920216e+01,2.501036645178458784e+01,2.500954673606904777e+01,2.500875821771142782e+01,2.500800410161743415e+01,2.500728694492494242e+01,2.500660867533925114e+01,2.500597061934077203e+01,2.500537353876576674e+01,2.500481767418427737e+01,2.500430279347577311e+01,2.500382824402808168e+01,2.500339300705330103e+01,2.500299575261889373e+01,2.500263489412616025e+01,2.500230864112372586e+01,2.500201504951368392e+01,2.500175206838510888e+01,2.500151758288732395e+01,2.500130945272779925e+01,2.500112554604216797e+01,2.500096376853215574e+01,2.500082208789904925e+01,2.500069855371304683e+01,2.500059131295195058e+01,2.500049862151575297e+01,2.500041885207749104e+01,2.500035049866619374e+01,2.500029217839686169e+01,2.500024263076668163e+01,2.500020071492879481e+01,2.500016540533655629e+01,2.500013578612518472e+01,2.500011104456571687e+01,2.500009046389047285e+01,2.500007341575146569e+01,2.500005935253495437e+01,2.500004779971782654e+01,2.500003834841598760e+01,2.500003064824164412e+01,2.500002440055659036e+01,2.500001935218197957e+01,2.500001528960205377e+01,2.500001203368007552e+01,2.500000943488860727e+01,2.500000736904365084e+01,2.500000573352245681e+01,2.500000444393750598e+01,2.500000343123453561e+01,2.500000263917933907e+01,2.500000202219688461e+01,2.500000154352620996e+01,2.500000117365543773e+01,2.500000088900306849e+01,2.500000067081372634e+01,2.500000050423926012e+01,2.500000037757863325e+01,2.500000028165288057e+01,2.500000020929411804e+01,2.500000015493013095e+01,2.500000011424857504e+01,2.500000008392700579e+01,2.500000006141701192e+01,2.500000004477253768e+01,2.500000003251402703e+01,2.500000002352154382e+01
2.501276130040039547e+01,2.501343873653564742e+01,2.501409801550592604e+01,2.501473308059230760e+01,2.501533787456044422e+01,2.501590643426924387e+01,2.501643298751092459e+01,2.501691204991169926e+01,2.501733851963624389e+01,2.501770776761956938e+01,2.501801572110061045e+01,2.501825893835258441e+01,2.501843467269406318e+01,2.501854092411658570e+01,2.501857647717207911e+01,2.501854092411658570e+01,2.501843467269406318e+01,2.501825893835258441e+01,2.501801572110061045e+01,2.501770776761956938e+01,2.501733851963624389e+01,2.501691204991169926e+01,2.501643298751092459e+01,2.501590643426924387e+01,2.501533787456044422e+01,2.501473308059230760e+01,2.501409801550592604e+01,2.501343873653564742e+01,2.501276130040039547e+01,2.501207167294931821e+01,2.501137564488304577e+01,2.501067875512534044e+01,2.500998622313899133e+01,2.500930289117573579e+01,2.500863317713393741e+01,2.500798103838138431e+01,2.500734994659380561e+01,2.500674287337267643e+01,2.500616228614618208e+01,2.500561015363187778e+01,2.500508795995280309e+01,2.500459672635435027e+01,2.500413703936743204e+01,2.500370908420476823e+01,2.500331268215884251e+01,2.500294733078938947e+01,2.500261224574072116e+01,2.500230640310969932e+01,2.500202858138818840e+01,2.500177740212371447e+01,2.500155136857270932e+01,2.500134890175722191e+01,2.500116837347265175e+01,2.500100813592696269e+01,2.500086654781686235e+01,2.500074199676087261e+01,2.500063291811041211e+01,2.500053781024704946e+01,2.500045524654558449e+01,2.500038388423905289e+01,2.500032247046299361e+01,2.500026984578384770e+01,2.500022494553083519e+01,2.500018679925413423e+01,2.500015452862596632e+01,2.500012734408715431e+01,2.500010454052160824e+01,2.500008549221657006e+01,2.500006964733902848e+01,2.500005652212950125e+01,2.500004569498506513e+01,2.500003680057463384e+01,2.500002952410200052e+01,2.500002359580673783e+01,2.500001878576997427e+01,2.500001489907157648e+01,2.500001177132767793e+01,2.500000926462250916e+01,2.500000726383623473e+01,2.500000567336070745e+01,2.500000441418758612e+01,2.500000342134768516e+01,2.500000264167673691e+01,2.500000203188053405e+01,2.500000155687126835e+01,2.500000118834700302e+01,2.500000090358680893e+01,2.500000068443549850e+01,2.500000051645347909e+01,2.500000038820929049e+01,2.500000029069440899e+01,2.500000021684203233e+01,2.500000016113366641e+01,2.500000011927932064e+01,2.500000008795895212e+01,2.500000006461464963e+01,2.500000004728440928e+01,2.500000003446997354e+01,2.500000002503225716e+01,2.500000001810902717e+01
2.500978378876598285e+01,2.501030316311199542e+01,2.501080861678683220e+01,2.501129550624659359e+01,2.501175918755222227e+01,2.501219508890374854e+01,2.501259878488527022e+01,2.501296607075644829e+01,2.501329303506017254e+01,2.501357612880122971e+01,2.501381222948954175e+01,2.501399869843415402e+01,2.501413342981904364e+01,2.501421489028478007e+01,2.501424214797592782e+01,2.501421489028478007e+01,2.501413342981904364e+01,2.501399869843415402e+01,2.501381222948954175e+01,2.501357612880122971e+01,2.501329303506017254e+01,2.501296607075644829e+01,2.501259878488527022e+01,2.501219508890374854e+01,2.501175918755222227e+01,2.501129550624659359e+01,2.501080861678683220e+01,2.501030316311199542e+01,2.500978378876598285e+01,2.500925506762496298e+01,2.500872143928287272e+01,2.500818715030223061e+01,2.500765620232236230e+01,2.500713230778373486e+01,2.500661885378508487e+01,2.500611887434718028e+01,2.500563503112212871e+01,2.500516960236685549e+01,2.500472447980050106e+01,2.500430117279249131e+01,2.500390081918504492e+01,2.500352420194297665e+01,2.500317177074573394e+01,2.500284366759155574e+01,2.500253975546958785e+01,2.500225964917070343e+01,2.500200274734785211e+01,2.500176826499858862e+01,2.500155526562136643e+01,2.500136269238909748e+01,2.500118939778371541e+01,2.500103417123996863e+01,2.500089576445170536e+01,2.500077291409553482e+01,2.500066436182283880e+01,2.500056887145867890e+01,2.500048524342379963e+01,2.500041232646267986e+01,2.500034902681534987e+01,2.500029431501396004e+01,2.500024723051681264e+01,2.500020688441347971e+01,2.500017246044591701e+01,2.500014321459308420e+01,2.500011847346174321e+01,2.500009763171544108e+01,2.500008014875826134e+01,2.500006554487096366e+01,2.500005339697615625e+01,2.500004333418682378e+01,2.500003503326992771e+01,2.500002821413471921e+01,2.500002263543435177e+01,2.500001809034985811e+01,2.500001440260784236e+01,2.500001142276762778e+01,2.500000902479997222e+01,2.500000710296809814e+01,2.500000556901233395e+01,2.500000434963217089e+01,2.500000338425376256e+01,2.500000262306677001e+01,2.500000202531139948e+01,2.500000155779499877e+01,2.500000119361657269e+01,2.500000091107768796e+01,2.500000069275874637e+01,2.500000052474059231e+01,2.500000039595273194e+01,2.500000029763092968e+01,2.500000022286856449e+01,2.500000016624768406e+01,2.500000012353739365e+01,2.500000009144864777e+01,2.500000006743606207e+01,2.500000004953853150e+01,2.500000003625184419e+01,2.500000002642731900e+01,2.500000001919164205e+01,2.500000001388376347e+01
2.500746968127892700e+01,2.500786621077501337e+01,2.500825211218218769e+01,2.500862384026927998e+01,2.500897784950342029e+01,2.500931064942815496e+01,2.500961886134765422e+01,2.500989927504643617e+01,2.501014890422352011e+01,2.501036503930864185e+01,2.501054529635768375e+01,2.501068766079522376e+01,2.501079052488269383e+01,2.501085271793800402e+01,2.501087352851253343e+01,2.501085271793800402e+01,2.501079052488269383e+01,2.501068766079522376e+01,2.501054529635768375e+01,2.501036503930864185e+01,2.501014890422352011e+01,2.500989927504643617e+01,2.500961886134765422e+01,2.500931064942815496e+01,2.500897784950342029e+01,2.500862384026927998e+01,2.500825211218218769e+01,2.500786621077501337e+01,2.500746968127892700e+01,2.500706601573551779e+01,2.500665860366518700e+01,2.500625068721362609e+01,2.500584532153370532e+01,2.500544534098211003e+01,2.500505333152513288e+01,2.500467160956276658e+01,2.500430220720069840e+01,2.500394686383187803e+01,2.500360702373718169e+01,2.500328383928291842e+01,2.500297817918354326e+01,2.500269064121336626e+01,2.500242156869155252e+01,2.500217107003025063e+01,2.500193904062505723e+01,2.500172518637831232e+01,2.500152904817637634e+01,2.500135002668925921e+01,2.500118740692113661e+01,2.500104038201061485e+01,2.500090807585596053e+01,2.500078956422048648e+01,2.500068389405324254e+01,2.500059010083800004e+01,2.500050722385664770e+01,2.500043431932011728e+01,2.500037047137925583e+01,2.500031480107888271e+01,2.500026647336025221e+01,2.500022470225006543e+01,2.500018875439844379e+01,2.500015795114420669e+01,2.500013166929448616e+01,2.500010934080757607e+01,2.500009045156435761e+01,2.500007453940538582e+01,2.500006119159902340e+01,2.500005004189146618e+01,2.500004076727356761e+01,2.500003308458224183e+01,2.500002674703704031e+01,2.500002154079558991e+01,2.500001728159553238e+01,2.500001381153568403e+01,2.500001099603566246e+01,2.500000872100119409e+01,2.500000689021206668e+01,2.500000542294085548e+01,2.500000425180348529e+01,2.500000332083682153e+01,2.500000258379423101e+01,2.500000200264674888e+01,2.500000154627527493e+01,2.500000118933803961e+01,2.500000091129679802e+01,2.500000069558533156e+01,2.500000052890420932e+01,2.500000040062649376e+01,2.500000030230014048e+01,2.500000022723386905e+01,2.500000017015464948e+01,2.500000012692600393e+01,2.500000009431775183e+01,2.500000006981878542e+01,2.500000005148576676e+01,2.500000003782144731e+01,2.500000002767738749e+01,2.500000002017660705e+01,2.500000001465234689e+01,2.500000001059991206e+01
2.500567910559132656e+01,2.500598058202576368e+01,2.500627397805664387e+01,2.500655659828889199e+01,2.500682574709804484e+01,2.500707877073356400e+01,2.500731310041511080e+01,2.500752629545585748e+01,2.500771608540838642e+01,2.500788041022019215e+01,2.500801745740826831e+01,2.500812569531602492e+01,2.500820390159986317e+01,2.500825118620478449e+01,2.500826700822526405e+01,2.500825118620478449e+01,2.500820390159986317e+01,2.500812569531602492e+01,2.500801745740826831e+01,2.500788041022019215e+01,2.500771608540838642e+01,2.500752629545585748e+01,2.500731310041511080e+01,2.500707877073356400e+01,2.500682574709804484e+01,2.500655659828889199e+01,2.500627397805664387e+01,2.500598058202576368e+01,2.500567910559132656e+01,2.500537220370903668e+01,2.500506245338901934e+01,2.500475231959423539e+01,2.500444412511934544e+01,2.500414002489041110e+01,2.500384198498538169e+01,2.500355176653430433e+01,2.500327091452180994e+01,2.500300075138668277e+01,2.500274237519767695e+01,2.500249666208453192e+01,2.500226427252002637e+01,2.500204566098451764e+01,2.500184108849928677e+01,2.500165063748874417e+01,2.500147422842346145e+01,2.500131163770464937e+01,2.500116251627393638e+01,2.500102640846819568e+01,2.500090277068501265e+01,2.500079098947772493e+01,2.500069039875710430e+01,2.500060029583751131e+01,2.500051995612618683e+01,2.500044864631346186e+01,2.500038563597733088e+01,2.500033020756672286e+01,2.500028166477293823e+01,2.500023933933731257e+01,2.500020259637508246e+01,2.500017083832054965e+01,2.500014350761693294e+01,2.500012008828659660e+01,2.500010010652377446e+01,2.500008313045342589e+01,2.500006876919719900e+01,2.500005667138102794e+01,2.500004652321018739e+01,2.500003804622647507e+01,2.500003099485006075e+01,2.500002515379558687e+01,2.500002033543894697e+01,2.500001637719845249e+01,2.500001313898172484e+01,2.500001050073846542e+01,2.500000836014888606e+01,2.500000663046852978e+01,2.500000523854236789e+01,2.500000412299435482e+01,2.500000323259320467e+01,2.500000252479085106e+01,2.500000196442655565e+01,2.500000152258736463e+01,2.500000117561382140e+01,2.500000090423888821e+01,2.500000069284759974e+01,2.500000052884485768e+01,2.500000040211927654e+01,2.500000030459133171e+01,2.500000022983502745e+01,2.500000017276308029e+01,2.500000012936645888e+01,2.500000009650025845e+01,2.500000007170860883e+01,2.500000005308235274e+01,2.500000003914398761e+01,2.500000002875517424e+01,2.500000002104277286e+01,2.500000001534002081e+01,2.500000001113999559e+01,2.500000000805897926e+01
2.500429972503881970e+01,2.500452797678601868e+01,2.500475011075412013e+01,2.500496408622429456e+01,2.500516786230404520e+01,2.500535942980416593e+01,2.500553684386750319e+01,2.500569825661817447e+01,2.500584194907077773e+01,2.500596636153264285e+01,2.500607012174921095e+01,2.500615207008326735e+01,2.500621128108249991e+01,2.500624708087464398e+01,2.500625905993305764e+01,2.500624708087464398e+01,2.500621128108249991e+01,2.500615207008326735e+01,2.500607012174921095e+01,2.500596636153264285e+01,2.500584194907077773e+01,2.500569825661817447e+01,2.500553684386750319e+01,2.500535942980416593e+01,2.500516786230404520e+01,2.500496408622429456e+01,2.500475011075412013e+01,2.500452797678601868e+01,2.500429972503881970e+01,2.500406736561416565e+01,2.500383284960009433e+01,2.500359804325226776e+01,2.500336470518887211e+01,2.500313446693257546e+01,2.500290881702668599e+01,2.500268908884576646e+01,2.500247645211787173e+01,2.500227190807867572e+01,2.500207628809037885e+01,2.500189025548225885e+01,2.500171431030687685e+01,2.500154879665725716e+01,2.500139391215601847e+01,2.500124971920775607e+01,2.500111615759970363e+01,2.500099305804230099e+01,2.500088015625888715e+01,2.500077710726095503e+01,2.500068349948002222e+01,2.500059886846760193e+01,2.500052270991883319e+01,2.500045449182124457e+01,2.500039366557619047e+01,2.500033967598533735e+01,2.500029197003664194e+01,2.500025000446281709e+01,2.500021325207944756e+01,2.500018120693916757e+01,2.500015338836243117e+01,2.500012934392443498e+01,2.500010865149165795e+01,2.500009092041069536e+01,2.500007579195700558e+01,2.500006293915236100e+01,2.500005206605764485e+01,2.500004290664296747e+01,2.500003522333024364e+01,2.500002880529512339e+01,2.500002346660592067e+01,2.500001904426726540e+01,2.500001539622650171e+01,2.500001239939091136e+01,2.500000994769472129e+01,2.500000795024628175e+01,2.500000632957794267e+01,2.500000502001434910e+01,2.500000396616886889e+01,2.500000312157289173e+01,2.500000244743855049e+01,2.500000191155213969e+01,2.500000148729301230e+01,2.500000115277078550e+01,2.500000089007258453e+01,2.500000068461107716e+01,2.500000052456396915e+01,2.500000040039535065e+01,2.500000030444975962e+01,2.500000023061007681e+01,2.500000017401110242e+01,2.500000013080118322e+01,2.500000009794503697e+01,2.500000007306160654e+01,2.500000005429152594e+01,2.500000004018934163e+01,2.500000002963642487e+01,2.500000002177091929e+01,2.500000001593175725e+01,2.500000001161413010e+01,2.500000000843423464e+01,2.500000000610155837e+01
2.500324178562866351e+01,2.500341387645473290e+01,2.500358135476995614e+01,2.500374268197061056e+01,2.500389631932203116e+01,2.500404075199230647e+01,2.500417451365279931e+01,2.500429621109407563e+01,2.500440454828391523e+01,2.500449834928915749e+01,2.500457657949593937e+01,2.500463836459364586e+01,2.500468300683579770e+01,2.500470999815515682e+01,2.500471902978835814e+01,2.500470999815515682e+01,2.500468300683579770e+01,2.500463836459364586e+01,2.500457657949593937e+01,2.500449834928915749e+01,2.500440454828391523e+01,2.500429621109407563e+01,2.500417451365279931e+01,2.500404075199230647e+01,2.500389631932203116e+01,2.500374268197061056e+01,2.500358135476995614e+01,2.500341387645473290e+01,2.500324178562866351e+01,2.500306659781159979e+01,2.500288978402996420e+01,2.500271275135066062e+01,2.500253682568710900e+01,2.500236323712884356e+01,2.500219310796583372e+01,2.500202744349829587e+01,2.500186712564485347e+01,2.500171290928899026e+01,2.500156542123777470e+01,2.500142516160953576e+01,2.500129250741983356e+01,2.500116771809822680e+01,2.500105094264266015e+01,2.500094222810319167e+01,2.500084152908229740e+01,2.500074871794379661e+01,2.500066359543581740e+01,2.500058590145363979e+01,2.500051532569444035e+01,2.500045151798643062e+01,2.500039409810802837e+01,2.500034266494744628e+01,2.500029680488772499e+01,2.500025609933605608e+01,2.500022013134799082e+01,2.500018849132615273e+01,2.500016078179888268e+01,2.500013662130622549e+01,2.500011564743894965e+01,2.500009751909054501e+01,2.500008191799266655e+01,2.500006854961144853e+01,2.500005714348586849e+01,2.500004745309008314e+01,2.500003925530025484e+01,2.500003234954265352e+01,2.500002655669484497e+01,2.500002171780542426e+01,2.500001769269084306e+01,2.500001435846045084e+01,2.500001160801338784e+01,2.500000934854366363e+01,2.500000750008279482e+01,2.500000599410285673e+01,2.500000477219697359e+01,2.500000378484908481e+01,2.500000299030033801e+01,2.500000235351564370e+01,2.500000184525081082e+01,2.500000144121826295e+01,2.500000112134731012e+01,2.500000086913366104e+01,2.500000067107186652e+01,2.500000051616378371e+01,2.500000039549597375e+01,2.500000030187881350e+01,2.500000022954045775e+01,2.500000017386889084e+01,2.500000013119599274e+01,2.500000009861779304e+01,2.500000007384583967e+01,2.500000005508493217e+01,2.500000004093319461e+01,2.500000003030082851e+01,2.500000002234443741e+01,2.500000001641422287e+01,2.500000001201177824e+01,2.500000000875649420e+01,2.500000000635900932e+01,2.500000000460028104e+01
2.500243394505240246e+01,2.500256315150299713e+01,2.500268889486280344e+01,2.500281001994225960e+01,2.500292537145348959e+01,2.500303381205490183e+01,2.500313424082134617e+01,2.500322561172584557e+01,2.500330695170245221e+01,2.500337737785605086e+01,2.500343611339459571e+01,2.500348250188233123e+01,2.500351601944853286e+01,2.500353628463437161e+01,2.500354306561913020e+01,2.500353628463437161e+01,2.500351601944853286e+01,2.500348250188233123e+01,2.500343611339459571e+01,2.500337737785605086e+01,2.500330695170245221e+01,2.500322561172584557e+01,2.500313424082134617e+01,2.500303381205490183e+01,2.500292537145348959e+01,2.500281001994225960e+01,2.500268889486280344e+01,2.500256315150299713e+01,2.500243394505240246e+01,2.500230241336911874e+01,2.500216966090541248e+01,2.500203674409249999e+01,2.500190465843125054e+01,2.500177432747759099e+01,2.500164659385112387e+01,2.500152221233510019e+01,2.500140184507739249e+01,2.500128605884740907e+01,2.500117532425429800e+01,2.500107001678881247e+01,2.500097041951567434e+01,2.500087672721559429e+01,2.500078905175679722e+01,2.500070742846464711e+01,2.500063182325450484e+01,2.500056214029664403e+01,2.500049822999199023e+01,2.500043989705293157e+01,2.500038690850291445e+01,2.500033900143162668e+01,2.500029589036724431e+01,2.500025727415350829e+01,2.500022284224521840e+01,2.500019228036129348e+01,2.500016527545824729e+01,2.500014152000880330e+01,2.500012071558971982e+01,2.500010257579939932e+01,2.500008682853960806e+01,2.500007321770626945e+01,2.500006150434229468e+01,2.500005146731053429e+01,2.500004290354780778e+01,2.500003562796158008e+01,2.500002947302961331e+01,2.500002428816038957e+01,2.500001993886808904e+01,2.500001630581139977e+01,2.500001328373997467e+01,2.500001078038703994e+01,2.500000871534086144e+01,2.500000701892234645e+01,2.500000563109085405e+01,2.500000450039535593e+01,2.500000358298374437e+01,2.500000284167917286e+01,2.500000224512893254e+01,2.500000176702854660e+01,2.500000138542136696e+01,2.500000108207218474e+01,2.500000084191185223e+01,2.500000065254887716e+01,2.500000050384332440e+01,2.500000038753774589e+01,2.500000029693988779e+01,2.500000022665176758e+01,2.500000017233985261e+01,2.500000013054143011e+01,2.500000009850245419e+01,2.500000007404261737e+01,2.500000005544373849e+01,2.500000004135797838e+01,2.500000003073279942e+01,2.500000002274997968e+01,2.500000001677628703e+01,2.500000001232386282e+01,2.500000000901848907e+01,2.500000000657441035e+01,2.500000000477436757e+01,2.500000000345390916e+01
2.500181978514188685e+01,2.500191638879314482e+01,2.500201040319895185e+01,2.500210096465993814e+01,2.500218720940323180e+01,2.500226828707383575e+01,2.500234337454419986e+01,2.500241168973243333e+01,2.500247250510734531e+01,2.500252516055566332e+01,2.500256907529410100e+01,2.500260375852602124e+01,2.500262881856955133e+01,2.500264397021976848e+01,2.500264904015152467e+01,2.500264397021976848e+01,2.500262881856955133e+01,2.500260375852602124e+01,2.500256907529410100e+01,2.500252516055566332e+01,2.500247250510734531e+01,2.500241168973243333e+01,2.500234337454419986e+01,2.500226828707383575e+01,2.500218720940323180e+01,2.500210096465993814e+01,2.500201040319895185e+01,2.500191638879314482e+01,2.500181978514188685e+01,2.500172144298634080e+01,2.500162218809118286e+01,2.500152281031722623e+01,2.500142405396955780e+01,2.500132660956226971e+01,2.500123110709588303e+01,2.500113811089838478e+01,2.500104811603718957e+01,2.500096154626818645e+01,2.500087875345121802e+01,2.500080001832906262e+01,2.500072555254042328e+01,2.500065550171679263e+01,2.500058994949856483e+01,2.500052892229741985e+01,2.500047239462933391e+01,2.500042029484539086e+01,2.500037251109501213e+01,2.500032889736770869e+01,2.500028927947415269e+01,2.500025346084445843e+01,2.500022122804021762e+01,2.500019235589623534e+01,2.500016661222751679e+01,2.500014376205584909e+01,2.500012357132834140e+01,2.500010581011639843e+01,2.500009025529822182e+01,2.500007669274024025e+01,2.500006491900304439e+01,2.500005474260557392e+01,2.500004598488702712e+01,2.500003848051002819e+01,2.500003207765054469e+01,2.500002663792063018e+01,2.500002203606910811e+01,2.500001815950337658e+01,2.500001490767257195e+01,2.500001219134889041e+01,2.500000993183991937e+01,2.500000806016065980e+01,2.500000651618974956e+01,2.500000524783030187e+01,2.500000421019178631e+01,2.500000336480587038e+01,2.500000267888569283e+01,2.500000212463528371e+01,2.500000167861319156e+01,2.500000132115237861e+01,2.500000103583654010e+01,2.500000080903177491e+01,2.500000062947134793e+01,2.500000048789053508e+01,2.500000037670800879e+01,2.500000028974993782e+01,2.500000022201273353e+01,2.500000016946048831e+01,2.500000012885315925e+01,2.500000009760177377e+01,2.500000007364722521e+01,2.500000005535936509e+01,2.500000004145356414e+01,2.500000003092207734e+01,2.500000002297796087e+01,2.500000001700945162e+01,2.500000001254311144e+01,2.500000000921416898e+01,2.500000000674284450e+01,2.500000000491548136e+01,2.500000000356964591e+01,2.500000000258238231e+01
2.500135491586575753e+01,2.500142684184029918e+01,2.500149683999947925e+01,2.500156426727838976e+01,2.500162848055738252e+01,2.500168884670706149e+01,2.500174475287014531e+01,2.500179561674977435e+01,2.500184089666466747e+01,2.500188010112936254e+01,2.500191279772330688e+01,2.500193862102525699e+01,2.500195727940958790e+01,2.500196856052778216e+01,2.500197233533108943e+01,2.500196856052778216e+01,2.500195727940958790e+01,2.500193862102525699e+01,2.500191279772330688e+01,2.500188010112936254e+01,2.500184089666466747e+01,2.500179561674977435e+01,2.500174475287014531e+01,2.500168884670706149e+01,2.500162848055738252e+01,2.500156426727838976e+01,2.500149683999947925e+01,2.500142684184029918e+01,2.500135491586575753e+01,2.500128169549278567e+01,2.500120779554212191e+01,2.500113380410239472e+01,2.500106027534385333e+01,2.500098772338679964e+01,2.500091661729632975e+01,2.500084737724126072e+01,2.500078037182261781e+01,2.500071591654665326e+01,2.500065427338961044e+01,2.500059565137773276e+01,2.500054020808601862e+01,2.500048805194397517e+01,2.500043924522582728e+01,2.500039380759631058e+01,2.500035172008137252e+01,2.500031292933501348e+01,2.500027735207920188e+01,2.500024487960224562e+01,2.500021538221196948e+01,2.500018871355282712e+01,2.500016471470985380e+01,2.500014321803694628e+01,2.500012405066141952e+01,2.500010703763091868e+01,2.500009200468202053e+01,2.500007878062204369e+01,2.500006719932629196e+01,2.500005710136221637e+01,2.500004833525958148e+01,2.500004075845170703e+01,2.500003423791720536e+01,2.500002865055459722e+01,2.500002388332372760e+01,2.500001983318824728e+01,2.500001640689275106e+01,2.500001352060673199e+01,2.500001109946532907e+01,2.500000907703423536e+01,2.500000739472324085e+01,2.500000600116975846e+01,2.500000485161059771e+01,2.500000390725716670e+01,2.500000313468635227e+01,2.500000250525666701e+01,2.500000199455674377e+01,2.500000158189117272e+01,2.500000124980669014e+01,2.500000098366025725e+01,2.500000077122915698e+01,2.500000060236231292e+01,2.500000046867110726e+01,2.500000036325751296e+01,2.500000028047687906e+01,2.500000021573249498e+01,2.500000016529895319e+01,2.500000012617132583e+01,2.500000009593725281e+01,2.500000007266912405e+01,2.500000005483383347e+01,2.500000004121766040e+01,2.500000003086413258e+01,2.500000002302294533e+01,2.500000001710817443e+01,2.500000001266434069e+01,2.500000000933893674e+01,2.500000000686038248e+01,2.500000000502036457e+01,2.500000000365981023e+01,2.500000000265777089e+01,2.500000000192270377e+01
2.500100458666750214e+01,2.500105791534782540e+01,2.500110981467179272e+01,2.500115980784637060e+01,2.500120741803795710e+01,2.500125217582009896e+01,2.500129362679685840e+01,2.500133133923098328e+01,2.500136491149916651e+01,2.500139397919519979e+01,2.500141822170587957e+01,2.500143736809386397e+01,2.500145120213670680e+01,2.500145956639106259e+01,2.500146236517523235e+01,2.500145956639106259e+01,2.500145120213670680e+01,2.500143736809386397e+01,2.500141822170587957e+01,2.500139397919519979e+01,2.500136491149916651e+01,2.500133133923098328e+01,2.500129362679685840e+01,2.500125217582009896e+01,2.500120741803795710e+01,2.500115980784637060e+01,2.500110981467179272e+01,2.500105791534782540e+01,2.500100458666750214e+01,2.500095029827046034e+01,2.500089550600841548e+01,2.500084064591286648e+01,2.500078612886691687e+01,2.500073233605911227e+01,2.500067961527233251e+01,2.500062827803587240e+01,2.500057859764470081e+01,2.500053080802726413e+01,2.500048510342281460e+01,2.500044163881143788e+01,2.500040053102528859e+01,2.500036186045817033e+01,2.500032567328258537e+01,2.500029198407872499e+01,2.500026077877849673e+01,2.500023201782912707e+01,2.500020563948508467e+01,2.500018156314334661e+01,2.500015969264515192e+01,2.500013991947687586e+01,2.500012212581285809e+01,2.500010618735383972e+01,2.500009197592537191e+01,2.500007936181106061e+01,2.500006821580530669e+01,2.500005841097928183e+01,2.500004982416175281e+01,2.500004233714330582e+01,2.500003583761809267e+01,2.500003021988169749e+01,2.500002538530695162e+01,2.500002124262169545e+01,2.500001770801361189e+01,2.500001470508759382e+01,2.500001216470050380e+01,2.500001002469717903e+01,2.500000822956994284e+01,2.500000673006184826e+01,2.500000548273185430e+01,2.500000444949777290e+01,2.500000359717045484e+01,2.500000289699054790e+01,2.500000232417687229e+01,2.500000185749352610e+01,2.500000147884098567e+01,2.500000117287487811e+01,2.500000092665468898e+01,2.500000072932349937e+01,2.500000057181892288e+01,2.500000044661455689e+01,2.500000034749076150e+01,2.500000026933307495e+01,2.500000020795633304e+01,2.500000015995235714e+01,2.500000012255899406e+01,2.500000009354826958e+01,2.500000007113156286e+01,2.500000005387968116e+01,2.500000004065590886e+01,2.500000003056035425e+01,2.500000002288385303e+01,2.500000001707009645e+01,2.500000001268465866e+01,2.500000000938982936e+01,2.500000000692424607e+01,2.500000000508655162e+01,2.500000000372229181e+01,2.500000000271352363e+01,2.500000000197057304e+01,2.500000000142556544e+01
2.500074172917215520e+01,2.500078110401076970e+01,2.500081942349464015e+01,2.500085633558713738e+01,2.500089148822168639e+01,2.500092453480070986e+01,2.500095513982431683e+01,2.500098298452249068e+01,2.500100777235961047e+01,2.500102923427903789e+01,2.500104713355837305e+01,2.500106127015302349e+01,2.500107148441673743e+01,2.500107766010237853e+01,2.500107972656407185e+01,2.500107766010237853e+01,2.500107148441673743e+01,2.500106127015302349e+01,2.500104713355837305e+01,2.500102923427903789e+01,2.500100777235961047e+01,2.500098298452249068e+01,2.500095513982431683e+01,2.500092453480070986e+01,2.500089148822168639e+01,2.500085633558713738e+01,2.500081942349464015e+01,2.500078110401076970e+01,2.500074172917215520e+01,2.500070164573376275e+01,2.500066119027035683e+01,2.500062068472258048e+01,2.500058043246295014e+01,2.500054071493922336e+01,2.500050178893433284e+01,2.500046388446363821e+01,2.500042720331246571e+01,2.500039191820016171e+01,2.500035817254185488e+01,2.500032608076594798e+01,2.500029572913459930e+01,2.500026717700598411e+01,2.500024045847122878e+01,2.500021558429551405e+01,2.500019254409176028e+01,2.500017130865647630e+01,2.500015183240029870e+01,2.500013405581058024e+01,2.500011790788920507e+01,2.500010330851593920e+01,2.500009017069507422e+01,2.500007840265116599e+01,2.500006790974755333e+01,2.500005859620909021e+01,2.500005036663777602e+01,2.500004312731664768e+01,2.500003678730312373e+01,2.500003125931815617e+01,2.500002646044155341e+01,2.500002231262723384e+01,2.500001874305455374e+01,2.500001568433338051e+01,2.500001307458151700e+01,2.500001085739319606e+01,2.500000898171708386e+01,2.500000740166138158e+01,2.500000607624239635e+01,2.500000496909163061e+01,2.500000404813471278e+01,2.500000328525393201e+01,2.500000265594433202e+01,2.500000213897164869e+01,2.500000171603888788e+01,2.500000137146667356e+01,2.500000109189135600e+01,2.500000086598353377e+01,2.500000068418867016e+01,2.500000053849063875e+01,2.500000042219829055e+01,2.500000032975457032e+01,2.500000025656724745e+01,2.500000019886009284e+01,2.500000015354302718e+01,2.500000011809964562e+01,2.500000009049053062e+01,2.500000006907067629e+01,2.500000005251946789e+01,2.500000003978166419e+01,2.500000003001799342e+01,2.500000002256401288e+01,2.500000001689612361e+01,2.500000001260357863e+01,2.500000000936562472e+01,2.500000000693291113e+01,2.500000000511246512e+01,2.500000000375561982e+01,2.500000000274832601e+01,2.500000000200351025e+01,2.500000000145495704e+01,2.500000000105255538e+01
2.500054536363845514e+01,2.500057431437419098e+01,2.500060248915001537e+01,2.500062962912754827e+01,2.500065547544638989e+01,2.500067977326727942e+01,2.500070227591064054e+01,2.500072274899768843e+01,2.500074097449770605e+01,2.500075675458416669e+01,2.500076991520460723e+01,2.500078030927427974e+01,2.500078781941171613e+01,2.500079236014506989e+01,2.500079387953126897e+01,2.500079236014506989e+01,2.500078781941171613e+01,2.500078030927427974e+01,2.500076991520460723e+01,2.500075675458416669e+01,2.500074097449770605e+01,2.500072274899768843e+01,2.500070227591064054e+01,2.500067977326727942e+01,2.500065547544638989e+01,2.500062962912754827e+01,2.500060248915001537e+01,2.500057431437419098e+01,2.500054536363845514e+01,2.500051589189779477e+01,2.500048614662209445e+01,2.500045636452137288e+01,2.500042676865324509e+01,2.500039756595492335e+01,2.500036894522857978e+01,2.500034107559525864e+01,2.500031410541959431e+01,2.500028816169518819e+01,2.500026334986940668e+01,2.500023975407685484e+01,2.500021743774263783e+01,2.500019644451042922e+01,2.500017679944606641e+01,2.500015851046474680e+01,2.500014156992927994e+01,2.500012595636750135e+01,2.500011163625939403e+01,2.500009856584769352e+01,2.500008669293034913e+01,2.500007595859816689e+01,2.500006629888670062e+01,2.500005764631715977e+01,2.500004993130700726e+01,2.500004308343663695e+01,2.500003703256372489e+01,2.500003170978196110e+01,2.500002704822492205e+01,2.500002298371983400e+01,2.500001945529880842e+01,2.500001640557770699e+01,2.500001378101443095e+01,2.500001153205973381e+01,2.500000961321411452e+01,2.500000798300468574e+01,2.500000660389545359e+01,2.500000544214402254e+01,2.500000446761673345e+01,2.500000365357329102e+01,2.500000297643069658e+01,2.500000241551513014e+01,2.500000195280908244e+01,2.500000157269985479e+01,2.500000126173440052e+01,2.500000100838430228e+01,2.500000080282381276e+01,2.500000063672287709e+01,2.500000050305641963e+01,2.500000039593051682e+01,2.500000031042543114e+01,2.500000024245527896e+01,2.500000018864358253e+01,2.500000014621383215e+01,2.500000011289401414e+01,2.500000008683392139e+01,2.500000006653404938e+01,2.500000005078489096e+01,2.500000003861545395e+01,2.500000002924985765e+01,2.500000002207102412e+01,2.500000001659041260e+01,2.500000001242304037e+01,2.500000000926690547e+01,2.500000000688616808e+01,2.500000000509749043e+01,2.500000000375899134e+01,2.500000000276135381e+01,2.500000000202073380e+01,2.500000000147310075e+01,2.500000000106977183e+01,2.500000000077390183e+01
2.500039930970448410e+01,2.500042050713848596e+01,2.500044113642253407e+01,2.500046100803781002e+01,2.500047993244935896e+01,2.500049772306647355e+01,2.500051419927287455e+01,2.500052918945880265e+01,2.500054253398438675e+01,2.500055408800305656e+01,2.500056372407537353e+01,2.500057133450738078e+01,2.500057683335355918e+01,2.500058015803229949e+01,2.500058127051140744e+01,2.500058015803229949e+01,2.500057683335355918e+01,2.500057133450738078e+01,2.500056372407537353e+01,2.500055408800305656e+01,2.500054253398438675e+01,2.500052918945880265e+01,2.500051419927287455e+01,2.500049772306647355e+01,2.500047993244935896e+01,2.500046100803781002e+01,2.500044113642253407e+01,2.500042050713848596e+01,2.500039930970448410e+01,2.500037773079598580e+01,2.500035595160791146e+01,2.500033414545693589e+01,2.500031247566356285e+01,2.500029109374512615e+01,2.500027013794064601e+01,2.500024973207882795e+01,2.500022998479075653e+01,2.500021098905984118e+01,2.500019282209357740e+01,2.500017554549447141e+01,2.500015920570172767e+01,2.500014383467080847e+01,2.500012945075465964e+01,2.500011605974871287e+01,2.500010365606108920e+01,2.500009222397009623e+01,2.500008173893271390e+01,2.500007216891031803e+01,2.500006347568109888e+01,2.500005561611234839e+01,2.500004854336994597e+01,2.500004220804660449e+01,2.500003655919471157e+01,2.500003154525373006e+01,2.500002711486618168e+01,2.500002321757955670e+01,2.500001980443494887e+01,2.500001682844569828e+01,2.500001424497174085e+01,2.500001201199699352e+01,2.500001009031848298e+01,2.500000844365674624e+01,2.500000703869751817e+01,2.500000584507476731e+01,2.500000483530502748e+01,2.500000398468245422e+01,2.500000327114349474e+01,2.500000267510917240e+01,2.500000217931225777e+01,2.500000176861558998e+01,2.500000142982693063e+01,2.500000115151482305e+01,2.500000092382908434e+01,2.500000073832872260e+01,2.500000058781942514e+01,2.500000046620200678e+01,2.500000036833278827e+01,2.500000028989629186e+01,2.500000022729033944e+01,2.500000017752328674e+01,2.500000013812291044e+01,2.500000010705628029e+01,2.500000008265984874e+01,2.500000006357891280e+01,2.500000004871555248e+01,2.500000003718417929e+01,2.500000002827384193e+01,2.500000002141644728e+01,2.500000001616017897e+01,2.500000001214733203e+01,2.500000000909602349e+01,2.500000000678513246e+01,2.500000000504198283e+01,2.500000000373233178e+01,2.500000000275229439e+01,2.500000000202183514e+01,2.500000000147955959e+01,2.500000000107858966e+01,2.500000000078327744e+01,2.500000000056664362e+01
2.500029114974892508e+01,2.500030660549046502e+01,2.500032164697531556e+01,2.500033613601911853e+01,2.500034993442574205e+01,2.500036290614580636e+01,2.500037491948608448e+01,2.500038584932029906e+01,2.500039557924979761e+01,2.500040400366222215e+01,2.500041102963730921e+01,2.500041657865187972e+01,2.500042058804024592e+01,2.500042301217211715e+01,2.500042382331697155e+01,2.500042301217211715e+01,2.500042058804024592e+01,2.500041657865187972e+01,2.500041102963730921e+01,2.500040400366222215e+01,2.500039557924979761e+01,2.500038584932029906e+01,2.500037491948608448e+01,2.500036290614580636e+01,2.500034993442574205e+01,2.500033613601911853e+01,2.500032164697531556e+01,2.500030660549046502e+01,2.500029114974892508e+01,2.500027541586186786e+01,2.500025953594442996e+01,2.500024363636745761e+01,2.500022783621326994e+01,2.500021224595809954e+01,2.500019696639653688e+01,2.500018208781613183e+01,2.500016768942335688e+01,2.500015383901545363e+01,2.500014059288692891e+01,2.500012799595418400e+01,2.500011608207755742e+01,2.500010487455682195e+01,2.500009438677371065e+01,2.500008462295386025e+01,2.500007557902004862e+01,2.500006724350907916e+01,2.500005959852583004e+01,2.500005262070989787e+01,2.500004628219251401e+01,2.500004055152420435e+01,2.500003539455668644e+01,2.500003077526550044e+01,2.500002665650306355e+01,2.500002300067491490e+01,2.500001977033463518e+01,2.500001692869565417e+01,2.500001444006042917e+01,2.500001227016945649e+01,2.500001038647420515e+01,2.500000875833937997e+01,2.500000735718080236e+01,2.500000615654594327e+01,2.500000513214427755e+01,2.500000426183494184e+01,2.500000352557884042e+01,2.500000290536213754e+01,2.500000238509757367e+01,2.500000195050947838e+01,2.500000158900775205e+01,2.500000128955539935e+01,2.500000104253351907e+01,2.500000083960707187e+01,2.500000067359395928e+01,2.500000053833958802e+01,2.500000042859834437e+01,2.500000033992311188e+01,2.500000026856346835e+01,2.500000021137285700e+01,2.500000016572480988e+01,2.500000012943802830e+01,2.500000010070992573e+01,2.500000007805822833e+01,2.500000006026999699e+01,2.500000004635746365e+01,2.500000003552010241e+01,2.500000002711220048e+01,2.500000002061538140e+01,2.500000001561543073e+01,2.500000001178291242e+01,2.500000000885701468e+01,2.500000000663220945e+01,2.500000000494726393e+01,2.500000000367627351e+01,2.500000000272136447e+01,2.500000000200678940e+01,2.500000000147418788e+01,2.500000000107879572e+01,2.500000000078643581e+01,2.500000000057111293e+01,2.500000000041315928e+01
2.500021140041867440e+01,2.500022262265137130e+01,2.500023354409714571e+01,2.500024406442195257e+01,2.500025408328320253e+01,2.500026350189703450e+01,2.500027222464254351e+01,2.500028016066700332e+01,2.500028722545471993e+01,2.500029334232179323e+01,2.500029844379992028e+01,2.500030247287433127e+01,2.500030538404421065e+01,2.500030714417793476e+01,2.500030773314070487e+01,2.500030714417793476e+01,2.500030538404421065e+01,2.500030247287433127e+01,2.500029844379992028e+01,2.500029334232179323e+01,2.500028722545471993e+01,2.500028016066700332e+01,2.500027222464254351e+01,2.500026350189703450e+01,2.500025408328320253e+01,2.500024406442195257e+01,2.500023354409714571e+01,2.500022262265137130e+01,2.500021140041867440e+01,2.500019997622777623e+01,2.500018844600593226e+01,2.500017690150953342e+01,2.500016542920284834e+01,2.500015410930138415e+01,2.500014301499089697e+01,2.500013221182813083e+01,2.500012175732397424e+01,2.500011170070520450e+01,2.500010208284660962e+01,2.500009293636145102e+01,2.500008428583533515e+01,2.500007614818595059e+01,2.500006853312961042e+01,2.500006144373450923e+01,2.500005487704022045e+01,2.500004882472344647e+01,2.500004327379075519e+01,2.500003820728042925e+01,2.500003360495727733e+01,2.500002944398621807e+01,2.500002569957257492e+01,2.500002234555940817e+01,2.500001935497429884e+01,2.500001670052035152e+01,2.500001435500815106e+01,2.500001229172740835e+01,2.500001048475855470e+01,2.500000890922616392e+01,2.500000754149712989e+01,2.500000635932752147e+01,2.500000534196271218e+01,2.500000447019581884e+01,2.500000372638978163e+01,2.500000309446837576e+01,2.500000255988145526e+01,2.500000210954937785e+01,2.500000173179137875e+01,2.500000141624206051e+01,2.500000115375989651e+01,2.500000093633105180e+01,2.500000075697136381e+01,2.500000060962884874e+01,2.500000048908867711e+01,2.500000039088206449e+01,2.500000031120023181e+01,2.500000024681418509e+01,2.500000019500078707e+01,2.500000015347535154e+01,2.500000012033084218e+01,2.500000009398343437e+01,2.500000007312429418e+01,2.500000005667716607e+01,2.500000004376133589e+01,2.500000003365961021e+01,2.500000002579072955e+01,2.500000001968584940e+01,2.500000001496858815e+01,2.500000001133818373e+01,2.500000000855543547e+01,2.500000000643097664e+01,2.500000000481556839e+01,2.500000000359214880e+01,2.500000000266929945e+01,2.500000000197595185e+01,2.500000000145710644e+01,2.500000000107039000e+01,2.500000000078330231e+01,2.500000000057102056e+01,2.500000000041467629e+01,2.500000000029999114e+01
2.500015285446682611e+01,2.500016096877618210e+01,2.500016886559957285e+01,2.500017647238979990e+01,2.500018371659349725e+01,2.500019052678434051e+01,2.500019683382300428e+01,2.500020257201782314e+01,2.500020768025917306e+01,2.500021210310024955e+01,2.500021579175765041e+01,2.500021870500647125e+01,2.500022080994705220e+01,2.500022208262334900e+01,2.500022250847676375e+01,2.500022208262334900e+01,2.500022080994705220e+01,2.500021870500647125e+01,2.500021579175765041e+01,2.500021210310024955e+01,2.500020768025917306e+01,2.500020257201782314e+01,2.500019683382300428e+01,2.500019052678434051e+01,2.500018371659349725e+01,2.500017647238979990e+01,2.500016886559957285e+01,2.500016096877618210e+01,2.500015285446682611e+01,2.500014459413025847e+01,2.500013625712731624e+01,2.500012790980306221e+01,2.500011961467605914e+01,2.500011142974665290e+01,2.500010340793229702e+01,2.500009559663421754e+01,2.500008803743603991e+01,2.500008076593152140e+01,2.500007381167543485e+01,2.500006719824902746e+01,2.500006094342907303e+01,2.500005505944801598e+01,2.500004955333131562e+01,2.500004442729743204e+01,2.500003967920582326e+01,2.500003530303826693e+01,2.500003128939977870e+01,2.500002762602607476e+01,2.500002429828597172e+01,2.500002128966840687e+01,2.500001858224542772e+01,2.500001615710409197e+01,2.500001399474180630e+01,2.500001207542137394e+01,2.500001037948331017e+01,2.500000888761456252e+01,2.500000758107381671e+01,2.500000644187472787e+01,2.500000545292923348e+01,2.500000459815370135e+01,2.500000386254136586e+01,2.500000323220456622e+01,2.500000269439070522e+01,2.500000223747576555e+01,2.500000185093916727e+01,2.500000152532359010e+01,2.500000125218317848e+01,2.500000102402316315e+01,2.500000083423370256e+01,2.500000067702034201e+01,2.500000054733313704e+01,2.500000044079616046e+01,2.500000035363879292e+01,2.500000028262985197e+01,2.500000022501538055e+01,2.500000017846062406e+01,2.500000014099660461e+01,2.500000011097136721e+01,2.500000008700600773e+01,2.500000006795534091e+01,2.500000005287300553e+01,2.500000004098079742e+01,2.500000003164192464e+01,2.500000002433780466e+01,2.500000001864815502e+01,2.500000001423398288e+01,2.500000001082313617e+01,2.500000000819814616e+01,2.500000000618606322e+01,2.500000000464995864e+01,2.500000000348192941e+01,2.500000000259732857e+01,2.500000000193005434e+01,2.500000000142872381e+01,2.500000000105356790e+01,2.500000000077395157e+01,2.500000000056637006e+01,2.500000000041287862e+01,2.500000000029983482e+01,2.500000000021691093e+01
2.500011006095940047e+01,2.500011590356702129e+01,2.500012158957657249e+01,2.500012706675135021e+01,2.500013228285020261e+01,2.500013718644349581e+01,2.500014172774831067e+01,2.500014585946418322e+01,2.500014953758988767e+01,2.500015272220164775e+01,2.500015537817357014e+01,2.500015747582218495e+01,2.500015899145849119e+01,2.500015990783324682e+01,2.500016021446370473e+01,2.500015990783324682e+01,2.500015899145849119e+01,2.500015747582218495e+01,2.500015537817357014e+01,2.500015272220164775e+01,2.500014953758988767e+01,2.500014585946418322e+01,2.500014172774831067e+01,2.500013718644349581e+01,2.500013228285020261e+01,2.500012706675135021e+01,2.500012158957657249e+01,2.500011590356702129e+01,2.500011006095940047e+01,2.500010411320669945e+01,2.500009811025133288e+01,2.500009209986422931e+01,2.500008612706111322e+01,2.500008023360440390e+01,2.500007445759665714e+01,2.500006883316854100e+01,2.500006339026182900e+01,2.500005815450535707e+01,2.500005314717968119e+01,2.500004838526417572e+01,2.500004388155879198e+01,2.500003964487135022e+01,2.500003568026044221e+01,2.500003198932344262e+01,2.500002857051908123e+01,2.500002541951401369e+01,2.500002252954349302e+01,2.500001989177678041e+01,2.500001749567887188e+01,2.500001532936117954e+01,2.500001337991491113e+01,2.500001163372202484e+01,2.500001007673993314e+01,2.500000869475710630e+01,2.500000747361797693e+01,2.500000639941642433e+01,2.500000545865799495e+01,2.500000463839185016e+01,2.500000392631393353e+01,2.500000331084343586e+01,2.500000278117491348e+01,2.500000232730873151e+01,2.500000194006254617e+01,2.500000161106662233e+01,2.500000133274574665e+01,2.500000109829029782e+01,2.500000090161893596e+01,2.500000073733515293e+01,2.500000060067960916e+01,2.500000048748008297e+01,2.500000039410042518e+01,2.500000031738979800e+01,2.500000025463321762e+01,2.500000020350411489e+01,2.500000016201952846e+01,2.500000012849835684e+01,2.500000010152285412e+01,2.500000007990355400e+01,2.500000006264759378e+01,2.500000004893039929e+01,2.500000003807054938e+01,2.500000002950771361e+01,2.500000002278337519e+01,2.500000001752413326e+01,2.500000001342737477e+01,2.500000001024900342e+01,2.500000000779306575e+01,2.500000000590297589e+01,2.500000000445419701e+01,2.500000000334814487e+01,2.500000000250711807e+01,2.500000000187017335e+01,2.500000000138971146e+01,2.500000000102873443e+01,2.500000000075861095e+01,2.500000000055727511e+01,2.500000000040780890e+01,2.500000000029729108e+01,2.500000000021589130e+01,2.500000000015618440e+01
2.500007891713717001e+01,2.500008310646887821e+01,2.500008718351488923e+01,2.500009111081986291e+01,2.500009485092526518e+01,2.500009836695443965e+01,2.500010162321149210e+01,2.500010458578050887e+01,2.500010722311124312e+01,2.500010950657710040e+01,2.500011141099172463e+01,2.500011291507113853e+01,2.500011400182959420e+01,2.500011465889884477e+01,2.500011487876243876e+01,2.500011465889884477e+01,2.500011400182959420e+01,2.500011291507113853e+01,2.500011141099172463e+01,2.500010950657710040e+01,2.500010722311124312e+01,2.500010458578050887e+01,2.500010162321149210e+01,2.500009836695443965e+01,2.500009485092526518e+01,2.500009111081986291e+01,2.500008718351488923e+01,2.500008310646887821e+01,2.500007891713717001e+01,2.500007465241316496e+01,2.500007034810712270e+01,2.500006603847230124e+01,2.500006175578636558e+01,2.500005752999427600e+01,2.500005338841675240e+01,2.500004935552654572e+01,2.500004545279284329e+01,2.500004169859231951e+01,2.500003810818379080e+01,2.500003469374200193e+01,2.500003146444491620e+01,2.500002842660801505e+01,2.500002558385846285e+01,2.500002293734163317e+01,2.500002048595237980e+01,2.500001822658356687e+01,2.500001615438466018e+01,2.500001426302373986e+01,2.500001254494688041e+01,2.500001099162959761e+01,2.500000959381588217e+01,2.500000834174117514e+01,2.500000722533650332e+01,2.500000623441175662e+01,2.500000535881695285e+01,2.500000458858096763e+01,2.500000391402786448e+01,2.500000332587147867e+01,2.500000281528942736e+01,2.500000237397790315e+01,2.500000199418906988e+01,2.500000166875287633e+01,2.500000139108529496e+01,2.500000115518496457e+01,2.500000095562022651e+01,2.500000078750836252e+01,2.500000064648887133e+01,2.500000052869227929e+01,2.500000043070599531e+01,2.500000034953841066e+01,2.500000028258228468e+01,2.500000022757837570e+01,2.500000018257995293e+01,2.500000014591878994e+01,2.500000011617304807e+01,2.500000009213732355e+01,2.500000007279504999e+01,2.500000005729333807e+01,2.500000004492027728e+01,2.500000003508462143e+01,2.500000002729776938e+01,2.500000002115795183e+01,2.500000001633639002e+01,2.500000001256534787e+01,2.500000000962784341e+01,2.500000000734885575e+01,2.500000000558787150e+01,2.500000000423261781e+01,2.500000000319380078e+01,2.500000000240072495e+01,2.500000000179768378e+01,2.500000000134097178e+01,2.500000000099646513e+01,2.500000000073763573e+01,2.500000000054394533e+01,2.500000000039958437e+01,2.500000000029241320e+01,2.500000000021316637e+01,2.500000000015480239e+01,2.500000000011198864e+01
2.500005634977917879e+01,2.500005934111825923e+01,2.500006225228116818e+01,2.500006505652338973e+01,2.500006772709813418e+01,2.500007023767409464e+01,2.500007256276307288e+01,2.500007467814784334e+01,2.500007656130034661e+01,2.500007819178012980e+01,2.500007955160319639e+01,2.500008062557199295e+01,2.500008140155806302e+01,2.500008187073001409e+01,2.500008202772081845e+01,2.500008187073001409e+01,2.500008140155806302e+01,2.500008062557199295e+01,2.500007955160319639e+01,2.500007819178012980e+01,2.500007656130034661e+01,2.500007467814784334e+01,2.500007256276307288e+01,2.500007023767409464e+01,2.500006772709813418e+01,2.500006505652338973e+01,2.500006225228116818e+01,2.500005934111825923e+01,2.500005634977917879e+01,2.500005330460718156e+01,2.500005023117214265e+01,2.500004715393214738e+01,2.500004409593466548e+01,2.500004107856151236e+01,2.500003812132069925e+01,2.500003524168668534e+01,2.500003245498926674e+01,2.500002977435007878e+01,2.500002721066448430e+01,2.500002477262570366e+01,2.500002246678714712e+01,2.500002029765830258e+01,2.500001826782909831e+01,2.500001637811737965e+01,2.500001462773402849e+01,2.500001301446043200e+01,2.500001153483313132e+01,2.500001018433089328e+01,2.500000895755994179e+01,2.500000784843346935e+01,2.500000685034234493e+01,2.500000595631430755e+01,2.500000515915973409e+01,2.500000445160250706e+01,2.500000382639516161e+01,2.500000327641794584e+01,2.500000279476186904e+01,2.500000237479627430e+01,2.500000201022164603e+01,2.500000169510876091e+01,2.500000142392536873e+01,2.500000119155178879e+01,2.500000099328677905e+01,2.500000082484514863e+01,2.500000068234848172e+01,2.500000056231034051e+01,2.500000046161716583e+01,2.500000037750600512e+01,2.500000030754014446e+01,2.500000024958346145e+01,2.500000020177428794e+01,2.500000016249944679e+01,2.500000013036889612e+01,2.500000010419145724e+01,2.500000008295188891e+01,2.500000006578948586e+01,2.500000005197837893e+01,2.500000004090957972e+01,2.500000003207475530e+01,2.500000002505172603e+01,2.500000001949162609e+01,2.500000001510756675e+01,2.500000001166479180e+01,2.500000000897212615e+01,2.500000000687463952e+01,2.500000000524735810e+01,2.500000000398994615e+01,2.500000000302224734e+01,2.500000000228049046e+01,2.500000000171420567e+01,2.500000000128361322e+01,2.500000000095750607e+01,2.500000000071151263e+01,2.500000000052670046e+01,2.500000000038839687e+01,2.500000000028531844e+01,2.500000000020879298e+01,2.500000000015220891e+01,2.500000000011053558e+01,2.500000000007996448e+01
2.500004006784481092e+01,2.500004219485421331e+01,2.500004426485387299e+01,2.500004625882694143e+01,2.500004815775495715e+01,2.500004994291489169e+01,2.500005159618320150e+01,2.500005310034009298e+01,2.500005443936685623e+01,2.500005559872917971e+01,2.500005656563944001e+01,2.500005732929132307e+01,2.500005788106082250e+01,2.500005821466832145e+01,2.500005832629756597e+01,2.500005821466832145e+01,2.500005788106082250e+01,2.500005732929132307e+01,2.500005656563944001e+01,2.500005559872917971e+01,2.500005443936685623e+01,2.500005310034009298e+01,2.500005159618320150e+01,2.500004994291489169e+01,2.500004815775495715e+01,2.500004625882694143e+01,2.500004426485387299e+01,2.500004219485421331e+01,2.500004006784481092e+01,2.500003790255719949e+01,2.500003571717297746e+01,2.500003352908322185e+01,2.500003135467596849e+01,2.500002920915488502e+01,2.500002710639125780e+01,2.500002505881040804e+01,2.500002307731267592e+01,2.500002117122827627e+01,2.500001934830442352e+01,2.500001761472248418e+01,2.500001597514229701e+01,2.500001443277036373e+01,2.500001298944826544e+01,2.500001164575753521e+01,2.500001040113706807e+01,2.500000925400930640e+01,2.500000820191153394e+01,2.500000724162890720e+01,2.500000636932614384e+01,2.500000558067518242e+01,2.500000487097656787e+01,2.500000423527262683e+01,2.500000366845113930e+01,2.500000316533837363e+01,2.500000272078098362e+01,2.500000232971641978e+01,2.500000198723200739e+01,2.500000168861298278e+01,2.500000142938002767e+01,2.500000120531714032e+01,2.500000101249058204e+01,2.500000084725996885e+01,2.500000070628246007e+01,2.500000058651103529e+01,2.500000048518793605e+01,2.500000039983410360e+01,2.500000032823562535e+01,2.500000026842788259e+01,2.500000021867824529e+01,2.500000017746780046e+01,2.500000014347280697e+01,2.500000011554619661e+01,2.500000009269957602e+01,2.500000007408595337e+01,2.500000005898343503e+01,2.500000004678000565e+01,2.500000003695953410e+01,2.500000002908899788e+01,2.500000002280694389e+01,2.500000001781317849e+01,2.500000001385963699e+01,2.500000001074232259e+01,2.500000000829431812e+01,2.500000000637968611e+01,2.500000000488825336e+01,2.500000000373116293e+01,2.500000000283707635e+01,2.500000000214898677e+01,2.500000000162155800e+01,2.500000000121889698e+01,2.500000000091272057e+01,2.500000000068083850e+01,2.500000000050592774e+01,2.500000000037451287e+01,2.500000000027617375e+01,2.500000000020287771e+01,2.500000000014846435e+01,2.500000000010822987e+01,2.500000000007859668e+01,2.500000000005685763e+01
2.500002837152079493e+01,2.500002987762854190e+01,2.500003134336842692e+01,2.500003275527487645e+01,2.500003409988115521e+01,2.500003536392972947e+01,2.500003653458756148e+01,2.500003759966152828e+01,2.500003854780899815e+01,2.500003936873840971e+01,2.500004005339501489e+01,2.500004059412700030e+01,2.500004098482781956e+01,2.500004122105096016e+01,2.500004130009417835e+01,2.500004122105096016e+01,2.500004098482781956e+01,2.500004059412700030e+01,2.500004005339501489e+01,2.500003936873840971e+01,2.500003854780899815e+01,2.500003759966152828e+01,2.500003653458756148e+01,2.500003536392972947e+01,2.500003409988115521e+01,2.500003275527487645e+01,2.500003134336842692e+01,2.500002987762854190e+01,2.500002837152079493e+01,2.500002683830874162e+01,2.500002529086654235e+01,2.500002374150859197e+01,2.500002220183904100e+01,2.500002068262341126e+01,2.500001919368378367e+01,2.500001774381836483e+01,2.500001634074554246e+01,2.500001499107192160e+01,2.500001370028320480e+01,2.500001247275633531e+01,2.500001131179088887e+01,2.500001021965734438e+01,2.500000919765970053e+01,2.500000824620973816e+01,2.500000736491014308e+01,2.500000655264386396e+01,2.500000580766709035e+01,2.500000512770342453e+01,2.500000451003716151e+01,2.500000395160365585e+01,2.500000344907527605e+01,2.500000299894156797e+01,2.500000259758263255e+01,2.500000224133501447e+01,2.500000192654969666e+01,2.500000164964195548e+01,2.500000140713319041e+01,2.500000119568493417e+01,2.500000101212544479e+01,2.500000085346942313e+01,2.500000071693143866e+01,2.500000059993378798e+01,2.500000050010944008e+01,2.500000041530085326e+01,2.500000034355527845e+01,2.500000028311734113e+01,2.500000023241938507e+01,2.500000019007029906e+01,2.500000015484322802e+01,2.500000012566264473e+01,2.500000010159122965e+01,2.500000008181676137e+01,2.500000006563936594e+01,2.500000005245930268e+01,2.500000004176540358e+01,2.500000003312431218e+01,2.500000002617056793e+01,2.500000002059754323e+01,2.500000001614930056e+01,2.500000001261328109e+01,2.500000000981382797e+01,2.500000000760650209e+01,2.500000000587310112e+01,2.500000000451737137e+01,2.500000000346130946e+01,2.500000000264198974e+01,2.500000000200889616e+01,2.500000000152166990e+01,2.500000000114820509e+01,2.500000000086308560e+01,2.500000000064628480e+01,2.500000000048209259e+01,2.500000000035824144e+01,2.500000000026518876e+01,2.500000000019555557e+01,2.500000000014365398e+01,2.500000000010512480e+01,2.500000000007663559e+01,2.500000000005565326e+01,2.500000000004025935e+01
2.500002000562468396e+01,2.500002106762719478e+01,2.500002210116509715e+01,2.500002309674339784e+01,2.500002404486629715e+01,2.500002493618550048e+01,2.500002576165204360e+01,2.500002651266818532e+01,2.500002718123588608e+01,2.500002776009825567e+01,2.500002824287050984e+01,2.500002862415712457e+01,2.500002889965218955e+01,2.500002906622033194e+01,2.500002912195611415e+01,2.500002906622033194e+01,2.500002889965218955e+01,2.500002862415712457e+01,2.500002824287050984e+01,2.500002776009825567e+01,2.500002718123588608e+01,2.500002651266818532e+01,2.500002576165204360e+01,2.500002493618550048e+01,2.500002404486629715e+01,2.500002309674339784e+01,2.500002210116509715e+01,2.500002106762719478e+01,2.500002000562468396e+01,2.500001892451010121e+01,2.500001783336140448e+01,2.500001674086185588e+01,2.500001565519389501e+01,2.500001458394861586e+01,2.500001353405187032e+01,2.500001251170753847e+01,2.500001152235809698e+01,2.500001057066205945e+01,2.500000966048756368e+01,2.500000879492093020e+01,2.500000797628878146e+01,2.500000720619210526e+01,2.500000648555039717e+01,2.500000581465400629e+01,2.500000519322278336e+01,2.500000462046905270e+01,2.500000409516320587e+01,2.500000361570008778e+01,2.500000318016476442e+01,2.500000278639626572e+01,2.500000243204818062e+01,2.500000211464517363e+01,2.500000183163474432e+01,2.500000158043368259e+01,2.500000135846895333e+01,2.500000116321285759e+01,2.500000099221253080e+01,2.500000084311391646e+01,2.500000071368052090e+01,2.500000060180732220e+01,2.500000050553022390e+01,2.500000042303161152e+01,2.500000035264242015e+01,2.500000029284129610e+01,2.500000024225130701e+01,2.500000019963467324e+01,2.500000016388599633e+01,2.500000013402436494e+01,2.500000010918468263e+01,2.500000008860856582e+01,2.500000007163507476e+01,2.500000005769149425e+01,2.500000004628432038e+01,2.500000003699065587e+01,2.500000002945006017e+01,2.500000002335696436e+01,2.500000001845366526e+01,2.500000001452395537e+01,2.500000001138736394e+01,2.500000000889400908e+01,2.500000000692002899e+01,2.500000000536357447e+01,2.500000000414130241e+01,2.500000000318533822e+01,2.500000000244067522e+01,2.500000000186294713e+01,2.500000000141653445e+01,2.500000000107297637e+01,2.500000000080963503e+01,2.500000000060858696e+01,2.500000000045571724e+01,2.500000000033993786e+01,2.500000000025260505e+01,2.500000000018698998e+01,2.500000000013789148e+01,2.500000000010129497e+01,2.500000000007412737e+01,2.500000000005403678e+01,2.500000000003924328e+01,2.500000000002838974e+01
2.500001404767613877e+01,2.500001479339978516e+01,2.500001551913596742e+01,2.500001621821743925e+01,2.500001688397637523e+01,2.500001750984853643e+01,2.500001808947985893e+01,2.500001861683312399e+01,2.500001908629222314e+01,2.500001949276146362e+01,2.500001983175754106e+01,2.500002009949179183e+01,2.500002029294065764e+01,2.500002040990252894e+01,2.500002044903943599e+01,2.500002040990252894e+01,2.500002029294065764e+01,2.500002009949179183e+01,2.500001983175754106e+01,2.500001949276146362e+01,2.500001908629222314e+01,2.500001861683312399e+01,2.500001808947985893e+01,2.500001750984853643e+01,2.500001688397637523e+01,2.500001621821743925e+01,2.500001551913596742e+01,2.500001479339978516e+01,2.500001404767613877e+01,2.500001328853226212e+01,2.500001252234256555e+01,2.500001175520431929e+01,2.500001099286311756e+01,2.500001024064933119e+01,2.500000950342618822e+01,2.500000878554997641e+01,2.500000809084232500e+01,2.500000742257437736e+01,2.500000678346229321e+01,2.500000617567323502e+01,2.500000560084093237e+01,2.500000506008957402e+01,2.500000455406481947e+01,2.500000408297054832e+01,2.500000364661003616e+01,2.500000324443020006e+01,2.500000287556761691e+01,2.500000253889516699e+01,2.500000223306821923e+01,2.500000195656936341e+01,2.500000170775098240e+01,2.500000148487492879e+01,2.500000128614887629e+01,2.500000110975892298e+01,2.500000095389832566e+01,2.500000081679216635e+01,2.500000069671807523e+01,2.500000059202306346e+01,2.500000050113670369e+01,2.500000042258087163e+01,2.500000035497641093e+01,2.500000029704701277e+01,2.500000024762068662e+01,2.500000020562915637e+01,2.500000017010555453e+01,2.500000014018073813e+01,2.500000011507850672e+01,2.500000009411007795e+01,2.500000007666799107e+01,2.500000006221972271e+01,2.500000005030117123e+01,2.500000004051017655e+01,2.500000003250021763e+01,2.500000002597433024e+01,2.500000002067942972e+01,2.500000001640093927e+01,2.500000001295791208e+01,2.500000001019852292e+01,2.500000000799605004e+01,2.500000000624525143e+01,2.500000000485914953e+01,2.500000000376622822e+01,2.500000000290796365e+01,2.500000000223669971e+01,2.500000000171380776e+01,2.500000000130813405e+01,2.500000000099467101e+01,2.500000000075342754e+01,2.500000000056851235e+01,2.500000000042734172e+01,2.500000000031999647e+01,2.500000000023869973e+01,2.500000000017737634e+01,2.500000000013130474e+01,2.500000000009682566e+01,2.500000000007112888e+01,2.500000000005205081e+01,2.500000000003794298e+01,2.500000000002755485e+01,2.500000000001993428e+01
2.500000982290002582e+01,2.500001034435059921e+01,2.500001085182485383e+01,2.500001134066068431e+01,2.500001180619558028e+01,2.500001224383947473e+01,2.500001264914925514e+01,2.500001301790337038e+01,2.500001334617473248e+01,2.500001363040015789e+01,2.500001386744467169e+01,2.500001405465903659e+01,2.500001418992901847e+01,2.500001427171512702e+01,2.500001429908178352e+01,2.500001427171512702e+01,2.500001418992901847e+01,2.500001405465903659e+01,2.500001386744467169e+01,2.500001363040015789e+01,2.500001334617473248e+01,2.500001301790337038e+01,2.500001264914925514e+01,2.500001224383947473e+01,2.500001180619558028e+01,2.500001134066068431e+01,2.500001085182485383e+01,2.500001034435059921e+01,2.500000982290002582e+01,2.500000929206528966e+01,2.500000875630373898e+01,2.500000821987890731e+01,2.500000768680843066e+01,2.500000716081959595e+01,2.500000664531303585e+01,2.500000614333490034e+01,2.500000565755748383e+01,2.500000519026815127e+01,2.500000474336617984e+01,2.500000431836697956e+01,2.500000391641293618e+01,2.500000353829014443e+01,2.500000318445008318e+01,2.500000285503531572e+01,2.500000254990828807e+01,2.500000226868224829e+01,2.500000201075344464e+01,2.500000177533373957e+01,2.500000156148288610e+01,2.500000136813983076e+01,2.500000119415247113e+01,2.500000103830539899e+01,2.500000089934531999e+01,2.500000077600386561e+01,2.500000066701764823e+01,2.500000057114555574e+01,2.500000048718321111e+01,2.500000041397476025e+01,2.500000035042207003e+01,2.500000029549155656e+01,2.500000024821883571e+01,2.500000020771144449e+01,2.500000017314986778e+01,2.500000014378710134e+01,2.500000011894706731e+01,2.500000009802200296e+01,2.500000008046915667e+01,2.500000006580689060e+01,2.500000005361043520e+01,2.500000004350741634e+01,2.500000003517331848e+01,2.500000002832692303e+01,2.500000002272592070e+01,2.500000001816266604e+01,2.500000001446018416e+01,2.500000001146842976e+01,2.500000000906087649e+01,2.500000000713136217e+01,2.500000000559127500e+01,2.500000000436702052e+01,2.500000000339778339e+01,2.500000000263355204e+01,2.500000000203340633e+01,2.500000000156402180e+01,2.500000000119838717e+01,2.500000000091472074e+01,2.500000000069552897e+01,2.500000000052683902e+01,2.500000000039753445e+01,2.500000000029882230e+01,2.500000000022376057e+01,2.500000000016691359e+01,2.500000000012403234e+01,2.500000000009181278e+01,2.500000000006770406e+01,2.500000000004973799e+01,2.500000000003639755e+01,2.500000000002653167e+01,2.500000000001926992e+01,2.500000000001394085e+01
2.500000684002721840e+01,2.500000720313140334e+01,2.500000755650339457e+01,2.500000789689679692e+01,2.500000822106495235e+01,2.500000852581162647e+01,2.500000880804293502e+01,2.500000906481926322e+01,2.500000929340604117e+01,2.500000949132209627e+01,2.500000965638444583e+01,2.500000978674832197e+01,2.500000988094151921e+01,2.500000993789203463e+01,2.500000995694838934e+01,2.500000993789203463e+01,2.500000988094151921e+01,2.500000978674832197e+01,2.500000965638444583e+01,2.500000949132209627e+01,2.500000929340604117e+01,2.500000906481926322e+01,2.500000880804293502e+01,2.500000852581162647e+01,2.500000822106495235e+01,2.500000789689679692e+01,2.500000755650339457e+01,2.500000720313140334e+01,2.500000684002721840e+01,2.500000647038851298e+01,2.500000609731909407e+01,2.500000572378781172e+01,2.500000535259228585e+01,2.500000498632794788e+01,2.500000462736278450e+01,2.500000427781793633e+01,2.500000393955421174e+01,2.500000361416438466e+01,2.500000330297098472e+01,2.500000300702924605e+01,2.500000272713465321e+01,2.500000246383459412e+01,2.500000221744344131e+01,2.500000198806047180e+01,2.500000177558990089e+01,2.500000157976242221e+01,2.500000140015761829e+01,2.500000123622668013e+01,2.500000108731488879e+01,2.500000095268338995e+01,2.500000083152993113e+01,2.500000072300819198e+01,2.500000062624545194e+01,2.500000054035850283e+01,2.500000046446760749e+01,2.500000039770853277e+01,2.500000033924262866e+01,2.500000028826503495e+01,2.500000024401108689e+01,2.500000020576105442e+01,2.500000017284341425e+01,2.500000014463671150e+01,2.500000012057028087e+01,2.500000010012396245e+01,2.500000008282698261e+01,2.500000006825613497e+01,2.500000005603347475e+01,2.500000004582362934e+01,2.500000003733081044e+01,2.500000003029573037e+01,2.500000002449240455e+01,2.500000001972502162e+01,2.500000001582484899e+01,2.500000001264729832e+01,2.500000001006912953e+01,2.500000000798586797e+01,2.500000000630940278e+01,2.500000000496581620e+01,2.500000000389339760e+01,2.500000000304090975e+01,2.500000000236599362e+01,2.500000000183383264e+01,2.500000000141593404e+01,2.500000000108908438e+01,2.500000000083447915e+01,2.500000000063695182e+01,2.500000000048432014e+01,2.500000000036685677e+01,2.500000000027681679e+01,2.500000000020807889e+01,2.500000000015581136e+01,2.500000000011622703e+01,2.500000000008636647e+01,2.500000000006393464e+01,2.500000000004714451e+01,2.500000000003463185e+01,2.500000000002534506e+01,2.500000000001847411e+01,2.500000000001341860e+01,2.500000000000970601e+01
