2.500000122322076024e+01,2.500000152686030219e+01,2.500000190020834978e+01,2.500000235781972791e+01,2.500000291693954679e+01,2.500000359792177917e+01,2.500000442469625384e+01,2.500000542528634639e+01,2.500000663237883103e+01,2.500000808394668539e+01,2.500000982392444726e+01,2.500001190293450293e+01,2.500001437906115243e+01,2.500001731866750987e+01,2.500002079724821868e+01,2.500002490030879088e+01,2.500002972425971848e+01,2.500003537731094028e+01,2.500004198034922354e+01,2.500004966777811077e+01,2.500005858829698724e+01,2.500006890559280137e+01,2.500008079891505730e+01,2.500009446350202325e+01,2.500011011082377266e+01,2.500012796860578135e+01,2.500014828059561012e+01,2.500017130603463755e+01,2.500019731879722684e+01,2.500022660616118841e+01,2.500025946717584446e+01,2.500029621059791651e+01,2.500033715237061926e+01,2.500038261262782058e+01,2.500043291221317077e+01,2.500048836871339120e+01,2.500054929201557385e+01,2.500061597941017411e+01,2.500068871027426809e+01,2.500076774038311100e+01,2.500085329591230732e+01,2.500094556720702244e+01,2.500104470240868082e+01,2.500115080104292176e+01,2.500126390768489060e+01,2.500138400582842380e+01,2.500151101209444704e+01,2.500164477091989212e+01,2.500178504987173866e+01,2.500193153573054161e+01,2.500208383148428126e+01,2.500224145436578027e+01,2.500240383505552799e+01,2.500257031815643671e+01,2.500274016402778088e+01,2.500291255204285790e+01,2.500308658530882155e+01,2.500326129685846865e+01,2.500343565729269102e+01,2.500360858382022045e+01,2.500377895060812605e+01,2.500394560032396285e+01,2.500410735671891160e+01,2.500426303807171635e+01,2.500441147128684349e+01,2.500455150641757385e+01,2.500468203136673395e+01,2.500480198650507901e+01,2.500491037894038371e+01,2.500500629616963622e+01,2.500508891885248630e+01,2.500515753245619521e+01,2.500521153754077019e+01,2.500525045847735228e+01,2.500527395042248813e+01,2.500528180440528558e+01,2.500527395042248813e+01,2.500525045847735228e+01,2.500521153754077019e+01,2.500515753245619521e+01,2.500508891885248630e+01,2.500500629616963622e+01,2.500491037894038371e+01,2.500480198650507901e+01,2.500468203136673395e+01,2.500455150641757385e+01,2.500441147128684349e+01,2.500426303807171635e+01,2.500410735671891160e+01,2.500394560032396285e+01,2.500377895060812605e+01,2.500360858382022045e+01,2.500343565729269102e+01,2.500326129685846865e+01,2.500308658530882155e+01,2.500291255204285790e+01,2.500274016402778088e+01,2.500257031815643671e+01,2.500240383505552799e+01,2.500224145436578027e+01
2.500000171583867115e+01,2.500000214176053959e+01,2.500000266546405570e+01,2.500000330736560272e+01,2.500000409165527415e+01,2.500000504688403069e+01,2.500000620661877804e+01,2.500000761016850959e+01,2.500000930338369542e+01,2.500001133952985910e+01,2.500001378023494070e+01,2.500001669650808012e+01,2.500002016982540809e+01,2.500002429327591358e+01,2.500002917275759984e+01,2.500003492821092976e+01,2.500004169487301908e+01,2.500004962453233404e+01,2.500005888675939403e+01,2.500006967008501135e+01,2.500008218309308461e+01,2.500009665539089454e+01,2.500011333841566952e+01,2.500013250603241843e+01,2.500015445487486332e+01,2.500017950437854708e+01,2.500020799645353264e+01,2.500024029474339216e+01,2.500027678341773907e+01,2.500031786544747092e+01,2.500036396031564934e+01,2.500041550112212008e+01,2.500047293104737989e+01,2.500053669915024912e+01,2.500060725548517482e+01,2.500068504553803805e+01,2.500077050399427137e+01,2.500086404786975791e+01,2.500096606905285057e+01,2.500107692632512624e+01,2.500119693694809087e+01,2.500132636792309171e+01,2.500146542705135744e+01,2.500161425393970305e+01,2.500177291111466005e+01,2.500194137542266759e+01,2.500211952990606079e+01,2.500230715635311185e+01,2.500250392872490224e+01,2.500270940766163008e+01,2.500292303626579837e+01,2.500314413734926688e+01,2.500337191231503553e+01,2.500360544182318989e+01,2.500384368836341054e+01,2.500408550082456927e+01,2.500432962111534607e+01,2.500457469284956247e+01,2.500481927206644883e+01,2.500506183991087639e+01,2.500530081715221797e+01,2.500553458037479970e+01,2.500576147962851792e+01,2.500597985728697381e+01,2.500618806782325620e+01,2.500638449818180220e+01,2.500656758839944160e+01,2.500673585211092842e+01,2.500688789656448208e+01,2.500702244177206524e+01,2.500713833842694456e+01,2.500723458423831502e+01,2.500731033835852202e+01,2.500736493361249657e+01,2.500739788628074223e+01,2.500740890323519494e+01,2.500739788628074223e+01,2.500736493361249657e+01,2.500731033835852202e+01,2.500723458423831502e+01,2.500713833842694456e+01,2.500702244177206524e+01,2.500688789656448208e+01,2.500673585211092842e+01,2.500656758839944160e+01,2.500638449818180220e+01,2.500618806782325620e+01,2.500597985728697381e+01,2.500576147962851792e+01,2.500553458037479970e+01,2.500530081715221797e+01,2.500506183991087639e+01,2.500481927206644883e+01,2.500457469284956247e+01,2.500432962111534607e+01,2.500408550082456927e+01,2.500384368836341054e+01,2.500360544182318989e+01,2.500337191231503553e+01,2.500314413734926688e+01
2.500000239221342113e+01,2.500000298603148963e+01,2.500000371617623429e+01,2.500000461111205752e+01,2.500000570456467130e+01,2.500000703633967447e+01,2.500000865323587362e+01,2.500001061005767156e+01,2.500001297072954287e+01,2.500001580951401792e+01,2.500001921233245383e+01,2.500002327818541659e+01,2.500002812066651003e+01,2.500003386955992823e+01,2.500004067250812412e+01,2.500004869673145436e+01,2.500005813077682859e+01,2.500006918626692709e+01,2.500008209961610461e+01,2.500009713367303732e+01,2.500011457924432889e+01,2.500013475644726668e+01,2.500015801583432662e+01,2.500018473922669671e+01,2.500021534018958391e+01,2.500025026407836748e+01,2.500028998758229548e+01,2.500033501769136990e+01,2.500038589001286837e+01,2.500044316636674679e+01,2.500050743159411937e+01,2.500057928952056230e+01,2.500065935802603434e+01,2.500074826318602206e+01,2.500084663246412475e+01,2.500095508695444479e+01,2.500107423269318119e+01,2.500120465108171430e+01,2.500134688848877573e+01,2.500150144512578265e+01,2.500166876331708821e+01,2.500184921531459992e+01,2.500204309083371257e+01,2.500225058451352922e+01,2.500247178352821820e+01,2.500270665559720129e+01,2.500295503765871175e+01,2.500321662548307700e+01,2.500349096450852926e+01,2.500377744218188525e+01,2.500407528207954044e+01,2.500438354006927355e+01,2.500470110275128022e+01,2.500502668838658593e+01,2.500535885048366325e+01,2.500569598416931072e+01,2.500603633541910398e+01,2.500637801316642950e+01,2.500671900424864091e+01,2.500705719108573888e+01,2.500739037192254699e+01,2.500771628340130093e+01,2.500803262517008463e+01,2.500833708617472340e+01,2.500862737223008736e+01,2.500890123442243151e+01,2.500915649785916273e+01,2.500939109025751250e+01,2.500960306985014014e+01,2.500979065208433028e+01,2.500995223460255801e+01,2.501008642001616522e+01,2.501019203601968144e+01,2.501026815244107127e+01,2.501031409488111379e+01,2.501032945466216617e+01,2.501031409488111379e+01,2.501026815244107127e+01,2.501019203601968144e+01,2.501008642001616522e+01,2.500995223460255801e+01,2.500979065208433028e+01,2.500960306985014014e+01,2.500939109025751250e+01,2.500915649785916273e+01,2.500890123442243151e+01,2.500862737223008736e+01,2.500833708617472340e+01,2.500803262517008463e+01,2.500771628340130093e+01,2.500739037192254699e+01,2.500705719108573888e+01,2.500671900424864091e+01,2.500637801316642950e+01,2.500603633541910398e+01,2.500569598416931072e+01,2.500535885048366325e+01,2.500502668838658593e+01,2.500470110275128022e+01,2.500438354006927355e+01
2.500000331493682637e+01,2.500000413780211872e+01,2.500000514957793740e+01,2.500000638970797340e+01,2.500000790492660485e+01,2.500000975039322171e+01,2.500001199095784443e+01,2.500001470256399827e+01,2.500001797379308854e+01,2.500002190755214215e+01,2.500002662290406263e+01,2.500003225703587262e+01,2.500003896735643849e+01,2.500004693371025510e+01,2.500005636068834391e+01,2.500006748001123213e+01,2.500008055295203491e+01,2.500009587276044698e+01,2.500011376704044253e+01,2.500013460002656629e+01,2.500015877469520476e+01,2.500018673463912933e+01,2.500021896562574852e+01,2.500025599675214139e+01,2.500029840110367729e+01,2.500034679581800390e+01,2.500040184145271382e+01,2.500046424055374672e+01,2.500053473532256731e+01,2.500061410428404685e+01,2.500070315786393138e+01,2.500080273279511189e+01,2.500091368528590507e+01,2.500103688290134230e+01,2.500117319512995806e+01,2.500132348263398896e+01,2.500148858520962492e+01,2.500166930851609948e+01,2.500186640966722607e+01,2.500208058181573634e+01,2.500231243789911773e+01,2.500256249375409823e+01,2.500283115084496188e+01,2.500311867888690998e+01,2.500342519867888313e+01,2.500375066548906844e+01,2.500409485335957527e+01,2.500445734071342585e+01,2.500483749765549391e+01,2.500523447535888266e+01,2.500564719791825041e+01,2.500607435703114945e+01,2.500651440983773810e+01,2.500696558020730365e+01,2.500742586370830622e+01,2.500789303643662009e+01,2.500836466780637579e+01,2.500883813732965066e+01,2.500931065532767050e+01,2.500977928742851475e+01,2.501024098261704154e+01,2.501069260451423304e+01,2.501113096547753756e+01,2.501155286303407976e+01,2.501195511808674965e+01,2.501233461427187876e+01,2.501268833779834466e+01,2.501301341706346548e+01,2.501330716132235565e+01,2.501356709768546338e+01,2.501379100573471348e+01,2.501397694908135350e+01,2.501412330323882216e+01,2.501422877924957078e+01,2.501429244258543250e+01,2.501431372693382826e+01,2.501429244258543250e+01,2.501422877924957078e+01,2.501412330323882216e+01,2.501397694908135350e+01,2.501379100573471348e+01,2.501356709768546338e+01,2.501330716132235565e+01,2.501301341706346548e+01,2.501268833779834466e+01,2.501233461427187876e+01,2.501195511808674965e+01,2.501155286303407976e+01,2.501113096547753756e+01,2.501069260451423304e+01,2.501024098261704154e+01,2.500977928742851475e+01,2.500931065532767050e+01,2.500883813732965066e+01,2.500836466780637579e+01,2.500789303643662009e+01,2.500742586370830622e+01,2.500696558020730365e+01,2.500651440983773810e+01,2.500607435703114945e+01
2.500000456564829321e+01,2.500000569897713376e+01,2.500000709249163933e+01,2.500000880051742769e+01,2.500001088742155630e+01,2.500001342917482106e+01,2.500001651509488099e+01,2.500002024977842652e+01,2.500002475522823886e+01,2.500003017317773768e+01,2.500003666761174159e+01,2.500004442747734856e+01,2.500005366957312702e+01,2.500006464159811514e+01,2.500007762533466149e+01,2.500009293993045034e+01,2.500011094523582855e+01,2.500013204514233678e+01,2.500015669085753345e+01,2.500018538404009760e+01,2.500021867970767175e+01,2.500025718881868642e+01,2.500030158041851180e+01,2.500035258323028486e+01,2.500041098656203786e+01,2.500047764039480569e+01,2.500055345451173139e+01,2.500063939652632783e+01,2.500073648866949227e+01,2.500084580320019967e+01,2.500096845631435727e+01,2.500110560044059227e+01,2.500125841483095357e+01,2.500142809437903324e+01,2.500161583662768194e+01,2.500182282696330205e+01,2.500205022203358496e+01,2.500229913146955241e+01,2.500257059804081194e+01,2.500286557642365537e+01,2.500318491081425165e+01,2.500352931167232384e+01,2.500389933193291014e+01,2.500429534307359702e+01,2.500471751147025756e+01,2.500516577551394448e+01,2.500563982399383534e+01,2.500613907627375454e+01,2.500666266480184419e+01,2.500720942049246531e+01,2.500777786150578308e+01,2.500836618592245486e+01,2.500897226876821478e+01,2.500959366378585003e+01,2.501022761028037777e+01,2.501087104527817928e+01,2.501152062114374175e+01,2.501217272869027042e+01,2.501282352570514433e+01,2.501346897069047870e+01,2.501410486149618961e+01,2.501472687840088938e+01,2.501533063107814669e+01,2.501591170877577852e+01,2.501646573293695397e+01,2.501698841140734331e+01,2.501747559330534187e+01,2.501792332358488125e+01,2.501832789629453302e+01,2.501868590553413441e+01,2.501899429313136380e+01,2.501925039210629365e+01,2.501945196506053648e+01,2.501959723671838987e+01,2.501968491995820187e+01,2.501971423480008383e+01,2.501968491995820187e+01,2.501959723671838987e+01,2.501945196506053648e+01,2.501925039210629365e+01,2.501899429313136380e+01,2.501868590553413441e+01,2.501832789629453302e+01,2.501792332358488125e+01,2.501747559330534187e+01,2.501698841140734331e+01,2.501646573293695397e+01,2.501591170877577852e+01,2.501533063107814669e+01,2.501472687840088938e+01,2.501410486149618961e+01,2.501346897069047870e+01,2.501282352570514433e+01,2.501217272869027042e+01,2.501152062114374175e+01,2.501087104527817928e+01,2.501022761028037777e+01,2.500959366378585003e+01,2.500897226876821478e+01,2.500836618592245486e+01
2.500000625002152788e+01,2.500000780146158519e+01,2.500000970907581177e+01,2.500001204723181303e+01,2.500001490404313387e+01,2.500001838350795680e+01,2.500002260789528563e+01,2.500002772038995147e+01,2.500003388800438842e+01,2.500004130476074238e+01,2.500005019514163251e+01,2.500006081780110634e+01,2.500007346951973375e+01,2.500008848937846651e+01,2.500010626311566853e+01,2.500012722761998418e+01,2.500015187549888296e+01,2.500018075964882414e+01,2.500021449773827698e+01,2.500025377649940594e+01,2.500029935570869100e+01,2.500035207172126306e+01,2.500041284040879930e+01,2.500048265933725133e+01,2.500056260900863592e+01,2.500065385298164600e+01,2.500075763667947015e+01,2.500087528469062192e+01,2.500100819637060567e+01,2.500115783955953574e+01,2.500132574224380022e+01,2.500151348200959589e+01,2.500172267316231611e+01,2.500195495141944235e+01,2.500221195612505909e+01,2.500249530998204150e+01,2.500280659635215130e+01,2.500314733423495639e+01,2.500351895110188494e+01,2.500392275383138951e+01,2.500435989806312875e+01,2.500483135636184784e+01,2.500533788565309834e+01,2.500587999446114651e+01,2.500645791054176925e+01,2.500707154955706102e+01,2.500772048548332194e+01,2.500840392347426899e+01,2.500912067591809773e+01,2.500986914242644588e+01,2.501064729447449508e+01,2.501145266537319145e+01,2.501228234619611968e+01,2.501313298820521780e+01,2.501400081222127625e+01,2.501488162526888459e+01,2.501577084469237633e+01,2.501666352979248842e+01,2.501755442087550918e+01,2.501843798544152975e+01,2.501930847107013278e+01,2.502015996439481427e+01,2.502098645539619071e+01,2.502178190609361508e+01,2.502254032257938832e+01,2.502325582922418690e+01,2.502392274379019810e+01,2.502453565212340081e+01,2.502508948106119391e+01,2.502557956818807128e+01,2.502600172710122806e+01,2.502635230691017298e+01,2.502662824478851178e+01,2.502682711052027997e+01,2.502694714213489391e+01,2.502698727189983430e+01,2.502694714213489391e+01,2.502682711052027997e+01,2.502662824478851178e+01,2.502635230691017298e+01,2.502600172710122806e+01,2.502557956818807128e+01,2.502508948106119391e+01,2.502453565212340081e+01,2.502392274379019810e+01,2.502325582922418690e+01,2.502254032257938832e+01,2.502178190609361508e+01,2.502098645539619071e+01,2.502015996439481427e+01,2.501930847107013278e+01,2.501843798544152975e+01,2.501755442087550918e+01,2.501666352979248842e+01,2.501577084469237633e+01,2.501488162526888459e+01,2.501400081222127625e+01,2.501313298820521780e+01,2.501228234619611968e+01,2.501145266537319145e+01
2.500000850378822292e+01,2.500001061467978403e+01,2.500001321018242706e+01,2.500001639148081978e+01,2.500002027846239017e+01,2.500002501262719790e+01,2.500003076033463145e+01,2.500003771640218275e+01,2.500004610806719896e+01,2.500005619931649647e+01,2.500006829558143906e+01,2.500008274878710068e+01,2.500009996273354673e+01,2.500012039877480063e+01,2.500014458174703691e+01,2.500017310608157217e+01,2.500020664202082443e+01,2.500024594183651416e+01,2.500029184592923670e+01,2.500034528866775929e+01,2.500040730380505494e+01,2.500047902928709576e+01,2.500056171125019944e+01,2.500065670698403153e+01,2.500076548662116949e+01,2.500088963330124514e+01,2.500103084154882183e+01,2.500119091360092227e+01,2.500137175342265294e+01,2.500157535815936427e+01,2.500180380679152492e+01,2.500205924578516203e+01,2.500234387156650939e+01,2.500265990969509744e+01,2.500300959066484907e+01,2.500339512232759631e+01,2.500381865900762435e+01,2.500428226745791704e+01,2.500478788989813239e+01,2.500533730446896641e+01,2.500593208353539154e+01,2.500657355037038343e+01,2.500726273484793794e+01,2.500800032886689550e+01,2.500878664231208504e+01,2.500962156043323503e+01,2.501050450358189536e+01,2.501143439028907522e+01,2.501240960468845387e+01,2.501342796928934220e+01,2.501448672407796892e+01,2.501558251287368151e+01,2.501671137778705045e+01,2.501786876252027270e+01,2.501904952511672775e+01,2.502024796060806722e+01,2.502145783382644240e+01,2.502267242244938572e+01,2.502388457013011447e+01,2.502508674934133381e+01,2.502627113333161546e+01,2.502742967636604021e+01,2.502855420120364727e+01,2.502963649255933731e+01,2.503066839511372521e+01,2.503164191447716291e+01,2.503254931938876382e+01,2.503338324334281850e+01,2.503413678378705143e+01,2.503480359703225844e+01,2.503537798705280437e+01,2.503585498644187268e+01,2.503623042791347686e+01,2.503650100491232067e+01,2.503666432009869780e+01,2.503671892071422889e+01,2.503666432009869780e+01,2.503650100491232067e+01,2.503623042791347686e+01,2.503585498644187268e+01,2.503537798705280437e+01,2.503480359703225844e+01,2.503413678378705143e+01,2.503338324334281850e+01,2.503254931938876382e+01,2.503164191447716291e+01,2.503066839511372521e+01,2.502963649255933731e+01,2.502855420120364727e+01,2.502742967636604021e+01,2.502627113333161546e+01,2.502508674934133381e+01,2.502388457013011447e+01,2.502267242244938572e+01,2.502145783382644240e+01,2.502024796060806722e+01,2.501904952511672775e+01,2.501786876252027270e+01,2.501671137778705045e+01,2.501558251287368151e+01
2.500001149993066107e+01,2.500001435455332199e+01,2.500001786453024621e+01,2.500002216669652455e+01,2.500002742317955651e+01,2.500003382533417806e+01,2.500004159813321891e+01,2.500005100503428679e+01,2.500006235333733073e+01,2.500007600003973707e+01,2.500009235818559006e+01,2.500011190369384906e+01,2.500013518263557799e+01,2.500016281891381453e+01,2.500019552228043196e+01,2.500023409660291662e+01,2.500027944827042248e+01,2.500033259460279922e+01,2.500039467209926514e+01,2.500046694433502381e+01,2.500055080928556706e+01,2.500064780582974677e+01,2.500075961915548106e+01,2.500088808476673563e+01,2.500103519076838410e+01,2.500120307808814246e+01,2.500139403828296381e+01,2.500161050857261458e+01,2.500185506374684863e+01,2.500213040460586811e+01,2.500243934261800760e+01,2.500278478051435371e+01,2.500316968858870226e+01,2.500359707653269226e+01,2.500406996071087917e+01,2.500459132686824404e+01,2.500516408836284654e+01,2.500579104012740217e+01,2.500647480868445527e+01,2.500721779866757544e+01,2.500802213643359551e+01,2.500888961148468681e+01,2.500982161655067415e+01,2.501081908730734682e+01,2.501188244282134931e+01,2.501301152791241122e+01,2.501420555870435791e+01,2.501546307269388336e+01,2.501678188469596620e+01,2.501815905002391816e+01,2.501959083622743663e+01,2.502107270464165723e+01,2.502259930289269718e+01,2.502416446936088334e+01,2.502576125042236654e+01,2.502738193107546394e+01,2.502901807931364431e+01,2.503066060433639706e+01,2.503229982839897971e+01,2.503392557179799383e+01,2.503552725018015224e+01,2.503709398305417366e+01,2.503861471208916356e+01,2.504007832750598084e+01,2.504147380061894168e+01,2.504279032037252506e+01,2.504401743154820892e+01,2.504514517219696401e+01,2.504616420778805264e+01,2.504706595955821413e+01,2.504784272459927053e+01,2.504848778533636278e+01,2.504899550622230109e+01,2.504936141570209429e+01,2.504958227178056518e+01,2.504965610984850954e+01,2.504958227178056518e+01,2.504936141570209429e+01,2.504899550622230109e+01,2.504848778533636278e+01,2.504784272459927053e+01,2.504706595955821413e+01,2.504616420778805264e+01,2.504514517219696401e+01,2.504401743154820892e+01,2.504279032037252506e+01,2.504147380061894168e+01,2.504007832750598084e+01,2.503861471208916356e+01,2.503709398305417366e+01,2.503552725018015224e+01,2.503392557179799383e+01,2.503229982839897971e+01,2.503066060433639706e+01,2.502901807931364431e+01,2.502738193107546394e+01,2.502576125042236654e+01,2.502416446936088334e+01,2.502259930289269718e+01,2.502107270464165723e+01
2.500001545716597917e+01,2.500001929409139834e+01,2.500002401188470458e+01,2.500002979446724538e+01,2.500003685975599055e+01,2.500004546495279456e+01,2.500005591244578085e+01,2.500006855635081138e+01,2.500008380971267385e+01,2.500010215237493227e+01,2.500012413951407453e+01,2.500015041081728384e+01,2.500018170026386244e+01,2.500021884644781522e+01,2.500026280335335827e+01,2.500031465146642518e+01,2.500037560907327361e+01,2.500044704356318093e+01,2.500053048251552568e+01,2.500062762431373997e+01,2.500074034798995726e+01,2.500087072196584259e+01,2.500102101131848542e+01,2.500119368316618917e+01,2.500139140973958618e+01,2.500161706867994837e+01,2.500187374009072627e+01,2.500216469986215273e+01,2.500249340879357618e+01,2.500286349705619315e+01,2.500327874357127556e+01,2.500374304992724106e+01,2.500426040852417842e+01,2.500483486471719274e+01,2.500547047283051683e+01,2.500617124603233776e+01,2.500694110019486160e+01,2.500778379201369717e+01,2.500870285182273278e+01,2.500970151171277678e+01,2.501078262974023403e+01,2.501194861119196489e+01,2.501320132804934460e+01,2.501454203796308562e+01,2.501597130420464765e+01,2.501748891819475062e+01,2.501909382631798806e+01,2.502078406280978129e+01,2.502255669054220277e+01,2.502440775153390717e+01,2.502633222896302456e+01,2.502832402236700915e+01,2.503037593756930690e+01,2.503247969267843587e+01,2.503462594126255070e+01,2.503680431351465785e+01,2.503900347589471309e+01,2.504121120937145051e+01,2.504341450599628516e+01,2.504559968313323637e+01,2.504775251425256855e+01,2.504985837478264443e+01,2.505190240111593525e+01,2.505386966049282194e+01,2.505574532915217034e+01,2.505751487585161996e+01,2.505916424763269390e+01,2.506068005454513070e+01,2.506204974995754142e+01,2.506326180307278406e+01,2.506430586033885177e+01,2.506517289259959469e+01,2.506585532506253955e+01,2.506634714746816783e+01,2.506664400221998434e+01,2.506674324866810366e+01,2.506664400221998434e+01,2.506634714746816783e+01,2.506585532506253955e+01,2.506517289259959469e+01,2.506430586033885177e+01,2.506326180307278406e+01,2.506204974995754142e+01,2.506068005454513070e+01,2.505916424763269390e+01,2.505751487585161996e+01,2.505574532915217034e+01,2.505386966049282194e+01,2.505190240111593525e+01,2.504985837478264443e+01,2.504775251425256855e+01,2.504559968313323637e+01,2.504341450599628516e+01,2.504121120937145051e+01,2.503900347589471309e+01,2.503680431351465785e+01,2.503462594126255070e+01,2.503247969267843587e+01,2.503037593756930690e+01,2.502832402236700915e+01
2.500002064982530570e+01,2.500002577572223217e+01,2.500003207840460817e+01,2.500003980358006572e+01,2.500004924237231307e+01,2.500006073838723353e+01,2.500007469559680473e+01,2.500009158707810286e+01,2.500011196463361429e+01,2.500013646930489841e+01,2.500016584277367215e+01,2.500020093962276846e+01,2.500024274040349681e+01,2.500029236542598454e+01,2.500035108915462345e+01,2.500042035505230587e+01,2.500050179067473621e+01,2.500059722277007168e+01,2.500070869209063318e+01,2.500083846757248551e+01,2.500098905948724948e+01,2.500116323111936012e+01,2.500136400847282303e+01,2.500159468746630864e+01,2.500185883803597875e+01,2.500216030453399441e+01,2.500250320178958319e+01,2.500289190619108481e+01,2.500333104115407323e+01,2.500382545636452392e+01,2.500438020022938446e+01,2.500500048503137762e+01,2.500569164437205671e+01,2.500645908259761896e+01,2.500730821603647058e+01,2.500824440603505039e+01,2.500927288395837067e+01,2.501039866852124760e+01,2.501162647603312905e+01,2.501296062436902545e+01,2.501440493171692125e+01,2.501596261139247090e+01,2.501763616424793923e+01,2.501942727042749581e+01,2.502133668242726117e+01,2.502336412159810664e+01,2.502550818037450142e+01,2.502776623261558697e+01,2.503013435449867075e+01,2.503260725840354084e+01,2.503517824216399745e+01,2.503783915593641041e+01,2.504058038874233105e+01,2.504339087648290985e+01,2.504625813289869285e+01,2.504916830456382115e+01,2.505210625056422202e+01,2.505505564702387389e+01,2.505799911612162489e+01,2.506091837869536221e+01,2.506379442897429755e+01,2.506660772942807469e+01,2.506933842318905903e+01,2.507196656100665777e+01,2.507447233924558816e+01,2.507683634505767145e+01,2.507903980455267146e+01,2.508106482957863648e+01,2.508289465860588408e+01,2.508451388719695885e+01,2.508590868364166226e+01,2.508706698554141212e+01,2.508797867343823995e+01,2.508863571799421166e+01,2.508903229772780108e+01,2.508916488489278507e+01,2.508903229772780108e+01,2.508863571799421166e+01,2.508797867343823995e+01,2.508706698554141212e+01,2.508590868364166226e+01,2.508451388719695885e+01,2.508289465860588408e+01,2.508106482957863648e+01,2.507903980455267146e+01,2.507683634505767145e+01,2.507447233924558816e+01,2.507196656100665777e+01,2.506933842318905903e+01,2.506660772942807469e+01,2.506379442897429755e+01,2.506091837869536221e+01,2.505799911612162489e+01,2.505505564702387389e+01,2.505210625056422202e+01,2.504916830456382115e+01,2.504625813289869285e+01,2.504339087648290985e+01,2.504058038874233105e+01,2.503783915593641041e+01
2.500002741919854898e+01,2.500003422545397314e+01,2.500004259426566833e+01,2.500005285188850834e+01,2.500006538488163343e+01,2.500008064949094333e+01,2.500009918211748428e+01,2.500012161092124430e+01,2.500014866859520524e+01,2.500018120632553931e+01,2.500022020893018748e+01,2.500026681113913796e+01,2.500032231494555290e+01,2.500038820791677097e+01,2.500046618230886253e+01,2.500055815477706034e+01,2.500066628641823030e+01,2.500079300282048322e+01,2.500094101373037248e+01,2.500111333188080920e+01,2.500131329045428075e+01,2.500154455858810465e+01,2.500181115426322620e+01,2.500211745385799489e+01,2.500246819759597727e+01,2.500286849007508039e+01,2.500332379503738878e+01,2.500383992352774598e+01,2.500442301459806771e+01,2.500507950774606059e+01,2.500581610633460627e+01,2.500663973132369478e+01,2.500755746476258778e+01,2.500857648263651356e+01,2.500970397684088198e+01,2.501094706626511055e+01,2.501231269720697981e+01,2.501380753360363940e+01,2.501543783785311703e+01,2.501720934330523249e+01,2.501912711981665183e+01,2.502119543408399238e+01,2.502341760678255511e+01,2.502579586883710761e+01,2.502833121942512307e+01,2.503102328855143455e+01,2.503387020722594869e+01,2.503686848841299550e+01,2.504001292199229312e+01,2.504329648696941391e+01,2.504671028409107336e+01,2.505024349185261201e+01,2.505388334862906774e+01,2.505761516331681804e+01,2.506142235644258420e+01,2.506528653318564537e+01,2.506918758917597145e+01,2.507310384928599234e+01,2.507701223894139986e+01,2.508088848675162552e+01,2.508470735652240435e+01,2.508844290597984639e+01,2.509206876882844028e+01,2.509555845610497826e+01,2.509888567219678635e+01,2.510202464038515302e+01,2.510495043237085255e+01,2.510763929595344734e+01,2.511006897488118739e+01,2.511221901487309438e+01,2.511407104994288630e+01,2.511560906342713295e+01,2.511681961853289380e+01,2.511769205376507230e+01,2.511821863925886689e+01,2.511839469081125031e+01,2.511821863925886689e+01,2.511769205376507230e+01,2.511681961853289380e+01,2.511560906342713295e+01,2.511407104994288630e+01,2.511221901487309438e+01,2.511006897488118739e+01,2.510763929595344734e+01,2.510495043237085255e+01,2.510202464038515302e+01,2.509888567219678635e+01,2.509555845610497826e+01,2.509206876882844028e+01,2.508844290597984639e+01,2.508470735652240435e+01,2.508088848675162552e+01,2.507701223894139986e+01,2.507310384928599234e+01,2.506918758917597145e+01,2.506528653318564537e+01,2.506142235644258420e+01,2.505761516331681804e+01,2.505388334862906774e+01,2.505024349185261201e+01
2.500003618636785774e+01,2.500004516889380923e+01,2.500005621359659358e+01,2.500006975104965434e+01,2.500008629141274596e+01,2.500010643681439504e+01,2.500013089516755116e+01,2.500016049548361963e+01,2.500019620473097959e+01,2.500023914625886690e+01,2.500029061977647160e+01,2.500035212283875552e+01,2.500042537374551799e+01,2.500051233570728115e+01,2.500061524207161412e+01,2.500073662233592131e+01,2.500087932859837991e+01,2.500104656201832398e+01,2.500124189877197267e+01,2.500146931490046143e+01,2.500173320935686405e+01,2.500203842446916624e+01,2.500239026295021816e+01,2.500279450050629748e+01,2.500325739302679651e+01,2.500378567728257551e+01,2.500438656402345572e+01,2.500506772235055308e+01,2.500583725425089554e+01,2.500670365822353602e+01,2.500767578100243327e+01,2.500876275649440217e+01,2.500997393120309198e+01,2.501131877560376537e+01,2.501280678116906486e+01,2.501444734302228312e+01,2.501624962850966583e+01,2.501822243233323917e+01,2.502037401926552818e+01,2.502271195586997976e+01,2.502524293306784386e+01,2.502797258181340823e+01,2.503090528455343033e+01,2.503404398554115318e+01,2.503739000343670185e+01,2.504094284994056352e+01,2.504470005846119918e+01,2.504865702699847319e+01,2.505280687951884033e+01,2.505714035009548368e+01,2.506164569397764197e+01,2.506630862953167593e+01,2.507111231465862389e+01,2.507603736083847323e+01,2.508106188738356934e+01,2.508616161780939890e+01,2.509131001946117223e+01,2.509647848668369008e+01,2.510163656690800948e+01,2.510675222807214979e+01,2.511179216481864884e+01,2.511672213994453173e+01,2.512150735664613421e+01,2.512611285622964274e+01,2.513050393517476877e+01,2.513464657476925979e+01,2.513850787599879411e+01,2.514205649200029313e+01,2.514526305018245722e+01,2.514810055609705230e+01,2.515054477131367605e+01,2.515257455791053331e+01,2.515417218273865885e+01,2.515532357533634311e+01,2.515601853424817946e+01,2.515625087751762834e+01,2.515601853424817946e+01,2.515532357533634311e+01,2.515417218273865885e+01,2.515257455791053331e+01,2.515054477131367605e+01,2.514810055609705230e+01,2.514526305018245722e+01,2.514205649200029313e+01,2.513850787599879411e+01,2.513464657476925979e+01,2.513050393517476877e+01,2.512611285622964274e+01,2.512150735664613421e+01,2.511672213994453173e+01,2.511179216481864884e+01,2.510675222807214979e+01,2.510163656690800948e+01,2.509647848668369008e+01,2.509131001946117223e+01,2.508616161780939890e+01,2.508106188738356934e+01,2.507603736083847323e+01,2.507111231465862389e+01,2.506630862953167593e+01
2.500004746648736287e+01,2.500005924907234700e+01,2.500007373666190347e+01,2.500009149404908371e+01,2.500011319042211255e+01,2.500013961560677345e+01,2.500017169818868368e+01,2.500021052560110135e+01,2.500025736623857853e+01,2.500031369362404021e+01,2.500038121261578539e+01,2.500046188759096211e+01,2.500055797248275624e+01,2.500067204247936914e+01,2.500080702711395020e+01,2.500096624438616644e+01,2.500115343545850521e+01,2.500137279936497592e+01,2.500162902705781320e+01,2.500192733400122336e+01,2.500227349040268265e+01,2.500267384805470172e+01,2.500313536264715708e+01,2.500366561030622137e+01,2.500427279702527272e+01,2.500496575958092293e+01,2.500575395647882004e+01,2.500664744745452239e+01,2.500765686006994670e+01,2.500879334200090653e+01,2.501006849771091822e+01,2.501149430835471321e+01,2.501308303395515509e+01,2.501484709715152022e+01,2.501679894812581040e+01,2.501895091067639854e+01,2.502131500982127577e+01,2.502390278177248817e+01,2.502672506762140969e+01,2.502979179260258391e+01,2.503311173335063700e+01,2.503669227611724324e+01,2.504053916945817448e+01,2.504465627541783235e+01,2.504904532371289960e+01,2.505370567382971814e+01,2.505863409028368949e+01,2.506382453652584985e+01,2.506926799310554088e+01,2.507495230569437439e+01,2.508086206843383081e+01,2.508697854777802760e+01,2.509327965156008133e+01,2.509973994741430658e+01,2.510633073394165748e+01,2.511302016712148699e+01,2.511977344346291829e+01,2.512655304027298797e+01,2.513331901221966547e+01,2.514002934211373841e+01,2.514664034255515546e+01,2.515310710382076209e+01,2.515938398214637672e+01,2.516542512141279175e+01,2.517118500021775418e+01,2.517661899543740134e+01,2.518168395268128634e+01,2.518633875355127927e+01,2.519054486934676973e+01,2.519426689083184812e+01,2.519747302390231525e+01,2.520013554146210666e+01,2.520223118253365158e+01,2.520374149057012403e+01,2.520465308408885363e+01,2.520495785407588940e+01,2.520465308408885363e+01,2.520374149057012403e+01,2.520223118253365158e+01,2.520013554146210666e+01,2.519747302390231525e+01,2.519426689083184812e+01,2.519054486934676973e+01,2.518633875355127927e+01,2.518168395268128634e+01,2.517661899543740134e+01,2.517118500021775418e+01,2.516542512141279175e+01,2.515938398214637672e+01,2.515310710382076209e+01,2.514664034255515546e+01,2.514002934211373841e+01,2.513331901221966547e+01,2.512655304027298797e+01,2.511977344346291829e+01,2.511302016712148699e+01,2.510633073394165748e+01,2.509973994741430658e+01,2.509327965156008133e+01,2.508697854777802760e+01
2.500006188438185006e+01,2.500007724591435121e+01,2.500009613409365627e+01,2.500011928526809513e+01,2.500014757189109815e+01,2.500018202369717812e+01,2.500022385132884395e+01,2.500027447252602286e+01,2.500033554095675825e+01,2.500040897772498028e+01,2.500049700553785215e+01,2.500060218544997781e+01,2.500072745602432178e+01,2.500087617465972656e+01,2.500105216073189141e+01,2.500125974007931262e+01,2.500150379023855862e+01,2.500178978569570276e+01,2.500212384227467766e+01,2.500251275963133324e+01,2.500296406066746258e+01,2.500348602652571373e+01,2.500408772567928750e+01,2.500477903549453629e+01,2.500557065452650107e+01,2.500647410371317747e+01,2.500750171457114135e+01,2.500866660246980544e+01,2.500998262308158715e+01,2.501146431017683724e+01,2.501312679306239417e+01,2.501498569215584666e+01,2.501705699144882189e+01,2.501935688694391047e+01,2.502190161055251494e+01,2.502470722941350800e+01,2.502778942113115690e+01,2.503116322602951627e+01,2.503484277816981063e+01,2.503884101756589331e+01,2.504316938674572057e+01,2.504783751552696813e+01,2.505285289858304765e+01,2.505822057105018885e+01,2.506394278804465969e+01,2.507001871449746488e+01,2.507644413214903878e+01,2.508321117085516860e+01,2.509030807151674480e+01,2.509771898794121725e+01,2.510542383475710082e+01,2.511339818812409774e+01,2.512161324540339891e+01,2.513003584917558797e+01,2.513862858002253020e+01,2.514734992133654856e+01,2.515615449810384874e+01,2.516499339015382120e+01,2.517381451880280707e+01,2.518256310418554733e+01,2.519118218890120886e+01,2.519961322194653519e+01,2.520779669531305700e+01,2.521567282413467481e+01,2.522318225993215535e+01,2.523026682535575205e+01,2.523687025791533500e+01,2.524293894954356077e+01,2.524842266848844119e+01,2.525327524999674722e+01,2.525745524253931507e+01,2.526092649694447800e+01,2.526365868673773818e+01,2.526562774921601928e+01,2.526681623828568490e+01,2.526721358182851773e+01,2.526681623828568490e+01,2.526562774921601928e+01,2.526365868673773818e+01,2.526092649694447800e+01,2.525745524253931507e+01,2.525327524999674722e+01,2.524842266848844119e+01,2.524293894954356077e+01,2.523687025791533500e+01,2.523026682535575205e+01,2.522318225993215535e+01,2.521567282413467481e+01,2.520779669531305700e+01,2.519961322194653519e+01,2.519118218890120886e+01,2.518256310418554733e+01,2.517381451880280707e+01,2.516499339015382120e+01,2.515615449810384874e+01,2.514734992133654856e+01,2.513862858002253020e+01,2.513003584917558797e+01,2.512161324540339891e+01,2.511339818812409774e+01
2.500008019123156089e+01,2.500010009706520009e+01,2.500012457281036760e+01,2.500015457264449381e+01,2.500019122711315589e+01,2.500023587057046370e+01,2.500029007179533025e+01,2.500035566792837116e+01,2.500043480183136069e+01,2.500052996291577756e+01,2.500064403141763236e+01,2.500078032601146205e+01,2.500094265455598830e+01,2.500113536764727939e+01,2.500136341452182975e+01,2.500163240070248349e+01,2.500194864661537864e+01,2.500231924622780610e+01,2.500275212456766383e+01,2.500325609278828409e+01,2.500384089924201447e+01,2.500451727482748510e+01,2.500529697068467527e+01,2.500619278613627472e+01,2.500721858462049596e+01,2.500838929523867193e+01,2.500972089745881632e+01,2.501123038648383101e+01,2.501293571681858197e+01,2.501485572166312821e+01,2.501701000592764501e+01,2.501941881091514119e+01,2.502210284905637039e+01,2.502508310751084863e+01,2.502838061996959240e+01,2.503201620660749782e+01,2.503601018283140789e+01,2.504038203824552511e+01,2.504515008809745424e+01,2.505033110036025690e+01,2.505593990252967984e+01,2.506198897314903462e+01,2.506848802399167653e+01,2.507544357970507676e+01,2.508285856252171442e+01,2.509073189033962947e+01,2.509905809703926849e+01,2.510782698430341142e+01,2.511702331441599512e+01,2.512662655350953500e+01,2.513661067448918729e+01,2.514694402837059783e+01,2.515758929201973615e+01,2.516850349927585739e+01,2.517963816118043852e+01,2.519093947954078416e+01,2.520234865635116606e+01,2.521380229970863240e+01,2.522523292483501223e+01,2.523656954669776198e+01,2.524773835856273507e+01,2.525866348866842870e+01,2.526926782514357939e+01,2.527947389735830797e+01,2.528920480016307337e+01,2.529838514598534616e+01,2.530694202857254282e+01,2.531480598133530435e+01,2.532191191279278897e+01,2.532820000157641971e+01,2.533361653382375778e+01,2.533811466659141587e+01,2.534165510212337580e+01,2.534420665940536210e+01,2.534574673138058643e+01,2.534626161845062242e+01,2.534574673138058643e+01,2.534420665940536210e+01,2.534165510212337580e+01,2.533811466659141587e+01,2.533361653382375778e+01,2.532820000157641971e+01,2.532191191279278897e+01,2.531480598133530435e+01,2.530694202857254282e+01,2.529838514598534616e+01,2.528920480016307337e+01,2.527947389735830797e+01,2.526926782514357939e+01,2.525866348866842870e+01,2.524773835856273507e+01,2.523656954669776198e+01,2.522523292483501223e+01,2.521380229970863240e+01,2.520234865635116606e+01,2.519093947954078416e+01,2.517963816118043852e+01,2.516850349927585739e+01,2.515758929201973615e+01,2.514694402837059783e+01
2.500010328198409937e+01,2.500012891962493811e+01,2.500016044306552132e+01,2.500019908123494261e+01,2.500024629021497447e+01,2.500030378858179247e+01,2.500037359683807736e+01,2.500045808112193058e+01,2.500056000132381939e+01,2.500068256367154973e+01,2.500082947775386799e+01,2.500100501784470808e+01,2.500121408826086267e+01,2.500146229233558515e+01,2.500175600441871993e+01,2.500210244412157223e+01,2.500250975181234026e+01,2.500298706413854433e+01,2.500354458810897995e+01,2.500419367201422816e+01,2.500494687120670534e+01,2.500581800650545716e+01,2.500682221274542627e+01,2.500797597476437062e+01,2.500929714792350467e+01,2.501080496010068188e+01,2.501251999198945342e+01,2.501446413249514578e+01,2.501666050605231106e+01,2.501913336880755168e+01,2.502190797082851148e+01,2.502501038182249360e+01,2.502846727828395146e+01,2.503230569054317556e+01,2.503655270886051909e+01,2.504123514849908005e+01,2.504637917460791030e+01,2.505200988874677392e+01,2.505815087996742818e+01,2.506482374451541517e+01,2.507204757940608175e+01,2.507983845633065201e+01,2.508820888352974876e+01,2.509716726439765822e+01,2.510671736261231146e+01,2.511685778448470074e+01,2.512758148994746321e+01,2.513887534411767533e+01,2.515071972163834602e+01,2.516308817599487924e+01,2.517594718569193546e+01,2.518925598854347925e+01,2.520296651436452606e+01,2.521702342505582806e+01,2.523136426945226773e+01,2.524591975838127667e+01,2.526061416318056629e+01,2.527536583849584417e+01,2.529008786757011862e+01,2.530468882550743004e+01,2.531907365321223935e+01,2.533314463194507127e+01,2.534680244577191388e+01,2.535994731669700641e+01,2.537248019503277874e+01,2.538430398564905133e+01,2.539532478922199843e+01,2.540545313652864579e+01,2.541460519324997591e+01,2.542270391268751339e+01,2.542968011428151698e+01,2.543547346684563593e+01,2.544003335698819868e+01,2.544331962524341506e+01,2.544530315494061057e+01,2.544596630173540674e+01,2.544530315494061057e+01,2.544331962524341506e+01,2.544003335698819868e+01,2.543547346684563593e+01,2.542968011428151698e+01,2.542270391268751339e+01,2.541460519324997591e+01,2.540545313652864579e+01,2.539532478922199843e+01,2.538430398564905133e+01,2.537248019503277874e+01,2.535994731669700641e+01,2.534680244577191388e+01,2.533314463194507127e+01,2.531907365321223935e+01,2.530468882550743004e+01,2.529008786757011862e+01,2.527536583849584417e+01,2.526061416318056629e+01,2.524591975838127667e+01,2.523136426945226773e+01,2.521702342505582806e+01,2.520296651436452606e+01,2.518925598854347925e+01
2.500013221298919674e+01,2.500016503216052755e+01,2.500020538584220731e+01,2.500025484720684332e+01,2.500031528020899430e+01,2.500038888482665556e+01,2.500047824753898951e+01,2.500058639727880916e+01,2.500071686702790785e+01,2.500087376113192761e+01,2.500106182829725299e+01,2.500128654009317941e+01,2.500155417461738239e+01,2.500187190479013566e+01,2.500224789052292351e+01,2.500269137376049144e+01,2.500321277512385620e+01,2.500382379058777360e+01,2.500453748631432305e+01,2.500536838943941476e+01,2.500633257227892869e+01,2.500744772709367325e+01,2.500873322823809985e+01,2.501021017822776926e+01,2.501190143400816268e+01,2.501383160950618034e+01,2.501602705041064567e+01,2.501851577707407515e+01,2.502132739147054963e+01,2.502449294429759874e+01,2.502804475858764377e+01,2.503201620660749782e+01,2.503644143738231165e+01,2.504135505288839525e+01,2.504679173181952478e+01,2.505278580084091189e+01,2.505937075439594253e+01,2.506657872540962373e+01,2.507443991062026001e+01,2.508298195574169753e+01,2.509222930718157230e+01,2.510220253857967165e+01,2.511291766194329611e+01,2.512438543459751727e+01,2.513661067448918729e+01,2.514959159753377804e+01,2.516331919162372088e+01,2.517777664257648240e+01,2.519293882764548087e+01,2.520877189220661663e+01,2.522523292483501223e+01,2.524226974517696576e+01,2.525982081778751009e+01,2.527781530344350713e+01,2.529617325736764499e+01,2.531480598133530080e+01,2.533361653382375778e+01,2.535250039925422527e+01,2.537134631403748841e+01,2.539003724364048864e+01,2.540845150133071684e+01,2.542646399572113936e+01,2.544394759082938151e+01,2.546077455918010557e+01,2.547681810561743987e+01,2.549195393704700763e+01,2.550606185137939974e+01,2.551902731757114040e+01,2.553074301791323464e+01,2.554111032364285450e+01,2.555004067557247893e+01,2.555745684274495133e+01,2.556329403411403689e+01,2.556750084087825670e+01,2.557003999030221308e+01,2.557088889556659339e+01,2.557003999030221308e+01,2.556750084087825670e+01,2.556329403411403689e+01,2.555745684274495133e+01,2.555004067557247893e+01,2.554111032364285450e+01,2.553074301791323464e+01,2.551902731757114040e+01,2.550606185137939974e+01,2.549195393704700763e+01,2.547681810561743987e+01,2.546077455918010557e+01,2.544394759082938151e+01,2.542646399572113936e+01,2.540845150133071684e+01,2.539003724364048864e+01,2.537134631403748841e+01,2.535250039925422527e+01,2.533361653382375778e+01,2.531480598133530080e+01,2.529617325736764499e+01,2.527781530344350713e+01,2.525982081778751009e+01,2.524226974517696576e+01
2.500016821919064824e+01,2.500020997616530849e+01,2.500026131955987552e+01,2.500032425097666433e+01,2.500040114198996122e+01,2.500049479170839106e+01,2.500060849099946836e+01,2.500074609367990419e+01,2.500091209488546085e+01,2.500111171671805721e+01,2.500135100112219178e+01,2.500163690976603803e+01,2.500197743049191246e+01,2.500238168965609020e+01,2.500286006939812111e+01,2.500342432856617947e+01,2.500408772567928750e+01,2.500486514193346821e+01,2.500577320186176777e+01,2.500683038884513820e+01,2.500805715225081371e+01,2.500947600255837955e+01,2.501111159043373533e+01,2.501299076534236221e+01,2.501514260897200970e+01,2.501759843847909082e+01,2.502039177440101980e+01,2.502355826800815208e+01,2.502713558292303020e+01,2.503116322602951627e+01,2.503568232304744612e+01,2.504073533467411750e+01,2.504636570990351885e+01,2.505261747403516637e+01,2.505953474997888719e+01,2.506716121274630282e+01,2.507553947848422027e+01,2.508471043103219600e+01,2.509471249075201982e+01,2.510558083224822212e+01,2.511734655953661033e+01,2.513003584917558797e+01,2.514366907379968907e+01,2.515825992032824132e+01,2.517381451880280707e+01,2.519033059927052065e+01,2.520779669531305700e+01,2.522619141366040196e+01,2.524548278976715210e+01,2.526562774921602283e+01,2.528657169430669782e+01,2.530824823415791869e+01,2.533057907507998863e+01,2.535347408586224560e+01,2.537683154998032720e+01,2.540053861359401211e+01,2.542447193462783162e+01,2.544849853427098907e+01,2.547247684798402645e+01,2.549625796865465333e+01,2.551968707001518410e+01,2.554260499393743089e+01,2.556484998088332716e+01,2.558625951873772664e+01,2.560667228160800235e+01,2.562593012706149409e+01,2.564388011779366039e+01,2.566037653196918811e+01,2.567528282552943253e+01,2.568847350966457910e+01,2.569983590743613533e+01,2.570927175520765218e+01,2.571669861707457017e+01,2.572205108382838645e+01,2.572528173206977797e+01,2.572636182380191272e+01,2.572528173206977797e+01,2.572205108382838645e+01,2.571669861707457017e+01,2.570927175520765218e+01,2.569983590743613533e+01,2.568847350966457910e+01,2.567528282552943253e+01,2.566037653196918811e+01,2.564388011779366039e+01,2.562593012706149409e+01,2.560667228160800235e+01,2.558625951873772664e+01,2.556484998088332716e+01,2.554260499393743089e+01,2.551968707001518410e+01,2.549625796865465333e+01,2.547247684798402645e+01,2.544849853427098907e+01,2.542447193462783162e+01,2.540053861359401211e+01,2.537683154998032720e+01,2.535347408586224560e+01,2.533057907507998863e+01,2.530824823415791869e+01
2.500021273003762090e+01,2.500026553591996503e+01,2.500033046479173038e+01,2.500041004787977883e+01,2.500050728427764568e+01,2.500062571373891984e+01,2.500076949789562164e+01,2.500094351028548090e+01,2.500115343545850521e+01,2.500140587728629527e+01,2.500170847641363991e+01,2.500207003656814209e+01,2.500250065917752451e+01,2.500301188543459219e+01,2.500361684459605982e+01,2.500433040690476361e+01,2.500516933908772543e+01,2.500615245990978153e+01,2.500730079276027951e+01,2.500863771172816996e+01,2.501018907708922612e+01,2.501198335560250285e+01,2.501405172050730741e+01,2.501642812564551122e+01,2.501914934772794297e+01,2.502225499043975177e+01,2.502578744386232756e+01,2.502979179260258391e+01,2.503431566608858816e+01,2.503940902473720342e+01,2.504512387614574109e+01,2.505151391612440648e+01,2.505863409028368949e+01,2.506654007303021103e+01,2.507528766220861982e+01,2.508493208925137097e+01,2.509552724655016220e+01,2.510712483582042864e+01,2.511977344346291829e+01,2.513351755129278686e+01,2.514839649345750061e+01,2.516444337284048061e+01,2.518168395268128634e+01,2.520013554146211021e+01,2.521980589123529626e+01,2.524069213141778434e+01,2.526277976157362204e+01,2.528604172776729442e+01,2.531043760762534944e+01,2.533591292922711347e+01,2.536239864830482915e+01,2.538981080693065806e+01,2.541805039488175311e+01,2.544700343220279137e+01,2.547654128814735586e+01,2.550652124771615448e+01,2.553678733248451849e+01,2.556717137740950108e+01,2.559749435993314748e+01,2.562756797207777382e+01,2.565719642050006399e+01,2.568617843378462240e+01,2.571430945077237595e+01,2.574138395859505479e+01,2.576719794448173317e+01,2.579155142146588986e+01,2.581425098498754167e+01,2.583511235517119076e+01,2.585396285836040775e+01,2.587064380136964914e+01,2.588501269290960849e+01,2.589694526875692304e+01,2.590633728044261375e+01,2.591310601146251713e+01,2.591719149017199086e+01,2.591855737449185781e+01,2.591719149017199086e+01,2.591310601146251713e+01,2.590633728044261375e+01,2.589694526875692304e+01,2.588501269290960849e+01,2.587064380136964914e+01,2.585396285836040775e+01,2.583511235517119076e+01,2.581425098498754167e+01,2.579155142146588986e+01,2.576719794448173317e+01,2.574138395859505479e+01,2.571430945077237595e+01,2.568617843378462240e+01,2.565719642050006399e+01,2.562756797207777382e+01,2.559749435993314748e+01,2.556717137740950108e+01,2.553678733248451849e+01,2.550652124771615448e+01,2.547654128814735586e+01,2.544700343220279137e+01,2.541805039488175311e+01,2.538981080693065806e+01
2.500026738310212338e+01,2.500033375549028847e+01,2.500041536541874265e+01,2.500051539441886206e+01,2.500063761208963697e+01,2.500078646759256529e+01,2.500096719173610893e+01,2.500118591013210434e+01,2.500144976776408257e+01,2.500176706512262825e+01,2.500214740583179562e+01,2.500260185540927793e+01,2.500314311046864191e+01,2.500378567728257551e+01,2.500454605818158527e+01,2.500544294376386034e+01,2.500649740834282042e+01,2.500773310546441053e+01,2.500917645969530057e+01,2.501085685022651717e+01,2.501280678116906486e+01,2.501506203275610218e+01,2.501766178703037014e+01,2.502064872100952186e+01,2.502406905981125718e+01,2.502797258181340823e+01,2.503241256765086220e+01,2.503744568474203547e+01,2.504313179912358933e+01,2.504953370668176404e+01,2.505671677643007911e+01,2.506474849931839444e+01,2.507369793718651962e+01,2.508363506790743358e+01,2.509463002450494784e+01,2.510675222807214979e+01,2.512006941664469295e+01,2.513464657476925979e+01,2.515054477131367605e+01,2.516781991603971136e+01,2.518652144853986030e+01,2.520669097625120614e+01,2.522836088131871080e+01,2.525155291899476495e+01,2.527627683293300720e+01,2.530252901506091945e+01,2.533029123959527951e+01,2.535952950209891199e+01,2.539019299517418560e+01,2.542221325236807417e+01,2.545550349105831600e+01,2.548995818345277087e+01,2.552545288233738674e+01,2.556184432485011016e+01,2.559897083336239021e+01,2.563665302756827913e+01,2.567469485619303882e+01,2.571288495044571221e+01,2.575099829458600809e+01,2.578879820191096428e+01,2.582603857726590135e+01,2.586246644003737316e+01,2.589782467469106564e+01,2.593185496947721802e+01,2.596430089813758357e+01,2.599491109449891368e+01,2.602344246589882815e+01,2.604966338860745623e+01,2.607335682689995338e+01,2.609432331728394416e+01,2.611238376063742805e+01,2.612738196767046972e+01,2.613918690715053117e+01,2.614769461164672748e+01,2.615282970203272939e+01,2.615454649948490484e+01,2.615282970203272939e+01,2.614769461164672748e+01,2.613918690715053117e+01,2.612738196767046972e+01,2.611238376063742805e+01,2.609432331728394416e+01,2.607335682689995338e+01,2.604966338860745623e+01,2.602344246589882815e+01,2.599491109449891368e+01,2.596430089813758357e+01,2.593185496947721802e+01,2.589782467469106564e+01,2.586246644003737316e+01,2.582603857726590135e+01,2.578879820191096428e+01,2.575099829458600809e+01,2.571288495044571221e+01,2.567469485619303882e+01,2.563665302756827913e+01,2.559897083336239021e+01,2.556184432485011016e+01,2.552545288233738674e+01,2.548995818345277087e+01
2.500033403422073519e+01,2.500041695138634523e+01,2.500051890438426838e+01,2.500064386781254910e+01,2.500079655092563158e+01,2.500098251193636045e+01,2.500120828554724994e+01,2.500148152431360060e+01,2.500181115426322620e+01,2.500220754496653797e+01,2.500268269396208609e+01,2.500325042509121332e+01,2.500392659987765143e+01,2.500472934060157826e+01,2.500567926316229972e+01,2.500679971720067130e+01,2.500811703026619526e+01,2.500966075207135120e+01,2.501146389408718562e+01,2.501356315891420934e+01,2.501599915302794486e+01,2.501881657567155770e+01,2.502206437587365428e+01,2.502579586883710761e+01,2.503006880230680054e+01,2.503494536301600348e+01,2.504049211296960564e+01,2.504677984518633238e+01,2.505388334862906774e+01,2.506188107243974983e+01,2.507085468029613295e+01,2.508088848675162552e+01,2.509206876882844028e+01,2.510448294792339041e+01,2.511821863925886689e+01,2.513336256866215024e+01,2.514999935936399922e+01,2.516821019473853127e+01,2.518807136641193267e+01,2.520965272088368536e+01,2.523301602165201274e+01,2.525821324772273258e+01,2.528528485320261154e+01,2.531425801631914752e+01,2.534514490954593313e+01,2.537794102541902319e+01,2.541262359497790513e+01,2.544915013743158738e+01,2.548745718052120424e+01,2.552745919102456540e+01,2.556904775384225204e+01,2.561209103605911608e+01,2.565643356925610874e+01,2.570189637915209957e+01,2.574827748641394010e+01,2.579535279624940713e+01,2.584287738729189599e+01,2.589058720243077616e+01,2.593820113580385112e+01,2.598542350134211176e+01,2.603194685926135321e+01,2.607745516796655849e+01,2.612162722022188177e+01,2.616414031439303045e+01,2.620467410433744959e+01,2.624291456533504885e+01,2.627855800853114587e+01,2.631131507288722560e+01,2.634091462175087628e+01,2.636710747096756435e+01,2.638966987702029954e+01,2.640840671700363984e+01,2.642315429726864551e+01,2.643378273421578228e+01,2.644019785881371476e+01,2.644234260578742379e+01,2.644019785881371476e+01,2.643378273421578228e+01,2.642315429726864551e+01,2.640840671700363984e+01,2.638966987702029954e+01,2.636710747096756435e+01,2.634091462175087628e+01,2.631131507288722560e+01,2.627855800853114587e+01,2.624291456533504885e+01,2.620467410433744959e+01,2.616414031439303045e+01,2.612162722022188177e+01,2.607745516796655849e+01,2.603194685926135321e+01,2.598542350134211176e+01,2.593820113580385112e+01,2.589058720243077616e+01,2.584287738729189599e+01,2.579535279624940713e+01,2.574827748641394010e+01,2.570189637915209957e+01,2.565643356925610874e+01,2.561209103605911608e+01
2.500041476282865816e+01,2.500051771922060340e+01,2.500064431198021708e+01,2.500079947627709132e+01,2.500098905948724948e+01,2.500121996311940364e+01,2.500150030116764555e+01,2.500183957563892889e+01,2.500224886978255512e+01,2.500274105926241575e+01,2.500333104115407323e+01,2.500403598021246054e+01,2.500487557133720173e+01,2.500587231655870113e+01,2.500705181417850653e+01,2.500844305692397285e+01,2.501007873512509505e+01,2.501199553999962788e+01,2.501423446115361315e+01,2.501684107138606805e+01,2.501986579085038542e+01,2.502336412159810664e+01,2.502739684254439823e+01,2.503203015398545617e+01,2.503733576000586680e+01,2.504339087648290985e+01,2.505027815197087904e+01,2.505808548857942242e+01,2.506690575009276145e+01,2.507683634505767145e+01,2.508797867343823995e+01,2.510043742673160949e+01,2.511431973318860855e+01,2.512973414200442335e+01,2.514678944304313291e+01,2.516559332182679043e+01,2.518625085313031065e+01,2.520886284053548110e+01,2.523352401364997277e+01,2.526032109931163561e+01,2.528933078787624922e+01,2.532061762051398546e+01,2.535423182818535892e+01,2.539020715748822354e+01,2.542855872271107032e+01,2.546928092703662827e+01,2.551234549875534796e+01,2.555769969041819323e+01,2.560526468993947447e+01,2.565493429262823710e+01,2.570657388187781933e+01,2.576001976370299218e+01,2.581507889644140263e+01,2.587152905172694517e+01,2.592911943633440686e+01,2.598757179676718465e+01,2.604658201963655628e+01,2.610582223112800904e+01,2.616494338837311773e+01,2.622357834458643211e+01,2.628134535865692811e+01,2.633785200879730226e+01,2.639269945915944859e+01,2.644548701833409154e+01,2.649581691967342323e+01,2.654329924569866961e+01,2.658755691274419775e+01,2.662823062767360227e+01,2.666498372616350565e+01,2.669750680181667235e+01,2.672552203730709053e+01,2.674878715288264885e+01,2.676709889379681329e+01,2.678029598648600995e+01,2.678826150336800183e+01,2.679092458776580443e+01,2.678826150336800183e+01,2.678029598648600995e+01,2.676709889379681329e+01,2.674878715288264885e+01,2.672552203730709053e+01,2.669750680181667235e+01,2.666498372616350565e+01,2.662823062767360227e+01,2.658755691274419775e+01,2.654329924569866961e+01,2.649581691967342323e+01,2.644548701833409154e+01,2.639269945915944859e+01,2.633785200879730226e+01,2.628134535865692811e+01,2.622357834458643211e+01,2.616494338837311773e+01,2.610582223112800904e+01,2.604658201963655628e+01,2.598757179676718465e+01,2.592911943633440686e+01,2.587152905172694517e+01,2.581507889644140263e+01,2.576001976370299218e+01
2.500051187103743899e+01,2.500063893255673264e+01,2.500079516441435956e+01,2.500098665724864588e+01,2.500122062747876228e+01,2.500150559246012349e+01,2.500185156591211566e+01,2.500227027454170781e+01,2.500277539651368741e+01,2.500338282206454465e+01,2.500411093611452173e+01,2.500498092219383395e+01,2.500601708635887732e+01,2.500724719902891025e+01,2.500870285182273278e+01,2.501041982552010268e+01,2.501243846422125117e+01,2.501480404963996307e+01,2.501756716825776650e+01,2.502078406280978129e+01,2.502451695829411449e+01,2.502883435142922153e+01,2.503381125126656315e+01,2.503952935754381315e+01,2.504607716238617243e+01,2.505354996018474267e+01,2.506204974995754142e+01,2.507168501429014285e+01,2.508257035911705657e+01,2.509482599919824253e+01,2.510857707521948257e+01,2.512395279004456228e+01,2.514108535380684373e+01,2.516010873026901962e+01,2.518115718021036642e+01,2.520436360150909749e+01,2.522985767004339763e+01,2.525776379048605946e+01,2.528819887143931311e+01,2.532126994505116713e+01,2.535707165715114542e+01,2.539568365990055554e+01,2.543716794480899068e+01,2.548156615954798454e+01,2.552889695710665663e+01,2.557915343028777500e+01,2.563230068814090146e+01,2.568827363348376025e+01,2.574697500199737021e+01,2.580827372334085013e+01,2.587200366319031986e+01,2.593796280197157245e+01,2.600591290127665545e+01,2.607557970252585022e+01,2.614665369440449894e+01,2.621879147606724558e+01,2.629161773221333220e+01,2.636472782409986948e+01,2.643769098763030811e+01,2.651005411613023099e+01,2.658134609163768403e+01,2.665108261485315921e+01,2.671877147069556813e+01,2.678391815408107846e+01,2.684603176946021819e+01,2.690463110817448467e+01,2.695925080015261344e+01,2.700944743114007451e+01,2.705480551376777854e+01,2.709494320047706495e+01,2.712951762871358596e+01,2.715822979389087166e+01,2.718082885333262055e+01,2.719711577457836427e+01,2.720694625385087662e+01,2.721023284483566940e+01,2.720694625385087662e+01,2.719711577457836427e+01,2.718082885333262055e+01,2.715822979389087166e+01,2.712951762871358596e+01,2.709494320047706495e+01,2.705480551376777854e+01,2.700944743114007451e+01,2.695925080015261344e+01,2.690463110817448467e+01,2.684603176946021819e+01,2.678391815408107846e+01,2.671877147069556813e+01,2.665108261485315921e+01,2.658134609163768403e+01,2.651005411613023099e+01,2.643769098763030811e+01,2.636472782409986948e+01,2.629161773221333220e+01,2.621879147606724558e+01,2.614665369440449894e+01,2.607557970252585022e+01,2.600591290127665545e+01,2.593796280197157245e+01
2.500062787493967775e+01,2.500078373205587567e+01,2.500097537030264050e+01,2.500121026062262430e+01,2.500149725487190722e+01,2.500184680067035359e+01,2.500227118111857294e+01,2.500278478051435371e+01,2.500340437686673312e+01,2.500414946157207297e+01,2.500504258607368868e+01,2.500610973466604037e+01,2.500738072181912486e+01,2.500888961148468681e+01,2.501067515480177406e+01,2.501278124144823423e+01,2.501525735859495114e+01,2.501815905002391816e+01,2.502154836648954372e+01,2.502549429686078852e+01,2.503007316801311788e+01,2.503536899988479902e+01,2.504147380061894168e+01,2.504848778533636278e+01,2.505651950088521218e+01,2.506568583795804273e+01,2.507611191132518513e+01,2.508793078867730486e+01,2.510128304877145311e+01,2.511631615030257692e+01,2.513318359424023285e+01,2.515204386433203254e+01,2.517305913312425147e+01,2.519639372421262280e+01,2.522221232552148962e+01,2.525067795320367026e+01,2.528194967121910963e+01,2.531618007772381063e+01,2.535351257598970420e+01,2.539407845456127788e+01,2.543799380858780879e+01,2.548535634157725838e+01,2.553624209400172518e+01,2.559070215202811482e+01,2.564875939592033305e+01,2.571040535312233644e+01,2.577559722544514287e+01,2.584425516291403113e+01,2.591625985846932423e+01,2.599145053766520519e+01,2.606962341562041985e+01,2.615053068962940941e+01,2.623388012997985541e+01,2.631933532363682104e+01,2.640651661560167440e+01,2.649500278105548645e+01,2.658433344804010900e+01,2.667401227566555022e+01,2.676351087697230469e+01,2.685227345898702467e+01,2.693972213560108742e+01,2.702526285211863666e+01,2.710829184413078963e+01,2.718820253824898714e+01,2.726439278863772842e+01,2.733627233166548365e+01,2.740327033174273197e+01,2.746484288488202452e+01,2.752048034297335377e+01,2.756971432141332912e+01,2.761212425566540318e+01,2.764734337856957325e+01,2.767506399967505715e+01,2.769504198035128084e+01,2.770710031365940296e+01,2.771113173557113640e+01,2.770710031365940296e+01,2.769504198035128084e+01,2.767506399967505715e+01,2.764734337856957325e+01,2.761212425566540318e+01,2.756971432141332912e+01,2.752048034297335377e+01,2.746484288488202452e+01,2.740327033174273197e+01,2.733627233166548365e+01,2.726439278863772842e+01,2.718820253824898714e+01,2.710829184413078963e+01,2.702526285211863666e+01,2.693972213560108742e+01,2.685227345898702467e+01,2.676351087697230469e+01,2.667401227566555022e+01,2.658433344804010900e+01,2.649500278105548645e+01,2.640651661560167440e+01,2.631933532363682104e+01,2.623388012997985541e+01,2.615053068962940941e+01
2.500076548662116949e+01,2.500095550302368252e+01,2.500118914272600534e+01,2.500147551408123547e+01,2.500182540901141337e+01,2.500225156494676071e+01,2.500276895708151415e+01,2.500339512232759631e+01,2.500415051593912708e+01,2.500505890125208452e+01,2.500614777232150487e+01,2.500744880843335594e+01,2.500899835851074116e+01,2.501083795231966889e+01,2.501301483410675530e+01,2.501558251287368151e+01,2.501860132192065578e+01,2.502213897858964486e+01,2.502627113333161546e+01,2.503108189534230021e+01,2.503666432009869780e+01,2.504312084223323254e+01,2.505056363536223429e+01,2.505911487880737809e+01,2.506890690968674207e+01,2.508008223768758072e+01,2.509279339905037887e+01,2.510720262598172070e+01,2.512348130795893653e+01,2.514180922227687986e+01,2.516237351279350420e+01,2.518536739822293669e+01,2.521098859455389984e+01,2.523943744027121738e+01,2.527091471803842992e+01,2.530561917234449609e+01,2.534374472928130828e+01,2.538547743202314777e+01,2.543099211361265688e+01,2.548044883717382092e+01,2.553398914249097729e+01,2.559173214680142650e+01,2.565377055640762194e+01,2.572016665405860181e+01,2.579094833469776660e+01,2.586610526883450945e+01,2.594558527817819638e+01,2.602929101199305961e+01,2.611707701462827202e+01,2.620874727461796994e+01,2.630405334344105484e+01,2.640269310734238317e+01,2.650431028846952941e+01,2.660849474196537301e+01,2.671478360364509896e+01,2.682266332862418778e+01,2.693157264497974168e+01,2.704090642852729331e+01,2.715002048545888869e+01,2.725823720936223538e+01,2.736485205852568470e+01,2.746914077897254813e+01,2.757036727893018480e+01,2.766779204200073394e+01,2.776068094972852762e+01,2.784831437009076893e+01,2.792999635716087781e+01,2.800506379922779487e+01,2.807289534833657640e+01,2.813291996378341508e+01,2.818462490568060730e+01,2.822756302231636738e+01,2.826135918656161294e+01,2.828571575179341835e+01,2.830041691636886725e+01,2.830533190714603720e+01,2.830041691636886725e+01,2.828571575179341835e+01,2.826135918656161294e+01,2.822756302231636738e+01,2.818462490568060730e+01,2.813291996378341508e+01,2.807289534833657640e+01,2.800506379922779487e+01,2.792999635716087781e+01,2.784831437009076893e+01,2.776068094972852762e+01,2.766779204200073394e+01,2.757036727893018480e+01,2.746914077897254813e+01,2.736485205852568470e+01,2.725823720936223538e+01,2.715002048545888869e+01,2.704090642852729331e+01,2.693157264497974168e+01,2.682266332862418778e+01,2.671478360364509896e+01,2.660849474196537301e+01,2.650431028846952941e+01,2.640269310734238317e+01
2.500092758543962645e+01,2.500115783955953574e+01,2.500144095461341109e+01,2.500178796773171896e+01,2.500221195612505909e+01,2.500272835449141340e+01,2.500335530915985416e+01,2.500411407064438407e+01,2.500502942578693677e+01,2.500613017002800476e+01,2.500744961954115197e+01,2.500902616199193318e+01,2.501090384352156804e+01,2.501313298820521780e+01,2.501577084469237633e+01,2.501888225300698920e+01,2.502254032257938832e+01,2.502682711052028353e+01,2.503183428695802704e+01,2.503766377198258652e+01,2.504442832642237704e+01,2.505225207638348905e+01,2.506127094927515842e+01,2.507163299701190340e+01,2.508349858031128932e+01,2.509704038659494074e+01,2.511244325305240466e+01,2.512990376604913934e+01,2.514962960835749328e+01,2.517183862676467498e+01,2.519675759455837394e+01,2.522462064628897949e+01,2.525566736612067231e+01,2.529014051605135549e+01,2.532828339631655368e+01,2.537033683737504930e+01,2.541653583094874236e+01,2.546710581656177297e+01,2.552225864975834568e+01,2.558218828849818038e+01,2.564706624491414999e+01,2.571703686041192327e+01,2.579221247270446682e+01,2.587266855348460837e+01,2.595843890470607107e+01,2.604951100951378606e+01,2.614582164038514378e+01,2.624725283167249046e+01,2.635362832615578554e+01,2.646471060514208418e+01,2.658019860885542940e+01,2.669972624817991402e+01,2.682286180015757182e+01,2.694910826799306136e+01,2.707790477176179067e+01,2.720862901873609729e+01,2.734060088251149168e+01,2.747308709830297957e+01,2.760530705835070009e+01,2.773643966686480411e+01,2.786563118895918478e+01,2.799200400322963844e+01,2.811466614371407147e+01,2.823272149462933456e+01,2.834528048119827304e+01,2.845147108271174474e+01,2.855044998030510328e+01,2.864141364227575437e+01,2.872360914453593850e+01,2.879634452327120897e+01,2.885899846121618850e+01,2.891102911817969812e+01,2.895198193041977675e+01,2.898149622190898356e+01,2.899931049302566066e+01,2.900526627821472658e+01,2.899931049302566066e+01,2.898149622190898356e+01,2.895198193041977675e+01,2.891102911817969812e+01,2.885899846121618850e+01,2.879634452327120897e+01,2.872360914453593850e+01,2.864141364227575437e+01,2.855044998030510328e+01,2.845147108271174474e+01,2.834528048119827304e+01,2.823272149462933456e+01,2.811466614371407147e+01,2.799200400322963844e+01,2.786563118895918478e+01,2.773643966686480411e+01,2.760530705835070009e+01,2.747308709830297957e+01,2.734060088251149168e+01,2.720862901873609729e+01,2.707790477176179067e+01,2.694910826799306136e+01,2.682286180015757182e+01,2.669972624817991402e+01
2.500111717730332828e+01,2.500139449372699474e+01,2.500173547548339670e+01,2.500215341561394666e+01,2.500266406421803467e+01,2.500328601073607615e+01,2.500404111047770783e+01,2.500495495741076724e+01,2.500605740463132420e+01,2.500738313316301387e+01,2.500897226876821478e+01,2.501087104527817928e+01,2.501313251155198358e+01,2.501581727754767925e+01,2.501899429313136380e+01,2.502274165116651972e+01,2.502714740413082595e+01,2.503231038102455486e+01,2.503834098869802816e+01,2.504536197898239180e+01,2.505350916021705032e+01,2.506293202900097228e+01,2.507379429533865789e+01,2.508627427190250359e+01,2.510056509599971264e+01,2.511687475113214774e+01,2.513542585389570050e+01,2.515645517151014232e+01,2.518021283562872981e+01,2.520696121937191947e+01,2.523697344687380451e+01,2.527053150812092142e+01,2.530792395657586269e+01,2.534944317306154460e+01,2.539538218665045832e+01,2.544603105183354685e+01,2.550167279096860895e+01,2.556257892181441349e+01,2.562900460168096828e+01,2.570118343215486689e+01,2.577932198122855567e+01,2.586359409266398401e+01,2.595413506520330671e+01,2.605103579641635747e+01,2.615433699713568672e+01,2.626402359215011373e+01,2.638001943068129407e+01,2.650218243574256860e+01,2.663030032439226602e+01,2.676408703080664964e+01,2.690317996073371631e+01,2.704713819904715066e+01,2.719544178168825965e+01,2.734749212925308726e+01,2.750261372195133802e+01,2.766005707484968568e+01,2.781900304854594452e+01,2.797856850415057295e+01,2.813781328323191389e+01,2.829574846386313425e+01,2.845134581382207628e+01,2.860354833213416725e+01,2.875128174134135861e+01,2.889346676597067543e+01,2.902903200849018717e+01,2.915692721336262139e+01,2.927613669334795787e+01,2.938569268058104100e+01,2.948468835864794357e+01,2.957229033125415896e+01,2.964775028830620585e+01,2.971041564133324542e+01,2.975973891699887730e+01,2.979528571966198314e+01,2.981674110103895359e+01,2.982391420634277424e+01,2.981674110103895359e+01,2.979528571966198314e+01,2.975973891699887730e+01,2.971041564133324542e+01,2.964775028830620585e+01,2.957229033125415896e+01,2.948468835864794357e+01,2.938569268058104100e+01,2.927613669334795787e+01,2.915692721336262139e+01,2.902903200849018717e+01,2.889346676597067543e+01,2.875128174134135861e+01,2.860354833213416725e+01,2.845134581382207628e+01,2.829574846386313425e+01,2.813781328323191389e+01,2.797856850415057295e+01,2.781900304854594452e+01,2.766005707484968568e+01,2.750261372195133802e+01,2.734749212925308726e+01,2.719544178168825965e+01,2.704713819904715066e+01
2.500133734096492333e+01,2.500166930851609948e+01,2.500207748801435059e+01,2.500257779217896825e+01,2.500318907500300014e+01,2.500393358937336430e+01,2.500483749765549391e+01,2.500593143765553705e+01,2.500725114566009921e+01,2.500883813732965066e+01,2.501074044606553670e+01,2.501301341706346548e+01,2.501572055359384805e+01,2.501893441010219021e+01,2.502273752449916699e+01,2.502722337951584208e+01,2.503249738025229476e+01,2.503867783207526543e+01,2.504589689986431722e+01,2.505430152632212426e+01,2.506405428372357491e+01,2.507533413016719237e+01,2.508833703821233740e+01,2.510327646085402264e+01,2.512038359723316105e+01,2.513990741844524734e+01,2.516211441244369240e+01,2.518728800648861110e+01,2.521572762602083273e+01,2.524774735039107654e+01,2.528367412868070829e+01,2.532384552302920255e+01,2.536860695252531528e+01,2.541830841788128126e+01,2.547330069581031964e+01,2.553393100223925316e+01,2.560053813512964282e+01,2.567344712061693812e+01,2.575296340021177244e+01,2.583936661168541349e+01,2.593290403166756519e+01,2.603378376354849166e+01,2.614216776957881194e+01,2.625816486063696331e+01,2.638182377049504268e+01,2.651312645304934890e+01,2.665198175038333517e+01,2.679821958620393474e+01,2.695158584267936774e+01,2.711173807860211937e+01,2.727824224277422616e+01,2.745057052832142475e+01,2.762810050115567506e+01,2.781011561900987061e+01,2.799580723648325176e+01,2.818427816661996133e+01,2.837454784109367623e+01,2.856555907962406593e+01,2.875618644546943514e+01,2.894524612850409540e+01,2.913150726137327950e+01,2.931370453847235424e+01,2.949055197301297326e+01,2.966075759522618682e+01,2.982303886580073993e+01,2.997613855390186188e+01,3.011884080941375785e+01,3.024998714513233011e+01,3.036849203709070721e+01,3.047335785044495537e+01,3.056368880460634330e+01,3.063870370460008985e+01,3.069774718576942263e+01,3.074029924552915816e+01,3.076598286830594375e+01,3.077456958729848324e+01,3.076598286830594375e+01,3.074029924552915816e+01,3.069774718576942263e+01,3.063870370460008985e+01,3.056368880460634330e+01,3.047335785044495537e+01,3.036849203709070721e+01,3.024998714513233011e+01,3.011884080941375785e+01,2.997613855390186188e+01,2.982303886580073993e+01,2.966075759522618682e+01,2.949055197301297326e+01,2.931370453847235424e+01,2.913150726137327950e+01,2.894524612850409540e+01,2.875618644546943514e+01,2.856555907962406593e+01,2.837454784109367623e+01,2.818427816661996133e+01,2.799580723648325176e+01,2.781011561900987061e+01,2.762810050115567506e+01,2.745057052832142475e+01
2.500159116074118160e+01,2.500198613386219648e+01,2.500247178352821820e+01,2.500306704260295376e+01,2.500379434346105256e+01,2.500468016246191993e+01,2.500575562744046820e+01,2.500705719108573888e+01,2.500862737223008736e+01,2.501051556597229819e+01,2.501277892218252319e+01,2.501548329026262607e+01,2.501870422604574529e+01,2.502252805440215866e+01,2.502705297847269250e+01,2.503239022348378029e+01,2.503866519982931393e+01,2.504601866656772202e+01,2.505460787272766510e+01,2.506460764990843870e+01,2.507621142568624961e+01,2.508963212339789450e+01,2.510510291008976225e+01,2.512287775093203379e+01,2.514323172535925011e+01,2.516646105777732245e+01,2.519288281405097152e+01,2.522283421433654027e+01,2.525667151333559701e+01,2.529476840088910095e+01,2.533751387917096665e+01,2.538530957771183694e+01,2.543856647419630690e+01,2.549770099749876096e+01,2.556313049977518759e+01,2.563526809657798822e+01,2.571451688781194278e+01,2.580126358774077033e+01,2.589587160895197826e+01,2.599867366288944837e+01,2.610996395789324254e+01,2.622999009420396987e+01,2.635894477359440913e+01,2.649695745863433416e+01,2.664408613249105429e+01,2.680030932401212596e+01,2.696551857402229757e+01,2.713951152670686895e+01,2.732198583410207959e+01,2.751253406158965475e+01,2.771063977750111107e+01,2.791567500019278469e+01,2.812689916109554389e+01,2.834345972225928989e+01,2.856439456194470594e+01,2.878863621216934732e+01,2.901501799826625216e+01,2.924228209309742610e+01,2.946908945837194338e+01,2.969403160347563642e+01,2.991564404936849542e+01,3.013242134257493277e+01,3.034283342326354216e+01,3.054534311308636774e+01,3.073842445400082823e+01,3.092058159984699373e+01,3.109036793901109519e+01,3.124640510994836617e+01,3.138740156236236345e+01,3.151217031593962403e+01,3.161964557598542314e+01,3.170889788112253527e+01,3.177914748217673235e+01,3.182977568300356097e+01,3.186033391259916314e+01,3.187055034245126706e+01,3.186033391259916314e+01,3.182977568300356097e+01,3.177914748217673235e+01,3.170889788112253527e+01,3.161964557598542314e+01,3.151217031593962403e+01,3.138740156236236345e+01,3.124640510994836617e+01,3.109036793901109519e+01,3.092058159984699373e+01,3.073842445400082823e+01,3.054534311308636774e+01,3.034283342326354216e+01,3.013242134257493277e+01,2.991564404936849542e+01,2.969403160347563642e+01,2.946908945837194338e+01,2.924228209309742610e+01,2.901501799826625216e+01,2.878863621216934732e+01,2.856439456194470594e+01,2.834345972225928989e+01,2.812689916109554389e+01,2.791567500019278469e+01
2.500188164558024440e+01,2.500234872562328192e+01,2.500292303626579837e+01,2.500362696678525509e+01,2.500448704484633922e+01,2.500553458037479970e+01,2.500680638395266087e+01,2.500834556312993939e+01,2.501020239904473641e+01,2.501243530444374485e+01,2.501511186256842478e+01,2.501830994439232470e+01,2.502211889934181599e+01,2.502664081189296752e+01,2.503199181330840517e+01,2.503830343426904648e+01,2.504572398029001690e+01,2.505441990762763638e+01,2.506457717294368237e+01,2.507640252537265013e+01,2.509012470493713565e+01,2.510599550659739876e+01,2.512429066474717487e+01,2.514531050884259145e+01,2.516938033725785573e+01,2.519685045359820919e+01,2.522809580777760274e+01,2.526351518340119640e+01,2.530352987359626482e+01,2.534858178961627573e+01,2.539913095049157477e+01,2.545565230787955358e+01,2.551863186820546048e+01,2.558856208426220391e+01,2.566593650068006127e+01,2.575124365204462507e+01,2.584496022882129296e+01,2.594754354444566147e+01,2.605942335668600052e+01,2.618099311731727852e+01,2.631260074582268871e+01,2.645453904473710338e+01,2.660703589577584083e+01,2.677024439640160480e+01,2.694423311528107945e+01,2.712897666145402553e+01,2.732434677526542899e+01,2.753010415850077663e+01,2.774589126607050460e+01,2.797122628144353484e+01,2.820549849236348905e+01,2.844796527185769364e+01,2.869775085197956344e+01,2.895384705409304971e+01,2.921511610998178554e+01,2.948029567300835652e+01,2.974800607852051115e+01,3.001675986845465616e+01,3.028497354755688065e+01,3.055098148892326293e+01,3.081305185588785633e+01,3.106940435699092262e+01,3.131822960224139507e+01,3.155770978356393641e+01,3.178604036158541390e+01,3.200145240608857478e+01,3.220223520973951992e+01,3.238675877511462886e+01,3.255349576443835247e+01,3.270104250038077964e+01,3.282813861507026587e+01,3.293368496318028349e+01,3.301675944328547985e+01,3.307663040908790464e+01,3.311276739774683620e+01,3.312484895530386098e+01,3.311276739774683620e+01,3.307663040908790464e+01,3.301675944328547985e+01,3.293368496318028349e+01,3.282813861507026587e+01,3.270104250038077964e+01,3.255349576443835247e+01,3.238675877511462886e+01,3.220223520973951992e+01,3.200145240608857478e+01,3.178604036158541390e+01,3.155770978356393641e+01,3.131822960224139507e+01,3.106940435699092262e+01,3.081305185588785633e+01,3.055098148892326293e+01,3.028497354755688065e+01,3.001675986845465616e+01,2.974800607852051115e+01,2.948029567300835652e+01,2.921511610998178554e+01,2.895384705409304971e+01,2.869775085197956344e+01,2.844796527185769364e+01
2.500221163501652910e+01,2.500276062819013490e+01,2.500343565729269102e+01,2.500426303807171635e+01,2.500527395042248813e+01,2.500650519517980186e+01,2.500800003850018172e+01,2.500980914782497777e+01,2.501199162223579364e+01,2.501461611848572275e+01,2.501776207207787550e+01,2.502152101043572330e+01,2.502599795244389114e+01,2.503131288541788990e+01,2.503760230688393662e+01,2.504502081442550931e+01,2.505374272230978505e+01,2.506396367869126252e+01,2.507590225197041889e+01,2.508980144945441637e+01,2.510593012594193141e+01,2.512458423437805521e+01,2.514608786546661534e+01,2.517079401827854568e+01,2.519908503967171853e+01,2.523137266697216674e+01,2.526809760610658273e+01,2.530972857647379826e+01,2.535676075455246448e+01,2.540971355080577254e+01,2.546912765908511744e+01,2.553556132464545314e+01,2.560958578621505666e+01,2.569177985940735454e+01,2.578272364315171572e+01,2.588299134770729637e+01,2.599314326207665715e+01,2.611371690002875923e+01,2.624521738715096930e+01,2.638810717595399069e+01,2.654279520153167482e+01,2.670962561601653107e+01,2.688886626537620828e+01,2.708069709620267673e+01,2.728519870224104338e+01,2.750234123964751731e+01,2.773197395551346744e+01,2.797381558522870648e+01,2.822744588002358057e+01,2.849229852585739664e+01,2.876765570816113637e+01,2.905264456339757473e+01,2.934623573775142091e+01,2.964724424548584025e+01,2.995433278479732664e+01,3.026601762779599269e+01,3.058067715418942356e+01,3.089656304624259064e+01,3.121181410672001988e+01,3.152447260307959098e+01,3.183250298162642622e+01,3.213381273621945411e+01,3.242627515909563840e+01,3.270775364810471331e+01,3.297612719676796189e+01,3.322931665263964618e+01,3.346531129686684380e+01,3.368219527482908404e+01,3.387817339526297644e+01,3.405159581402821800e+01,3.420098112902235954e+01,3.432503743473569102e+01,3.442268091824270471e+01,3.449305162239247124e+01,3.453552605559559652e+01,3.454972638961591258e+01,3.453552605559559652e+01,3.449305162239247124e+01,3.442268091824270471e+01,3.432503743473569102e+01,3.420098112902235954e+01,3.405159581402821800e+01,3.387817339526297644e+01,3.368219527482908404e+01,3.346531129686684380e+01,3.322931665263964618e+01,3.297612719676796189e+01,3.270775364810471331e+01,3.242627515909563840e+01,3.213381273621945411e+01,3.183250298162642622e+01,3.152447260307959098e+01,3.121181410672001988e+01,3.089656304624259064e+01,3.058067715418942356e+01,3.026601762779599269e+01,2.995433278479732664e+01,2.964724424548584025e+01,2.934623573775142091e+01,2.905264456339757473e+01
2.500258369326493835e+01,2.500322504229158227e+01,2.500401362998027111e+01,2.500498019911592351e+01,2.500616117491555102e+01,2.500759954913335292e+01,2.500934586649138680e+01,2.501145931809758949e+01,2.501400894513549744e+01,2.501707495432513184e+01,2.502075014442073808e+01,2.502514144029275656e+01,2.503037152791009134e+01,2.503658057977709461e+01,2.504392805608341632e+01,2.505259456200677448e+01,2.506278373630071954e+01,2.507472414055670029e+01,2.508867111243216286e+01,2.510490853979203862e+01,2.512375050625653117e+01,2.514554275225084012e+01,2.517066388950901157e+01,2.519952630132002014e+01,2.523257665587013676e+01,2.527029595610435919e+01,2.531319904688908906e+01,2.536183349920455044e+01,2.541677779192419351e+01,2.547863871473323272e+01,2.554804792116030754e+01,2.562565756876967171e+01,2.571213499446090012e+01,2.580815638666059542e+01,2.591439943300057891e+01,2.603153494180508787e+01,2.616021745820091482e+01,2.630107492065634389e+01,2.645469743086911052e+01,2.662162523866720676e+01,2.680233607335039636e+01,2.699723198296920756e+01,2.720662587259952048e+01,2.743072796083266240e+01,2.766963239951325804e+01,2.792330432423662856e+01,2.819156762128067228e+01,2.847409370953976193e+01,2.877039164276476768e+01,2.907979983721252992e+01,2.940147972202773019e+01,2.973441159385719246e+01,3.007739293307183459e+01,3.042903940652243122e+01,3.078778874121318054e+01,3.115190760513972279e+01,3.151950157657496021e+01,3.188852822233108952e+01,3.225681324026240304e+01,3.262206955300494826e+01,3.298191917036930221e+01,3.333391756874144107e+01,3.367558026922551306e+01,3.400441123402858778e+01,3.431793264465305526e+01,3.461371557764147155e+01,3.488941105555445432e+01,3.514278092397574937e+01,3.537172799076383711e+01,3.557432486231100910e+01,3.574884092366215071e+01,3.589376693502887861e+01,3.600783675614160728e+01,3.609004576124499408e+01,3.613966557020023629e+01,3.615625479360011241e+01,3.613966557020023629e+01,3.609004576124499408e+01,3.600783675614160728e+01,3.589376693502887861e+01,3.574884092366215071e+01,3.557432486231100910e+01,3.537172799076383711e+01,3.514278092397574937e+01,3.488941105555445432e+01,3.461371557764147155e+01,3.431793264465305526e+01,3.400441123402858778e+01,3.367558026922551306e+01,3.333391756874144107e+01,3.298191917036930221e+01,3.262206955300494826e+01,3.225681324026240304e+01,3.188852822233108952e+01,3.151950157657496021e+01,3.115190760513972279e+01,3.078778874121318054e+01,3.042903940652243122e+01,3.007739293307183459e+01,2.973441159385719246e+01
2.500299999348577273e+01,2.500374468053053789e+01,2.500466033021741552e+01,2.500578263879400254e+01,2.500715390052766907e+01,2.500882403426299661e+01,2.501085172879210106e+01,2.501330571245074452e+01,2.501626615075380400e+01,2.501982617381112561e+01,2.502409353267118419e+01,2.502919238058356655e+01,2.503526517141944652e+01,2.504247466312135373e+01,2.505100600906515496e+01,2.506106891462260933e+01,2.507289983004979206e+01,2.508676414415842615e+01,2.510295833614726035e+01,2.512181203560393072e+01,2.514368993319330770e+01,2.516899347712033830e+01,2.519816228332210173e+01,2.523167518076693483e+01,2.527005080750963728e+01,2.531384766858686675e+01,2.536366356377088138e+01,2.542013429197634977e+01,2.548393154007708361e+01,2.555575986736716487e+01,2.563635270319631232e+01,2.572646728468358646e+01,2.582687847406929649e+01,2.593837141133212398e+01,2.606173297721695192e+01,2.619774206472559541e+01,2.634715868323811350e+01,2.651071194845096812e+01,2.668908704280171307e+01,2.688291126442462442e+01,2.709273931724169060e+01,2.731903802970694528e+01,2.756217072404675505e+01,2.782238149053807774e+01,2.809977965133781908e+01,2.839432472447844447e+01,2.870581221973417740e+01,2.903386061303254095e+01,2.937789985390772074e+01,2.973716176025902769e+01,3.011067264564409385e+01,3.049724850596365400e+01,3.089549306438300391e+01,3.130379893565785210e+01,3.172035212395754655e+01,3.214314001238500396e+01,3.256996293857407210e+01,3.299844938019984397e+01,3.342607469845871293e+01,3.385018330830645539e+01,3.426801406345127532e+01,3.467672856391073566e+01,3.507344201658489169e+01,3.545525620703755720e+01,3.581929407573048252e+01,3.616273533642902294e+01,3.648285253030051223e+01,3.677704687800832772e+01,3.704288327518143831e+01,3.727812377494502982e+01,3.748075891523872372e+01,3.764903627846894807e+01,3.778148571621981944e+01,3.787694073138320050e+01,3.793455558282522588e+01,3.795381776181875466e+01,3.793455558282522588e+01,3.787694073138320050e+01,3.778148571621981944e+01,3.764903627846894807e+01,3.748075891523872372e+01,3.727812377494502982e+01,3.704288327518143831e+01,3.677704687800832772e+01,3.648285253030051223e+01,3.616273533642902294e+01,3.581929407573048252e+01,3.545525620703755720e+01,3.507344201658489169e+01,3.467672856391073566e+01,3.426801406345127532e+01,3.385018330830645539e+01,3.342607469845871293e+01,3.299844938019984397e+01,3.256996293857407210e+01,3.214314001238500396e+01,3.172035212395754655e+01,3.130379893565785210e+01,3.089549306438300391e+01,3.049724850596365400e+01
2.500346219506645085e+01,2.500432161420341259e+01,2.500537833577415370e+01,2.500667355565890304e+01,2.500825608429825664e+01,2.501018353140978334e+01,2.501252362782273408e+01,2.501535569067766573e+01,2.501877223639217718e+01,2.502288074340192736e+01,2.502780556369307874e+01,2.503368997849949196e+01,2.504069838920813496e+01,2.504901862947543023e+01,2.505886437880017326e+01,2.507047765134239015e+01,2.508413132666462531e+01,2.510013168137680850e+01,2.511882087249497530e+01,2.514057931482251718e+01,2.516582788601355603e+01,2.519502988440564906e+01,2.522869265647660697e+01,2.526736880319030476e+01,2.531165686788462565e+01,2.536220140308665094e+01,2.541969231010186192e+01,2.548486334381207286e+01,2.555848967622740275e+01,2.564138441635077470e+01,2.573439399117885884e+01,2.583839230348183236e+01,2.595427359660999045e+01,2.608294397511774321e+01,2.622531155252125146e+01,2.638227522394177527e+01,2.655471209152589296e+01,2.674346360402311973e+01,2.694932050823545922e+01,2.717300674857013121e+01,2.741516249081120193e+01,2.767632648651866134e+01,2.795691803407621023e+01,2.825721883014640667e+01,2.857735503988063996e+01,2.891727994435469284e+01,2.927675754803918551e+01,2.965534754639089954e+01,3.005239206267784624e+01,3.046700456288194658e+01,3.089806134709751362e+01,3.134419599464044026e+01,3.180379710775557456e+01,3.227500965532731669e+01,3.275574016367137631e+01,3.324366593698037065e+01,3.373624841634470073e+01,3.423075070485702298e+01,3.472425919885392886e+01,3.521370917386771282e+01,3.569591408062274240e+01,3.616759821386746410e+01,3.662543232755997735e+01,3.706607168652998752e+01,3.748619596978801383e+01,3.788255037657064861e+01,3.825198723520487221e+01,3.859150737884564819e+01,3.889830053261079001e+01,3.916978395468247953e+01,3.940363859014781411e+01,3.959784203076649334e+01,3.975069762599012790e+01,3.986085915938468105e+01,3.992735058857033437e+01,3.994958044386729767e+01,3.992735058857033437e+01,3.986085915938468105e+01,3.975069762599012790e+01,3.959784203076649334e+01,3.940363859014781411e+01,3.916978395468247953e+01,3.889830053261079001e+01,3.859150737884564819e+01,3.825198723520487221e+01,3.788255037657064861e+01,3.748619596978801383e+01,3.706607168652998752e+01,3.662543232755997735e+01,3.616759821386746410e+01,3.569591408062274240e+01,3.521370917386771282e+01,3.472425919885392886e+01,3.423075070485702298e+01,3.373624841634470073e+01,3.324366593698037065e+01,3.275574016367137631e+01,3.227500965532731669e+01,3.180379710775557456e+01,3.134419599464044026e+01
2.500397131757351232e+01,2.500495711596329684e+01,2.500616923049285134e+01,2.500765491497658388e+01,2.500947015752514702e+01,2.501168103947694732e+01,2.501436525161118496e+01,2.501761377480795190e+01,2.502153273020368474e+01,2.502624540114670282e+01,2.503189442582418778e+01,2.503864415525364606e+01,2.504668316636522363e+01,2.505622691411922887e+01,2.506752049999965948e+01,2.508084152681869128e+01,2.509650300160839009e+01,2.511485623954887458e+01,2.513629371250975808e+01,2.516125177602991414e+01,2.519021319863972863e+01,2.522370940759687485e+01,2.526232235566384432e+01,2.530668590484923541e+01,2.535748661545095572e+01,2.541546382269672577e+01,2.548140887921857356e+01,2.555616343997841255e+01,2.564061666753561042e+01,2.573570124015077809e+01,2.584238805355395385e+01,2.596167951961452047e+01,2.609460138190378586e+01,2.624219298941028100e+01,2.640549599550599069e+01,2.658554147958513880e+01,2.678333552336803436e+01,2.699984331227664214e+01,2.723597187396559605e+01,2.749255161027287997e+01,2.777031682460411588e+01,2.806988549298229074e+01,2.839173857243256904e+01,2.873619918365870163e+01,2.910341204464258169e+01,2.949332356635146724e+01,2.990566304965515698e+01,3.033992544237239031e+01,3.079535612572035319e+01,3.127093819913223882e+01,3.176538272044933109e+01,3.227712233417273779e+01,3.280430868337857930e+01,3.334481395102379508e+01,3.389623681405390698e+01,3.445591301973308873e+01,3.502093070913493733e+01,3.558815051934770679e+01,3.615423039563190599e+01,3.671565493983610651e+01,3.726876901442635415e+01,3.780981521533345102e+01,3.833497472442059006e+01,3.884041095671624078e+01,3.932231533158233105e+01,3.977695442348339583e+01,4.020071768951507352e+01,4.059016492952422084e+01,4.094207261225054850e+01,4.125347819867700139e+01,4.152172161236288872e+01,4.174448304600920778e+01,4.191981635331006828e+01,4.204617735409085810e+01,4.212244647704465450e+01,4.214794527572668414e+01,4.212244647704465450e+01,4.204617735409085810e+01,4.191981635331006828e+01,4.174448304600920778e+01,4.152172161236288872e+01,4.125347819867700139e+01,4.094207261225054850e+01,4.059016492952422084e+01,4.020071768951507352e+01,3.977695442348339583e+01,3.932231533158233105e+01,3.884041095671624078e+01,3.833497472442059006e+01,3.780981521533345102e+01,3.726876901442635415e+01,3.671565493983610651e+01,3.615423039563190599e+01,3.558815051934770679e+01,3.502093070913493733e+01,3.445591301973308873e+01,3.389623681405390698e+01,3.334481395102379508e+01,3.280430868337857930e+01,3.227712233417273779e+01
2.500452761578022987e+01,2.500565150382571744e+01,2.500703341015022474e+01,2.500872720783536707e+01,2.501079672775052742e+01,2.501331730784212581e+01,2.501637752173625273e+01,2.502008109482398623e+01,2.502454901358477102e+01,2.502992183077545718e+01,2.503636216519828750e+01,2.504405738999745878e+01,2.505322249777150745e+01,2.506410312419679087e+01,2.507697870432884812e+01,2.509216572730504069e+01,2.511002104587045736e+01,2.513094518708541614e+01,2.515538559988777578e+01,2.518383976406529712e+01,2.521685807388283607e+01,2.525504639839853738e+01,2.529906820973772241e+01,2.534964616066725895e+01,2.540756298416716064e+01,2.547366158080680165e+01,2.554884415510601414e+01,2.563407026021474167e+01,2.573035361169725732e+01,2.583875753645514095e+01,2.596038893232441680e+01,2.609639062802983389e+01,2.624793205227961224e+01,2.641619814503246388e+01,2.660237647342631462e+01,2.680764254942906177e+01,2.703314338568541331e+01,2.727997936982908556e+01,2.754918458504434753e+01,2.784170575503082290e+01,2.815838004368317016e+01,2.849991199248962914e+01,2.886684993045598446e+01,2.925956224071205014e+01,2.967821391319035129e+01,3.012274385215986072e+01,3.059284343922608329e+01,3.108793687500168801e+01,3.160716383445705446e+01,3.214936497060768517e+01,3.271307078756221642e+01,3.329649437622598640e+01,3.389752846367981931e+01,3.451374717039045237e+01,3.514241279836382148e+01,3.578048788899683785e+01,3.642465269306752162e+01,3.707132808883699937e+01,3.771670386986961176e+01,3.835677220454532232e+01,3.898736594730821992e+01,3.960420136067280339e+01,4.020292469026465199e+01,4.077916192611406387e+01,4.132857098540394247e+01,4.184689546807164362e+01,4.233001906996209129e+01,4.277401969111420499e+01,4.317522225122228008e+01,4.353024922175707445e+01,4.383606790542189913e+01,4.409003353862390640e+01,4.428992736082280146e+01,4.443398888462446905e+01,4.452094171028942071e+01,4.455001235527124948e+01,4.452094171028942071e+01,4.443398888462446905e+01,4.428992736082280146e+01,4.409003353862390640e+01,4.383606790542189913e+01,4.353024922175707445e+01,4.317522225122228008e+01,4.277401969111420499e+01,4.233001906996209129e+01,4.184689546807164362e+01,4.132857098540394247e+01,4.077916192611406387e+01,4.020292469026465199e+01,3.960420136067280339e+01,3.898736594730821992e+01,3.835677220454532232e+01,3.771670386986961176e+01,3.707132808883699937e+01,3.642465269306752162e+01,3.578048788899683785e+01,3.514241279836382148e+01,3.451374717039045237e+01,3.389752846367981931e+01,3.329649437622598640e+01
2.500513046081744761e+01,2.500640399281761361e+01,2.500796989783151147e+01,2.500988922205823783e+01,2.501223429534869425e+01,2.501509048678031633e+01,2.501855816342050076e+01,2.502275486153568806e+01,2.502781767676790281e+01,2.503390587625613861e+01,2.504120373124460031e+01,2.504992356332178360e+01,2.506030899101813603e+01,2.507263835602034519e+01,2.508722829972932189e+01,2.510443745132148763e+01,2.512467017793290225e+01,2.514838033618238455e+01,2.517607495214169333e+01,2.520831774426276084e+01,2.524573239095538568e+01,2.528900543180556681e+01,2.533888867922576438e+01,2.539620100608086162e+01,2.546182936503631566e+01,2.553672888756841530e+01,2.562192190533314928e+01,2.571849573449801341e+01,2.582759906528651683e+01,2.595043680493228777e+01,2.608826323300591099e+01,2.624237334410897304e+01,2.641409227457315012e+01,2.660476273727964625e+01,2.681573042209370783e+01,2.704832735858331461e+01,2.730385328235247755e+01,2.758355509594610311e+01,2.788860456912480146e+01,2.822007448038427313e+01,2.857891346069672167e+01,2.896591986015965858e+01,2.938171501693775411e+01,2.982671636380472435e+01,3.030111085884734834e+01,3.080482927153254380e+01,3.133752189140398414e+01,3.189853625227664935e+01,3.248689747817407891e+01,3.310129185685423892e+01,3.374005423132105363e+01,3.440115976829810052e+01,3.508222061473684761e+01,3.578048788899683785e+01,3.649285937283114123e+01,3.721589317472241731e+01,3.794582752597519004e+01,3.867860675032777351e+01,3.940991331825166810e+01,4.013520576154651565e+01,4.084976208567191236e+01,4.154872818012283631e+01,4.222717059486484459e+01,4.288013292726711256e+01,4.350269495290234545e+01,4.409003353862390640e+01,4.463748430074613793e+01,4.514060291776536360e+01,4.559522497811828146e+01,4.599752324057678265e+01,4.634406120889052261e+01,4.663184197328551761e+01,4.685835134868780472e+01,4.702159444153011236e+01,4.712012490142214460e+01,4.715306625781295224e+01,4.712012490142214460e+01,4.702159444153011236e+01,4.685835134868780472e+01,4.663184197328551761e+01,4.634406120889052261e+01,4.599752324057678265e+01,4.559522497811828146e+01,4.514060291776536360e+01,4.463748430074613793e+01,4.409003353862390640e+01,4.350269495290234545e+01,4.288013292726711256e+01,4.222717059486484459e+01,4.154872818012283631e+01,4.084976208567191236e+01,4.013520576154651565e+01,3.940991331825166810e+01,3.867860675032777351e+01,3.794582752597519004e+01,3.721589317472241731e+01,3.649285937283114123e+01,3.578048788899683785e+01,3.508222061473684761e+01,3.440115976829810052e+01
2.500577823297418334e+01,2.500721256116786506e+01,2.500897617740190171e+01,2.501113783557055825e+01,2.501377899789417114e+01,2.501699581215277490e+01,2.502090131776310500e+01,2.502562789112458574e+01,2.503132993757965252e+01,2.503818683334166550e+01,2.504640611574837195e+01,2.505622691411922887e+01,2.506792360626859306e+01,2.508180967731395228e+01,2.509824174781023132e+01,2.511762372746582272e+01,2.514041103882509631e+01,2.516711484245894326e+01,2.519830618156813884e+01,2.523461994971545863e+01,2.527675857096787126e+01,2.532549526742277735e+01,2.538167677535331279e+01,2.544622535854005463e+01,2.552013995632206189e+01,2.560449629510819491e+01,2.570044578618399456e+01,2.580921303029311886e+01,2.593209175132563615e+01,2.607043898814334426e+01,2.622566738569793898e+01,2.639923544465328575e+01,2.659263561309923318e+01,2.680738013489087734e+01,2.704498460674147964e+01,2.730694924031741877e+01,2.759473787588414950e+01,2.790975484994414302e+01,2.825331987994772120e+01,2.862664119343981284e+01,2.903078719557134946e+01,2.946665703615019538e+01,2.993495050351878106e+01,3.043613773552694468e+01,3.097042929559587776e+01,3.153774721214302090e+01,3.213769762025799537e+01,3.276954567335312873e+01,3.343219340757811864e+01,3.412416124133873296e+01,3.484357377486010421e+01,3.558815051934770679e+01,3.635520213134611112e+01,3.714163265532581448e+01,3.794394818685881177e+01,3.875827226108810919e+01,3.958036814827521255e+01,4.040566810233615769e+01,4.122930946231781490e+01,4.204617735409085810e+01,4.285095358392416642e+01,4.363817116115577477e+01,4.440227373818267154e+01,4.513767911680982081e+01,4.583884584490692760e+01,4.650034182037279606e+01,4.711691373427944995e+01,4.768355612493951412e+01,4.819557878204450674e+01,4.864867123675915650e+01,4.903896310069998776e+01,4.936307907416342289e+01,4.961818753098279444e+01,4.980204170226140548e+01,4.991301262135963412e+01,4.995011315452507006e+01,4.991301262135963412e+01,4.980204170226140548e+01,4.961818753098279444e+01,4.936307907416342289e+01,4.903896310069998776e+01,4.864867123675915650e+01,4.819557878204450674e+01,4.768355612493951412e+01,4.711691373427944995e+01,4.650034182037279606e+01,4.583884584490692760e+01,4.513767911680982081e+01,4.440227373818267154e+01,4.363817116115577477e+01,4.285095358392416642e+01,4.204617735409085810e+01,4.122930946231781490e+01,4.040566810233615769e+01,3.958036814827521255e+01,3.875827226108810919e+01,3.794394818685881177e+01,3.714163265532581448e+01,3.635520213134611112e+01,3.558815051934770679e+01
2.500646823193673640e+01,2.500807383826510488e+01,2.501004805406777365e+01,2.501246784338144380e+01,2.501542439611443669e+01,2.501902534138871559e+01,2.502339721705221010e+01,2.502868820703213260e+01,2.503507115475164824e+01,2.504274685636369924e+01,2.505194763196372065e+01,2.506294116613765155e+01,2.507603460111210225e+01,2.509157885635634244e+01,2.510997313773018647e+01,2.513166958720973909e+01,2.515717801093459727e+01,2.518707060894311311e+01,2.522198661469730752e+01,2.526263673661575737e+01,2.530980727767435923e+01,2.536436379311932754e+01,2.542725413095685383e+01,2.549951068570377899e+01,2.558225168353143886e+01,2.567668130709291674e+01,2.578408846171319269e+01,2.590584398198397409e+01,2.604339607987947502e+01,2.619826384300736066e+01,2.637202860518242176e+01,2.656632303172222365e+01,2.678281778915091849e+01,2.702320570363930585e+01,2.728918335459283284e+01,2.758243009918794186e+01,2.790458457996424357e+01,2.825721883014640667e+01,2.864181015925062468e+01,2.905971107348908333e+01,2.951211755999996456e+01,3.000003613920727119e+01,3.052425016362131771e+01,3.108528591189313772e+01,3.168337909155679100e+01,3.231844242017097457e+01,3.299003500004194933e+01,3.369733423398681538e+01,3.443911104646053190e+01,3.521370917386771282e+01,3.601902926840217845e+01,3.685251852014469875e+01,3.771116644175339871e+01,3.859150737884566951e+01,3.948963020767379817e+01,4.040119556118529687e+01,4.132146078695964064e+01,4.224531268841377596e+01,4.316730793728194726e+01,4.408172087446675391e+01,4.498259824216582103e+01,4.586382021728519476e+01,4.671916694936579972e+01,4.754238965044704912e+01,4.832728514426296584e+01,4.906777266244506563e+01,4.975797158011491206e+01,5.039227871593860186e+01,5.096544378522820296e+01,5.147264159102350334e+01,5.190953956835841154e+01,5.227235936121368098e+01,5.255793120906112392e+01,5.276374004849003541e+01,5.288796239227004037e+01,5.292949322956287972e+01,5.288796239227004037e+01,5.276374004849003541e+01,5.255793120906112392e+01,5.227235936121368098e+01,5.190953956835841154e+01,5.147264159102350334e+01,5.096544378522820296e+01,5.039227871593860186e+01,4.975797158011491206e+01,4.906777266244506563e+01,4.832728514426296584e+01,4.754238965044704912e+01,4.671916694936579972e+01,4.586382021728519476e+01,4.498259824216582103e+01,4.408172087446675391e+01,4.316730793728194726e+01,4.224531268841377596e+01,4.132146078695964064e+01,4.040119556118529687e+01,3.948963020767379817e+01,3.859150737884566951e+01,3.771116644175339871e+01,3.685251852014469875e+01
2.500719661025508600e+01,2.500898302160850761e+01,2.501117955102028745e+01,2.501387182933687114e+01,2.501716131523132347e+01,2.502116775778662117e+01,2.502603194409620357e+01,2.503191874486671864e+01,2.503902046717124463e+01,2.504756051852940857e+01,2.505779738026929238e+01,2.507002888055399836e+01,2.508459674845562049e+01,2.510189141998139206e+01,2.512235705499025684e+01,2.514649671051756030e+01,2.517487760124084417e+01,2.520813636182384343e+01,2.524698420889162520e+01,2.529221188271811371e+01,2.534469423072921046e+01,2.540539427710557518e+01,2.547536660565749500e+01,2.555575986736716132e+01,2.564781821025073683e+01,2.575288141824220745e+01,2.587238353844599459e+01,2.600784977317042390e+01,2.616089141546236618e+01,2.633319861520552152e+01,2.652653077794681025e+01,2.674270442110282175e+01,2.698357834255804732e+01,2.725103599520966924e+01,2.754696500783587965e+01,2.787323384761537426e+01,2.823166568227316020e+01,2.862400956943992725e+01,2.905190917633697012e+01,2.951686931296058347e+01,3.002022064484466313e+01,3.056308303523412562e+01,3.114632804884155348e+01,3.177054122780182155e+01,3.243598482233624480e+01,3.314256172125301703e+01,3.388978137800168611e+01,3.467672856391073566e+01,3.550203579900141904e+01,3.636386031021109488e+01,3.725986634518908147e+01,3.818721362575374201e+01,3.914255265790275473e+01,4.012202752488570923e+01,4.112128667692106632e+01,4.213550209705820748e+01,4.315939706959191824e+01,4.418728260820786602e+01,4.521310241925387174e+01,4.623048608537635573e+01,4.723280996095290618e+01,4.821326507839117426e+01,4.916493117879560515e+01,5.008085580715854235e+01,5.095413725643444991e+01,5.177801001165309458e+01,5.254593123920547271e+01,5.325166679154652627e+01,5.388937515696233049e+01,5.445368777998572085e+01,5.493978421172576532e+01,5.534346062091268692e+01,5.566119030483308450e+01,5.589017498239378767e+01,5.602838582608362117e+01,5.607459339137918164e+01,5.602838582608362117e+01,5.589017498239378767e+01,5.566119030483308450e+01,5.534346062091268692e+01,5.493978421172576532e+01,5.445368777998572085e+01,5.388937515696233049e+01,5.325166679154652627e+01,5.254593123920547271e+01,5.177801001165309458e+01,5.095413725643444991e+01,5.008085580715854235e+01,4.916493117879560515e+01,4.821326507839117426e+01,4.723280996095290618e+01,4.623048608537635573e+01,4.521310241925387174e+01,4.418728260820786602e+01,4.315939706959191824e+01,4.213550209705820748e+01,4.112128667692106632e+01,4.012202752488570923e+01,3.914255265790275473e+01,3.818721362575374201e+01
2.500795833552709624e+01,2.500993382960500711e+01,2.501236285069055398e+01,2.501534009322783803e+01,2.501897775478401442e+01,2.502340825928473578e+01,2.502878729543451186e+01,2.503529718468130483e+01,2.504315058884192524e+01,2.505259456200677448e+01,2.506391494446223689e+01,2.507744108799581184e+01,2.509355089199604549e+01,2.511267611817259748e+01,2.513530793848835643e+01,2.516200265605472808e+01,2.519338752239150736e+01,2.523016655676367037e+01,2.527312625452585237e+01,2.532314105186281949e+01,2.538117839443350476e+01,2.544830323772094260e+01,2.552568178796754594e+01,2.561458427512822666e+01,2.571638653407620723e+01,2.583257015818705682e+01,2.596472098129284234e+01,2.611452564075282368e+01,2.628376597693975825e+01,2.647431103366577787e+01,2.668810644077248284e+01,2.692716098497743715e+01,2.719353020864261339e+01,2.748929691875268233e+01,2.781654854016948519e+01,2.817735130799570697e+01,2.857372136315931144e+01,2.900759289231035964e+01,2.948078353664080709e+01,2.999495738277345680e+01,3.055158594054665855e+01,3.115190760513973345e+01,3.179688619203949784e+01,3.248716922009293739e+01,3.322304669739821037e+01,3.400441123402860910e+01,3.483072036152999118e+01,3.570096197884451783e+01,3.661362386506377220e+01,3.756666819879507102e+01,3.855751199996086598e+01,3.958301436111179328e+01,4.063947126102520713e+01,4.172261865341033626e+01,4.282764439866292605e+01,4.394920945833838033e+01,4.508147860271385809e+01,4.621816069467159593e+01,4.735255841210771166e+01,4.847762706079097228e+01,4.958604191527336980e+01,5.067027331273138913e+01,5.172266851940931076e+01,5.273553919764171383e+01,5.370125312914368010e+01,5.461232870295698660e+01,5.546153055919507580e+01,5.624196469691454325e+01,5.694717130954558826e+01,5.757121360682319988e+01,5.810876091940381372e+01,5.855516446146209120e+01,5.890652424640658325e+01,5.915974580905881908e+01,5.931258558064292430e+01,5.936368398606963126e+01,5.931258558064292430e+01,5.915974580905881908e+01,5.890652424640658325e+01,5.855516446146209120e+01,5.810876091940381372e+01,5.757121360682319988e+01,5.694717130954558826e+01,5.624196469691454325e+01,5.546153055919507580e+01,5.461232870295698660e+01,5.370125312914368010e+01,5.273553919764171383e+01,5.172266851940931076e+01,5.067027331273138913e+01,4.958604191527336980e+01,4.847762706079097228e+01,4.735255841210771166e+01,4.621816069467159593e+01,4.508147860271385809e+01,4.394920945833838033e+01,4.282764439866292605e+01,4.172261865341033626e+01,4.063947126102520713e+01,3.958301436111179328e+01
2.500874718617346915e+01,2.501091849629544583e+01,2.501358828818625213e+01,2.501686064264637110e+01,2.502085887855381685e+01,2.502572854603369024e+01,2.503164076605453658e+01,2.503879593223425815e+01,2.504742778597485042e+01,2.505780787000233545e+01,2.507025035782603695e+01,2.508511724742806592e+01,2.510282389655443325e+01,2.512384486424377172e+01,2.514872000868476931e+01,2.517806077518126173e+01,2.521255659003382021e+01,2.525298125670418514e+01,2.530019922998545212e+01,2.535517162242169675e+01,2.541896177536897738e+01,2.549274020543153085e+01,2.557778871620815764e+01,2.567550344610755175e+01,2.578739660628732722e+01,2.591509664946166680e+01,2.606034660138287862e+01,2.622500028323484855e+01,2.641101615598203978e+01,2.662044852785704663e+01,2.685543588452576813e+01,2.711818612880174939e+01,2.741095855368241985e+01,2.773604241932730474e+01,2.809573206150894364e+01,2.849229852585740375e+01,2.892795779836480108e+01,2.940483578722701097e+01,2.992493030289679012e+01,3.049007038053464669e+01,3.110187338981148741e+01,3.176170047881574021e+01,3.247061099889937452e+01,3.322931665263964618e+01,3.403813619448186500e+01,3.489695158973411537e+01,3.580516659907657129e+01,3.676166879939649590e+01,3.776479607456717957e+01,3.881230860910843461e+01,3.990136739132694998e+01,4.102852017896437076e+01,4.218969579870619668e+01,4.338020754104765331e+01,4.459476627475418553e+01,4.582750374218535683e+01,4.707200631066923791e+01,4.832135924942775773e+01,4.956820138059802616e+01,5.080478972177311903e+01,5.202307350191611590e+01,5.321477669869591409e+01,5.437148801974246481e+01,5.548475703962510863e+01,5.654619501499072953e+01,5.754757873839774618e+01,5.848095566251463850e+01,5.933874843532752408e+01,6.011385693765735283e+01,6.079975590934834884e+01,6.139058629142784440e+01,6.188123849848613389e+01,6.226742596724964329e+01,6.254574750120792714e+01,6.271373714328882443e+01,6.276990055383025435e+01,6.271373714328882443e+01,6.254574750120792714e+01,6.226742596724964329e+01,6.188123849848613389e+01,6.139058629142784440e+01,6.079975590934834884e+01,6.011385693765735283e+01,5.933874843532752408e+01,5.848095566251463850e+01,5.754757873839774618e+01,5.654619501499072953e+01,5.548475703962510863e+01,5.437148801974246481e+01,5.321477669869591409e+01,5.202307350191611590e+01,5.080478972177311903e+01,4.956820138059802616e+01,4.832135924942775773e+01,4.707200631066923791e+01,4.582750374218535683e+01,4.459476627475418553e+01,4.338020754104765331e+01,4.218969579870619668e+01,4.102852017896437076e+01
2.500955578473593732e+01,2.501192781291838330e+01,2.501484440301859991e+01,2.501841925716945880e+01,2.502278709396832568e+01,2.502810691833817813e+01,2.503456566983955156e+01,2.504238226667507661e+01,2.505181205753369156e+01,2.506315168682024108e+01,2.507674437055474570e+01,2.509298557017169173e+01,2.511232903949894535e+01,2.513529320628318686e+01,2.516246783373932416e+01,2.519452088978130178e+01,2.523220553196047078e+01,2.527636709489776834e+01,2.532794994444446246e+01,2.538800403934110150e+01,2.545769101727298178e+01,2.553828959855977487e+01,2.563120007799581401e+01,2.573794765440853638e+01,2.586018432925427391e+01,2.599968909103067105e+01,2.615836609251875089e+01,2.633824052397064364e+01,2.654145188842412750e+01,2.677024439640160480e+01,2.702695421730418346e+01,2.731399335467056488e+01,2.763382995278288590e+01,2.798896489327955805e+01,2.838190460260670278e+01,2.881513006410410682e+01,2.929106211170608987e+01,2.981202317466993534e+01,3.038019574302740367e+01,3.099757792976271986e+01,3.166593661580270691e+01,3.238675877511462886e+01,3.316120168653976918e+01,3.399004284314727897e+01,3.487363046535936917e+01,3.581183560724019799e+01,3.680400691251608691e+01,3.784892912457880243e+01,3.894478647963896378e+01,4.008913211145263489e+01,4.127886456727080144e+01,4.251021247613790166e+01,4.377872832144188209e+01,4.507929214960448405e+01,4.640612589685591161e+01,4.775281883800118976e+01,4.911236445780529891e+01,5.047720882092116312e+01,5.183931027490600485e+01,5.319021006838212884e+01,5.452111320905588343e+01,5.582297863088638223e+01,5.708661749329743884e+01,5.830279820515317368e+01,5.946235655934776076e+01,6.055630918699051790e+01,6.157596839938986477e+01,6.251305638659917463e+01,6.335981668738276795e+01,6.410912084006659484e+01,6.475456816845736796e+01,6.529057675200405697e+01,6.571246377327415189e+01,6.601651362577956661e+01,6.620003239693146213e+01,6.626138760882778911e+01,6.620003239693146213e+01,6.601651362577956661e+01,6.571246377327415189e+01,6.529057675200405697e+01,6.475456816845736796e+01,6.410912084006659484e+01,6.335981668738276795e+01,6.251305638659917463e+01,6.157596839938986477e+01,6.055630918699051790e+01,5.946235655934776076e+01,5.830279820515317368e+01,5.708661749329743884e+01,5.582297863088638223e+01,5.452111320905588343e+01,5.319021006838212884e+01,5.183931027490600485e+01,5.047720882092116312e+01,4.911236445780529891e+01,4.775281883800118976e+01,4.640612589685591161e+01,4.507929214960448405e+01,4.377872832144188209e+01,4.251021247613790166e+01
2.501037567138462236e+01,2.501295121966414214e+01,2.501611805329212146e+01,2.501999963004821481e+01,2.502474222738993959e+01,2.503051849286794805e+01,2.503753140546330513e+01,2.504601866656772202e+01,2.505625753379614906e+01,2.506857010365325422e+01,2.508332904010500286e+01,2.510096373519014179e+01,2.512196687483008262e+01,2.514690136788944130e+01,2.517640757928661088e+01,2.521121078860480580e+01,2.525212877433837377e+01,2.530007940084689011e+01,2.535608806060311693e+01,2.542129479884253129e+01,2.549696092180251838e+01,2.558447486404877935e+01,2.568535706571564958e+01,2.580126358774077033e+01,2.593398817336046491e+01,2.608546244834473882e+01,2.625775394184665856e+01,2.645306160550946117e+01,2.667370851180283253e+01,2.692213142458677311e+01,2.720086695667482601e+01,2.751253406158965475e+01,2.785981265047504962e+01,2.824541818069729615e+01,2.867207213017510270e+01,2.914246835070145281e+01,2.965923538384288349e+01,3.022489492336431738e+01,3.084181671701495731e+01,3.151217031593962403e+01,3.223787419950754440e+01,3.302054292410188907e+01,3.386143306312709456e+01,3.476138881858353358e+01,3.572078828821725693e+01,3.673949146252681430e+01,3.781679109884856871e+01,3.895136767151679180e+01,4.014124962414850017e+01,4.138378014929450899e+01,4.267559168945660986e+01,4.401258928992562147e+01,4.538994383701600555e+01,4.680209608496194562e+01,4.824277221192971865e+01,4.970501145228893591e+01,5.118120613156412446e+01,5.266315418650373914e+01,5.414212399061752023e+01,5.560893103137775029e+01,5.705402570585902566e+01,5.846759122425291366e+01,5.983965034315569653e+01,6.116017940060448410e+01,6.241922790021845913e+01,6.360704169975687705e+01,6.471418770654905472e+01,6.573167787427905751e+01,6.665109023707890401e+01,6.746468471102529918e+01,6.816551144169440590e+01,6.874750957956597119e+01,6.920559452131578837e+01,6.953573186129527528e+01,6.973499654912575352e+01,6.980161604024678468e+01,6.973499654912575352e+01,6.953573186129527528e+01,6.920559452131578837e+01,6.874750957956597119e+01,6.816551144169440590e+01,6.746468471102529918e+01,6.665109023707890401e+01,6.573167787427905751e+01,6.471418770654905472e+01,6.360704169975687705e+01,6.241922790021845913e+01,6.116017940060448410e+01,5.983965034315569653e+01,5.846759122425291366e+01,5.705402570585902566e+01,5.560893103137775029e+01,5.414212399061752023e+01,5.266315418650373914e+01,5.118120613156412446e+01,4.970501145228893591e+01,4.824277221192971865e+01,4.680209608496194562e+01,4.538994383701600555e+01,4.401258928992562147e+01
2.501119741880598468e+01,2.501397694908135350e+01,2.501739459417696665e+01,2.502158358966018881e+01,2.502670179808206896e+01,2.503293554058356207e+01,2.504050387196849670e+01,2.504966331944702063e+01,2.506071309928348612e+01,2.507400081784715695e+01,2.508992865388349358e+01,2.510896000704265774e+01,2.513162658369788716e+01,2.515853587478380504e+01,2.519037896176531177e+01,2.522793856596652162e+01,2.527209723348515524e+01,2.532384552302919900e+01,2.538429003758678348e+01,2.545466111334398107e+01,2.553631995129291354e+01,2.563076494924712989e+01,2.573963696535667367e+01,2.586472321966732224e+01,2.600795951888525437e+01,2.617143047247057552e+01,2.635736735673901521e+01,2.656814327908485751e+01,2.680626529802947999e+01,2.707436316777962659e+01,2.737517439947738040e+01,2.771152536631246122e+01,2.808630822690546935e+01,2.850245350134065703e+01,2.896289820707909968e+01,2.947054954748229960e+01,3.002824424315161167e+01,3.063870370460009696e+01,3.130448536228490752e+01,3.202793059459870761e+01,3.281110982341316173e+01,3.365576547708192834e+01,3.456325364892634155e+01,3.553448540127723021e+01,3.656986877701250194e+01,3.766925267795582499e+01,3.883187384821669497e+01,4.005630825642816717e+01,4.134042820003479335e+01,4.268136645391037121e+01,4.407548875186979842e+01,4.551837582106117708e+01,4.700481608467235617e+01,4.852881000775494158e+01,5.008358688526411129e+01,5.166163466279077454e+01,5.325474314225853334e+01,5.485406066155369587e+01,5.645016405420876993e+01,5.803314139939575966e+01,5.959268677093188415e+01,6.111820589469834886e+01,6.259893133514529495e+01,6.402404556183944351e+01,6.538281000460321479e+01,6.666469799853817335e+01,6.785952935526381680e+01,6.895760418017894722e+01,6.994983349238805204e+01,7.082786419761220031e+01,7.158419601681022471e+01,7.221228808454003456e+01,7.270665309971300871e+01,7.306293713398990519e+01,7.327798347462370998e+01,7.334987919250752952e+01,7.327798347462370998e+01,7.306293713398990519e+01,7.270665309971300871e+01,7.221228808454003456e+01,7.158419601681022471e+01,7.082786419761220031e+01,6.994983349238805204e+01,6.895760418017894722e+01,6.785952935526381680e+01,6.666469799853817335e+01,6.538281000460321479e+01,6.402404556183944351e+01,6.259893133514529495e+01,6.111820589469834886e+01,5.959268677093188415e+01,5.803314139939575966e+01,5.645016405420876993e+01,5.485406066155369587e+01,5.325474314225853334e+01,5.166163466279077454e+01,5.008358688526411129e+01,4.852881000775494158e+01,4.700481608467235617e+01,4.551837582106117708e+01
2.501201078791927301e+01,2.501499222044681403e+01,2.501865811980612264e+01,2.502315139966066226e+01,2.502864138953663087e+01,2.503532794475315626e+01,2.504344603203222164e+01,2.505327081245960841e+01,2.506512323706477829e+01,2.507937616199011188e+01,2.509646097983609181e+01,2.511687475113214774e+01,2.514118780486167282e+01,2.517005175948291296e+01,2.520420789591548427e+01,2.524449579156438972e+01,2.529186209977824973e+01,2.534736933244213120e+01,2.541220447505968849e+01,2.548768723418620041e+01,2.557527768706939142e+01,2.567658307361597636e+01,2.579336344224312327e+01,2.592753583484296698e+01,2.608117667315194410e+01,2.625652199054109559e+01,2.645596514096832408e+01,2.668205161193537123e+01,2.693747057214469720e+01,2.722504279847394670e+01,2.754770465209024977e+01,2.790848781105715659e+01,2.831049451745589707e+01,2.875686816136903445e+01,2.925075910221879738e+01,2.979528571966199024e+01,3.039349079079924820e+01,3.104829340663538773e+01,3.176243676677481531e+01,3.253843232495528071e+01,3.337850089638737217e+01,3.428451147764816653e+01,3.525791866729857560e+01,3.629969970631052689e+01,3.741029227738155782e+01,3.858953430671746787e+01,3.983660709629619845e+01,4.114998317456065280e+01,4.252738028480584376e+01,4.396572292958859407e+01,4.546111285332450791e+01,4.700880977167652475e+01,4.860322354419349722e+01,5.023791883581044715e+01,5.190563312435449461e+01,5.359830868742472632e+01,5.530713894650696716e+01,5.702262926375452423e+01,5.873467198347191243e+01,6.043263519298349706e+01,6.210546435411063015e+01,6.374179563543786742e+01,6.533007946584845627e+01,6.685871254050077539e+01,6.831617625040175312e+01,6.969117928442119592e+01,7.097280197564884929e+01,7.215063983900536471e+01,7.321494367926717928e+01,7.415675364188297181e+01,7.496802463517030901e+01,7.564174067187408923e+01,7.617201585893572258e+01,7.655418000308972637e+01,7.678484709118578166e+01,7.686196524089227466e+01,7.678484709118578166e+01,7.655418000308972637e+01,7.617201585893572258e+01,7.564174067187408923e+01,7.496802463517030901e+01,7.415675364188297181e+01,7.321494367926717928e+01,7.215063983900536471e+01,7.097280197564884929e+01,6.969117928442119592e+01,6.831617625040175312e+01,6.685871254050077539e+01,6.533007946584845627e+01,6.374179563543786742e+01,6.210546435411063015e+01,6.043263519298349706e+01,5.873467198347191243e+01,5.702262926375452423e+01,5.530713894650696716e+01,5.359830868742472632e+01,5.190563312435449461e+01,5.023791883581044715e+01,4.860322354419349722e+01,4.700880977167652475e+01
2.501280492201523487e+01,2.501598348209517653e+01,2.501989176485956889e+01,2.502468213319482970e+01,2.503053511242472595e+01,2.503766377198258652e+01,2.504631861421442096e+01,2.505679299341710475e+01,2.506942908138908166e+01,2.508462438692478713e+01,2.510283882561379798e+01,2.512460232283310546e+01,2.515052291680673591e+01,2.518129530996365517e+01,2.521770979553283354e+01,2.526066146243508470e+01,2.531115955522506056e+01,2.537033683737504930e+01,2.543945877597262850e+01,2.551993233446073361e+01,2.561331412806052654e+01,2.572131766481191661e+01,2.584581936471968078e+01,2.598886302142114957e+01,2.615266234633845599e+01,2.633960121579447033e+01,2.655223122848461514e+01,2.679326617547485156e+01,2.706557302900316131e+01,2.737215907120485170e+01,2.771615481075316367e+01,2.810079237541855690e+01,2.852937912256921393e+01,2.900526627821472658e+01,2.953181249850595336e+01,3.011234234537734977e+01,3.075009977948704076e+01,3.144819689747043157e+01,3.220955827490431034e+01,3.303686141883258642e+01,3.393247398121722114e+01,3.489838853370105198e+01,3.593615585057646911e+01,3.704681778642613210e+01,3.823084096282783406e+01,3.948805258992722145e+01,4.081757983869780304e+01,4.221779424360512678e+01,4.368626264877937615e+01,4.521970620980314237e+01,4.681396892466477766e+01,4.846399708900510461e+01,5.016383095122299096e+01,5.190660968218693938e+01,5.368459057336845319e+01,5.548918313864302831e+01,5.731099852260399530e+01,5.913991431712889124e+01,6.096515456448641856e+01,6.277538438693190415e+01,6.455881833789470647e+01,6.630334122759326476e+01,6.799663984573240327e+01,6.962634369550434599e+01,7.118017257590375380e+01,7.264608861235953441e+01,7.401245014704225866e+01,7.526816476695245228e+01,7.640283867566418508e+01,7.740691960736685928e+01,7.827183054177757526e+01,7.899009160578015099e+01,7.955542774047638943e+01,7.996285996688837372e+01,8.020877839408927912e+01,8.029099547256812741e+01,8.020877839408927912e+01,7.996285996688837372e+01,7.955542774047638943e+01,7.899009160578015099e+01,7.827183054177757526e+01,7.740691960736685928e+01,7.640283867566418508e+01,7.526816476695245228e+01,7.401245014704225866e+01,7.264608861235953441e+01,7.118017257590375380e+01,6.962634369550434599e+01,6.799663984573240327e+01,6.630334122759326476e+01,6.455881833789470647e+01,6.277538438693190415e+01,6.096515456448641856e+01,5.913991431712889124e+01,5.731099852260399530e+01,5.548918313864302831e+01,5.368459057336845319e+01,5.190660968218693938e+01,5.016383095122299096e+01,4.846399708900510461e+01
2.501356857501956199e+01,2.501693669634412132e+01,2.502107805915938954e+01,2.502615411288708458e+01,2.503235614892247085e+01,2.503990994361834410e+01,2.504908093864395724e+01,2.506017998320087514e+01,2.507356965534393822e+01,2.508967117028178961e+01,2.510897187180085766e+01,2.513203328868077691e+01,2.515949972099986809e+01,2.519210730147433708e+01,2.523069345441273015e+01,2.527620664956416618e+01,2.532971632026346498e+01,2.539242278511740381e+01,2.546566698045437960e+01,2.555093977744116529e+01,2.564989062387445529e+01,2.576433521705865459e+01,2.589626188191855860e+01,2.604783629874957995e+01,2.622140419909675657e+01,2.641949162760804981e+01,2.664480235383999585e+01,2.690021201246043603e+01,2.718875855464499836e+01,2.751362860919230258e+01,2.787813938035644412e+01,2.828571575179342545e+01,2.873986232325896850e+01,2.924413017936447901e+01,2.980207827797737963e+01,3.041722944945628271e+01,3.109302111602817575e+01,3.183275097186220393e+01,3.263951800678952253e+01,3.351615940756903456e+01,3.446518402690816885e+01,3.548870326835825750e+01,3.658836039044908972e+01,3.776525938132265026e+01,3.901989469068173833e+01,4.035208322392423952e+01,4.176090009871883524e+01,4.324461973198549458e+01,4.480066386062230777e+01,4.642555809826436075e+01,4.811489858950277210e+01,4.986333023989466540e+01,5.166453787340068970e+01,5.351125149847725027e+01,5.539526665113777426e+01,5.730748053049872937e+01,5.923794435367938860e+01,6.117593203786384493e+01,6.311002497458961358e+01,6.502821230281163878e+01,6.691800572187941043e+01,6.876656752288461405e+01,7.056085016696481205e+01,7.228774541232326101e+01,7.393424069797765696e+01,7.548758024111273812e+01,7.693542810501418217e+01,7.826603035336351866e+01,7.946837333013239402e+01,8.053233509665523115e+01,8.144882712095859745e+01,8.220992344930417062e+01,8.280897479422979757e+01,8.324070524310559449e+01,8.350128962028475144e+01,8.358840991636317597e+01,8.350128962028475144e+01,8.324070524310559449e+01,8.280897479422979757e+01,8.220992344930417062e+01,8.144882712095859745e+01,8.053233509665523115e+01,7.946837333013239402e+01,7.826603035336351866e+01,7.693542810501418217e+01,7.548758024111273812e+01,7.393424069797765696e+01,7.228774541232326101e+01,7.056085016696481205e+01,6.876656752288461405e+01,6.691800572187941043e+01,6.502821230281163878e+01,6.311002497458961358e+01,6.117593203786384493e+01,5.923794435367938860e+01,5.730748053049872937e+01,5.539526665113777426e+01,5.351125149847725027e+01,5.166453787340068970e+01,4.986333023989466540e+01
2.501429036775890324e+01,2.501783765937318194e+01,2.502219932576540629e+01,2.502754540480673384e+01,2.503407736381288373e+01,2.504203298951592416e+01,2.505169184399711568e+01,2.506338131236517697e+01,2.507748326034569075e+01,2.509444131007498413e+01,2.511476873003726240e+01,2.513905692004839665e+01,2.516798445431776798e+01,2.520232662481366859e+01,2.524296540339550177e+01,2.529089971452685859e+01,2.534725588102543625e+01,2.541329807354246029e+01,2.549043856073889813e+01,2.558024752203473895e+01,2.568446214910854764e+01,2.580499472694097207e+01,2.594393935121697581e+01,2.610357690757303928e+01,2.628637791088592479e+01,2.649500278105548645e+01,2.673229911712898144e+01,2.700129552578650305e+01,2.730519156479081033e+01,2.764734337856957680e+01,2.803124463308655123e+01,2.846050240181151025e+01,2.893880771488466763e+01,2.946990056010628933e+01,3.005752921735767913e+01,3.070540391717551643e+01,3.141714493860131441e+01,3.219622539965705244e+01,3.304590914376804278e+01,3.396918428443384386e+01,3.496869313507280452e+01,3.604665941727631662e+01,3.720481380421237816e+01,3.844431901168037058e+01,3.976569579208654659e+01,4.116875131094421647e+01,4.265251148596186681e+01,4.421515894009166914e+01,4.585397825717149800e+01,4.756531022768076866e+01,4.934451672910046938e+01,5.118595779784840261e+01,5.308298231632863207e+01,5.502793355915819973e+01,5.701217061839640365e+01,5.902610646135355665e+01,6.105926307055835167e+01,6.310034377942395878e+01,6.513732255618300826e+01,6.715754961106856058e+01,6.914787231687242297e+01,7.109477005103693159e+01,7.298450119895477428e+01,7.480326021393588576e+01,7.653734231993317394e+01,7.817331317861555817e+01,7.969818063184973767e+01,8.109956548194071502e+01,8.236586819136982740e+01,8.348642837570059783e+01,8.445167403020116126e+01,8.525325757278612571e+01,8.588417600107442240e+01,8.633887274544565571e+01,8.661331914654132902e+01,8.670507388633018309e+01,8.661331914654132902e+01,8.633887274544565571e+01,8.588417600107442240e+01,8.525325757278612571e+01,8.445167403020116126e+01,8.348642837570059783e+01,8.236586819136982740e+01,8.109956548194071502e+01,7.969818063184973767e+01,7.817331317861555817e+01,7.653734231993317394e+01,7.480326021393588576e+01,7.298450119895477428e+01,7.109477005103693159e+01,6.914787231687242297e+01,6.715754961106856058e+01,6.513732255618300826e+01,6.310034377942395878e+01,6.105926307055835167e+01,5.902610646135355665e+01,5.701217061839640365e+01,5.502793355915819973e+01,5.308298231632863207e+01,5.118595779784840261e+01
2.501495906445754258e+01,2.501867234635503934e+01,2.502323811049801705e+01,2.502883435142922153e+01,2.503567196383049165e+01,2.504399986131358702e+01,2.505411068765534921e+01,2.506634714746816783e+01,2.508110897532147376e+01,2.509886055199567778e+01,2.512013916361726018e+01,2.514556388368488626e+01,2.517584503928801709e+01,2.521179420103999291e+01,2.525433461137356872e+01,2.530451193795042286e+01,2.536350520820457533e+01,2.543263774778978714e+01,2.551338791039765752e+01,2.560739934968006182e+01,2.571649054663995315e+01,2.584266326881539300e+01,2.598810960201271669e+01,2.615521716255027229e+01,2.634657206940752516e+01,2.656495923291271311e+01,2.681335950131381196e+01,2.709494320047706495e+01,2.741305960675533626e+01,2.777122191040862731e+01,2.817308725835062688e+01,2.862243151173813516e+01,2.912311841702708648e+01,2.967906296923499099e+01,3.029418884347611041e+01,3.097237988505708728e+01,3.171742577864172929e+01,3.253296216169132293e+01,3.342240560437412711e+01,3.438888404455710912e+01,3.543516343882087938e+01,3.656357156453151447e+01,3.777592007915723826e+01,3.907342610606970368e+01,4.045663476551658988e+01,4.192534419960558978e+01,4.347853474529988915e+01,4.511430398407109976e+01,4.682980943585964440e+01,4.862122066382831065e+01,5.048368251135028828e+01,5.241129110105951128e+01,5.439708408611433299e+01,5.643304645595175373e+01,5.851013296407849396e+01,6.061830796673941535e+01,6.274660314307755016e+01,6.488319321564192421e+01,6.701548941223208544e+01,6.913025001481176446e+01,7.121370693836639987e+01,7.325170688273207986e+01,7.522986521469778154e+01,7.713373037736218407e+01,7.894895629988069174e+01,8.066148000385908290e+01,8.225770138227159123e+01,8.372466197111111796e+01,8.505021944959575819e+01,8.622321459631022833e+01,8.723362749866822696e+01,8.807271996178300810e+01,8.873316128809776160e+01,8.920913489650581596e+01,8.949642361247140343e+01,8.959247188008377805e+01,8.949642361247140343e+01,8.920913489650581596e+01,8.873316128809776160e+01,8.807271996178300810e+01,8.723362749866822696e+01,8.622321459631022833e+01,8.505021944959575819e+01,8.372466197111111796e+01,8.225770138227159123e+01,8.066148000385908290e+01,7.894895629988069174e+01,7.713373037736218407e+01,7.522986521469778154e+01,7.325170688273207986e+01,7.121370693836639987e+01,6.913025001481176446e+01,6.701548941223208544e+01,6.488319321564192421e+01,6.274660314307755016e+01,6.061830796673941535e+01,5.851013296407849396e+01,5.643304645595175373e+01,5.439708408611433299e+01,5.241129110105951128e+01
2.501556386032227763e+01,2.501942727042749581e+01,2.502417762868602935e+01,2.503000012597055246e+01,2.503711418344742867e+01,2.504577877832052479e+01,2.505629838597197079e+01,2.506902956658198889e+01,2.508438821601240676e+01,2.510285748998616739e+01,2.512499639713977118e+01,2.515144904015021865e+01,2.518295446467338650e+01,2.522035705317073351e+01,2.526461737482142311e+01,2.531682337369281299e+01,2.537820174536813056e+01,2.545012931763593400e+01,2.553414421411541113e+01,2.563195654147322600e+01,2.574545830200731089e+01,2.587673219483622589e+01,2.602805893192568121e+01,2.620192266106363377e+01,2.640101405817351932e+01,2.662823062767360227e+01,2.688667373368361879e+01,2.717964187853292657e+01,2.751061975001632476e+01,2.788326257688474286e+01,2.830137536471885440e+01,2.876888663296636395e+01,2.928981633958195729e+01,2.986823776306428968e+01,3.050823321294560486e+01,3.121384355862902993e+01,3.198901170195448884e+01,3.283752026942179469e+01,3.376292396333408874e+01,3.476847718427215739e+01,3.585705771660546759e+01,3.703108744987730461e+01,3.829245128697497336e+01,3.964241555964034802e+01,4.108154742736509490e+01,4.260963687113034126e+01,4.422562300286210757e+01,4.592752648913787539e+01,4.771238992826046399e+01,4.957622801860364348e+01,5.151398930926974629e+01,5.351953122878018831e+01,5.558560994219674001e+01,5.770388639160315591e+01,5.986494963065317165e+01,6.205835827391835124e+01,6.427270055067785393e+01,6.649567308681082523e+01,6.871417814530883561e+01,7.091443864468874381e+01,7.308212985544091111e+01,7.520252625863486173e+01,7.726066164948429105e+01,7.924150019378387810e+01,8.113011580819238588e+01,8.291187694726366431e+01,8.457263365083687745e+01,8.609890354343527008e+01,8.747805338952647958e+01,8.869847279971025955e+01,8.974973675573923515e+01,9.062275377698821899e+01,9.130989678536263909e+01,9.180511403503628287e+01,9.210401785085612403e+01,9.220394935563436434e+01,9.210401785085612403e+01,9.180511403503628287e+01,9.130989678536263909e+01,9.062275377698821899e+01,8.974973675573923515e+01,8.869847279971025955e+01,8.747805338952647958e+01,8.609890354343527008e+01,8.457263365083687745e+01,8.291187694726366431e+01,8.113011580819238588e+01,7.924150019378387810e+01,7.726066164948429105e+01,7.520252625863486173e+01,7.308212985544091111e+01,7.091443864468874381e+01,6.871417814530883561e+01,6.649567308681082523e+01,6.427270055067785393e+01,6.205835827391835124e+01,5.986494963065317165e+01,5.770388639160315591e+01,5.558560994219674001e+01,5.351953122878018831e+01
2.501609467007659404e+01,2.502008984285034643e+01,2.502500221338911501e+01,2.503102328855143455e+01,2.503837997292313844e+01,2.504734007619714475e+01,2.505821845797257197e+01,2.507138383901306256e+01,2.508726629942366060e+01,2.510636547308666167e+01,2.512925943378249016e+01,2.515661425148781305e+01,2.518919417721469145e+01,2.522787239132162185e+01,2.527364222346487566e+01,2.532762872234467366e+01,2.539110042033586367e+01,2.546548110231895379e+01,2.555236135004392040e+01,2.565350959383754414e+01,2.577088236325862169e+01,2.590663338845428143e+01,2.606312116570167348e+01,2.624291456533504885e+01,2.644879602952326891e+01,2.668376188287293971e+01,2.695101926238353940e+01,2.725397916671728638e+01,2.759624512990851031e+01,2.798159704329411213e+01,2.841396968322085570e+01,2.889742555237708999e+01,2.943612171049367277e+01,3.003427035635731102e+01,3.069609302779418414e+01,3.142576840917430658e+01,3.222737387609372206e+01,3.310482106257359902e+01,3.406178590502076986e+01,3.510163379624655278e+01,3.622734066825104549e+01,3.744141100978922054e+01,3.874579400888186598e+01,4.014179918586465590e+01,4.163001304336029307e+01,4.321021839959325206e+01,4.488131818460888667e+01,4.664126555927168738e+01,4.848700225888286042e+01,5.041440706200368282e+01,5.241825623660863442e+01,5.449219771712255067e+01,5.662874061561623051e+01,5.881926146830033275e+01,6.105402836590463522e+01,6.332224381666708979e+01,6.561210684827511841e+01,6.791089447663583201e+01,7.020506226280312490e+01,7.248036325412530800e+01,7.472198417223688693e+01,7.691469728031788122e+01,7.904302594703474938e+01,8.109142153690427790e+01,8.304444890839110371e+01,8.488697750315100166e+01,8.660437477272432716e+01,8.818269852149549592e+01,8.960888465394543800e+01,9.087092680513731580e+01,9.195804440869748930e+01,9.286083591654339386e+01,9.357141412697581018e+01,9.408352089770578175e+01,9.439261891070772492e+01,9.449595860705285588e+01,9.439261891070772492e+01,9.408352089770578175e+01,9.357141412697581018e+01,9.286083591654339386e+01,9.195804440869748930e+01,9.087092680513731580e+01,8.960888465394543800e+01,8.818269852149549592e+01,8.660437477272432716e+01,8.488697750315100166e+01,8.304444890839110371e+01,8.109142153690427790e+01,7.904302594703474938e+01,7.691469728031788122e+01,7.472198417223688693e+01,7.248036325412530800e+01,7.020506226280312490e+01,6.791089447663583201e+01,6.561210684827511841e+01,6.332224381666708979e+01,6.105402836590463522e+01,5.881926146830033275e+01,5.662874061561623051e+01,5.449219771712255067e+01
2.501654240675885532e+01,2.502064872100952186e+01,2.502569774849600392e+01,2.503188632359488608e+01,2.503944766313735926e+01,2.504865702699847319e+01,2.505983803383806219e+01,2.507336966184103844e+01,2.508969395548565018e+01,2.510932444793985141e+01,2.513285529438462618e+01,2.516097109415823141e+01,2.519445735892678684e+01,2.523421156000192767e+01,2.528125466041933223e+01,2.533674300654298861e+01,2.540198041997543399e+01,2.547843029378519830e+01,2.556772745802260260e+01,2.567168953887391325e+01,2.579232749447888651e+01,2.593185496947721802e+01,2.609269607101555621e+01,2.627749113268122727e+01,2.648910000123847652e+01,2.673060235587229272e+01,2.700529455273811763e+01,2.731668248086975126e+01,2.766846992080334289e+01,2.806454191645104501e+01,2.850894270547188114e+01,2.900584780507806215e+01,2.955952992000111479e+01,3.017431842793858010e+01,3.085455230542966376e+01,3.160452648341962245e+01,3.242843176577689945e+01,3.333028860403992866e+01,3.431387519527470431e+01,3.538265055395763170e+01,3.653967339936647818e+01,3.778751789248190107e+01,3.912818744567183415e+01,4.056302800874131265e+01,4.209264240019507497e+01,4.371680739649055170e+01,4.543439540834837942e+01,4.724330265573529886e+01,4.914038579626633663e+01,5.112140896048544647e+01,5.318100309767245903e+01,5.531263943451280340e+01,5.750861869450559283e+01,5.976007751822844938e+01,6.205701326499833925e+01,6.438832806826357569e+01,6.674189266515543295e+01,6.910463013163324320e+01,7.146261923679882955e+01,7.380121669286076269e+01,7.610519713173215450e+01,7.835890919707614444e+01,8.054644571406041109e+01,8.265182550062380074e+01,8.465918402593447922e+01,8.655296981553368596e+01,8.831814325895490470e+01,8.994037430346102724e+01,9.140623542422648029e+01,9.270338625195290660e+01,9.382074631632343653e+01,9.474865252814105077e+01,9.547899827210554236e+01,9.600535131103485753e+01,9.632304810351942592e+01,9.642926260081215162e+01,9.632304810351942592e+01,9.600535131103485753e+01,9.547899827210554236e+01,9.474865252814105077e+01,9.382074631632343653e+01,9.270338625195290660e+01,9.140623542422648029e+01,8.994037430346102724e+01,8.831814325895490470e+01,8.655296981553368596e+01,8.465918402593447922e+01,8.265182550062380074e+01,8.054644571406041109e+01,7.835890919707614444e+01,7.610519713173215450e+01,7.380121669286076269e+01,7.146261923679882955e+01,6.910463013163324320e+01,6.674189266515543295e+01,6.438832806826357569e+01,6.205701326499833925e+01,5.976007751822844938e+01,5.750861869450559283e+01,5.531263943451280340e+01
2.501689924005642496e+01,2.502109413087737622e+01,2.502625207003274355e+01,2.503257413777825136e+01,2.504029858162364164e+01,2.504970659902550167e+01,2.506112878936388810e+01,2.507495230569437439e+01,2.509162872775758046e+01,2.511168266605357502e+01,2.513572109217849260e+01,2.516444337284048061e+01,2.519865196383730677e+01,2.523926369567375616e+01,2.528732155439656282e+01,2.534400682971030960e+01,2.541065146772012540e+01,2.548875042808470326e+01,2.557997380548098931e+01,2.568617843378462240e+01,2.580941864915373074e+01,2.595195584636062236e+01,2.611626642253365560e+01,2.630504766542373574e+01,2.652122111103817659e+01,2.676793286977085984e+01,2.704855040288630974e+01,2.736665522432362607e+01,2.772603100820649402e+01,2.813064660203444234e+01,2.858463348099372681e+01,2.909225723163153887e+01,2.965788272442900109e+01,3.028593272531563940e+01,3.098083980611757937e+01,3.174699154296733994e+01,3.258866913881406902e+01,3.350997976963728320e+01,3.451478313131613618e+01,3.560661285210967719e+01,3.678859363038215946e+01,3.806335515388033741e+01,3.943294405022204785e+01,4.089873530245483835e+01,4.246134473237359686e+01,4.412054430132063487e+01,4.587518209698993132e+01,4.772310895908537276e+01,4.966111374074559848e+01,5.168486920133211981e+01,5.378889047529193590e+01,5.596650795830898062e+01,5.820985629416600204e+01,6.050988093349973695e+01,6.285636347045392824e+01,6.523796664838245363e+01,6.764229956625651141e+01,7.005600322004576697e+01,7.246485608647017784e+01,7.485389900999629731e+01,7.720757819884545370e+01,7.950990468407232470e+01,8.174462816002133536e+01,8.389542271741146351e+01,8.594608161445356131e+01,8.788071791861472093e+01,8.968396760268096557e+01,9.134119150291050460e+01,9.283867245174126026e+01,9.416380388797584544e+01,9.530526632645390350e+01,9.625318823720974137e+01,9.699928813859415300e+01,9.753699504478746007e+01,9.786154481796239679e+01,9.797005044917965222e+01,9.786154481796239679e+01,9.753699504478746007e+01,9.699928813859415300e+01,9.625318823720974137e+01,9.530526632645390350e+01,9.416380388797584544e+01,9.283867245174126026e+01,9.134119150291050460e+01,8.968396760268096557e+01,8.788071791861472093e+01,8.594608161445356131e+01,8.389542271741146351e+01,8.174462816002133536e+01,7.950990468407232470e+01,7.720757819884545370e+01,7.485389900999629731e+01,7.246485608647017784e+01,7.005600322004576697e+01,6.764229956625651141e+01,6.523796664838245363e+01,6.285636347045392824e+01,6.050988093349973695e+01,5.820985629416600204e+01,5.596650795830898062e+01
2.501715882393202861e+01,2.502141815114262613e+01,2.502665531976817093e+01,2.503307449879452662e+01,2.504091759537599060e+01,2.505047012635424508e+01,2.506206776934174840e+01,2.507610362432956563e+01,2.509303620763173370e+01,2.511339818812409774e+01,2.513780586090129887e+01,2.516696933542203141e+01,2.520170339375349400e+01,2.524293894954356077e+01,2.529173500981736922e+01,2.534929100969662485e+01,2.541695935488883862e+01,2.549625796865465333e+01,2.558888259946654031e+01,2.569671860343736114e+01,2.582185187273249838e+01,2.596657853869331234e+01,2.613341303760033085e+01,2.632509408938755868e+01,2.654458810685184034e+01,2.679508952679265121e+01,2.708001753698074054e+01,2.740300866585679884e+01,2.776790470736466787e+01,2.817873547321364214e+01,2.863969590087214456e+01,2.915511709921167594e+01,2.972943098610674184e+01,3.036712826419391575e+01,3.107270959263162524e+01,3.185062994372010436e+01,3.270523628261140914e+01,3.364069887431480765e+01,3.466093670227574819e+01,3.576953767369807480e+01,3.696967448444821969e+01,3.826401721607377482e+01,3.965464393379138386e+01,4.114295074132776620e+01,4.272956291992149147e+01,4.441424892808525726e+01,4.619583915935275797e+01,4.807215144085713376e+01,5.003992530032684272e+01,5.209476702775008761e+01,5.423110750629084009e+01,5.644217468195294884e+01,5.871998238127277858e+01,6.105533697082127986e+01,6.343786308304531474e+01,6.585604931328929013e+01,6.829731442781704231e+01,7.074809421916728525e+01,7.319394871174387163e+01,7.561968896716192035e+01,7.800952227677200312e+01,8.034721407013955741e+01,8.261626442580924845e+01,8.480009665737702562e+01,8.688225507642458467e+01,8.884660871627895062e+01,9.067755754776885624e+01,9.236023753959342741e+01,9.388072081912321210e+01,9.522620717976582227e+01,9.638520326133350125e+01,9.734768590041443304e+01,9.810524640614218583e+01,9.865121285786429439e+01,9.898074793734083698e+01,9.909092028920251494e+01,9.898074793734083698e+01,9.865121285786429439e+01,9.810524640614218583e+01,9.734768590041443304e+01,9.638520326133350125e+01,9.522620717976582227e+01,9.388072081912321210e+01,9.236023753959342741e+01,9.067755754776885624e+01,8.884660871627895062e+01,8.688225507642458467e+01,8.480009665737702562e+01,8.261626442580924845e+01,8.034721407013955741e+01,7.800952227677200312e+01,7.561968896716192035e+01,7.319394871174387163e+01,7.074809421916728525e+01,6.829731442781704231e+01,6.585604931328929013e+01,6.343786308304531474e+01,6.105533697082127986e+01,5.871998238127277858e+01,5.644217468195294884e+01
2.501731648430352095e+01,2.502161494747780779e+01,2.502690023676444042e+01,2.503337839711457136e+01,2.504129355839729953e+01,2.505093386086786111e+01,2.506263806644433245e+01,2.507680288703727456e+01,2.509389105194481928e+01,2.511444012436268736e+01,2.513907206208791578e+01,2.516850349927585739e+01,2.520355670445338347e+01,2.524517114477949775e+01,2.529441555775047590e+01,2.535250039925422527e+01,2.542079050130364593e+01,2.550081773428921394e+01,2.559429342772410720e+01,2.570312026093321478e+01,2.582940329187876927e+01,2.597545974943898273e+01,2.614382717328187411e+01,2.633726944751376209e+01,2.655878024121347636e+01,2.681158334261474252e+01,2.709912935600125650e+01,2.742508822331727814e+01,2.779333703805067302e+01,2.820794263901779431e+01,2.867313850801869179e+01,2.919329554943976746e+01,2.977288640293350852e+01,3.041644303304632757e+01,3.112850745232995564e+01,3.191357556669350970e+01,3.277603428249622652e+01,3.372009218238102335e+01,3.474970425857748069e+01,3.586849138504661028e+01,3.707965540932700321e+01,3.838589094646864908e+01,3.978929515556869490e+01,4.129127696816966875e+01,4.289246741077987224e+01,4.459263281444005145e+01,4.639059282599227174e+01,4.828414522211708260e+01,5.026999957235513250e+01,5.234372179598194919e+01,5.449969160546162783e+01,5.673107472315405175e+01,5.902981159626158103e+01,6.138662411752016368e+01,6.379104158741736086e+01,6.623144683109205744e+01,6.869514301469510542e+01,7.116844129879781633e+01,7.363676902901860899e+01,7.608479770649461216e+01,7.849658951447810296e+01,8.085576071447866298e+01,8.314565977886120152e+01,8.534955770970250910e+01,8.745084761883104818e+01,8.943325032345995851e+01,9.128102245671585990e+01,9.297916341216286185e+01,9.451361734374020784e+01,9.587146643275504232e+01,9.704111171461195795e+01,9.801243793009625449e+01,9.877695912679175194e+01,9.932794208045726236e+01,9.966050502613583717e+01,9.977168967429427937e+01,9.966050502613583717e+01,9.932794208045726236e+01,9.877695912679175194e+01,9.801243793009625449e+01,9.704111171461195795e+01,9.587146643275504232e+01,9.451361734374020784e+01,9.297916341216286185e+01,9.128102245671585990e+01,8.943325032345995851e+01,8.745084761883104818e+01,8.534955770970250910e+01,8.314565977886120152e+01,8.085576071447866298e+01,7.849658951447810296e+01,7.608479770649461216e+01,7.363676902901860899e+01,7.116844129879781633e+01,6.869514301469510542e+01,6.623144683109205744e+01,6.379104158741736086e+01,6.138662411752016368e+01,5.902981159626158103e+01,5.673107472315405175e+01
2.501736935902373560e+01,2.502168094726623337e+01,2.502698237482824339e+01,2.503348031580532052e+01,2.504141964550069943e+01,2.505108938398650409e+01,2.506282932756754533e+01,2.507703739948752286e+01,2.509417774195735973e+01,2.511478955958584436e+01,2.513949670927631175e+01,2.516901801337831657e+01,2.520417825116037491e+01,2.524591975838127667e+01,2.529531453585536482e+01,2.535357673551619584e+01,2.542207535679942509e+01,2.550234694755874187e+01,2.559610806273689931e+01,2.570526719136214311e+01,2.583193581904961178e+01,2.597843825018006925e+01,2.614731977262824003e+01,2.634135270983467692e+01,2.656353987184540699e+01,2.681711489051471631e+01,2.710553890631441476e+01,2.743249306710966451e+01,2.780186630483254007e+01,2.821773787611822470e+01,2.868435418941870552e+01,2.920609949538298622e+01,2.978746009056791522e+01,3.043298177756885536e+01,3.114722043766740001e+01,3.193468570471900136e+01,3.279977788020637774e+01,3.374671839739657742e+01,3.477947432482189072e+01,3.590167759253850477e+01,3.711653982471107582e+01,3.842676386421547363e+01,3.983445327368309563e+01,4.134102128673419685e+01,4.294710085667404087e+01,4.465245760105089801e+01,4.645590756257790588e+01,4.835524179359482133e+01,5.034715981653420158e+01,5.242721401150420490e+01,5.458976692979898360e+01,5.682796342577125870e+01,5.913371933732096863e+01,6.149772822710747278e+01,6.390948742404169991e+01,6.635734428100030868e+01,6.882856319520598731e+01,7.130941352927929699e+01,7.378527813221876386e+01,7.624078170062114168e+01,7.865993775268697163e+01,8.102631252328242795e+01,8.332320364045258998e+01,8.553383102540419713e+01,8.764153708194955072e+01,8.962999291991202711e+01,9.148340710110626617e+01,9.318673321575350599e+01,9.472587249921237174e+01,9.608786768909936882e+01,9.726108440416079759e+01,9.823537649891825652e+01,9.900223210967061505e+01,9.955489745272912216e+01,9.988847585699612353e+01,1.000000000000000000e+02,9.988847585699612353e+01,9.955489745272912216e+01,9.900223210967061505e+01,9.823537649891825652e+01,9.726108440416079759e+01,9.608786768909936882e+01,9.472587249921237174e+01,9.318673321575350599e+01,9.148340710110626617e+01,8.962999291991202711e+01,8.764153708194955072e+01,8.553383102540419713e+01,8.332320364045258998e+01,8.102631252328242795e+01,7.865993775268697163e+01,7.624078170062114168e+01,7.378527813221876386e+01,7.130941352927929699e+01,6.882856319520598731e+01,6.635734428100030868e+01,6.390948742404169991e+01,6.149772822710747278e+01,5.913371933732096863e+01,5.682796342577125870e+01
2.501731648430352095e+01,2.502161494747780779e+01,2.502690023676444042e+01,2.503337839711457136e+01,2.504129355839729953e+01,2.505093386086786111e+01,2.506263806644433245e+01,2.507680288703727456e+01,2.509389105194481928e+01,2.511444012436268736e+01,2.513907206208791578e+01,2.516850349927585739e+01,2.520355670445338347e+01,2.524517114477949775e+01,2.529441555775047590e+01,2.535250039925422527e+01,2.542079050130364593e+01,2.550081773428921394e+01,2.559429342772410720e+01,2.570312026093321478e+01,2.582940329187876927e+01,2.597545974943898273e+01,2.614382717328187411e+01,2.633726944751376209e+01,2.655878024121347636e+01,2.681158334261474252e+01,2.709912935600125650e+01,2.742508822331727814e+01,2.779333703805067302e+01,2.820794263901779431e+01,2.867313850801869179e+01,2.919329554943976746e+01,2.977288640293350852e+01,3.041644303304632757e+01,3.112850745232995564e+01,3.191357556669350970e+01,3.277603428249622652e+01,3.372009218238102335e+01,3.474970425857748069e+01,3.586849138504661028e+01,3.707965540932700321e+01,3.838589094646864908e+01,3.978929515556869490e+01,4.129127696816966875e+01,4.289246741077987224e+01,4.459263281444005145e+01,4.639059282599227174e+01,4.828414522211708260e+01,5.026999957235513250e+01,5.234372179598194919e+01,5.449969160546162783e+01,5.673107472315405175e+01,5.902981159626158103e+01,6.138662411752016368e+01,6.379104158741736086e+01,6.623144683109205744e+01,6.869514301469510542e+01,7.116844129879781633e+01,7.363676902901860899e+01,7.608479770649461216e+01,7.849658951447810296e+01,8.085576071447866298e+01,8.314565977886120152e+01,8.534955770970250910e+01,8.745084761883104818e+01,8.943325032345995851e+01,9.128102245671585990e+01,9.297916341216286185e+01,9.451361734374020784e+01,9.587146643275504232e+01,9.704111171461195795e+01,9.801243793009625449e+01,9.877695912679175194e+01,9.932794208045726236e+01,9.966050502613583717e+01,9.977168967429427937e+01,9.966050502613583717e+01,9.932794208045726236e+01,9.877695912679175194e+01,9.801243793009625449e+01,9.704111171461195795e+01,9.587146643275504232e+01,9.451361734374020784e+01,9.297916341216286185e+01,9.128102245671585990e+01,8.943325032345995851e+01,8.745084761883104818e+01,8.534955770970250910e+01,8.314565977886120152e+01,8.085576071447866298e+01,7.849658951447810296e+01,7.608479770649461216e+01,7.363676902901860899e+01,7.116844129879781633e+01,6.869514301469510542e+01,6.623144683109205744e+01,6.379104158741736086e+01,6.138662411752016368e+01,5.902981159626158103e+01,5.673107472315405175e+01
2.501715882393202861e+01,2.502141815114262613e+01,2.502665531976817093e+01,2.503307449879452662e+01,2.504091759537599060e+01,2.505047012635424508e+01,2.506206776934174840e+01,2.507610362432956563e+01,2.509303620763173370e+01,2.511339818812409774e+01,2.513780586090129887e+01,2.516696933542203141e+01,2.520170339375349400e+01,2.524293894954356077e+01,2.529173500981736922e+01,2.534929100969662485e+01,2.541695935488883862e+01,2.549625796865465333e+01,2.558888259946654031e+01,2.569671860343736114e+01,2.582185187273249838e+01,2.596657853869331234e+01,2.613341303760033085e+01,2.632509408938755868e+01,2.654458810685184034e+01,2.679508952679265121e+01,2.708001753698074054e+01,2.740300866585679884e+01,2.776790470736466787e+01,2.817873547321364214e+01,2.863969590087214456e+01,2.915511709921167594e+01,2.972943098610674184e+01,3.036712826419391575e+01,3.107270959263162524e+01,3.185062994372010436e+01,3.270523628261140914e+01,3.364069887431480765e+01,3.466093670227574819e+01,3.576953767369807480e+01,3.696967448444821969e+01,3.826401721607377482e+01,3.965464393379138386e+01,4.114295074132776620e+01,4.272956291992149147e+01,4.441424892808525726e+01,4.619583915935275797e+01,4.807215144085713376e+01,5.003992530032684272e+01,5.209476702775008761e+01,5.423110750629084009e+01,5.644217468195294884e+01,5.871998238127277858e+01,6.105533697082127986e+01,6.343786308304531474e+01,6.585604931328929013e+01,6.829731442781704231e+01,7.074809421916728525e+01,7.319394871174387163e+01,7.561968896716192035e+01,7.800952227677200312e+01,8.034721407013955741e+01,8.261626442580924845e+01,8.480009665737702562e+01,8.688225507642458467e+01,8.884660871627895062e+01,9.067755754776885624e+01,9.236023753959342741e+01,9.388072081912321210e+01,9.522620717976582227e+01,9.638520326133350125e+01,9.734768590041443304e+01,9.810524640614218583e+01,9.865121285786429439e+01,9.898074793734083698e+01,9.909092028920251494e+01,9.898074793734083698e+01,9.865121285786429439e+01,9.810524640614218583e+01,9.734768590041443304e+01,9.638520326133350125e+01,9.522620717976582227e+01,9.388072081912321210e+01,9.236023753959342741e+01,9.067755754776885624e+01,8.884660871627895062e+01,8.688225507642458467e+01,8.480009665737702562e+01,8.261626442580924845e+01,8.034721407013955741e+01,7.800952227677200312e+01,7.561968896716192035e+01,7.319394871174387163e+01,7.074809421916728525e+01,6.829731442781704231e+01,6.585604931328929013e+01,6.343786308304531474e+01,6.105533697082127986e+01,5.871998238127277858e+01,5.644217468195294884e+01
2.501689924005642496e+01,2.502109413087737622e+01,2.502625207003274355e+01,2.503257413777825136e+01,2.504029858162364164e+01,2.504970659902550167e+01,2.506112878936388810e+01,2.507495230569437439e+01,2.509162872775758046e+01,2.511168266605357502e+01,2.513572109217849260e+01,2.516444337284048061e+01,2.519865196383730677e+01,2.523926369567375616e+01,2.528732155439656282e+01,2.534400682971030960e+01,2.541065146772012540e+01,2.548875042808470326e+01,2.557997380548098931e+01,2.568617843378462240e+01,2.580941864915373074e+01,2.595195584636062236e+01,2.611626642253365560e+01,2.630504766542373574e+01,2.652122111103817659e+01,2.676793286977085984e+01,2.704855040288630974e+01,2.736665522432362607e+01,2.772603100820649402e+01,2.813064660203444234e+01,2.858463348099372681e+01,2.909225723163153887e+01,2.965788272442900109e+01,3.028593272531563940e+01,3.098083980611757937e+01,3.174699154296733994e+01,3.258866913881406902e+01,3.350997976963728320e+01,3.451478313131613618e+01,3.560661285210967719e+01,3.678859363038215946e+01,3.806335515388033741e+01,3.943294405022204785e+01,4.089873530245483835e+01,4.246134473237359686e+01,4.412054430132063487e+01,4.587518209698993132e+01,4.772310895908537276e+01,4.966111374074559848e+01,5.168486920133211981e+01,5.378889047529193590e+01,5.596650795830898062e+01,5.820985629416600204e+01,6.050988093349973695e+01,6.285636347045392824e+01,6.523796664838245363e+01,6.764229956625651141e+01,7.005600322004576697e+01,7.246485608647017784e+01,7.485389900999629731e+01,7.720757819884545370e+01,7.950990468407232470e+01,8.174462816002133536e+01,8.389542271741146351e+01,8.594608161445356131e+01,8.788071791861472093e+01,8.968396760268096557e+01,9.134119150291050460e+01,9.283867245174126026e+01,9.416380388797584544e+01,9.530526632645390350e+01,9.625318823720974137e+01,9.699928813859415300e+01,9.753699504478746007e+01,9.786154481796239679e+01,9.797005044917965222e+01,9.786154481796239679e+01,9.753699504478746007e+01,9.699928813859415300e+01,9.625318823720974137e+01,9.530526632645390350e+01,9.416380388797584544e+01,9.283867245174126026e+01,9.134119150291050460e+01,8.968396760268096557e+01,8.788071791861472093e+01,8.594608161445356131e+01,8.389542271741146351e+01,8.174462816002133536e+01,7.950990468407232470e+01,7.720757819884545370e+01,7.485389900999629731e+01,7.246485608647017784e+01,7.005600322004576697e+01,6.764229956625651141e+01,6.523796664838245363e+01,6.285636347045392824e+01,6.050988093349973695e+01,5.820985629416600204e+01,5.596650795830898062e+01
2.501654240675885532e+01,2.502064872100952186e+01,2.502569774849600392e+01,2.503188632359488608e+01,2.503944766313735926e+01,2.504865702699847319e+01,2.505983803383806219e+01,2.507336966184103844e+01,2.508969395548565018e+01,2.510932444793985141e+01,2.513285529438462618e+01,2.516097109415823141e+01,2.519445735892678684e+01,2.523421156000192767e+01,2.528125466041933223e+01,2.533674300654298861e+01,2.540198041997543399e+01,2.547843029378519830e+01,2.556772745802260260e+01,2.567168953887391325e+01,2.579232749447888651e+01,2.593185496947721802e+01,2.609269607101555621e+01,2.627749113268122727e+01,2.648910000123847652e+01,2.673060235587229272e+01,2.700529455273811763e+01,2.731668248086975126e+01,2.766846992080334289e+01,2.806454191645104501e+01,2.850894270547188114e+01,2.900584780507806215e+01,2.955952992000111479e+01,3.017431842793858010e+01,3.085455230542966376e+01,3.160452648341962245e+01,3.242843176577689945e+01,3.333028860403992866e+01,3.431387519527470431e+01,3.538265055395763170e+01,3.653967339936647818e+01,3.778751789248190107e+01,3.912818744567183415e+01,4.056302800874131265e+01,4.209264240019507497e+01,4.371680739649055170e+01,4.543439540834837942e+01,4.724330265573529886e+01,4.914038579626633663e+01,5.112140896048544647e+01,5.318100309767245903e+01,5.531263943451280340e+01,5.750861869450559283e+01,5.976007751822844938e+01,6.205701326499833925e+01,6.438832806826357569e+01,6.674189266515543295e+01,6.910463013163324320e+01,7.146261923679882955e+01,7.380121669286076269e+01,7.610519713173215450e+01,7.835890919707614444e+01,8.054644571406041109e+01,8.265182550062380074e+01,8.465918402593447922e+01,8.655296981553368596e+01,8.831814325895490470e+01,8.994037430346102724e+01,9.140623542422648029e+01,9.270338625195290660e+01,9.382074631632343653e+01,9.474865252814105077e+01,9.547899827210554236e+01,9.600535131103485753e+01,9.632304810351942592e+01,9.642926260081215162e+01,9.632304810351942592e+01,9.600535131103485753e+01,9.547899827210554236e+01,9.474865252814105077e+01,9.382074631632343653e+01,9.270338625195290660e+01,9.140623542422648029e+01,8.994037430346102724e+01,8.831814325895490470e+01,8.655296981553368596e+01,8.465918402593447922e+01,8.265182550062380074e+01,8.054644571406041109e+01,7.835890919707614444e+01,7.610519713173215450e+01,7.380121669286076269e+01,7.146261923679882955e+01,6.910463013163324320e+01,6.674189266515543295e+01,6.438832806826357569e+01,6.205701326499833925e+01,5.976007751822844938e+01,5.750861869450559283e+01,5.531263943451280340e+01
2.501609467007659404e+01,2.502008984285034643e+01,2.502500221338911501e+01,2.503102328855143455e+01,2.503837997292313844e+01,2.504734007619714475e+01,2.505821845797257197e+01,2.507138383901306256e+01,2.508726629942366060e+01,2.510636547308666167e+01,2.512925943378249016e+01,2.515661425148781305e+01,2.518919417721469145e+01,2.522787239132162185e+01,2.527364222346487566e+01,2.532762872234467366e+01,2.539110042033586367e+01,2.546548110231895379e+01,2.555236135004392040e+01,2.565350959383754414e+01,2.577088236325862169e+01,2.590663338845428143e+01,2.606312116570167348e+01,2.624291456533504885e+01,2.644879602952326891e+01,2.668376188287293971e+01,2.695101926238353940e+01,2.725397916671728638e+01,2.759624512990851031e+01,2.798159704329411213e+01,2.841396968322085570e+01,2.889742555237708999e+01,2.943612171049367277e+01,3.003427035635731102e+01,3.069609302779418414e+01,3.142576840917430658e+01,3.222737387609372206e+01,3.310482106257359902e+01,3.406178590502076986e+01,3.510163379624655278e+01,3.622734066825104549e+01,3.744141100978922054e+01,3.874579400888186598e+01,4.014179918586465590e+01,4.163001304336029307e+01,4.321021839959325206e+01,4.488131818460888667e+01,4.664126555927168738e+01,4.848700225888286042e+01,5.041440706200368282e+01,5.241825623660863442e+01,5.449219771712255067e+01,5.662874061561623051e+01,5.881926146830033275e+01,6.105402836590463522e+01,6.332224381666708979e+01,6.561210684827511841e+01,6.791089447663583201e+01,7.020506226280312490e+01,7.248036325412530800e+01,7.472198417223688693e+01,7.691469728031788122e+01,7.904302594703474938e+01,8.109142153690427790e+01,8.304444890839110371e+01,8.488697750315100166e+01,8.660437477272432716e+01,8.818269852149549592e+01,8.960888465394543800e+01,9.087092680513731580e+01,9.195804440869748930e+01,9.286083591654339386e+01,9.357141412697581018e+01,9.408352089770578175e+01,9.439261891070772492e+01,9.449595860705285588e+01,9.439261891070772492e+01,9.408352089770578175e+01,9.357141412697581018e+01,9.286083591654339386e+01,9.195804440869748930e+01,9.087092680513731580e+01,8.960888465394543800e+01,8.818269852149549592e+01,8.660437477272432716e+01,8.488697750315100166e+01,8.304444890839110371e+01,8.109142153690427790e+01,7.904302594703474938e+01,7.691469728031788122e+01,7.472198417223688693e+01,7.248036325412530800e+01,7.020506226280312490e+01,6.791089447663583201e+01,6.561210684827511841e+01,6.332224381666708979e+01,6.105402836590463522e+01,5.881926146830033275e+01,5.662874061561623051e+01,5.449219771712255067e+01
2.501556386032227763e+01,2.501942727042749581e+01,2.502417762868602935e+01,2.503000012597055246e+01,2.503711418344742867e+01,2.504577877832052479e+01,2.505629838597197079e+01,2.506902956658198889e+01,2.508438821601240676e+01,2.510285748998616739e+01,2.512499639713977118e+01,2.515144904015021865e+01,2.518295446467338650e+01,2.522035705317073351e+01,2.526461737482142311e+01,2.531682337369281299e+01,2.537820174536813056e+01,2.545012931763593400e+01,2.553414421411541113e+01,2.563195654147322600e+01,2.574545830200731089e+01,2.587673219483622589e+01,2.602805893192568121e+01,2.620192266106363377e+01,2.640101405817351932e+01,2.662823062767360227e+01,2.688667373368361879e+01,2.717964187853292657e+01,2.751061975001632476e+01,2.788326257688474286e+01,2.830137536471885440e+01,2.876888663296636395e+01,2.928981633958195729e+01,2.986823776306428968e+01,3.050823321294560486e+01,3.121384355862902993e+01,3.198901170195448884e+01,3.283752026942179469e+01,3.376292396333408874e+01,3.476847718427215739e+01,3.585705771660546759e+01,3.703108744987730461e+01,3.829245128697497336e+01,3.964241555964034802e+01,4.108154742736509490e+01,4.260963687113034126e+01,4.422562300286210757e+01,4.592752648913787539e+01,4.771238992826046399e+01,4.957622801860364348e+01,5.151398930926974629e+01,5.351953122878018831e+01,5.558560994219674001e+01,5.770388639160315591e+01,5.986494963065317165e+01,6.205835827391835124e+01,6.427270055067785393e+01,6.649567308681082523e+01,6.871417814530883561e+01,7.091443864468874381e+01,7.308212985544091111e+01,7.520252625863486173e+01,7.726066164948429105e+01,7.924150019378387810e+01,8.113011580819238588e+01,8.291187694726366431e+01,8.457263365083687745e+01,8.609890354343527008e+01,8.747805338952647958e+01,8.869847279971025955e+01,8.974973675573923515e+01,9.062275377698821899e+01,9.130989678536263909e+01,9.180511403503628287e+01,9.210401785085612403e+01,9.220394935563436434e+01,9.210401785085612403e+01,9.180511403503628287e+01,9.130989678536263909e+01,9.062275377698821899e+01,8.974973675573923515e+01,8.869847279971025955e+01,8.747805338952647958e+01,8.609890354343527008e+01,8.457263365083687745e+01,8.291187694726366431e+01,8.113011580819238588e+01,7.924150019378387810e+01,7.726066164948429105e+01,7.520252625863486173e+01,7.308212985544091111e+01,7.091443864468874381e+01,6.871417814530883561e+01,6.649567308681082523e+01,6.427270055067785393e+01,6.205835827391835124e+01,5.986494963065317165e+01,5.770388639160315591e+01,5.558560994219674001e+01,5.351953122878018831e+01
2.501495906445754258e+01,2.501867234635503934e+01,2.502323811049801705e+01,2.502883435142922153e+01,2.503567196383049165e+01,2.504399986131358702e+01,2.505411068765534921e+01,2.506634714746816783e+01,2.508110897532147376e+01,2.509886055199567778e+01,2.512013916361726018e+01,2.514556388368488626e+01,2.517584503928801709e+01,2.521179420103999291e+01,2.525433461137356872e+01,2.530451193795042286e+01,2.536350520820457533e+01,2.543263774778978714e+01,2.551338791039765752e+01,2.560739934968006182e+01,2.571649054663995315e+01,2.584266326881539300e+01,2.598810960201271669e+01,2.615521716255027229e+01,2.634657206940752516e+01,2.656495923291271311e+01,2.681335950131381196e+01,2.709494320047706495e+01,2.741305960675533626e+01,2.777122191040862731e+01,2.817308725835062688e+01,2.862243151173813516e+01,2.912311841702708648e+01,2.967906296923499099e+01,3.029418884347611041e+01,3.097237988505708728e+01,3.171742577864172929e+01,3.253296216169132293e+01,3.342240560437412711e+01,3.438888404455710912e+01,3.543516343882087938e+01,3.656357156453151447e+01,3.777592007915723826e+01,3.907342610606970368e+01,4.045663476551658988e+01,4.192534419960558978e+01,4.347853474529988915e+01,4.511430398407109976e+01,4.682980943585964440e+01,4.862122066382831065e+01,5.048368251135028828e+01,5.241129110105951128e+01,5.439708408611433299e+01,5.643304645595175373e+01,5.851013296407849396e+01,6.061830796673941535e+01,6.274660314307755016e+01,6.488319321564192421e+01,6.701548941223208544e+01,6.913025001481176446e+01,7.121370693836639987e+01,7.325170688273207986e+01,7.522986521469778154e+01,7.713373037736218407e+01,7.894895629988069174e+01,8.066148000385908290e+01,8.225770138227159123e+01,8.372466197111111796e+01,8.505021944959575819e+01,8.622321459631022833e+01,8.723362749866822696e+01,8.807271996178300810e+01,8.873316128809776160e+01,8.920913489650581596e+01,8.949642361247140343e+01,8.959247188008377805e+01,8.949642361247140343e+01,8.920913489650581596e+01,8.873316128809776160e+01,8.807271996178300810e+01,8.723362749866822696e+01,8.622321459631022833e+01,8.505021944959575819e+01,8.372466197111111796e+01,8.225770138227159123e+01,8.066148000385908290e+01,7.894895629988069174e+01,7.713373037736218407e+01,7.522986521469778154e+01,7.325170688273207986e+01,7.121370693836639987e+01,6.913025001481176446e+01,6.701548941223208544e+01,6.488319321564192421e+01,6.274660314307755016e+01,6.061830796673941535e+01,5.851013296407849396e+01,5.643304645595175373e+01,5.439708408611433299e+01,5.241129110105951128e+01
2.501429036775890324e+01,2.501783765937318194e+01,2.502219932576540629e+01,2.502754540480673384e+01,2.503407736381288373e+01,2.504203298951592416e+01,2.505169184399711568e+01,2.506338131236517697e+01,2.507748326034569075e+01,2.509444131007498413e+01,2.511476873003726240e+01,2.513905692004839665e+01,2.516798445431776798e+01,2.520232662481366859e+01,2.524296540339550177e+01,2.529089971452685859e+01,2.534725588102543625e+01,2.541329807354246029e+01,2.549043856073889813e+01,2.558024752203473895e+01,2.568446214910854764e+01,2.580499472694097207e+01,2.594393935121697581e+01,2.610357690757303928e+01,2.628637791088592479e+01,2.649500278105548645e+01,2.673229911712898144e+01,2.700129552578650305e+01,2.730519156479081033e+01,2.764734337856957680e+01,2.803124463308655123e+01,2.846050240181151025e+01,2.893880771488466763e+01,2.946990056010628933e+01,3.005752921735767913e+01,3.070540391717551643e+01,3.141714493860131441e+01,3.219622539965705244e+01,3.304590914376804278e+01,3.396918428443384386e+01,3.496869313507280452e+01,3.604665941727631662e+01,3.720481380421237816e+01,3.844431901168037058e+01,3.976569579208654659e+01,4.116875131094421647e+01,4.265251148596186681e+01,4.421515894009166914e+01,4.585397825717149800e+01,4.756531022768076866e+01,4.934451672910046938e+01,5.118595779784840261e+01,5.308298231632863207e+01,5.502793355915819973e+01,5.701217061839640365e+01,5.902610646135355665e+01,6.105926307055835167e+01,6.310034377942395878e+01,6.513732255618300826e+01,6.715754961106856058e+01,6.914787231687242297e+01,7.109477005103693159e+01,7.298450119895477428e+01,7.480326021393588576e+01,7.653734231993317394e+01,7.817331317861555817e+01,7.969818063184973767e+01,8.109956548194071502e+01,8.236586819136982740e+01,8.348642837570059783e+01,8.445167403020116126e+01,8.525325757278612571e+01,8.588417600107442240e+01,8.633887274544565571e+01,8.661331914654132902e+01,8.670507388633018309e+01,8.661331914654132902e+01,8.633887274544565571e+01,8.588417600107442240e+01,8.525325757278612571e+01,8.445167403020116126e+01,8.348642837570059783e+01,8.236586819136982740e+01,8.109956548194071502e+01,7.969818063184973767e+01,7.817331317861555817e+01,7.653734231993317394e+01,7.480326021393588576e+01,7.298450119895477428e+01,7.109477005103693159e+01,6.914787231687242297e+01,6.715754961106856058e+01,6.513732255618300826e+01,6.310034377942395878e+01,6.105926307055835167e+01,5.902610646135355665e+01,5.701217061839640365e+01,5.502793355915819973e+01,5.308298231632863207e+01,5.118595779784840261e+01
2.501356857501956199e+01,2.501693669634412132e+01,2.502107805915938954e+01,2.502615411288708458e+01,2.503235614892247085e+01,2.503990994361834410e+01,2.504908093864395724e+01,2.506017998320087514e+01,2.507356965534393822e+01,2.508967117028178961e+01,2.510897187180085766e+01,2.513203328868077691e+01,2.515949972099986809e+01,2.519210730147433708e+01,2.523069345441273015e+01,2.527620664956416618e+01,2.532971632026346498e+01,2.539242278511740381e+01,2.546566698045437960e+01,2.555093977744116529e+01,2.564989062387445529e+01,2.576433521705865459e+01,2.589626188191855860e+01,2.604783629874957995e+01,2.622140419909675657e+01,2.641949162760804981e+01,2.664480235383999585e+01,2.690021201246043603e+01,2.718875855464499836e+01,2.751362860919230258e+01,2.787813938035644412e+01,2.828571575179342545e+01,2.873986232325896850e+01,2.924413017936447901e+01,2.980207827797737963e+01,3.041722944945628271e+01,3.109302111602817575e+01,3.183275097186220393e+01,3.263951800678952253e+01,3.351615940756903456e+01,3.446518402690816885e+01,3.548870326835825750e+01,3.658836039044908972e+01,3.776525938132265026e+01,3.901989469068173833e+01,4.035208322392423952e+01,4.176090009871883524e+01,4.324461973198549458e+01,4.480066386062230777e+01,4.642555809826436075e+01,4.811489858950277210e+01,4.986333023989466540e+01,5.166453787340068970e+01,5.351125149847725027e+01,5.539526665113777426e+01,5.730748053049872937e+01,5.923794435367938860e+01,6.117593203786384493e+01,6.311002497458961358e+01,6.502821230281163878e+01,6.691800572187941043e+01,6.876656752288461405e+01,7.056085016696481205e+01,7.228774541232326101e+01,7.393424069797765696e+01,7.548758024111273812e+01,7.693542810501418217e+01,7.826603035336351866e+01,7.946837333013239402e+01,8.053233509665523115e+01,8.144882712095859745e+01,8.220992344930417062e+01,8.280897479422979757e+01,8.324070524310559449e+01,8.350128962028475144e+01,8.358840991636317597e+01,8.350128962028475144e+01,8.324070524310559449e+01,8.280897479422979757e+01,8.220992344930417062e+01,8.144882712095859745e+01,8.053233509665523115e+01,7.946837333013239402e+01,7.826603035336351866e+01,7.693542810501418217e+01,7.548758024111273812e+01,7.393424069797765696e+01,7.228774541232326101e+01,7.056085016696481205e+01,6.876656752288461405e+01,6.691800572187941043e+01,6.502821230281163878e+01,6.311002497458961358e+01,6.117593203786384493e+01,5.923794435367938860e+01,5.730748053049872937e+01,5.539526665113777426e+01,5.351125149847725027e+01,5.166453787340068970e+01,4.986333023989466540e+01
2.501280492201523487e+01,2.501598348209517653e+01,2.501989176485956889e+01,2.502468213319482970e+01,2.503053511242472595e+01,2.503766377198258652e+01,2.504631861421442096e+01,2.505679299341710475e+01,2.506942908138908166e+01,2.508462438692478713e+01,2.510283882561379798e+01,2.512460232283310546e+01,2.515052291680673591e+01,2.518129530996365517e+01,2.521770979553283354e+01,2.526066146243508470e+01,2.531115955522506056e+01,2.537033683737504930e+01,2.543945877597262850e+01,2.551993233446073361e+01,2.561331412806052654e+01,2.572131766481191661e+01,2.584581936471968078e+01,2.598886302142114957e+01,2.615266234633845599e+01,2.633960121579447033e+01,2.655223122848461514e+01,2.679326617547485156e+01,2.706557302900316131e+01,2.737215907120485170e+01,2.771615481075316367e+01,2.810079237541855690e+01,2.852937912256921393e+01,2.900526627821472658e+01,2.953181249850595336e+01,3.011234234537734977e+01,3.075009977948704076e+01,3.144819689747043157e+01,3.220955827490431034e+01,3.303686141883258642e+01,3.393247398121722114e+01,3.489838853370105198e+01,3.593615585057646911e+01,3.704681778642613210e+01,3.823084096282783406e+01,3.948805258992722145e+01,4.081757983869780304e+01,4.221779424360512678e+01,4.368626264877937615e+01,4.521970620980314237e+01,4.681396892466477766e+01,4.846399708900510461e+01,5.016383095122299096e+01,5.190660968218693938e+01,5.368459057336845319e+01,5.548918313864302831e+01,5.731099852260399530e+01,5.913991431712889124e+01,6.096515456448641856e+01,6.277538438693190415e+01,6.455881833789470647e+01,6.630334122759326476e+01,6.799663984573240327e+01,6.962634369550434599e+01,7.118017257590375380e+01,7.264608861235953441e+01,7.401245014704225866e+01,7.526816476695245228e+01,7.640283867566418508e+01,7.740691960736685928e+01,7.827183054177757526e+01,7.899009160578015099e+01,7.955542774047638943e+01,7.996285996688837372e+01,8.020877839408927912e+01,8.029099547256812741e+01,8.020877839408927912e+01,7.996285996688837372e+01,7.955542774047638943e+01,7.899009160578015099e+01,7.827183054177757526e+01,7.740691960736685928e+01,7.640283867566418508e+01,7.526816476695245228e+01,7.401245014704225866e+01,7.264608861235953441e+01,7.118017257590375380e+01,6.962634369550434599e+01,6.799663984573240327e+01,6.630334122759326476e+01,6.455881833789470647e+01,6.277538438693190415e+01,6.096515456448641856e+01,5.913991431712889124e+01,5.731099852260399530e+01,5.548918313864302831e+01,5.368459057336845319e+01,5.190660968218693938e+01,5.016383095122299096e+01,4.846399708900510461e+01
2.501201078791927301e+01,2.501499222044681403e+01,2.501865811980612264e+01,2.502315139966066226e+01,2.502864138953663087e+01,2.503532794475315626e+01,2.504344603203222164e+01,2.505327081245960841e+01,2.506512323706477829e+01,2.507937616199011188e+01,2.509646097983609181e+01,2.511687475113214774e+01,2.514118780486167282e+01,2.517005175948291296e+01,2.520420789591548427e+01,2.524449579156438972e+01,2.529186209977824973e+01,2.534736933244213120e+01,2.541220447505968849e+01,2.548768723418620041e+01,2.557527768706939142e+01,2.567658307361597636e+01,2.579336344224312327e+01,2.592753583484296698e+01,2.608117667315194410e+01,2.625652199054109559e+01,2.645596514096832408e+01,2.668205161193537123e+01,2.693747057214469720e+01,2.722504279847394670e+01,2.754770465209024977e+01,2.790848781105715659e+01,2.831049451745589707e+01,2.875686816136903445e+01,2.925075910221879738e+01,2.979528571966199024e+01,3.039349079079924820e+01,3.104829340663538773e+01,3.176243676677481531e+01,3.253843232495528071e+01,3.337850089638737217e+01,3.428451147764816653e+01,3.525791866729857560e+01,3.629969970631052689e+01,3.741029227738155782e+01,3.858953430671746787e+01,3.983660709629619845e+01,4.114998317456065280e+01,4.252738028480584376e+01,4.396572292958859407e+01,4.546111285332450791e+01,4.700880977167652475e+01,4.860322354419349722e+01,5.023791883581044715e+01,5.190563312435449461e+01,5.359830868742472632e+01,5.530713894650696716e+01,5.702262926375452423e+01,5.873467198347191243e+01,6.043263519298349706e+01,6.210546435411063015e+01,6.374179563543786742e+01,6.533007946584845627e+01,6.685871254050077539e+01,6.831617625040175312e+01,6.969117928442119592e+01,7.097280197564884929e+01,7.215063983900536471e+01,7.321494367926717928e+01,7.415675364188297181e+01,7.496802463517030901e+01,7.564174067187408923e+01,7.617201585893572258e+01,7.655418000308972637e+01,7.678484709118578166e+01,7.686196524089227466e+01,7.678484709118578166e+01,7.655418000308972637e+01,7.617201585893572258e+01,7.564174067187408923e+01,7.496802463517030901e+01,7.415675364188297181e+01,7.321494367926717928e+01,7.215063983900536471e+01,7.097280197564884929e+01,6.969117928442119592e+01,6.831617625040175312e+01,6.685871254050077539e+01,6.533007946584845627e+01,6.374179563543786742e+01,6.210546435411063015e+01,6.043263519298349706e+01,5.873467198347191243e+01,5.702262926375452423e+01,5.530713894650696716e+01,5.359830868742472632e+01,5.190563312435449461e+01,5.023791883581044715e+01,4.860322354419349722e+01,4.700880977167652475e+01
2.501119741880598468e+01,2.501397694908135350e+01,2.501739459417696665e+01,2.502158358966018881e+01,2.502670179808206896e+01,2.503293554058356207e+01,2.504050387196849670e+01,2.504966331944702063e+01,2.506071309928348612e+01,2.507400081784715695e+01,2.508992865388349358e+01,2.510896000704265774e+01,2.513162658369788716e+01,2.515853587478380504e+01,2.519037896176531177e+01,2.522793856596652162e+01,2.527209723348515524e+01,2.532384552302919900e+01,2.538429003758678348e+01,2.545466111334398107e+01,2.553631995129291354e+01,2.563076494924712989e+01,2.573963696535667367e+01,2.586472321966732224e+01,2.600795951888525437e+01,2.617143047247057552e+01,2.635736735673901521e+01,2.656814327908485751e+01,2.680626529802947999e+01,2.707436316777962659e+01,2.737517439947738040e+01,2.771152536631246122e+01,2.808630822690546935e+01,2.850245350134065703e+01,2.896289820707909968e+01,2.947054954748229960e+01,3.002824424315161167e+01,3.063870370460009696e+01,3.130448536228490752e+01,3.202793059459870761e+01,3.281110982341316173e+01,3.365576547708192834e+01,3.456325364892634155e+01,3.553448540127723021e+01,3.656986877701250194e+01,3.766925267795582499e+01,3.883187384821669497e+01,4.005630825642816717e+01,4.134042820003479335e+01,4.268136645391037121e+01,4.407548875186979842e+01,4.551837582106117708e+01,4.700481608467235617e+01,4.852881000775494158e+01,5.008358688526411129e+01,5.166163466279077454e+01,5.325474314225853334e+01,5.485406066155369587e+01,5.645016405420876993e+01,5.803314139939575966e+01,5.959268677093188415e+01,6.111820589469834886e+01,6.259893133514529495e+01,6.402404556183944351e+01,6.538281000460321479e+01,6.666469799853817335e+01,6.785952935526381680e+01,6.895760418017894722e+01,6.994983349238805204e+01,7.082786419761220031e+01,7.158419601681022471e+01,7.221228808454003456e+01,7.270665309971300871e+01,7.306293713398990519e+01,7.327798347462370998e+01,7.334987919250752952e+01,7.327798347462370998e+01,7.306293713398990519e+01,7.270665309971300871e+01,7.221228808454003456e+01,7.158419601681022471e+01,7.082786419761220031e+01,6.994983349238805204e+01,6.895760418017894722e+01,6.785952935526381680e+01,6.666469799853817335e+01,6.538281000460321479e+01,6.402404556183944351e+01,6.259893133514529495e+01,6.111820589469834886e+01,5.959268677093188415e+01,5.803314139939575966e+01,5.645016405420876993e+01,5.485406066155369587e+01,5.325474314225853334e+01,5.166163466279077454e+01,5.008358688526411129e+01,4.852881000775494158e+01,4.700481608467235617e+01,4.551837582106117708e+01
2.501037567138462236e+01,2.501295121966414214e+01,2.501611805329212146e+01,2.501999963004821481e+01,2.502474222738993959e+01,2.503051849286794805e+01,2.503753140546330513e+01,2.504601866656772202e+01,2.505625753379614906e+01,2.506857010365325422e+01,2.508332904010500286e+01,2.510096373519014179e+01,2.512196687483008262e+01,2.514690136788944130e+01,2.517640757928661088e+01,2.521121078860480580e+01,2.525212877433837377e+01,2.530007940084689011e+01,2.535608806060311693e+01,2.542129479884253129e+01,2.549696092180251838e+01,2.558447486404877935e+01,2.568535706571564958e+01,2.580126358774077033e+01,2.593398817336046491e+01,2.608546244834473882e+01,2.625775394184665856e+01,2.645306160550946117e+01,2.667370851180283253e+01,2.692213142458677311e+01,2.720086695667482601e+01,2.751253406158965475e+01,2.785981265047504962e+01,2.824541818069729615e+01,2.867207213017510270e+01,2.914246835070145281e+01,2.965923538384288349e+01,3.022489492336431738e+01,3.084181671701495731e+01,3.151217031593962403e+01,3.223787419950754440e+01,3.302054292410188907e+01,3.386143306312709456e+01,3.476138881858353358e+01,3.572078828821725693e+01,3.673949146252681430e+01,3.781679109884856871e+01,3.895136767151679180e+01,4.014124962414850017e+01,4.138378014929450899e+01,4.267559168945660986e+01,4.401258928992562147e+01,4.538994383701600555e+01,4.680209608496194562e+01,4.824277221192971865e+01,4.970501145228893591e+01,5.118120613156412446e+01,5.266315418650373914e+01,5.414212399061752023e+01,5.560893103137775029e+01,5.705402570585902566e+01,5.846759122425291366e+01,5.983965034315569653e+01,6.116017940060448410e+01,6.241922790021845913e+01,6.360704169975687705e+01,6.471418770654905472e+01,6.573167787427905751e+01,6.665109023707890401e+01,6.746468471102529918e+01,6.816551144169440590e+01,6.874750957956597119e+01,6.920559452131578837e+01,6.953573186129527528e+01,6.973499654912575352e+01,6.980161604024678468e+01,6.973499654912575352e+01,6.953573186129527528e+01,6.920559452131578837e+01,6.874750957956597119e+01,6.816551144169440590e+01,6.746468471102529918e+01,6.665109023707890401e+01,6.573167787427905751e+01,6.471418770654905472e+01,6.360704169975687705e+01,6.241922790021845913e+01,6.116017940060448410e+01,5.983965034315569653e+01,5.846759122425291366e+01,5.705402570585902566e+01,5.560893103137775029e+01,5.414212399061752023e+01,5.266315418650373914e+01,5.118120613156412446e+01,4.970501145228893591e+01,4.824277221192971865e+01,4.680209608496194562e+01,4.538994383701600555e+01,4.401258928992562147e+01
2.500955578473593732e+01,2.501192781291838330e+01,2.501484440301859991e+01,2.501841925716945880e+01,2.502278709396832568e+01,2.502810691833817813e+01,2.503456566983955156e+01,2.504238226667507661e+01,2.505181205753369156e+01,2.506315168682024108e+01,2.507674437055474570e+01,2.509298557017169173e+01,2.511232903949894535e+01,2.513529320628318686e+01,2.516246783373932416e+01,2.519452088978130178e+01,2.523220553196047078e+01,2.527636709489776834e+01,2.532794994444446246e+01,2.538800403934110150e+01,2.545769101727298178e+01,2.553828959855977487e+01,2.563120007799581401e+01,2.573794765440853638e+01,2.586018432925427391e+01,2.599968909103067105e+01,2.615836609251875089e+01,2.633824052397064364e+01,2.654145188842412750e+01,2.677024439640160480e+01,2.702695421730418346e+01,2.731399335467056488e+01,2.763382995278288590e+01,2.798896489327955805e+01,2.838190460260670278e+01,2.881513006410410682e+01,2.929106211170608987e+01,2.981202317466993534e+01,3.038019574302740367e+01,3.099757792976271986e+01,3.166593661580270691e+01,3.238675877511462886e+01,3.316120168653976918e+01,3.399004284314727897e+01,3.487363046535936917e+01,3.581183560724019799e+01,3.680400691251608691e+01,3.784892912457880243e+01,3.894478647963896378e+01,4.008913211145263489e+01,4.127886456727080144e+01,4.251021247613790166e+01,4.377872832144188209e+01,4.507929214960448405e+01,4.640612589685591161e+01,4.775281883800118976e+01,4.911236445780529891e+01,5.047720882092116312e+01,5.183931027490600485e+01,5.319021006838212884e+01,5.452111320905588343e+01,5.582297863088638223e+01,5.708661749329743884e+01,5.830279820515317368e+01,5.946235655934776076e+01,6.055630918699051790e+01,6.157596839938986477e+01,6.251305638659917463e+01,6.335981668738276795e+01,6.410912084006659484e+01,6.475456816845736796e+01,6.529057675200405697e+01,6.571246377327415189e+01,6.601651362577956661e+01,6.620003239693146213e+01,6.626138760882778911e+01,6.620003239693146213e+01,6.601651362577956661e+01,6.571246377327415189e+01,6.529057675200405697e+01,6.475456816845736796e+01,6.410912084006659484e+01,6.335981668738276795e+01,6.251305638659917463e+01,6.157596839938986477e+01,6.055630918699051790e+01,5.946235655934776076e+01,5.830279820515317368e+01,5.708661749329743884e+01,5.582297863088638223e+01,5.452111320905588343e+01,5.319021006838212884e+01,5.183931027490600485e+01,5.047720882092116312e+01,4.911236445780529891e+01,4.775281883800118976e+01,4.640612589685591161e+01,4.507929214960448405e+01,4.377872832144188209e+01,4.251021247613790166e+01
2.500874718617346915e+01,2.501091849629544583e+01,2.501358828818625213e+01,2.501686064264637110e+01,2.502085887855381685e+01,2.502572854603369024e+01,2.503164076605453658e+01,2.503879593223425815e+01,2.504742778597485042e+01,2.505780787000233545e+01,2.507025035782603695e+01,2.508511724742806592e+01,2.510282389655443325e+01,2.512384486424377172e+01,2.514872000868476931e+01,2.517806077518126173e+01,2.521255659003382021e+01,2.525298125670418514e+01,2.530019922998545212e+01,2.535517162242169675e+01,2.541896177536897738e+01,2.549274020543153085e+01,2.557778871620815764e+01,2.567550344610755175e+01,2.578739660628732722e+01,2.591509664946166680e+01,2.606034660138287862e+01,2.622500028323484855e+01,2.641101615598203978e+01,2.662044852785704663e+01,2.685543588452576813e+01,2.711818612880174939e+01,2.741095855368241985e+01,2.773604241932730474e+01,2.809573206150894364e+01,2.849229852585740375e+01,2.892795779836480108e+01,2.940483578722701097e+01,2.992493030289679012e+01,3.049007038053464669e+01,3.110187338981148741e+01,3.176170047881574021e+01,3.247061099889937452e+01,3.322931665263964618e+01,3.403813619448186500e+01,3.489695158973411537e+01,3.580516659907657129e+01,3.676166879939649590e+01,3.776479607456717957e+01,3.881230860910843461e+01,3.990136739132694998e+01,4.102852017896437076e+01,4.218969579870619668e+01,4.338020754104765331e+01,4.459476627475418553e+01,4.582750374218535683e+01,4.707200631066923791e+01,4.832135924942775773e+01,4.956820138059802616e+01,5.080478972177311903e+01,5.202307350191611590e+01,5.321477669869591409e+01,5.437148801974246481e+01,5.548475703962510863e+01,5.654619501499072953e+01,5.754757873839774618e+01,5.848095566251463850e+01,5.933874843532752408e+01,6.011385693765735283e+01,6.079975590934834884e+01,6.139058629142784440e+01,6.188123849848613389e+01,6.226742596724964329e+01,6.254574750120792714e+01,6.271373714328882443e+01,6.276990055383025435e+01,6.271373714328882443e+01,6.254574750120792714e+01,6.226742596724964329e+01,6.188123849848613389e+01,6.139058629142784440e+01,6.079975590934834884e+01,6.011385693765735283e+01,5.933874843532752408e+01,5.848095566251463850e+01,5.754757873839774618e+01,5.654619501499072953e+01,5.548475703962510863e+01,5.437148801974246481e+01,5.321477669869591409e+01,5.202307350191611590e+01,5.080478972177311903e+01,4.956820138059802616e+01,4.832135924942775773e+01,4.707200631066923791e+01,4.582750374218535683e+01,4.459476627475418553e+01,4.338020754104765331e+01,4.218969579870619668e+01,4.102852017896437076e+01
2.500795833552709624e+01,2.500993382960500711e+01,2.501236285069055398e+01,2.501534009322783803e+01,2.501897775478401442e+01,2.502340825928473578e+01,2.502878729543451186e+01,2.503529718468130483e+01,2.504315058884192524e+01,2.505259456200677448e+01,2.506391494446223689e+01,2.507744108799581184e+01,2.509355089199604549e+01,2.511267611817259748e+01,2.513530793848835643e+01,2.516200265605472808e+01,2.519338752239150736e+01,2.523016655676367037e+01,2.527312625452585237e+01,2.532314105186281949e+01,2.538117839443350476e+01,2.544830323772094260e+01,2.552568178796754594e+01,2.561458427512822666e+01,2.571638653407620723e+01,2.583257015818705682e+01,2.596472098129284234e+01,2.611452564075282368e+01,2.628376597693975825e+01,2.647431103366577787e+01,2.668810644077248284e+01,2.692716098497743715e+01,2.719353020864261339e+01,2.748929691875268233e+01,2.781654854016948519e+01,2.817735130799570697e+01,2.857372136315931144e+01,2.900759289231035964e+01,2.948078353664080709e+01,2.999495738277345680e+01,3.055158594054665855e+01,3.115190760513973345e+01,3.179688619203949784e+01,3.248716922009293739e+01,3.322304669739821037e+01,3.400441123402860910e+01,3.483072036152999118e+01,3.570096197884451783e+01,3.661362386506377220e+01,3.756666819879507102e+01,3.855751199996086598e+01,3.958301436111179328e+01,4.063947126102520713e+01,4.172261865341033626e+01,4.282764439866292605e+01,4.394920945833838033e+01,4.508147860271385809e+01,4.621816069467159593e+01,4.735255841210771166e+01,4.847762706079097228e+01,4.958604191527336980e+01,5.067027331273138913e+01,5.172266851940931076e+01,5.273553919764171383e+01,5.370125312914368010e+01,5.461232870295698660e+01,5.546153055919507580e+01,5.624196469691454325e+01,5.694717130954558826e+01,5.757121360682319988e+01,5.810876091940381372e+01,5.855516446146209120e+01,5.890652424640658325e+01,5.915974580905881908e+01,5.931258558064292430e+01,5.936368398606963126e+01,5.931258558064292430e+01,5.915974580905881908e+01,5.890652424640658325e+01,5.855516446146209120e+01,5.810876091940381372e+01,5.757121360682319988e+01,5.694717130954558826e+01,5.624196469691454325e+01,5.546153055919507580e+01,5.461232870295698660e+01,5.370125312914368010e+01,5.273553919764171383e+01,5.172266851940931076e+01,5.067027331273138913e+01,4.958604191527336980e+01,4.847762706079097228e+01,4.735255841210771166e+01,4.621816069467159593e+01,4.508147860271385809e+01,4.394920945833838033e+01,4.282764439866292605e+01,4.172261865341033626e+01,4.063947126102520713e+01,3.958301436111179328e+01
2.500719661025508600e+01,2.500898302160850761e+01,2.501117955102028745e+01,2.501387182933687114e+01,2.501716131523132347e+01,2.502116775778662117e+01,2.502603194409620357e+01,2.503191874486671864e+01,2.503902046717124463e+01,2.504756051852940857e+01,2.505779738026929238e+01,2.507002888055399836e+01,2.508459674845562049e+01,2.510189141998139206e+01,2.512235705499025684e+01,2.514649671051756030e+01,2.517487760124084417e+01,2.520813636182384343e+01,2.524698420889162520e+01,2.529221188271811371e+01,2.534469423072921046e+01,2.540539427710557518e+01,2.547536660565749500e+01,2.555575986736716132e+01,2.564781821025073683e+01,2.575288141824220745e+01,2.587238353844599459e+01,2.600784977317042390e+01,2.616089141546236618e+01,2.633319861520552152e+01,2.652653077794681025e+01,2.674270442110282175e+01,2.698357834255804732e+01,2.725103599520966924e+01,2.754696500783587965e+01,2.787323384761537426e+01,2.823166568227316020e+01,2.862400956943992725e+01,2.905190917633697012e+01,2.951686931296058347e+01,3.002022064484466313e+01,3.056308303523412562e+01,3.114632804884155348e+01,3.177054122780182155e+01,3.243598482233624480e+01,3.314256172125301703e+01,3.388978137800168611e+01,3.467672856391073566e+01,3.550203579900141904e+01,3.636386031021109488e+01,3.725986634518908147e+01,3.818721362575374201e+01,3.914255265790275473e+01,4.012202752488570923e+01,4.112128667692106632e+01,4.213550209705820748e+01,4.315939706959191824e+01,4.418728260820786602e+01,4.521310241925387174e+01,4.623048608537635573e+01,4.723280996095290618e+01,4.821326507839117426e+01,4.916493117879560515e+01,5.008085580715854235e+01,5.095413725643444991e+01,5.177801001165309458e+01,5.254593123920547271e+01,5.325166679154652627e+01,5.388937515696233049e+01,5.445368777998572085e+01,5.493978421172576532e+01,5.534346062091268692e+01,5.566119030483308450e+01,5.589017498239378767e+01,5.602838582608362117e+01,5.607459339137918164e+01,5.602838582608362117e+01,5.589017498239378767e+01,5.566119030483308450e+01,5.534346062091268692e+01,5.493978421172576532e+01,5.445368777998572085e+01,5.388937515696233049e+01,5.325166679154652627e+01,5.254593123920547271e+01,5.177801001165309458e+01,5.095413725643444991e+01,5.008085580715854235e+01,4.916493117879560515e+01,4.821326507839117426e+01,4.723280996095290618e+01,4.623048608537635573e+01,4.521310241925387174e+01,4.418728260820786602e+01,4.315939706959191824e+01,4.213550209705820748e+01,4.112128667692106632e+01,4.012202752488570923e+01,3.914255265790275473e+01,3.818721362575374201e+01
2.500646823193673640e+01,2.500807383826510488e+01,2.501004805406777365e+01,2.501246784338144380e+01,2.501542439611443669e+01,2.501902534138871559e+01,2.502339721705221010e+01,2.502868820703213260e+01,2.503507115475164824e+01,2.504274685636369924e+01,2.505194763196372065e+01,2.506294116613765155e+01,2.507603460111210225e+01,2.509157885635634244e+01,2.510997313773018647e+01,2.513166958720973909e+01,2.515717801093459727e+01,2.518707060894311311e+01,2.522198661469730752e+01,2.526263673661575737e+01,2.530980727767435923e+01,2.536436379311932754e+01,2.542725413095685383e+01,2.549951068570377899e+01,2.558225168353143886e+01,2.567668130709291674e+01,2.578408846171319269e+01,2.590584398198397409e+01,2.604339607987947502e+01,2.619826384300736066e+01,2.637202860518242176e+01,2.656632303172222365e+01,2.678281778915091849e+01,2.702320570363930585e+01,2.728918335459283284e+01,2.758243009918794186e+01,2.790458457996424357e+01,2.825721883014640667e+01,2.864181015925062468e+01,2.905971107348908333e+01,2.951211755999996456e+01,3.000003613920727119e+01,3.052425016362131771e+01,3.108528591189313772e+01,3.168337909155679100e+01,3.231844242017097457e+01,3.299003500004194933e+01,3.369733423398681538e+01,3.443911104646053190e+01,3.521370917386771282e+01,3.601902926840217845e+01,3.685251852014469875e+01,3.771116644175339871e+01,3.859150737884566951e+01,3.948963020767379817e+01,4.040119556118529687e+01,4.132146078695964064e+01,4.224531268841377596e+01,4.316730793728194726e+01,4.408172087446675391e+01,4.498259824216582103e+01,4.586382021728519476e+01,4.671916694936579972e+01,4.754238965044704912e+01,4.832728514426296584e+01,4.906777266244506563e+01,4.975797158011491206e+01,5.039227871593860186e+01,5.096544378522820296e+01,5.147264159102350334e+01,5.190953956835841154e+01,5.227235936121368098e+01,5.255793120906112392e+01,5.276374004849003541e+01,5.288796239227004037e+01,5.292949322956287972e+01,5.288796239227004037e+01,5.276374004849003541e+01,5.255793120906112392e+01,5.227235936121368098e+01,5.190953956835841154e+01,5.147264159102350334e+01,5.096544378522820296e+01,5.039227871593860186e+01,4.975797158011491206e+01,4.906777266244506563e+01,4.832728514426296584e+01,4.754238965044704912e+01,4.671916694936579972e+01,4.586382021728519476e+01,4.498259824216582103e+01,4.408172087446675391e+01,4.316730793728194726e+01,4.224531268841377596e+01,4.132146078695964064e+01,4.040119556118529687e+01,3.948963020767379817e+01,3.859150737884566951e+01,3.771116644175339871e+01,3.685251852014469875e+01
2.500577823297418334e+01,2.500721256116786506e+01,2.500897617740190171e+01,2.501113783557055825e+01,2.501377899789417114e+01,2.501699581215277490e+01,2.502090131776310500e+01,2.502562789112458574e+01,2.503132993757965252e+01,2.503818683334166550e+01,2.504640611574837195e+01,2.505622691411922887e+01,2.506792360626859306e+01,2.508180967731395228e+01,2.509824174781023132e+01,2.511762372746582272e+01,2.514041103882509631e+01,2.516711484245894326e+01,2.519830618156813884e+01,2.523461994971545863e+01,2.527675857096787126e+01,2.532549526742277735e+01,2.538167677535331279e+01,2.544622535854005463e+01,2.552013995632206189e+01,2.560449629510819491e+01,2.570044578618399456e+01,2.580921303029311886e+01,2.593209175132563615e+01,2.607043898814334426e+01,2.622566738569793898e+01,2.639923544465328575e+01,2.659263561309923318e+01,2.680738013489087734e+01,2.704498460674147964e+01,2.730694924031741877e+01,2.759473787588414950e+01,2.790975484994414302e+01,2.825331987994772120e+01,2.862664119343981284e+01,2.903078719557134946e+01,2.946665703615019538e+01,2.993495050351878106e+01,3.043613773552694468e+01,3.097042929559587776e+01,3.153774721214302090e+01,3.213769762025799537e+01,3.276954567335312873e+01,3.343219340757811864e+01,3.412416124133873296e+01,3.484357377486010421e+01,3.558815051934770679e+01,3.635520213134611112e+01,3.714163265532581448e+01,3.794394818685881177e+01,3.875827226108810919e+01,3.958036814827521255e+01,4.040566810233615769e+01,4.122930946231781490e+01,4.204617735409085810e+01,4.285095358392416642e+01,4.363817116115577477e+01,4.440227373818267154e+01,4.513767911680982081e+01,4.583884584490692760e+01,4.650034182037279606e+01,4.711691373427944995e+01,4.768355612493951412e+01,4.819557878204450674e+01,4.864867123675915650e+01,4.903896310069998776e+01,4.936307907416342289e+01,4.961818753098279444e+01,4.980204170226140548e+01,4.991301262135963412e+01,4.995011315452507006e+01,4.991301262135963412e+01,4.980204170226140548e+01,4.961818753098279444e+01,4.936307907416342289e+01,4.903896310069998776e+01,4.864867123675915650e+01,4.819557878204450674e+01,4.768355612493951412e+01,4.711691373427944995e+01,4.650034182037279606e+01,4.583884584490692760e+01,4.513767911680982081e+01,4.440227373818267154e+01,4.363817116115577477e+01,4.285095358392416642e+01,4.204617735409085810e+01,4.122930946231781490e+01,4.040566810233615769e+01,3.958036814827521255e+01,3.875827226108810919e+01,3.794394818685881177e+01,3.714163265532581448e+01,3.635520213134611112e+01,3.558815051934770679e+01
2.500513046081744761e+01,2.500640399281761361e+01,2.500796989783151147e+01,2.500988922205823783e+01,2.501223429534869425e+01,2.501509048678031633e+01,2.501855816342050076e+01,2.502275486153568806e+01,2.502781767676790281e+01,2.503390587625613861e+01,2.504120373124460031e+01,2.504992356332178360e+01,2.506030899101813603e+01,2.507263835602034519e+01,2.508722829972932189e+01,2.510443745132148763e+01,2.512467017793290225e+01,2.514838033618238455e+01,2.517607495214169333e+01,2.520831774426276084e+01,2.524573239095538568e+01,2.528900543180556681e+01,2.533888867922576438e+01,2.539620100608086162e+01,2.546182936503631566e+01,2.553672888756841530e+01,2.562192190533314928e+01,2.571849573449801341e+01,2.582759906528651683e+01,2.595043680493228777e+01,2.608826323300591099e+01,2.624237334410897304e+01,2.641409227457315012e+01,2.660476273727964625e+01,2.681573042209370783e+01,2.704832735858331461e+01,2.730385328235247755e+01,2.758355509594610311e+01,2.788860456912480146e+01,2.822007448038427313e+01,2.857891346069672167e+01,2.896591986015965858e+01,2.938171501693775411e+01,2.982671636380472435e+01,3.030111085884734834e+01,3.080482927153254380e+01,3.133752189140398414e+01,3.189853625227664935e+01,3.248689747817407891e+01,3.310129185685423892e+01,3.374005423132105363e+01,3.440115976829810052e+01,3.508222061473684761e+01,3.578048788899683785e+01,3.649285937283114123e+01,3.721589317472241731e+01,3.794582752597519004e+01,3.867860675032777351e+01,3.940991331825166810e+01,4.013520576154651565e+01,4.084976208567191236e+01,4.154872818012283631e+01,4.222717059486484459e+01,4.288013292726711256e+01,4.350269495290234545e+01,4.409003353862390640e+01,4.463748430074613793e+01,4.514060291776536360e+01,4.559522497811828146e+01,4.599752324057678265e+01,4.634406120889052261e+01,4.663184197328551761e+01,4.685835134868780472e+01,4.702159444153011236e+01,4.712012490142214460e+01,4.715306625781295224e+01,4.712012490142214460e+01,4.702159444153011236e+01,4.685835134868780472e+01,4.663184197328551761e+01,4.634406120889052261e+01,4.599752324057678265e+01,4.559522497811828146e+01,4.514060291776536360e+01,4.463748430074613793e+01,4.409003353862390640e+01,4.350269495290234545e+01,4.288013292726711256e+01,4.222717059486484459e+01,4.154872818012283631e+01,4.084976208567191236e+01,4.013520576154651565e+01,3.940991331825166810e+01,3.867860675032777351e+01,3.794582752597519004e+01,3.721589317472241731e+01,3.649285937283114123e+01,3.578048788899683785e+01,3.508222061473684761e+01,3.440115976829810052e+01
2.500452761578022987e+01,2.500565150382571744e+01,2.500703341015022474e+01,2.500872720783536707e+01,2.501079672775052742e+01,2.501331730784212581e+01,2.501637752173625273e+01,2.502008109482398623e+01,2.502454901358477102e+01,2.502992183077545718e+01,2.503636216519828750e+01,2.504405738999745878e+01,2.505322249777150745e+01,2.506410312419679087e+01,2.507697870432884812e+01,2.509216572730504069e+01,2.511002104587045736e+01,2.513094518708541614e+01,2.515538559988777578e+01,2.518383976406529712e+01,2.521685807388283607e+01,2.525504639839853738e+01,2.529906820973772241e+01,2.534964616066725895e+01,2.540756298416716064e+01,2.547366158080680165e+01,2.554884415510601414e+01,2.563407026021474167e+01,2.573035361169725732e+01,2.583875753645514095e+01,2.596038893232441680e+01,2.609639062802983389e+01,2.624793205227961224e+01,2.641619814503246388e+01,2.660237647342631462e+01,2.680764254942906177e+01,2.703314338568541331e+01,2.727997936982908556e+01,2.754918458504434753e+01,2.784170575503082290e+01,2.815838004368317016e+01,2.849991199248962914e+01,2.886684993045598446e+01,2.925956224071205014e+01,2.967821391319035129e+01,3.012274385215986072e+01,3.059284343922608329e+01,3.108793687500168801e+01,3.160716383445705446e+01,3.214936497060768517e+01,3.271307078756221642e+01,3.329649437622598640e+01,3.389752846367981931e+01,3.451374717039045237e+01,3.514241279836382148e+01,3.578048788899683785e+01,3.642465269306752162e+01,3.707132808883699937e+01,3.771670386986961176e+01,3.835677220454532232e+01,3.898736594730821992e+01,3.960420136067280339e+01,4.020292469026465199e+01,4.077916192611406387e+01,4.132857098540394247e+01,4.184689546807164362e+01,4.233001906996209129e+01,4.277401969111420499e+01,4.317522225122228008e+01,4.353024922175707445e+01,4.383606790542189913e+01,4.409003353862390640e+01,4.428992736082280146e+01,4.443398888462446905e+01,4.452094171028942071e+01,4.455001235527124948e+01,4.452094171028942071e+01,4.443398888462446905e+01,4.428992736082280146e+01,4.409003353862390640e+01,4.383606790542189913e+01,4.353024922175707445e+01,4.317522225122228008e+01,4.277401969111420499e+01,4.233001906996209129e+01,4.184689546807164362e+01,4.132857098540394247e+01,4.077916192611406387e+01,4.020292469026465199e+01,3.960420136067280339e+01,3.898736594730821992e+01,3.835677220454532232e+01,3.771670386986961176e+01,3.707132808883699937e+01,3.642465269306752162e+01,3.578048788899683785e+01,3.514241279836382148e+01,3.451374717039045237e+01,3.389752846367981931e+01,3.329649437622598640e+01
2.500397131757351232e+01,2.500495711596329684e+01,2.500616923049285134e+01,2.500765491497658388e+01,2.500947015752514702e+01,2.501168103947694732e+01,2.501436525161118496e+01,2.501761377480795190e+01,2.502153273020368474e+01,2.502624540114670282e+01,2.503189442582418778e+01,2.503864415525364606e+01,2.504668316636522363e+01,2.505622691411922887e+01,2.506752049999965948e+01,2.508084152681869128e+01,2.509650300160839009e+01,2.511485623954887458e+01,2.513629371250975808e+01,2.516125177602991414e+01,2.519021319863972863e+01,2.522370940759687485e+01,2.526232235566384432e+01,2.530668590484923541e+01,2.535748661545095572e+01,2.541546382269672577e+01,2.548140887921857356e+01,2.555616343997841255e+01,2.564061666753561042e+01,2.573570124015077809e+01,2.584238805355395385e+01,2.596167951961452047e+01,2.609460138190378586e+01,2.624219298941028100e+01,2.640549599550599069e+01,2.658554147958513880e+01,2.678333552336803436e+01,2.699984331227664214e+01,2.723597187396559605e+01,2.749255161027287997e+01,2.777031682460411588e+01,2.806988549298229074e+01,2.839173857243256904e+01,2.873619918365870163e+01,2.910341204464258169e+01,2.949332356635146724e+01,2.990566304965515698e+01,3.033992544237239031e+01,3.079535612572035319e+01,3.127093819913223882e+01,3.176538272044933109e+01,3.227712233417273779e+01,3.280430868337857930e+01,3.334481395102379508e+01,3.389623681405390698e+01,3.445591301973308873e+01,3.502093070913493733e+01,3.558815051934770679e+01,3.615423039563190599e+01,3.671565493983610651e+01,3.726876901442635415e+01,3.780981521533345102e+01,3.833497472442059006e+01,3.884041095671624078e+01,3.932231533158233105e+01,3.977695442348339583e+01,4.020071768951507352e+01,4.059016492952422084e+01,4.094207261225054850e+01,4.125347819867700139e+01,4.152172161236288872e+01,4.174448304600920778e+01,4.191981635331006828e+01,4.204617735409085810e+01,4.212244647704465450e+01,4.214794527572668414e+01,4.212244647704465450e+01,4.204617735409085810e+01,4.191981635331006828e+01,4.174448304600920778e+01,4.152172161236288872e+01,4.125347819867700139e+01,4.094207261225054850e+01,4.059016492952422084e+01,4.020071768951507352e+01,3.977695442348339583e+01,3.932231533158233105e+01,3.884041095671624078e+01,3.833497472442059006e+01,3.780981521533345102e+01,3.726876901442635415e+01,3.671565493983610651e+01,3.615423039563190599e+01,3.558815051934770679e+01,3.502093070913493733e+01,3.445591301973308873e+01,3.389623681405390698e+01,3.334481395102379508e+01,3.280430868337857930e+01,3.227712233417273779e+01
2.500346219506645085e+01,2.500432161420341259e+01,2.500537833577415370e+01,2.500667355565890304e+01,2.500825608429825664e+01,2.501018353140978334e+01,2.501252362782273408e+01,2.501535569067766573e+01,2.501877223639217718e+01,2.502288074340192736e+01,2.502780556369307874e+01,2.503368997849949196e+01,2.504069838920813496e+01,2.504901862947543023e+01,2.505886437880017326e+01,2.507047765134239015e+01,2.508413132666462531e+01,2.510013168137680850e+01,2.511882087249497530e+01,2.514057931482251718e+01,2.516582788601355603e+01,2.519502988440564906e+01,2.522869265647660697e+01,2.526736880319030476e+01,2.531165686788462565e+01,2.536220140308665094e+01,2.541969231010186192e+01,2.548486334381207286e+01,2.555848967622740275e+01,2.564138441635077470e+01,2.573439399117885884e+01,2.583839230348183236e+01,2.595427359660999045e+01,2.608294397511774321e+01,2.622531155252125146e+01,2.638227522394177527e+01,2.655471209152589296e+01,2.674346360402311973e+01,2.694932050823545922e+01,2.717300674857013121e+01,2.741516249081120193e+01,2.767632648651866134e+01,2.795691803407621023e+01,2.825721883014640667e+01,2.857735503988063996e+01,2.891727994435469284e+01,2.927675754803918551e+01,2.965534754639089954e+01,3.005239206267784624e+01,3.046700456288194658e+01,3.089806134709751362e+01,3.134419599464044026e+01,3.180379710775557456e+01,3.227500965532731669e+01,3.275574016367137631e+01,3.324366593698037065e+01,3.373624841634470073e+01,3.423075070485702298e+01,3.472425919885392886e+01,3.521370917386771282e+01,3.569591408062274240e+01,3.616759821386746410e+01,3.662543232755997735e+01,3.706607168652998752e+01,3.748619596978801383e+01,3.788255037657064861e+01,3.825198723520487221e+01,3.859150737884564819e+01,3.889830053261079001e+01,3.916978395468247953e+01,3.940363859014781411e+01,3.959784203076649334e+01,3.975069762599012790e+01,3.986085915938468105e+01,3.992735058857033437e+01,3.994958044386729767e+01,3.992735058857033437e+01,3.986085915938468105e+01,3.975069762599012790e+01,3.959784203076649334e+01,3.940363859014781411e+01,3.916978395468247953e+01,3.889830053261079001e+01,3.859150737884564819e+01,3.825198723520487221e+01,3.788255037657064861e+01,3.748619596978801383e+01,3.706607168652998752e+01,3.662543232755997735e+01,3.616759821386746410e+01,3.569591408062274240e+01,3.521370917386771282e+01,3.472425919885392886e+01,3.423075070485702298e+01,3.373624841634470073e+01,3.324366593698037065e+01,3.275574016367137631e+01,3.227500965532731669e+01,3.180379710775557456e+01,3.134419599464044026e+01
2.500299999348577273e+01,2.500374468053053789e+01,2.500466033021741552e+01,2.500578263879400254e+01,2.500715390052766907e+01,2.500882403426299661e+01,2.501085172879210106e+01,2.501330571245074452e+01,2.501626615075380400e+01,2.501982617381112561e+01,2.502409353267118419e+01,2.502919238058356655e+01,2.503526517141944652e+01,2.504247466312135373e+01,2.505100600906515496e+01,2.506106891462260933e+01,2.507289983004979206e+01,2.508676414415842615e+01,2.510295833614726035e+01,2.512181203560393072e+01,2.514368993319330770e+01,2.516899347712033830e+01,2.519816228332210173e+01,2.523167518076693483e+01,2.527005080750963728e+01,2.531384766858686675e+01,2.536366356377088138e+01,2.542013429197634977e+01,2.548393154007708361e+01,2.555575986736716487e+01,2.563635270319631232e+01,2.572646728468358646e+01,2.582687847406929649e+01,2.593837141133212398e+01,2.606173297721695192e+01,2.619774206472559541e+01,2.634715868323811350e+01,2.651071194845096812e+01,2.668908704280171307e+01,2.688291126442462442e+01,2.709273931724169060e+01,2.731903802970694528e+01,2.756217072404675505e+01,2.782238149053807774e+01,2.809977965133781908e+01,2.839432472447844447e+01,2.870581221973417740e+01,2.903386061303254095e+01,2.937789985390772074e+01,2.973716176025902769e+01,3.011067264564409385e+01,3.049724850596365400e+01,3.089549306438300391e+01,3.130379893565785210e+01,3.172035212395754655e+01,3.214314001238500396e+01,3.256996293857407210e+01,3.299844938019984397e+01,3.342607469845871293e+01,3.385018330830645539e+01,3.426801406345127532e+01,3.467672856391073566e+01,3.507344201658489169e+01,3.545525620703755720e+01,3.581929407573048252e+01,3.616273533642902294e+01,3.648285253030051223e+01,3.677704687800832772e+01,3.704288327518143831e+01,3.727812377494502982e+01,3.748075891523872372e+01,3.764903627846894807e+01,3.778148571621981944e+01,3.787694073138320050e+01,3.793455558282522588e+01,3.795381776181875466e+01,3.793455558282522588e+01,3.787694073138320050e+01,3.778148571621981944e+01,3.764903627846894807e+01,3.748075891523872372e+01,3.727812377494502982e+01,3.704288327518143831e+01,3.677704687800832772e+01,3.648285253030051223e+01,3.616273533642902294e+01,3.581929407573048252e+01,3.545525620703755720e+01,3.507344201658489169e+01,3.467672856391073566e+01,3.426801406345127532e+01,3.385018330830645539e+01,3.342607469845871293e+01,3.299844938019984397e+01,3.256996293857407210e+01,3.214314001238500396e+01,3.172035212395754655e+01,3.130379893565785210e+01,3.089549306438300391e+01,3.049724850596365400e+01
2.500258369326493835e+01,2.500322504229158227e+01,2.500401362998027111e+01,2.500498019911592351e+01,2.500616117491555102e+01,2.500759954913335292e+01,2.500934586649138680e+01,2.501145931809758949e+01,2.501400894513549744e+01,2.501707495432513184e+01,2.502075014442073808e+01,2.502514144029275656e+01,2.503037152791009134e+01,2.503658057977709461e+01,2.504392805608341632e+01,2.505259456200677448e+01,2.506278373630071954e+01,2.507472414055670029e+01,2.508867111243216286e+01,2.510490853979203862e+01,2.512375050625653117e+01,2.514554275225084012e+01,2.517066388950901157e+01,2.519952630132002014e+01,2.523257665587013676e+01,2.527029595610435919e+01,2.531319904688908906e+01,2.536183349920455044e+01,2.541677779192419351e+01,2.547863871473323272e+01,2.554804792116030754e+01,2.562565756876967171e+01,2.571213499446090012e+01,2.580815638666059542e+01,2.591439943300057891e+01,2.603153494180508787e+01,2.616021745820091482e+01,2.630107492065634389e+01,2.645469743086911052e+01,2.662162523866720676e+01,2.680233607335039636e+01,2.699723198296920756e+01,2.720662587259952048e+01,2.743072796083266240e+01,2.766963239951325804e+01,2.792330432423662856e+01,2.819156762128067228e+01,2.847409370953976193e+01,2.877039164276476768e+01,2.907979983721252992e+01,2.940147972202773019e+01,2.973441159385719246e+01,3.007739293307183459e+01,3.042903940652243122e+01,3.078778874121318054e+01,3.115190760513972279e+01,3.151950157657496021e+01,3.188852822233108952e+01,3.225681324026240304e+01,3.262206955300494826e+01,3.298191917036930221e+01,3.333391756874144107e+01,3.367558026922551306e+01,3.400441123402858778e+01,3.431793264465305526e+01,3.461371557764147155e+01,3.488941105555445432e+01,3.514278092397574937e+01,3.537172799076383711e+01,3.557432486231100910e+01,3.574884092366215071e+01,3.589376693502887861e+01,3.600783675614160728e+01,3.609004576124499408e+01,3.613966557020023629e+01,3.615625479360011241e+01,3.613966557020023629e+01,3.609004576124499408e+01,3.600783675614160728e+01,3.589376693502887861e+01,3.574884092366215071e+01,3.557432486231100910e+01,3.537172799076383711e+01,3.514278092397574937e+01,3.488941105555445432e+01,3.461371557764147155e+01,3.431793264465305526e+01,3.400441123402858778e+01,3.367558026922551306e+01,3.333391756874144107e+01,3.298191917036930221e+01,3.262206955300494826e+01,3.225681324026240304e+01,3.188852822233108952e+01,3.151950157657496021e+01,3.115190760513972279e+01,3.078778874121318054e+01,3.042903940652243122e+01,3.007739293307183459e+01,2.973441159385719246e+01
2.500221163501652910e+01,2.500276062819013490e+01,2.500343565729269102e+01,2.500426303807171635e+01,2.500527395042248813e+01,2.500650519517980186e+01,2.500800003850018172e+01,2.500980914782497777e+01,2.501199162223579364e+01,2.501461611848572275e+01,2.501776207207787550e+01,2.502152101043572330e+01,2.502599795244389114e+01,2.503131288541788990e+01,2.503760230688393662e+01,2.504502081442550931e+01,2.505374272230978505e+01,2.506396367869126252e+01,2.507590225197041889e+01,2.508980144945441637e+01,2.510593012594193141e+01,2.512458423437805521e+01,2.514608786546661534e+01,2.517079401827854568e+01,2.519908503967171853e+01,2.523137266697216674e+01,2.526809760610658273e+01,2.530972857647379826e+01,2.535676075455246448e+01,2.540971355080577254e+01,2.546912765908511744e+01,2.553556132464545314e+01,2.560958578621505666e+01,2.569177985940735454e+01,2.578272364315171572e+01,2.588299134770729637e+01,2.599314326207665715e+01,2.611371690002875923e+01,2.624521738715096930e+01,2.638810717595399069e+01,2.654279520153167482e+01,2.670962561601653107e+01,2.688886626537620828e+01,2.708069709620267673e+01,2.728519870224104338e+01,2.750234123964751731e+01,2.773197395551346744e+01,2.797381558522870648e+01,2.822744588002358057e+01,2.849229852585739664e+01,2.876765570816113637e+01,2.905264456339757473e+01,2.934623573775142091e+01,2.964724424548584025e+01,2.995433278479732664e+01,3.026601762779599269e+01,3.058067715418942356e+01,3.089656304624259064e+01,3.121181410672001988e+01,3.152447260307959098e+01,3.183250298162642622e+01,3.213381273621945411e+01,3.242627515909563840e+01,3.270775364810471331e+01,3.297612719676796189e+01,3.322931665263964618e+01,3.346531129686684380e+01,3.368219527482908404e+01,3.387817339526297644e+01,3.405159581402821800e+01,3.420098112902235954e+01,3.432503743473569102e+01,3.442268091824270471e+01,3.449305162239247124e+01,3.453552605559559652e+01,3.454972638961591258e+01,3.453552605559559652e+01,3.449305162239247124e+01,3.442268091824270471e+01,3.432503743473569102e+01,3.420098112902235954e+01,3.405159581402821800e+01,3.387817339526297644e+01,3.368219527482908404e+01,3.346531129686684380e+01,3.322931665263964618e+01,3.297612719676796189e+01,3.270775364810471331e+01,3.242627515909563840e+01,3.213381273621945411e+01,3.183250298162642622e+01,3.152447260307959098e+01,3.121181410672001988e+01,3.089656304624259064e+01,3.058067715418942356e+01,3.026601762779599269e+01,2.995433278479732664e+01,2.964724424548584025e+01,2.934623573775142091e+01,2.905264456339757473e+01
2.500188164558024440e+01,2.500234872562328192e+01,2.500292303626579837e+01,2.500362696678525509e+01,2.500448704484633922e+01,2.500553458037479970e+01,2.500680638395266087e+01,2.500834556312993939e+01,2.501020239904473641e+01,2.501243530444374485e+01,2.501511186256842478e+01,2.501830994439232470e+01,2.502211889934181599e+01,2.502664081189296752e+01,2.503199181330840517e+01,2.503830343426904648e+01,2.504572398029001690e+01,2.505441990762763638e+01,2.506457717294368237e+01,2.507640252537265013e+01,2.509012470493713565e+01,2.510599550659739876e+01,2.512429066474717487e+01,2.514531050884259145e+01,2.516938033725785573e+01,2.519685045359820919e+01,2.522809580777760274e+01,2.526351518340119640e+01,2.530352987359626482e+01,2.534858178961627573e+01,2.539913095049157477e+01,2.545565230787955358e+01,2.551863186820546048e+01,2.558856208426220391e+01,2.566593650068006127e+01,2.575124365204462507e+01,2.584496022882129296e+01,2.594754354444566147e+01,2.605942335668600052e+01,2.618099311731727852e+01,2.631260074582268871e+01,2.645453904473710338e+01,2.660703589577584083e+01,2.677024439640160480e+01,2.694423311528107945e+01,2.712897666145402553e+01,2.732434677526542899e+01,2.753010415850077663e+01,2.774589126607050460e+01,2.797122628144353484e+01,2.820549849236348905e+01,2.844796527185769364e+01,2.869775085197956344e+01,2.895384705409304971e+01,2.921511610998178554e+01,2.948029567300835652e+01,2.974800607852051115e+01,3.001675986845465616e+01,3.028497354755688065e+01,3.055098148892326293e+01,3.081305185588785633e+01,3.106940435699092262e+01,3.131822960224139507e+01,3.155770978356393641e+01,3.178604036158541390e+01,3.200145240608857478e+01,3.220223520973951992e+01,3.238675877511462886e+01,3.255349576443835247e+01,3.270104250038077964e+01,3.282813861507026587e+01,3.293368496318028349e+01,3.301675944328547985e+01,3.307663040908790464e+01,3.311276739774683620e+01,3.312484895530386098e+01,3.311276739774683620e+01,3.307663040908790464e+01,3.301675944328547985e+01,3.293368496318028349e+01,3.282813861507026587e+01,3.270104250038077964e+01,3.255349576443835247e+01,3.238675877511462886e+01,3.220223520973951992e+01,3.200145240608857478e+01,3.178604036158541390e+01,3.155770978356393641e+01,3.131822960224139507e+01,3.106940435699092262e+01,3.081305185588785633e+01,3.055098148892326293e+01,3.028497354755688065e+01,3.001675986845465616e+01,2.974800607852051115e+01,2.948029567300835652e+01,2.921511610998178554e+01,2.895384705409304971e+01,2.869775085197956344e+01,2.844796527185769364e+01
2.500159116074118160e+01,2.500198613386219648e+01,2.500247178352821820e+01,2.500306704260295376e+01,2.500379434346105256e+01,2.500468016246191993e+01,2.500575562744046820e+01,2.500705719108573888e+01,2.500862737223008736e+01,2.501051556597229819e+01,2.501277892218252319e+01,2.501548329026262607e+01,2.501870422604574529e+01,2.502252805440215866e+01,2.502705297847269250e+01,2.503239022348378029e+01,2.503866519982931393e+01,2.504601866656772202e+01,2.505460787272766510e+01,2.506460764990843870e+01,2.507621142568624961e+01,2.508963212339789450e+01,2.510510291008976225e+01,2.512287775093203379e+01,2.514323172535925011e+01,2.516646105777732245e+01,2.519288281405097152e+01,2.522283421433654027e+01,2.525667151333559701e+01,2.529476840088910095e+01,2.533751387917096665e+01,2.538530957771183694e+01,2.543856647419630690e+01,2.549770099749876096e+01,2.556313049977518759e+01,2.563526809657798822e+01,2.571451688781194278e+01,2.580126358774077033e+01,2.589587160895197826e+01,2.599867366288944837e+01,2.610996395789324254e+01,2.622999009420396987e+01,2.635894477359440913e+01,2.649695745863433416e+01,2.664408613249105429e+01,2.680030932401212596e+01,2.696551857402229757e+01,2.713951152670686895e+01,2.732198583410207959e+01,2.751253406158965475e+01,2.771063977750111107e+01,2.791567500019278469e+01,2.812689916109554389e+01,2.834345972225928989e+01,2.856439456194470594e+01,2.878863621216934732e+01,2.901501799826625216e+01,2.924228209309742610e+01,2.946908945837194338e+01,2.969403160347563642e+01,2.991564404936849542e+01,3.013242134257493277e+01,3.034283342326354216e+01,3.054534311308636774e+01,3.073842445400082823e+01,3.092058159984699373e+01,3.109036793901109519e+01,3.124640510994836617e+01,3.138740156236236345e+01,3.151217031593962403e+01,3.161964557598542314e+01,3.170889788112253527e+01,3.177914748217673235e+01,3.182977568300356097e+01,3.186033391259916314e+01,3.187055034245126706e+01,3.186033391259916314e+01,3.182977568300356097e+01,3.177914748217673235e+01,3.170889788112253527e+01,3.161964557598542314e+01,3.151217031593962403e+01,3.138740156236236345e+01,3.124640510994836617e+01,3.109036793901109519e+01,3.092058159984699373e+01,3.073842445400082823e+01,3.054534311308636774e+01,3.034283342326354216e+01,3.013242134257493277e+01,2.991564404936849542e+01,2.969403160347563642e+01,2.946908945837194338e+01,2.924228209309742610e+01,2.901501799826625216e+01,2.878863621216934732e+01,2.856439456194470594e+01,2.834345972225928989e+01,2.812689916109554389e+01,2.791567500019278469e+01
2.500133734096492333e+01,2.500166930851609948e+01,2.500207748801435059e+01,2.500257779217896825e+01,2.500318907500300014e+01,2.500393358937336430e+01,2.500483749765549391e+01,2.500593143765553705e+01,2.500725114566009921e+01,2.500883813732965066e+01,2.501074044606553670e+01,2.501301341706346548e+01,2.501572055359384805e+01,2.501893441010219021e+01,2.502273752449916699e+01,2.502722337951584208e+01,2.503249738025229476e+01,2.503867783207526543e+01,2.504589689986431722e+01,2.505430152632212426e+01,2.506405428372357491e+01,2.507533413016719237e+01,2.508833703821233740e+01,2.510327646085402264e+01,2.512038359723316105e+01,2.513990741844524734e+01,2.516211441244369240e+01,2.518728800648861110e+01,2.521572762602083273e+01,2.524774735039107654e+01,2.528367412868070829e+01,2.532384552302920255e+01,2.536860695252531528e+01,2.541830841788128126e+01,2.547330069581031964e+01,2.553393100223925316e+01,2.560053813512964282e+01,2.567344712061693812e+01,2.575296340021177244e+01,2.583936661168541349e+01,2.593290403166756519e+01,2.603378376354849166e+01,2.614216776957881194e+01,2.625816486063696331e+01,2.638182377049504268e+01,2.651312645304934890e+01,2.665198175038333517e+01,2.679821958620393474e+01,2.695158584267936774e+01,2.711173807860211937e+01,2.727824224277422616e+01,2.745057052832142475e+01,2.762810050115567506e+01,2.781011561900987061e+01,2.799580723648325176e+01,2.818427816661996133e+01,2.837454784109367623e+01,2.856555907962406593e+01,2.875618644546943514e+01,2.894524612850409540e+01,2.913150726137327950e+01,2.931370453847235424e+01,2.949055197301297326e+01,2.966075759522618682e+01,2.982303886580073993e+01,2.997613855390186188e+01,3.011884080941375785e+01,3.024998714513233011e+01,3.036849203709070721e+01,3.047335785044495537e+01,3.056368880460634330e+01,3.063870370460008985e+01,3.069774718576942263e+01,3.074029924552915816e+01,3.076598286830594375e+01,3.077456958729848324e+01,3.076598286830594375e+01,3.074029924552915816e+01,3.069774718576942263e+01,3.063870370460008985e+01,3.056368880460634330e+01,3.047335785044495537e+01,3.036849203709070721e+01,3.024998714513233011e+01,3.011884080941375785e+01,2.997613855390186188e+01,2.982303886580073993e+01,2.966075759522618682e+01,2.949055197301297326e+01,2.931370453847235424e+01,2.913150726137327950e+01,2.894524612850409540e+01,2.875618644546943514e+01,2.856555907962406593e+01,2.837454784109367623e+01,2.818427816661996133e+01,2.799580723648325176e+01,2.781011561900987061e+01,2.762810050115567506e+01,2.745057052832142475e+01
2.500111717730332828e+01,2.500139449372699474e+01,2.500173547548339670e+01,2.500215341561394666e+01,2.500266406421803467e+01,2.500328601073607615e+01,2.500404111047770783e+01,2.500495495741076724e+01,2.500605740463132420e+01,2.500738313316301387e+01,2.500897226876821478e+01,2.501087104527817928e+01,2.501313251155198358e+01,2.501581727754767925e+01,2.501899429313136380e+01,2.502274165116651972e+01,2.502714740413082595e+01,2.503231038102455486e+01,2.503834098869802816e+01,2.504536197898239180e+01,2.505350916021705032e+01,2.506293202900097228e+01,2.507379429533865789e+01,2.508627427190250359e+01,2.510056509599971264e+01,2.511687475113214774e+01,2.513542585389570050e+01,2.515645517151014232e+01,2.518021283562872981e+01,2.520696121937191947e+01,2.523697344687380451e+01,2.527053150812092142e+01,2.530792395657586269e+01,2.534944317306154460e+01,2.539538218665045832e+01,2.544603105183354685e+01,2.550167279096860895e+01,2.556257892181441349e+01,2.562900460168096828e+01,2.570118343215486689e+01,2.577932198122855567e+01,2.586359409266398401e+01,2.595413506520330671e+01,2.605103579641635747e+01,2.615433699713568672e+01,2.626402359215011373e+01,2.638001943068129407e+01,2.650218243574256860e+01,2.663030032439226602e+01,2.676408703080664964e+01,2.690317996073371631e+01,2.704713819904715066e+01,2.719544178168825965e+01,2.734749212925308726e+01,2.750261372195133802e+01,2.766005707484968568e+01,2.781900304854594452e+01,2.797856850415057295e+01,2.813781328323191389e+01,2.829574846386313425e+01,2.845134581382207628e+01,2.860354833213416725e+01,2.875128174134135861e+01,2.889346676597067543e+01,2.902903200849018717e+01,2.915692721336262139e+01,2.927613669334795787e+01,2.938569268058104100e+01,2.948468835864794357e+01,2.957229033125415896e+01,2.964775028830620585e+01,2.971041564133324542e+01,2.975973891699887730e+01,2.979528571966198314e+01,2.981674110103895359e+01,2.982391420634277424e+01,2.981674110103895359e+01,2.979528571966198314e+01,2.975973891699887730e+01,2.971041564133324542e+01,2.964775028830620585e+01,2.957229033125415896e+01,2.948468835864794357e+01,2.938569268058104100e+01,2.927613669334795787e+01,2.915692721336262139e+01,2.902903200849018717e+01,2.889346676597067543e+01,2.875128174134135861e+01,2.860354833213416725e+01,2.845134581382207628e+01,2.829574846386313425e+01,2.813781328323191389e+01,2.797856850415057295e+01,2.781900304854594452e+01,2.766005707484968568e+01,2.750261372195133802e+01,2.734749212925308726e+01,2.719544178168825965e+01,2.704713819904715066e+01
2.500092758543962645e+01,2.500115783955953574e+01,2.500144095461341109e+01,2.500178796773171896e+01,2.500221195612505909e+01,2.500272835449141340e+01,2.500335530915985416e+01,2.500411407064438407e+01,2.500502942578693677e+01,2.500613017002800476e+01,2.500744961954115197e+01,2.500902616199193318e+01,2.501090384352156804e+01,2.501313298820521780e+01,2.501577084469237633e+01,2.501888225300698920e+01,2.502254032257938832e+01,2.502682711052028353e+01,2.503183428695802704e+01,2.503766377198258652e+01,2.504442832642237704e+01,2.505225207638348905e+01,2.506127094927515842e+01,2.507163299701190340e+01,2.508349858031128932e+01,2.509704038659494074e+01,2.511244325305240466e+01,2.512990376604913934e+01,2.514962960835749328e+01,2.517183862676467498e+01,2.519675759455837394e+01,2.522462064628897949e+01,2.525566736612067231e+01,2.529014051605135549e+01,2.532828339631655368e+01,2.537033683737504930e+01,2.541653583094874236e+01,2.546710581656177297e+01,2.552225864975834568e+01,2.558218828849818038e+01,2.564706624491414999e+01,2.571703686041192327e+01,2.579221247270446682e+01,2.587266855348460837e+01,2.595843890470607107e+01,2.604951100951378606e+01,2.614582164038514378e+01,2.624725283167249046e+01,2.635362832615578554e+01,2.646471060514208418e+01,2.658019860885542940e+01,2.669972624817991402e+01,2.682286180015757182e+01,2.694910826799306136e+01,2.707790477176179067e+01,2.720862901873609729e+01,2.734060088251149168e+01,2.747308709830297957e+01,2.760530705835070009e+01,2.773643966686480411e+01,2.786563118895918478e+01,2.799200400322963844e+01,2.811466614371407147e+01,2.823272149462933456e+01,2.834528048119827304e+01,2.845147108271174474e+01,2.855044998030510328e+01,2.864141364227575437e+01,2.872360914453593850e+01,2.879634452327120897e+01,2.885899846121618850e+01,2.891102911817969812e+01,2.895198193041977675e+01,2.898149622190898356e+01,2.899931049302566066e+01,2.900526627821472658e+01,2.899931049302566066e+01,2.898149622190898356e+01,2.895198193041977675e+01,2.891102911817969812e+01,2.885899846121618850e+01,2.879634452327120897e+01,2.872360914453593850e+01,2.864141364227575437e+01,2.855044998030510328e+01,2.845147108271174474e+01,2.834528048119827304e+01,2.823272149462933456e+01,2.811466614371407147e+01,2.799200400322963844e+01,2.786563118895918478e+01,2.773643966686480411e+01,2.760530705835070009e+01,2.747308709830297957e+01,2.734060088251149168e+01,2.720862901873609729e+01,2.707790477176179067e+01,2.694910826799306136e+01,2.682286180015757182e+01,2.669972624817991402e+01
2.500076548662116949e+01,2.500095550302368252e+01,2.500118914272600534e+01,2.500147551408123547e+01,2.500182540901141337e+01,2.500225156494676071e+01,2.500276895708151415e+01,2.500339512232759631e+01,2.500415051593912708e+01,2.500505890125208452e+01,2.500614777232150487e+01,2.500744880843335594e+01,2.500899835851074116e+01,2.501083795231966889e+01,2.501301483410675530e+01,2.501558251287368151e+01,2.501860132192065578e+01,2.502213897858964486e+01,2.502627113333161546e+01,2.503108189534230021e+01,2.503666432009869780e+01,2.504312084223323254e+01,2.505056363536223429e+01,2.505911487880737809e+01,2.506890690968674207e+01,2.508008223768758072e+01,2.509279339905037887e+01,2.510720262598172070e+01,2.512348130795893653e+01,2.514180922227687986e+01,2.516237351279350420e+01,2.518536739822293669e+01,2.521098859455389984e+01,2.523943744027121738e+01,2.527091471803842992e+01,2.530561917234449609e+01,2.534374472928130828e+01,2.538547743202314777e+01,2.543099211361265688e+01,2.548044883717382092e+01,2.553398914249097729e+01,2.559173214680142650e+01,2.565377055640762194e+01,2.572016665405860181e+01,2.579094833469776660e+01,2.586610526883450945e+01,2.594558527817819638e+01,2.602929101199305961e+01,2.611707701462827202e+01,2.620874727461796994e+01,2.630405334344105484e+01,2.640269310734238317e+01,2.650431028846952941e+01,2.660849474196537301e+01,2.671478360364509896e+01,2.682266332862418778e+01,2.693157264497974168e+01,2.704090642852729331e+01,2.715002048545888869e+01,2.725823720936223538e+01,2.736485205852568470e+01,2.746914077897254813e+01,2.757036727893018480e+01,2.766779204200073394e+01,2.776068094972852762e+01,2.784831437009076893e+01,2.792999635716087781e+01,2.800506379922779487e+01,2.807289534833657640e+01,2.813291996378341508e+01,2.818462490568060730e+01,2.822756302231636738e+01,2.826135918656161294e+01,2.828571575179341835e+01,2.830041691636886725e+01,2.830533190714603720e+01,2.830041691636886725e+01,2.828571575179341835e+01,2.826135918656161294e+01,2.822756302231636738e+01,2.818462490568060730e+01,2.813291996378341508e+01,2.807289534833657640e+01,2.800506379922779487e+01,2.792999635716087781e+01,2.784831437009076893e+01,2.776068094972852762e+01,2.766779204200073394e+01,2.757036727893018480e+01,2.746914077897254813e+01,2.736485205852568470e+01,2.725823720936223538e+01,2.715002048545888869e+01,2.704090642852729331e+01,2.693157264497974168e+01,2.682266332862418778e+01,2.671478360364509896e+01,2.660849474196537301e+01,2.650431028846952941e+01,2.640269310734238317e+01
2.500062787493967775e+01,2.500078373205587567e+01,2.500097537030264050e+01,2.500121026062262430e+01,2.500149725487190722e+01,2.500184680067035359e+01,2.500227118111857294e+01,2.500278478051435371e+01,2.500340437686673312e+01,2.500414946157207297e+01,2.500504258607368868e+01,2.500610973466604037e+01,2.500738072181912486e+01,2.500888961148468681e+01,2.501067515480177406e+01,2.501278124144823423e+01,2.501525735859495114e+01,2.501815905002391816e+01,2.502154836648954372e+01,2.502549429686078852e+01,2.503007316801311788e+01,2.503536899988479902e+01,2.504147380061894168e+01,2.504848778533636278e+01,2.505651950088521218e+01,2.506568583795804273e+01,2.507611191132518513e+01,2.508793078867730486e+01,2.510128304877145311e+01,2.511631615030257692e+01,2.513318359424023285e+01,2.515204386433203254e+01,2.517305913312425147e+01,2.519639372421262280e+01,2.522221232552148962e+01,2.525067795320367026e+01,2.528194967121910963e+01,2.531618007772381063e+01,2.535351257598970420e+01,2.539407845456127788e+01,2.543799380858780879e+01,2.548535634157725838e+01,2.553624209400172518e+01,2.559070215202811482e+01,2.564875939592033305e+01,2.571040535312233644e+01,2.577559722544514287e+01,2.584425516291403113e+01,2.591625985846932423e+01,2.599145053766520519e+01,2.606962341562041985e+01,2.615053068962940941e+01,2.623388012997985541e+01,2.631933532363682104e+01,2.640651661560167440e+01,2.649500278105548645e+01,2.658433344804010900e+01,2.667401227566555022e+01,2.676351087697230469e+01,2.685227345898702467e+01,2.693972213560108742e+01,2.702526285211863666e+01,2.710829184413078963e+01,2.718820253824898714e+01,2.726439278863772842e+01,2.733627233166548365e+01,2.740327033174273197e+01,2.746484288488202452e+01,2.752048034297335377e+01,2.756971432141332912e+01,2.761212425566540318e+01,2.764734337856957325e+01,2.767506399967505715e+01,2.769504198035128084e+01,2.770710031365940296e+01,2.771113173557113640e+01,2.770710031365940296e+01,2.769504198035128084e+01,2.767506399967505715e+01,2.764734337856957325e+01,2.761212425566540318e+01,2.756971432141332912e+01,2.752048034297335377e+01,2.746484288488202452e+01,2.740327033174273197e+01,2.733627233166548365e+01,2.726439278863772842e+01,2.718820253824898714e+01,2.710829184413078963e+01,2.702526285211863666e+01,2.693972213560108742e+01,2.685227345898702467e+01,2.676351087697230469e+01,2.667401227566555022e+01,2.658433344804010900e+01,2.649500278105548645e+01,2.640651661560167440e+01,2.631933532363682104e+01,2.623388012997985541e+01,2.615053068962940941e+01
2.500051187103743899e+01,2.500063893255673264e+01,2.500079516441435956e+01,2.500098665724864588e+01,2.500122062747876228e+01,2.500150559246012349e+01,2.500185156591211566e+01,2.500227027454170781e+01,2.500277539651368741e+01,2.500338282206454465e+01,2.500411093611452173e+01,2.500498092219383395e+01,2.500601708635887732e+01,2.500724719902891025e+01,2.500870285182273278e+01,2.501041982552010268e+01,2.501243846422125117e+01,2.501480404963996307e+01,2.501756716825776650e+01,2.502078406280978129e+01,2.502451695829411449e+01,2.502883435142922153e+01,2.503381125126656315e+01,2.503952935754381315e+01,2.504607716238617243e+01,2.505354996018474267e+01,2.506204974995754142e+01,2.507168501429014285e+01,2.508257035911705657e+01,2.509482599919824253e+01,2.510857707521948257e+01,2.512395279004456228e+01,2.514108535380684373e+01,2.516010873026901962e+01,2.518115718021036642e+01,2.520436360150909749e+01,2.522985767004339763e+01,2.525776379048605946e+01,2.528819887143931311e+01,2.532126994505116713e+01,2.535707165715114542e+01,2.539568365990055554e+01,2.543716794480899068e+01,2.548156615954798454e+01,2.552889695710665663e+01,2.557915343028777500e+01,2.563230068814090146e+01,2.568827363348376025e+01,2.574697500199737021e+01,2.580827372334085013e+01,2.587200366319031986e+01,2.593796280197157245e+01,2.600591290127665545e+01,2.607557970252585022e+01,2.614665369440449894e+01,2.621879147606724558e+01,2.629161773221333220e+01,2.636472782409986948e+01,2.643769098763030811e+01,2.651005411613023099e+01,2.658134609163768403e+01,2.665108261485315921e+01,2.671877147069556813e+01,2.678391815408107846e+01,2.684603176946021819e+01,2.690463110817448467e+01,2.695925080015261344e+01,2.700944743114007451e+01,2.705480551376777854e+01,2.709494320047706495e+01,2.712951762871358596e+01,2.715822979389087166e+01,2.718082885333262055e+01,2.719711577457836427e+01,2.720694625385087662e+01,2.721023284483566940e+01,2.720694625385087662e+01,2.719711577457836427e+01,2.718082885333262055e+01,2.715822979389087166e+01,2.712951762871358596e+01,2.709494320047706495e+01,2.705480551376777854e+01,2.700944743114007451e+01,2.695925080015261344e+01,2.690463110817448467e+01,2.684603176946021819e+01,2.678391815408107846e+01,2.671877147069556813e+01,2.665108261485315921e+01,2.658134609163768403e+01,2.651005411613023099e+01,2.643769098763030811e+01,2.636472782409986948e+01,2.629161773221333220e+01,2.621879147606724558e+01,2.614665369440449894e+01,2.607557970252585022e+01,2.600591290127665545e+01,2.593796280197157245e+01
2.500041476282865816e+01,2.500051771922060340e+01,2.500064431198021708e+01,2.500079947627709132e+01,2.500098905948724948e+01,2.500121996311940364e+01,2.500150030116764555e+01,2.500183957563892889e+01,2.500224886978255512e+01,2.500274105926241575e+01,2.500333104115407323e+01,2.500403598021246054e+01,2.500487557133720173e+01,2.500587231655870113e+01,2.500705181417850653e+01,2.500844305692397285e+01,2.501007873512509505e+01,2.501199553999962788e+01,2.501423446115361315e+01,2.501684107138606805e+01,2.501986579085038542e+01,2.502336412159810664e+01,2.502739684254439823e+01,2.503203015398545617e+01,2.503733576000586680e+01,2.504339087648290985e+01,2.505027815197087904e+01,2.505808548857942242e+01,2.506690575009276145e+01,2.507683634505767145e+01,2.508797867343823995e+01,2.510043742673160949e+01,2.511431973318860855e+01,2.512973414200442335e+01,2.514678944304313291e+01,2.516559332182679043e+01,2.518625085313031065e+01,2.520886284053548110e+01,2.523352401364997277e+01,2.526032109931163561e+01,2.528933078787624922e+01,2.532061762051398546e+01,2.535423182818535892e+01,2.539020715748822354e+01,2.542855872271107032e+01,2.546928092703662827e+01,2.551234549875534796e+01,2.555769969041819323e+01,2.560526468993947447e+01,2.565493429262823710e+01,2.570657388187781933e+01,2.576001976370299218e+01,2.581507889644140263e+01,2.587152905172694517e+01,2.592911943633440686e+01,2.598757179676718465e+01,2.604658201963655628e+01,2.610582223112800904e+01,2.616494338837311773e+01,2.622357834458643211e+01,2.628134535865692811e+01,2.633785200879730226e+01,2.639269945915944859e+01,2.644548701833409154e+01,2.649581691967342323e+01,2.654329924569866961e+01,2.658755691274419775e+01,2.662823062767360227e+01,2.666498372616350565e+01,2.669750680181667235e+01,2.672552203730709053e+01,2.674878715288264885e+01,2.676709889379681329e+01,2.678029598648600995e+01,2.678826150336800183e+01,2.679092458776580443e+01,2.678826150336800183e+01,2.678029598648600995e+01,2.676709889379681329e+01,2.674878715288264885e+01,2.672552203730709053e+01,2.669750680181667235e+01,2.666498372616350565e+01,2.662823062767360227e+01,2.658755691274419775e+01,2.654329924569866961e+01,2.649581691967342323e+01,2.644548701833409154e+01,2.639269945915944859e+01,2.633785200879730226e+01,2.628134535865692811e+01,2.622357834458643211e+01,2.616494338837311773e+01,2.610582223112800904e+01,2.604658201963655628e+01,2.598757179676718465e+01,2.592911943633440686e+01,2.587152905172694517e+01,2.581507889644140263e+01,2.576001976370299218e+01
2.500033403422073519e+01,2.500041695138634523e+01,2.500051890438426838e+01,2.500064386781254910e+01,2.500079655092563158e+01,2.500098251193636045e+01,2.500120828554724994e+01,2.500148152431360060e+01,2.500181115426322620e+01,2.500220754496653797e+01,2.500268269396208609e+01,2.500325042509121332e+01,2.500392659987765143e+01,2.500472934060157826e+01,2.500567926316229972e+01,2.500679971720067130e+01,2.500811703026619526e+01,2.500966075207135120e+01,2.501146389408718562e+01,2.501356315891420934e+01,2.501599915302794486e+01,2.501881657567155770e+01,2.502206437587365428e+01,2.502579586883710761e+01,2.503006880230680054e+01,2.503494536301600348e+01,2.504049211296960564e+01,2.504677984518633238e+01,2.505388334862906774e+01,2.506188107243974983e+01,2.507085468029613295e+01,2.508088848675162552e+01,2.509206876882844028e+01,2.510448294792339041e+01,2.511821863925886689e+01,2.513336256866215024e+01,2.514999935936399922e+01,2.516821019473853127e+01,2.518807136641193267e+01,2.520965272088368536e+01,2.523301602165201274e+01,2.525821324772273258e+01,2.528528485320261154e+01,2.531425801631914752e+01,2.534514490954593313e+01,2.537794102541902319e+01,2.541262359497790513e+01,2.544915013743158738e+01,2.548745718052120424e+01,2.552745919102456540e+01,2.556904775384225204e+01,2.561209103605911608e+01,2.565643356925610874e+01,2.570189637915209957e+01,2.574827748641394010e+01,2.579535279624940713e+01,2.584287738729189599e+01,2.589058720243077616e+01,2.593820113580385112e+01,2.598542350134211176e+01,2.603194685926135321e+01,2.607745516796655849e+01,2.612162722022188177e+01,2.616414031439303045e+01,2.620467410433744959e+01,2.624291456533504885e+01,2.627855800853114587e+01,2.631131507288722560e+01,2.634091462175087628e+01,2.636710747096756435e+01,2.638966987702029954e+01,2.640840671700363984e+01,2.642315429726864551e+01,2.643378273421578228e+01,2.644019785881371476e+01,2.644234260578742379e+01,2.644019785881371476e+01,2.643378273421578228e+01,2.642315429726864551e+01,2.640840671700363984e+01,2.638966987702029954e+01,2.636710747096756435e+01,2.634091462175087628e+01,2.631131507288722560e+01,2.627855800853114587e+01,2.624291456533504885e+01,2.620467410433744959e+01,2.616414031439303045e+01,2.612162722022188177e+01,2.607745516796655849e+01,2.603194685926135321e+01,2.598542350134211176e+01,2.593820113580385112e+01,2.589058720243077616e+01,2.584287738729189599e+01,2.579535279624940713e+01,2.574827748641394010e+01,2.570189637915209957e+01,2.565643356925610874e+01,2.561209103605911608e+01
2.500026738310212338e+01,2.500033375549028847e+01,2.500041536541874265e+01,2.500051539441886206e+01,2.500063761208963697e+01,2.500078646759256529e+01,2.500096719173610893e+01,2.500118591013210434e+01,2.500144976776408257e+01,2.500176706512262825e+01,2.500214740583179562e+01,2.500260185540927793e+01,2.500314311046864191e+01,2.500378567728257551e+01,2.500454605818158527e+01,2.500544294376386034e+01,2.500649740834282042e+01,2.500773310546441053e+01,2.500917645969530057e+01,2.501085685022651717e+01,2.501280678116906486e+01,2.501506203275610218e+01,2.501766178703037014e+01,2.502064872100952186e+01,2.502406905981125718e+01,2.502797258181340823e+01,2.503241256765086220e+01,2.503744568474203547e+01,2.504313179912358933e+01,2.504953370668176404e+01,2.505671677643007911e+01,2.506474849931839444e+01,2.507369793718651962e+01,2.508363506790743358e+01,2.509463002450494784e+01,2.510675222807214979e+01,2.512006941664469295e+01,2.513464657476925979e+01,2.515054477131367605e+01,2.516781991603971136e+01,2.518652144853986030e+01,2.520669097625120614e+01,2.522836088131871080e+01,2.525155291899476495e+01,2.527627683293300720e+01,2.530252901506091945e+01,2.533029123959527951e+01,2.535952950209891199e+01,2.539019299517418560e+01,2.542221325236807417e+01,2.545550349105831600e+01,2.548995818345277087e+01,2.552545288233738674e+01,2.556184432485011016e+01,2.559897083336239021e+01,2.563665302756827913e+01,2.567469485619303882e+01,2.571288495044571221e+01,2.575099829458600809e+01,2.578879820191096428e+01,2.582603857726590135e+01,2.586246644003737316e+01,2.589782467469106564e+01,2.593185496947721802e+01,2.596430089813758357e+01,2.599491109449891368e+01,2.602344246589882815e+01,2.604966338860745623e+01,2.607335682689995338e+01,2.609432331728394416e+01,2.611238376063742805e+01,2.612738196767046972e+01,2.613918690715053117e+01,2.614769461164672748e+01,2.615282970203272939e+01,2.615454649948490484e+01,2.615282970203272939e+01,2.614769461164672748e+01,2.613918690715053117e+01,2.612738196767046972e+01,2.611238376063742805e+01,2.609432331728394416e+01,2.607335682689995338e+01,2.604966338860745623e+01,2.602344246589882815e+01,2.599491109449891368e+01,2.596430089813758357e+01,2.593185496947721802e+01,2.589782467469106564e+01,2.586246644003737316e+01,2.582603857726590135e+01,2.578879820191096428e+01,2.575099829458600809e+01,2.571288495044571221e+01,2.567469485619303882e+01,2.563665302756827913e+01,2.559897083336239021e+01,2.556184432485011016e+01,2.552545288233738674e+01,2.548995818345277087e+01
2.500021273003762090e+01,2.500026553591996503e+01,2.500033046479173038e+01,2.500041004787977883e+01,2.500050728427764568e+01,2.500062571373891984e+01,2.500076949789562164e+01,2.500094351028548090e+01,2.500115343545850521e+01,2.500140587728629527e+01,2.500170847641363991e+01,2.500207003656814209e+01,2.500250065917752451e+01,2.500301188543459219e+01,2.500361684459605982e+01,2.500433040690476361e+01,2.500516933908772543e+01,2.500615245990978153e+01,2.500730079276027951e+01,2.500863771172816996e+01,2.501018907708922612e+01,2.501198335560250285e+01,2.501405172050730741e+01,2.501642812564551122e+01,2.501914934772794297e+01,2.502225499043975177e+01,2.502578744386232756e+01,2.502979179260258391e+01,2.503431566608858816e+01,2.503940902473720342e+01,2.504512387614574109e+01,2.505151391612440648e+01,2.505863409028368949e+01,2.506654007303021103e+01,2.507528766220861982e+01,2.508493208925137097e+01,2.509552724655016220e+01,2.510712483582042864e+01,2.511977344346291829e+01,2.513351755129278686e+01,2.514839649345750061e+01,2.516444337284048061e+01,2.518168395268128634e+01,2.520013554146211021e+01,2.521980589123529626e+01,2.524069213141778434e+01,2.526277976157362204e+01,2.528604172776729442e+01,2.531043760762534944e+01,2.533591292922711347e+01,2.536239864830482915e+01,2.538981080693065806e+01,2.541805039488175311e+01,2.544700343220279137e+01,2.547654128814735586e+01,2.550652124771615448e+01,2.553678733248451849e+01,2.556717137740950108e+01,2.559749435993314748e+01,2.562756797207777382e+01,2.565719642050006399e+01,2.568617843378462240e+01,2.571430945077237595e+01,2.574138395859505479e+01,2.576719794448173317e+01,2.579155142146588986e+01,2.581425098498754167e+01,2.583511235517119076e+01,2.585396285836040775e+01,2.587064380136964914e+01,2.588501269290960849e+01,2.589694526875692304e+01,2.590633728044261375e+01,2.591310601146251713e+01,2.591719149017199086e+01,2.591855737449185781e+01,2.591719149017199086e+01,2.591310601146251713e+01,2.590633728044261375e+01,2.589694526875692304e+01,2.588501269290960849e+01,2.587064380136964914e+01,2.585396285836040775e+01,2.583511235517119076e+01,2.581425098498754167e+01,2.579155142146588986e+01,2.576719794448173317e+01,2.574138395859505479e+01,2.571430945077237595e+01,2.568617843378462240e+01,2.565719642050006399e+01,2.562756797207777382e+01,2.559749435993314748e+01,2.556717137740950108e+01,2.553678733248451849e+01,2.550652124771615448e+01,2.547654128814735586e+01,2.544700343220279137e+01,2.541805039488175311e+01,2.538981080693065806e+01
2.500016821919064824e+01,2.500020997616530849e+01,2.500026131955987552e+01,2.500032425097666433e+01,2.500040114198996122e+01,2.500049479170839106e+01,2.500060849099946836e+01,2.500074609367990419e+01,2.500091209488546085e+01,2.500111171671805721e+01,2.500135100112219178e+01,2.500163690976603803e+01,2.500197743049191246e+01,2.500238168965609020e+01,2.500286006939812111e+01,2.500342432856617947e+01,2.500408772567928750e+01,2.500486514193346821e+01,2.500577320186176777e+01,2.500683038884513820e+01,2.500805715225081371e+01,2.500947600255837955e+01,2.501111159043373533e+01,2.501299076534236221e+01,2.501514260897200970e+01,2.501759843847909082e+01,2.502039177440101980e+01,2.502355826800815208e+01,2.502713558292303020e+01,2.503116322602951627e+01,2.503568232304744612e+01,2.504073533467411750e+01,2.504636570990351885e+01,2.505261747403516637e+01,2.505953474997888719e+01,2.506716121274630282e+01,2.507553947848422027e+01,2.508471043103219600e+01,2.509471249075201982e+01,2.510558083224822212e+01,2.511734655953661033e+01,2.513003584917558797e+01,2.514366907379968907e+01,2.515825992032824132e+01,2.517381451880280707e+01,2.519033059927052065e+01,2.520779669531305700e+01,2.522619141366040196e+01,2.524548278976715210e+01,2.526562774921602283e+01,2.528657169430669782e+01,2.530824823415791869e+01,2.533057907507998863e+01,2.535347408586224560e+01,2.537683154998032720e+01,2.540053861359401211e+01,2.542447193462783162e+01,2.544849853427098907e+01,2.547247684798402645e+01,2.549625796865465333e+01,2.551968707001518410e+01,2.554260499393743089e+01,2.556484998088332716e+01,2.558625951873772664e+01,2.560667228160800235e+01,2.562593012706149409e+01,2.564388011779366039e+01,2.566037653196918811e+01,2.567528282552943253e+01,2.568847350966457910e+01,2.569983590743613533e+01,2.570927175520765218e+01,2.571669861707457017e+01,2.572205108382838645e+01,2.572528173206977797e+01,2.572636182380191272e+01,2.572528173206977797e+01,2.572205108382838645e+01,2.571669861707457017e+01,2.570927175520765218e+01,2.569983590743613533e+01,2.568847350966457910e+01,2.567528282552943253e+01,2.566037653196918811e+01,2.564388011779366039e+01,2.562593012706149409e+01,2.560667228160800235e+01,2.558625951873772664e+01,2.556484998088332716e+01,2.554260499393743089e+01,2.551968707001518410e+01,2.549625796865465333e+01,2.547247684798402645e+01,2.544849853427098907e+01,2.542447193462783162e+01,2.540053861359401211e+01,2.537683154998032720e+01,2.535347408586224560e+01,2.533057907507998863e+01,2.530824823415791869e+01
2.500013221298919674e+01,2.500016503216052755e+01,2.500020538584220731e+01,2.500025484720684332e+01,2.500031528020899430e+01,2.500038888482665556e+01,2.500047824753898951e+01,2.500058639727880916e+01,2.500071686702790785e+01,2.500087376113192761e+01,2.500106182829725299e+01,2.500128654009317941e+01,2.500155417461738239e+01,2.500187190479013566e+01,2.500224789052292351e+01,2.500269137376049144e+01,2.500321277512385620e+01,2.500382379058777360e+01,2.500453748631432305e+01,2.500536838943941476e+01,2.500633257227892869e+01,2.500744772709367325e+01,2.500873322823809985e+01,2.501021017822776926e+01,2.501190143400816268e+01,2.501383160950618034e+01,2.501602705041064567e+01,2.501851577707407515e+01,2.502132739147054963e+01,2.502449294429759874e+01,2.502804475858764377e+01,2.503201620660749782e+01,2.503644143738231165e+01,2.504135505288839525e+01,2.504679173181952478e+01,2.505278580084091189e+01,2.505937075439594253e+01,2.506657872540962373e+01,2.507443991062026001e+01,2.508298195574169753e+01,2.509222930718157230e+01,2.510220253857967165e+01,2.511291766194329611e+01,2.512438543459751727e+01,2.513661067448918729e+01,2.514959159753377804e+01,2.516331919162372088e+01,2.517777664257648240e+01,2.519293882764548087e+01,2.520877189220661663e+01,2.522523292483501223e+01,2.524226974517696576e+01,2.525982081778751009e+01,2.527781530344350713e+01,2.529617325736764499e+01,2.531480598133530080e+01,2.533361653382375778e+01,2.535250039925422527e+01,2.537134631403748841e+01,2.539003724364048864e+01,2.540845150133071684e+01,2.542646399572113936e+01,2.544394759082938151e+01,2.546077455918010557e+01,2.547681810561743987e+01,2.549195393704700763e+01,2.550606185137939974e+01,2.551902731757114040e+01,2.553074301791323464e+01,2.554111032364285450e+01,2.555004067557247893e+01,2.555745684274495133e+01,2.556329403411403689e+01,2.556750084087825670e+01,2.557003999030221308e+01,2.557088889556659339e+01,2.557003999030221308e+01,2.556750084087825670e+01,2.556329403411403689e+01,2.555745684274495133e+01,2.555004067557247893e+01,2.554111032364285450e+01,2.553074301791323464e+01,2.551902731757114040e+01,2.550606185137939974e+01,2.549195393704700763e+01,2.547681810561743987e+01,2.546077455918010557e+01,2.544394759082938151e+01,2.542646399572113936e+01,2.540845150133071684e+01,2.539003724364048864e+01,2.537134631403748841e+01,2.535250039925422527e+01,2.533361653382375778e+01,2.531480598133530080e+01,2.529617325736764499e+01,2.527781530344350713e+01,2.525982081778751009e+01,2.524226974517696576e+01
2.500010328198409937e+01,2.500012891962493811e+01,2.500016044306552132e+01,2.500019908123494261e+01,2.500024629021497447e+01,2.500030378858179247e+01,2.500037359683807736e+01,2.500045808112193058e+01,2.500056000132381939e+01,2.500068256367154973e+01,2.500082947775386799e+01,2.500100501784470808e+01,2.500121408826086267e+01,2.500146229233558515e+01,2.500175600441871993e+01,2.500210244412157223e+01,2.500250975181234026e+01,2.500298706413854433e+01,2.500354458810897995e+01,2.500419367201422816e+01,2.500494687120670534e+01,2.500581800650545716e+01,2.500682221274542627e+01,2.500797597476437062e+01,2.500929714792350467e+01,2.501080496010068188e+01,2.501251999198945342e+01,2.501446413249514578e+01,2.501666050605231106e+01,2.501913336880755168e+01,2.502190797082851148e+01,2.502501038182249360e+01,2.502846727828395146e+01,2.503230569054317556e+01,2.503655270886051909e+01,2.504123514849908005e+01,2.504637917460791030e+01,2.505200988874677392e+01,2.505815087996742818e+01,2.506482374451541517e+01,2.507204757940608175e+01,2.507983845633065201e+01,2.508820888352974876e+01,2.509716726439765822e+01,2.510671736261231146e+01,2.511685778448470074e+01,2.512758148994746321e+01,2.513887534411767533e+01,2.515071972163834602e+01,2.516308817599487924e+01,2.517594718569193546e+01,2.518925598854347925e+01,2.520296651436452606e+01,2.521702342505582806e+01,2.523136426945226773e+01,2.524591975838127667e+01,2.526061416318056629e+01,2.527536583849584417e+01,2.529008786757011862e+01,2.530468882550743004e+01,2.531907365321223935e+01,2.533314463194507127e+01,2.534680244577191388e+01,2.535994731669700641e+01,2.537248019503277874e+01,2.538430398564905133e+01,2.539532478922199843e+01,2.540545313652864579e+01,2.541460519324997591e+01,2.542270391268751339e+01,2.542968011428151698e+01,2.543547346684563593e+01,2.544003335698819868e+01,2.544331962524341506e+01,2.544530315494061057e+01,2.544596630173540674e+01,2.544530315494061057e+01,2.544331962524341506e+01,2.544003335698819868e+01,2.543547346684563593e+01,2.542968011428151698e+01,2.542270391268751339e+01,2.541460519324997591e+01,2.540545313652864579e+01,2.539532478922199843e+01,2.538430398564905133e+01,2.537248019503277874e+01,2.535994731669700641e+01,2.534680244577191388e+01,2.533314463194507127e+01,2.531907365321223935e+01,2.530468882550743004e+01,2.529008786757011862e+01,2.527536583849584417e+01,2.526061416318056629e+01,2.524591975838127667e+01,2.523136426945226773e+01,2.521702342505582806e+01,2.520296651436452606e+01,2.518925598854347925e+01
2.500008019123156089e+01,2.500010009706520009e+01,2.500012457281036760e+01,2.500015457264449381e+01,2.500019122711315589e+01,2.500023587057046370e+01,2.500029007179533025e+01,2.500035566792837116e+01,2.500043480183136069e+01,2.500052996291577756e+01,2.500064403141763236e+01,2.500078032601146205e+01,2.500094265455598830e+01,2.500113536764727939e+01,2.500136341452182975e+01,2.500163240070248349e+01,2.500194864661537864e+01,2.500231924622780610e+01,2.500275212456766383e+01,2.500325609278828409e+01,2.500384089924201447e+01,2.500451727482748510e+01,2.500529697068467527e+01,2.500619278613627472e+01,2.500721858462049596e+01,2.500838929523867193e+01,2.500972089745881632e+01,2.501123038648383101e+01,2.501293571681858197e+01,2.501485572166312821e+01,2.501701000592764501e+01,2.501941881091514119e+01,2.502210284905637039e+01,2.502508310751084863e+01,2.502838061996959240e+01,2.503201620660749782e+01,2.503601018283140789e+01,2.504038203824552511e+01,2.504515008809745424e+01,2.505033110036025690e+01,2.505593990252967984e+01,2.506198897314903462e+01,2.506848802399167653e+01,2.507544357970507676e+01,2.508285856252171442e+01,2.509073189033962947e+01,2.509905809703926849e+01,2.510782698430341142e+01,2.511702331441599512e+01,2.512662655350953500e+01,2.513661067448918729e+01,2.514694402837059783e+01,2.515758929201973615e+01,2.516850349927585739e+01,2.517963816118043852e+01,2.519093947954078416e+01,2.520234865635116606e+01,2.521380229970863240e+01,2.522523292483501223e+01,2.523656954669776198e+01,2.524773835856273507e+01,2.525866348866842870e+01,2.526926782514357939e+01,2.527947389735830797e+01,2.528920480016307337e+01,2.529838514598534616e+01,2.530694202857254282e+01,2.531480598133530435e+01,2.532191191279278897e+01,2.532820000157641971e+01,2.533361653382375778e+01,2.533811466659141587e+01,2.534165510212337580e+01,2.534420665940536210e+01,2.534574673138058643e+01,2.534626161845062242e+01,2.534574673138058643e+01,2.534420665940536210e+01,2.534165510212337580e+01,2.533811466659141587e+01,2.533361653382375778e+01,2.532820000157641971e+01,2.532191191279278897e+01,2.531480598133530435e+01,2.530694202857254282e+01,2.529838514598534616e+01,2.528920480016307337e+01,2.527947389735830797e+01,2.526926782514357939e+01,2.525866348866842870e+01,2.524773835856273507e+01,2.523656954669776198e+01,2.522523292483501223e+01,2.521380229970863240e+01,2.520234865635116606e+01,2.519093947954078416e+01,2.517963816118043852e+01,2.516850349927585739e+01,2.515758929201973615e+01,2.514694402837059783e+01
2.500006188438185006e+01,2.500007724591435121e+01,2.500009613409365627e+01,2.500011928526809513e+01,2.500014757189109815e+01,2.500018202369717812e+01,2.500022385132884395e+01,2.500027447252602286e+01,2.500033554095675825e+01,2.500040897772498028e+01,2.500049700553785215e+01,2.500060218544997781e+01,2.500072745602432178e+01,2.500087617465972656e+01,2.500105216073189141e+01,2.500125974007931262e+01,2.500150379023855862e+01,2.500178978569570276e+01,2.500212384227467766e+01,2.500251275963133324e+01,2.500296406066746258e+01,2.500348602652571373e+01,2.500408772567928750e+01,2.500477903549453629e+01,2.500557065452650107e+01,2.500647410371317747e+01,2.500750171457114135e+01,2.500866660246980544e+01,2.500998262308158715e+01,2.501146431017683724e+01,2.501312679306239417e+01,2.501498569215584666e+01,2.501705699144882189e+01,2.501935688694391047e+01,2.502190161055251494e+01,2.502470722941350800e+01,2.502778942113115690e+01,2.503116322602951627e+01,2.503484277816981063e+01,2.503884101756589331e+01,2.504316938674572057e+01,2.504783751552696813e+01,2.505285289858304765e+01,2.505822057105018885e+01,2.506394278804465969e+01,2.507001871449746488e+01,2.507644413214903878e+01,2.508321117085516860e+01,2.509030807151674480e+01,2.509771898794121725e+01,2.510542383475710082e+01,2.511339818812409774e+01,2.512161324540339891e+01,2.513003584917558797e+01,2.513862858002253020e+01,2.514734992133654856e+01,2.515615449810384874e+01,2.516499339015382120e+01,2.517381451880280707e+01,2.518256310418554733e+01,2.519118218890120886e+01,2.519961322194653519e+01,2.520779669531305700e+01,2.521567282413467481e+01,2.522318225993215535e+01,2.523026682535575205e+01,2.523687025791533500e+01,2.524293894954356077e+01,2.524842266848844119e+01,2.525327524999674722e+01,2.525745524253931507e+01,2.526092649694447800e+01,2.526365868673773818e+01,2.526562774921601928e+01,2.526681623828568490e+01,2.526721358182851773e+01,2.526681623828568490e+01,2.526562774921601928e+01,2.526365868673773818e+01,2.526092649694447800e+01,2.525745524253931507e+01,2.525327524999674722e+01,2.524842266848844119e+01,2.524293894954356077e+01,2.523687025791533500e+01,2.523026682535575205e+01,2.522318225993215535e+01,2.521567282413467481e+01,2.520779669531305700e+01,2.519961322194653519e+01,2.519118218890120886e+01,2.518256310418554733e+01,2.517381451880280707e+01,2.516499339015382120e+01,2.515615449810384874e+01,2.514734992133654856e+01,2.513862858002253020e+01,2.513003584917558797e+01,2.512161324540339891e+01,2.511339818812409774e+01
